baseline,date,portfolio_value,daily_returns,turnover,weight_spy,weight_cash
buy_and_hold_spy,2020-01-02,10000.0,0.0,0.0,0.0,1.0
buy_and_hold_spy,2020-01-03,9898.492276932337,-0.01015077230676631,1.0,1.0,0.0
buy_and_hold_spy,2020-01-06,9962.270258731627,0.006443201652833519,0.0,1.0,0.0
buy_and_hold_spy,2020-01-07,9960.883842187872,-0.00013916672683522702,0.0,1.0,0.0
buy_and_hold_spy,2020-01-08,10035.753156337223,0.0075163324194438275,0.0,1.0,0.0
buy_and_hold_spy,2020-01-09,10120.790700468484,0.008473459122254612,0.0,1.0,0.0
buy_and_hold_spy,2020-01-10,10094.909279526248,-0.0025572528578264864,0.0,1.0,0.0
buy_and_hold_spy,2020-01-13,10211.373205578158,0.011536896749346104,0.0,1.0,0.0
buy_and_hold_spy,2020-01-14,10171.165715415967,-0.003937520385625226,0.0,1.0,0.0
buy_and_hold_spy,2020-01-15,10175.32496504724,0.0004089255595323138,0.0,1.0,0.0
buy_and_hold_spy,2020-01-16,10272.840258072316,0.00958350650815043,0.0,1.0,0.0
buy_and_hold_spy,2020-01-17,10323.677881998796,0.0049487408203912064,0.0,1.0,0.0
buy_and_hold_spy,2020-01-21,10319.05602338853,-0.00044769496521435137,0.0,1.0,0.0
buy_and_hold_spy,2020-01-22,10346.323155677908,0.0026424056839673415,0.0,1.0,0.0
buy_and_hold_spy,2020-01-23,10379.598563121313,0.003216157754085236,0.0,1.0,0.0
buy_and_hold_spy,2020-01-24,10292.250794881533,-0.008415332029325984,0.0,1.0,0.0
buy_and_hold_spy,2020-01-27,10079.658697544915,-0.020655549653176175,0.0,1.0,0.0
buy_and_hold_spy,2020-01-28,10234.481088236265,0.015359884231899601,0.0,1.0,0.0
buy_and_hold_spy,2020-01-29,10251.118791957964,0.0016256519092914257,0.0,1.0,0.0
buy_and_hold_spy,2020-01-30,10287.629641467878,0.0035616453433899853,0.0,1.0,0.0
buy_and_hold_spy,2020-01-31,10124.488046317374,-0.015858035411082994,0.0,1.0,0.0
buy_and_hold_spy,2020-02-03,10277.462116682585,0.01510931413671357,0.0,1.0,0.0
buy_and_hold_spy,2020-02-04,10512.700192894927,0.0228887320178488,0.0,1.0,0.0
buy_and_hold_spy,2020-02-05,10547.362016882087,0.0032971380664490457,0.0,1.0,0.0
buy_and_hold_spy,2020-02-06,10638.407130970758,0.008632027036044043,0.0,1.0,0.0
buy_and_hold_spy,2020-02-07,10592.653269436925,-0.004300818813432361,0.0,1.0,0.0
buy_and_hold_spy,2020-02-10,10720.67113681789,0.012085533635877166,0.0,1.0,0.0
buy_and_hold_spy,2020-02-11,10722.51945714403,0.0001724071471413957,0.0,1.0,0.0
buy_and_hold_spy,2020-02-12,10826.967538084502,0.009741001763431845,0.0,1.0,0.0
buy_and_hold_spy,2020-02-13,10813.102667450315,-0.0012805867003310434,0.0,1.0,0.0
buy_and_hold_spy,2020-02-14,10844.067145588586,0.002863607152411518,0.0,1.0,0.0
buy_and_hold_spy,2020-02-18,10848.226395219855,0.00038355070799811486,0.0,1.0,0.0
buy_and_hold_spy,2020-02-19,10952.211867181337,0.009585481365626869,0.0,1.0,0.0
buy_and_hold_spy,2020-02-20,10850.53732452499,-0.009283471127966236,0.0,1.0,0.0
buy_and_hold_spy,2020-02-21,10642.104476819644,-0.019209449400651724,0.0,1.0,0.0
buy_and_hold_spy,2020-02-24,10231.70825514875,-0.03856344603314221,0.0,1.0,0.0
buy_and_hold_spy,2020-02-25,9953.48915049009,-0.02719185278945535,0.0,1.0,0.0
buy_and_hold_spy,2020-02-26,10004.788678198951,0.005153924109751573,0.0,1.0,0.0
buy_and_hold_spy,2020-02-27,9503.80995141838,-0.050073893901650846,0.0,1.0,0.0
buy_and_hold_spy,2020-02-28,9511.204643116162,0.0007780765540958967,0.0,1.0,0.0
buy_and_hold_spy,2020-03-02,10002.015845111437,0.05160347405105048,0.0,1.0,0.0
buy_and_hold_spy,2020-03-03,9681.278320985452,-0.03206728814399429,0.0,1.0,0.0
buy_and_hold_spy,2020-03-04,10085.204363719944,0.04172238720365362,0.0,1.0,0.0
buy_and_hold_spy,2020-03-05,9778.79361401053,-0.030382205323640443,0.0,1.0,0.0
buy_and_hold_spy,2020-03-06,9613.803698533884,-0.01687221573428621,0.0,1.0,0.0
buy_and_hold_spy,2020-03-09,8945.986030753917,-0.0694644584725409,0.0,1.0,0.0
buy_and_hold_spy,2020-03-10,9433.099886900301,0.05445054960647355,0.0,1.0,0.0
buy_and_hold_spy,2020-03-11,9022.241761447023,-0.043554942741975466,0.0,1.0,0.0
buy_and_hold_spy,2020-03-12,8194.979844365438,-0.09169139322075825,0.0,1.0,0.0
buy_and_hold_spy,2020-03-13,8889.140131673412,0.08470555150727455,0.0,1.0,0.0
buy_and_hold_spy,2020-03-16,7824.329209074351,-0.11978784301138101,0.0,1.0,0.0
buy_and_hold_spy,2020-03-17,8417.739466487352,0.07584167812427767,0.0,1.0,0.0
buy_and_hold_spy,2020-03-18,8161.704436922037,-0.030416126631697238,0.0,1.0,0.0
buy_and_hold_spy,2020-03-19,8210.693035325765,0.006002250973719869,0.0,1.0,0.0
buy_and_hold_spy,2020-03-20,7889.030998438405,-0.03917599105257474,0.0,1.0,0.0
buy_and_hold_spy,2020-03-23,7877.939666088347,-0.0014059182112801105,0.0,1.0,0.0
buy_and_hold_spy,2020-03-24,8487.987627223047,0.0774375010462105,0.0,1.0,0.0
buy_and_hold_spy,2020-03-25,8425.134158185134,-0.007404990652475352,0.0,1.0,0.0
buy_and_hold_spy,2020-03-26,8868.805082102821,0.05266039870553918,0.0,1.0,0.0
buy_and_hold_spy,2020-03-27,8563.781454133776,-0.03439286636083372,0.0,1.0,0.0
buy_and_hold_spy,2020-03-30,8875.275261039225,0.036373395161209965,0.0,1.0,0.0
buy_and_hold_spy,2020-03-31,8799.4814341285,-0.008539884643741225,0.0,1.0,0.0
buy_and_hold_spy,2020-04-01,8425.596061967512,-0.042489477926606734,0.0,1.0,0.0
buy_and_hold_spy,2020-04-02,8596.594252598186,0.020295085282161507,0.0,1.0,0.0
buy_and_hold_spy,2020-04-03,8474.584660371243,-0.01419278247197342,0.0,1.0,0.0
buy_and_hold_spy,2020-04-06,9080.473371874672,0.07149479718300289,0.0,1.0,0.0
buy_and_hold_spy,2020-04-07,9076.776026025784,-0.00040717545192525684,0.0,1.0,0.0
buy_and_hold_spy,2020-04-08,9269.496387967416,0.02123224825522252,0.0,1.0,0.0
buy_and_hold_spy,2020-04-09,9282.89864962261,0.0014458457174211237,0.0,1.0,0.0
buy_and_hold_spy,2020-04-13,9383.1867757352,0.010803535608639558,0.0,1.0,0.0
buy_and_hold_spy,2020-04-14,9791.272068100963,0.04349111896835178,0.0,1.0,0.0
buy_and_hold_spy,2020-04-15,9678.967391680322,-0.011469875991549583,0.0,1.0,0.0
buy_and_hold_spy,2020-04-16,9855.511953682635,0.01824002033048111,0.0,1.0,0.0
buy_and_hold_spy,2020-04-17,9949.791804641201,0.009566205327703692,0.0,1.0,0.0
buy_and_hold_spy,2020-04-20,9831.942167242149,-0.011844432497982615,0.0,1.0,0.0
buy_and_hold_spy,2020-04-21,9469.148127431223,-0.03689952947645225,0.0,1.0,0.0
buy_and_hold_spy,2020-04-22,9750.140065177397,0.02967446849122224,0.0,1.0,0.0
buy_and_hold_spy,2020-04-23,9729.343111824423,-0.002132990214904762,0.0,1.0,0.0
buy_and_hold_spy,2020-04-24,9882.779085972015,0.015770435103796165,0.0,1.0,0.0
buy_and_hold_spy,2020-04-27,9962.270258731629,0.00804340277852078,0.0,1.0,0.0
buy_and_hold_spy,2020-04-28,9774.63436437926,-0.01883465209026136,0.0,1.0,0.0
buy_and_hold_spy,2020-04-29,10121.252604250865,0.03546099290780136,0.0,1.0,0.0
buy_and_hold_spy,2020-04-30,10117.09335461959,-0.0004109421821493209,0.0,1.0,0.0
buy_and_hold_spy,2020-05-01,9831.942167242149,-0.02818509006316894,0.0,1.0,0.0
buy_and_hold_spy,2020-05-04,9946.557067771306,0.011657401821486335,0.0,1.0,0.0
buy_and_hold_spy,2020-05-05,10059.323647974325,0.01133724759579402,0.0,1.0,0.0
buy_and_hold_spy,2020-05-06,10121.252604250867,0.006156373772605805,0.0,1.0,0.0
buy_and_hold_spy,2020-05-07,10251.581400936966,0.01287674577268838,0.0,1.0,0.0
buy_and_hold_spy,2020-05-08,10392.077017211748,0.013704774978613665,0.0,1.0,0.0
buy_and_hold_spy,2020-05-11,10484.970451626556,0.008938870859112491,0.0,1.0,0.0
buy_and_hold_spy,2020-05-12,10265.44556637454,-0.020937100992779678,0.0,1.0,0.0
buy_and_hold_spy,2020-05-13,10136.965795211196,-0.012515752027772775,0.0,1.0,0.0
buy_and_hold_spy,2020-05-14,10252.04330471935,0.011352263767380633,0.0,1.0,0.0
buy_and_hold_spy,2020-05-15,10318.594119606154,0.00649146837452097,0.0,1.0,0.0
buy_and_hold_spy,2020-05-18,10510.851167372179,0.018632097118804314,0.0,1.0,0.0
buy_and_hold_spy,2020-05-19,10484.508547844178,-0.002506230856904712,0.0,1.0,0.0
buy_and_hold_spy,2020-05-20,10693.865908310898,0.019968256929865147,0.0,1.0,0.0
buy_and_hold_spy,2020-05-21,10577.401982258987,-0.010890722499278693,0.0,1.0,0.0
buy_and_hold_spy,2020-05-22,10613.912831768897,0.003451778572011177,0.0,1.0,0.0
buy_and_hold_spy,2020-05-26,10585.258577739149,-0.0026996880871287265,0.0,1.0,0.0
buy_and_hold_spy,2020-05-27,10643.028284384416,0.00545756215788229,0.0,1.0,0.0
buy_and_hold_spy,2020-05-28,10629.164118946845,-0.0013026523154047176,0.0,1.0,0.0
buy_and_hold_spy,2020-05-29,10784.91102239957,0.01465278941126713,0.0,1.0,0.0
buy_and_hold_spy,2020-06-01,10817.261917081594,0.002999644096723042,0.0,1.0,0.0
buy_and_hold_spy,2020-06-02,10889.82100712243,0.006707713153016659,0.0,1.0,0.0
buy_and_hold_spy,2020-06-03,10938.809605526158,0.0044985678250990535,0.0,1.0,0.0
buy_and_hold_spy,2020-06-04,10862.091265854055,-0.007013408445590397,0.0,1.0,0.0
buy_and_hold_spy,2020-06-05,11077.4569014748,0.0198272717794008,0.0,1.0,0.0
buy_and_hold_spy,2020-06-08,11163.418253170823,0.007760025830890749,0.0,1.0,0.0
buy_and_hold_spy,2020-06-09,11244.295842474197,0.007244876745561513,0.0,1.0,0.0
buy_and_hold_spy,2020-06-10,11379.245792573949,0.012001636384378234,0.0,1.0,0.0
buy_and_hold_spy,2020-06-11,10815.41359675546,-0.04954917101680367,0.0,1.0,0.0
buy_and_hold_spy,2020-06-12,10901.374948451483,0.007948041092188163,0.0,1.0,0.0
buy_and_hold_spy,2020-06-15,11034.013969246102,0.012167182710604685,0.0,1.0,0.0
buy_and_hold_spy,2020-06-16,11223.498889121223,0.017172800433573165,0.0,1.0,0.0
buy_and_hold_spy,2020-06-17,11259.084520673146,0.0031706361717926956,0.0,1.0,0.0
buy_and_hold_spy,2020-06-18,11289.587095029035,0.0027091522672098023,0.0,1.0,0.0
buy_and_hold_spy,2020-06-19,11287.738774702899,-0.00016371903689471612,0.0,1.0,0.0
buy_and_hold_spy,2020-06-22,11403.278187993434,0.010235833376076364,0.0,1.0,0.0
buy_and_hold_spy,2020-06-23,11500.330872039514,0.008510945926783364,0.0,1.0,0.0
buy_and_hold_spy,2020-06-24,11263.244475501033,-0.020615615252853603,0.0,1.0,0.0
buy_and_hold_spy,2020-06-25,11370.464684332412,0.009519478074421217,0.0,1.0,0.0
buy_and_hold_spy,2020-06-26,11101.951200676667,-0.023614996494007334,0.0,1.0,0.0
buy_and_hold_spy,2020-06-29,11223.036280142234,0.010906648505011107,0.0,1.0,0.0
buy_and_hold_spy,2020-06-30,11443.023774373243,0.019601424136911128,0.0,1.0,0.0
buy_and_hold_spy,2020-07-01,11576.58730792924,0.011672048943489388,0.0,1.0,0.0
buy_and_hold_spy,2020-07-02,11655.15396792748,0.006786685739797127,0.0,1.0,0.0
buy_and_hold_spy,2020-07-06,11941.692277045297,0.024584686732265437,0.0,1.0,0.0
buy_and_hold_spy,2020-07-07,11859.426860804935,-0.006888924478358427,0.0,1.0,0.0
buy_and_hold_spy,2020-07-08,12015.636373236655,0.013171758995199623,0.0,1.0,0.0
buy_and_hold_spy,2020-07-09,12116.849012110622,0.008423410606816173,0.0,1.0,0.0
buy_and_hold_spy,2020-07-10,12199.575626936748,0.006827403291354228,0.0,1.0,0.0
buy_and_hold_spy,2020-07-13,11948.62435976408,-0.02057049153566992,0.0,1.0,0.0
buy_and_hold_spy,2020-07-14,12033.198589719732,0.007078156230306165,0.0,1.0,0.0
buy_and_hold_spy,2020-07-15,12057.692888921596,0.002035560123040847,0.0,1.0,0.0
buy_and_hold_spy,2020-07-16,11975.428883074464,-0.0068225328514308625,0.0,1.0,0.0
buy_and_hold_spy,2020-07-17,11989.294458905266,0.001157835428374332,0.0,1.0,0.0
buy_and_hold_spy,2020-07-20,12329.441814643851,0.028370923485487864,0.0,1.0,0.0
buy_and_hold_spy,2020-07-21,12200.962043480506,-0.010420566729204883,0.0,1.0,0.0
buy_and_hold_spy,2020-07-22,12243.942366730209,0.0035226995294743713,0.0,1.0,0.0
buy_and_hold_spy,2020-07-23,11924.130060562216,-0.026120043413222938,0.0,1.0,0.0
buy_and_hold_spy,2020-07-24,11810.900871380198,-0.009495802931277275,0.0,1.0,0.0
buy_and_hold_spy,2020-07-27,12021.644648390678,0.017843158562201422,0.0,1.0,0.0
buy_and_hold_spy,2020-07-28,11868.670578025465,-0.012724887054924805,0.0,1.0,0.0
buy_and_hold_spy,2020-07-29,12005.468848451357,0.011525997754050943,0.0,1.0,0.0
buy_and_hold_spy,2020-07-30,12068.323022685887,0.005235461857254986,0.0,1.0,0.0
buy_and_hold_spy,2020-07-31,12283.688658306632,0.01784553124869981,0.0,1.0,0.0
buy_and_hold_spy,2020-08-03,12449.603086544652,0.013506889734283822,0.0,1.0,0.0
buy_and_hold_spy,2020-08-04,12495.818851860868,0.003712228012004992,0.0,1.0,0.0
buy_and_hold_spy,2020-08-05,12526.782624802521,0.002477930682953433,0.0,1.0,0.0
buy_and_hold_spy,2020-08-06,12692.698463433771,0.013244888460245408,0.0,1.0,0.0
buy_and_hold_spy,2020-08-07,12546.193866808351,-0.01154243103209951,0.0,1.0,0.0
buy_and_hold_spy,2020-08-10,12492.583409794353,-0.0042730454816123364,0.0,1.0,0.0
buy_and_hold_spy,2020-08-11,12255.958917038257,-0.018941197748624128,0.0,1.0,0.0
buy_and_hold_spy,2020-08-12,12564.217281877198,0.025151713295187283,0.0,1.0,0.0
buy_and_hold_spy,2020-08-13,12592.872241103563,0.002280680012410885,0.0,1.0,0.0
buy_and_hold_spy,2020-08-14,12578.082857708,-0.001174424953450326,0.0,1.0,0.0
buy_and_hold_spy,2020-08-17,12724.124845354423,0.011610830465862865,0.0,1.0,0.0
buy_and_hold_spy,2020-08-18,12846.596341363744,0.0096251410213124,0.0,1.0,0.0
buy_and_hold_spy,2020-08-19,12760.173085885339,-0.00672732708197088,0.0,1.0,0.0
buy_and_hold_spy,2020-08-20,12937.178846473416,0.013871736644691213,0.0,1.0,0.0
buy_and_hold_spy,2020-08-21,13026.837544018332,0.006930312907388991,0.0,1.0,0.0
buy_and_hold_spy,2020-08-24,13108.177742300702,0.0062440479515859515,0.0,1.0,0.0
buy_and_hold_spy,2020-08-25,13211.237996304193,0.007862286889115833,0.0,1.0,0.0
buy_and_hold_spy,2020-08-26,13493.154446811744,0.021339139495209825,0.0,1.0,0.0
buy_and_hold_spy,2020-08-27,13451.097931126802,-0.003116877958428743,0.0,1.0,0.0
buy_and_hold_spy,2020-08-28,13519.49777153636,0.005085074895728514,0.0,1.0,0.0
buy_and_hold_spy,2020-08-31,13628.10510210811,0.008033384997511384,0.0,1.0,0.0
buy_and_hold_spy,2020-09-01,13861.03295421193,0.017091727012568336,0.0,1.0,0.0
buy_and_hold_spy,2020-09-02,13992.285558462792,0.009469179150243479,0.0,1.0,0.0
buy_and_hold_spy,2020-09-03,13282.873278780262,-0.05070024312457411,0.0,1.0,0.0
buy_and_hold_spy,2020-09-04,13105.866107798955,-0.01332597001163005,0.0,1.0,0.0
buy_and_hold_spy,2020-09-08,12475.94641126927,-0.04806395024551924,0.0,1.0,0.0
buy_and_hold_spy,2020-09-09,12842.437091732472,0.029375781875125684,0.0,1.0,0.0
buy_and_hold_spy,2020-09-10,12586.401356970542,-0.019936693707984565,0.0,1.0,0.0
buy_and_hold_spy,2020-09-11,12499.054293927376,-0.006939796417249289,0.0,1.0,0.0
buy_and_hold_spy,2020-09-14,12716.730153656641,0.017415386365272623,0.0,1.0,0.0
buy_and_hold_spy,2020-09-15,12896.971356311227,0.014173549369745686,0.0,1.0,0.0
buy_and_hold_spy,2020-09-16,12691.310636496786,-0.015946435339937337,0.0,1.0,0.0
buy_and_hold_spy,2020-09-17,12493.046018773353,-0.01562207587554254,0.0,1.0,0.0
buy_and_hold_spy,2020-09-18,12333.601064275123,-0.012762696483998526,0.0,1.0,0.0
buy_and_hold_spy,2020-09-21,12363.17983106625,0.002398226327978481,0.0,1.0,0.0
buy_and_hold_spy,2020-09-22,12592.872241103563,0.01857874860479991,0.0,1.0,0.0
buy_and_hold_spy,2020-09-23,12208.356735178288,-0.03053437679373927,0.0,1.0,0.0
buy_and_hold_spy,2020-09-24,12265.202634258792,0.004656310453044377,0.0,1.0,0.0
buy_and_hold_spy,2020-09-25,12550.353116439623,0.02324873796902116,0.0,1.0,0.0
buy_and_hold_spy,2020-09-28,12811.010709811822,0.020768944981377935,0.0,1.0,0.0
buy_and_hold_spy,2020-09-29,12753.241003166555,-0.004509379310800421,0.0,1.0,0.0
buy_and_hold_spy,2020-09-30,12840.58806620972,0.006849009049658683,0.0,1.0,0.0
buy_and_hold_spy,2020-10-01,13044.399760501412,0.015872457962266218,0.0,1.0,0.0
buy_and_hold_spy,2020-10-02,12677.446471059211,-0.028131098109499764,0.0,1.0,0.0
buy_and_hold_spy,2020-10-05,12947.808980237713,0.021326259179693663,0.0,1.0,0.0
buy_and_hold_spy,2020-10-06,12716.730153656643,-0.017846944369797724,0.0,1.0,0.0
buy_and_hold_spy,2020-10-07,12936.717647887655,0.017299061281704997,0.0,1.0,0.0
buy_and_hold_spy,2020-10-08,13005.57868688298,0.005322914271578716,0.0,1.0,0.0
buy_and_hold_spy,2020-10-09,13204.30591358541,0.015280152578128536,0.0,1.0,0.0
buy_and_hold_spy,2020-10-12,13611.929302168794,0.030870489615360652,0.0,1.0,0.0
buy_and_hold_spy,2020-10-13,13611.466693189797,-3.398555551725746e-05,0.0,1.0,0.0
buy_and_hold_spy,2020-10-14,13497.776305422012,-0.00835254497773319,0.0,1.0,0.0
buy_and_hold_spy,2020-10-15,13407.19380031234,-0.006710920603513526,0.0,1.0,0.0
buy_and_hold_spy,2020-10-16,13333.710902706747,-0.005480855927053163,0.0,1.0,0.0
buy_and_hold_spy,2020-10-19,13116.033632584255,-0.016325332963256667,0.0,1.0,0.0
buy_and_hold_spy,2020-10-20,13144.225982831626,0.002149456995698129,0.0,1.0,0.0
buy_and_hold_spy,2020-10-21,13134.05845804633,-0.0007735354518840776,0.0,1.0,0.0
buy_and_hold_spy,2020-10-22,13133.595849067335,-3.52220892325672e-05,0.0,1.0,0.0
buy_and_hold_spy,2020-10-23,13159.476564812956,0.001970573485208904,0.0,1.0,0.0
buy_and_hold_spy,2020-10-26,12962.135754654286,-0.014996098757175336,0.0,1.0,0.0
buy_and_hold_spy,2020-10-27,13063.348393528253,0.007808330416353204,0.0,1.0,0.0
buy_and_hold_spy,2020-10-28,12554.051167485137,-0.03898672918311119,0.0,1.0,0.0
buy_and_hold_spy,2020-10-29,12773.576052737153,0.017486378088101384,0.0,1.0,0.0
buy_and_hold_spy,2020-10-30,12449.60308654466,-0.025362746098268385,0.0,1.0,0.0
buy_and_hold_spy,2020-11-02,12477.332827813032,0.002227359464844536,0.0,1.0,0.0
buy_and_hold_spy,2020-11-03,12693.159662019543,0.0172975135940443,0.0,1.0,0.0
buy_and_hold_spy,2020-11-04,13259.76539612216,0.044638667533507315,0.0,1.0,0.0
buy_and_hold_spy,2020-11-05,13605.459828429004,0.026070931270619768,0.0,1.0,0.0
buy_and_hold_spy,2020-11-06,13615.625942821072,0.000747208438396596,0.0,1.0,0.0
buy_and_hold_spy,2020-11-09,13337.407543359026,-0.02043375755403587,0.0,1.0,0.0
buy_and_hold_spy,2020-11-10,13098.472826494408,-0.01791462966756152,0.0,1.0,0.0
buy_and_hold_spy,2020-11-11,13391.480609352016,0.022369614132797144,0.0,1.0,0.0
buy_and_hold_spy,2020-11-12,13328.626435117487,-0.0046935940892626205,0.0,1.0,0.0
buy_and_hold_spy,2020-11-13,13445.552264951779,0.008772534094452666,0.0,1.0,0.0
buy_and_hold_spy,2020-11-16,13550.462954871253,0.007802631520978265,0.0,1.0,0.0
buy_and_hold_spy,2020-11-17,13507.48122122832,-0.00317197528867319,0.0,1.0,0.0
buy_and_hold_spy,2020-11-18,13407.65499889811,-0.007390439467968579,0.0,1.0,0.0
buy_and_hold_spy,2020-11-19,13512.565688817582,0.007824685966941525,0.0,1.0,0.0
buy_and_hold_spy,2020-11-20,13420.134158185154,-0.006840413046718452,0.0,1.0,0.0
buy_and_hold_spy,2020-11-23,13420.596767164148,3.447126336753037e-05,0.0,1.0,0.0
buy_and_hold_spy,2020-11-24,13609.156469081283,0.014050023645630905,0.0,1.0,0.0
buy_and_hold_spy,2020-11-25,13692.806891472172,0.006146628013347755,0.0,1.0,0.0
buy_and_hold_spy,2020-11-27,13818.976438526997,0.009214293902983783,0.0,1.0,0.0
buy_and_hold_spy,2020-11-30,13847.167378381138,0.0020400164932292686,0.0,1.0,0.0
buy_and_hold_spy,2020-12-01,14024.635747948212,0.012816221882617329,0.0,1.0,0.0
buy_and_hold_spy,2020-12-02,14042.660573410285,0.001285225925722111,0.0,1.0,0.0
buy_and_hold_spy,2020-12-03,14062.533014001881,0.001415147826703489,0.0,1.0,0.0
buy_and_hold_spy,2020-12-04,14119.840111668154,0.004075161822497675,0.0,1.0,0.0
buy_and_hold_spy,2020-12-07,14199.793893406768,0.005662513251303958,0.0,1.0,0.0
buy_and_hold_spy,2020-12-08,14247.858684245735,0.0033848935554821047,0.0,1.0,0.0
buy_and_hold_spy,2020-12-09,13925.272134596995,-0.02264105482779899,0.0,1.0,0.0
buy_and_hold_spy,2020-12-10,13981.192815719514,0.004015769356749965,0.0,1.0,0.0
buy_and_hold_spy,2020-12-11,13950.229042777859,-0.0022146731934661323,0.0,1.0,0.0
buy_and_hold_spy,2020-12-14,14051.441681651824,0.007255267176158986,0.0,1.0,0.0
buy_and_hold_spy,2020-12-15,14201.64291892952,0.010689382675503456,0.0,1.0,0.0
buy_and_hold_spy,2020-12-16,14279.74767514538,0.005499698637807082,0.0,1.0,0.0
buy_and_hold_spy,2020-12-17,14373.103013342568,0.006537604187480062,0.0,1.0,0.0
buy_and_hold_spy,2020-12-18,14329.660081113867,-0.0030225158887662307,0.0,1.0,0.0
buy_and_hold_spy,2020-12-21,14276.974842057863,-0.0036766565820665065,0.0,1.0,0.0
buy_and_hold_spy,2020-12-22,14315.795915676297,0.0027191386164016063,0.0,1.0,0.0
buy_and_hold_spy,2020-12-23,14243.699434614462,-0.005036148984415623,0.0,1.0,0.0
buy_and_hold_spy,2020-12-24,14306.55219845576,0.004412671309853344,0.0,1.0,0.0
buy_and_hold_spy,2020-12-28,14450.745160579436,0.010078805859264905,0.0,1.0,0.0
buy_and_hold_spy,2020-12-29,14463.685518452245,0.0008954803180745152,0.0,1.0,0.0
buy_and_hold_spy,2020-12-30,14464.148127431241,3.198417017613586e-05,0.0,1.0,0.0
buy_and_hold_spy,2020-12-31,14499.733758983162,0.0024602645961868674,0.0,1.0,0.0
buy_and_hold_spy,2021-01-04,14294.998257126706,-0.014119949045934277,0.0,1.0,0.0
buy_and_hold_spy,2021-01-05,14412.847894525765,0.008244116947709657,0.0,1.0,0.0
buy_and_hold_spy,2021-01-06,14213.196860258573,-0.013852295932646475,0.0,1.0,0.0
buy_and_hold_spy,2021-01-07,14557.042267042665,0.02419198229397046,0.0,1.0,0.0
buy_and_hold_spy,2021-01-08,14744.21555241604,0.012857920032089076,0.0,1.0,0.0
buy_and_hold_spy,2021-01-11,14531.161551297044,-0.014450005859015347,0.0,1.0,0.0
buy_and_hold_spy,2021-01-12,14508.053668638937,-0.0015902295612455486,0.0,1.0,0.0
buy_and_hold_spy,2021-01-13,14606.030865446393,0.0067532971027841615,0.0,1.0,0.0
buy_and_hold_spy,2021-01-14,14527.926109230533,-0.005347431957071436,0.0,1.0,0.0
buy_and_hold_spy,2021-01-15,14412.847894525765,-0.007921172907924712,0.0,1.0,0.0
buy_and_hold_spy,2021-01-19,14623.130472950475,0.014589939473695468,0.0,1.0,0.0
buy_and_hold_spy,2021-01-20,14963.27782868906,0.02326091231749472,0.0,1.0,0.0
buy_and_hold_spy,2021-01-21,15082.976491610869,0.00799949478264117,0.0,1.0,0.0
buy_and_hold_spy,2021-01-22,15039.534969775399,-0.0028801690342508124,0.0,1.0,0.0
buy_and_hold_spy,2021-01-25,15163.854080914245,0.008266153932863451,0.0,1.0,0.0
buy_and_hold_spy,2021-01-26,15186.038156007591,0.0014629575683708929,0.0,1.0,0.0
buy_and_hold_spy,2021-01-27,14762.701576463884,-0.027876696686438662,0.0,1.0,0.0
buy_and_hold_spy,2021-01-28,14850.050049900277,0.00591683527462572,0.0,1.0,0.0
buy_and_hold_spy,2021-01-29,14537.631025036833,-0.021038247266078502,0.0,1.0,0.0
buy_and_hold_spy,2021-02-01,14900.887673826757,0.024987334467653,0.0,1.0,0.0
buy_and_hold_spy,2021-02-02,15143.981640322647,0.01631405939143349,0.0,1.0,0.0
buy_and_hold_spy,2021-02-03,15083.90170956886,-0.003967247992021972,0.0,1.0,0.0
buy_and_hold_spy,2021-02-04,15262.293886700694,0.011826660009238044,0.0,1.0,0.0
buy_and_hold_spy,2021-02-05,15314.055318191937,0.0033914581828584645,0.0,1.0,0.0
buy_and_hold_spy,2021-02-08,15416.654373609661,0.006699665979124747,0.0,1.0,0.0
buy_and_hold_spy,2021-02-09,15413.42034193638,-0.00020977519472820116,0.0,1.0,0.0
buy_and_hold_spy,2021-02-10,15378.295908970224,-0.002278821454741675,0.0,1.0,0.0
buy_and_hold_spy,2021-02-11,15462.870138925875,0.005499583988777257,0.0,1.0,0.0
buy_and_hold_spy,2021-02-12,15549.294804797508,0.005589173620107468,0.0,1.0,0.0
buy_and_hold_spy,2021-02-16,15507.238289112565,-0.0027047217390184786,0.0,1.0,0.0
buy_and_hold_spy,2021-02-17,15432.830173548982,-0.004798282851939173,0.0,1.0,0.0
buy_and_hold_spy,2021-02-18,15365.355551097413,-0.004372148315816782,0.0,1.0,0.0
buy_and_hold_spy,2021-02-19,15298.34212723161,-0.004361332456183642,0.0,1.0,0.0
buy_and_hold_spy,2021-02-22,14901.811481391514,-0.025919844290464455,0.0,1.0,0.0
buy_and_hold_spy,2021-02-23,14857.444741598054,-0.00297727157861738,0.0,1.0,0.0
buy_and_hold_spy,2021-02-24,14979.916237607376,0.008243106276978107,0.0,1.0,0.0
buy_and_hold_spy,2021-02-25,14457.67724329822,-0.03486261111381017,0.0,1.0,0.0
buy_and_hold_spy,2021-02-26,14518.22119342423,0.004187667846442977,0.0,1.0,0.0
buy_and_hold_spy,2021-03-01,14954.959329426516,0.03008206929648516,0.0,1.0,0.0
buy_and_hold_spy,2021-03-02,14715.099394603907,-0.016038822275540543,0.0,1.0,0.0
buy_and_hold_spy,2021-03-03,14288.066174407923,-0.02902007038787513,0.0,1.0,0.0
buy_and_hold_spy,2021-03-04,14054.214514739338,-0.016366921654341726,0.0,1.0,0.0
buy_and_hold_spy,2021-03-05,14265.882099314578,0.015060790793626655,0.0,1.0,0.0
buy_and_hold_spy,2021-03-08,13861.9567617767,-0.02831408073653463,0.0,1.0,0.0
buy_and_hold_spy,2021-03-09,14408.688644894493,0.039441176488543395,0.0,1.0,0.0
buy_and_hold_spy,2021-03-10,14367.557347167542,-0.002854617706068985,0.0,1.0,0.0
buy_and_hold_spy,2021-03-11,14698.462396078821,0.023031406168461555,0.0,1.0,0.0
buy_and_hold_spy,2021-03-12,14579.224931742781,-0.008112240663203596,0.0,1.0,0.0
buy_and_hold_spy,2021-03-15,14734.971835195507,0.010682797211916562,0.0,1.0,0.0
buy_and_hold_spy,2021-03-16,14815.84942449888,0.00548881872377871,0.0,1.0,0.0
buy_and_hold_spy,2021-03-17,14876.854573210658,0.00411755998349328,0.0,1.0,0.0
buy_and_hold_spy,2021-03-18,14421.167804181538,-0.03063058570523991,0.0,1.0,0.0
buy_and_hold_spy,2021-03-19,14472.00542810802,0.0035252085418311374,0.0,1.0,0.0
buy_and_hold_spy,2021-03-22,14724.80431041021,0.01746813069950881,0.0,1.0,0.0
buy_and_hold_spy,2021-03-23,14660.565130025152,-0.004362650873373064,0.0,1.0,0.0
buy_and_hold_spy,2021-03-24,14413.310503504761,-0.01686528618286398,0.0,1.0,0.0
buy_and_hold_spy,2021-03-25,14388.353595323902,-0.0017315181113173317,0.0,1.0,0.0
buy_and_hold_spy,2021-03-26,14604.181839923644,0.01500020437848315,0.0,1.0,0.0
buy_and_hold_spy,2021-03-29,14600.022590292372,-0.0002847985376285278,0.0,1.0,0.0
buy_and_hold_spy,2021-03-30,14526.53969268678,-0.00503306739089926,0.0,1.0,0.0
buy_and_hold_spy,2021-03-31,14748.837411026312,0.015302867926037855,0.0,1.0,0.0
buy_and_hold_spy,2021-04-01,15000.251287177975,0.017046352139166165,0.0,1.0,0.0
buy_and_hold_spy,2021-04-05,15299.728543775376,0.0199648159796757,0.0,1.0,0.0
buy_and_hold_spy,2021-04-06,15289.099820404314,-0.0006947001275644515,0.0,1.0,0.0
buy_and_hold_spy,2021-04-07,15326.071868499992,0.002418196527590011,0.0,1.0,0.0
buy_and_hold_spy,2021-04-08,15485.978021583987,0.010433603238717337,0.0,1.0,0.0
buy_and_hold_spy,2021-04-09,15579.795968760174,0.006058251344889243,0.0,1.0,0.0
buy_and_hold_spy,2021-04-12,15559.462329582811,-0.0013051287204360884,0.0,1.0,0.0
buy_and_hold_spy,2021-04-13,15741.089948781158,0.01167312953051236,0.0,1.0,0.0
buy_and_hold_spy,2021-04-14,15552.067637885031,-0.012008209819724946,0.0,1.0,0.0
buy_and_hold_spy,2021-04-15,15787.76691268314,0.015155494451679408,0.0,1.0,0.0
buy_and_hold_spy,2021-04-16,15806.25434712421,0.0011709974275220247,0.0,1.0,0.0
buy_and_hold_spy,2021-04-19,15661.598776021543,-0.009151793203238223,0.0,1.0,0.0
buy_and_hold_spy,2021-04-20,15547.445779274765,-0.0072887192667424605,0.0,1.0,0.0
buy_and_hold_spy,2021-04-21,15680.547409048379,0.008560996556170153,0.0,1.0,0.0
buy_and_hold_spy,2021-04-22,15491.525098152251,-0.012054573476628305,0.0,1.0,0.0
buy_and_hold_spy,2021-04-23,15686.555684202403,0.012589501989924479,0.0,1.0,0.0
buy_and_hold_spy,2021-04-26,15788.692130641133,0.006511081750188774,0.0,1.0,0.0
buy_and_hold_spy,2021-04-27,15720.292290231575,-0.004332204329756673,0.0,1.0,0.0
buy_and_hold_spy,2021-04-28,15667.144442196573,-0.003380843501747499,0.0,1.0,0.0
buy_and_hold_spy,2021-04-29,15723.527732298084,0.0035988236598911705,0.0,1.0,0.0
buy_and_hold_spy,2021-04-30,15620.466067901365,-0.006554614597398367,0.0,1.0,0.0
buy_and_hold_spy,2021-05-03,15537.27825448947,-0.005325565386479547,0.0,1.0,0.0
buy_and_hold_spy,2021-05-04,15257.673438483667,-0.01799573975738078,0.0,1.0,0.0
buy_and_hold_spy,2021-05-05,15206.373205578191,-0.003362257890255016,0.0,1.0,0.0
buy_and_hold_spy,2021-05-06,15320.988811303963,0.007537340046588348,0.0,1.0,0.0
buy_and_hold_spy,2021-05-07,15445.309332836037,0.00811439281519144,0.0,1.0,0.0
buy_and_hold_spy,2021-05-10,15055.248160735731,-0.025254345102111553,0.0,1.0,0.0
buy_and_hold_spy,2021-05-11,15034.45050218614,-0.00138142249981843,0.0,1.0,0.0
buy_and_hold_spy,2021-05-12,14645.314548043829,-0.02588295156419107,0.0,1.0,0.0
buy_and_hold_spy,2021-05-13,14758.542326832616,0.007731331301717326,0.0,1.0,0.0
buy_and_hold_spy,2021-05-14,15084.364318547861,0.022076840957583332,0.0,1.0,0.0
buy_and_hold_spy,2021-05-17,14992.856595480194,-0.006066395715141115,0.0,1.0,0.0
buy_and_hold_spy,2021-05-18,14891.643956606227,-0.006750724135151098,0.0,1.0,0.0
buy_and_hold_spy,2021-05-19,14908.743564110311,0.0011482686232568984,0.0,1.0,0.0
buy_and_hold_spy,2021-05-20,15197.129488357652,0.019343408987298583,0.0,1.0,0.0
buy_and_hold_spy,2021-05-21,15113.017867380997,-0.005534704500681609,0.0,1.0,0.0
buy_and_hold_spy,2021-05-24,15367.204576620175,0.01681905701890285,0.0,1.0,0.0
buy_and_hold_spy,2021-05-25,15388.463433755529,0.0013833913012193388,0.0,1.0,0.0
buy_and_hold_spy,2021-05-26,15442.073890769523,0.003483808324643789,0.0,1.0,0.0
buy_and_hold_spy,2021-05-27,15384.304184124256,-0.003741058814632381,0.0,1.0,0.0
buy_and_hold_spy,2021-05-28,15432.83017354899,0.0031542531169403976,0.0,1.0,0.0
buy_and_hold_spy,2021-06-01,15381.531351036741,-0.003324006156704251,0.0,1.0,0.0
buy_and_hold_spy,2021-06-02,15411.571316413634,0.0019529892499856594,0.0,1.0,0.0
buy_and_hold_spy,2021-06-03,15251.202554350642,-0.010405737271721005,0.0,1.0,0.0
buy_and_hold_spy,2021-06-04,15510.011122200087,0.016969715465198876,0.0,1.0,0.0
buy_and_hold_spy,2021-06-07,15556.2268875163,0.0029797377288829363,0.0,1.0,0.0
buy_and_hold_spy,2021-06-08,15563.621579214083,0.0004753525228997635,0.0,1.0,0.0
buy_and_hold_spy,2021-06-09,15567.318219866358,0.0002375180245459685,0.0,1.0,0.0
buy_and_hold_spy,2021-06-10,15729.536007452103,0.010420406732530862,0.0,1.0,0.0
buy_and_hold_spy,2021-06-11,15770.667305179053,0.0026149085203444056,0.0,1.0,0.0
buy_and_hold_spy,2021-06-14,15921.79376041474,0.009582755904441465,0.0,1.0,0.0
buy_and_hold_spy,2021-06-15,15817.808288453258,-0.006531014879743835,0.0,1.0,0.0
buy_and_hold_spy,2021-06-16,15760.03858180799,-0.0036521941340911246,0.0,1.0,0.0
buy_and_hold_spy,2021-06-17,15960.152225054178,0.012697535111188207,0.0,1.0,0.0
buy_and_hold_spy,2021-06-18,15834.907895957343,-0.007847314194173394,0.0,1.0,0.0
buy_and_hold_spy,2021-06-21,15914.860267302725,0.005049121338166707,0.0,1.0,0.0
buy_and_hold_spy,2021-06-22,16063.213889450897,0.009321704347789117,0.0,1.0,0.0
buy_and_hold_spy,2021-06-23,16071.069779734444,0.0004890609275087776,0.0,1.0,0.0
buy_and_hold_spy,2021-06-24,16170.434803478885,0.006182850619548708,0.0,1.0,0.0
buy_and_hold_spy,2021-06-25,16150.56095249406,-0.0012290239085315235,0.0,1.0,0.0
buy_and_hold_spy,2021-06-28,16346.977955087968,0.012161621083729424,0.0,1.0,0.0
buy_and_hold_spy,2021-06-29,16406.134078276995,0.003618780385680642,0.0,1.0,0.0
buy_and_hold_spy,2021-06-30,16380.253362531372,-0.0015775023916140274,0.0,1.0,0.0
buy_and_hold_spy,2021-07-01,16386.72424666439,0.0003950417609426271,0.0,1.0,0.0
buy_and_hold_spy,2021-07-02,16574.822749995757,0.011478712920286904,0.0,1.0,0.0
buy_and_hold_spy,2021-07-06,16646.456622078596,0.004321848454328592,0.0,1.0,0.0
buy_and_hold_spy,2021-07-07,16681.581055044753,0.0021100245994436495,0.0,1.0,0.0
buy_and_hold_spy,2021-07-08,16580.82961475655,-0.006039681727754154,0.0,1.0,0.0
buy_and_hold_spy,2021-07-09,16684.353888132264,0.006243612399441156,0.0,1.0,0.0
buy_and_hold_spy,2021-07-12,16749.51828647531,0.0039057190215439075,0.0,1.0,0.0
buy_and_hold_spy,2021-07-13,16749.51828647531,0.0,0.0,1.0,0.0
buy_and_hold_spy,2021-07-14,16779.558251852206,0.0017934823475580508,0.0,1.0,0.0
buy_and_hold_spy,2021-07-15,16661.70720405992,-0.007023489297120045,0.0,1.0,0.0
buy_and_hold_spy,2021-07-16,16526.757959156785,-0.008099364804001086,0.0,1.0,0.0
buy_and_hold_spy,2021-07-19,16391.346105274653,-0.008193491682807919,0.0,1.0,0.0
buy_and_hold_spy,2021-07-20,16581.754832714538,0.011616417969394943,0.0,1.0,0.0
buy_and_hold_spy,2021-07-21,16709.77199489889,0.007720362740605946,0.0,1.0,0.0
buy_and_hold_spy,2021-07-22,16820.228350993395,0.00661028505524941,0.0,1.0,0.0
buy_and_hold_spy,2021-07-23,17016.645353587304,0.011677427826496167,0.0,1.0,0.0
buy_and_hold_spy,2021-07-26,17030.046910045876,0.0007875557244159115,0.0,1.0,0.0
buy_and_hold_spy,2021-07-27,16842.411015693506,-0.011017931738149578,0.0,1.0,0.0
buy_and_hold_spy,2021-07-28,16907.112805057557,0.003841599002883944,0.0,1.0,0.0
buy_and_hold_spy,2021-07-29,16937.154180827678,0.0017768483665132617,0.0,1.0,0.0
buy_and_hold_spy,2021-07-30,16848.881899826523,-0.005211753997083846,0.0,1.0,0.0
buy_and_hold_spy,2021-08-02,16850.26831637028,8.228537371191003e-05,0.0,1.0,0.0
buy_and_hold_spy,2021-08-03,16952.40476280901,0.006061413653544179,0.0,1.0,0.0
buy_and_hold_spy,2021-08-04,16976.899062010874,0.0014448864066531897,0.0,1.0,0.0
buy_and_hold_spy,2021-08-05,17084.582585017863,0.006342944174531295,0.0,1.0,0.0
buy_and_hold_spy,2021-08-06,17009.711860475287,-0.004382356090352091,0.0,1.0,0.0
buy_and_hold_spy,2021-08-09,17041.139652789163,0.0018476381358878413,0.0,1.0,0.0
buy_and_hold_spy,2021-08-10,16953.791179352767,-0.005125741306984621,0.0,1.0,0.0
buy_and_hold_spy,2021-08-11,16924.675021540635,-0.0017173832981729475,0.0,1.0,0.0
buy_and_hold_spy,2021-08-12,16985.680170252414,0.003604509311649018,0.0,1.0,0.0
buy_and_hold_spy,2021-08-13,17045.298902420436,0.0035099408189984693,0.0,1.0,0.0
buy_and_hold_spy,2021-08-16,17052.693594118216,0.0004338258742255796,0.0,1.0,0.0
buy_and_hold_spy,2021-08-17,16902.49235684052,-0.00880806521554478,0.0,1.0,0.0
buy_and_hold_spy,2021-08-18,16739.811960275783,-0.009624639557899273,0.0,1.0,0.0
buy_and_hold_spy,2021-08-19,16820.689549579158,0.004831451481970062,0.0,1.0,0.0
buy_and_hold_spy,2021-08-20,16994.923887472953,0.010358335036161126,0.0,1.0,0.0
buy_and_hold_spy,2021-08-23,17249.110596712133,0.014956625338377716,0.0,1.0,0.0
buy_and_hold_spy,2021-08-24,17301.79583576814,0.0030543742392170614,0.0,1.0,0.0
buy_and_hold_spy,2021-08-25,17321.66827635974,0.0011485767593280016,0.0,1.0,0.0
buy_and_hold_spy,2021-08-26,17211.67593963746,-0.006349985172755868,0.0,1.0,0.0
buy_and_hold_spy,2021-08-27,17378.97678441924,0.00972019490539533,0.0,1.0,0.0
buy_and_hold_spy,2021-08-30,17574.007370469393,0.011222213394346925,0.0,1.0,0.0
buy_and_hold_spy,2021-08-31,17559.68059605283,-0.0008152252422881645,0.0,1.0,0.0
buy_and_hold_spy,2021-09-01,17588.79534347173,0.0016580453875365553,0.0,1.0,0.0
buy_and_hold_spy,2021-09-02,17580.476844209188,-0.00047294309246881383,0.0,1.0,0.0
buy_and_hold_spy,2021-09-03,17634.549910202182,0.003075745127516516,0.0,1.0,0.0
buy_and_hold_spy,2021-09-07,17659.50540798981,0.0014151479858972582,0.0,1.0,0.0
buy_and_hold_spy,2021-09-08,17598.039060692267,-0.0034806380970179296,0.0,1.0,0.0
buy_and_hold_spy,2021-09-09,17537.496520959485,-0.0034403003382355024,0.0,1.0,0.0
buy_and_hold_spy,2021-09-10,17404.39489118587,-0.0075895456124276395,0.0,1.0,0.0
buy_and_hold_spy,2021-09-13,17392.37834087782,-0.0006904319502734069,0.0,1.0,0.0
buy_and_hold_spy,2021-09-14,17342.928543888327,-0.002843187746972564,0.0,1.0,0.0
buy_and_hold_spy,2021-09-15,17471.86951363744,0.007434786427379603,0.0,1.0,0.0
buy_and_hold_spy,2021-09-16,17483.886063945487,0.0006877655707460129,0.0,1.0,0.0
buy_and_hold_spy,2021-09-17,17276.838927587287,-0.011842169160846017,0.0,1.0,0.0
buy_and_hold_spy,2021-09-20,16901.10594029678,-0.02174778551014589,0.0,1.0,0.0
buy_and_hold_spy,2021-09-21,16921.902188453136,0.0012304667061326935,0.0,1.0,0.0
buy_and_hold_spy,2021-09-22,17079.96072640761,0.009340471076728418,0.0,1.0,0.0
buy_and_hold_spy,2021-09-23,17237.556655383083,0.009226949142325136,0.0,1.0,0.0
buy_and_hold_spy,2021-09-24,17253.731044929173,0.0009383226329260363,0.0,1.0,0.0
buy_and_hold_spy,2021-09-27,17116.008966938523,-0.007982162097694534,0.0,1.0,0.0
buy_and_hold_spy,2021-09-28,16631.667238683036,-0.028297585563962224,0.0,1.0,0.0
buy_and_hold_spy,2021-09-29,16604.40010639366,-0.0016394707697107158,0.0,1.0,0.0
buy_and_hold_spy,2021-09-30,16543.39495768188,-0.003674035094365591,0.0,1.0,0.0
buy_and_hold_spy,2021-10-01,16645.994013099607,0.006201813816340218,0.0,1.0,0.0
buy_and_hold_spy,2021-10-04,16296.602940140487,-0.020989498895900516,0.0,1.0,0.0
buy_and_hold_spy,2021-10-05,16516.590434371497,0.013498978593210698,0.0,1.0,0.0
buy_and_hold_spy,2021-10-06,16622.42493185573,0.0064077690795061315,0.0,1.0,0.0
buy_and_hold_spy,2021-10-07,16774.936393241944,0.009175042871990113,0.0,1.0,0.0
buy_and_hold_spy,2021-10-08,16691.285970851055,-0.0049866312711974725,0.0,1.0,0.0
buy_and_hold_spy,2021-10-11,16563.268808666704,-0.007669700369876464,0.0,1.0,0.0
buy_and_hold_spy,2021-10-12,16505.499102021437,-0.003487820388149432,0.0,1.0,0.0
buy_and_hold_spy,2021-10-13,16637.675513837057,0.008008022720102703,0.0,1.0,0.0
buy_and_hold_spy,2021-10-14,16944.086263546473,0.018416680230034732,0.0,1.0,0.0
buy_and_hold_spy,2021-10-15,17050.844568595472,0.006300623320047549,0.0,1.0,0.0
buy_and_hold_spy,2021-10-18,17222.30466300852,0.010055812409952125,0.0,1.0,0.0
buy_and_hold_spy,2021-10-19,17352.633459694614,0.007567442292786053,0.0,1.0,0.0
buy_and_hold_spy,2021-10-20,17329.988186015504,-0.0013050050144670644,0.0,1.0,0.0
buy_and_hold_spy,2021-10-21,17435.82127310651,0.006106933597127773,0.0,1.0,0.0
buy_and_hold_spy,2021-10-22,17289.31808687432,-0.008402425325279239,0.0,1.0,0.0
buy_and_hold_spy,2021-10-25,17466.3238474624,0.010237868243193615,0.0,1.0,0.0
buy_and_hold_spy,2021-10-26,17521.32072102015,0.003148737767491916,0.0,1.0,0.0
buy_and_hold_spy,2021-10-27,17561.990820161333,0.0023211777119285237,0.0,1.0,0.0
buy_and_hold_spy,2021-10-28,17757.021406211483,0.011105266370271316,0.0,1.0,0.0
buy_and_hold_spy,2021-10-29,17844.36846925465,0.004919015472528043,0.0,1.0,0.0
buy_and_hold_spy,2021-11-01,17905.373617966427,0.0034187339729556676,0.0,1.0,0.0
buy_and_hold_spy,2021-11-02,17980.242932115776,0.0041813879870244985,0.0,1.0,0.0
buy_and_hold_spy,2021-11-03,18171.114268534657,0.010615614991383193,0.0,1.0,0.0
buy_and_hold_spy,2021-11-04,18404.042120638478,0.012818578358024135,0.0,1.0,0.0
buy_and_hold_spy,2021-11-05,18421.604337121553,0.0009542586551343213,0.0,1.0,0.0
buy_and_hold_spy,2021-11-08,18396.647428940694,-0.0013547630121751864,0.0,1.0,0.0
buy_and_hold_spy,2021-11-09,18270.016683300106,-0.006883359923579246,0.0,1.0,0.0
buy_and_hold_spy,2021-11-10,18001.503199644358,-0.014696947918016123,0.0,1.0,0.0
buy_and_hold_spy,2021-11-11,18051.415605612845,0.0027726798931699825,0.0,1.0,0.0
buy_and_hold_spy,2021-11-12,18241.363134466967,0.0105225835471352,0.0,1.0,0.0
buy_and_hold_spy,2021-11-15,18237.202474442463,-0.00022808931513684794,0.0,1.0,0.0
buy_and_hold_spy,2021-11-16,18367.070072542796,0.007121026280336951,0.0,1.0,0.0
buy_and_hold_spy,2021-11-17,18376.774988349098,0.0005283867142646947,0.0,1.0,0.0
buy_and_hold_spy,2021-11-18,18567.183715788986,0.010361378836091006,0.0,1.0,0.0
buy_and_hold_spy,2021-11-19,18670.70657877147,0.0055755824128811415,0.0,1.0,0.0
buy_and_hold_spy,2021-11-22,18453.954526606973,-0.011609204571344067,0.0,1.0,0.0
buy_and_hold_spy,2021-11-23,18369.842905630314,-0.004557918513096282,0.0,1.0,0.0
buy_and_hold_spy,2021-11-24,18428.99902881934,0.0032202846531090845,0.0,1.0,0.0
buy_and_hold_spy,2021-11-26,18079.60795586022,-0.0189587656070056,0.0,1.0,0.0
buy_and_hold_spy,2021-11-29,18471.979352069047,0.021702428347271985,0.0,1.0,0.0
buy_and_hold_spy,2021-11-30,18200.69303532579,-0.014686369639801078,0.0,1.0,0.0
buy_and_hold_spy,2021-12-01,17891.046843549862,-0.01701287918954142,0.0,1.0,0.0
buy_and_hold_spy,2021-12-02,18019.989223692202,0.007207089739906802,0.0,1.0,0.0
buy_and_hold_spy,2021-12-03,17706.646391264,-0.01738862485090875,0.0,1.0,0.0
buy_and_hold_spy,2021-12-06,17848.52912927915,0.008012965012118567,0.0,1.0,0.0
buy_and_hold_spy,2021-12-07,18386.017295176407,0.03011386327714516,0.0,1.0,0.0
buy_and_hold_spy,2021-12-08,18468.28130102354,0.004474270013262505,0.0,1.0,0.0
buy_and_hold_spy,2021-12-09,18196.533785694515,-0.014714282877744789,0.0,1.0,0.0
buy_and_hold_spy,2021-12-10,18394.337204832183,0.010870390013133946,0.0,1.0,0.0
buy_and_hold_spy,2021-12-13,18128.596554263953,-0.0144468728396705,0.0,1.0,0.0
buy_and_hold_spy,2021-12-14,17940.960659911583,-0.0103502713952911,0.0,1.0,0.0
buy_and_hold_spy,2021-12-15,18349.969054645495,0.022797463440618726,0.0,1.0,0.0
buy_and_hold_spy,2021-12-16,17878.10648567705,-0.02571462478019748,0.0,1.0,0.0
buy_and_hold_spy,2021-12-17,17788.910397111133,-0.004989123911829041,0.0,1.0,0.0
buy_and_hold_spy,2021-12-20,17593.879811060982,-0.010963604948048045,0.0,1.0,0.0
buy_and_hold_spy,2021-12-21,17987.63762381356,0.02238038550797805,0.0,1.0,0.0
buy_and_hold_spy,2021-12-22,18206.701310479813,0.012178569039896558,0.0,1.0,0.0
buy_and_hold_spy,2021-12-23,18343.962189884696,0.007539030660423718,0.0,1.0,0.0
buy_and_hold_spy,2021-12-27,18647.137497527605,0.016527253191248148,0.0,1.0,0.0
buy_and_hold_spy,2021-12-28,18560.712831655972,-0.004634741706768253,0.0,1.0,0.0
buy_and_hold_spy,2021-12-29,18557.93999856846,-0.00014939259675317285,0.0,1.0,0.0
buy_and_hold_spy,2021-12-30,18502.481926424938,-0.0029883743641697658,0.0,1.0,0.0
buy_and_hold_spy,2021-12-31,18386.942513134403,-0.006244535935772122,0.0,1.0,0.0
buy_and_hold_spy,2022-01-03,18563.948273722486,0.009626709849211768,0.0,1.0,0.0
buy_and_hold_spy,2022-01-04,18323.164531335115,-0.012970502763585245,0.0,1.0,0.0
buy_and_hold_spy,2022-01-05,17760.256848278004,-0.030721095261381337,0.0,1.0,0.0
buy_and_hold_spy,2022-01-06,17747.777688990962,-0.0007026452034815112,0.0,1.0,0.0
buy_and_hold_spy,2022-01-07,17555.519936028326,-0.010832778972766466,0.0,1.0,0.0
buy_and_hold_spy,2022-01-10,17567.07387735738,0.0006581372338247959,0.0,1.0,0.0
buy_and_hold_spy,2022-01-11,17830.966912796088,0.015022025710203613,0.0,1.0,0.0
buy_and_hold_spy,2022-01-12,17901.676977314164,0.003965576564854301,0.0,1.0,0.0
buy_and_hold_spy,2022-01-13,17453.846098568592,-0.025016141186833152,0.0,1.0,0.0
buy_and_hold_spy,2022-01-14,17562.45342914034,0.00622254430103264,0.0,1.0,0.0
buy_and_hold_spy,2022-01-18,17125.251273765833,-0.02489413891621106,0.0,1.0,0.0
buy_and_hold_spy,2022-01-19,16937.154180827692,-0.01098361068875442,0.0,1.0,0.0
buy_and_hold_spy,2022-01-20,16717.16668659668,-0.012988456731416576,0.0,1.0,0.0
buy_and_hold_spy,2022-01-21,16253.622616890782,-0.027728626411170132,0.0,1.0,0.0
buy_and_hold_spy,2022-01-24,16328.029322061135,0.004577853622184547,0.0,1.0,0.0
buy_and_hold_spy,2022-01-25,15949.522091289884,-0.02318143992183075,0.0,1.0,0.0
buy_and_hold_spy,2022-01-26,15924.566593502253,-0.001564654893406403,0.0,1.0,0.0
buy_and_hold_spy,2022-01-27,15764.19783143926,-0.010070526009067549,0.0,1.0,0.0
buy_and_hold_spy,2022-01-28,16258.705674086814,0.031369045728500966,0.0,1.0,0.0
buy_and_hold_spy,2022-01-31,16778.633033894224,0.03197839792598445,0.0,1.0,0.0
buy_and_hold_spy,2022-02-01,16892.786030641,0.006803474187448755,0.0,1.0,0.0
buy_and_hold_spy,2022-02-02,17030.046910045887,0.008125413958118832,0.0,1.0,0.0
buy_and_hold_spy,2022-02-03,16339.58326339019,-0.040543848781085745,0.0,1.0,0.0
buy_and_hold_spy,2022-02-04,16545.70659218363,0.012614968538106508,0.0,1.0,0.0
buy_and_hold_spy,2022-02-07,16412.604962410016,-0.008044481450945828,0.0,1.0,0.0
buy_and_hold_spy,2022-02-08,16597.005414695876,0.011235294623138437,0.0,1.0,0.0
buy_and_hold_spy,2022-02-09,16948.708122156742,0.02119073282638384,0.0,1.0,0.0
buy_and_hold_spy,2022-02-10,16565.11642379623,-0.02263250364545777,0.0,1.0,0.0
buy_and_hold_spy,2022-02-11,16039.643397813788,-0.031721662108428306,0.0,1.0,0.0
buy_and_hold_spy,2022-02-14,16059.515838405388,0.0012389577560252274,0.0,1.0,0.0
buy_and_hold_spy,2022-02-15,16458.82072772623,0.02486406771777805,0.0,1.0,0.0
buy_and_hold_spy,2022-02-16,16454.66147809496,-0.000252706418040205,0.0,1.0,0.0
buy_and_hold_spy,2022-02-17,15965.23669264344,-0.029743838006212386,0.0,1.0,0.0
buy_and_hold_spy,2022-02-18,15783.1464644661,-0.011405419893414148,0.0,1.0,0.0
buy_and_hold_spy,2022-02-22,15624.625317532631,-0.010043697388880002,0.0,1.0,0.0
buy_and_hold_spy,2022-02-23,15224.398031040259,-0.02561516057881219,0.0,1.0,0.0
buy_and_hold_spy,2022-02-24,15736.005481191894,0.03360444525350337,0.0,1.0,0.0
buy_and_hold_spy,2022-02-25,15980.024665645777,0.0155070602095011,0.0,1.0,0.0
buy_and_hold_spy,2022-02-28,16027.626847505748,0.002978855343215292,0.0,1.0,0.0
buy_and_hold_spy,2022-03-01,15782.221246508108,-0.015311412184257911,0.0,1.0,0.0
buy_and_hold_spy,2022-03-02,16047.038089511576,0.016779440540542367,0.0,1.0,0.0
buy_and_hold_spy,2022-03-03,15817.80828845326,-0.014284866763552007,0.0,1.0,0.0
buy_and_hold_spy,2022-03-04,15588.577077001713,-0.014491970522798714,0.0,1.0,0.0
buy_and_hold_spy,2022-03-07,15013.652843636552,-0.03688112330748672,0.0,1.0,0.0
buy_and_hold_spy,2022-03-08,14943.867997076464,-0.0046480924587026795,0.0,1.0,0.0
buy_and_hold_spy,2022-03-09,15481.818771952718,0.0359980946687628,0.0,1.0,0.0
buy_and_hold_spy,2022-03-10,15309.896068560673,-0.011104813066505126,0.0,1.0,0.0
buy_and_hold_spy,2022-03-11,14992.393986501198,-0.020738356461574847,0.0,1.0,0.0
buy_and_hold_spy,2022-03-14,14704.470671232852,-0.019204625727391234,0.0,1.0,0.0
buy_and_hold_spy,2022-03-15,15165.703106437002,0.03136681663124974,0.0,1.0,0.0
buy_and_hold_spy,2022-03-16,15728.14959090835,0.037086739765637367,0.0,1.0,0.0
buy_and_hold_spy,2022-03-17,15918.558318348236,0.012106238330156227,0.0,1.0,0.0
buy_and_hold_spy,2022-03-18,16244.378899670253,0.020467970453484252,0.0,1.0,0.0
buy_and_hold_spy,2022-03-21,16179.214501327204,-0.004011504456127413,0.0,1.0,0.0
buy_and_hold_spy,2022-03-22,16497.179192365675,0.019652665524175328,0.0,1.0,0.0
buy_and_hold_spy,2022-03-23,16260.09209063058,-0.014371372158266338,0.0,1.0,0.0
buy_and_hold_spy,2022-03-24,16621.49971389775,0.02222666521522476,0.0,1.0,0.0
buy_and_hold_spy,2022-03-25,16607.635548460177,-0.0008341103797017135,0.0,1.0,0.0
buy_and_hold_spy,2022-03-28,16864.59509078687,0.01547237363060483,0.0,1.0,0.0
buy_and_hold_spy,2022-03-29,17154.830040556968,0.017209719427456305,0.0,1.0,0.0
buy_and_hold_spy,2022-03-30,16965.345120681843,-0.011045572554618799,0.0,1.0,0.0
buy_and_hold_spy,2022-03-31,16755.06395265036,-0.012394747441662024,0.0,1.0,0.0
buy_and_hold_spy,2022-04-01,16723.174961750712,-0.0019032449526760198,0.0,1.0,0.0
buy_and_hold_spy,2022-04-04,17067.481567120572,0.020588590752495195,0.0,1.0,0.0
buy_and_hold_spy,2022-04-05,16688.51313776355,-0.02220412120362736,0.0,1.0,0.0
buy_and_hold_spy,2022-04-06,16326.18170693162,-0.021711426766476305,0.0,1.0,0.0
buy_and_hold_spy,2022-04-07,16365.002780550052,0.0023778415746744663,0.0,1.0,0.0
buy_and_hold_spy,2022-04-08,16136.234178077502,-0.013979136181048735,0.0,1.0,0.0
buy_and_hold_spy,2022-04-11,15754.49291563297,-0.02365739479432949,0.0,1.0,0.0
buy_and_hold_spy,2022-04-12,15687.942100746164,-0.004224243537585992,0.0,1.0,0.0
buy_and_hold_spy,2022-04-13,16006.830599349396,0.02032698084652318,0.0,1.0,0.0
buy_and_hold_spy,2022-04-14,15640.80111747196,-0.022867080375818638,0.0,1.0,0.0
buy_and_hold_spy,2022-04-18,15652.81766778001,0.0007682822777297371,0.0,1.0,0.0
buy_and_hold_spy,2022-04-19,16002.671349718124,0.022350843749892935,0.0,1.0,0.0
buy_and_hold_spy,2022-04-20,15769.280888635305,-0.014584468804136885,0.0,1.0,0.0
buy_and_hold_spy,2022-04-21,15442.997698334291,-0.02069106337855653,0.0,1.0,0.0
buy_and_hold_spy,2022-04-22,15038.609751817417,-0.02618584515883804,0.0,1.0,0.0
buy_and_hold_spy,2022-04-25,15231.791312344818,0.012845706066949125,0.0,1.0,0.0
buy_and_hold_spy,2022-04-26,14656.868489372886,-0.03774492514915029,0.0,1.0,0.0
buy_and_hold_spy,2022-04-27,14639.306272889808,-0.0011982243339231369,0.0,1.0,0.0
buy_and_hold_spy,2022-04-28,15159.233632697216,0.03551584686565712,0.0,1.0,0.0
buy_and_hold_spy,2022-04-29,14477.088485304062,-0.044998656523230984,0.0,1.0,0.0
buy_and_hold_spy,2022-05-02,14718.797445649423,0.016695964840632405,0.0,1.0,0.0
buy_and_hold_spy,2022-05-03,14734.51063660975,0.0010675594265325827,0.0,1.0,0.0
buy_and_hold_spy,2022-05-04,15232.716530302807,0.03381217781710388,0.0,1.0,0.0
buy_and_hold_spy,2022-05-05,14465.534543975007,-0.05036409525521113,0.0,1.0,0.0
buy_and_hold_spy,2022-05-06,14292.225424039205,-0.011980830670926479,0.0,1.0,0.0
buy_and_hold_spy,2022-05-09,13733.01438163437,-0.03912693970417336,0.0,1.0,0.0
buy_and_hold_spy,2022-05-10,13899.854027830383,0.012148800078381372,0.0,1.0,0.0
buy_and_hold_spy,2022-05-11,13487.608780636732,-0.029658242911634214,0.0,1.0,0.0
buy_and_hold_spy,2022-05-12,13455.719789737086,-0.0023643176057588366,0.0,1.0,0.0
buy_and_hold_spy,2022-05-13,13954.38829240914,0.03705996486731222,0.0,1.0,0.0
buy_and_hold_spy,2022-05-16,13792.63311380239,-0.011591706867920548,0.0,1.0,0.0
buy_and_hold_spy,2022-05-17,14149.881487438288,0.025901390306568572,0.0,1.0,0.0
buy_and_hold_spy,2022-05-18,13455.25859115132,-0.049090368488501235,0.0,1.0,0.0
buy_and_hold_spy,2022-05-19,13383.160699696255,-0.005358343057225157,0.0,1.0,0.0
buy_and_hold_spy,2022-05-20,13341.566792990308,-0.0031079285110049426,0.0,1.0,0.0
buy_and_hold_spy,2022-05-23,13563.403312744074,0.016627471360434187,0.0,1.0,0.0
buy_and_hold_spy,2022-05-24,13275.015978103502,-0.021262166138612537,0.0,1.0,0.0
buy_and_hold_spy,2022-05-25,13460.804257326348,0.013995333755476791,0.0,1.0,0.0
buy_and_hold_spy,2022-05-26,13833.76441152934,0.027707122626049685,0.0,1.0,0.0
buy_and_hold_spy,2022-05-27,14285.29334132042,0.03263962840185175,0.0,1.0,0.0
buy_and_hold_spy,2022-05-31,14247.39607526675,-0.0026528867940044387,0.0,1.0,0.0
buy_and_hold_spy,2022-06-01,14142.02418676151,-0.0073958699504510506,0.0,1.0,0.0
buy_and_hold_spy,2022-06-02,14529.3125257743,0.027385636871936292,0.0,1.0,0.0
buy_and_hold_spy,2022-06-03,14151.267903982043,-0.026019443185740787,0.0,1.0,0.0
buy_and_hold_spy,2022-06-06,14198.40747686302,0.003331120094738127,0.0,1.0,0.0
buy_and_hold_spy,2022-06-07,14320.878972872342,0.008625720610490717,0.0,1.0,0.0
buy_and_hold_spy,2022-06-08,14217.818718868852,-0.00719650338493294,0.0,1.0,0.0
buy_and_hold_spy,2022-06-09,13836.999853595853,-0.026784619554025113,0.0,1.0,0.0
buy_and_hold_spy,2022-06-10,13348.96148468809,-0.03527053364685373,0.0,1.0,0.0
buy_and_hold_spy,2022-06-13,12728.28409498571,-0.046496305380334446,0.0,1.0,0.0
buy_and_hold_spy,2022-06-14,12751.391977643818,0.0018154750856960167,0.0,1.0,0.0
buy_and_hold_spy,2022-06-15,13069.817867268055,0.024971853283352274,0.0,1.0,0.0
buy_and_hold_spy,2022-06-16,12542.497226156094,-0.0403464414322543,0.0,1.0,0.0
buy_and_hold_spy,2022-06-17,12695.008687542308,0.012159577047238024,0.0,1.0,0.0
buy_and_hold_spy,2022-06-21,12990.326694508436,0.02326252893831615,0.0,1.0,0.0
buy_and_hold_spy,2022-06-22,12971.379471874829,-0.0014585639821989016,0.0,1.0,0.0
buy_and_hold_spy,2022-06-23,13164.56103240223,0.014892907955261547,0.0,1.0,0.0
buy_and_hold_spy,2022-06-24,13615.625942821081,0.03426357394740598,0.0,1.0,0.0
buy_and_hold_spy,2022-06-27,13515.8011308841,-0.007331635898062738,0.0,1.0,0.0
buy_and_hold_spy,2022-06-28,13104.018492669444,-0.030466757702857672,0.0,1.0,0.0
buy_and_hold_spy,2022-06-29,13116.033632584262,0.0009169049876982527,0.0,1.0,0.0
buy_and_hold_spy,2022-06-30,12953.35464641275,-0.012403062597168613,0.0,1.0,0.0
buy_and_hold_spy,2022-07-01,13038.854094326392,0.006600564120069041,0.0,1.0,0.0
buy_and_hold_spy,2022-07-05,13262.075620230686,0.01711971959264602,0.0,1.0,0.0
buy_and_hold_spy,2022-07-06,13347.112459165332,0.0064120309195738745,0.0,1.0,0.0
buy_and_hold_spy,2022-07-07,13632.72696071839,0.02139897318066941,0.0,1.0,0.0
buy_and_hold_spy,2022-07-08,13649.826568222472,0.0012543057271925395,0.0,1.0,0.0
buy_and_hold_spy,2022-07-11,13358.205201908619,-0.021364474109346054,0.0,1.0,0.0
buy_and_hold_spy,2022-07-12,13228.800212787282,-0.00968730358348191,0.0,1.0,0.0
buy_and_hold_spy,2022-07-13,13201.533080497904,-0.0020611946549031757,0.0,1.0,0.0
buy_and_hold_spy,2022-07-14,13248.674063772107,0.003570871881830362,0.0,1.0,0.0
buy_and_hold_spy,2022-07-15,13488.995197180482,0.018139259238441285,0.0,1.0,0.0
buy_and_hold_spy,2022-07-18,13374.842200433704,-0.008462676061345098,0.0,1.0,0.0
buy_and_hold_spy,2022-07-19,13786.162229669364,0.030753262212119603,0.0,1.0,0.0
buy_and_hold_spy,2022-07-20,14004.76330735662,0.015856557760273615,0.0,1.0,0.0
buy_and_hold_spy,2022-07-21,14205.802168560796,0.014355034554462742,0.0,1.0,0.0
buy_and_hold_spy,2022-07-22,13956.698516517652,-0.01753534570504167,0.0,1.0,0.0
buy_and_hold_spy,2022-07-25,13877.207343758035,-0.005695557059252954,0.0,1.0,0.0
buy_and_hold_spy,2022-07-26,13604.534610471017,-0.019648962974504136,0.0,1.0,0.0
buy_and_hold_spy,2022-07-27,14179.458843836177,0.04225975013674166,0.0,1.0,0.0
buy_and_hold_spy,2022-07-28,14318.10613978482,0.009778038603279526,0.0,1.0,0.0
buy_and_hold_spy,2022-07-29,14579.224931742787,0.01823696440078848,0.0,1.0,0.0
buy_and_hold_spy,2022-08-01,14570.443823501248,-0.0006023028166896038,0.0,1.0,0.0
buy_and_hold_spy,2022-08-02,14527.000891272548,-0.002981579199298534,0.0,1.0,0.0
buy_and_hold_spy,2022-08-03,14922.60913994111,0.027232616809862886,0.0,1.0,0.0
buy_and_hold_spy,2022-08-04,14992.393986501198,0.004676450740326965,0.0,1.0,0.0
buy_and_hold_spy,2022-08-05,14869.922490491876,-0.00816890858922148,0.0,1.0,0.0
buy_and_hold_spy,2022-08-08,14821.857699652908,-0.003232349789967004,0.0,1.0,0.0
buy_and_hold_spy,2022-08-09,14654.094245892134,-0.011318652301236298,0.0,1.0,0.0
buy_and_hold_spy,2022-08-10,15063.104051019276,0.027910957733999542,0.0,1.0,0.0
buy_and_hold_spy,2022-08-11,14977.604603105634,-0.00567608426683186,0.0,1.0,0.0
buy_and_hold_spy,2022-08-12,15269.227379812713,0.019470588551029788,0.0,1.0,0.0
buy_and_hold_spy,2022-08-15,15392.622683386795,0.008081306310050884,0.0,1.0,0.0
buy_and_hold_spy,2022-08-16,15356.57444285588,-0.002341916726759097,0.0,1.0,0.0
buy_and_hold_spy,2022-08-17,15181.416297397323,-0.011406068854114881,0.0,1.0,0.0
buy_and_hold_spy,2022-08-18,15217.927146907237,0.0024049699181343254,0.0,1.0,0.0
buy_and_hold_spy,2022-08-19,14921.221313004124,-0.019497125399461135,0.0,1.0,0.0
buy_and_hold_spy,2022-08-22,14528.387307816303,-0.026327201838730052,0.0,1.0,0.0
buy_and_hold_spy,2022-08-23,14516.372167901483,-0.0008270112614877645,0.0,1.0,0.0
buy_and_hold_spy,2022-08-24,14558.428683586426,0.0028971781102400396,0.0,1.0,0.0
buy_and_hold_spy,2022-08-25,14815.849424498885,0.017681904174362106,0.0,1.0,0.0
buy_and_hold_spy,2022-08-26,14208.575001648313,-0.04098816108689718,0.0,1.0,0.0
buy_and_hold_spy,2022-08-29,14068.541289155914,-0.009855577528088078,0.0,1.0,0.0
buy_and_hold_spy,2022-08-30,13911.869167745199,-0.01113634442907585,0.0,1.0,0.0
buy_and_hold_spy,2022-08-31,13830.991578441824,-0.0058135674170146645,0.0,1.0,0.0
buy_and_hold_spy,2022-09-01,13836.999853595848,0.00043440668154182127,0.0,1.0,0.0
buy_and_hold_spy,2022-09-02,13641.508068959927,-0.01412819156640499,0.0,1.0,0.0
buy_and_hold_spy,2022-09-06,13543.52946175924,-0.007182388245155158,0.0,1.0,0.0
buy_and_hold_spy,2022-09-07,13817.12741300425,0.020201377493032746,0.0,1.0,0.0
buy_and_hold_spy,2022-09-08,13888.76128508709,0.005184425817440275,0.0,1.0,0.0
buy_and_hold_spy,2022-09-09,14192.39920170899,0.021862130854529704,0.0,1.0,0.0
buy_and_hold_spy,2022-09-12,14361.086463034524,0.011885746654112017,0.0,1.0,0.0
buy_and_hold_spy,2022-09-13,13573.57083752936,-0.05483677210162552,0.0,1.0,0.0
buy_and_hold_spy,2022-09-14,13681.252950143116,0.007933219187689966,0.0,1.0,0.0
buy_and_hold_spy,2022-09-15,13453.409565628557,-0.01665369285582685,0.0,1.0,0.0
buy_and_hold_spy,2022-09-16,13371.145559781426,-0.00611473288208686,0.0,1.0,0.0
buy_and_hold_spy,2022-09-19,13451.09793112681,0.0059794705687648,0.0,1.0,0.0
buy_and_hold_spy,2022-09-20,13343.878427492047,-0.007971059625300092,0.0,1.0,0.0
buy_and_hold_spy,2022-09-21,13104.942300234197,-0.01790604797219797,0.0,1.0,0.0
buy_and_hold_spy,2022-09-22,12943.649730606447,-0.012307766484776383,0.0,1.0,0.0
buy_and_hold_spy,2022-09-23,12732.90595359597,-0.01628163473182942,0.0,1.0,0.0
buy_and_hold_spy,2022-09-26,12680.219304146736,-0.004137833864574669,0.0,1.0,0.0
buy_and_hold_spy,2022-09-27,12685.303771735998,0.00040097631336699635,0.0,1.0,0.0
buy_and_hold_spy,2022-09-28,12937.641455452424,0.019892127792686898,0.0,1.0,0.0
buy_and_hold_spy,2022-09-29,12564.679890856201,-0.028827631827673006,0.0,1.0,0.0
buy_and_hold_spy,2022-09-30,12351.625889737204,-0.016956580109457775,0.0,1.0,0.0
buy_and_hold_spy,2022-10-03,12641.398230528306,0.023460258866152106,0.0,1.0,0.0
buy_and_hold_spy,2022-10-04,13038.854094326392,0.03144081505463947,0.0,1.0,0.0
buy_and_hold_spy,2022-10-05,13031.922011607605,-0.0005316481547104068,0.0,1.0,0.0
buy_and_hold_spy,2022-10-06,12929.32295618988,-0.00787290280945041,0.0,1.0,0.0
buy_and_hold_spy,2022-10-07,12436.66272867185,-0.03810410097940742,0.0,1.0,0.0
buy_and_hold_spy,2022-10-10,12312.342207139776,-0.009996292755086289,0.0,1.0,0.0
buy_and_hold_spy,2022-10-11,12143.192336835245,-0.013738236596968711,0.0,1.0,0.0
buy_and_hold_spy,2022-10-12,12139.033087203974,-0.000342516985311625,0.0,1.0,0.0
buy_and_hold_spy,2022-10-13,12423.72237079904,0.023452385503023532,0.0,1.0,0.0
buy_and_hold_spy,2022-10-14,12050.298197223821,-0.03005735015883182,0.0,1.0,0.0
buy_and_hold_spy,2022-10-17,12448.216670000904,0.03302146272768214,0.0,1.0,0.0
buy_and_hold_spy,2022-10-18,12546.656475787358,0.00790794443863474,0.0,1.0,0.0
buy_and_hold_spy,2022-10-19,12500.90190905691,-0.0036467537641399206,0.0,1.0,0.0
buy_and_hold_spy,2022-10-20,12437.123927257619,-0.005101870430091582,0.0,1.0,0.0
buy_and_hold_spy,2022-10-21,12728.7467039647,0.02344776641390145,0.0,1.0,0.0
buy_and_hold_spy,2022-10-24,12868.780416457099,0.011001374742478198,0.0,1.0,0.0
buy_and_hold_spy,2022-10-25,13134.982265611097,0.02068586459161037,0.0,1.0,0.0
buy_and_hold_spy,2022-10-26,12844.747315841003,-0.022096333584702532,0.0,1.0,0.0
buy_and_hold_spy,2022-10-27,12610.895656172419,-0.018206014794871272,0.0,1.0,0.0
buy_and_hold_spy,2022-10-28,12996.797578641452,0.030600675240711528,0.0,1.0,0.0
buy_and_hold_spy,2022-10-31,12845.672533798994,-0.011627867859603569,0.0,1.0,0.0
buy_and_hold_spy,2022-11-01,12714.418519154904,-0.01021776121870921,0.0,1.0,0.0
buy_and_hold_spy,2022-11-02,12278.60419071738,-0.0342771734138646,0.0,1.0,0.0
buy_and_hold_spy,2022-11-03,12038.744255894771,-0.01953478840892542,0.0,1.0,0.0
buy_and_hold_spy,2022-11-04,12232.388425401165,0.016085080419544262,0.0,1.0,0.0
buy_and_hold_spy,2022-11-07,12366.876471718533,0.010994422482374588,0.0,1.0,0.0
buy_and_hold_spy,2022-11-08,12456.997778242441,0.007287313553264951,0.0,1.0,0.0
buy_and_hold_spy,2022-11-09,12169.535661559861,-0.02307635610120007,0.0,1.0,0.0
buy_and_hold_spy,2022-11-10,13067.507643159524,0.07378851638818928,0.0,1.0,0.0
buy_and_hold_spy,2022-11-11,13308.291385546898,0.018426141308852895,0.0,1.0,0.0
buy_and_hold_spy,2022-11-14,13191.8281646916,-0.008751177554000567,0.0,1.0,0.0
buy_and_hold_spy,2022-11-15,13374.381001847938,0.013838327400666595,0.0,1.0,0.0
buy_and_hold_spy,2022-11-16,13191.8281646916,-0.013649441954069808,0.0,1.0,0.0
buy_and_hold_spy,2022-11-17,13162.712006879467,-0.002207135921468706,0.0,1.0,0.0
buy_and_hold_spy,2022-11-18,13163.174615858465,3.514541522720016e-05,0.0,1.0,0.0
buy_and_hold_spy,2022-11-21,13027.762761976332,-0.01028717295286763,0.0,1.0,0.0
buy_and_hold_spy,2022-11-22,13215.398656328704,0.014402771817431104,0.0,1.0,0.0
buy_and_hold_spy,2022-11-23,13348.03767712332,0.01003670220202535,0.0,1.0,0.0
buy_and_hold_spy,2022-11-25,13260.228005101158,-0.006578470494779554,0.0,1.0,0.0
buy_and_hold_spy,2022-11-28,13065.658617636773,-0.014673155498497903,0.0,1.0,0.0
buy_and_hold_spy,2022-11-29,12966.757613264554,-0.00756953838046226,0.0,1.0,0.0
buy_and_hold_spy,2022-11-30,13557.856236175807,0.04558569231729748,0.0,1.0,0.0
buy_and_hold_spy,2022-12-01,13574.494645094122,0.001227215322870956,0.0,1.0,0.0
buy_and_hold_spy,2022-12-02,13520.421579101132,-0.003983431236796231,0.0,1.0,0.0
buy_and_hold_spy,2022-12-05,13293.503412544562,-0.016783364721949412,0.0,1.0,0.0
buy_and_hold_spy,2022-12-06,13018.056435776802,-0.02072042020975684,0.0,1.0,0.0
buy_and_hold_spy,2022-12-07,12964.908587741802,-0.0040826254131866024,0.0,1.0,0.0
buy_and_hold_spy,2022-12-08,13118.345267086008,0.011834767542385771,0.0,1.0,0.0
buy_and_hold_spy,2022-12-09,13034.694844695117,-0.00637659862488682,0.0,1.0,0.0
buy_and_hold_spy,2022-12-12,13198.297638431392,0.012551332860919029,0.0,1.0,0.0
buy_and_hold_spy,2022-12-13,13340.180376446544,0.01075007867696609,0.0,1.0,0.0
buy_and_hold_spy,2022-12-14,13241.279372074325,-0.007413768148655575,0.0,1.0,0.0
buy_and_hold_spy,2022-12-15,12796.683935395262,-0.033576471289980425,0.0,1.0,0.0
buy_and_hold_spy,2022-12-16,12674.673637971708,-0.009534524572110237,0.0,1.0,0.0
buy_and_hold_spy,2022-12-19,12466.702694048745,-0.016408386508659945,0.0,1.0,0.0
buy_and_hold_spy,2022-12-20,12456.997778242443,-0.0007784669326345028,0.0,1.0,0.0
buy_and_hold_spy,2022-12-21,12637.701589876027,0.014506208867533399,0.0,1.0,0.0
buy_and_hold_spy,2022-12-22,12328.518007079096,-0.02446517514265545,0.0,1.0,0.0
buy_and_hold_spy,2022-12-23,12356.24633795424,0.0022491211724899873,0.0,1.0,0.0
buy_and_hold_spy,2022-12-27,12181.55080147468,-0.014138236783363234,0.0,1.0,0.0
buy_and_hold_spy,2022-12-28,12020.720840825921,-0.013202749245136203,0.0,1.0,0.0
buy_and_hold_spy,2022-12-29,12313.728623683532,0.024375225640584697,0.0,1.0,0.0
buy_and_hold_spy,2022-12-30,12306.33393198575,-0.0006005241729591937,0.0,1.0,0.0
risk_parity_spy_cash,2020-01-02,10000.0,0.0,0.0,0.0,1.0
risk_parity_spy_cash,2020-01-03,9898.492276932337,-0.01015077230676631,1.0,1.0,0.0
risk_parity_spy_cash,2020-01-06,9962.270258731627,0.006443201652833519,0.0,1.0,0.0
risk_parity_spy_cash,2020-01-07,9960.883842187872,-0.00013916672683522702,0.0,1.0,0.0
risk_parity_spy_cash,2020-01-08,10035.753156337223,0.0075163324194438275,0.0,1.0,0.0
risk_parity_spy_cash,2020-01-09,10120.790700468484,0.008473459122254612,0.0,1.0,0.0
risk_parity_spy_cash,2020-01-10,10094.909279526248,-0.0025572528578264864,0.0,1.0,0.0
risk_parity_spy_cash,2020-01-13,10211.373205578158,0.011536896749346104,0.0,1.0,0.0
risk_parity_spy_cash,2020-01-14,10171.165715415967,-0.003937520385625226,0.0,1.0,0.0
risk_parity_spy_cash,2020-01-15,10175.32496504724,0.0004089255595323138,0.0,1.0,0.0
risk_parity_spy_cash,2020-01-16,10272.840258072316,0.00958350650815043,0.0,1.0,0.0
risk_parity_spy_cash,2020-01-17,10323.677881998796,0.0049487408203912064,0.0,1.0,0.0
risk_parity_spy_cash,2020-01-21,10319.05602338853,-0.00044769496521435137,0.0,1.0,0.0
risk_parity_spy_cash,2020-01-22,10346.323155677908,0.0026424056839673415,0.0,1.0,0.0
risk_parity_spy_cash,2020-01-23,10379.598563121313,0.003216157754085236,0.0,1.0,0.0
risk_parity_spy_cash,2020-01-24,10292.250794881533,-0.008415332029325984,0.0,1.0,0.0
risk_parity_spy_cash,2020-01-27,10079.658697544915,-0.020655549653176175,0.0,1.0,0.0
risk_parity_spy_cash,2020-01-28,10234.481088236265,0.015359884231899601,0.0,1.0,0.0
risk_parity_spy_cash,2020-01-29,10251.118791957964,0.0016256519092914257,0.0,1.0,0.0
risk_parity_spy_cash,2020-01-30,10287.629641467878,0.0035616453433899853,0.0,1.0,0.0
risk_parity_spy_cash,2020-01-31,10124.488046317374,-0.015858035411082994,0.0,1.0,0.0
risk_parity_spy_cash,2020-02-03,10277.462116682585,0.01510931413671357,0.0,1.0,0.0
risk_parity_spy_cash,2020-02-04,10512.700192894927,0.0228887320178488,0.0,1.0,0.0
risk_parity_spy_cash,2020-02-05,10547.362016882087,0.0032971380664490457,0.0,1.0,0.0
risk_parity_spy_cash,2020-02-06,10638.407130970758,0.008632027036044043,0.0,1.0,0.0
risk_parity_spy_cash,2020-02-07,10592.653269436925,-0.004300818813432361,0.0,1.0,0.0
risk_parity_spy_cash,2020-02-10,10720.67113681789,0.012085533635877166,0.0,1.0,0.0
risk_parity_spy_cash,2020-02-11,10722.51945714403,0.0001724071471413957,0.0,1.0,0.0
risk_parity_spy_cash,2020-02-12,10826.967538084502,0.009741001763431845,0.0,1.0,0.0
risk_parity_spy_cash,2020-02-13,10813.102667450315,-0.0012805867003310434,0.0,1.0,0.0
risk_parity_spy_cash,2020-02-14,10844.067145588586,0.002863607152411518,0.0,1.0,0.0
risk_parity_spy_cash,2020-02-18,10848.226395219855,0.00038355070799811486,0.0,1.0,0.0
risk_parity_spy_cash,2020-02-19,10952.211867181337,0.009585481365626869,0.0,1.0,0.0
risk_parity_spy_cash,2020-02-20,10850.53732452499,-0.009283471127966236,0.0,1.0,0.0
risk_parity_spy_cash,2020-02-21,10642.104476819644,-0.019209449400651724,0.0,1.0,0.0
risk_parity_spy_cash,2020-02-24,10231.70825514875,-0.03856344603314221,0.0,1.0,0.0
risk_parity_spy_cash,2020-02-25,9953.48915049009,-0.02719185278945535,0.0,1.0,0.0
risk_parity_spy_cash,2020-02-26,10004.788678198951,0.005153924109751573,0.0,1.0,0.0
risk_parity_spy_cash,2020-02-27,9503.80995141838,-0.050073893901650846,0.0,1.0,0.0
risk_parity_spy_cash,2020-02-28,9511.204643116162,0.0007780765540958967,0.0,1.0,0.0
risk_parity_spy_cash,2020-03-02,10002.015845111437,0.05160347405105048,0.0,1.0,0.0
risk_parity_spy_cash,2020-03-03,9681.278320985452,-0.03206728814399429,0.0,1.0,0.0
risk_parity_spy_cash,2020-03-04,10085.204363719944,0.04172238720365362,0.0,1.0,0.0
risk_parity_spy_cash,2020-03-05,9866.046329123508,-0.021730648848805156,0.2942341188700093,0.699318449660966,0.300681550339034
risk_parity_spy_cash,2020-03-06,9749.636337921771,-0.01179905174964646,0.0,0.6957283325103037,0.30427166748969625
risk_parity_spy_cash,2020-03-09,9278.45209247233,-0.04832839186183213,0.0,0.6802766154966339,0.3197233845033661
risk_parity_spy_cash,2020-03-10,9622.139278106844,0.03704143559822337,0.0,0.6916966154597942,0.3083033845402058
risk_parity_spy_cash,2020-03-11,9332.25495014046,-0.0301268064811695,0.0,0.682119903302369,0.31788009669763095
risk_parity_spy_cash,2020-03-12,8748.573503848485,-0.06254452427740298,0.0,0.6609117926879601,0.3390882073120399
risk_parity_spy_cash,2020-03-13,9238.344001061418,0.05598289789729516,0.0,0.67888854262011,0.32111145737989
risk_parity_spy_cash,2020-03-16,8487.057901100867,-0.08132259416560306,0.0,0.6504633124309424,0.34953668756905765
risk_parity_spy_cash,2020-03-17,8905.743386482825,0.04933222917303892,0.0,0.6668960717574438,0.3331039282425562
risk_parity_spy_cash,2020-03-18,8725.095766578725,-0.020284395368755925,0.0,0.659999364440119,0.340000635559881
risk_parity_spy_cash,2020-03-19,8759.66007490441,0.003961481827865265,0.0,0.6613409560884169,0.3386590439115831
risk_parity_spy_cash,2020-03-20,8532.708780482475,-0.025908687378421114,0.0,0.6523333700614292,0.3476666299385708
risk_parity_spy_cash,2020-03-23,8524.883199764066,-0.0009171273647952116,0.0,0.6520142227825838,0.3479857772174162
risk_parity_spy_cash,2020-03-24,8955.307553780904,0.050490352058870425,0.0,0.6687396733007648,0.3312603266992352
risk_parity_spy_cash,2020-03-25,8910.960771999942,-0.004952011029731529,0.0,0.6670911047797383,0.3329088952202617
risk_parity_spy_cash,2020-03-26,9223.996439667977,0.03512928355061962,0.0,0.6783890664571447,0.3216109335428553
risk_parity_spy_cash,2020-03-27,9008.78451143819,-0.023331744503311325,0.0,0.6707060644872718,0.32929393551272823
risk_parity_spy_cash,2020-03-30,9228.561527606136,0.024395856720615505,0.0,0.6785481575775869,0.3214518424224131
risk_parity_spy_cash,2020-03-31,9175.084569948851,-0.005794722990935863,0.0,0.6766745763113846,0.3233254236886154
risk_parity_spy_cash,2020-04-01,8911.286672010783,-0.028751549473678417,0.0,0.6671032797906604,0.3328967202093396
risk_parity_spy_cash,2020-04-02,9031.93585113984,0.013538917955361107,0.0,0.671550135557793,0.32844986444220703
risk_parity_spy_cash,2020-04-03,8983.638478364748,-0.0053473998898029285,0.317004388494547,0.35128140112988815,0.6487185988701119
risk_parity_spy_cash,2020-04-06,9209.26069489492,0.025114792527942464,0.0,0.3671746778032869,0.6328253221967131
risk_parity_spy_cash,2020-04-07,9207.883868837813,-0.00014950451537010245,0.0,0.36708005341340444,0.6329199465865956
risk_parity_spy_cash,2020-04-08,9279.64951557494,0.007793934823613791,0.0,0.37197484057356367,0.6280251594264363
risk_parity_spy_cash,2020-04-09,9284.640280254578,0.0005378182302318013,0.0,0.3723124223956892,0.6276875776043108
risk_parity_spy_cash,2020-04-13,9321.985800769447,0.004022290512890603,0.0,0.37482704962290686,0.6251729503770931
risk_parity_spy_cash,2020-04-14,9473.949530162028,0.016301647807706043,0.0,0.3848549279383027,0.6151450720616973
risk_parity_spy_cash,2020-04-15,9432.129259310876,-0.00441423829818921,0.0,0.3821274914476528,0.6178725085523472
risk_parity_spy_cash,2020-04-16,9497.871324873497,0.006970013212840964,0.0,0.3864042618499018,0.6135957381500983
risk_parity_spy_cash,2020-04-17,9532.979470220229,0.003696422508356001,0.0,0.3886640179341777,0.6113359820658223
risk_parity_spy_cash,2020-04-20,9489.094354187495,-0.0046035047248160765,0.0,0.38583671434686495,0.614163285653135
risk_parity_spy_cash,2020-04-21,9353.996284439727,-0.01423719321413952,0.0,0.37696646553783875,0.6230335344621613
risk_parity_spy_cash,2020-04-22,9458.632701355444,0.011186279503849983,0.0,0.383858793289937,0.616141206710063
risk_parity_spy_cash,2020-04-23,9450.888284561592,-0.0008187670499926192,0.0,0.38335390378484946,0.6166460962151505
risk_parity_spy_cash,2020-04-24,9508.025121616609,0.006045657861425857,0.0,0.3870595321429356,0.6129404678570645
risk_parity_spy_cash,2020-04-27,9537.626225337628,0.003113275716291497,0.0,0.3889618623386446,0.6110381376613554
risk_parity_spy_cash,2020-04-28,9467.753944206404,-0.007325961353528476,0.0,0.3844523842947312,0.6155476157052688
risk_parity_spy_cash,2020-04-29,9596.828432779666,0.013633063272862733,0.0,0.3927313166780869,0.6072686833219131
risk_parity_spy_cash,2020-04-30,9595.279601941438,-0.00016138986427416402,0.0,0.3926332938478165,0.6073667061521835
risk_parity_spy_cash,2020-05-01,9489.094354187495,-0.011066404748899528,0.0,0.385836714346865,0.6141632856531349
risk_parity_spy_cash,2020-05-04,9531.774911546958,0.00449785361662336,0.0,0.38858676159248773,0.6114132384075123
risk_parity_spy_cash,2020-05-05,9566.9164475029,0.0036867777808486935,0.05823895675462881,0.33284645156188936,0.6671535484381106
risk_parity_spy_cash,2020-05-06,9586.520275877898,0.002049127164700515,0.0,0.3342107384237512,0.6657892615762488
risk_parity_spy_cash,2020-05-07,9627.776313702034,0.0043035467131851135,0.0,0.33706371569113974,0.6629362843088602
risk_parity_spy_cash,2020-05-08,9672.25069393527,0.0046193823770024345,0.0,0.34011199073194787,0.6598880092680521
risk_parity_spy_cash,2020-05-11,9701.656436497766,0.003040217162788572,0.0,0.3421121127778713,0.6578878872221288
risk_parity_spy_cash,2020-05-12,9632.165063911016,-0.007162835856083571,0.0,0.33736577257419753,0.6626342274258025
risk_parity_spy_cash,2020-05-13,9591.494341603053,-0.004222386352196628,0.0,0.3345560109567098,0.6654439890432902
risk_parity_spy_cash,2020-05-14,9627.922530964846,0.0037979680813433614,0.0,0.3370737835670079,0.6629262164329921
risk_parity_spy_cash,2020-05-15,9648.989424897813,0.0021881038059052837,0.0,0.33852116791701453,0.6614788320829854
risk_parity_spy_cash,2020-05-18,9709.849067864483,0.006307359277400781,0.0,0.3426672020385765,0.6573327979614235
risk_parity_spy_cash,2020-05-19,9701.510219234953,-0.0008588031153983211,0.0,0.3421021973560522,0.6578978026439478
risk_parity_spy_cash,2020-05-20,9767.783026180141,0.006831184573077076,0.0,0.3465659261210569,0.653434073878943
risk_parity_spy_cash,2020-05-21,9730.91596179745,-0.003774353329090041,0.0,0.3440902911277927,0.6559097088722072
risk_parity_spy_cash,2020-05-22,9742.473599301004,0.0011877234937520686,0.0,0.3448684063131138,0.6551315936868862
risk_parity_spy_cash,2020-05-26,9733.402994660028,-0.0009310371281505692,0.0,0.3442578860585424,0.6557421139414576
risk_parity_spy_cash,2020-05-27,9751.69019797233,0.0018788088115055945,0.0,0.34548758974217464,0.6545124102578254
risk_parity_spy_cash,2020-05-28,9747.301447763348,-0.00045005020872124213,0.0,0.34519289366729744,0.6548071063327026
risk_parity_spy_cash,2020-05-29,9796.603676458928,0.005058038777172813,0.0,0.34848826528526766,0.6515117347147323
risk_parity_spy_cash,2020-06-01,9806.844465667324,0.0010453407677402105,0.0,0.3491686058744723,0.6508313941255277
risk_parity_spy_cash,2020-06-02,9829.81330017916,0.00234212285024471,0.0,0.3506893711352432,0.6493106288647568
risk_parity_spy_cash,2020-06-03,9845.320812870797,0.0015775999215932313,0.0,0.351712110059583,0.648287889940417
risk_parity_spy_cash,2020-06-04,9820.064399758872,-0.002565321495558326,0.012310896587407527,0.36239517473005106,0.6376048252699489
risk_parity_spy_cash,2020-06-05,9890.624583328346,0.0071853076209160704,0.0,0.366943877710009,0.633056122289991
risk_parity_spy_cash,2020-06-08,9918.78807718413,0.00284749396951689,0.0,0.36874138281564706,0.6312586171843529
risk_parity_spy_cash,2020-06-09,9945.285979374765,0.002671485869487178,0.0,0.37042328810523223,0.6295767118947677
risk_parity_spy_cash,2020-06-10,9989.499594161938,0.004445685612144867,0.0,0.37320980027796974,0.6267901997220302
risk_parity_spy_cash,2020-06-11,9804.77140795589,-0.018492236219120217,0.0,0.3614006706298858,0.6385993293701142
risk_parity_spy_cash,2020-06-12,9832.934901811672,0.002872427380910647,0.0,0.36322974694012444,0.6367702530598756
risk_parity_spy_cash,2020-06-15,9876.391387470438,0.004419482696947252,0.0,0.36603155949335414,0.6339684405066459
risk_parity_spy_cash,2020-06-16,9938.472279305848,0.006285786923568848,0.0,0.3699916576931658,0.6300083423068342
risk_parity_spy_cash,2020-06-17,9950.1311899185,0.0011731089331434852,0.0,0.3707298601156246,0.6292701398843754
risk_parity_spy_cash,2020-06-18,9960.124739909377,0.0010043636410546064,0.0,0.37136124202748994,0.6286387579725101
risk_parity_spy_cash,2020-06-19,9959.519175232675,-6.079890488475126e-05,0.0,0.3713230191555283,0.6286769808444717
risk_parity_spy_cash,2020-06-22,9997.3733212193,0.00380080055277765,0.0,0.37370344743870587,0.6262965525612941
risk_parity_spy_cash,2020-06-23,10029.170665222042,0.003180569833803437,0.0,0.37568911181657694,0.6243108881834231
risk_parity_spy_cash,2020-06-24,9951.494114766983,-0.0077450621838968114,0.0,0.3708160429440684,0.6291839570559317
risk_parity_spy_cash,2020-06-25,9986.622642100016,0.003529975190449619,0.0,0.3730292341925061,0.6269707658074939
risk_parity_spy_cash,2020-06-26,9898.649643794042,-0.008809084057618266,0.0,0.367457110710708,0.6325428892892919
risk_parity_spy_cash,2020-06-29,9938.320714854146,0.004007725547188645,0.0,0.3699820497451319,0.6300179502548682
risk_parity_spy_cash,2020-06-30,10010.395156680434,0.007252175080098011,0.0,0.37451815360461427,0.6254818463953857
risk_parity_spy_cash,2020-07-01,10054.154540199237,0.004371394219098379,0.0,0.3772404809660079,0.6227595190339921
risk_parity_spy_cash,2020-07-02,10079.895313261466,0.0025602125926462715,0.0,0.37883080615824544,0.6211691938417545
risk_parity_spy_cash,2020-07-06,10270.961668348767,0.018955192405215593,0.4091503097175358,0.7920103473521211,0.20798965264787894
risk_parity_spy_cash,2020-07-07,10214.922279844102,-0.0054560994689871745,0.0,0.7908693095027501,0.20913069049724986
risk_parity_spy_cash,2020-07-08,10321.332554724479,0.010417139941470088,0.0,0.7930253929487341,0.2069746070512659
risk_parity_spy_cash,2020-07-09,10390.278834347846,0.006679978506438866,0.0,0.794398804515469,0.20560119548453104
risk_parity_spy_cash,2020-07-10,10446.632392377283,0.005423681012596715,0.0,0.7955079044115384,0.2044920955884616
risk_parity_spy_cash,2020-07-13,10275.683818851103,-0.01636398861425603,0.0,0.7921059281874261,0.2078940718125739
risk_parity_spy_cash,2020-07-14,10333.295976505786,0.005606649510662365,0.0,0.7932650187687827,0.20673498123121725
risk_parity_spy_cash,2020-07-15,10349.981548789432,0.0016147386392089125,0.0,0.7935983035632175,0.20640169643678252
risk_parity_spy_cash,2020-07-16,10293.94312104784,-0.005414350496899867,0.0,0.7924746887913556,0.20752531120864437
risk_parity_spy_cash,2020-07-17,10303.38838281559,0.0009175552707725299,0.0,0.7926649301774873,0.2073350698225127
risk_parity_spy_cash,2020-07-20,10535.097534585702,0.022488636083695113,0.0,0.7972250619658315,0.20277493803416846
risk_parity_spy_cash,2020-07-21,10447.576822477755,-0.00830753695640929,0.0,0.7955263898932592,0.2044736101067408
risk_parity_spy_cash,2020-07-22,10476.85511635533,0.002802400439361419,0.0,0.7960978054927331,0.20390219450726688
risk_parity_spy_cash,2020-07-23,10258.99824656746,-0.020794109240641734,0.0,0.7917678024290234,0.20823219757097655
risk_parity_spy_cash,2020-07-24,10181.866265564655,-0.00751847101919656,0.0,0.7901903546912215,0.20980964530877855
risk_parity_spy_cash,2020-07-27,10325.425405414198,0.014099491793077679,0.0,0.7931074347174711,0.20689256528252886
risk_parity_spy_cash,2020-07-28,10221.219121022601,-0.010092202529200955,0.0,0.790998145674641,0.209001854325359
risk_parity_spy_cash,2020-07-29,10314.406413733357,0.009117042850504298,0.0,0.7928864091572762,0.20711359084272385
risk_parity_spy_cash,2020-07-30,10357.222820068402,0.004151126552278894,0.0,0.7937426096868089,0.20625739031319112
risk_parity_spy_cash,2020-07-31,10503.930380507194,0.014164758544590539,0.0,0.7966233902574298,0.2033766097425702
risk_parity_spy_cash,2020-08-03,10616.951666090845,0.010759904291958389,0.0,0.7987884077326591,0.20121159226734087
risk_parity_spy_cash,2020-08-04,10651.637038350334,0.003266980330170588,0.11137409135502108,0.9104650136968283,0.08953498630317169
risk_parity_spy_cash,2020-08-05,10675.667868529652,0.0022560691931949872,0.0,0.9106665561274712,0.08933344387252884
risk_parity_spy_cash,2020-08-06,10804.43432569621,0.012061676960384071,0.0,0.9117312255703308,0.08826877442966918
risk_parity_spy_cash,2020-08-07,10690.732836907075,-0.010523594790957103,0.0,0.910792441371029,0.089207558628971
risk_parity_spy_cash,2020-08-10,10649.126027854232,-0.003891857526287179,0.0,0.9104439017962097,0.08955609820379029
risk_parity_spy_cash,2020-08-11,10465.482935896298,-0.017244897982951035,0.0,0.9088724159050596,0.09112758409494037
risk_parity_spy_cash,2020-08-12,10704.720719701167,0.022859698426748176,0.0,0.9109090090898068,0.08909099091019324
risk_parity_spy_cash,2020-08-13,10726.959691039108,0.0020774919701560535,0.0,0.9110937111909042,0.08890628880909579
risk_parity_spy_cash,2020-08-14,10715.481724141944,-0.0010700111893542363,0.0,0.9109984785671015,0.08900152143289852
risk_parity_spy_cash,2020-08-17,10828.8241844033,0.010577448889301566,0.0,0.9119300341297765,0.08806996587022353
risk_parity_spy_cash,2020-08-18,10923.87370333475,0.008777455180069227,0.0,0.9126963381090801,0.08730366189091987
risk_parity_spy_cash,2020-08-19,10856.801044590653,-0.006140006792976882,0.0,0.9121569813780256,0.08784301862197441
risk_parity_spy_cash,2020-08-20,10994.174335031326,0.012653201424292382,0.0,0.913254588541839,0.08674541145816095
risk_parity_spy_cash,2020-08-21,11063.758004271522,0.0063291400627036865,0.0,0.913800159406339,0.08619984059366104
risk_parity_spy_cash,2020-08-24,11126.885727606752,0.005705812013500067,0.0,0.9142892090669316,0.08571079093306844
risk_parity_spy_cash,2020-08-25,11206.870278160779,0.007188404061307052,0.0,0.9149009355275983,0.08509906447240168
risk_parity_spy_cash,2020-08-26,11425.664233266589,0.01952319868752128,0.0,0.9165305266403418,0.08346947335965815
risk_parity_spy_cash,2020-08-27,11393.024380614814,-0.0028567137967122624,0.0,0.9162913951138602,0.08370860488613985
risk_parity_spy_cash,2020-08-28,11446.109156564817,0.004659410370465578,0.0,0.9166796189613428,0.08332038103865724
risk_parity_spy_cash,2020-08-31,11530.398765654658,0.007364040298488472,0.0,0.9172887082469522,0.08271129175304781
risk_parity_spy_cash,2020-09-01,11711.172913187887,0.015678048193068284,0.0,0.9185654431537686,0.08143455684623135
risk_parity_spy_cash,2020-09-02,11812.479734955936,0.008650441976991718,0.004544714551969697,0.9147584960371076,0.08524150396289243
risk_parity_spy_cash,2020-09-03,11264.634901678628,-0.046378478149351254,0.0,0.9106128563484305,0.08938714365156952
risk_parity_spy_cash,2020-09-04,11127.94081440044,-0.012134799615904024,0.0,0.9095148370275473,0.09048516297245268
risk_parity_spy_cash,2020-09-08,10641.48426296066,-0.04371487587445344,0.0,0.9053784685240241,0.09462153147597585
risk_parity_spy_cash,2020-09-09,10924.507311033498,0.026596200405797132,0.0,0.9078298444524014,0.09217015554759855
risk_parity_spy_cash,2020-09-10,10726.783281663082,-0.018099125547814787,0.0,0.9061308957495109,0.09386910425048911
risk_parity_spy_cash,2020-09-11,10659.329364440842,-0.0062883639438813255,0.0,0.9055368772544111,0.09446312274558888
risk_parity_spy_cash,2020-09-14,10827.429915414164,0.015770274585388044,0.0,0.9070034582532489,0.0929965417467511
risk_parity_spy_cash,2020-09-15,10966.621489123872,0.012855458294082522,0.0,0.9081837976137465,0.09181620238625354
risk_parity_spy_cash,2020-09-16,10807.79965027883,-0.01448229420542635,0.0,0.9068345481299833,0.09316545187001668
risk_parity_spy_cash,2020-09-17,10654.689463787428,-0.014166638117449892,0.0,0.905495740484875,0.09450425951512498
risk_parity_spy_cash,2020-09-18,10531.557827902747,-0.011556567303361964,0.0,0.9043908266380994,0.09560917336190056
risk_parity_spy_cash,2020-09-21,10554.400080603087,0.002168933891225633,0.0,0.9045977478161603,0.09540225218383969
risk_parity_spy_cash,2020-09-22,10731.78043288324,0.016806294145144562,0.0,0.9061746050027683,0.09382539499723175
risk_parity_spy_cash,2020-09-23,10434.837682850153,-0.02766947683007248,0.0,0.9035046285584573,0.09649537144154274
risk_parity_spy_cash,2020-09-24,10478.73702459568,0.004206998046330623,0.0,0.9039088836970137,0.09609111630298628
risk_parity_spy_cash,2020-09-25,10698.944966921137,0.021014740784942365,0.0,0.905886651323846,0.09411334867615395
risk_parity_spy_cash,2020-09-28,10900.238234423303,0.018814310020709657,0.0,0.9076246301701034,0.09237536982989658
risk_parity_spy_cash,2020-09-29,10855.625480722847,-0.004092823729261896,0.0,0.9072450003063496,0.09275499969365042
risk_parity_spy_cash,2020-09-30,10923.079397945086,0.006213729217355857,0.0,0.9078177955633777,0.09218220443662228
risk_parity_spy_cash,2020-10-01,11080.47332370172,0.01440929979747696,0.0,0.9091272088544278,0.09087279114557223
risk_parity_spy_cash,2020-10-02,10841.136307072447,-0.021599891054953302,0.14638974813510452,0.7575349754068416,0.24246502459315844
risk_parity_spy_cash,2020-10-05,11016.279062052796,0.016155387223209194,0.0,0.761389815335498,0.238610184664502
risk_parity_spy_cash,2020-10-06,10866.5845558581,-0.013588481678023179,0.0,0.7581027996607226,0.24189720033927742
risk_parity_spy_cash,2020-10-07,11009.094018127533,0.013114466789162949,0.0,0.7612340872932988,0.23876591270670122
risk_parity_spy_cash,2020-10-08,11053.702688601468,0.004051983787265678,0.0,0.7621976585255273,0.23780234147447266
risk_parity_spy_cash,2020-10-09,11182.439598463805,0.011646496516962479,0.0,0.7649353382894006,0.23506466171059937
risk_parity_spy_cash,2020-10-12,11446.50092667031,0.023613928417085317,0.0,0.7703580860079708,0.22964191399202916
risk_parity_spy_cash,2020-10-13,11446.201245285836,-2.6181047500295485e-05,0.0,0.770352073584701,0.22964792641529896
risk_parity_spy_cash,2020-10-14,11372.551804063616,-0.006434400343306335,0.0,0.7688648575447368,0.23113514245526323
risk_parity_spy_cash,2020-10-15,11313.87181346087,-0.005159791013814363,0.0,0.767666062984319,0.23233393701568095
risk_parity_spy_cash,2020-10-16,11266.26907013049,-0.004207467091305039,0.0,0.7666843952554684,0.2333156047445316
risk_parity_spy_cash,2020-10-19,11125.2561874579,-0.012516378030278608,0.0,0.7637271145022742,0.23627288549772585
risk_parity_spy_cash,2020-10-20,11143.519392318287,0.0016415985890712026,0.0,0.7641143440622437,0.23588565593775634
risk_parity_spy_cash,2020-10-21,11136.93279749921,-0.0005910695344253369,0.0,0.7639748367789059,0.23602516322109413
risk_parity_spy_cash,2020-10-22,11136.63311611474,-2.690878987243739e-05,0.0,0.7639684854564778,0.23603151454352223
risk_parity_spy_cash,2020-10-23,11153.398827715524,0.001505456040975739,0.0,0.7643232863887012,0.23567671361129883
risk_parity_spy_cash,2020-10-26,11025.560048343848,-0.011461867485093813,0.0,0.761590670243826,0.23840932975617402
risk_parity_spy_cash,2020-10-27,11091.126315150144,0.005946751595275579,0.0,0.7630000500741279,0.23699994992587214
risk_parity_spy_cash,2020-10-28,10761.199952415629,-0.02974687631894024,0.0,0.7557338965045389,0.24426610349546107
risk_parity_spy_cash,2020-10-29,10903.409733300588,0.013215048648272498,0.0,0.7589197832964129,0.24108021670358715
risk_parity_spy_cash,2020-10-30,10693.537743243543,-0.019248289772699767,0.0,0.7541883290239544,0.24581167097604562
risk_parity_spy_cash,2020-11-02,10709.853999499663,0.001525805271172187,0.04770716495425076,0.7069423159802612,0.29305768401973875
risk_parity_spy_cash,2020-11-03,10840.81778183183,0.012228344320873719,0.0,0.7104826340183572,0.2895173659816428
risk_parity_spy_cash,2020-11-04,11184.634297057977,0.03171499808827605,0.0,0.7193824200306226,0.2806175799693774
risk_parity_spy_cash,2020-11-05,11394.401773620955,0.018754969629910523,0.0,0.7245485044639153,0.2754514955360847
risk_parity_spy_cash,2020-11-06,11400.570574628957,0.000541388756563066,0.0,0.7246975501149373,0.2753024498850627
risk_parity_spy_cash,2020-11-09,11231.747573346884,-0.014808294039052261,0.0,0.7205595132202873,0.27944048677971267
risk_parity_spy_cash,2020-11-10,11086.761921464898,-0.012908556832779805,0.0,0.7169051674857103,0.2830948325142897
risk_parity_spy_cash,2020-11-11,11264.559124657335,0.01603689196646374,0.0,0.7213734710297962,0.2786265289702038
risk_parity_spy_cash,2020-11-12,11226.419194451793,-0.0033858342597763436,0.0,0.7204268827914391,0.27957311720856093
risk_parity_spy_cash,2020-11-13,11297.369820140784,0.00631996939184809,0.0,0.7221826797519322,0.2778173202480678
risk_parity_spy_cash,2020-11-16,11361.029655626231,0.005634925340936903,0.0,0.723739387677014,0.27626061232298604
risk_parity_spy_cash,2020-11-17,11334.948327835053,-0.0022956834531508985,0.0,0.7231037214721585,0.2768962785278415
risk_parity_spy_cash,2020-11-18,11274.373748680604,-0.0053440542826028725,0.0,0.7216160223843737,0.2783839776156263
risk_parity_spy_cash,2020-11-19,11338.03358416605,0.005646418763871175,0.0,0.7231790692818131,0.2768209307181869
risk_parity_spy_cash,2020-11-20,11281.946105966785,-0.00494684354062902,0.0,0.7218028716142364,0.2781971283857636
risk_parity_spy_cash,2020-11-23,11282.22681722242,2.4881456886838293e-05,0.0,0.7218097933918686,0.27819020660813143
risk_parity_spy_cash,2020-11-24,11396.644896185044,0.0101414446648036,0.0,0.724602719671161,0.27539728032883903
risk_parity_spy_cash,2020-11-25,11447.403995489218,0.004453863375278644,0.0,0.7258238627273352,0.27417613727266477
risk_parity_spy_cash,2020-11-27,11523.963711328935,0.0066879543929685425,0.0,0.7276453581507366,0.2723546418492634
risk_parity_spy_cash,2020-11-30,11541.069981382754,0.0014844085318492795,0.0,0.7280490444693707,0.2719509555306293
risk_parity_spy_cash,2020-12-01,11648.757836826106,0.00933083809534696,0.0,0.7305631164070909,0.26943688359290907
risk_parity_spy_cash,2020-12-02,11659.310220583622,0.0009058806016342125,0.014460166543391884,0.7163639954168022,0.2836360045831978
risk_parity_spy_cash,2020-12-03,11671.129974003674,0.001013760951242615,0.0,0.7166512433219058,0.2833487566780942
risk_parity_spy_cash,2020-12-04,11705.21515647093,0.002920469786831026,0.0,0.7174763451200475,0.28252365487995246
risk_parity_spy_cash,2020-12-07,11752.770160135187,0.0040627193117392935,0.0,0.7186195150501998,0.28138048494980017
risk_parity_spy_cash,2020-12-08,11781.358192555484,0.00243245056533703,0.0,0.7193022983333078,0.28069770166669217
risk_parity_spy_cash,2020-12-09,11589.48978787216,-0.01628576277432625,0.0,0.714655241283961,0.28534475871603904
risk_parity_spy_cash,2020-12-10,11622.750355888606,0.0028698906185888884,0.0,0.7154718060784205,0.28452819392157946
risk_parity_spy_cash,2020-12-11,11604.333686862074,-0.00158453622960264,0.0,0.7150202453324465,0.28497975466755354
risk_parity_spy_cash,2020-12-14,11664.533058397195,0.0051876629162497245,0.0,0.7164909944867701,0.2835090055132299
risk_parity_spy_cash,2020-12-15,11753.869925694711,0.007658846423621135,0.0,0.71864584276766,0.28135415723234003
risk_parity_spy_cash,2020-12-16,11800.325163799445,0.003952335562535048,0.0,0.7197534710901473,0.2802465289098527
risk_parity_spy_cash,2020-12-17,11855.851160863089,0.004705463306552193,0.0,0.7210659848633223,0.2789340151366777
risk_parity_spy_cash,2020-12-18,11830.012122903934,-0.0021794333960981627,0.0,0.7204567389445238,0.2795432610554762
risk_parity_spy_cash,2020-12-21,11798.675934897825,-0.0026488720113345687,0.0,0.7197142979933009,0.2802857020066991
risk_parity_spy_cash,2020-12-22,11821.765978395835,0.00195700294044987,0.0,0.7202617465778045,0.2797382534221955
risk_parity_spy_cash,2020-12-23,11778.884349203054,-0.003627345463541376,0.0,0.7192433451996554,0.2807566548003446
risk_parity_spy_cash,2020-12-24,11816.267989473545,0.0031737844741654975,0.0,0.7201315872229366,0.2798684127770634
risk_parity_spy_cash,2020-12-28,11902.031247859108,0.007258066460744228,0.0,0.7221482536640768,0.27785174633592324
risk_parity_spy_cash,2020-12-29,11909.727929025112,0.0006466695478881679,0.0,0.7223278158098879,0.2776721841901121
risk_parity_spy_cash,2020-12-30,11910.003080133825,2.3103055783790793e-05,0.0,0.7223342307376444,0.27766576926235564
risk_parity_spy_cash,2020-12-31,11931.168743621503,0.0017771333344978046,0.0,0.7228268044628626,0.2771731955371374
risk_parity_spy_cash,2021-01-04,11767.497373843256,-0.013717966219004896,0.23246269982416856,0.9546781745389163,0.045321825461083654
risk_parity_spy_cash,2021-01-05,11860.113209138533,0.007870478518324786,0.0,0.9550320934811867,0.04496790651881333
risk_parity_spy_cash,2021-01-06,11703.211179447862,-0.013229387184076291,0.0,0.9544292199881292,0.04557078001187076
risk_parity_spy_cash,2021-01-07,11973.432881139814,0.023089534790800892,0.0,0.9554576814030368,0.044542318596963226
risk_parity_spy_cash,2021-01-08,12120.528880350372,0.012285198461525537,0.0,0.9559982516146055,0.0440017483853945
risk_parity_spy_cash,2021-01-11,11953.093708616916,-0.013814180337039517,0.0,0.9553818889827147,0.0446181110172853
risk_parity_spy_cash,2021-01-12,11934.933653978489,-0.0015192765221387905,0.0,0.9553139985899038,0.044686001410096154
risk_parity_spy_cash,2021-01-13,12011.932108301138,0.006451519258926286,0.0,0.9556004431857787,0.04439955681422125
risk_parity_spy_cash,2021-01-14,11950.55103495111,-0.005110008348083284,0.0,0.9553723957555346,0.044627604244465435
risk_parity_spy_cash,2021-01-15,11860.113209138533,-0.007567669938237764,0.0,0.9550320934811867,0.04496790651881333
risk_parity_spy_cash,2021-01-19,12025.37037138929,0.013933860439327095,0.0,0.9556500593644943,0.04434994063550568
risk_parity_spy_cash,2021-01-20,12292.685843634099,0.02222929223708614,0.0,0.9566144885767766,0.043385511423223444
risk_parity_spy_cash,2021-01-21,12386.754793652944,0.007652432610368853,0.0,0.956943971930052,0.043056028069948016
risk_parity_spy_cash,2021-01-22,12352.61491066233,-0.0027561603954658898,0.0,0.9568249746350679,0.04317502536493212
risk_parity_spy_cash,2021-01-25,12450.314984887445,0.007909262527141747,0.0,0.9571637775639852,0.042836222436014815
risk_parity_spy_cash,2021-01-26,12467.749036364976,0.0014002899925578127,0.0,0.9572236768212508,0.04277632317874924
risk_parity_spy_cash,2021-01-27,12135.056702380763,-0.026684234099823567,0.0,0.9560509295365339,0.04394907046346608
risk_parity_spy_cash,2021-01-28,12203.702240946872,0.00565679586422041,0.0,0.9562981420259802,0.04370185797401982
risk_parity_spy_cash,2021-01-29,11958.177947546756,-0.020118836772034077,0.0,0.9554008591918888,0.044599140808111226
risk_parity_spy_cash,2021-02-01,12243.654582831767,0.023872920819310695,0.0,0.9564407458179257,0.04355925418207429
risk_parity_spy_cash,2021-02-02,12434.697603914823,0.015603431131660628,0.0,0.957109977332848,0.04289002266715203
risk_parity_spy_cash,2021-02-03,12384.834866182602,-0.00400996785933283,0.04289002266715203,1.0,0.0
risk_parity_spy_cash,2021-02-04,12531.306097415501,0.011826660009238044,0.0,1.0,0.0
risk_parity_spy_cash,2021-02-05,12573.805498021486,0.0033914581828584645,0.0,1.0,0.0
risk_parity_spy_cash,2021-02-08,12658.045794944712,0.006699665979124747,0.0,1.0,0.0
risk_parity_spy_cash,2021-02-09,12655.390450923198,-0.0002097751947283122,0.0,1.0,0.0
risk_parity_spy_cash,2021-02-10,12626.5510756455,-0.002278821454741675,0.0,1.0,0.0
risk_parity_spy_cash,2021-02-11,12695.991853774598,0.005499583988777257,0.0,1.0,0.0
risk_parity_spy_cash,2021-02-12,12766.951956524814,0.005589173620107468,0.0,1.0,0.0
risk_parity_spy_cash,2021-02-16,12732.420904026996,-0.0027047217390184786,0.0,1.0,0.0
risk_parity_spy_cash,2021-02-17,12671.327147139531,-0.004798282851939173,0.0,1.0,0.0
risk_parity_spy_cash,2021-02-18,12615.926225494002,-0.004372148315816671,0.0,1.0,0.0
risk_parity_spy_cash,2021-02-19,12560.903976981937,-0.004361332456183642,0.0,1.0,0.0
risk_parity_spy_cash,2021-02-22,12235.32730175109,-0.025919844290464455,0.0,1.0,0.0
risk_parity_spy_cash,2021-02-23,12198.899409520505,-0.0029772715786172688,0.0,1.0,0.0
risk_parity_spy_cash,2021-02-24,12299.456233815348,0.008243106276978107,0.0,1.0,0.0
risk_parity_spy_cash,2021-02-25,11870.665074224515,-0.03486261111381028,0.0,1.0,0.0
risk_parity_spy_cash,2021-02-26,11920.375476671737,0.004187667846442977,0.0,1.0,0.0
risk_parity_spy_cash,2021-03-01,12278.9650378011,0.03008206929648516,0.0,1.0,0.0
risk_parity_spy_cash,2021-03-02,12082.024899832231,-0.016038822275540543,0.0,1.0,0.0
risk_parity_spy_cash,2021-03-03,11731.40368681104,-0.02902007038787513,0.0,1.0,0.0
risk_parity_spy_cash,2021-03-04,11539.396721773548,-0.016366921654341726,0.0,1.0,0.0
risk_parity_spy_cash,2021-03-05,11706.922833197776,0.01451775300420377,0.03378079058948813,0.9667037374677314,0.03329626253226858
risk_parity_spy_cash,2021-03-08,11386.488812311545,-0.02737132767097117,0.0,0.9657667273446315,0.03423327265536846
risk_parity_spy_cash,2021-03-09,11820.211283701958,0.03809097593996258,0.0,0.9670228588353047,0.0329771411646953
risk_parity_spy_cash,2021-03-10,11787.581820060848,-0.0027604805750045536,0.0,0.9669315740879283,0.03306842591207171
risk_parity_spy_cash,2021-03-11,12050.088836829147,0.022269793819928996,0.0,0.9676519583069119,0.032348041693088136
risk_parity_spy_cash,2021-03-12,11955.497741429263,-0.00784982556400593,0.0,0.967396022772987,0.032603977227013026
risk_parity_spy_cash,2021-03-15,12079.051779455553,0.010334495534898513,0.0,0.9677295218849756,0.03227047811502437
risk_parity_spy_cash,2021-03-16,12143.211981184999,0.005311691919275718,0.0,0.967900027051893,0.03209997294810696
risk_parity_spy_cash,2021-03-17,12191.607373302842,0.003985386419411041,0.0,0.9680274500183838,0.03197254998161625
risk_parity_spy_cash,2021-03-18,11830.111002328185,-0.029651247772813027,0.0,0.9670504548923967,0.032949545107603284
risk_parity_spy_cash,2021-03-19,11870.440495759722,0.0034090545239684467,0.0,0.9671624000610247,0.03283759993897528
risk_parity_spy_cash,2021-03-22,12070.985880769247,0.016894519211916537,0.0,0.9677079585752669,0.032292041424733076
risk_parity_spy_cash,2021-03-23,12020.024930919722,-0.004221771970648436,0.0,0.9675710509471178,0.03242894905288218
risk_parity_spy_cash,2021-03-24,11823.877804716672,-0.01631836267647757,0.0,0.967033084869697,0.03296691513030303
risk_parity_spy_cash,2021-03-25,11804.07948632935,-0.0016744353006949986,0.0,0.9669777913177726,0.03302220868222738
risk_parity_spy_cash,2021-03-26,11975.296059816588,0.014504864499220727,0.0,0.9674499257344344,0.032550074265565554
risk_parity_spy_cash,2021-03-29,11971.996526562889,-0.00027552832407806704,0.0,0.9674409547952756,0.03255904520472441
risk_parity_spy_cash,2021-03-30,11913.70253468395,-0.004869195522200442,0.0,0.967281642716497,0.03271835728350303
risk_parity_spy_cash,2021-03-31,12090.051342499679,0.014802183225771426,0.0,0.9677588816576049,0.03224111834239507
risk_parity_spy_cash,2021-04-01,12289.498001956428,0.01649675868254108,0.0,0.9682821238070821,0.03171787619291788
risk_parity_spy_cash,2021-04-05,12527.073347143789,0.019331574418217867,0.0,0.9688836518077834,0.031116348192216647
risk_parity_spy_cash,2021-04-06,12518.013725334073,-0.0007232033818802552,0.16446680343689624,0.8043074898214719,0.19569251017852807
risk_parity_spy_cash,2021-04-07,12542.360931291418,0.0019449735790009193,0.0,0.8046873677308806,0.19531263226911943
risk_parity_spy_cash,2021-04-08,12647.66394379718,0.008395788726111908,0.0,0.8063135185085865,0.19368648149141354
risk_parity_spy_cash,2021-04-09,12709.445884480661,0.004884849957907056,0.0,0.8072550486759485,0.19274495132405145
risk_parity_spy_cash,2021-04-12,12696.055571354582,-0.0010535717487439866,0.0,0.8070517638653871,0.19294823613461287
risk_parity_spy_cash,2021-04-13,12815.662822776538,0.009420819777429035,0.0,0.8088525297336776,0.1911474702663224
risk_parity_spy_cash,2021-04-14,12691.18594440584,-0.009712870890257297,0.0,0.8069777293398109,0.19302227066018907
risk_parity_spy_cash,2021-04-15,12846.401007760074,0.012230146499638384,0.0,0.8093098972326862,0.1906901027673138
risk_parity_spy_cash,2021-04-16,12858.57553952512,0.0009476998077275756,0.0,0.8094904431031277,0.19050955689687232
risk_parity_spy_cash,2021-04-19,12763.31549406051,-0.007408289135277468,0.0,0.8080685594977366,0.1919314405022634
risk_parity_spy_cash,2021-04-20,12688.14231146458,-0.005889784878459925,0.0,0.8069314271367808,0.1930685728632192
risk_parity_spy_cash,2021-04-21,12775.793738969222,0.006908137168783357,0.0,0.8082560208460647,0.19174397915393526
risk_parity_spy_cash,2021-04-22,12651.316860598523,-0.009743181591216121,0.0,0.8063694431692544,0.1936305568307456
risk_parity_spy_cash,2021-04-23,12779.750368914225,0.010151789709393677,0.0,0.8083153850705443,0.19168461492945565
risk_parity_spy_cash,2021-04-26,12847.010291620152,0.005263007552129606,0.0,0.8093189409245067,0.19068105907549326
risk_parity_spy_cash,2021-04-27,12801.966938934052,-0.003506135020027279,0.0,0.8086480350992171,0.19135196490078288
risk_parity_spy_cash,2021-04-28,12766.967482075477,-0.002733912454666032,0.0,0.8081234614406916,0.19187653855930842
risk_parity_spy_cash,2021-04-29,12804.097574871572,0.0029082938331459474,0.0,0.8086798765758029,0.19132012342419713
risk_parity_spy_cash,2021-04-30,12736.22836830557,-0.005300584923626062,0.0,0.8076603640010109,0.19233963599898907
risk_parity_spy_cash,2021-05-03,12681.446690508355,-0.004301248078555253,0.0,0.8068294897148133,0.19317051028518673
risk_parity_spy_cash,2021-05-04,12497.318507391697,-0.014519493525488092,0.0,0.8039834283721747,0.19601657162782526
risk_parity_spy_cash,2021-05-05,12459.160889575262,-0.0030532644097905903,0.08030326280063138,0.8839416264275676,0.11605837357243243
risk_parity_spy_cash,2021-05-06,12542.170903946177,0.006662568619719034,0.0,0.8847097555921191,0.11529024440788094
risk_parity_spy_cash,2021-05-07,12632.209674963693,0.007178882484306426,0.0,0.8855315114197927,0.1144684885802073
risk_parity_spy_cash,2021-05-10,12349.709021614173,-0.02236351838818984,0.0,0.8829130349232822,0.11708696507671779
risk_parity_spy_cash,2021-05-11,12334.646378755455,-0.0012196759318261474,0.0,0.8827700523776781,0.11722994762232186
risk_parity_spy_cash,2021-05-12,12052.81581178294,-0.02284869450800986,0.0,0.8800288686476274,0.11997113135237258
risk_parity_spy_cash,2021-05-13,12134.82069658835,0.006803794738590385,0.0,0.8808396114721415,0.11916038852785849
risk_parity_spy_cash,2021-05-14,12370.79631302712,0.019446156011609927,0.0,0.8831126216669932,0.11688737833300678
risk_parity_spy_cash,2021-05-17,12304.522114511163,-0.005357310624067635,0.0,0.8824830468453498,0.11751695315465016
risk_parity_spy_cash,2021-05-18,12231.2191593486,-0.0059573996032006304,0.0,0.8817787556511762,0.11822124434882375
risk_parity_spy_cash,2021-05-19,12243.603499645567,0.0010125188777687644,0.0,0.8818983358156588,0.1181016641843412
risk_parity_spy_cash,2021-05-20,12452.466154644024,0.017058920194900296,0.0,0.8838792307512436,0.11612076924875636
risk_parity_spy_cash,2021-05-21,12391.548561251564,-0.004892010356498,0.0,0.8833083741088675,0.11669162589113247
risk_parity_spy_cash,2021-05-24,12575.642535656089,0.014856413909411392,0.0,0.8850166148710485,0.11498338512895145
risk_parity_spy_cash,2021-05-25,12591.03920023017,0.0012243242864471426,0.0,0.8851572196761222,0.11484278032387785
risk_parity_spy_cash,2021-05-26,12629.866415590446,0.0030837180905263217,0.0,0.8855102737162427,0.11448972628375731
risk_parity_spy_cash,2021-05-27,12588.026875953054,-0.0033127460149336985,0.0,0.8851297377126157,0.11487026228738428
risk_parity_spy_cash,2021-05-28,12623.171680659209,0.002791923234076732,0.0,0.8854495537649333,0.11455044623506672
risk_parity_spy_cash,2021-06-01,12586.01865976831,-0.002943239768165684,0.0,0.885111409095274,0.11488859090472603
risk_parity_spy_cash,2021-06-02,12607.775016085125,0.0017286130670026711,0.0,0.8853096643082097,0.11469033569179032
risk_parity_spy_cash,2021-06-03,12491.6284131928,-0.009212299770906651,0.0,0.884243278691014,0.11575672130898595
risk_parity_spy_cash,2021-06-04,12702.137265074756,0.016851994385266078,0.11575672130898595,1.0,0.0
risk_parity_spy_cash,2021-06-07,12739.986302720949,0.0029797377288829363,0.0,1.0,0.0
risk_parity_spy_cash,2021-06-08,12746.042287351655,0.0004753525228997635,0.0,1.0,0.0
risk_parity_spy_cash,2021-06-09,12749.069702136525,0.0002375180245459685,0.0,1.0,0.0
risk_parity_spy_cash,2021-06-10,12881.920193894173,0.010420406732530862,0.0,1.0,0.0
risk_parity_spy_cash,2021-06-11,12915.605236767584,0.0026149085203444056,0.0,1.0,0.0
risk_parity_spy_cash,2021-06-14,13039.372329109654,0.009582755904441465,0.0,1.0,0.0
risk_parity_spy_cash,2021-06-15,12954.21199440572,-0.006531014879743835,0.0,1.0,0.0
risk_parity_spy_cash,2021-06-16,12906.900697347977,-0.0036521941340912356,0.0,1.0,0.0
risk_parity_spy_cash,2021-06-17,13070.786522129172,0.012697535111188207,0.0,1.0,0.0
risk_parity_spy_cash,2021-06-18,12968.215953525058,-0.007847314194173394,0.0,1.0,0.0
risk_parity_spy_cash,2021-06-21,13033.694049413954,0.005049121338166707,0.0,1.0,0.0
risk_parity_spy_cash,2021-06-22,13155.19029190213,0.009321704347789117,0.0,1.0,0.0
risk_parity_spy_cash,2021-06-23,13161.623981467843,0.0004890609275087776,0.0,1.0,0.0
risk_parity_spy_cash,2021-06-24,13243.000336455929,0.006182850619548708,0.0,1.0,0.0
risk_parity_spy_cash,2021-06-25,13226.724372421733,-0.0012290239085315235,0.0,1.0,0.0
risk_parity_spy_cash,2021-06-28,13387.582782418056,0.012161621083729424,0.0,1.0,0.0
risk_parity_spy_cash,2021-06-29,13436.029504402746,0.003618780385680642,0.0,1.0,0.0
risk_parity_spy_cash,2021-06-30,13414.834135725754,-0.0015775023916140274,0.0,1.0,0.0
risk_parity_spy_cash,2021-07-01,13420.133555425484,0.0003950417609426271,0.0,1.0,0.0
risk_parity_spy_cash,2021-07-02,13574.179415860122,0.011478712920286904,0.0,1.0,0.0
risk_parity_spy_cash,2021-07-06,13632.844962187337,0.004321848454328592,0.0,1.0,0.0
risk_parity_spy_cash,2021-07-07,13661.610600417953,0.0021100245994436495,0.0,1.0,0.0
risk_parity_spy_cash,2021-07-08,13579.098820502915,-0.006039681727754265,0.0,1.0,0.0
risk_parity_spy_cash,2021-07-09,13663.881450271843,0.006243612399441156,0.0,1.0,0.0
risk_parity_spy_cash,2021-07-12,13717.248731960291,0.0039057190215439075,0.0,1.0,0.0
risk_parity_spy_cash,2021-07-13,13717.248731960291,0.0,0.0,1.0,0.0
risk_parity_spy_cash,2021-07-14,13741.850375418126,0.0017934823475580508,0.0,1.0,0.0
risk_parity_spy_cash,2021-07-15,13645.334636383752,-0.007023489297120045,0.0,1.0,0.0
risk_parity_spy_cash,2021-07-16,13534.816093291007,-0.008099364804001197,0.0,1.0,0.0
risk_parity_spy_cash,2021-07-19,13423.91869020229,-0.00819349168280803,0.0,1.0,0.0
risk_parity_spy_cash,2021-07-20,13579.856540494853,0.011616417969394943,0.0,1.0,0.0
risk_parity_spy_cash,2021-07-21,13684.697958952864,0.007720362740605946,0.0,1.0,0.0
risk_parity_spy_cash,2021-07-22,13775.157713356532,0.00661028505524941,0.0,1.0,0.0
risk_parity_spy_cash,2021-07-23,13936.016123352854,0.011677427826496167,0.0,1.0,0.0
risk_parity_spy_cash,2021-07-26,13946.991512626353,0.0007875557244159115,0.0,1.0,0.0
risk_parity_spy_cash,2021-07-27,13793.324512187686,-0.011017931738149467,0.0,1.0,0.0
risk_parity_spy_cash,2021-07-28,13846.312933880161,0.003841599002883944,0.0,1.0,0.0
risk_parity_spy_cash,2021-07-29,13870.915732398957,0.0017768483665132617,0.0,1.0,0.0
risk_parity_spy_cash,2021-07-30,13798.623931887412,-0.005211753997083957,0.0,1.0,0.0
risk_parity_spy_cash,2021-08-02,13799.759356814358,8.228537371191003e-05,0.0,1.0,0.0
risk_parity_spy_cash,2021-08-03,13883.405406595377,0.006061413653544179,0.0,1.0,0.0
risk_parity_spy_cash,2021-08-04,13903.465350345423,0.0014448864066531897,0.0,1.0,0.0
risk_parity_spy_cash,2021-08-05,13991.654254895195,0.006342944174531295,0.0,1.0,0.0
risk_parity_spy_cash,2021-08-06,13930.337843657155,-0.004382356090352091,0.0,1.0,0.0
risk_parity_spy_cash,2021-08-09,13956.076067102897,0.0018476381358878413,0.0,1.0,0.0
risk_parity_spy_cash,2021-08-10,13884.540831522329,-0.005125741306984621,0.0,1.0,0.0
risk_parity_spy_cash,2021-08-11,13860.695752995473,-0.0017173832981729475,0.0,1.0,0.0
risk_parity_spy_cash,2021-08-12,13910.656759903079,0.003604509311649018,0.0,1.0,0.0
risk_parity_spy_cash,2021-08-13,13959.482341883739,0.0035099408189984693,0.0,1.0,0.0
risk_parity_spy_cash,2021-08-16,13965.538326514443,0.0004338258742255796,0.0,1.0,0.0
risk_parity_spy_cash,2021-08-17,13842.528954164314,-0.00880806521554478,0.0,1.0,0.0
risk_parity_spy_cash,2021-08-18,13709.299602410696,-0.009624639557899384,0.0,1.0,0.0
risk_parity_spy_cash,2021-08-19,13775.535418291534,0.004831451481970062,0.0,1.0,0.0
risk_parity_spy_cash,2021-08-20,13918.227029456702,0.010358335036161126,0.0,1.0,0.0
risk_parity_spy_cash,2021-08-23,14126.396736510767,0.014956625338377716,0.0,1.0,0.0
risk_parity_spy_cash,2021-08-24,14169.544038795726,0.0030543742392170614,0.0,1.0,0.0
risk_parity_spy_cash,2021-08-25,14185.818847768962,0.0011485767593280016,0.0,1.0,0.0
risk_parity_spy_cash,2021-08-26,14095.739108422229,-0.006349985172755757,0.0,1.0,0.0
risk_parity_spy_cash,2021-08-27,14232.752439891696,0.00972019490539533,0.0,1.0,0.0
risk_parity_spy_cash,2021-08-30,14392.475424961072,0.011222213394346925,0.0,1.0,0.0
risk_parity_spy_cash,2021-08-31,14380.742315695632,-0.0008152252422881645,0.0,1.0,0.0
risk_parity_spy_cash,2021-09-01,14404.586239161523,0.0016580453875365553,0.0,1.0,0.0
risk_parity_spy_cash,2021-09-02,14397.773689599839,-0.00047294309246892485,0.0,1.0,0.0
risk_parity_spy_cash,2021-09-03,14442.05757187271,0.003075745127516516,0.0,1.0,0.0
risk_parity_spy_cash,2021-09-07,14462.49522055776,0.0014151479858972582,0.0,1.0,0.0
risk_parity_spy_cash,2021-09-08,14412.156508715147,-0.0034806380970179296,0.0,1.0,0.0
risk_parity_spy_cash,2021-09-09,14362.57436180351,-0.0034403003382355024,0.0,1.0,0.0
risk_parity_spy_cash,2021-09-10,14253.568948572718,-0.0075895456124276395,0.0,1.0,0.0
risk_parity_spy_cash,2021-09-13,14243.7278291652,-0.0006904319502732958,0.0,1.0,0.0
risk_parity_spy_cash,2021-09-14,14203.230236730105,-0.002843187746972564,0.0,1.0,0.0
risk_parity_spy_cash,2021-09-15,14308.828220119094,0.007434786427379603,0.0,1.0,0.0
risk_parity_spy_cash,2021-09-16,14318.66933952661,0.0006877655707460129,0.0,1.0,0.0
risk_parity_spy_cash,2021-09-17,14149.105235049718,-0.011842169160846017,0.0,1.0,0.0
risk_parity_spy_cash,2021-09-20,13841.393529237375,-0.02174778551014578,0.0,1.0,0.0
risk_parity_spy_cash,2021-09-21,13858.424903141582,0.0012304667061326935,0.0,1.0,0.0
risk_parity_spy_cash,2021-09-22,13987.869120118388,0.009340471076728418,0.0,1.0,0.0
risk_parity_spy_cash,2021-09-23,14116.934477099221,0.009226949142325136,0.0,1.0,0.0
risk_parity_spy_cash,2021-09-24,14130.180716226618,0.0009383226329260363,0.0,1.0,0.0
risk_parity_spy_cash,2021-09-27,14017.391323279979,-0.007982162097694534,0.0,1.0,0.0
risk_parity_spy_cash,2021-09-28,13620.732992925923,-0.028297585563962113,0.0,1.0,0.0
risk_parity_spy_cash,2021-09-29,13598.402199321985,-0.0016394707697108268,0.0,1.0,0.0
risk_parity_spy_cash,2021-09-30,13548.441192414377,-0.003674035094365591,0.0,1.0,0.0
risk_parity_spy_cash,2021-10-01,13632.466102191365,0.006201813816340218,0.0,1.0,0.0
risk_parity_spy_cash,2021-10-04,13346.327469991018,-0.020989498895900516,0.0,1.0,0.0
risk_parity_spy_cash,2021-10-05,13526.489258806407,0.013498978593210698,0.0,1.0,0.0
risk_parity_spy_cash,2021-10-06,13613.163878433259,0.0064077690795061315,0.0,1.0,0.0
risk_parity_spy_cash,2021-10-07,13738.065240641312,0.009175042871990113,0.0,1.0,0.0
risk_parity_spy_cash,2021-10-08,13669.55857490658,-0.0049866312711974725,0.0,1.0,0.0
risk_parity_spy_cash,2021-10-11,13564.71715644857,-0.007669700369876464,0.0,1.0,0.0
risk_parity_spy_cash,2021-10-12,13517.405859390828,-0.003487820388149432,0.0,1.0,0.0
risk_parity_spy_cash,2021-10-13,13625.65355262968,0.008008022720102703,0.0,1.0,0.0
risk_parity_spy_cash,2021-10-14,13876.592857033696,0.018416680230034732,0.0,1.0,0.0
risk_parity_spy_cash,2021-10-15,13964.024041591529,0.006300623320047549,0.0,1.0,0.0
risk_parity_spy_cash,2021-10-18,14104.443647841834,0.010055812409952125,0.0,1.0,0.0
risk_parity_spy_cash,2021-10-19,14211.17821121873,0.007567442292786053,0.0,1.0,0.0
risk_parity_spy_cash,2021-10-20,14192.632552391604,-0.0013050050144670644,0.0,1.0,0.0
risk_parity_spy_cash,2021-10-21,14279.306016957493,0.006106933597127773,0.0,1.0,0.0
risk_parity_spy_cash,2021-10-22,14159.325214453198,-0.008402425325279128,0.0,1.0,0.0
risk_parity_spy_cash,2021-10-25,14304.286520411299,0.010237868243193615,0.0,1.0,0.0
risk_parity_spy_cash,2021-10-26,14349.326967615143,0.003148737767491916,0.0,1.0,0.0
risk_parity_spy_cash,2021-10-27,14382.634305553547,0.0023211777119285237,0.0,1.0,0.0
risk_parity_spy_cash,2021-10-28,14542.357290622922,0.011105266370271316,0.0,1.0,0.0
risk_parity_spy_cash,2021-10-29,14613.891371142527,0.004919015472528043,0.0,1.0,0.0
risk_parity_spy_cash,2021-11-01,14663.852378050135,0.0034187339729556676,0.0,1.0,0.0
risk_parity_spy_cash,2021-11-02,14725.167634227215,0.0041813879870244985,0.0,1.0,0.0
risk_parity_spy_cash,2021-11-03,14881.484344515748,0.010615614991383193,0.0,1.0,0.0
risk_parity_spy_cash,2021-11-04,15072.243817669632,0.012818578358024135,0.0,1.0,0.0
risk_parity_spy_cash,2021-11-05,15086.626636784938,0.0009542586551343213,0.0,1.0,0.0
risk_parity_spy_cash,2021-11-08,15066.187833038925,-0.0013547630121751864,0.0,1.0,0.0
risk_parity_spy_cash,2021-11-09,14962.481839507866,-0.0068833599235793574,0.0,1.0,0.0
risk_parity_spy_cash,2021-11-10,14742.579023188357,-0.014696947918016123,0.0,1.0,0.0
risk_parity_spy_cash,2021-11-11,14783.455475619421,0.0027726798931699825,0.0,1.0,0.0
risk_parity_spy_cash,2021-11-12,14939.01562097698,0.0105225835471352,0.0,1.0,0.0
risk_parity_spy_cash,2021-11-15,14935.608191135172,-0.00022808931513684794,0.0,1.0,0.0
risk_parity_spy_cash,2021-11-16,15041.965049577062,0.007121026280336951,0.0,1.0,0.0
risk_parity_spy_cash,2021-11-17,15049.913024065692,0.0005283867142646947,0.0,1.0,0.0
risk_parity_spy_cash,2021-11-18,15205.850874358257,0.010361378836091006,0.0,1.0,0.0
risk_parity_spy_cash,2021-11-19,15290.632349066222,0.0055755824128811415,0.0,1.0,0.0
risk_parity_spy_cash,2021-11-22,15113.120270100699,-0.011609204571344178,0.0,1.0,0.0
risk_parity_spy_cash,2021-11-23,15044.235899430956,-0.004557918513096282,0.0,1.0,0.0
risk_parity_spy_cash,2021-11-24,15092.682621415646,0.0032202846531090845,0.0,1.0,0.0
risk_parity_spy_cash,2021-11-26,14806.543989215303,-0.01895876560700549,0.0,1.0,0.0
risk_parity_spy_cash,2021-11-29,15127.881949211978,0.021702428347271985,0.0,1.0,0.0
risk_parity_spy_cash,2021-11-30,14905.708283038577,-0.014686369639801078,0.0,1.0,0.0
risk_parity_spy_cash,2021-12-01,14652.119268784692,-0.01701287918954164,0.0,1.0,0.0
risk_parity_spy_cash,2021-12-02,14757.71840723464,0.007207089739906802,0.0,1.0,0.0
risk_parity_spy_cash,2021-12-03,14501.101978195888,-0.01738862485090875,0.0,1.0,0.0
risk_parity_spy_cash,2021-12-06,14617.298800984334,0.008012965012118567,0.0,1.0,0.0
risk_parity_spy_cash,2021-12-07,15057.482138558355,0.03011386327714516,0.0,1.0,0.0
risk_parity_spy_cash,2021-12-08,15124.853379366143,0.004474270013262505,0.0,1.0,0.0
risk_parity_spy_cash,2021-12-09,14902.302008257733,-0.0147142828777449,0.0,1.0,0.0
risk_parity_spy_cash,2021-12-10,15064.295843181004,0.010870390013133946,0.0,1.0,0.0
risk_parity_spy_cash,2021-12-13,14846.66387671539,-0.0144468728396705,0.0,1.0,0.0
risk_parity_spy_cash,2021-12-14,14692.996876276724,-0.010350271395290989,0.0,1.0,0.0
risk_parity_spy_cash,2021-12-15,15027.959935396768,0.022797463440618726,0.0,1.0,0.0
risk_parity_spy_cash,2021-12-16,14641.5215844462,-0.02571462478019748,0.0,1.0,0.0
risk_parity_spy_cash,2021-12-17,14568.47321900368,-0.00498912391182893,0.0,1.0,0.0
risk_parity_spy_cash,2021-12-20,14408.750233934306,-0.010963604948047934,0.0,1.0,0.0
risk_parity_spy_cash,2021-12-21,14731.223618857925,0.02238038550797805,0.0,1.0,0.0
risk_parity_spy_cash,2021-12-22,14910.62884274234,0.012178569039896558,0.0,1.0,0.0
risk_parity_spy_cash,2021-12-23,15023.040530753973,0.007539030660423718,0.0,1.0,0.0
risk_parity_spy_cash,2021-12-27,15271.330125308126,0.016527253191248148,0.0,1.0,0.0
risk_parity_spy_cash,2021-12-28,15200.551454658536,-0.004634741706768142,0.0,1.0,0.0
risk_parity_spy_cash,2021-12-29,15198.280604804644,-0.00014939259675317285,0.0,1.0,0.0
risk_parity_spy_cash,2021-12-30,15152.862452665788,-0.0029883743641697658,0.0,1.0,0.0
risk_parity_spy_cash,2021-12-31,15058.239858550303,-0.006244535935772122,0.0,1.0,0.0
risk_parity_spy_cash,2022-01-03,15203.201164508402,0.009626709849211768,0.0,1.0,0.0
risk_parity_spy_cash,2022-01-04,15006.008001788801,-0.012970502763585356,0.0,1.0,0.0
risk_parity_spy_cash,2022-01-05,14545.007000472795,-0.030721095261381448,0.0,1.0,0.0
risk_parity_spy_cash,2022-01-06,14534.787021069305,-0.0007026452034816222,0.0,1.0,0.0
risk_parity_spy_cash,2022-01-07,14377.334885853825,-0.010832778972766577,0.0,1.0,0.0
risk_parity_spy_cash,2022-01-10,14386.797145265373,0.0006581372338247959,0.0,1.0,0.0
risk_parity_spy_cash,2022-01-11,14602.915981869033,0.015022025710203613,0.0,1.0,0.0
risk_parity_spy_cash,2022-01-12,14660.82496326527,0.003965576564854301,0.0,1.0,0.0
risk_parity_spy_cash,2022-01-13,14294.067696068778,-0.025016141186833152,0.0,1.0,0.0
risk_parity_spy_cash,2022-01-14,14383.013165549526,0.00622254430103264,0.0,1.0,0.0
risk_parity_spy_cash,2022-01-18,14024.960437772643,-0.024894138916211173,0.0,1.0,0.0
risk_parity_spy_cash,2022-01-19,13870.915732398966,-0.01098361068875442,0.0,1.0,0.0
risk_parity_spy_cash,2022-01-20,13690.753943583577,-0.012988456731416576,0.0,1.0,0.0
risk_parity_spy_cash,2022-01-21,13311.128142194693,-0.027728626411170132,0.0,1.0,0.0
risk_parity_spy_cash,2022-01-24,13372.064538375802,0.004577853622184547,0.0,1.0,0.0
risk_parity_spy_cash,2022-01-25,13062.0808276486,-0.02318143992183075,0.0,1.0,0.0
risk_parity_spy_cash,2022-01-26,13041.64317896355,-0.001564654893406403,0.0,1.0,0.0
risk_parity_spy_cash,2022-01-27,12910.30697212882,-0.010070526009067549,0.0,1.0,0.0
risk_parity_spy_cash,2022-01-28,13315.290981906513,0.031369045728500966,0.0,1.0,0.0
risk_parity_spy_cash,2022-01-31,13741.092655426191,0.03197839792598445,0.0,1.0,0.0
risk_parity_spy_cash,2022-02-01,13834.579824614726,0.006803474187448755,0.0,1.0,0.0
risk_parity_spy_cash,2022-02-02,13928.939858127498,0.006820592653264734,0.14287858476861814,0.8581096060995734,0.14189039390042657
risk_parity_spy_cash,2022-02-03,13444.337190718803,-0.03479106610729821,0.0,0.8529951506683838,0.14700484933161617
risk_parity_spy_cash,2022-02-04,13589.00507501984,0.010760506988839014,0.0,0.8545601571142122,0.14543984288578782
risk_parity_spy_cash,2022-02-07,13495.587550234643,-0.006874493332622578,0.0,0.853553411014647,0.146446588985353
risk_parity_spy_cash,2022-02-08,13625.009209842534,0.00958992404933423,0.0,0.85494448241126,0.14505551758874002
risk_parity_spy_cash,2022-02-09,13871.85214067012,0.01811690010816802,0.0,0.8575256755159167,0.14247432448408326
risk_parity_spy_cash,2022-02-10,13602.627886617494,-0.01940795297718767,0.0,0.8547058127621459,0.14529418723785414
risk_parity_spy_cash,2022-02-11,13233.824067219037,-0.027112688994550327,0.0,0.8506567147147833,0.14934328528521668
risk_parity_spy_cash,2022-02-14,13247.771561435793,0.00105392773441082,0.0,0.8508139460346448,0.14918605396535523
risk_parity_spy_cash,2022-02-15,13528.02413579139,0.021154695569435278,0.0,0.8539045507868294,0.14609544921317064
risk_parity_spy_cash,2022-02-16,13525.104961877607,-0.0002157871603776229,0.0,0.8538730184604284,0.1461269815395716
risk_parity_spy_cash,2022-02-17,13181.601639617973,-0.02539746073896254,0.0,0.8500650514923058,0.14993494850769418
risk_parity_spy_cash,2022-02-18,13053.801413333504,-0.009695348848986596,0.0,0.8485971480256835,0.15140285197431647
risk_parity_spy_cash,2022-02-22,12942.543172560472,-0.008523052959836575,0.0,0.8472956406840356,0.15270435931596438
risk_parity_spy_cash,2022-02-23,12661.643212738747,-0.021703613893849116,0.0,0.8439078775259883,0.15609212247401172
risk_parity_spy_cash,2022-02-24,13020.71546253856,0.02835905606932232,0.0,0.8482124297415732,0.15178757025842682
risk_parity_spy_cash,2022-02-25,13191.980594682747,0.01315328121844983,0.0,0.8501830146807773,0.14981698531922272
risk_parity_spy_cash,2022-02-28,13225.390238210757,0.00253257221599279,0.0,0.8505614785282556,0.1494385214717444
risk_parity_spy_cash,2022-03-01,13053.15204809531,-0.013023297385797883,0.0,0.848589616071051,0.151410383928949
risk_parity_spy_cash,2022-03-02,13239.014039694446,0.014238859006185933,0.0,0.8507152604295695,0.14928473957043054
risk_parity_spy_cash,2022-03-03,13078.128852501068,-0.012152354148956879,0.0,0.8488787818674003,0.1511212181325997
risk_parity_spy_cash,2022-03-04,12941.742895933794,-0.010428552746763242,0.1387451651457704,0.7071195146913085,0.2928804853086915
risk_parity_spy_cash,2022-03-07,12604.230497852666,-0.026079362014460372,0.0,0.6992768467105428,0.3007231532894572
risk_parity_spy_cash,2022-03-08,12563.262924135419,-0.003250303437740798,0.0,0.6982962178703074,0.3017037821296926
risk_parity_spy_cash,2022-03-09,12879.069852320274,0.02513733335773427,0.0,0.705694278890915,0.29430572110908504
risk_parity_spy_cash,2022-03-10,12778.141694244905,-0.007836603049185653,0.0,0.7033697050167685,0.29663029498323146
risk_parity_spy_cash,2022-03-11,12591.750370149193,-0.01458673166691049,0.0,0.6989787893915749,0.3010212106084251
risk_parity_spy_cash,2022-03-14,12422.723421970499,-0.01342362604165026,0.0,0.6948830130599365,0.3051169869400635
risk_parity_spy_cash,2022-03-15,12693.492431596984,0.021796268050821244,0.0,0.7013915626036639,0.29860843739633613
risk_parity_spy_cash,2022-03-16,13023.679699326318,0.02601232635609585,0.0,0.7089621345419405,0.29103786545805954
risk_parity_spy_cash,2022-03-17,13135.460178360316,0.00858286456782098,0.0,0.7114388161028598,0.28856118389714025
risk_parity_spy_cash,2022-03-18,13326.734922690557,0.014561708667455209,0.0,0.7155804507188211,0.28441954928117885
risk_parity_spy_cash,2022-03-21,13288.479808228707,-0.0028705541667760626,0.0,0.714761658609418,0.285238341390582
risk_parity_spy_cash,2022-03-22,13475.142709441567,0.014046971806155772,0.0,0.7187128907031458,0.2812871092968542
risk_parity_spy_cash,2022-03-23,13335.959436904346,-0.01032889042723828,0.0,0.7157771843837242,0.2842228156162758
risk_parity_spy_cash,2022-03-24,13548.125747758439,0.015909339845993298,0.0,0.7202281695142575,0.2797718304857425
risk_parity_spy_cash,2022-03-25,13539.986714034221,-0.0006007497919454652,0.0,0.7200599956148659,0.2799400043851341
risk_parity_spy_cash,2022-03-28,13690.836210902491,0.011141037288604938,0.0,0.7231444535810762,0.27685554641892385
risk_parity_spy_cash,2022-03-29,13861.2202166879,0.012445113151651421,0.0,0.7265475996450839,0.27345240035491614
risk_parity_spy_cash,2022-03-30,13749.982063909176,-0.008025134226263941,0.0,0.7243353538583617,0.2756646461416383
risk_parity_spy_cash,2022-03-31,13626.535360544129,-0.008977953774141234,0.0,0.7218380285368414,0.2781619714631586
risk_parity_spy_cash,2022-04-01,13607.814754999414,-0.0013738345844623856,0.0,0.7214553542692196,0.2785446457307804
risk_parity_spy_cash,2022-04-04,13788.908668859305,0.013308081945586414,0.07155213128683069,0.6545258711694976,0.34547412883050244
risk_parity_spy_cash,2022-04-05,13588.512090593847,-0.014533171774357423,0.0,0.6494309915509412,0.3505690084490588
risk_parity_spy_cash,2022-04-06,13396.913072543874,-0.014100073412938396,0.0,0.6444172486525678,0.3555827513474322
risk_parity_spy_cash,2022-04-07,13417.441458855432,0.0015323221252834252,0.0,0.6449612823349782,0.3550387176650218
risk_parity_spy_cash,2022-04-08,13296.46978523119,-0.009016001597264456,0.0,0.6417311296274492,0.35826887037255084
risk_parity_spy_cash,2022-04-11,13094.60694692982,-0.015181686685407647,0.0,0.6362081558305621,0.3637918441694379
risk_parity_spy_cash,2022-04-12,13059.415214450359,-0.002687498190826698,0.0,0.6352278312870822,0.36477216871291784
risk_parity_spy_cash,2022-04-13,13228.041830859329,0.01291226395975098,0.0,0.6398778238828665,0.3601221761171335
risk_parity_spy_cash,2022-04-14,13034.487302222293,-0.014632137629433384,0.0,0.6345302197589812,0.36546978024101884
risk_parity_spy_cash,2022-04-18,13040.841592917095,0.00048749832252470426,0.0,0.6347082988505238,0.3652917011494762
risk_parity_spy_cash,2022-04-19,13225.842440805456,0.014186266014368343,0.0,0.639817937404113,0.36018206259588703
risk_parity_spy_cash,2022-04-20,13102.426751851768,-0.009331404748397443,0.0,0.6364252744840359,0.36357472551596415
risk_parity_spy_cash,2022-04-21,12929.88986007744,-0.01316831569006438,0.0,0.6315737209327627,0.36842627906723735
risk_parity_spy_cash,2022-04-22,12716.05157040442,-0.01653829166273646,0.0,0.625378114934302,0.37462188506569805
risk_parity_spy_cash,2022-04-25,12818.204997219826,0.00803342344514868,0.0,0.6283636272839492,0.37163637271605077
risk_parity_spy_cash,2022-04-26,12514.18873210305,-0.023717538078281253,0.0,0.6193351952830126,0.3806648047169874
risk_parity_spy_cash,2022-04-27,12504.901921336419,-0.0007421025018431449,0.0,0.6190524931851344,0.38094750681486556
risk_parity_spy_cash,2022-04-28,12779.836865201729,0.021986173549766397,0.0,0.6272478858577092,0.3727521141422908
risk_parity_spy_cash,2022-04-29,12419.121980191636,-0.028225312170633843,0.0,0.6164212560682149,0.38357874393178515
risk_parity_spy_cash,2022-05-02,12546.936449253064,0.010291747618333291,0.0,0.6203287368861168,0.3796712631138832
risk_parity_spy_cash,2022-05-03,12555.245504726165,0.0006622377906118082,0.0,0.620580003146547,0.37941999685345296
risk_parity_spy_cash,2022-05-04,12816.088563600708,0.02077562392359078,0.005958078078395657,0.622467690462762,0.37753230953723804
risk_parity_spy_cash,2022-05-05,12414.303904463279,-0.031350022055757876,0.0,0.6102489876286669,0.38975101237133314
risk_parity_spy_cash,2022-05-06,12323.539331102897,-0.007311289787883313,0.0,0.6073784174617524,0.39262158253824764
risk_parity_spy_cash,2022-05-09,12030.672159997928,-0.023764858717642334,0.0,0.5978206828095639,0.4021793171904361
risk_parity_spy_cash,2022-05-10,12118.048573381064,0.007262803958174802,0.0,0.6007205710267288,0.3992794289732712
risk_parity_spy_cash,2022-05-11,11902.149583211143,-0.017816316617526362,0.0,0.5934778435758363,0.40652215642416367
risk_parity_spy_cash,2022-05-12,11885.448842621314,-0.0014031701141941078,0.0,0.5929066223145819,0.4070933776854181
risk_parity_spy_cash,2022-05-13,12146.608981857242,0.021973098592575235,0.0,0.6016593996005838,0.3983406003994162
risk_parity_spy_cash,2022-05-16,12061.895380054219,-0.006974259394498916,0.0,0.5988617574439443,0.4011382425560557
risk_parity_spy_cash,2022-05-17,12248.991686519592,0.015511352119233157,0.0,0.6049889134976827,0.3950110865023173
risk_parity_spy_cash,2022-05-18,11885.207306036935,-0.029699128695059307,0.0,0.5928983491779475,0.4071016508220525
risk_parity_spy_cash,2022-05-19,11847.448563966545,-0.003176952752957929,0.0,0.5916008844836022,0.40839911551639785
risk_parity_spy_cash,2022-05-20,11825.665214088851,-0.0018386532560223934,0.0,0.5908485969241306,0.4091514030758694
risk_parity_spy_cash,2022-05-23,11941.844311176535,0.009824318123708764,0.0,0.594829124499509,0.405170875500491
risk_parity_spy_cash,2022-05-24,11790.811558826945,-0.01264735566919406,0.0,0.5896391448112218,0.4103608551887782
risk_parity_spy_cash,2022-05-25,11888.111654201428,0.008252196626926889,0.0,0.5929978069359766,0.4070021930640234
risk_parity_spy_cash,2022-05-26,12083.43645470354,0.016430262953753605,0.0,0.5995768643475134,0.40042313565248655
risk_parity_spy_cash,2022-05-27,12319.908895897279,0.01956996605065031,0.0,0.6072627195919242,0.39273728040807576
risk_parity_spy_cash,2022-05-31,12300.061531914584,-0.0016109992492967518,0.0,0.6066289992049484,0.3933710007950516
risk_parity_spy_cash,2022-06-01,12244.87670085723,-0.004486549186291988,0.0,0.604856166962365,0.395143833037635
risk_parity_spy_cash,2022-06-02,12447.70538564294,0.01656437134818267,0.0,0.6112948238451545,0.38870517615484546
risk_parity_spy_cash,2022-06-03,12269.481512150784,-0.01431780942515859,0.06342416863394917,0.5413322131778346,0.45866778682216536
risk_parity_spy_cash,2022-06-06,12291.606364055924,0.0018032426132457147,0.0,0.5421578137182794,0.4578421862817206
risk_parity_spy_cash,2022-06-07,12349.088083685609,0.004676501827928448,0.0,0.5442889472892881,0.4557110527107119
risk_parity_spy_cash,2022-06-08,12300.716986584437,-0.0039169772515490475,0.0,0.5424969181250705,0.4575030818749295
risk_parity_spy_cash,2022-06-09,12121.980513555232,-0.014530573561211124,0.0,0.5357511155589902,0.46424888444100976
risk_parity_spy_cash,2022-06-10,11892.920809018362,-0.018896227747662864,0.0,0.5268096020309601,0.47319039796903994
risk_parity_spy_cash,2022-06-13,11601.607280092088,-0.024494700133324,0.0,0.514927906559081,0.48507209344091895
risk_parity_spy_cash,2022-06-14,11612.452912549194,0.0009348387852876616,0.0,0.5153809472456852,0.4846190527543148
risk_parity_spy_cash,2022-06-15,11761.905383586369,0.012870017399654321,0.0,0.5215387518346337,0.4784612481653663
risk_parity_spy_cash,2022-06-16,11514.408633444318,-0.02104223270554706,0.0,0.5112544543288212,0.4887455456711788
risk_parity_spy_cash,2022-06-17,11585.989542875262,0.006216637928154967,0.0,0.5142740367744985,0.48572596322550154
risk_parity_spy_cash,2022-06-21,11724.59638145533,0.011963314662691404,0.0,0.5200162336048673,0.47998376639513274
risk_parity_spy_cash,2022-06-22,11715.703545369592,-0.0007584769484947351,0.0,0.5196519006442527,0.4803480993557473
risk_parity_spy_cash,2022-06-23,11806.372873839422,0.007739127925071587,0.0,0.5233408269610599,0.4766591730389401
risk_parity_spy_cash,2022-06-24,12018.079169266,0.017931527124276814,0.0,0.5317374888804816,0.46826251111951844
risk_parity_spy_cash,2022-06-27,11971.226619580393,-0.003898505661821927,0.0,0.5299048201602813,0.4700951798397187
risk_parity_spy_cash,2022-06-28,11777.957369758995,-0.01614448176139971,0.0,0.5221908388730374,0.4778091611269626
risk_parity_spy_cash,2022-06-29,11783.596648500577,0.0004787993846930849,0.0,0.5224195041206058,0.4775804958793942
risk_parity_spy_cash,2022-06-30,11707.24363430991,-0.006479601811589686,0.0,0.5193047905707657,0.48069520942923427
risk_parity_spy_cash,2022-07-01,11747.372606794173,0.003427704568021328,0.0,0.5209468432644333,0.4790531567355667
risk_parity_spy_cash,2022-07-05,11852.141125065264,0.008918463879361127,0.0,0.5251814949509654,0.47481850504903456
risk_parity_spy_cash,2022-07-06,11892.6029933283,0.003413886810499367,0.00858017864382099,0.5353519299208847,0.46464807007911535
risk_parity_spy_cash,2022-07-07,12028.844434284143,0.011455981590596576,0.0,0.5406146401463576,0.45938535985364237
risk_parity_spy_cash,2022-07-08,12037.001146052866,0.0006780960393397706,0.0,0.540925936450614,0.45907406354938596
risk_parity_spy_cash,2022-07-11,11897.894360703836,-0.011556598164372933,0.0,0.5355585735138252,0.4644414264861748
risk_parity_spy_cash,2022-07-12,11836.166674998456,-0.005188118488364868,0.0,0.5331364299947368,0.46686357000526324
risk_parity_spy_cash,2022-07-13,11823.159935586982,-0.0010988979598393067,0.0,0.532622830176342,0.46737716982365796
risk_parity_spy_cash,2022-07-14,11845.646733191548,0.0019019278878975587,0.0,0.5335100604018873,0.4664899395981127
risk_parity_spy_cash,2022-07-15,11960.282710460428,0.009677477291946346,0.0,0.5379812364941682,0.4620187635058318
risk_parity_spy_cash,2022-07-18,11905.830402606165,-0.004552760931532007,0.0,0.5358681551639186,0.4641318448360814
risk_parity_spy_cash,2022-07-19,12102.034843110232,0.016479693886880753,0.0,0.5433929003920344,0.45660709960796564
risk_parity_spy_cash,2022-07-20,12206.310101042398,0.008616340911588916,0.0,0.5472935732973714,0.4527064267026286
risk_parity_spy_cash,2022-07-21,12302.207977339449,0.00785641815611915,0.0,0.5508224995670926,0.4491775004329074
risk_parity_spy_cash,2022-07-22,12183.38263647903,-0.009658862952024116,0.0,0.5464416415420018,0.4535583584579982
risk_parity_spy_cash,2022-07-25,12145.464422028603,-0.0031122895489544833,0.0,0.5450256295638514,0.45497437043614863
risk_parity_spy_cash,2022-07-26,12015.396355139883,-0.010709188415455873,0.0,0.5401004789406489,0.45989952105935106
risk_parity_spy_cash,2022-07-27,12289.641904886776,0.02282451128876639,0.0,0.5503632187305774,0.44963678126942264
risk_parity_spy_cash,2022-07-28,12355.778278502125,0.005381472798572817,0.0,0.5527699749451152,0.44723002505488485
risk_parity_spy_cash,2022-07-29,12480.334980922898,0.010080846354898698,0.0,0.5572334366414197,0.44276656335858033
risk_parity_spy_cash,2022-08-01,12476.146290105342,-0.0003356232684426086,0.0,0.557084783988979,0.442915216011021
risk_parity_spy_cash,2022-08-02,12455.423505883948,-0.001660992404187267,0.0,0.5563478811895332,0.44365211881046684
risk_parity_spy_cash,2022-08-03,12644.133244218468,0.015150808661413606,0.0,0.562969250455043,0.437030749544957
risk_parity_spy_cash,2022-08-04,12678.351799951117,0.0027062792736936014,0.020029076235300702,0.5841321334365246,0.4158678665634754
risk_parity_spy_cash,2022-08-05,12617.854229717308,-0.004771722002069878,0.0,0.5821382131544093,0.4178617868455907
risk_parity_spy_cash,2022-08-08,12594.11153730068,-0.0018816743310213768,0.0,0.5813504510444458,0.4186495489555542
risk_parity_spy_cash,2022-08-09,12511.240978376616,-0.006580103620538957,0.0,0.5785774469775259,0.4214225530224741
risk_parity_spy_cash,2022-08-10,12713.280638365031,0.016148650668435183,0.0,0.5852747009551632,0.4147252990448368
risk_parity_spy_cash,2022-08-11,12671.046248946666,-0.0033220685218663393,0.0,0.5838923628721526,0.4161076371278474
risk_parity_spy_cash,2022-08-12,12815.099926663415,0.01136872795557231,0.0,0.58856980087867,0.41143019912133005
risk_parity_spy_cash,2022-08-15,12876.053832574118,0.0047564128457462385,0.0,0.5905174688499407,0.4094825311500593
risk_parity_spy_cash,2022-08-16,12858.24698743557,-0.001382942737743087,0.0,0.589950393724828,0.41004960627517195
risk_parity_spy_cash,2022-08-17,12771.72365300928,-0.006729014811337586,0.0,0.587172471168795,0.412827528831205
risk_parity_spy_cash,2022-08-18,12789.759014334124,0.0014121321299176426,0.0,0.587754616120781,0.41224538387921905
risk_parity_spy_cash,2022-08-19,12643.194445350919,-0.011459525454619035,0.0,0.5829757157198787,0.4170242842801213
risk_parity_spy_cash,2022-08-22,12449.145188230144,-0.015348119334835375,0.0,0.576475409767757,0.423524590232243
risk_parity_spy_cash,2022-08-23,12443.210037647756,-0.00047675165584859514,0.0,0.5762733974083443,0.42372660259165573
risk_parity_spy_cash,2022-08-24,12463.984806425344,0.0016695666724850788,0.0,0.5769796580730089,0.4230203419269911
risk_parity_spy_cash,2022-08-25,12591.143613661645,0.010202099024603228,0.0,0.5812517689921285,0.4187482310078715
risk_parity_spy_cash,2022-08-26,12291.166653759055,-0.023824441139493335,0.0,0.5710318423699546,0.42896815763004537
risk_parity_spy_cash,2022-08-29,12221.993828794419,-0.005627848593484086,0.0,0.5686040110603661,0.43139598893963393
risk_parity_spy_cash,2022-08-30,12144.60208477585,-0.006332170110922242,0.0,0.5658549306282862,0.4341450693717138
risk_parity_spy_cash,2022-08-31,12104.650767133338,-0.0032896357874576676,0.0,0.5644220377755246,0.4355779622244754
risk_parity_spy_cash,2022-09-01,12107.618690772377,0.0002451887044190304,0.0,0.5645288103923164,0.4354711896076836
risk_parity_spy_cash,2022-09-02,11992.551433382949,-0.009503706742691298,0.1010620406615077,0.6624163511247948,0.3375836488752052
risk_parity_spy_cash,2022-09-06,11935.494094697722,-0.00475773141371727,0.0,0.6608025407173126,0.3391974592826874
risk_parity_spy_cash,2022-09-07,12094.822456406268,0.013349121573385636,0.0,0.6652708804286233,0.33472911957137674
risk_parity_spy_cash,2022-09-08,12136.538073902166,0.0034490475280852806,0.0,0.6664214088438726,0.3335785911561274
risk_parity_spy_cash,2022-09-09,12313.360055162691,0.014569392044404772,0.0,0.6712116551397722,0.3287883448602278
risk_parity_spy_cash,2022-09-12,12411.5942154179,0.007977851684278559,0.0,0.6738139193129694,0.3261860806870306
risk_parity_spy_cash,2022-09-13,11952.988535584955,-0.03694978033226837,0.0,0.6612989914486804,0.33870100855131957
risk_parity_spy_cash,2022-09-14,12015.696660810281,0.005246229847760686,0.0,0.6630666213962185,0.3369333786037815
risk_parity_spy_cash,2022-09-15,11883.013236041774,-0.011042507855683503,0.0,0.6593044885344642,0.3406955114655358
risk_parity_spy_cash,2022-09-16,11835.107214744601,-0.004031470835349382,0.0,0.6579254248612781,0.34207457513872186
risk_parity_spy_cash,2022-09-19,11881.667067562234,0.003934045714400147,0.0,0.6592658884326397,0.34073411156736033
risk_parity_spy_cash,2022-09-20,11819.228340299864,-0.005255047705623017,0.0,0.6574658551607044,0.34253414483929556
risk_parity_spy_cash,2022-09-21,11680.085113767123,-0.01177261514258976,0.0,0.6533852936197277,0.34661470638027225
risk_parity_spy_cash,2022-09-22,11586.157214242987,-0.008041713618458624,0.0,0.6505753204152858,0.34942467958471424
risk_parity_spy_cash,2022-09-23,11463.431658080903,-0.010592429732544595,0.0,0.6468344390267217,0.35316556097327834
risk_parity_spy_cash,2022-09-26,11432.749858372756,-0.0026764934465779433,0.0,0.6458866569847957,0.35411334301520425
risk_parity_spy_cash,2022-09-27,11435.710771959539,0.0002589852505707757,0.0,0.645978343372245,0.354021656627755
risk_parity_spy_cash,2022-09-28,11582.65832606554,0.012849883757668934,0.0,0.6504697662457776,0.34953023375422243
risk_parity_spy_cash,2022-09-29,11365.466074453401,-0.018751502936365738,0.0,0.643790298991352,0.356209701008648
risk_parity_spy_cash,2022-09-30,11241.39517114703,-0.010916481778538656,0.0,0.6398588244103258,0.3601411755896742
risk_parity_spy_cash,2022-10-03,11410.142605536083,0.015011253658457901,0.0,0.6451850417504255,0.35481495824957454
risk_parity_spy_cash,2022-10-04,11666.365074568152,0.022455676312735262,0.07135618060323956,0.7227864662722953,0.27721353372770474
risk_parity_spy_cash,2022-10-05,11661.882062731533,-0.00038426809104330495,0.0,0.7226799010072474,0.27732009899275256
risk_parity_spy_cash,2022-10-06,11595.530751224958,-0.005689588622973307,0.0,0.7210930351129581,0.2789069648870419
risk_parity_spy_cash,2022-10-07,11276.924969818308,-0.027476601825491387,0.0,0.7132131058126014,0.28678689418739856
risk_parity_spy_cash,2022-10-10,11196.526279818192,-0.007129487002467072,0.0,0.7111537804445692,0.28884621955543077
risk_parity_spy_cash,2022-10-11,11087.136230463666,-0.009769998892576348,0.0,0.7083039099679878,0.29169609003201225
risk_parity_spy_cash,2022-10-12,11084.446423361695,-0.00024260611992665826,0.0,0.7082331255386515,0.2917668744613485
risk_parity_spy_cash,2022-10-13,11268.55637702055,0.016609756286143806,0.0,0.7130001235407922,0.28699987645920777
risk_parity_spy_cash,2022-10-14,11027.061135528358,-0.021430894376555765,0.0,0.7067147585081782,0.2932852414918218
risk_parity_spy_cash,2022-10-17,11284.396960248741,0.023336755057180802,0.0,0.713403002440351,0.28659699755964896
risk_parity_spy_cash,2022-10-18,11348.058464653346,0.00564155130565358,0.0,0.7150107837255215,0.2849892162744785
risk_parity_spy_cash,2022-10-19,11318.46876231525,-0.0026074682669516847,0.0,0.7142657407116463,0.2857342592883537
risk_parity_spy_cash,2022-10-20,11277.223229201947,-0.0036440912617640153,0.0,0.7132206907367051,0.28677930926329487
risk_parity_spy_cash,2022-10-21,11465.817106805627,0.016723432157955687,0.0,0.7179377398093235,0.2820622601906765
risk_parity_spy_cash,2022-10-24,11556.377594338148,0.00789830211741016,0.0,0.7201480947054726,0.2798519052945274
risk_parity_spy_cash,2022-10-25,11728.531633621747,0.014896885972983664,0.0,0.7242558242493443,0.2757441757506557
risk_parity_spy_cash,2022-10-26,11540.835270493597,-0.016003398293277238,0.0,0.7197712113310322,0.28022878866896783
risk_parity_spy_cash,2022-10-27,11389.602257150289,-0.013104165322415207,0.0,0.716050287353257,0.28394971264674296
risk_parity_spy_cash,2022-10-28,11639.166919948395,0.021911622299315203,0.0,0.7221386796562189,0.2778613203437811
risk_parity_spy_cash,2022-10-31,11541.433613477284,-0.008396933143351104,0.0,0.7197857392428274,0.2802142607571726
risk_parity_spy_cash,2022-11-01,11456.550999532341,-0.0073545988122154515,0.0,0.7177096066512048,0.28229039334879524
risk_parity_spy_cash,2022-11-02,11189.466368279422,-0.023312830472611012,0.0386849497514985,0.6713759162613084,0.32862408373869156
risk_parity_spy_cash,2022-11-03,11042.714430393065,-0.01311518646701304,0.0,0.6670086729146864,0.33299132708531365
risk_parity_spy_cash,2022-11-04,11161.190478326931,0.010728888144366122,0.0,0.670543376180071,0.329456623819929
risk_parity_spy_cash,2022-11-07,11243.473421638078,0.0073722371704816325,0.0,0.6729544336606789,0.32704556633932114
risk_parity_spy_cash,2022-11-08,11298.611752210107,0.0049040299651452735,0.0,0.6745504480157526,0.3254495519842474
risk_parity_spy_cash,2022-11-09,11122.735682189154,-0.015566166346635435,0.0,0.6694043409941925,0.33059565900580745
risk_parity_spy_cash,2022-11-10,11672.136016867227,0.04939435318577501,0.0,0.6849652773505235,0.3150347226494765
risk_parity_spy_cash,2022-11-11,11819.45316190443,0.012621266992118407,0.0,0.6888918562956385,0.31110814370436146
risk_parity_spy_cash,2022-11-14,11748.19822987236,-0.006028614949948219,0.0,0.6870049295345706,0.3129950704654294
risk_parity_spy_cash,2022-11-15,11859.888340349366,0.009506999140771244,0.0,0.6899525503717844,0.3100474496282156
risk_parity_spy_cash,2022-11-16,11748.198229872358,-0.009417467287362147,0.0,0.6870049295345706,0.3129950704654294
risk_parity_spy_cash,2022-11-17,11730.38428113642,-0.0015163132582017846,0.0,0.6865296102265034,0.3134703897734966
risk_parity_spy_cash,2022-11-18,11730.667316167684,2.412836821719111e-05,0.0,0.6865371735730017,0.3134628264269983
risk_parity_spy_cash,2022-11-21,11647.819165705692,-0.00706252664311835,0.0,0.6843075874986808,0.3156924125013192
risk_parity_spy_cash,2022-11-22,11762.619209879867,0.009855926035680307,0.0,0.6873886617266183,0.3126113382733817
risk_parity_spy_cash,2022-11-23,11843.770875977643,0.006899115294798808,0.0,0.6895306257351754,0.31046937426482457
risk_parity_spy_cash,2022-11-25,11790.046857650248,-0.004536056876645711,0.0,0.6881159017264854,0.3118840982735146
risk_parity_spy_cash,2022-11-28,11671.004739653856,-0.010096831627021796,0.0,0.6849347408533578,0.3150652591466422
risk_parity_spy_cash,2022-11-29,11610.494783869603,-0.005184639809001412,0.0,0.6832927277217034,0.31670727227829665
risk_parity_spy_cash,2022-11-30,11972.142795065538,0.031148372048568573,0.0,0.6928596496262718,0.3071403503737282
risk_parity_spy_cash,2022-12-01,11982.322564162509,0.000850287978620301,0.0,0.6931205855033044,0.30687941449669565
risk_parity_spy_cash,2022-12-02,11952.810441134005,-0.0024629718379282073,0.0998147529168234,0.5923423774203836,0.40765762257961635
risk_parity_spy_cash,2022-12-05,11833.981598120512,-0.009941498160512818,0.0,0.5882489551655729,0.41175104483442715
risk_parity_spy_cash,2022-12-06,11689.739971028404,-0.012188765538981072,0.0,0.5831682911977696,0.4168317088022304
risk_parity_spy_cash,2022-12-07,11661.908363773277,-0.002380857685808646,0.0,0.5821735057776659,0.4178264942223341
risk_parity_spy_cash,2022-12-08,11742.257607551248,0.006889888110214404,0.0,0.5850325848375203,0.4149674151624797
risk_parity_spy_cash,2022-12-09,11698.452904467586,-0.0037305179759888896,0.0,0.5834787448076438,0.41652125519235617
risk_parity_spy_cash,2022-12-12,11784.125774949774,0.007323435943352052,0.0,0.5865069347837751,0.41349306521622486
risk_parity_spy_cash,2022-12-13,11858.424637212633,0.006304995693511728,0.0,0.5890976721910646,0.41090232780893543
risk_parity_spy_cash,2022-12-14,11806.633755500685,-0.004367433558537304,0.0,0.5872952114477725,0.4127047885522275
risk_parity_spy_cash,2022-12-15,11573.81519297065,-0.019719300805919104,0.0,0.5789932527575777,0.42100674724242226
risk_parity_spy_cash,2022-12-16,11509.922809656515,-0.005520425395503015,0.0,0.5766562149757012,0.4233437850242988
risk_parity_spy_cash,2022-12-19,11401.01594238448,-0.009461998057942234,0.0,0.5726122731341078,0.4273877268658922
risk_parity_spy_cash,2022-12-20,11395.933828711934,-0.0004457597198556096,0.0,0.5724216759401587,0.4275783240598413
risk_parity_spy_cash,2022-12-21,11490.561884236937,0.008303668391491437,0.0,0.5759429054325065,0.4240570945674935
risk_parity_spy_cash,2022-12-22,11328.653615806756,-0.014090544053575904,0.0,0.5698823132186922,0.4301176867813078
risk_parity_spy_cash,2022-12-23,11343.173940585457,0.0012817343764877087,0.0,0.5704329041324736,0.4295670958675264
risk_parity_spy_cash,2022-12-27,11251.692201619826,-0.008064915467646427,0.0,0.5669403143754662,0.4330596856245338
risk_parity_spy_cash,2022-12-28,11167.471363615508,-0.0074851708076579815,0.0,0.5636743422998166,0.4363256577001834
risk_parity_spy_cash,2022-12-29,11320.90895021014,0.013739689281366152,0.0,0.5695880685015974,0.4304119314984026
risk_parity_spy_cash,2022-12-30,11317.036617411832,-0.00034205140376442067,0.0,0.569440795121165,0.43055920487883503
cppi_spy_cash,2020-01-02,10000.0,0.0,0.0,0.0,1.0
cppi_spy_cash,2020-01-03,9939.073382322029,-0.006092661767797103,0.6,0.5977894672645976,0.4022105327354024
cppi_spy_cash,2020-01-06,9976.43018297759,0.0037585798211334787,0.01250149089118735,0.5868460330551761,0.41315396694482387
cppi_spy_cash,2020-01-07,9975.530367122812,-9.019417148969922e-05,0.007483846489282353,0.5942963234103849,0.40570367658961515
cppi_spy_cash,2020-01-08,10020.074757863335,0.00446536565988831,0.00018344086118249336,0.595917333866593,0.40408266613340704
cppi_spy_cash,2020-01-09,10071.336275918542,0.005115881796688093,0.008890955496137942,0.6068232487790947,0.39317675122090534
cppi_spy_cash,2020-01-10,10055.343157963664,-0.0015879837110711614,0.010176189777422628,0.6163941762433176,0.3836058237566824
cppi_spy_cash,2020-01-13,10126.447751303222,0.0070713243916737945,0.003184922513612909,0.6159263946817456,0.3840736053182544
cppi_spy_cash,2020-01-14,10101.187113115671,-0.002494521159633667,0.014042120495620147,0.6290483645001075,0.3709516354998925
cppi_spy_cash,2020-01-15,10103.714213663961,0.0002501785701018999,0.005006727734237715,0.6241375518168756,0.3758624481831244
cppi_spy_cash,2020-01-16,10164.192024908703,0.005985700898284874,0.0004983501425130932,0.6268695363734473,0.37313046362655267
cppi_spy_cash,2020-01-17,10196.20076507931,0.0031491672030756757,0.011899984983015588,0.6399078105069693,0.3600921894930307
cppi_spy_cash,2020-01-21,10193.1871257229,-0.0002955649291186413,0.0062742770214611054,0.6460797010519562,0.3539202989480438
cppi_spy_cash,2020-01-22,10210.566935871204,0.001705041802327445,0.000593525235079273,0.646089817884554,0.353910182115446
cppi_spy_cash,2020-01-23,10231.860701766853,0.0020854636211080635,0.0034040691116209443,0.6502245241735992,0.3497754758264008
cppi_spy_cash,2020-01-24,10175.472814329047,-0.005511010077381973,0.004161056363512272,0.6524717871751385,0.34752821282486146
cppi_spy_cash,2020-01-27,10040.554757904634,-0.0132591437160956,0.011084545316787486,0.6365724791889011,0.36342752081109886
cppi_spy_cash,2020-01-28,10134.310408547273,0.009337696263129969,0.02687865037984094,0.6133150661737747,0.38668493382622526
cppi_spy_cash,2020-01-29,10144.531747468069,0.0010085875120002807,0.018492226825815083,0.6321850752424811,0.36781492475751887
cppi_spy_cash,2020-01-30,10167.425512308613,0.0022567591497022477,0.002008340733563374,0.6350178274975808,0.36498217250241916
cppi_spy_cash,2020-01-31,10064.266864936919,-0.010145994897804878,0.004502622301065795,0.6358271773008841,0.3641728226991159
cppi_spy_cash,2020-02-03,10157.627582396748,0.009276454878704543,0.02050162225365393,0.6188689861502434,0.38113101384975656
cppi_spy_cash,2020-02-04,10305.59429661197,0.014567054463745954,0.01837457241532192,0.6424585498376294,0.3575414501623706
cppi_spy_cash,2020-02-05,10328.103364321614,0.002184160084493625,0.02870923445112772,0.6718938611419042,0.3281061388580958
cppi_spy_cash,2020-02-06,10388.34693480827,0.005832975170907639,0.004349379905828732,0.6781221546687571,0.32187784533124286
cppi_spy_cash,2020-02-07,10357.411277284738,-0.002977919174019572,0.011596897783840987,0.6887959101227523,0.3112040898772477
cppi_spy_cash,2020-02-10,10442.82057756033,0.008246201486939553,0.0059772363712696785,0.685414703360163,0.31458529663983703
cppi_spy_cash,2020-02-11,10443.913237111323,0.00010463260791260254,0.01635563524246353,0.7018064171104272,0.29819358288957276
cppi_spy_cash,2020-02-12,10515.329577591148,0.006838082513559662,0.00020436609690732688,0.704034679389713,0.295965320610287
cppi_spy_cash,2020-02-13,10505.523583992815,-0.0009325426774288159,0.013583220942620655,0.7173581604129418,0.28264183958705824
cppi_spy_cash,2020-02-14,10527.028397174228,0.0020470006096773297,0.0018706654887109542,0.7160692336038742,0.2839307663961258
cppi_spy_cash,2020-02-18,10529.893111853411,0.00027212947197452486,0.004085106775570058,0.7202316168012394,0.27976838319876063
cppi_spy_cash,2020-02-19,10602.638084799322,0.00690842463196728,0.000542967986957188,0.7226905081230195,0.2773094918769805
cppi_spy_cash,2020-02-20,10530.0090445253,-0.0068500914294290505,0.013721900935055875,0.7345979980016436,0.2654020019983564
cppi_spy_cash,2020-02-21,10384.06551772216,-0.013859772217291622,0.013798319532035475,0.7168795459618328,0.2831204540381672
cppi_spy_cash,2020-02-24,10107.96799825614,-0.026588576410155884,0.02811303722206715,0.6802742047204007,0.3197257952795993
cppi_spy_cash,2020-02-25,9935.466441471463,-0.017065898587573458,0.0546386669090978,0.6191565570106566,0.38084344298934336
cppi_spy_cash,2020-02-26,9965.045933294447,0.0029771618672593814,0.03474521018369803,0.5856593457379874,0.4143406542620126
cppi_spy_cash,2020-02-27,9669.79616125369,-0.029628541003939746,0.0059222525150580685,0.5791137721501084,0.4208862278498916
cppi_spy_cash,2020-02-28,9673.103087308722,0.00034198508426519503,0.06106888265870469,0.5182390770013415,0.48176092299865847
cppi_spy_cash,2020-03-02,9932.11038383817,0.026776029800537282,0.0006543139428308864,0.5314398853326118,0.46856011466738823
cppi_spy_cash,2020-03-03,9745.72944530671,-0.01876549205843947,0.052155234688051166,0.5756537719422571,0.4243462280577429
cppi_spy_cash,2020-03-04,9963.856104844797,0.022381768420949966,0.038270873585457,0.5475277326227552,0.4524722673772448
cppi_spy_cash,2020-03-05,9784.429019971794,-0.01800779567518629,0.04376626565866237,0.5838173537598136,0.4161826462401864
cppi_spy_cash,2020-03-06,9693.751487703044,-0.009267534373611497,0.0366942616521031,0.5429035530573685,0.4570964469426315
cppi_spy_cash,2020-03-09,9340.609989778204,-0.036429807218889,0.01872522338232674,0.5061981327124976,0.4938018672875024
cppi_spy_cash,2020-03-10,9558.877911817604,0.023367630409390827,0.07562347284169058,0.44361902674245124,0.5563809732575488
cppi_spy_cash,2020-03-11,9354.760557214175,-0.021353694072301144,0.045626026766508065,0.4781243850013435,0.5218756149986565
cppi_spy_cash,2020-03-12,8981.708722293486,-0.039878287919726585,0.04366305947781163,0.41099761185235406,0.5890023881476459
cppi_spy_cash,2020-03-13,9230.410194272856,0.027689772588824768,0.08309495346727808,0.3460657956878601,0.6539342043121399
cppi_spy_cash,2020-03-16,8787.772546440892,-0.04795427705982169,0.0538330717653811,0.36970587357270335,0.6302941264272967
cppi_spy_cash,2020-03-17,8966.106886245607,0.02029346331647397,0.10077337368911948,0.28354551483459256,0.7164544851654074
cppi_spy_cash,2020-03-18,8877.598677242413,-0.009871420241372442,0.03970745275861881,0.3165330500095857,0.6834669499904142
cppi_spy_cash,2020-03-19,8893.223806903501,0.0017600626283256204,0.019966813187417665,0.2978161696706845,0.7021838303293155
cppi_spy_cash,2020-03-20,8788.214265148721,-0.011807815032526703,0.003499919847985533,0.2929700560558049,0.7070299439441952
cppi_spy_cash,2020-03-23,8784.67980940535,-0.00040218133476643825,0.023900285553782763,0.26879316220121086,0.7312068377987891
cppi_spy_cash,2020-03-24,8966.963367781154,0.0207501653253932,0.0008221627692577838,0.28285252984729947,0.7171474701527005
cppi_spy_cash,2020-03-25,8945.118615188778,-0.0024361371510522867,0.04065610784453477,0.32188415800220826,0.6781158419977917
cppi_spy_cash,2020-03-26,9094.384914983088,0.016686899997151006,0.004911743488675735,0.3281862580976643,0.6718137419023358
cppi_spy_cash,2020-03-27,8981.173016256285,-0.012448549273550547,0.0328227354341834,0.3529754499723822,0.6470245500276177
cppi_spy_cash,2020-03-30,9088.009481741141,0.011895602644718783,0.025232175965638592,0.3356629263569609,0.6643370736430392
cppi_spy_cash,2020-03-31,9059.922189660136,-0.0030905878935795217,0.023494758478341315,0.35718606831563177,0.6428139316843682
cppi_spy_cash,2020-04-01,8924.760096545806,-0.014918681450552307,0.00621544159111137,0.3411454191142086,0.6588545808857914
cppi_spy_cash,2020-04-02,8980.79228524305,0.006278285140564055,0.03029333349779395,0.3151725044929062,0.6848274955070939
cppi_spy_cash,2020-04-03,8938.92041275112,-0.004662380685580669,0.012457482068966241,0.3244888725658146,0.6755111274341854
cppi_spy_cash,2020-04-06,9140.218478877932,0.022519281617013442,0.009376855880295243,0.330201812785873,0.669798187214127
cppi_spy_cash,2020-04-07,9138.42319456874,-0.00019641590770946848,0.04404038334308885,0.3741468272235007,0.6258531727764993
cppi_spy_cash,2020-04-08,9210.933173278016,0.007934626922549315,0.00042047301657066605,0.3786567444616383,0.6213432555383618
cppi_spy_cash,2020-04-09,9216.040540659826,0.000554489679354786,0.01574406721434035,0.39474595339253626,0.6052540466074637
cppi_spy_cash,2020-04-13,9255.4429822873,0.004275419737319597,0.0010988354714554505,0.39841747055119997,0.6015825294488
cppi_spy_cash,2020-04-14,9419.164649251903,0.017689230788620947,0.00851377564303979,0.41724478690623806,0.5827552130937619
cppi_spy_cash,2020-04-15,9370.00602239778,-0.005219000695356524,0.034758560130895566,0.44914749500514006,0.5508525049948599
cppi_spy_cash,2020-04-16,9444.873550791643,0.007990125963089234,0.010511910634236121,0.4430912563948253,0.5569087436051747
cppi_spy_cash,2020-04-17,9486.189085065953,0.004374387232621846,0.015847725589916317,0.46130402138241206,0.538695978617588
cppi_spy_cash,2020-04-20,9433.297795644075,-0.0055756098626732475,0.008702133377559207,0.4670391852620304,0.5329608147379696
cppi_spy_cash,2020-04-21,9274.529706491188,-0.016830602891196755,0.011218381118886844,0.44651136147292136,0.5534886385270786
cppi_spy_cash,2020-04-22,9387.67120218698,0.01219916257496112,0.03424365189866041,0.41937102296085765,0.5806289770391424
cppi_spy_cash,2020-04-23,9378.565652429757,-0.0009699476644540184,0.024084389664918326,0.44292848644898153,0.5570715135510185
cppi_spy_cash,2020-04-24,9443.768928450178,0.006952371869735519,0.0019551958032190675,0.4448341034148933,0.5551658965851067
cppi_spy_cash,2020-04-27,9478.476496143665,0.0036751818004492343,0.013807654782100831,0.4606315103416386,0.5393684896583615
cppi_spy_cash,2020-04-28,9394.867991490964,-0.008820880094677297,0.007316001079163803,0.4632165010362222,0.5367834989637779
cppi_spy_cash,2020-04-29,9543.08830770281,0.015776732184644926,0.0178026880626993,0.4540371950548121,0.5459628049451879
cppi_spy_cash,2020-04-30,9540.8896586731,-0.00023039177243433517,0.03105366587454428,0.48498819626342937,0.5150118037365706
cppi_spy_cash,2020-05-01,9410.59482949477,-0.013656465365353698,0.00047688323120215204,0.47737433963025333,0.5226256603697467
cppi_spy_cash,2020-05-04,9459.664483636625,0.00521429888661884,0.027691342417259512,0.4525527896091795,0.5474472103908206
cppi_spy_cash,2020-05-05,9509.21170641275,0.005237735742301686,0.010359342050952791,0.4657161332425224,0.5342838667574776
cppi_spy_cash,2020-05-06,9536.986188383953,0.002920797520205909,0.010415354731916016,0.4776625860741295,0.5223374139258705
cppi_spy_cash,2020-05-07,9596.304487010188,0.006219815930790018,0.005819142227837193,0.4866775054246455,0.5133224945753545
cppi_spy_cash,2020-05-08,9661.816049271094,0.006826749020894862,0.012359750793408342,0.502440164115187,0.497559835884813
cppi_spy_cash,2020-05-11,9706.24875867425,0.004598794799711481,0.01355477124578941,0.518217116557873,0.48178288344212705
cppi_spy_cash,2020-05-12,9598.989229414154,-0.011050564633864446,0.00914895485547762,0.5220892114618645,0.4779107885381355
cppi_spy_cash,2020-05-13,9538.73835230289,-0.006276793907283307,0.022352460685738262,0.4965881202712014,0.5034118797287985
cppi_spy_cash,2020-05-14,9591.021571535215,0.005481146174819207,0.012644134555920894,0.4867636343393824,0.5132363656606176
cppi_spy_cash,2020-05-15,9621.900928376996,0.003219610821586061,0.010896044455566911,0.49927728459056725,0.5007227154094327
cppi_spy_cash,2020-05-18,9712.49688760334,0.009415598840677886,0.0064131004331459684,0.5103043330350789,0.48969566696492106
cppi_spy_cash,2020-05-19,9699.44022872413,-0.001344315373307814,0.018652404070012563,0.5283314519140677,0.4716685480859323
cppi_spy_cash,2020-05-20,9801.218332464803,0.010493193559692804,0.0027010478961003725,0.5305576349149242,0.46944236508507575
cppi_spy_cash,2020-05-21,9742.166303769849,-0.006024968191898572,0.020767191662579676,0.5486145613909187,0.4513854386090813
cppi_spy_cash,2020-05-22,9760.088606459803,0.0018396629795798258,0.012132351136810215,0.5373389741759946,0.46266102582400537
cppi_spy_cash,2020-05-26,9745.797798183357,-0.0014642088666068087,0.0036669564345757077,0.5403345675199165,0.4596654324800835
cppi_spy_cash,2020-05-27,9774.352516260475,0.0029299518283090187,0.0029343974151830876,0.538752959167069,0.461247040832931
cppi_spy_cash,2020-05-28,9767.361367317848,-0.0007152544305104591,0.005841431093161598,0.5442710883575552,0.4557289116424448
cppi_spy_cash,2020-05-29,9845.037569381719,0.007952629081972917,0.001434194895763019,0.5464445077209729,0.45355549227902714
cppi_spy_cash,2020-06-01,9861.485329554864,0.0016706650489886066,0.015779117037908463,0.5629606788025009,0.4370393211974991
cppi_spy_cash,2020-06-02,9898.911306233367,0.003795166288625751,0.0033288609616541898,0.5679307581470074,0.43206924185299256
cppi_spy_cash,2020-06-03,9924.463418686213,0.0025813053236223293,0.007560196612113934,0.5765871220469178,0.42341287795308225
cppi_spy_cash,2020-06-04,9883.921410621251,-0.00408505793760372,0.005146117574707287,0.5800197484111618,0.4199802515888382
cppi_spy_cash,2020-06-05,9995.898451168374,0.01132921194889236,0.008205789450462797,0.5766141011494474,0.42338589885055256
cppi_spy_cash,2020-06-08,10042.138161565363,0.0046258683621964725,0.022401123220428754,0.6008705272795225,0.3991294727204775
cppi_spy_cash,2020-06-09,10086.430481414913,0.004410646332179802,0.009200195322555893,0.6117865821152886,0.3882134178847114
cppi_spy_cash,2020-06-10,10161.463013245739,0.007438957911729105,0.008778984244188437,0.6233706274590449,0.3766293725409551
cppi_spy_cash,2020-06-11,9840.021624167794,-0.03163337687289103,0.014764750417609385,0.6263199591555758,0.3736800408444242
cppi_spy_cash,2020-06-12,9883.249522873379,0.004393069482633516,0.06533898946484784,0.5629297347943656,0.4370702652056344
cppi_spy_cash,2020-06-15,9951.904273073298,0.006946576633629187,0.008719150073368986,0.5746076403510533,0.4253923596489467
cppi_spy_cash,2020-06-16,10052.324601055745,0.010090564099792587,0.013793600109388016,0.5925186347249151,0.40748136527508494
cppi_spy_cash,2020-06-17,10071.644950829088,0.001921978302542371,0.019973902824121037,0.6132436149658401,0.3867563850341599
cppi_spy_cash,2020-06-18,10088.44352831382,0.0016679080295962656,0.0038288575874796393,0.6177115606858425,0.38228843931415746
cppi_spy_cash,2020-06-19,10087.384195450975,-0.00010500458865336793,0.003328797755718149,0.6210018233739282,0.3789981766260718
cppi_spy_cash,2020-06-22,10151.480400964832,0.00635409579648627,0.00021129284402954251,0.6231849297083387,0.3768150702916613
cppi_spy_cash,2020-06-23,10206.284915735501,0.005398672174499852,0.0126278727555309,0.6377729464881049,0.3622270535118951
cppi_spy_cash,2020-06-24,10069.725055290035,-0.013379977295648993,0.01073479181752568,0.6437448253536598,0.35625517464634016
cppi_spy_cash,2020-06-25,10128.558400503742,0.005842596981612713,0.027126682179216988,0.6188554172410118,0.3811445827589882
cppi_spy_cash,2020-06-26,9977.644891347403,-0.01489980145139247,0.011606979183896526,0.6248774338851323,0.3751225661148677
cppi_spy_cash,2020-06-29,10042.049496245501,0.0064548904675840735,0.030254680855783533,0.5972348226922606,0.4027651773077394
cppi_spy_cash,2020-06-30,10162.000505443744,0.011944873329203354,0.012814798256823079,0.6146574856072988,0.3853425143927012
cppi_spy_cash,2020-07-01,10237.463793903462,0.007426026835886557,0.023602816865300635,0.6409352649070538,0.35906473509294623
cppi_spy_cash,2020-07-02,10282.867173750357,0.004435022263417743,0.014734099775603138,0.6571947868369872,0.3428052131630128
cppi_spy_cash,2020-07-06,10451.145655872402,0.016364937840646077,0.0088258283795426,0.6714010640230277,0.3285989359769723
cppi_spy_cash,2020-07-07,10400.153488455126,-0.004879098339675703,0.03219997740781089,0.7021573820478733,0.29784261795212674
cppi_spy_cash,2020-07-08,10494.893203337047,0.009109453527497369,0.009815632153664877,0.6951220413502981,0.3048779586497019
cppi_spy_cash,2020-07-09,10557.749146848708,0.005989193247976532,0.01805144836479955,0.714886268584139,0.28511373141586105
cppi_spy_cash,2020-07-10,10610.011220609042,0.004950115127136945,0.011901925927609414,0.728137198425002,0.271862801574998
cppi_spy_cash,2020-07-13,10448.840675858979,-0.015190421706341106,0.009848228642026169,0.733946543241864,0.26605345675813596
cppi_spy_cash,2020-07-14,10500.51653374927,0.0049456068374822415,0.03085207989624572,0.7045647301893656,0.2954352698106344
cppi_spy_cash,2020-07-15,10515.682982820867,0.0014443526680663066,0.009833421286078114,0.7148128707098288,0.2851871292901712
cppi_spy_cash,2020-07-16,10464.162838411074,-0.004899362646625938,0.0028817346517031606,0.7163054966379448,0.28369450336205515
cppi_spy_cash,2020-07-17,10472.61899038421,0.0008081059233993049,0.009847786700803773,0.7066976200695704,0.2933023799304296
cppi_spy_cash,2020-07-20,10683.053221632701,0.020093754145138698,0.001612018423301942,0.7140558011343442,0.2859441988656558
cppi_spy_cash,2020-07-21,10598.758857055751,-0.007890475019468934,0.03939543587708605,0.7515001681921913,0.24849983180780866
cppi_spy_cash,2020-07-22,10626.053667249193,0.002575283630995351,0.01591624970562666,0.7362673134695245,0.26373268653047555
cppi_spy_cash,2020-07-23,10420.222271138504,-0.0193704457511904,0.0051331394595851565,0.7362936712207855,0.2637063287792145
cppi_spy_cash,2020-07-24,10350.867456909495,-0.006655790291643315,0.03950749675253029,0.6947665840811247,0.3052334159188753
cppi_spy_cash,2020-07-27,10476.567636951675,0.012143927121612608,0.01341283280488026,0.6851811622472822,0.3148188377527178
cppi_spy_cash,2020-07-28,10381.776418714033,-0.009047926909124926,0.023992220516923957,0.7065250201734111,0.2934749798265889
cppi_spy_cash,2020-07-29,10463.942307626303,0.007914434447283902,0.01826812000919298,0.6907104470168923,0.3092895529831077
cppi_spy_cash,2020-07-30,10502.47705533986,0.00368262234067096,0.015698925814953024,0.7074911813995425,0.2925088186004575
cppi_spy_cash,2020-07-31,10636.37314902773,0.012749001305343732,0.007333628639201062,0.7184168059166158,0.28158319408338417
cppi_spy_cash,2020-08-03,10742.930293691737,0.01001818412827582,0.025174955698682666,0.7461414186914327,0.2538585813085673
cppi_spy_cash,2020-08-04,10773.26379028673,0.002823577531058108,0.019831240174944642,0.766636220642743,0.23336377935725705
cppi_spy_cash,2020-08-05,10793.818923467883,0.0019079764109819486,0.0056266267927191915,0.7726978160326009,0.2273021839673991
cppi_spy_cash,2020-08-06,10904.78886439885,0.010280878502574975,0.0038074069872808813,0.7787804057265713,0.22121959427342874
cppi_spy_cash,2020-08-07,10803.984005383954,-0.00924409085479827,0.020351672992217185,0.7972620385819722,0.2027379614180278
cppi_spy_cash,2020-08-10,10767.8383684331,-0.003345584085726272,0.018664808897077112,0.7778581679472024,0.22214183205279758
cppi_spy_cash,2020-08-11,10610.488567456016,-0.014612942318893873,0.006717775494636258,0.7677480454649585,0.23225195453504155
cppi_spy_cash,2020-08-12,10807.14278888607,0.018533945932821982,0.029660854420019755,0.7428607642944103,0.2571392357055897
cppi_spy_cash,2020-08-13,10825.955447377217,0.0017407615369431362,0.036385751752245676,0.7796381457681777,0.2203618542318223
cppi_spy_cash,2020-08-14,10815.961325606153,-0.0009231630242377831,0.003467454780508028,0.7829059394106902,0.2170940605893098
cppi_spy_cash,2020-08-17,10914.028096529173,0.00906685665478979,0.0018487848498107695,0.7830248419943823,0.21697515800561773
cppi_spy_cash,2020-08-18,10997.974249377447,0.00769158298895789,0.017970373728732336,0.8025177430813981,0.19748225691860188
cppi_spy_cash,2020-08-19,10937.302259466014,-0.005516651388310589,0.01526219931494377,0.8167719180223608,0.18322808197763918
cppi_spy_cash,2020-08-20,11059.41597857244,0.011164884741183823,0.011097303811940185,0.8078224113256528,0.1921775886743472
cppi_spy_cash,2020-08-21,11122.778500320279,0.005729282800339908,0.022081080278255394,0.8308762055651487,0.16912379443485126
cppi_spy_cash,2020-08-24,11181.14748666227,0.005247698346263929,0.011389555700444864,0.8430909690507181,0.15690903094928188
cppi_spy_cash,2020-08-25,11256.06326794314,0.006700187200842755,0.010438820389136794,0.8545061544180449,0.1454938455819551
cppi_spy_cash,2020-08-26,11464.355443985241,0.018504886751597338,0.01330966815723067,0.8702191616195698,0.1297808383804302
cppi_spy_cash,2020-08-27,11431.546137119085,-0.00286185359713087,0.036335627503654044,0.9062900002136225,0.0937099997863775
cppi_spy_cash,2020-08-28,11483.829186256982,0.004573576357106202,0.005743539754543003,0.9009998165727096,0.09900018342729044
cppi_spy_cash,2020-08-31,11567.684685586684,0.007302050384905945,0.009104939363449138,0.910757229632616,0.08924277036738404
cppi_spy_cash,2020-09-01,11750.448010059721,0.015799473225680094,0.014497421377714592,0.9264182869306891,0.07358171306931094
cppi_spy_cash,2020-09-02,11856.620174141955,0.0090355843446428,0.031106398132104474,0.9579063470682894,0.042093652931710634
cppi_spy_cash,2020-09-03,11269.823608695546,-0.049491048614861755,0.017908037848798353,0.974555545288913,0.025444454711087028
cppi_spy_cash,2020-09-04,11137.942909148649,-0.011702108580043835,0.10413634737725552,0.868898528326551,0.131101471673449
cppi_spy_cash,2020-09-08,10685.22392127163,-0.040646553099599525,0.023694992607807386,0.8386488349207443,0.16135116507925573
cppi_spy_cash,2020-09-09,10920.940045733583,0.022060007932327874,0.08474121228514864,0.7592396519889024,0.24076034801109758
cppi_spy_cash,2020-09-10,10745.774713133003,-0.016039400625499356,0.043147331229091423,0.799174387233257,0.20082561276674304
cppi_spy_cash,2020-09-11,10688.260800984157,-0.005352235058357913,0.032610378653054495,0.7653155345928698,0.23468446540713017
cppi_spy_cash,2020-09-14,10828.595480235763,0.013129795563997071,0.010769724650631196,0.7577294166468768,0.24227058335312324
cppi_spy_cash,2020-09-15,10948.585435096098,0.011080841931840446,0.02591666711305829,0.786022739136992,0.21397726086300795
cppi_spy_cash,2020-09-16,10807.290325995746,-0.01290533009382433,0.021913259328425472,0.805429206902146,0.19457079309785397
cppi_spy_cash,2020-09-17,10675.444023057751,-0.012199755809358837,0.026152373954542618,0.7765566510884624,0.2234433489115376
cppi_spy_cash,2020-09-18,10572.74515888487,-0.00962010235368782,0.02470669975741857,0.7494457245245633,0.25055427547543674
cppi_spy_cash,2020-09-21,10591.049411519773,0.001731267741710285,0.01943328587531179,0.7304842892506185,0.2695157107493815
cppi_spy_cash,2020-09-22,10735.427726982009,0.01363210668295034,0.003451313590073224,0.7375147480693808,0.2624852519306192
cppi_spy_cash,2020-09-23,10484.57197694448,-0.023367094112797804,0.026896637265613532,0.7587811380270018,0.24121886197299824
cppi_spy_cash,2020-09-24,10518.775351793518,0.003262257622366427,0.04785884694786913,0.711876060522706,0.288123939477294
cppi_spy_cash,2020-09-25,10694.380994522191,0.016694495020157518,0.006489509865880372,0.7229919082659927,0.2770080917340073
cppi_spy_cash,2020-09-28,10861.902641417937,0.015664454724546806,0.03283893296800389,0.759604523545541,0.24039547645445902
cppi_spy_cash,2020-09-29,10822.852664116355,-0.003595132325406647,0.030837833350139454,0.7896927367590103,0.2103072632409897
cppi_spy_cash,2020-09-30,10880.77530537089,0.005351883006462721,0.007222693493343146,0.783629603466181,0.21637039653381895
cppi_spy_cash,2020-10-01,11017.832971634465,0.012596314363363614,0.010645222873326698,0.7968361322749733,0.2031638677250267
cppi_spy_cash,2020-10-02,10762.880349736928,-0.023139996998857715,0.024877079226029664,0.8174944693234348,0.18250553067656516
cppi_spy_cash,2020-10-05,10939.127727584766,0.016375484268218665,0.047380821315317845,0.7738282127562092,0.22617178724379083
cppi_spy_cash,2020-10-06,10781.417071990123,-0.014417114373475148,0.032212579739507974,0.8032098949703748,0.19679010502962524
cppi_spy_cash,2020-10-07,10925.445071513,0.013358911779515426,0.029262355397998485,0.7769340724470079,0.22306592755299215
cppi_spy_cash,2020-10-08,10971.871535414446,0.00424938879812764,0.026359080105871957,0.8041306625329583,0.19586933746704172
cppi_spy_cash,2020-10-09,11108.009538443855,0.012407910773471142,0.008457652729936704,0.8148867687817865,0.18511323121821355
cppi_spy_cash,2020-10-12,11395.567553445182,0.025887447612113812,0.024510117137505727,0.8434534138677839,0.15654658613221606
cppi_spy_cash,2020-10-13,11394.646297862828,-8.084332597158017e-05,0.050464560165535355,0.8939147511317461,0.10608524886825388
cppi_spy_cash,2020-10-14,11309.58260089752,-0.007465233649355363,0.00016705353988877292,0.892948551264367,0.10705144873563299
cppi_spy_cash,2020-10-15,11242.782437421401,-0.005906510066146731,0.015042782937901844,0.8771821802749822,0.12281781972501782
cppi_spy_cash,2020-10-16,11189.32978000326,-0.004754397562673263,0.011885055972054026,0.8646552424688185,0.13534475753118147
cppi_spy_cash,2020-10-19,11033.023737550951,-0.013969205084262248,0.009555828283262957,0.8530479961513668,0.14695200384863316
cppi_spy_cash,2020-10-20,11052.268618055348,0.0017442979333848196,0.028335620913369275,0.82502255491753,0.17497744508247004
cppi_spy_cash,2020-10-21,11045.147093771842,-0.000644349547555545,0.003477563076995316,0.8283901376590274,0.17160986234097264
cppi_spy_cash,2020-10-22,11044.811075218817,-3.0422279592379198e-05,0.0012901267893816737,0.8270949737675026,0.17290502623249737
cppi_spy_cash,2020-10-23,11062.810471535584,0.001629669914151144,6.106947996542544e-05,0.8273153338555375,0.17268466614446254
cppi_spy_cash,2020-10-26,10924.984296316954,-0.012458513645628666,0.003254026276629962,0.828432434609355,0.171567565390645
cppi_spy_cash,2020-10-27,10993.224640577426,0.006246264745980223,0.025231930979424222,0.8044270695619035,0.19557293043809654
cppi_spy_cash,2020-10-28,10643.004443409238,-0.03185782230588463,0.012410047418962233,0.8108122813166598,0.18918771868334017
cppi_spy_cash,2020-10-29,10780.944577804472,0.012960638617477427,0.06581462840880858,0.7482769275660658,0.2517230724339342
cppi_spy_cash,2020-10-30,10569.077113620739,-0.019652031661485436,0.025573051274324965,0.7693224802650535,0.23067751973494655
cppi_spy_cash,2020-11-02,10585.819402666482,0.0015840824005501908,0.04009785090459228,0.7296637218114105,0.2703362781885895
cppi_spy_cash,2020-11-03,10719.970348657958,0.01267270306516699,0.0031523137659020817,0.7361604382479293,0.2638395617520707
cppi_spy_cash,2020-11-04,11083.940495797122,0.03395253301094514,0.025027399085540636,0.7690356392630449,0.23096436073695514
cppi_spy_cash,2020-11-05,11324.40038199357,0.02169444037412749,0.06566944516965567,0.8382255455149773,0.1617744544850227
cppi_spy_cash,2020-11-06,11331.371326197806,0.0006155685042115167,0.04245694623431273,0.8807609574054163,0.11923904259458373
cppi_spy_cash,2020-11-09,11127.14038990212,-0.018023496928699978,0.0012253168849084561,0.8798203615500403,0.12017963844995971
cppi_spy_cash,2020-11-10,10958.673409826251,-0.015140186442578973,0.036708758660586205,0.84070561538544,0.15929438461456003
cppi_spy_cash,2020-11-11,11156.88345350069,0.018087047242115073,0.03075171881982619,0.8133359424374875,0.18666405756251248
cppi_spy_cash,2020-11-12,11112.037288071468,-0.004019596118945867,0.035525695310504535,0.8482570617176018,0.15174293828239815
cppi_spy_cash,2020-11-13,11193.848233954885,0.007362371432215964,0.008077027923392266,0.8413493695339853,0.15865063046601469
cppi_spy_cash,2020-11-16,11268.444796418742,0.006664067700826948,0.0146158447165039,0.8569208088569086,0.14307919114309142
cppi_spy_cash,2020-11-17,11237.193760205226,-0.0027733229188333652,0.013237812532663207,0.8697992514854963,0.1302007485145037
cppi_spy_cash,2020-11-18,11165.358784501204,-0.006392608086764007,0.00556379485327807,0.8633627435678647,0.1366372564321353
cppi_spy_cash,2020-11-19,11239.517965287048,0.0066418985916318896,0.012868233110641114,0.8514828700449958,0.1485171299550042
cppi_spy_cash,2020-11-20,11172.891622680472,-0.00592786477252405,0.013194238517545753,0.8638719453453083,0.1361280546546917
cppi_spy_cash,2020-11-23,11173.086466761686,1.7439002166552697e-05,0.011928223925964154,0.8519480693457282,0.1480519306542718
cppi_spy_cash,2020-11-24,11306.831912039783,0.011970322227073948,3.311137845896095e-05,0.8537320599986015,0.14626794000139853
cppi_spy_cash,2020-11-25,11367.540575627329,0.005369201917904354,0.023657452226814146,0.8780472020736924,0.12195279792630764
cppi_spy_cash,2020-11-27,11460.506722864397,0.008178211163494042,0.01067816993356463,0.8896291959583811,0.11037080404161892
cppi_spy_cash,2020-11-30,11481.498932876571,0.0018316999867287187,0.01622256257524779,0.9060254190979583,0.0939745809020417
cppi_spy_cash,2020-12-01,11615.31546510564,0.011654970575827095,0.0036551774592155084,0.9107214653846168,0.08927853461538315
cppi_spy_cash,2020-12-02,11628.987006147088,0.0011770270968980423,0.023041068048070712,0.9338419294563706,0.06615807054362943
cppi_spy_cash,2020-12-03,11644.366303814755,0.0013224967625760087,0.002349762277949141,0.9362761162985694,0.06372388370143056
cppi_spy_cash,2020-12-04,11688.889576565398,0.0038235891579652126,0.002641350413425503,0.9391502923348634,0.06084970766513664
cppi_spy_cash,2020-12-07,11751.46521285206,0.005353428644934599,0.007617889296634761,0.9470520402699076,0.052947959730092364
cppi_spy_cash,2020-12-08,11789.434591897576,0.0032310336079615087,0.010649440754581296,0.9578381578091529,0.042161842190847065
cppi_spy_cash,2020-12-09,11531.969927150103,-0.02183859308438918,0.006440806298737778,0.9634816855712262,0.036518314428773846
cppi_spy_cash,2020-12-10,11574.003824916173,0.003644988499936108,0.04465256544804552,0.9191275238567104,0.08087247614328963
cppi_spy_cash,2020-12-11,11550.174219916516,-0.002058890368461519,0.007259890295209237,0.9262360767400775,0.07376392325992254
cppi_spy_cash,2020-12-14,11627.398623094763,0.006685994661888683,0.004126811809307407,0.9226269024881137,0.07737309751188626
cppi_spy_cash,2020-12-15,11743.566588882984,0.009990881843294108,0.013282858760603977,0.9365445880731853,0.0634554119268147
cppi_spy_cash,2020-12-16,11805.098505135842,0.00523962765375785,0.019783260170163963,0.9565563408189154,0.043443659181084615
cppi_spy_cash,2020-12-17,11879.603357299786,0.006311243581028192,0.010423774632155935,0.9671875470261153,0.03281245297388469
cppi_spy_cash,2020-12-18,11844.276304533145,-0.002973756926398785,0.012542981160882927,0.9796703269204696,0.020329673079530375
cppi_spy_cash,2020-12-21,11801.803649023284,-0.0035859223829154407,0.00596550806332341,0.9736103444648003,0.026389655535199674
cppi_spy_cash,2020-12-22,11832.731371971442,0.0026205929083320534,0.007197812426634864,0.9665005621836342,0.033499437816365774
cppi_spy_cash,2020-12-23,11774.763203451344,-0.004898967676846722,0.005227245577679063,0.9715887698488352,0.028411230151164757
cppi_spy_cash,2020-12-24,11824.617141209446,0.004233965209889723,0.00984631994251961,0.9619041232193236,0.038095876780676385
cppi_spy_cash,2020-12-28,11940.159183643751,0.009771313612483512,0.008431853549119128,0.9706232760735349,0.029376723926465065
cppi_spy_cash,2020-12-29,11950.512902659126,0.0008671340855788134,0.019353270229428565,0.9899854242695401,0.01001457573045994
cppi_spy_cash,2020-12-30,11950.87125851146,2.998665038522752e-05,0.0017325718124753253,0.9917182587728606,0.008281741227139428
cppi_spy_cash,2020-12-31,11980.031106267077,0.00243997672846219,5.995715368967147e-05,0.9917982285509728,0.008201771449027229
cppi_spy_cash,2021-01-04,11811.380098038126,-0.01407767698872886,0.004868074974319958,0.9966187191747105,0.0033812808252895454
cppi_spy_cash,2021-01-05,11905.304493663321,0.007952025491144488,0.02855739194559248,0.9683142055594133,0.03168579444058672
cppi_spy_cash,2021-01-06,11742.82691558018,-0.013647494540741878,0.01577767442785105,0.983872024523129,0.016127975476870948
cppi_spy_cash,2021-01-07,12014.133647802973,0.023104039101762508,0.027672905906913403,0.9571894278468793,0.042810572153120674
cppi_spy_cash,2021-01-08,12168.089472326974,0.012814559005022819,0.042810572153120674,1.0,0.0
cppi_spy_cash,2021-01-11,11992.260508158826,-0.014450005859015347,0.0,1.0,0.0
cppi_spy_cash,2021-01-12,11973.199221729708,-0.0015894656738110191,0.0012907477845245374,0.9987071990187225,0.0012928009812774865
cppi_spy_cash,2021-01-13,12053.657427214914,0.0067198585770780195,0.0031839938626021524,0.9955531019363025,0.004446898063697469
cppi_spy_cash,2021-01-14,11989.147999532925,-0.005351855075650169,0.004446898063697469,1.0,0.0
cppi_spy_cash,2021-01-15,11894.330273963098,-0.00790862916810442,0.001810303862709528,0.9981752682880495,0.0018247317119505224
cppi_spy_cash,2021-01-19,12064.59204982565,0.014314532381470624,0.01594335166945937,0.9824829483051064,0.017517051694893593
cppi_spy_cash,2021-01-20,12345.009215690285,0.023242987803196113,0.017517051694893593,1.0,0.0
cppi_spy_cash,2021-01-21,12443.763052502856,0.00799949478264117,0.0,1.0,0.0
cppi_spy_cash,2021-01-22,12407.922911489482,-0.0028801690342509234,0.0,1.0,0.0
cppi_spy_cash,2021-01-25,12510.488712262957,0.008266153932863451,0.0,1.0,0.0
cppi_spy_cash,2021-01-26,12528.79102640858,0.0014629575683708929,0.0,1.0,0.0
cppi_spy_cash,2021-01-27,12179.529719117614,-0.027876696686438662,0.0,1.0,0.0
cppi_spy_cash,2021-01-28,12251.593990188041,0.00591683527462572,0.0,1.0,0.0
cppi_spy_cash,2021-01-29,11993.841926418863,-0.021038247266078502,0.0,1.0,0.0
cppi_spy_cash,2021-02-01,12293.215694919121,0.024960623154522965,0.001026872559921288,0.9989981356529642,0.0010018643470357524
cppi_spy_cash,2021-02-02,12493.75542881707,0.01631304118261201,0.0010018643470357524,1.0,0.0
cppi_spy_cash,2021-02-03,12444.189602679282,-0.003967247992021972,0.0,1.0,0.0
cppi_spy_cash,2021-02-04,12591.362802200665,0.011826660009238044,0.0,1.0,0.0
cppi_spy_cash,2021-02-05,12634.065882609528,0.0033914581828584645,0.0,1.0,0.0
cppi_spy_cash,2021-02-08,12718.709903981267,0.006699665979124747,0.0,1.0,0.0
cppi_spy_cash,2021-02-09,12716.041834134468,-0.00020977519472820116,0.0,1.0,0.0
cppi_spy_cash,2021-02-10,12687.06424518345,-0.002278821454741675,0.0,1.0,0.0
cppi_spy_cash,2021-02-11,12756.837820570849,0.005499583988777257,0.0,1.0,0.0
cppi_spy_cash,2021-02-12,12828.138001993573,0.005589173620107468,0.0,1.0,0.0
cppi_spy_cash,2021-02-16,12793.441458268451,-0.0027047217390185896,0.0,1.0,0.0
cppi_spy_cash,2021-02-17,12732.054907501953,-0.004798282851939173,0.0,1.0,0.0
cppi_spy_cash,2021-02-18,12676.388475081232,-0.004372148315816782,0.0,1.0,0.0
cppi_spy_cash,2021-02-19,12621.102530597667,-0.004361332456183753,0.0,1.0,0.0
cppi_spy_cash,2021-02-22,12293.965518230589,-0.025919844290464455,0.0,1.0,0.0
cppi_spy_cash,2021-02-23,12257.363044104659,-0.00297727157861738,0.0,1.0,0.0
cppi_spy_cash,2021-02-24,12358.401790352718,0.008243106276978107,0.0,1.0,0.0
cppi_spy_cash,2021-02-25,11927.555634747436,-0.03486261111381017,0.0,1.0,0.0
cppi_spy_cash,2021-02-26,11976.75204198168,0.004124600944297674,0.01214739506919904,0.9879026492343991,0.012097350765600923
cppi_spy_cash,2021-03-01,12335.537494116712,0.029956823926670095,0.008215170031319996,0.9962307654541233,0.003769234545876743
cppi_spy_cash,2021-03-02,12137.64425077485,-0.016042531056003395,0.003769234545876743,1.0,0.0
cppi_spy_cash,2021-03-03,11785.408960274377,-0.02902007038787513,0.0,1.0,0.0
cppi_spy_cash,2021-03-04,11599.12007113411,-0.015806739483389953,0.03641639258322815,0.9630000855619913,0.03699991443800865
cppi_spy_cash,2021-03-05,11761.359037356991,0.013987178788383625,0.032122558026696835,0.9318332090188113,0.06816679098118872
cppi_spy_cash,2021-03-08,11441.54512856034,-0.02719191785412245,0.027586282914897065,0.958286336898638,0.04171366310136204
cppi_spy_cash,2021-03-09,11848.09848855544,0.03553308188946125,0.05590512267708103,0.905736156482668,0.09426384351733197
cppi_spy_cash,2021-03-10,11814.333155454497,-0.002849852500260708,0.0686223430535593,0.9742869808040237,0.02571301919597635
cppi_spy_cash,2021-03-11,12077.812465529778,0.02230166583322024,0.0057177593511452685,0.9692550644453108,0.030744935554689157
cppi_spy_cash,2021-03-12,11979.466024889492,-0.008142736188441968,0.030744935554689157,1.0,0.0
cppi_spy_cash,2021-03-15,12106.960005389526,0.010642709803186712,0.0034281953916550645,0.9966079173125396,0.003392082687460385
cppi_spy_cash,2021-03-16,12173.371620931955,0.005485408022564364,0.003392082687460385,1.0,0.0
cppi_spy_cash,2021-03-17,12223.496208782497,0.00411755998349328,0.0,1.0,0.0
cppi_spy_cash,2021-03-18,11849.083360541708,-0.03063058570524002,0.0,1.0,0.0
cppi_spy_cash,2021-03-19,11889.486954964003,0.0034098497911527748,0.02547313321481981,0.9746140778470472,0.025385922152952767
cppi_spy_cash,2021-03-22,12093.230969735894,0.01713648499246867,0.006795877779363191,0.9817232806882769,0.018276719311723144
cppi_spy_cash,2021-03-23,12040.25236474898,-0.0043808478577392895,0.018276719311723144,1.0,0.0
cppi_spy_cash,2021-03-24,11837.190062903583,-0.016865286182864092,0.0,1.0,0.0
cppi_spy_cash,2021-03-25,11816.932499065058,-0.0017113490389927266,0.027508206969937166,0.9724453941833293,0.027554605816670685
cppi_spy_cash,2021-03-26,11988.655688699346,0.014531959935277117,0.003429323548996055,0.9694599831889724,0.03054001681102758
cppi_spy_cash,2021-03-29,11984.904451281494,-0.00031289892005048614,0.02864750916125869,0.9981069542338856,0.0018930457661143762
cppi_spy_cash,2021-03-30,11924.728107876506,-0.0050210115274264,0.0006260479454573975,0.9974681956466581,0.002531804353341882
cppi_spy_cash,2021-03-31,12104.784724321637,0.015099431602654256,0.010092700195952653,0.9875634083313166,0.012436591668683383
cppi_spy_cash,2021-04-01,12310.974038839911,0.017033703548976487,0.012436591668683383,1.0,0.0
cppi_spy_cash,2021-04-05,12556.760370055916,0.0199648159796757,0.0,1.0,0.0
cppi_spy_cash,2021-04-06,12548.037187025042,-0.0006947001275644515,0.0,1.0,0.0
cppi_spy_cash,2021-04-07,12578.380806978776,0.002418196527590011,0.0,1.0,0.0
cppi_spy_cash,2021-04-08,12709.61864170429,0.010433603238717337,0.0,1.0,0.0
cppi_spy_cash,2021-04-09,12786.616705933424,0.006058251344889243,0.0,1.0,0.0
cppi_spy_cash,2021-04-12,12769.928525233303,-0.0013051287204360884,0.0,1.0,0.0
cppi_spy_cash,2021-04-13,12918.993555003735,0.01167312953051236,0.0,1.0,0.0
cppi_spy_cash,2021-04-14,12763.859569735576,-0.012008209819724946,0.0,1.0,0.0
cppi_spy_cash,2021-04-15,12957.302172626718,0.015155494451679408,0.0,1.0,0.0
cppi_spy_cash,2021-04-16,12972.47514013849,0.0011709974275220247,0.0,1.0,0.0
cppi_spy_cash,2021-04-19,12853.753730321792,-0.009151793203238223,0.0,1.0,0.0
cppi_spy_cash,2021-04-20,12760.066327857634,-0.0072887192667423495,0.0,1.0,0.0
cppi_spy_cash,2021-04-21,12869.305211746925,0.008560996556170153,0.0,1.0,0.0
cppi_spy_cash,2021-04-22,12714.171226478766,-0.012054573476628305,0.0,1.0,0.0
cppi_spy_cash,2021-04-23,12874.23631043476,0.012589501989924479,0.0,1.0,0.0
cppi_spy_cash,2021-04-26,12958.06151552325,0.006511081750188774,0.0,1.0,0.0
cppi_spy_cash,2021-04-27,12901.924545320448,-0.0043322043297565616,0.0,1.0,0.0
cppi_spy_cash,2021-04-28,12858.305157561364,-0.003380843501747499,0.0,1.0,0.0
cppi_spy_cash,2021-04-29,12904.579930388498,0.0035988236598911705,0.0,1.0,0.0
cppi_spy_cash,2021-04-30,12819.99538240348,-0.006554614597398256,0.0,1.0,0.0
cppi_spy_cash,2021-05-03,12751.721658740125,-0.005325565386479436,0.0,1.0,0.0
cppi_spy_cash,2021-05-04,12522.244994310882,-0.01799573975738078,0.0,1.0,0.0
cppi_spy_cash,2021-05-05,12480.141977275054,-0.003362257890255016,0.0,1.0,0.0
cppi_spy_cash,2021-05-06,12574.209051187478,0.007537340046588348,0.0,1.0,0.0
cppi_spy_cash,2021-05-07,12676.241122769148,0.00811439281519144,0.0,1.0,0.0
cppi_spy_cash,2021-05-10,12356.110954857159,-0.025254345102111553,0.0,1.0,0.0
cppi_spy_cash,2021-05-11,12339.041945173865,-0.00138142249981843,0.0,1.0,0.0
cppi_spy_cash,2021-05-12,12019.671120158408,-0.02588295156419107,0.0,1.0,0.0
cppi_spy_cash,2021-05-13,12112.599179726036,0.007731331301717326,0.0,1.0,0.0
cppi_spy_cash,2021-05-14,12380.007105399802,0.022076840957583332,0.0,1.0,0.0
cppi_spy_cash,2021-05-17,12304.905083342188,-0.006066395715141115,0.0,1.0,0.0
cppi_spy_cash,2021-05-18,12221.838063615327,-0.006750724135151098,0.0,1.0,0.0
cppi_spy_cash,2021-05-19,12235.872016782303,0.0011482686232568984,0.0,1.0,0.0
cppi_spy_cash,2021-05-20,12472.555493519165,0.019343408987298583,0.0,1.0,0.0
cppi_spy_cash,2021-05-21,12403.523584494182,-0.00553470450068172,0.0,1.0,0.0
cppi_spy_cash,2021-05-24,12612.139154897095,0.01681905701890285,0.0,1.0,0.0
cppi_spy_cash,2021-05-25,12629.586678493748,0.0013833913012193388,0.0,1.0,0.0
cppi_spy_cash,2021-05-26,12673.585737701094,0.003483808324643789,0.0,1.0,0.0
cppi_spy_cash,2021-05-27,12626.17310806407,-0.00374105881463227,0.0,1.0,0.0
cppi_spy_cash,2021-05-28,12665.999253945209,0.0031542531169403976,0.0,1.0,0.0
cppi_spy_cash,2021-06-01,12623.897394444284,-0.00332400615670414,0.0,1.0,0.0
cppi_spy_cash,2021-06-02,12648.551730348556,0.0019529892499856594,0.0,1.0,0.0
cppi_spy_cash,2021-06-03,12516.934224174776,-0.010405737271721005,0.0,1.0,0.0
cppi_spy_cash,2021-06-04,12729.343036455632,0.016969715465198876,0.0,1.0,0.0
cppi_spy_cash,2021-06-07,12767.27314016525,0.0029797377288829363,0.0,1.0,0.0
cppi_spy_cash,2021-06-08,12773.342095662978,0.0004753525228997635,0.0,1.0,0.0
cppi_spy_cash,2021-06-09,12776.37599464439,0.0002375180245459685,0.0,1.0,0.0
cppi_spy_cash,2021-06-10,12909.511029076328,0.010420406732530862,0.0,1.0,0.0
cppi_spy_cash,2021-06-11,12943.26821945974,0.0026149085203444056,0.0,1.0,0.0
cppi_spy_cash,2021-06-14,13067.300399412537,0.009582755904441465,0.0,1.0,0.0
cppi_spy_cash,2021-06-15,12981.957666065891,-0.006531014879743835,0.0,1.0,0.0
cppi_spy_cash,2021-06-16,12934.545036428866,-0.0036521941340911246,0.0,1.0,0.0
cppi_spy_cash,2021-06-17,13098.781876176166,0.012697535111188207,0.0,1.0,0.0
cppi_spy_cash,2021-06-18,12995.991619232867,-0.007847314194173394,0.0,1.0,0.0
cppi_spy_cash,2021-06-21,13061.609957828172,0.005049121338166707,0.0,1.0,0.0
cppi_spy_cash,2021-06-22,13183.366424161184,0.009321704347789117,0.0,1.0,0.0
cppi_spy_cash,2021-06-23,13189.813893572273,0.0004890609275087776,0.0,1.0,0.0
cppi_spy_cash,2021-06-24,13271.364542575879,0.006182850619548708,0.0,1.0,0.0
cppi_spy_cash,2021-06-25,13255.053718254216,-0.0012290239085315235,0.0,1.0,0.0
cppi_spy_cash,2021-06-28,13416.256659020102,0.012161621083729424,0.0,1.0,0.0
cppi_spy_cash,2021-06-29,13464.80714546702,0.003618780385680642,0.0,1.0,0.0
cppi_spy_cash,2021-06-30,13443.566379992424,-0.0015775023916141384,0.0,1.0,0.0
cppi_spy_cash,2021-07-01,13448.877150128525,0.0003950417609426271,0.0,1.0,0.0
cppi_spy_cash,2021-07-02,13603.252950035056,0.011478712920286904,0.0,1.0,0.0
cppi_spy_cash,2021-07-06,13662.044147771005,0.004321848454328592,0.0,1.0,0.0
cppi_spy_cash,2021-07-07,13690.871397001487,0.0021100245994436495,0.0,1.0,0.0
cppi_spy_cash,2021-07-08,13608.182891187986,-0.006039681727754154,0.0,1.0,0.0
cppi_spy_cash,2021-07-09,13693.14711062127,0.006243612399441156,0.0,1.0,0.0
cppi_spy_cash,2021-07-12,13746.628695756022,0.0039057190215439075,0.0,1.0,0.0
cppi_spy_cash,2021-07-13,13746.628695756022,0.0,0.0,1.0,0.0
cppi_spy_cash,2021-07-14,13771.283031660296,0.0017934823475580508,0.0,1.0,0.0
cppi_spy_cash,2021-07-15,13674.560572679819,-0.007023489297120045,0.0,1.0,0.0
cppi_spy_cash,2021-07-16,13563.805318067272,-0.008099364804001308,0.0,1.0,0.0
cppi_spy_cash,2021-07-19,13452.670392006461,-0.00819349168280803,0.0,1.0,0.0
cppi_spy_cash,2021-07-20,13608.942234084512,0.011616417969394943,0.0,1.0,0.0
cppi_spy_cash,2021-07-21,13714.008204647596,0.007720362740605946,0.0,1.0,0.0
cppi_spy_cash,2021-07-22,13804.661708130347,0.00661028505524941,0.0,1.0,0.0
cppi_spy_cash,2021-07-23,13965.864648896233,0.011677427826496167,0.0,1.0,0.0
cppi_spy_cash,2021-07-26,13976.863545546888,0.0007875557244159115,0.0,1.0,0.0
cppi_spy_cash,2021-07-27,13822.867417088622,-0.011017931738149467,0.0,1.0,0.0
cppi_spy_cash,2021-07-28,13875.969330775108,0.003841599002883944,0.0,1.0,0.0
cppi_spy_cash,2021-07-29,13900.624824214283,0.0017768483665132617,0.0,1.0,0.0
cppi_spy_cash,2021-07-30,13828.178187224721,-0.005211753997083846,0.0,1.0,0.0
cppi_spy_cash,2021-08-02,13829.316044034611,8.228537371191003e-05,0.0,1.0,0.0
cppi_spy_cash,2021-08-03,13913.1412491231,0.006061413653544179,0.0,1.0,0.0
cppi_spy_cash,2021-08-04,13933.244157787803,0.0014448864066531897,0.0,1.0,0.0
cppi_spy_cash,2021-08-05,14021.621947650767,0.006342944174531295,0.0,1.0,0.0
cppi_spy_cash,2021-08-06,13960.174207311866,-0.00438235609035198,0.0,1.0,0.0
cppi_spy_cash,2021-08-09,13985.967557560933,0.0018476381358878413,0.0,1.0,0.0
cppi_spy_cash,2021-08-10,13914.279105932996,-0.005125741306984621,0.0,1.0,0.0
cppi_spy_cash,2021-08-11,13890.382955390349,-0.0017173832981729475,0.0,1.0,0.0
cppi_spy_cash,2021-08-12,13940.450970095424,0.003604509311649018,0.0,1.0,0.0
cppi_spy_cash,2021-08-13,13989.38112799061,0.0035099408189984693,0.0,1.0,0.0
cppi_spy_cash,2021-08-16,13995.450083488335,0.0004338258742255796,0.0,1.0,0.0
cppi_spy_cash,2021-08-17,13872.177246432067,-0.00880806521554478,0.0,1.0,0.0
cppi_spy_cash,2021-08-18,13738.662540551866,-0.009624639557899384,0.0,1.0,0.0
cppi_spy_cash,2021-08-19,13805.040222043703,0.004831451481970062,0.0,1.0,0.0
cppi_spy_cash,2021-08-20,13948.037453851312,0.010358335036161126,0.0,1.0,0.0
cppi_spy_cash,2021-08-23,14156.653024254225,0.014956625338377716,0.0,1.0,0.0
cppi_spy_cash,2021-08-24,14199.892740565041,0.0030543742392170614,0.0,1.0,0.0
cppi_spy_cash,2021-08-25,14216.202407351804,0.0011485767593280016,0.0,1.0,0.0
cppi_spy_cash,2021-08-26,14125.929732852224,-0.006349985172755868,0.0,1.0,0.0
cppi_spy_cash,2021-08-27,14263.236523075468,0.00972019490539533,0.0,1.0,0.0
cppi_spy_cash,2021-08-30,14423.301607031464,0.011222213394346925,0.0,1.0,0.0
cppi_spy_cash,2021-08-31,14411.543367484277,-0.0008152252422881645,0.0,1.0,0.0
cppi_spy_cash,2021-09-01,14435.438360492017,0.0016580453875365553,0.0,1.0,0.0
cppi_spy_cash,2021-09-02,14428.611219632661,-0.00047294309246892485,0.0,1.0,0.0
cppi_spy_cash,2021-09-03,14472.989950288276,0.003075745127516516,0.0,1.0,0.0
cppi_spy_cash,2021-09-07,14493.471372866337,0.0014151479858972582,0.0,1.0,0.0
cppi_spy_cash,2021-09-08,14443.0248442479,-0.0034806380970179296,0.0,1.0,0.0
cppi_spy_cash,2021-09-09,14393.33650099109,-0.0034403003382355024,0.0,1.0,0.0
cppi_spy_cash,2021-09-10,14284.0976171018,-0.0075895456124276395,0.0,1.0,0.0
cppi_spy_cash,2021-09-13,14274.23541972613,-0.0006904319502732958,0.0,1.0,0.0
cppi_spy_cash,2021-09-14,14233.651088483362,-0.002843187746972564,0.0,1.0,0.0
cppi_spy_cash,2021-09-15,14339.475244408075,0.007434786427379603,0.0,1.0,0.0
cppi_spy_cash,2021-09-16,14349.337441783744,0.0006877655707460129,0.0,1.0,0.0
cppi_spy_cash,2021-09-17,14179.41016045208,-0.011842169160846017,0.0,1.0,0.0
cppi_spy_cash,2021-09-20,13871.039389622187,-0.02174778551014578,0.0,1.0,0.0
cppi_spy_cash,2021-09-21,13888.107241770573,0.0012304667061326935,0.0,1.0,0.0
cppi_spy_cash,2021-09-22,14017.828705772834,0.009340471076728418,0.0,1.0,0.0
cppi_spy_cash,2021-09-23,14147.170498326825,0.009226949142325136,0.0,1.0,0.0
cppi_spy_cash,2021-09-24,14160.445108597269,0.0009383226329260363,0.0,1.0,0.0
cppi_spy_cash,2021-09-27,14047.414140364937,-0.007982162097694645,0.0,1.0,0.0
cppi_spy_cash,2021-09-28,13649.906236775549,-0.028297585563962113,0.0,1.0,0.0
cppi_spy_cash,2021-09-29,13627.527614491062,-0.0016394707697108268,0.0,1.0,0.0
cppi_spy_cash,2021-09-30,13577.459599785985,-0.003674035094365591,0.0,1.0,0.0
cppi_spy_cash,2021-10-01,13661.66447632274,0.006201813816340218,0.0,1.0,0.0
cppi_spy_cash,2021-10-04,13374.9129848808,-0.020989498895900516,0.0,1.0,0.0
cppi_spy_cash,2021-10-05,13555.460648949762,0.013498978593210698,0.0,1.0,0.0
cppi_spy_cash,2021-10-06,13642.320910554565,0.0064077690795061315,0.0,1.0,0.0
cppi_spy_cash,2021-10-07,13767.48978978235,0.009175042871990113,0.0,1.0,0.0
cppi_spy_cash,2021-10-08,13698.83639467073,-0.0049866312711974725,0.0,1.0,0.0
cppi_spy_cash,2021-10-11,13593.770424107648,-0.007669700369876353,0.0,1.0,0.0
cppi_spy_cash,2021-10-12,13546.357794470623,-0.003487820388149432,0.0,1.0,0.0
cppi_spy_cash,2021-10-13,13654.837335463384,0.008008022720102703,0.0,1.0,0.0
cppi_spy_cash,2021-10-14,13906.314108263752,0.018416680230034732,0.0,1.0,0.0
cppi_spy_cash,2021-10-15,13993.932555230185,0.006300623320047549,0.0,1.0,0.0
cppi_spy_cash,2021-10-18,14134.652915883102,0.010055812409952125,0.0,1.0,0.0
cppi_spy_cash,2021-10-19,14241.616086152608,0.007567442292786053,0.0,1.0,0.0
cppi_spy_cash,2021-10-20,14223.030705746061,-0.0013050050144672865,0.0,1.0,0.0
cppi_spy_cash,2021-10-21,14309.889809815963,0.006106933597127773,0.0,1.0,0.0
cppi_spy_cash,2021-10-22,14189.65202927601,-0.008402425325279128,0.0,1.0,0.0
cppi_spy_cash,2021-10-25,14334.923817168503,0.010237868243193615,0.0,1.0,0.0
cppi_spy_cash,2021-10-26,14380.06073318574,0.003148737767491916,0.0,1.0,0.0
cppi_spy_cash,2021-10-27,14413.43940965579,0.0023211777119285237,0.0,1.0,0.0
cppi_spy_cash,2021-10-28,14573.504493611783,0.011105266370271316,0.0,1.0,0.0
cppi_spy_cash,2021-10-29,14645.191787704816,0.004919015472528043,0.0,1.0,0.0
cppi_spy_cash,2021-11-01,14695.259802409893,0.0034187339729556676,0.0,1.0,0.0
cppi_spy_cash,2021-11-02,14756.706385213894,0.0041813879870244985,0.0,1.0,0.0
cppi_spy_cash,2021-11-03,14913.35789874021,0.010615614991383193,0.0,1.0,0.0
cppi_spy_cash,2021-11-04,15104.525945546471,0.012818578358024135,0.0,1.0,0.0
cppi_spy_cash,2021-11-05,15118.93957016171,0.0009542586551343213,0.0,1.0,0.0
cppi_spy_cash,2021-11-08,15098.456990048742,-0.0013547630121752974,0.0,1.0,0.0
cppi_spy_cash,2021-11-09,14994.528876295553,-0.0068833599235793574,0.0,1.0,0.0
cppi_spy_cash,2021-11-10,14774.155066345449,-0.014696947918016123,0.0,1.0,0.0
cppi_spy_cash,2021-11-11,14815.11906903648,0.0027726798931699825,0.0,1.0,0.0
cppi_spy_cash,2021-11-12,14971.012397201172,0.0105225835471352,0.0,1.0,0.0
cppi_spy_cash,2021-11-15,14967.59766923659,-0.00022808931513684794,0.0,1.0,0.0
cppi_spy_cash,2021-11-16,15074.182325592734,0.007121026280336951,0.0,1.0,0.0
cppi_spy_cash,2021-11-17,15082.147323261981,0.0005283867142646947,0.0,1.0,0.0
cppi_spy_cash,2021-11-18,15238.419165340034,0.010361378836091006,0.0,1.0,0.0
cppi_spy_cash,2021-11-19,15323.382227238415,0.0055755824128811415,0.0,1.0,0.0
cppi_spy_cash,2021-11-22,15145.489948237504,-0.011609204571344178,0.0,1.0,0.0
cppi_spy_cash,2021-11-23,15076.458039212519,-0.004557918513096282,0.0,1.0,0.0
cppi_spy_cash,2021-11-24,15125.008525659438,0.0032202846531090845,0.0,1.0,0.0
cppi_spy_cash,2021-11-26,14838.2570342175,-0.01895876560700549,0.0,1.0,0.0
cppi_spy_cash,2021-11-29,15160.28324430101,0.021702428347271985,0.0,1.0,0.0
cppi_spy_cash,2021-11-30,14937.633720731123,-0.014686369639801078,0.0,1.0,0.0
cppi_spy_cash,2021-12-01,14683.501562862702,-0.01701287918954153,0.0,1.0,0.0
cppi_spy_cash,2021-12-02,14789.326876322315,0.007207089739906802,0.0,1.0,0.0
cppi_spy_cash,2021-12-03,14532.160819472485,-0.01738862485090864,0.0,1.0,0.0
cppi_spy_cash,2021-12-06,14648.606515669399,0.008012965012118567,0.0,1.0,0.0
cppi_spy_cash,2021-12-07,15089.732649482965,0.03011386327714516,0.0,1.0,0.0
cppi_spy_cash,2021-12-08,15157.248187784695,0.004474270013262505,0.0,1.0,0.0
cppi_spy_cash,2021-12-09,14934.220150301444,-0.0147142828777449,0.0,1.0,0.0
cppi_spy_cash,2021-12-10,15096.560947877224,0.010870390013133946,0.0,1.0,0.0
cppi_spy_cash,2021-12-13,14878.462851546907,-0.0144468728396705,0.0,1.0,0.0
cppi_spy_cash,2021-12-14,14724.46672308864,-0.010350271395290989,0.0,1.0,0.0
cppi_spy_cash,2021-12-15,15060.147214890862,0.022797463440618726,0.0,1.0,0.0
cppi_spy_cash,2021-12-16,14672.881180125407,-0.02571462478019748,0.0,1.0,0.0
cppi_spy_cash,2021-12-17,14599.676357774217,-0.004989123911829041,0.0,1.0,0.0
cppi_spy_cash,2021-12-20,14439.611273818226,-0.010963604948047934,0.0,1.0,0.0
cppi_spy_cash,2021-12-21,14762.775340711623,0.02238038550797805,0.0,1.0,0.0
cppi_spy_cash,2021-12-22,14942.564819418962,0.012178569039896558,0.0,1.0,0.0
cppi_spy_cash,2021-12-23,15055.21727373793,0.007539030660423718,0.0,1.0,0.0
cppi_spy_cash,2021-12-27,15304.03866147025,0.016527253191248148,0.0,1.0,0.0
cppi_spy_cash,2021-12-28,15233.10839520394,-0.004634741706768142,0.0,1.0,0.0
cppi_spy_cash,2021-12-29,15230.83268158416,-0.00014939259675317285,0.0,1.0,0.0
cppi_spy_cash,2021-12-30,15185.317251653554,-0.0029883743641697658,0.0,1.0,0.0
cppi_spy_cash,2021-12-31,15090.491992379502,-0.006244535935772233,0.0,1.0,0.0
cppi_spy_cash,2022-01-03,15235.763780271993,0.009626709849211768,0.0,1.0,0.0
cppi_spy_cash,2022-01-04,15038.148264054642,-0.012970502763585356,0.0,1.0,0.0
cppi_spy_cash,2022-01-05,14576.15987867984,-0.030721095261381448,0.0,1.0,0.0
cppi_spy_cash,2022-01-06,14565.918009855905,-0.0007026452034816222,0.0,1.0,0.0
cppi_spy_cash,2022-01-07,14408.128639519695,-0.010832778972766577,0.0,1.0,0.0
cppi_spy_cash,2022-01-10,14417.6111654471,0.0006581372338247959,0.0,1.0,0.0
cppi_spy_cash,2022-01-11,14634.192891054166,0.015022025710203613,0.0,1.0,0.0
cppi_spy_cash,2022-01-12,14692.225903428489,0.003965576564854301,0.0,1.0,0.0
cppi_spy_cash,2022-01-13,14324.683105879474,-0.025016141186833152,0.0,1.0,0.0
cppi_spy_cash,2022-01-14,14413.819081104062,0.00622254430103264,0.0,1.0,0.0
cppi_spy_cash,2022-01-18,14054.999466585925,-0.02489413891621095,0.0,1.0,0.0
cppi_spy_cash,2022-01-19,13900.624824214294,-0.01098361068875442,0.0,1.0,0.0
cppi_spy_cash,2022-01-20,13720.07716014533,-0.012988456731416576,0.0,1.0,0.0
cppi_spy_cash,2022-01-21,13339.638266239233,-0.027728626411170132,0.0,1.0,0.0
cppi_spy_cash,2022-01-24,13400.705177594968,0.004577853622184547,0.0,1.0,0.0
cppi_spy_cash,2022-01-25,13090.057535610384,-0.02318143992183075,0.0,1.0,0.0
cppi_spy_cash,2022-01-26,13069.576113032319,-0.001564654893406403,0.0,1.0,0.0
cppi_spy_cash,2022-01-27,12937.95860685854,-0.010070526009067549,0.0,1.0,0.0
cppi_spy_cash,2022-01-28,13343.810022030537,0.031369045728500966,0.0,1.0,0.0
cppi_spy_cash,2022-01-31,13770.52368876377,0.03197839792598445,0.0,1.0,0.0
cppi_spy_cash,2022-02-01,13864.211091227926,0.006803474187448755,0.0,1.0,0.0
cppi_spy_cash,2022-02-02,13976.863545546896,0.008125413958118832,0.0,1.0,0.0
cppi_spy_cash,2022-02-03,13410.187703522372,-0.040543848781085856,0.0,1.0,0.0
cppi_spy_cash,2022-02-04,13579.356799492409,0.012614968538106508,0.0,1.0,0.0
cppi_spy_cash,2022-02-07,13470.117915603118,-0.008044481450945828,0.0,1.0,0.0
cppi_spy_cash,2022-02-08,13621.458658993333,0.011235294623138437,0.0,1.0,0.0
cppi_spy_cash,2022-02-09,13910.107350141694,0.02119073282638384,0.0,1.0,0.0
cppi_spy_cash,2022-02-10,13595.286794830901,-0.02263250364545788,0.0,1.0,0.0
cppi_spy_cash,2022-02-11,13164.021700858098,-0.031721662108428306,0.0,1.0,0.0
cppi_spy_cash,2022-02-14,13180.331367644862,0.0012389577560252274,0.0,1.0,0.0
cppi_spy_cash,2022-02-15,13508.048019312737,0.02486406771777805,0.0,1.0,0.0
cppi_spy_cash,2022-02-16,13504.63444888306,-0.000252706418040316,0.0,1.0,0.0
cppi_spy_cash,2022-02-17,13102.954789502366,-0.029743838006212497,0.0,1.0,0.0
cppi_spy_cash,2022-02-18,12953.51008828367,-0.011405419893414037,0.0,1.0,0.0
cppi_spy_cash,2022-02-22,12823.408952833144,-0.010043697388880113,0.0,1.0,0.0
cppi_spy_cash,2022-02-23,12494.935273338546,-0.02561516057881219,0.0,1.0,0.0
cppi_spy_cash,2022-02-24,12914.82064167752,0.03360444525350337,0.0,1.0,0.0
cppi_spy_cash,2022-02-25,13115.09154296292,0.0155070602095011,0.0,1.0,0.0
cppi_spy_cash,2022-02-28,13154.159503482433,0.002978855343215292,0.0,1.0,0.0
cppi_spy_cash,2022-03-01,12952.75074538714,-0.015311412184257911,0.0,1.0,0.0
cppi_spy_cash,2022-03-02,13170.09065635583,0.016779440540542367,0.0,1.0,0.0
cppi_spy_cash,2022-03-03,12981.957666065886,-0.014284866763551896,0.0,1.0,0.0
cppi_spy_cash,2022-03-04,12793.823518241039,-0.014491970522798603,0.0,1.0,0.0
cppi_spy_cash,2022-03-07,12321.972935490568,-0.03688112330748661,0.0,1.0,0.0
cppi_spy_cash,2022-03-08,12264.699266012776,-0.0046480924587026795,0.0,1.0,0.0
cppi_spy_cash,2022-03-09,12706.20507127461,0.0359980946687628,0.0,1.0,0.0
cppi_spy_cash,2022-03-10,12565.105039173426,-0.011104813066505126,0.0,1.0,0.0
cppi_spy_cash,2022-03-11,12304.525411893917,-0.020738356461574847,0.0,1.0,0.0
cppi_spy_cash,2022-03-14,12068.22160660532,-0.019204625727391234,0.0,1.0,0.0
cppi_spy_cash,2022-03-15,12446.763300804996,0.03136681663124974,0.0,1.0,0.0
cppi_spy_cash,2022-03-16,12908.373172266436,0.037086739765637367,0.0,1.0,0.0
cppi_spy_cash,2022-03-17,13064.645014344489,0.012106238330156227,0.0,1.0,0.0
cppi_spy_cash,2022-03-18,13332.051782483353,0.020467970453484252,0.0,1.0,0.0
cppi_spy_cash,2022-03-21,13278.5701973486,-0.004011504456127413,0.0,1.0,0.0
cppi_spy_cash,2022-03-22,13539.529496076375,0.019652665524175328,0.0,1.0,0.0
cppi_spy_cash,2022-03-23,13344.947878840438,-0.014371372158266338,0.0,1.0,0.0
cppi_spy_cash,2022-03-24,13641.561567658047,0.02222666521522476,0.0,1.0,0.0
cppi_spy_cash,2022-03-25,13630.182999559122,-0.0008341103797018246,0.0,1.0,0.0
cppi_spy_cash,2022-03-28,13841.074283581818,0.01547237363060483,0.0,1.0,0.0
cppi_spy_cash,2022-03-29,14079.275288576842,0.017209719427456305,0.0,1.0,0.0
cppi_spy_cash,2022-03-30,13923.761631860416,-0.011045572554618799,0.0,1.0,0.0
cppi_spy_cash,2022-03-31,13751.180122995604,-0.012394747441661913,0.0,1.0,0.0
cppi_spy_cash,2022-04-01,13725.008258833173,-0.0019032449526760198,0.0,1.0,0.0
cppi_spy_cash,2022-04-04,14007.586836948905,0.020588590752495195,0.0,1.0,0.0
cppi_spy_cash,2022-04-05,13696.560681050956,-0.02220412120362736,0.0,1.0,0.0
cppi_spy_cash,2022-04-06,13399.18880687172,-0.021711426766476305,0.0,1.0,0.0
cppi_spy_cash,2022-04-07,13431.049955083612,0.0023778415746744663,0.0,1.0,0.0
cppi_spy_cash,2022-04-08,13243.29547870703,-0.013979136181048735,0.0,1.0,0.0
cppi_spy_cash,2022-04-11,12929.9936091893,-0.02365739479432949,0.0,1.0,0.0
cppi_spy_cash,2022-04-12,12875.374167244654,-0.004224243537585992,0.0,1.0,0.0
cppi_spy_cash,2022-04-13,13137.091651334056,0.02032698084652318,0.0,1.0,0.0
cppi_spy_cash,2022-04-14,12836.684720638505,-0.022867080375818638,0.0,1.0,0.0
cppi_spy_cash,2022-04-18,12846.546918014175,0.0007682822777297371,0.0,1.0,0.0
cppi_spy_cash,2022-04-19,13133.67808090438,0.022350843749892935,0.0,1.0,0.0
cppi_spy_cash,2022-04-20,12942.130362649854,-0.014584468804136774,0.0,1.0,0.0
cppi_spy_cash,2022-04-21,12674.343923062725,-0.02069106337855653,0.0,1.0,0.0
cppi_spy_cash,2022-04-22,12342.455515603544,-0.02618584515883804,0.0,1.0,0.0
cppi_spy_cash,2022-04-25,12501.003071301382,0.012845706066949125,0.0,1.0,0.0
cppi_spy_cash,2022-04-26,12029.153646085813,-0.03774492514915029,0.0,1.0,0.0
cppi_spy_cash,2022-04-27,12014.740021470572,-0.001198224333923248,0.0,1.0,0.0
cppi_spy_cash,2022-04-28,12441.453688203803,0.03551584686565712,0.0,1.0,0.0
cppi_spy_cash,2022-04-29,11881.604987038634,-0.044998656523230984,0.0,1.0,0.0
cppi_spy_cash,2022-05-02,12075.785743529796,0.016342973588415743,0.019929127940294333,0.9803917267221407,0.0196082732778593
cppi_spy_cash,2022-05-03,12088.440324343797,0.0010479302202577312,0.0196082732778593,1.0,0.0
cppi_spy_cash,2022-05-04,12497.17681812196,0.03381217781710388,0.0,1.0,0.0
cppi_spy_cash,2022-05-05,11867.76781443285,-0.05036409525521113,0.0,1.0,0.0
cppi_spy_cash,2022-05-06,11728.489234179298,-0.011735869999425552,0.022284255579442358,0.9774516161065334,0.022548383893466584
cppi_spy_cash,2022-05-09,11290.567945453515,-0.03733825218081699,0.023750974941166958,0.9519059947228544,0.04809400527714558
cppi_spy_cash,2022-05-10,11409.612142909655,0.010543685493171084,0.0775740847558557,0.8756527369872095,0.12434726301279053
cppi_spy_cash,2022-05-11,11106.011176662994,-0.02660922759195883,0.020857705314331287,0.8936836036695238,0.10631639633047618
cppi_spy_cash,2022-05-12,11083.37436392042,-0.002038248690955813,0.05467548619446494,0.838688126068633,0.16131187393136703
cppi_spy_cash,2022-05-13,11426.136825996551,0.030925821940285703,0.004093643554979098,0.8395569915361997,0.16044300846380033
cppi_spy_cash,2022-05-16,11306.31413537773,-0.010486719391124666,0.05999555492065611,0.8984941090627666,0.10150589093723339
cppi_spy_cash,2022-05-17,11562.983372779294,0.02270140687126676,0.021201802536753855,0.8800186535138442,0.11998134648615577
cppi_spy_cash,2022-05-18,11037.768857456396,-0.045422059203104825,0.044392441247478764,0.9208178332724278,0.07918216672757217
cppi_spy_cash,2022-05-19,10987.89081400243,-0.004518851961669013,0.0951703052203402,0.8248727470997489,0.1751272529002511
cppi_spy_cash,2022-05-20,10959.93267500175,-0.002544450019930311,0.009095397857761034,0.8153090880256367,0.18469091197436327
cppi_spy_cash,2022-05-23,11107.524574126264,0.013466496875583323,0.005103561375005894,0.8127283878581676,0.1872716121418324
cppi_spy_cash,2022-05-24,10909.01655710007,-0.017871490240822463,0.02657416422393044,0.8363827381847072,0.1636172618152928
cppi_spy_cash,2022-05-25,11030.753020937633,0.011159251908764434,0.03639773260505552,0.8021995902717501,0.19780040972824986
cppi_spy_cash,2022-05-26,11282.424405608828,0.022815431022115584,0.02206499488891378,0.8281884180582859,0.1718115819417141
cppi_spy_cash,2022-05-27,11603.3181062764,0.02844191010116992,0.04460920617672448,0.8763209665818944,0.1236790334181056
cppi_spy_cash,2022-05-31,11574.000383858274,-0.0025266671265581353,0.05530516137730901,0.9314567233433557,0.06854327665664428
cppi_spy_cash,2022-06-01,11494.643580448328,-0.006856471468639436,0.005069925695732946,0.9258789620793602,0.07412103792063984
cppi_spy_cash,2022-06-02,11781.590018395007,0.02496349155486266,0.013807990241877843,0.9142137112552479,0.08578628874475214
cppi_spy_cash,2022-06-03,11485.845917952336,-0.02510222304297771,0.04870980224946897,0.9619706995099729,0.03802930049002706
cppi_spy_cash,2022-06-06,11520.087928643854,0.0029812354210669856,0.05149899123884649,0.9107424167566018,0.08925758324339816
cppi_spy_cash,2022-06-07,11611.10884148214,0.00790106059971718,0.005940151236151103,0.9173361946464015,0.08266380535359852
cppi_spy_cash,2022-06-08,11532.965956624981,-0.006730010537665865,0.015677755385916314,0.9325611359575697,0.06743886404243027
cppi_spy_cash,2022-06-09,11248.926058846491,-0.02462852130551263,0.013552278241612759,0.9169649241969315,0.08303507580306846
cppi_spy_cash,2022-06-10,10904.601260021354,-0.030609570818038168,0.05050192803612763,0.8622533749629443,0.1377466250370557
cppi_spy_cash,2022-06-13,10498.778442525445,-0.03721574111872794,0.06315916030231594,0.7913415238715038,0.2086584761284962
cppi_spy_cash,2022-06-14,10511.575016239254,0.00121886310715702,0.07732175779925998,0.7143899980610255,0.28561000193897446
cppi_spy_cash,2022-06-15,10699.705249733968,0.017897435275310514,0.0024126730018191322,0.7217827299093159,0.2782172700906841
cppi_spy_cash,2022-06-16,10372.56998804902,-0.030574231163338128,0.0351648270715903,0.7492908648244153,0.2507091351755847
cppi_spy_cash,2022-06-17,10458.458508813063,0.008280351047329715,0.06308580934174501,0.6888016828024465,0.31119831719755353
cppi_spy_cash,2022-06-21,10629.854009106377,0.01638821822058034,0.01640506637805239,0.7099647463124393,0.29003525368756067
cppi_spy_cash,2022-06-22,10618.004208711905,-0.0011147660526964476,0.03224319187375824,0.7419285609456818,0.2580714390543182
cppi_spy_cash,2022-06-23,10734.949245825146,0.01101384354484325,0.002240341601068785,0.7425245963444322,0.25747540365556776
cppi_spy_cash,2022-06-24,11015.836644160181,0.026165694117675775,0.02178714371026136,0.7703264430663288,0.2296735569336712
cppi_spy_cash,2022-06-27,10948.945258333744,-0.006072292825974102,0.050992011876164756,0.8202359865446882,0.1797640134553118
cppi_spy_cash,2022-06-28,10679.28026905205,-0.024629312040485463,0.012227948668391386,0.803162411146997,0.19683758885300295
cppi_spy_cash,2022-06-29,10686.110477477714,0.0006395757254782364,0.05050487200090348,0.7528281162822661,0.2471718837177339
cppi_spy_cash,2022-06-30,10586.149087800371,-0.009354328676277834,0.0012658498447978284,0.7517722736685087,0.24822772633149126
cppi_spy_cash,2022-07-01,10637.158323193302,0.004818488287843481,0.01888563103260832,0.734172573580999,0.26582742641900103
cppi_spy_cash,2022-07-05,10772.497292854434,0.012723226029835333,0.009585743180132056,0.7469800036319573,0.25301999636804273
cppi_spy_cash,2022-07-06,10825.557316210146,0.004925508163358572,0.02512433322226726,0.7732270346727537,0.22677296532724633
cppi_spy_cash,2022-07-07,11006.84155642933,0.01674594987804734,0.009797035223167883,0.7865997849224052,0.21340021507759477
cppi_spy_cash,2022-07-08,11017.793134036932,0.000994979127432405,0.03293819271105225,0.8197232932866692,0.18027670671333085
cppi_spy_cash,2022-07-11,10824.350989836868,-0.017557249609494785,0.0019820420715042086,0.8185193883476355,0.1814806116523645
cppi_spy_cash,2022-07-12,10741.885999032816,-0.007618469770749203,0.035742390681348546,0.7811172098153423,0.21888279018465773
cppi_spy_cash,2022-07-13,10724.766563166877,-0.0015937085785010519,0.015361736536341208,0.7653851640049366,0.2346148359950634
cppi_spy_cash,2022-07-14,10753.92156926397,0.002718474656336456,0.00319610922639868,0.7628345431321477,0.2371654568678523
cppi_spy_cash,2022-07-15,10903.724746733893,0.013930097639737182,0.005421451165323221,0.7714410985005985,0.2285589014994015
cppi_spy_cash,2022-07-18,10829.707333721997,-0.006788268663336039,0.027476192841612623,0.7975485213007913,0.20245147869920865
cppi_spy_cash,2022-07-19,11090.623863426417,0.02409266674196875,0.013674891149013657,0.7889610761190082,0.21103892388099177
cppi_spy_cash,2022-07-20,11237.115112671583,0.013208567078742073,0.04704884581650437,0.838155373090282,0.16184462690971801
cppi_spy_cash,2022-07-21,11376.225279986338,0.012379526766428395,0.0260651355226188,0.8658843361738778,0.13411566382612217
cppi_spy_cash,2022-07-22,11198.341610090887,-0.015636440516732186,0.024452800325864388,0.8885978855274584,0.11140211447254156
cppi_spy_cash,2022-07-25,11143.338537167827,-0.004911715934214467,0.03177236936116001,0.8561233840919656,0.14387661590803436
cppi_spy_cash,2022-07-26,10957.940282496742,-0.016637586128492976,0.009876491381103247,0.843647076012823,0.15635292398717704
cppi_spy_cash,2022-07-27,11332.562230766285,0.03418725952247903,0.033839701750664086,0.8161008193391139,0.18389918066088606
cppi_spy_cash,2022-07-28,11429.564361243107,0.008559593894262862,0.06610803058509529,0.8832162582678407,0.11678374173215933
cppi_spy_cash,2022-07-29,11617.00179128607,0.01639935032682005,0.01696617726028804,0.9017946332637035,0.09820536673629654
cppi_spy_cash,2022-08-01,11610.091555571,-0.0005948381380342926,0.03226783559100255,0.9340253522795128,0.06597464772048722
cppi_spy_cash,2022-08-02,11577.786427221392,-0.0027825041856889277,0.0011925132898678026,0.9326455049229001,0.0673544950770999
cppi_spy_cash,2022-08-03,11870.017645234848,0.025240681355666483,0.005580616558041429,0.9288608948722084,0.07113910512779165
cppi_spy_cash,2022-08-04,11923.724354829323,0.004524568640050353,0.049238151203374714,0.9781987656194564,0.0218012343805436
cppi_spy_cash,2022-08-05,11827.460183579746,-0.008073330813839874,0.009007304749021339,0.9871020562405123,0.012897943759487718
cppi_spy_cash,2022-08-08,11790.153187668064,-0.0031542694147874695,0.016278196128904243,0.970732015939581,0.029267984060418972
cppi_spy_cash,2022-08-09,11661.381104288506,-0.010922002566874811,0.006328977063279728,0.9640101832982538,0.03598981670174617
cppi_spy_cash,2022-08-10,11967.69474630359,0.026267355408051696,0.02208544774304,0.9434124241402208,0.05658757585977925
cppi_spy_cash,2022-08-11,11899.522683267875,-0.005696340396447064,0.05118883293037968,0.9945706057481452,0.005429394251854847
cppi_spy_cash,2022-08-12,12127.161731036302,0.019130099065949535,0.01145822711020339,0.9834295661806722,0.016570433819327768
cppi_spy_cash,2022-08-15,12224.962463368112,0.0080646019654802,0.016570433819327768,1.0,0.0
cppi_spy_cash,2022-08-16,12196.332619291148,-0.002341916726759097,0.0,1.0,0.0
cppi_spy_cash,2022-08-17,12057.220409667825,-0.011406068854114992,0.0,1.0,0.0
cppi_spy_cash,2022-08-18,12086.217662049392,0.0024049699181343254,0.0,1.0,0.0
cppi_spy_cash,2022-08-19,11850.571160687234,-0.019497125399461024,0.0,1.0,0.0
cppi_spy_cash,2022-08-22,11546.15568024559,-0.02568783194615154,0.025218841739624742,0.9741169138839573,0.02588308611604273
cppi_spy_cash,2022-08-23,11536.749173633107,-0.0008146873187044879,0.05273084086069035,0.9213261237924801,0.07867387620751987
cppi_spy_cash,2022-08-24,11567.47003936349,0.0026628702130921944,0.0016348519090000346,0.9199046866006172,0.0800953133993828
cppi_spy_cash,2022-08-25,11756.646584153175,0.016354184981324904,0.005311465390331005,0.9264198919015564,0.07358010809844362
cppi_spy_cash,2022-08-26,11294.34899545484,-0.03932223235505505,0.032181667802578695,0.9569084354616691,0.04309156453833085
cppi_spy_cash,2022-08-29,11196.029222725294,-0.008705218226310651,0.08186490791158785,0.8739565211104545,0.12604347888954548
cppi_spy_cash,2022-08-30,11089.058097402967,-0.009554380682144092,0.0175736484474992,0.8550000114503524,0.14499998854964757
cppi_spy_cash,2022-08-31,11034.969823941326,-0.004877625582492717,0.01929564316146659,0.8349022534867633,0.16509774651323672
cppi_spy_cash,2022-09-01,11038.816806963358,0.0003486174482947302,0.009806252583336561,0.8251586687949609,0.17484133120503909
cppi_spy_cash,2022-09-02,10910.010263523003,-0.011668509922105219,0.0006952773579779192,0.8237980530666612,0.1762019469333388
cppi_spy_cash,2022-09-06,10847.051659141986,-0.005770719079111752,0.023612665546232425,0.799030366376974,0.200969633623026
cppi_spy_cash,2022-09-07,11019.466782610809,0.0158951140721737,0.01161317267094053,0.790745782129997,0.20925421787000298
cppi_spy_cash,2022-09-08,11066.083114292212,0.004230361831569329,0.031290394985847736,0.822791402162673,0.177208597837327
cppi_spy_cash,2022-09-09,11267.081580645134,0.01816346979116079,0.008419537415107148,0.8342234382745718,0.1657765617254282
cppi_spy_cash,2022-09-12,11383.170555082963,0.01030337568845252,0.03567749141890064,0.8712323131560233,0.12876768684397666
cppi_spy_cash,2022-09-13,10826.383320806473,-0.048913194402403604,0.020392003297426964,0.8860530154435702,0.11394698455642982
cppi_spy_cash,2022-09-14,10892.529757292741,0.006109744549608331,0.10285980020576024,0.7845319705588667,0.2154680294411333
cppi_spy_cash,2022-09-15,10747.885551352163,-0.013279211456249329,0.012123119234982549,0.7939209881939744,0.2060790118060256
cppi_spy_cash,2022-09-16,10697.189834570403,-0.004716808393571137,0.02691834244851643,0.7659047351378322,0.2340952648621678
cppi_spy_cash,2022-09-19,10745.47121853219,0.0045134642563557925,0.009484625852544837,0.7575168585411594,0.24248314145884065
cppi_spy_cash,2022-09-20,10679.722325960785,-0.006118753773962982,0.008984068974390524,0.7650655190453471,0.23493448095465286
cppi_spy_cash,2022-09-21,10535.642868806182,-0.01349093663272194,0.012314957512454039,0.7493724054020908,0.2506275945979092
cppi_spy_cash,2022-09-22,10441.73293741369,-0.008913545434473646,0.027353948517883087,0.7195260434218814,0.2804739565781186
cppi_spy_cash,2022-09-23,10322.280972246852,-0.011439860211213682,0.017995094857375604,0.6980824246865035,0.3019175753134965
cppi_spy_cash,2022-09-26,10293.21504104175,-0.0028158438317315015,0.02314992328763077,0.674022123894817,0.32597787610518303
cppi_spy_cash,2022-09-27,10295.915390639833,0.00026234267790137267,0.005655136933571003,0.6684558405739728,0.3315441594260272
cppi_spy_cash,2022-09-28,10432.921864687845,0.013306876450496663,0.0005226728063187913,0.6733257009334522,0.32667429906654777
cppi_spy_cash,2022-09-29,10222.247252303774,-0.020193251240301024,0.026264086925264385,0.6934065594857082,0.3065934405142918
cppi_spy_cash,2022-09-30,10108.785340593555,-0.011099507663018815,0.041226897581243094,0.6482901957909432,0.35170980420905684
cppi_spy_cash,2022-10-03,10256.972886273237,0.014659283057936845,0.022462679563439503,0.6312416541163924,0.36875834588360756
cppi_spy_cash,2022-10-04,10469.553647953555,0.020725487337966086,0.02888670284564432,0.6670389546623758,0.33296104533762416
cppi_spy_cash,2022-10-05,10465.189946125296,-0.00041679922325166263,0.04059970816722902,0.707528630775057,0.292471369224943
cppi_spy_cash,2022-10-06,10406.95654113983,-0.0055644861952101055,0.0008458207689113761,0.705041767084696,0.294958232915304
cppi_spy_cash,2022-10-07,10131.698405724752,-0.026449436425236672,0.011191495405881047,0.6855363105910249,0.31446368940897507
cppi_spy_cash,2022-10-10,10067.224083586963,-0.00636362429633297,0.054339549585899594,0.6288549741027553,0.37114502589724474
cppi_spy_cash,2022-10-11,9981.895984244704,-0.008475831930807365,0.01282892767037791,0.6127486954339674,0.38725130456603263
cppi_spy_cash,2022-10-12,9979.68881416923,-0.0002211173186894566,0.017101539611194982,0.595564643217279,0.404435356782721
cppi_spy_cash,2022-10-13,10118.969543967694,0.013956420124113578,0.00044924903030141294,0.6006885346517694,0.3993114653482306
cppi_spy_cash,2022-10-14,9927.62441555965,-0.018909546824568912,0.027528459606571798,0.6210616769076589,0.3789383230923411
cppi_spy_cash,2022-10-17,10118.193192032519,0.01919580843269908,0.03855845109913569,0.590382267363796,0.40961773263620405
cppi_spy_cash,2022-10-18,10168.061984400449,0.004928626230145339,0.03765274397611529,0.6298732333330709,0.3701267666669291
cppi_spy_cash,2022-10-19,10144.243456247124,-0.002342484555057367,0.00979497120579631,0.6388256887326008,0.3611743112673992
cppi_spy_cash,2022-10-20,10111.376980683144,-0.0032399139182469616,0.0046995070724092924,0.6329386539227824,0.36706134607721763
cppi_spy_cash,2022-10-21,10259.831487277617,0.014681927780764381,0.006502615176506077,0.6318437119225476,0.3681562880774524
cppi_spy_cash,2022-10-24,10334.116203766553,0.007240344695821799,0.02893658161731716,0.6632284514935194,0.3367715485064806
cppi_spy_cash,2022-10-25,10478.815289205873,0.014002076480094328,0.014366852568134192,0.6820518700348623,0.31794812996513766
cppi_spy_cash,2022-10-26,10314.212287625514,-0.015708169009326367,0.027612883315435877,0.7050394806546306,0.2949605193453694
cppi_spy_cash,2022-10-27,10187.489283528615,-0.012286251297051076,0.03192585168599116,0.6690580288724244,0.3309419711275756
cppi_spy_cash,2022-10-28,10388.046679299921,0.019686636244670375,0.02488872788516283,0.6510478511812924,0.3489521488187076
cppi_spy_cash,2022-10-31,10304.345196932583,-0.008057480386002513,0.038604425042650714,0.6871434212726554,0.3128565787273446
cppi_spy_cash,2022-11-01,10233.543070939282,-0.006871094149134116,0.01625793959686339,0.6686138469423731,0.33138615305762686
cppi_spy_cash,2022-11-02,10003.72596140344,-0.022457237727221413,0.013842653195608401,0.6468450888348308,0.35315491116516917
cppi_spy_cash,2022-11-03,9885.844586137577,-0.011783746947954699,0.045951191160828575,0.5961534110649989,0.40384658893500114
cppi_spy_cash,2022-11-04,9976.608353456064,0.009181184928373387,0.023867076891183725,0.5761876420817421,0.4238123579182579
cppi_spy_cash,2022-11-07,10041.620743214964,0.006516482100490384,0.018185199898568927,0.5970063194968733,0.40299368050312667
cppi_spy_cash,2022-11-08,10086.124005947642,0.0044318804574201565,0.012941256324829342,0.6116736395978716,0.3883263604021284
cppi_spy_cash,2022-11-09,9941.615902546471,-0.014327416886403155,0.008819625620011373,0.6149802742042394,0.3850197257957606
cppi_spy_cash,2022-11-10,10371.12122658821,0.043202767865103686,0.029074746899827808,0.603066205574766,0.396933794425234
cppi_spy_cash,2022-11-11,10501.323325181158,0.012554293383356896,0.08281563153347826,0.6898021656219444,0.3101978343780556
cppi_spy_cash,2022-11-14,10435.396243875883,-0.006277978428412823,0.024771583150239307,0.7127776434738703,0.2872223565261297
cppi_spy_cash,2022-11-15,10536.368468968501,0.009675935894803755,0.012642396006352419,0.7030126688542033,0.2969873311457967
cppi_spy_cash,2022-11-16,10432.308511740148,-0.00987626405955988,0.01916266407152789,0.7194094706257856,0.28059052937421436
cppi_spy_cash,2022-11-17,10415.995350646763,-0.001563715363193774,0.019954932159180316,0.6989898416217676,0.3010101583782324
cppi_spy_cash,2022-11-18,10416.21739443814,2.13175778118746e-05,0.0031383355542041746,0.6958589441382198,0.3041410558617802
cppi_spy_cash,2022-11-21,10341.648824715878,-0.007158891457284544,4.167974708046973e-05,0.6937079248397869,0.30629207516021306
cppi_spy_cash,2022-11-22,10442.676929439715,0.00976905196030109,0.0144210342079506,0.6823942229851079,0.3176057770148921
cppi_spy_cash,2022-11-23,10516.022761036356,0.007023661853395868,0.019344501465914377,0.7038247291187124,0.2961752708812876
cppi_spy_cash,2022-11-25,10466.22207749825,-0.0047356956778968895,0.013943618728150309,0.7164293790132277,0.2835706209867723
cppi_spy_cash,2022-11-28,10357.561688189193,-0.01038200685065449,0.00952041246249491,0.7038369905047702,0.2961630094952298
cppi_spy_cash,2022-11-29,10303.808500612311,-0.005189753070761527,0.020984667005445545,0.6812045088586117,0.3187954911413883
cppi_spy_cash,2022-11-30,10618.75975234884,0.030566489246943274,0.0104403441882166,0.6805325988867132,0.31946740111328675
cppi_spy_cash,2022-12-01,10627.770659657623,0.000848583781810186,0.05931644566001304,0.7400850354003476,0.25991496459965235
cppi_spy_cash,2022-12-02,10596.350223283249,-0.0029564465945471907,0.0016803104494123033,0.7410000602743578,0.25899993972564217
cppi_spy_cash,2022-12-05,10465.561674889746,-0.012342792153672177,0.005930861378407037,0.7317599388416409,0.2682400611583591
cppi_spy_cash,2022-12-06,10312.041490170115,-0.014669082223076058,0.02499567195893082,0.7024061681179434,0.29759383188205657
cppi_spy_cash,2022-12-07,10283.41761842501,-0.002775771584355158,0.02978237416577989,0.6717223201372842,0.32827767986271583
cppi_spy_cash,2022-12-08,10364.430968172035,0.007878056960544999,0.005576773057557327,0.668756960443654,0.33124303955634604
cppi_spy_cash,2022-12-09,10319.03858584965,-0.004379630918646682,0.01563110932098477,0.6830046806274328,0.3169953193725672
cppi_spy_cash,2022-12-12,10406.268056913008,0.008453255634005785,0.008802747989139936,0.6769357452878666,0.3230642547121334
cppi_spy_cash,2022-12-13,10483.695039581282,0.007440417856316772,0.016761950298927908,0.6959649774217345,0.30403502257826553
cppi_spy_cash,2022-12-14,10428.300437191772,-0.005283881511277011,0.014765837487723421,0.709198525677611,0.290801474322389
cppi_spy_cash,2022-12-15,10183.59092313899,-0.023465905640773776,0.010628192433830619,0.6913303233908044,0.30866967660919564
cppi_spy_cash,2022-12-16,10120.645968699831,-0.006181017571722847,0.04806285331476157,0.6410660385364065,0.35893396146359346
cppi_spy_cash,2022-12-19,10016.132068369065,-0.010326801337977587,0.012456172548100164,0.6247392488609449,0.3752607511390551
cppi_spy_cash,2022-12-20,10011.21461559188,-0.000490953268549088,0.02087378823987107,0.6036791544350391,0.39632084556496094
cppi_spy_cash,2022-12-21,10098.729909030319,0.008741725834359615,0.0009906617342040347,0.6061319726124836,0.39386802738751636
cppi_spy_cash,2022-12-22,9944.520167685894,-0.015270211475457818,0.017331550405483398,0.6176311964876458,0.38236880351235425
cppi_spy_cash,2022-12-23,9957.331659734986,0.0012882966531377882,0.03102064065474819,0.5871552459531996,0.41284475404680043
cppi_spy_cash,2022-12-27,9874.286721438197,-0.008340079564950309,0.0025604710545876763,0.5862661946736868,0.4137338053263132
cppi_spy_cash,2022-12-28,9799.884657092754,-0.007534930516439942,0.016821502318671078,0.5661831551593862,0.4338168448406138
cppi_spy_cash,2022-12-29,9931.351565898754,0.013415148586555015,0.01519157105230029,0.556942092906447,0.44305790709355297
cppi_spy_cash,2022-12-30,9927.60932111814,-0.00037681122813781887,0.02646839853071925,0.5832644872739438,0.41673551272605625
