baseline,date,portfolio_value,daily_returns,turnover,weight_spy,weight_cash,reward,drawdown,lambda_rrc,vix_zscore_t,nav_after_cost
sac_profit_only,2020-01-02,10000.0,0.0,0.0,0.0,1.0,0.0,0.0,,,10000.0
sac_profit_only,2020-01-03,9997.821095672625,-0.00021789043273745534,0.02144646644592285,0.021254193614152442,0.9787458063858475,-0.0002179141743065644,0.00021789043273747665,,-1.121252637682178,9999.78553533554
sac_profit_only,2020-01-06,9999.200711088622,0.00013799160865102245,0.00019227283177040977,0.02158166811473229,0.9784183318852677,0.00013798208868476698,7.992889113775163e-05,,-0.5150265874899304,9997.819173363252
sac_profit_only,2020-01-07,9999.169515224246,-3.1198358025896766e-06,0.00013520166880943985,0.02144354581253283,0.9785564541874672,-3.1198406692875162e-06,8.304847757535754e-05,,-0.577966289820798,9999.19935918
sac_profit_only,2020-01-08,10000.781339852805,0.00016119584992568825,2.9206333900209935e-06,0.02160418264926069,0.9783958173507393,0.00016118285927067933,0.0,,-0.5971291346020252,9999.169486020339
sac_profit_only,2020-01-09,10002.597161837946,0.00018156801188173866,0.00015771620333783834,0.021624262517199167,0.9783757374828008,0.00018155153040524507,0.0,,-0.7317163457422727,10000.779762567541
sac_profit_only,2020-01-10,10002.046800698072,-5.5021823929357616e-05,0.0001777960712763156,0.021392795675604332,0.9786072043243956,-5.502333768543854e-05,5.502182392930763e-05,,-1.1033644571672967,10002.595383415468
sac_profit_only,2020-01-13,10004.521026868975,0.0002473719849751532,5.3670770318519495e-05,0.021688525816937355,0.9783114741830626,0.00024734139357054496,0.0,,-1.0880230504530377,10002.046263880515
sac_profit_only,2020-01-14,10003.673764614929,-8.468793776050809e-05,0.00024205937101450317,0.021363824634466115,0.9786361753655339,-8.469152398638397e-05,8.468793776045615e-05,,-1.17942901770067,10004.518605180909
sac_profit_only,2020-01-15,10003.760670187816,8.687365754989074e-06,8.264181145673649e-05,0.021455048293262818,0.9785449517067372,8.687328020045738e-06,7.600130772051829e-05,,-1.14220809996923,10003.672937893207
sac_profit_only,2020-01-16,10005.81668076642,0.00020552376715010645,8.581847339966114e-06,0.021647549524942102,0.9783524504750579,0.0002055026500340046,0.0,,-1.1213026307072285,10003.76058433707
sac_profit_only,2020-01-17,10006.876615933797,0.0001059318995335623,0.00020108307901925068,0.021550312250501646,0.9784496877494984,0.00010592628914610208,0.0,,-1.1555691481782835,10005.814668765994
sac_profit_only,2020-01-21,10006.77949599547,-9.705319857000738e-06,0.00010384580457879419,0.021437070798373776,0.9785629292016262,-9.70536695392223e-06,9.705319857035192e-06,,-1.2387623873728912,10006.875576761644
sac_profit_only,2020-01-22,10007.346488814179,5.666086865763198e-05,9.395647549075709e-06,0.02150191819136215,0.9784980818086378,5.665926349124659e-05,0.0,,-0.9143686757330924,10006.779401975296
sac_profit_only,2020-01-23,10008.036192770329,6.891976378753384e-05,5.5451745439298594e-05,0.02151395773532658,0.9784860422646734,6.891738892972937e-05,0.0,,-0.8850059128587179,10007.345933889348
sac_profit_only,2020-01-24,10006.229275711858,-0.00018054661510680248,6.749128940372953e-05,0.021269826069756515,0.9787301739302435,-0.0001805629156089456,0.00018054661510682703,,-0.8491585386417684,10008.035517315062
sac_profit_only,2020-01-27,10001.794863967318,-0.00044316511468545094,0.0001766403761663364,0.021012786317159787,0.9789872136828403,-0.00044326334136638557,0.0006236317178308948,,-0.1627746539082402,10006.227508207754
sac_profit_only,2020-01-28,10008.993414112381,0.0007197258335098766,0.027645942282388553,0.049369222853869986,0.95063077714613,0.0007194669550790483,0.0,,1.4216818453097495,10001.518354923788
sac_profit_only,2020-01-29,10009.06288412555,6.940759204709934e-06,0.027922756407947134,0.021480582025529785,0.9785194179744702,6.94073511775222e-06,0.0,,0.5866366623582641,10008.71393542739
sac_profit_only,2020-01-30,10009.82708197373,7.635058916388715e-05,3.411557960693312e-05,0.021521207262153615,0.9784787927378464,7.634767460600552e-05,0.0,,0.6428733357594455,10009.062542660567
sac_profit_only,2020-01-31,10006.42200366308,-0.0003401735397390304,7.474081623076376e-05,0.02111354831454027,0.9788864516854597,-0.00034023141188235307,0.0003401735397390115,,0.2542215121852175,10009.826333831084
sac_profit_only,2020-02-03,10014.312853888943,0.0007885785971224468,0.03328260418179762,0.05517269524541352,0.9448273047545865,0.0007882678323847427,0.0,,1.7092973316129427,10006.088963880256
sac_profit_only,2020-02-04,10022.464693118745,0.0008140188297229844,0.01878703984227631,0.0371875063635343,0.9628124936364657,0.0008136876960825737,0.0,,1.3230229086231358,10014.124714594363
sac_profit_only,2020-02-05,10023.015626077733,5.496980791219741e-05,0.01574103991761145,0.021515656992536325,0.9784843430074637,5.496829712767123e-05,0.0,,0.4879083594053889,10022.306929101938
sac_profit_only,2020-02-06,10024.870458035106,0.00018505727483320022,6.919054661347346e-05,0.021627589084712698,0.9783724109152873,0.00018504015384792523,0.0,,0.0975880082047145,10023.014932579803
sac_profit_only,2020-02-07,10023.94397482232,-9.241847230490041e-05,0.00018112263878984625,0.0213561989190946,0.9786438010809054,-9.242274315505098e-05,9.241847230493508e-05,,0.0157457249951368,10024.868642304114
sac_profit_only,2020-02-10,10026.54119575371,0.0002591017006794427,9.026752682825268e-05,0.021700033962505173,0.9782999660374948,0.0002590681396308199,0.0,,0.2391059158775173,10023.943069985688
sac_profit_only,2020-02-11,10026.575726716832,3.443955642001839e-06,0.00025356751658232174,0.021450084657814172,0.9785499153421858,3.443949711600223e-06,0.0,,0.0532871418176267,10026.53865334856
sac_profit_only,2020-02-12,10028.67034304253,0.00020890644850135587,3.6182118913208328e-06,0.021650853432140696,0.9783491465678593,0.00020888463058779214,0.0,,0.1155957632010759,10026.575690438556
sac_profit_only,2020-02-13,10028.392865368107,-2.7668441072603578e-05,0.00020438698621784435,0.021419590655139605,0.9785804093448603,-2.7668823850979875e-05,2.7668441072569575e-05,,-0.5079166457394809,10028.668293312823
sac_profit_only,2020-02-14,10029.008482104316,6.13873772672413e-05,2.6875790783247033e-05,0.021506559891284287,0.9784934401087158,6.138549313930482e-05,0.0,,-0.3269810390372755,10028.392595847119
sac_profit_only,2020-02-18,10029.090376113767,8.165713449859169e-06,6.0093445361435877e-05,0.02145451577259786,0.9785454842274022,8.165680110602588e-06,0.0,,-0.5270928769657132,10029.007879426643
sac_profit_only,2020-02-19,10031.15202265998,0.00020556665349458214,8.049326675009516e-06,0.021647590953285945,0.978352409046714,0.00020554552756520914,0.0,,-0.0266714102394479,10029.090295386342
sac_profit_only,2020-02-20,10029.152826736108,-0.00019929873651158836,0.00020112450736309295,0.021251599937525047,0.978748400062475,-0.00019931859914388477,0.0001992987365116405,,-0.2215493742151412,10031.150005149471
sac_profit_only,2020-02-21,10025.019114844785,-0.00041216959824397215,0.0001948665083978049,0.021043160886157413,0.9789568391138426,-0.0004122545634803574,0.0006113861898754722,,0.2891102737620407,10029.150872390115
sac_profit_only,2020-02-24,10011.138411017084,-0.0013846062205653542,0.014486333399426083,0.03420622185387876,0.9657937781461212,-0.0013855656735036373,0.001995145881319183,,0.9442302755974517,10024.873889075552
sac_profit_only,2020-02-25,9975.990570326809,-0.0035108735138049685,0.09155326052984927,0.12275964201551463,0.8772403579844854,-0.0035170510935923958,0.005499014690293225,,4.22184436454829,10010.22185865394
sac_profit_only,2020-02-26,9985.858463330067,0.000989164227220618,0.08583754121202443,0.20944710194591984,0.7905528980540801,0.0009886753266618122,0.00451528989168912,,5.095597825897003,9975.134255825098
sac_profit_only,2020-02-27,9910.689826938544,-0.00752750869317409,0.060314611787838784,0.1427307078525891,0.8572692921474109,-0.007555983372332539,0.01200880970095133,,4.734416174629932,9985.256170153483
sac_profit_only,2020-02-28,9910.237207026268,-4.566986962351027e-05,0.7041226675822864,0.8469542198638702,0.1530457801361298,-4.5670912523758855e-05,0.012053931129801493,,7.883651998287038,9903.71148558002
sac_profit_only,2020-03-02,10332.210410205778,0.042579526036000015,0.021392934844949307,0.8326890382278693,0.16731096177213067,0.04169795574873169,0.0,,7.25629335652188,9910.0251979674
sac_profit_only,2020-03-03,10270.30229562465,-0.005991758987019646,0.6665135535705817,0.16170839876260565,0.8382916012373943,-0.00600978160240565,0.005991758987019679,,5.011807423017717,10325.323851929033
sac_profit_only,2020-03-04,10377.290531937408,0.010417243157325284,0.09015508085165216,0.25964340262077046,0.7403565973792295,0.010363357582839773,0.0,,5.553507894223165,10269.376375690817
sac_profit_only,2020-03-05,10336.310389330954,-0.0039490214213749875,0.13406094603202534,0.12223336257769274,0.8777666374223072,-0.003956839395487329,0.003949021421375042,,4.134371804762353,10375.899342551447
sac_profit_only,2020-03-06,10307.483807296627,-0.0027888657507888492,0.04065695247815443,0.16058332898007835,0.8394166710199217,-0.002792761882421546,0.006726873881572649,,5.629034102683704,10335.890146450656
sac_profit_only,2020-03-09,10131.294896435289,-0.017093299796077654,0.0842963936151365,0.231812517574655,0.768187482425345,-0.017241076662086127,0.02370518920570223,,5.7327036136449925,10306.614923584426
sac_profit_only,2020-03-10,10560.746179975318,0.042388587829097046,0.5573416543690095,0.7978409229013362,0.20215907709866376,0.041514798791877534,0.0,,7.443963267849547,10125.64830377681
sac_profit_only,2020-03-11,10424.92434098114,-0.012861007799971125,0.5142188964578548,0.2746618215640082,0.7253381784359918,-0.012944426565569973,0.012861007799971102,,5.643705476690732,10555.31564472888
sac_profit_only,2020-03-12,9917.501890801024,-0.048673969573611364,0.2535523946682916,0.50420135025523,0.49579864974476995,-0.04989844613936748,0.06090898107124068,,6.253245263583844,10422.281076450248
sac_profit_only,2020-03-13,10661.485845148407,0.07501727375897604,0.386327567057392,0.8982074114886506,0.10179258851134942,0.07233673006352831,0.0,,8.326319460410785,9913.670486424264
sac_profit_only,2020-03-16,10230.21273543675,-0.04045150141130771,0.5650433156100495,0.3054450984693354,0.6945549015306647,-0.041292419122671876,0.04045150141130767,,5.461591493098656,10655.461643837134
sac_profit_only,2020-03-17,10869.961181474755,0.06253520455366113,0.5264841083788092,0.8419042438968011,0.15809575610319893,0.060657754965089426,0.0,,7.637808953676683,10224.826691006207
sac_profit_only,2020-03-18,10681.128630316332,-0.017371961868662633,0.27980299897034844,0.5544842883568121,0.44551571164318793,-0.01752462502072569,0.017371961868662644,,6.268315464708368,10866.919733737486
sac_profit_only,2020-03-19,10712.619531805256,0.0029482747169191637,0.05422774996569879,0.5017526085416042,0.4982473914583958,0.0029439370786241074,0.014474904467704096,,5.854942756782667,10680.549416743615
sac_profit_only,2020-03-20,10588.345217771335,-0.011600740011810995,0.21095752072727314,0.2826225911134539,0.7173774088865461,-0.011668553564654948,0.025907724876089413,,5.105067223695603,10710.359624148332
sac_profit_only,2020-03-23,10584.59692652524,-0.00035400160922249846,0.10671176061571219,0.17570696944463618,0.8242930305553638,-0.0003540642825835814,0.0262525551090145,,4.3536582146712695,10587.21531681114
sac_profit_only,2020-03-24,10716.456771835055,0.012457710598253513,0.014641152565363719,0.17140055196809398,0.828599448031906,0.012380751815911856,0.014121891244773817,,3.820195907751789,10584.441955826796
sac_profit_only,2020-03-25,10705.095465911108,-0.0010601737277387002,0.0326327134900056,0.13788194791143013,0.8621180520885698,-0.001060736109421854,0.015167093314428816,,3.70585945184924,10716.107064771591
sac_profit_only,2020-03-26,10785.292631945027,0.007491494708225188,0.004463957392524948,0.14872704070510423,0.8512729592948958,0.007463572826119603,0.007789222805507821,,3.772196338990945,10705.047678821065
sac_profit_only,2020-03-27,10739.785095297215,-0.004219406760742284,0.026820998606105206,0.11820895837321799,0.881791041626782,-0.004228333576876717,0.011975763666883566,,3.430434764329368,10785.003359626378
sac_profit_only,2020-03-30,10792.508686833618,0.004909184966791491,0.01723353697285135,0.13968086051598885,0.8603191394840112,0.004897174210914704,0.007125369939051466,,3.6779857984602273,10739.600010813694
sac_profit_only,2020-03-31,10782.05711064391,-0.0009684102642845138,0.029764411922849204,0.10908016549421934,0.8909198345057807,-0.0009688794764555471,0.008086879921950152,,2.9486714335617124,10792.187454159382
sac_profit_only,2020-04-01,10733.942021180901,-0.004462514802997086,0.0041510759480157255,0.10092065014573809,0.899079349854262,-0.004472501543908395,0.012513306903585451,,2.6272499166680947,10782.012353505967
sac_profit_only,2020-04-02,10759.225897250208,0.0023555070466576566,0.015929010727674997,0.11893907380482674,0.8810609261951733,0.002352737188694805,0.010187275039516153,,2.836512062548897,10733.771040103295
sac_profit_only,2020-04-03,10743.916158712538,-0.0014229405241489301,0.020094903234453204,0.09757818664146128,0.9024218133585387,-0.0014239538654135368,0.011595719677180667,,2.3395096860096287,10759.009691646925
sac_profit_only,2020-04-06,10816.064776984971,0.006715299822395382,0.003600377689129741,0.10002467511378264,0.8999753248862173,0.006692852633575565,0.004958288589074026,,2.0094354870390974,10743.877476556507
sac_profit_only,2020-04-07,10815.445630490478,-5.724323099565165e-05,0.02786061642847991,0.07213679487878893,0.927863205121211,-5.724486945192638e-05,0.005015247991610657,,1.8728963918113288,10815.763434752955
sac_profit_only,2020-04-08,10832.500899736426,0.001576936339808821,0.002239669011286749,0.07583588495738366,0.9241641150426163,0.0015756942812922752,0.0034462203786128844,,1.955665725318066,10815.421407472057
sac_profit_only,2020-04-09,10833.371211178914,8.034261437339651e-05,0.011980832963059934,0.06394147317982642,0.9360585268201735,8.033938707841273e-05,0.003366154642594325,,1.6949970867492063,10832.371117352573
sac_profit_only,2020-04-13,10840.535804779951,0.0006613447892973578,0.0024948064622971194,0.06206930380510085,0.9379306961948991,0.0006611261972033777,0.002707036042129808,,1.558747995557223,10833.344184014408
sac_profit_only,2020-04-14,10867.788641464202,0.002513975063135998,0.004168875033128197,0.06026682204274012,0.9397331779572599,0.002510820314027825,0.00019986640009864268,,1.5086692019686287,10840.490611940888
sac_profit_only,2020-04-15,10862.3915244976,-0.0004966159303108064,0.018589347067154184,0.041219143718699586,0.9587808562813004,-0.0004967392848435003,0.0006963830735712272,,1.2542637659562617,10867.586616369294
sac_profit_only,2020-04-16,10872.470342047543,0.0009278635857687956,0.010210843235035766,0.05231899135228483,0.9476810086477152,0.0009274333864421915,0.0,,1.460685022932264,10862.280610320586
sac_profit_only,2020-04-17,10877.12008829174,0.00042766235252122975,0.006892622638905922,0.045841006109206967,0.9541589938907931,0.0004275709310414358,0.0,,1.396367074412422,10872.395402212323
sac_profit_only,2020-04-20,10871.838881112273,-0.00048553359129976936,0.005295304128616146,0.04008471146551061,0.9599152885344894,-0.0004856515009015025,0.0004855335912997504,,1.2471320181479757,10877.062490632828
sac_profit_only,2020-04-21,10850.806269777773,-0.001934595569755948,0.012018927183476205,0.050277702797665455,0.9497222972023346,-0.0019364693167836758,0.0024191898499209743,,1.632263957264105,10871.70821327241
sac_profit_only,2020-04-22,10871.772566901584,0.0019322340296690221,0.015355117331729076,0.06744907408053326,0.9325509259194668,0.001930369666700393,0.0004916302612042206,,1.7250882541303527,10850.639654374358
sac_profit_only,2020-04-23,10870.417993089406,-0.00012459548834764522,0.017008881857938044,0.0503380195749665,0.9496619804250335,-0.00012460325101030538,0.0006161644946393701,,1.4713639749323046,10871.587650206407
sac_profit_only,2020-04-24,10878.964982688223,0.0007862613566700372,0.0004526273859406238,0.050632273393617463,0.9493677266063826,0.0007859524151381268,0.0,,1.4168224608610036,10870.413072840525
sac_profit_only,2020-04-27,10882.069413264697,0.0002853608391435447,0.013478433328615022,0.03744149422570725,0.9625585057742927,0.0002853201314833503,0.0,,1.0301204122785588,10878.81835128402
sac_profit_only,2020-04-28,10875.752970547439,-0.000580444994180862,0.006994726418700414,0.029890454337027264,0.9701095456629727,-0.0005806135175920325,0.00058044499418083,,0.8405986968556356,10881.993296166282
sac_profit_only,2020-04-29,10890.296553923557,0.0013372484108000737,0.008047186806771564,0.039230170966340246,0.9607698290336597,0.0013363550904494413,0.0,,0.853677813219134,10875.66545133162
sac_profit_only,2020-04-30,10890.015113870733,-2.5843194575103645e-05,0.01650435042495841,0.022716693694260864,0.9772833063057391,-2.5843528516209983e-05,2.5843194575147928e-05,,0.6863267549098547,10890.116816653
sac_profit_only,2020-05-01,10881.939330561743,-0.0007415768687688562,0.0034712030342547613,0.025468587074328922,0.974531412925671,-0.0007418519729106564,0.0007674008986287254,,0.8822878370494066,10889.977312417226
sac_profit_only,2020-05-04,10886.910763269865,0.00045685172073683944,0.015009404029797054,0.04093054548823295,0.9590694545117671,0.0004567473957622894,0.00031089976631283546,,1.0843558520255343,10881.775999137702
sac_profit_only,2020-05-05,10890.74836695098,0.0003524970273534045,0.00904086844050346,0.03223956228328057,0.9677604377167194,0.0003524349148721393,0.0,,0.992510122868216,10886.812336141931
sac_profit_only,2020-05-06,10892.278661357688,0.00014051324621111583,0.008099681149247369,0.024284886187861225,0.9757151138121388,0.0001405033751496012,0.0,,0.8239180749247235,10890.660155361731
sac_profit_only,2020-05-07,10895.340911741208,0.0002811395557096308,0.0022750366395213814,0.0222869483247246,0.9777130516752754,0.00028110004339021563,0.0,,0.8538177738861711,10892.253881024646
sac_profit_only,2020-05-08,10898.53409938288,0.00029307826781543866,0.0008404818788017472,0.02173399740793759,0.9782660025920624,0.0002930353287693684,0.0,,0.6655475635101678,10895.33175440461
sac_profit_only,2020-05-11,10900.620292506439,0.0001914196078607322,0.0002875309620147398,0.021634026241402787,0.9783659737585972,0.00019140128946522485,0.0,,0.4250931855870794,10898.530965716885
sac_profit_only,2020-05-12,10895.723577888699,-0.0004492143094926293,0.00018755979547993573,0.021006872261348303,0.9789931277386517,-0.0004493152364669149,0.00044921430949267717,,0.393766307387475,10900.618247988326
sac_profit_only,2020-05-13,10892.794173999688,-0.0002688581320983152,0.0004395941845745481,0.021183733899394142,0.9788162661006059,-0.00026889428092532883,0.0007179516666708695,,0.7654796519762199,10895.718788191978
sac_profit_only,2020-05-14,10896.191664606838,0.0003119025800799591,0.0068991136958207015,0.028392599817093973,0.971607400182906,0.0003118539485821591,0.0004062730175680896,,0.9131913732833082,10892.719023374217
sac_profit_only,2020-05-15,10897.63292521604,0.0001322719582734777,0.006946133371171122,0.021582680784099258,0.9784173192159007,0.00013226321110933282,0.0002740547978222127,,0.7251961389028778,10896.115978206299
sac_profit_only,2020-05-18,10901.98605418121,0.0003994563769071924,0.0001362143381764061,0.021837333053908954,0.978162666946091,0.000399376615448775,0.0,,0.6710434353959198,10897.631440802183
sac_profit_only,2020-05-19,10901.39581366177,-5.414064157738263e-05,0.00039086660798610257,0.021393866565907613,0.9786061334340924,-5.4142107234819167e-05,5.414064157738435e-05,,0.4900177434505237,10901.9817929589
sac_profit_only,2020-05-20,10906.063746978582,0.0004281959298242377,5.259988001523816e-05,0.021865351193160302,0.9781346488068396,0.0004281042801088354,0.0,,0.5701742451217557,10901.395240249658
sac_profit_only,2020-05-21,10903.511877457826,-0.00023398630156201694,0.0004188847472374503,0.021217854732866432,0.9787821452671336,-0.00023401368062764377,0.0002339863015620659,,0.3928691522351087,10906.059178594825
sac_profit_only,2020-05-22,10904.316554722851,7.379982468669333e-05,0.00022861171305641956,0.021518901888222242,0.9784810981117777,7.379710161360548e-05,0.00016020374502346614,,0.4942890652188644,10903.509384787298
sac_profit_only,2020-05-26,10903.684418393654,-5.797120122341681e-05,7.243544229939072e-05,0.02138980611941211,0.9786101938805879,-5.797288161844578e-05,0.00021816565904330347,,0.3974360107349571,10904.315764863859
sac_profit_only,2020-05-27,10904.960026877618,0.00011698875673737952,5.66603265107421e-05,0.021560988254612855,0.9784390117453872,0.00011698191408644832,0.00010120242523520531,,0.3839041790246172,10903.683800587334
sac_profit_only,2020-05-28,10904.65412303507,-2.805180778231442e-05,0.00011452180869000322,0.021419127549109993,0.97858087245089,-2.8052201241632528e-05,0.00012925139410648512,,0.3544471098927093,10904.958778021872
sac_profit_only,2020-05-29,10908.080618446207,0.0003142232089599073,2.7338896812858365e-05,0.021753880833214025,0.9782461191667859,0.000314173851186684,0.0,,0.4178809736110189,10904.653824913856
sac_profit_only,2020-06-01,10908.779001024548,6.402433230645599e-05,0.00030741438729117374,0.0215094144737641,0.9784905855262359,6.402228283636918e-05,0.0,,0.3411927855090347,10908.077265145288
sac_profit_only,2020-06-02,10910.347615679362,0.0001437937879817941,6.294802784124684e-05,0.021587217724111096,0.9784127822758889,0.00014378345064601427,0.0,,0.3878253609395267,10908.778314338424
sac_profit_only,2020-06-03,10911.39869259175,9.633761905791793e-05,0.00014075127818824473,0.02154086660184066,0.9784591333981594,9.633297888750798e-05,0.0,,0.290520623450909,10910.346080033989
sac_profit_only,2020-06-04,10909.756448364336,-0.00015050721485676544,9.440015591780787e-05,0.021299257298566687,0.9787007427014334,-0.00015051854220420667,0.00015050721485681406,,0.2074530345701913,10911.397662554013
sac_profit_only,2020-06-05,10914.393941966788,0.0004250776471868001,0.0001472091473561643,0.02186239492974232,0.9781376050702577,0.0004249873272781409,0.0,,0.2151460629702627,10909.754842348391
sac_profit_only,2020-06-08,10916.205831073934,0.00016600913589703836,0.00041592848381947004,0.021609295249675576,0.9783907047503244,0.00016599535790526497,0.0,,0.1245367615942675,10914.389402359464
sac_profit_only,2020-06-09,10917.900180704242,0.00015521415192498722,0.00016282880375272438,0.021598487543622112,0.9784015124563779,0.00015520210745480702,0.0,,0.2103730175758235,10916.204053601197
sac_profit_only,2020-06-10,10920.708708244514,0.00025724063178711454,0.0001520210976992606,0.0216982741607383,0.9783017258392617,0.000257207551088805,0.0,,0.3278701658763039,10917.898520953073
sac_profit_only,2020-06-11,10909.101019536629,-0.0010629061737652545,0.0002518077148154496,0.020405495806958565,0.9795945041930414,-0.001063471459131406,0.0010629061737652704,,0.3247931332388614,10920.70595832581
sac_profit_only,2020-06-12,10912.378703937466,0.0003004541249518322,0.01990154917595159,0.040614395721673045,0.959385604278327,0.00030040899765012825,0.0007627714033577172,,1.221107989128025,10908.883911526224
sac_profit_only,2020-06-15,10916.109036494132,0.00034184412563686983,0.011567741020440135,0.029389683872925038,0.9706103161270749,0.00034178571024601326,0.0004211880266442502,,0.8932550960760133,10912.252472366701
sac_profit_only,2020-06-16,10920.04265360619,0.0003603497453998905,0.007943217427002186,0.021806731004838074,0.9781932689951619,0.0003602848350235425,6.0990056242570955e-05,,0.7721637529695902,10916.022327466599
sac_profit_only,2020-06-17,10920.781270584319,6.763865321390838e-05,0.00036026455891522216,0.02151300252677655,0.9784869974732234,6.763636582334751e-05,0.0,,0.717040415116921,10920.03871950184
sac_profit_only,2020-06-18,10921.415060344993,5.803520324865197e-05,6.653608085369772e-05,0.021503318808811185,0.9784966811911888,5.80335192713969e-05,0.0,,0.6981737760064307,10920.780543958334
sac_profit_only,2020-06-19,10921.376092222808,-3.568046994750773e-06,5.685236288833356e-05,0.02144303054174954,0.9785569694582504,-3.568053360245593e-06,3.56804699471393e-06,,0.6569115223597698,10921.41443943674
sac_profit_only,2020-06-22,10923.773542003857,0.00021951902038752635,3.43590417331216e-06,0.02166123377570784,0.9783387662242922,0.00021949492961289476,0.0,,0.7995690514026287,10921.376054698007
sac_profit_only,2020-06-23,10925.765108790867,0.0001823149097106569,0.00021476732978498864,0.021625048948116458,0.9783749510518835,0.00018229829236720112,0.0,,0.5668256573088222,10923.771195934181
sac_profit_only,2020-06-24,10920.932527022858,-0.00044231060432742275,0.0001785825021936062,0.021013625143370164,0.9789863748566299,-0.00044240845251669787,0.0004423106043274286,,0.5352392917034265,10925.763157640396
sac_profit_only,2020-06-25,10923.157407515868,0.00020372623743480922,0.00043284130255268755,0.021646206341570925,0.9783537936584291,0.00020370548806297934,0.00023867447716783844,,0.6984696901367211,10920.927799992198
sac_profit_only,2020-06-26,10917.623103864682,-0.0005066578686651058,0.00019973989564807393,0.020950618829321758,0.9790493811706782,-0.0005067862631329224,0.0007452114195310729,,0.5836973034311527,10923.155225725546
sac_profit_only,2020-06-29,10921.285351100838,0.00033544364018744943,0.010795411024499043,0.03208116477089992,0.9679188352291,0.000335387391548059,0.00041001775577480926,,0.7491052555145135,10917.505243635866
sac_profit_only,2020-06-30,10925.837829921513,0.0004168445997261294,0.010289945059596212,0.022208872377119347,0.9777911276228807,0.0004167577441519821,0.0,,0.5438638308565273,10921.172971674596
sac_profit_only,2020-07-01,10928.564499592663,0.0002495616092417219,0.0007624059311964956,0.021691360779279963,0.9783086392207201,0.0002495304739233306,0.0,,0.4477604903790185,10925.829499997948
sac_profit_only,2020-07-02,10930.152480099918,0.00014530549801983206,0.0002448943333571117,0.021588874603981838,0.9784111253960182,0.0001452949421984882,0.0,,0.3205436819003172,10928.561823249145
sac_profit_only,2020-07-06,10935.913896556007,0.0005271121758436692,0.00014240815805898616,0.02196214146359969,0.9780378585364004,0.0005269733010203051,0.0,,0.2526521753771651,10930.150923557036
sac_profit_only,2020-07-07,10934.292552325984,-0.0001482586865039215,0.0005156750176768393,0.021301870562379352,0.9786981294376207,-0.00014826967790937775,0.00014825868650390262,,0.2666694112611186,10935.908257178415
sac_profit_only,2020-07-08,10937.379773841298,0.00028234305059426923,0.00014459588354349961,0.021722817704711607,0.9782771822952884,0.00028230319929614135,0.0,,0.3644895923270537,10934.29097127229
sac_profit_only,2020-07-09,10939.352614565227,0.00018037599175690922,0.0002763512587887554,0.021623212553771292,0.9783767874462287,0.00018035972596365106,0.0,,0.2686409262625371,10937.376751282629
sac_profit_only,2020-07-10,10940.952461012641,0.00014624690361331183,0.00017674610784844044,0.021589728874066696,0.9784102711259333,0.00014623621057743982,0.0,,0.3452632419350072,10939.35068107723
sac_profit_only,2020-07-13,10936.124136024802,-0.0004413075557219148,0.00014326242814384493,0.02101457296998831,0.9789854270300117,-0.0004414049605593314,0.00044130755572186766,,0.2067203001504579,10940.950893585225
sac_profit_only,2020-07-14,10937.779531460017,0.00015136948105420878,0.00043189347593454094,0.02159498973547449,0.9784050102645255,0.00015135802585027573,0.00029000487516332344,,0.5375716487308452,10936.119412784135
sac_profit_only,2020-07-15,10938.255401894618,4.350704210409617e-05,0.00014852328955163724,0.02148918389518818,0.9785108161048118,4.3506095700189906e-05,0.0002465104503135519,,0.3502176105609451,10937.77790694502
sac_profit_only,2020-07-16,10936.654457689545,-0.0001463619330734911,4.271744926532747e-05,0.02130326430110436,0.9786967356988956,-0.00014637264502644513,0.0003928363036409951,,0.2255767859205059,10938.254934640247
sac_profit_only,2020-07-17,10936.924464800108,2.468827296375764e-05,0.00014320214481849253,0.02147076477374999,0.97852923522625,2.4687968213362504e-05,0.0003681577291270345,,0.2384681701347573,10936.65289153717
sac_profit_only,2020-07-20,10943.578836842178,0.0006084317454588817,2.429832782713942e-05,0.02204151121345632,0.9779584887865437,0.0006082467259084821,0.0,,0.0756133020464162,10936.924199051131
sac_profit_only,2020-07-21,10941.126607942519,-0.00022407924648959465,0.0005950447675334668,0.021227726175479095,0.9787722738245209,-0.00022410435599503107,0.00022407924648963675,,-0.0111685309584925,10943.572324922854
sac_profit_only,2020-07-22,10941.950810673736,7.533070046172874e-05,0.00021874027044375619,0.02152039004939258,0.9784796099506075,7.532786324699806e-05,0.00014876542607446957,,0.011951226922505,10941.124214677526
sac_profit_only,2020-07-23,10935.820511425325,-0.0005602565168206786,7.39236034697291e-05,0.020897990502673332,0.9791020094973266,-0.0005604135191467881,0.0007089385960956573,,-0.0271886768743657,10941.950001805302
sac_profit_only,2020-07-24,10933.587419247908,-0.00020419978318808596,0.0005484759432495198,0.021247142037604555,0.9787528579623954,-0.00020422063480245804,0.0009129936141761701,,0.0907628090025317,10935.814513390855
sac_profit_only,2020-07-27,10937.885090367825,0.0003930705408137225,0.00082851103856732,0.02246070519656325,0.9775392948034367,0.00039299330882644457,0.0005202819442561995,,0.0706463112433853,10933.578360650039
sac_profit_only,2020-07-28,10934.889008671445,-0.00027391782521268837,0.0010142387506403977,0.02117934250706256,0.9788206574929375,-0.00027395534755235456,0.0007940572549701798,,-0.009083740695794,10937.873996740916
sac_profit_only,2020-07-29,10937.589103232525,0.0002469247341183589,0.00026712393886029265,0.021688297198096295,0.9783117028019037,0.0002468942532237538,0.0005473285932283919,,0.0360930690044777,10934.886087700823
sac_profit_only,2020-07-30,10938.814553987577,0.000112040299145022,0.0002418307521734435,0.021556328211943653,0.9784436717880564,0.00011203402309948138,0.0004353496169426865,,-0.0599446699725481,10937.586458187125
sac_profit_only,2020-07-31,10942.999894115257,0.00038261368332226375,0.00010986176602080164,0.021820838683402555,0.9781791613165974,0.00038254050537225935,5.2902504340898996e-05,,-0.0164030963185681,10938.813352230092
sac_profit_only,2020-08-03,10946.165710296451,0.00028930057679121823,0.00037437223747970386,0.021729846908745735,0.9782701530912543,0.0002892587374485885,0.0,,-0.0391417109474953,10942.995797359901
sac_profit_only,2020-08-04,10947.034078055998,7.933077047517223e-05,0.00028338046282288393,0.021524366974735146,0.9784756330252649,7.932762395600956e-05,0.0,,-0.0535592244669842,10946.162608366945
sac_profit_only,2020-08-05,10947.614981900226,5.306495257850763e-05,7.790052881229484e-05,0.021498466813217248,0.9785015331867828,5.306354468371791e-05,0.0,,-0.0895879326774309,10947.033225276255
sac_profit_only,2020-08-06,10950.724148792257,0.0002840040408045308,5.200036729439625e-05,0.021724351568241106,0.9782756484317588,0.00028396371929106863,0.0,,-0.1440868148157872,10947.614412620225
sac_profit_only,2020-08-07,10948.01031650309,-0.0002478221761677002,0.00027788512231825477,0.021204171059039177,0.9787958289409608,-0.00024785288915754524,0.00024782217616771277,,-0.1687147993537758,10950.721105748937
sac_profit_only,2020-08-10,10947.00436952617,-9.188399972581696e-05,0.0002422953868836744,0.021356781891745516,0.9786432181082545,-9.188822131911966e-05,0.0003396834050008085,,-0.2009895924136115,10948.007663850694
sac_profit_only,2020-08-11,10942.556476744594,-0.0004063114100838483,8.968455417733556e-05,0.02104879516261952,0.9789512048373805,-0.0004063939769308226,0.000745856797841389,,-0.2078100878188198,10947.003387748964
sac_profit_only,2020-08-12,10948.454706064847,0.0005390174894495114,0.00039767128330333093,0.02197402869223294,0.978025971307767,0.0005388722717034718,0.0002072413382506223,,-0.0759644289774409,10942.552125204118
sac_profit_only,2020-08-13,10948.984446381333,4.838493930958698e-05,0.0005275622463100892,0.02149432763139455,0.9785056723686054,4.838376879616765e-05,0.00015886642630068173,,-0.1995946398481177,10948.44893007349
sac_profit_only,2020-08-14,10948.708147386513,-2.5235125337252917e-05,4.7861185471696766e-05,0.021421818737598405,0.9785781812624016,-2.5235443748385085e-05,0.000184097542623798,,-0.2100840463371293,10948.983922349958
sac_profit_only,2020-08-17,10951.434229354518,0.0002489866321495615,2.4647708324446876e-05,0.02169007665803632,0.9783099233419636,0.00024895564012236053,0.0,,-0.2159277552541653,10948.707877525947
sac_profit_only,2020-08-18,10953.69221362402,0.00020618160345153846,0.00024361021211346742,0.02164842292845658,0.9783515770715434,0.0002061603509459378,0.0,,-0.2657164113769925,10951.431561473302
sac_profit_only,2020-08-19,10952.109631600923,-0.0001444793218791096,0.00020195648253372792,0.02130526291921247,0.9786947370807876,-0.00014448976002174422,0.00014447932187908576,,-0.2559544369874821,10953.690001454868
sac_profit_only,2020-08-20,10955.366334371925,0.0002973584889622849,0.0001412035267103831,0.02173749928015542,0.9782625007198446,0.0002973142866892029,0.0,,-0.1854157550206676,10952.108085124417
sac_profit_only,2020-08-21,10956.991449548228,0.0001483396471375631,0.00029103283423256854,0.021591887951228864,0.9784081120487711,0.00014832864590003965,0.0,,-0.1748827283481915,10955.36314600061
sac_profit_only,2020-08-24,10958.457136972444,0.00013376732390124602,0.00014542150530601206,0.0215774897094971,0.9784225102905029,0.00013375837785055812,0.0,,-0.1892365983022615,10956.989856166037
sac_profit_only,2020-08-25,10960.303497023258,0.00016848722659923432,0.0001310232635742467,0.0216114406341043,0.9783885593658957,0.00016847303422060474,0.0,,-0.2018840559825389,10958.455701159626
sac_profit_only,2020-08-26,10965.317661489022,0.000457484089480209,0.00016497418818144788,0.021894095771009255,0.9781059042289908,0.00045737947553907155,0.0,,-0.2265208448500457,10960.301688856087
sac_profit_only,2020-08-27,10964.579765591561,-6.729361795432265e-05,0.0004476293250864037,0.021381049665413956,0.978618950334586,-6.729588227141463e-05,6.72936179543634e-05,,-0.140448248779633,10965.312753091277
sac_profit_only,2020-08-28,10965.774811194678,0.00010899146421161632,6.54167805088958e-05,0.02155317281209296,0.978446827187907,0.00010898552507352047,0.0,,-0.0577552491510467,10964.579048324053
sac_profit_only,2020-08-31,10967.66290923505,0.00017218099704585654,0.00010670636617010967,0.02161503016341575,0.9783849698365843,0.0001721661755992746,0.0,,-0.1651573469920713,10965.773641076696
sac_profit_only,2020-09-01,10971.681335064175,0.00036638852437209657,0.00016856371749289847,0.02180503080585558,0.9781949691941444,0.0003663214204869294,0.0,,0.0748953227090401,10967.661060485018
sac_profit_only,2020-09-02,10973.905534006692,0.00020272179573854743,0.00035856435993272817,0.021645151172168406,0.9783548488278316,0.00020270125045191838,0.0,,0.0527546644477299,10971.67740101028
sac_profit_only,2020-09-03,10961.970977921763,-0.0010875395316594094,0.00019868472624555433,0.02038128679299776,0.9796187132070022,-0.0010881313318855394,0.001087539531659458,,0.0818299597598005,10973.903353659274
sac_profit_only,2020-09-04,10958.134434171667,-0.00034998667281849194,0.005471751041169721,0.025517312170189054,0.974482687829811,-0.0003500479324478534,0.0014371455801357414,,0.5710534596248475,10961.910996745652
sac_profit_only,2020-09-08,10943.581154128553,-0.0013280800788253444,0.0020711745012586998,0.02629734560738066,0.9737026543926194,-0.0013289627587728876,0.0027633170145457673,,0.366671654116638,10958.111737963045
sac_profit_only,2020-09-09,10959.482683799952,0.00145304626040077,0.023984417469401567,0.05168249072597814,0.9483175092740218,0.0014519916101967496,0.0013142859815992926,,0.4123786139458149,10943.318678709542
sac_profit_only,2020-09-10,10952.26147509379,-0.0006589005078529997,0.019616145511134393,0.03144715237908135,0.9685528476209186,-0.0006591176781936292,0.001972320505751524,,0.2222786791681557,10959.2677009929
sac_profit_only,2020-09-11,10948.968519473829,-0.0003006644451878371,0.010381956812813183,0.0415508853093929,0.9584491146906071,-0.00030070965380411325,0.002272391944288795,,0.281758672686571,10952.147769188154
sac_profit_only,2020-09-14,10956.656547779521,0.0007021691853454914,0.0011650429860896802,0.04106029822423847,0.9589397017757615,0.00070192277990186,0.0015718183625435922,,0.0780287037670524,10948.95576345485
sac_profit_only,2020-09-15,10961.336430113683,0.0004271268624469471,0.010204523344782904,0.031279431111502554,0.9687205688884974,0.0004270356697349491,0.001145362865942213,,0.0026098690543933,10956.544740321999
sac_profit_only,2020-09-16,10956.962597116857,-0.0003990236979506401,0.006675110585379507,0.024221472643781567,0.9757785273562184,-0.0003991033290902489,0.0015439295369666334,,-0.0188647166618576,10961.263261980848
sac_profit_only,2020-09-17,10951.299119457599,-0.0005168839091180821,0.008332200146745777,0.03206142187090739,0.9679385781290926,-0.0005170175396554684,0.00206001541375023,,0.0097513886705692,10956.871301511497
sac_profit_only,2020-09-18,10945.711519061086,-0.0005102226078900207,0.007341301441470542,0.03891941030168166,0.9610805896983183,-0.0005103528157366968,0.002569186955203536,,0.0360604682945794,10951.218722669588
sac_profit_only,2020-09-21,10946.804560044611,9.986020384533667e-05,0.004665294097427226,0.04368466420211522,0.9563153357978847,9.985521814709312e-05,0.00246958331089128,,-0.0120053411430832,10945.660454097744
sac_profit_only,2020-09-22,10955.980478022497,0.0008382279895062794,0.0015144916053798987,0.04600027112008711,0.9539997288799129,0.0008378768726220506,0.0016334253952385,,0.123263872051966,10946.787981201
sac_profit_only,2020-09-23,10944.020948701853,-0.0010915982686017234,0.010597138681427441,0.03435926264845254,0.9656407373515474,-0.0010921944959250325,0.0027232406195069167,,0.0544702513124791,10955.86437597798
sac_profit_only,2020-09-24,10946.428589700075,0.0002199960151307856,0.0164134042826998,0.05099702385622498,0.949002976143775,0.00021997181955600386,0.00250384370646063,,0.1739263529601876,10943.841320061543
sac_profit_only,2020-09-25,10958.606355305517,0.0011124875575307946,0.0030156424399041815,0.049042181105327584,0.9509578188946725,0.001111869201814167,0.0013941416438991658,,0.1655465878012666,10946.395579185455
sac_profit_only,2020-09-28,10966.253447284167,0.000697816102769977,0.014733270735454537,0.034996533116563484,0.9650034668834365,0.0006975727423206468,0.0006972983956178283,,0.0105644105670897,10958.444899191201
sac_profit_only,2020-09-29,10964.899959102355,-0.0001234230257688429,0.00979902716563575,0.025086731321565452,0.9749132686784345,-0.00012343064301725687,0.0008206353587088626,,-0.0055633201582145,10966.145988668732
sac_profit_only,2020-09-30,10966.919359536972,0.0001841695265938359,0.0021115833451825945,0.027379495876384944,0.972620504123615,0.00018415256946853153,0.0006366169681404565,,-0.0026907383436588,10964.87680580222
sac_profit_only,2020-10-01,10970.886725316934,0.00036175754100997715,0.004315955417705745,0.023421041675450106,0.9765789583245499,0.0003616921225273491,0.00027508972811939833,,0.002251794724036,10966.872026801948
sac_profit_only,2020-10-02,10964.246200783558,-0.0006052860356356993,0.001974575229527254,0.02085573632381502,0.979144263676185,-0.0006054692951815276,0.0008802092557841155,,0.0241575945326884,10970.86506247576
sac_profit_only,2020-10-05,10971.056149733213,0.0006211050741606883,0.008675265720862715,0.03014180496726013,0.9698581950327398,0.0006209122682351425,0.0002596508840584533,,0.0884369439531869,10964.151083034338
sac_profit_only,2020-10-06,10966.761574741551,-0.00039144590393569434,0.00869533852133728,0.02107177785735348,0.9789282221426465,-0.0003915225388831584,0.0006509951487191362,,0.1090885157229678,10970.960752686055
sac_profit_only,2020-10-07,10972.484893546198,0.0005218786572172007,0.009654654942939489,0.031241365257596583,0.9687586347424034,0.0005217425259113941,0.00012945623197606687,,0.2150132458046228,10966.655694442705
sac_profit_only,2020-10-08,10973.630000562112,0.00010436168534511125,0.009794898811673731,0.021558163117875014,0.9784418368821249,0.00010435624004327785,2.5108056901469943e-05,,0.1108551145615472,10972.377419166953
sac_profit_only,2020-10-09,10977.22489092956,0.0003275935462798696,0.00011169667195216199,0.021767038552024484,0.9782329614479756,0.00032753989923005257,0.0,,-0.0134909087892714,10973.628774844163
sac_profit_only,2020-10-12,10984.48898316921,0.0006617421353600772,0.00032057210610163256,0.022093901812486244,0.9779060981875137,0.0006615232805781865,0.0,,-0.1134734716438392,10977.221371937458
sac_profit_only,2020-10-13,10984.473865162423,-1.3763049706572161e-06,0.0006474353665633925,0.021445753207014574,0.9785542467929854,-1.3763059177657712e-06,1.3763049706709277e-06,,-0.1112827051799082,10984.48187142256
sac_profit_only,2020-10-14,10982.50618023416,-0.0001791332887142172,7.132389082779855e-07,0.021271144225170912,0.978728855774829,-0.00017914933499809098,0.000180509347142889,,-0.0425970032373333,10984.473857327868
sac_profit_only,2020-10-15,10980.923591972269,-0.00014410083053173484,0.00017532222075193962,0.02130560733328128,0.9786943926667188,-0.0001441112140539429,0.0003245841661278081,,-0.0225110661449376,10982.504254756788
sac_profit_only,2020-10-16,10979.631292807093,-0.00011768583528992682,0.00014085911264157328,0.021331428855838244,0.9786685711441617,-0.00011769276081120326,0.0004422318024589924,,0.014899810288873,10980.922045209116
sac_profit_only,2020-10-19,10975.785833923366,-0.00035023570292802564,0.00011503759008460804,0.021103734594755275,0.9788962654052448,-0.0003502970497761508,0.000792312620020812,,0.0429189051726926,10979.630029736769
sac_profit_only,2020-10-20,10976.366360628928,5.289158465249244e-05,0.006551270860261815,0.02771280136111913,0.9722871986388809,5.289018594194871e-05,0.0007394629420383787,,0.1672665013817332,10975.713928577465
sac_profit_only,2020-10-21,10976.127724624013,-2.174089284878722e-05,0.001342752838169911,0.02635018785109163,0.9736498121489083,-2.1741129185423603e-05,0.0007611877583025307,,0.1754866682814751,10976.351622081846
sac_profit_only,2020-10-22,10976.104886887713,-2.0806733369571617e-06,0.001194643570085769,0.02515468053800286,0.9748453194619972,-2.0806755015609317e-06,0.0007632668478564511,,0.1206462286333273,10976.114612063602
sac_profit_only,2020-10-23,10976.596218510036,4.47637506553189e-05,0.0016176407812279574,0.023582327440310573,0.9764176725596895,4.4762748788530634e-05,0.0007185372638880328,,0.0773470369063149,10976.08713149283
sac_profit_only,2020-10-26,10973.04256191748,-0.0003237485028886322,0.0021358609943877213,0.02113164933719404,0.978868350662806,-0.000323800920748968,0.0010420531414132306,,0.0325097388969624,10976.572774026321
sac_profit_only,2020-10-27,10976.0329393628,0.00027252035417202336,0.01579271284542315,0.03720195382415376,0.9627980461758462,0.00027248322724537997,0.0007698167679322646,,0.38669047503396,10972.869267807258
sac_profit_only,2020-10-28,10961.724917969705,-0.0013035694655929575,0.003864718373409133,0.03207921935533036,0.9679207806446697,-0.0013044198513737326,0.002072382723892389,,0.4468070371546322,10975.990520086632
sac_profit_only,2020-10-29,10973.52059669891,0.001076078702711314,0.03124785469557296,0.06436316194529326,0.9356368380547068,0.0010755001450359638,0.0009985340680942272,,0.9480484338748182,10961.382387582255
sac_profit_only,2020-10-30,10959.557570216246,-0.0012724290586254572,0.014775792980144337,0.04839055655713167,0.9516094434428684,-0.001273239283855754,0.0022696925629554126,,0.7441066275110758,10973.35845423031
sac_profit_only,2020-11-02,10960.913083124786,0.00012368317788880034,0.012956093566464523,0.06147489117221183,0.9385251088277882,0.00012367552975517783,0.0021462901078556093,,0.7692720511842686,10959.41557716292
sac_profit_only,2020-11-03,10971.994110512416,0.001010958421401087,0.0028638558252269686,0.059564472565499786,0.9404355274345002,0.0010104477470875375,0.0011375014965138196,,0.6975803335674434,10960.881692650002
sac_profit_only,2020-11-04,10994.852977956918,0.0020833831311120043,0.01260924471363211,0.04894864936735202,0.951051350632648,0.0020812158980723183,0.0,,0.5754284469913702,10971.85576195368
sac_profit_only,2020-11-05,11000.697971456917,0.000531611792510267,0.02750218292142917,0.02199329869976621,0.9780067013002338,0.0005314705370211378,0.0,,0.1292090200194876,10994.550595499124
sac_profit_only,2020-11-06,11000.868241796756,1.547813968527656e-05,0.0005468322538433601,0.021462147496125582,0.9785378525038744,1.5478019900108535e-05,0.0,,-0.0225662145092899,11000.69195592045
sac_profit_only,2020-11-09,10996.047138022723,-0.0004382475699250543,1.568105020273089e-05,0.021017445064970674,0.9789825549350293,-0.00043834362845729765,0.00043824756992503886,,-0.2285682265501054,11000.868069291588
sac_profit_only,2020-11-10,10991.817680462605,-0.00038463436060509615,0.0004290213809521777,0.021070356288724917,0.9789296437112751,-0.0003847083513743116,0.0008227133654563227,,-0.1668460079291394,10996.042420483394
sac_profit_only,2020-11-11,10997.086859851883,0.00047937288831145786,0.00037611015719793417,0.021915701584989553,0.9780842984150104,0.0004792580258349392,0.0003437348636270287,,-0.2419036577753682,10991.81354632833
sac_profit_only,2020-11-12,10995.97472230175,-0.00010113019605162421,0.000469235139066701,0.021347954344382865,0.9786520456556171,-0.0001011353100546906,0.00044483029770449095,,-0.3468931205130146,10997.081699632301
sac_profit_only,2020-11-13,10998.04241998532,0.00018804132746663704,9.851210153998674e-05,0.0216305367379127,0.9783694632620873,0.00018802364991225848,0.00025687261671753506,,-0.2086429548016839,10995.97363906517
sac_profit_only,2020-11-16,10999.88079528059,0.000167154774010303,0.00018407029198984695,0.021610189096293246,0.9783898109037068,0.00016714080520767877,8.976078019140517e-05,,-0.381599334607038,10998.040395572441
sac_profit_only,2020-11-17,10999.130698305127,-6.819137310865031e-05,0.00016372265037039452,0.021379893208467168,0.9786201067915329,-6.8193698246037e-05,0.00015794603238922778,,-0.4347828906758582,10999.878994350951
sac_profit_only,2020-11-18,10997.38661702396,-0.0001585653747560034,6.657323745568391e-05,0.021291342286312204,0.9787086577136878,-0.00015857794757413246,0.00031648636237344765,,-0.419256523453908,10999.129966057388
sac_profit_only,2020-11-19,10999.230402736091,0.00016765671484875178,0.00015512415961064716,0.02161065178718161,0.9783893482128184,0.00016764266203241225,0.00014888270858852553,,-0.3378472851732919,10997.384911063604
sac_profit_only,2020-11-20,10997.614980412904,-0.00014686685013765022,0.00016418534125875808,0.021302888948129813,0.9786971110518702,-0.0001468776361295676,0.0002957276927917034,,-0.3973333639141337,10999.228596823694
sac_profit_only,2020-11-23,10997.621531793206,5.957091890884669e-07,0.00014357749779303833,0.02144718987709179,0.9785528101229082,5.957090116538184e-07,0.00029513215977031154,,-0.3564991790476827,10997.613401402863
sac_profit_only,2020-11-24,11000.935364114237,0.0003013226370311983,7.234311689384432e-07,0.021741238663503856,0.9782587613364961,0.00030127724848290707,0.0,,-0.4400794052908536,10997.621523837184
sac_profit_only,2020-11-25,11002.382302185459,0.0001315286403682503,0.000294772217581004,0.02157544574764179,0.9784245542523582,0.00013151999123502925,0.0,,-0.5224196484838053,11000.932121344124
sac_profit_only,2020-11-27,11004.55510809696,0.00019748504022354396,0.00012897930171893932,0.021639804161702372,0.9783601958382976,0.00019746554261993569,0.0,,-0.5567981268513753,11002.380883105872
sac_profit_only,2020-11-30,11005.034442297505,4.355779909648305e-05,0.00019333771577952075,0.021489277410696256,0.9785107225893037,4.355685048309823e-05,0.0,,-0.5926353906666775,11004.552980501412
sac_profit_only,2020-12-01,11008.058844210389,0.0002748198498370158,4.281096477340429e-05,0.021715360376503023,0.978284639623497,0.00027478209377933456,0.0,,-0.6172616092891968,11005.033971161363
sac_profit_only,2020-12-02,11008.359305360587,2.7294653349052567e-05,0.00026889393058017116,0.02147343811632835,0.9785265618836716,2.729428085677986e-05,0.0,,-0.6045089312570557,11008.055884210178
sac_profit_only,2020-12-03,11008.693111266184,3.0322947892402752e-05,2.697167040549911e-05,0.021476164566419584,0.9785238354335805,3.032248816111189e-05,0.0,,-0.5758775967396791,11008.359008446749
sac_profit_only,2020-12-04,11009.654920093268,8.736812057175136e-05,2.969812049673226e-05,0.021531982418859338,0.9784680175811407,8.736430419978979e-05,0.0,,-0.5702801289175281,11008.69278432869
sac_profit_only,2020-12-07,11010.991000884651,0.00012135537408575203,8.551597293648613e-05,0.021565288438320254,0.9784347115616797,0.00012134801111802674,0.0,,-0.611235386242582,11009.653978591916
sac_profit_only,2020-12-08,11011.789024389234,7.247517544239912e-05,0.00011882199239740196,0.02151749841057349,0.9784825015894265,7.247254924376013e-05,0.0,,-0.5751569358585644,11010.989692536761
sac_profit_only,2020-12-09,11006.44124132681,-0.0004856416201383107,7.10319646506398e-05,0.020971078763031076,0.9790289212369689,-0.00048575958222299393,0.0004856416201382649,,-0.625687096117064,11011.788242200226
sac_profit_only,2020-12-10,11007.383927985858,8.564863413895729e-05,0.0004753876828917751,0.021530736194211607,0.9784692638057884,8.564496650410947e-05,0.0004000345805408483,,-0.5045341371837958,11006.43600900021
sac_profit_only,2020-12-11,11006.860183668992,-4.758118007808232e-05,8.426974828875528e-05,0.021399985964890584,0.9786000140351094,-4.758231209833985e-05,0.00044759672650152824,,-0.488234237778244,11007.383000396385
sac_profit_only,2020-12-14,11008.572337713287,0.0001555533563364353,4.648048103226762e-05,0.021598705534759666,0.9784012944652404,0.00015554125916758876,0.0002921129953382432,,-0.4303334766316055,11006.859672064837
sac_profit_only,2020-12-15,11011.094370953737,0.0002290972128882185,0.00015223908883681483,0.021670747924958607,0.9783292520750414,0.0002290709741291498,6.308270472299447e-05,,-0.3245016703691909,11008.570661778265
sac_profit_only,2020-12-16,11012.390649774297,0.00011772479436555905,0.0002242814790357553,0.021561872344734334,0.9784381276552656,0.00011771786534576112,0.0,,-0.4732096198096684,11011.091901369206
sac_profit_only,2020-12-17,11013.933409573074,0.00014009308676388166,0.00011540589881148255,0.021583648743560627,0.9784163512564393,0.00014008327464379823,0.0,,-0.5086512096640364,11012.389378879456
sac_profit_only,2020-12-18,11013.217950417373,-6.495945899576139e-05,0.00013718229763777512,0.021383030257226286,0.9786169697427737,-6.496156895279284e-05,6.49594589957384e-05,,-0.5582023180192586,11013.931898656383
sac_profit_only,2020-12-21,11012.348845371196,-7.891472320709081e-05,6.343618869656537e-05,0.021369300150828847,0.9786306998491712,-7.891783713768463e-05,0.00014386905594510987,,-0.5912206650117584,11013.217251780801
sac_profit_only,2020-12-22,11012.990190739782,5.8238744303329426e-05,7.716629509400483e-05,0.02150352836308698,0.978496471636913,5.8237048493501313e-05,8.5638690394868e-05,,-0.3106368249343207,11012.347995589036
sac_profit_only,2020-12-23,11011.800075743673,-0.00010806465596502335,5.706191716412998e-05,0.02134076381039774,0.9786592361896023,-0.00010807049537065047,0.00019369409184428866,,-0.3897607878577951,11012.989562317447
sac_profit_only,2020-12-24,11012.841026650662,9.453049454477558e-05,0.00010570263552511089,0.021539064277756974,0.978460935722243,9.452602681913147e-05,9.918190729776841e-05,,-0.4682084089829041,11011.798911767382
sac_profit_only,2020-12-28,11015.22048480265,0.00021606215382852234,9.259783183412224e-05,0.021657939750576793,0.9783420602494232,0.00021603881576295178,0.0,,-0.6156661669193918,11012.84000688546
sac_profit_only,2020-12-29,11015.429701415092,1.899341122868492e-05,0.00021147330465394118,0.021465259096607816,0.9785347409033922,1.8993230856133793e-05,0.0,,-0.6061212804122721,11015.218155377574
sac_profit_only,2020-12-30,11015.437050411549,6.671547687631119e-07,1.8792650684964357e-05,0.021447137681746307,0.9785528623182537,6.671545462154682e-07,0.0,,-0.4984645761930652,11015.42949440597
sac_profit_only,2020-12-31,11016.018261340667,5.2763310838921385e-05,6.712358234552129e-07,0.021498096102874887,0.9785019038971251,5.276191890439788e-05,0.0,,-0.5277852380797079,11015.437043017593
sac_profit_only,2021-01-04,11012.681788913736,-0.0003028746274540417,5.162965695203539e-05,0.021150048153807246,0.9788499518461927,-0.0003029205032373271,0.0003028746274540361,,-0.5343949912150368,11016.017692587424
sac_profit_only,2021-01-05,11014.625645159997,0.00017651070679414183,0.0002964182921156057,0.02161945114928147,0.9783805488507186,0.00017649513061221696,0.00012641738127445865,,-0.1958075701443868,11012.678524553408
sac_profit_only,2021-01-06,11011.351484537578,-0.00029725573323113874,0.0001729847033586189,0.021155668631275482,0.9788443313687245,-0.00029729992247382893,0.0004236355362142756,,-0.3335479297679812,11014.623739798246
sac_profit_only,2021-01-07,11017.06132822061,0.0005185415878379285,0.0002907978146473693,0.02195390858037539,0.9780460914196246,0.000518407191606786,0.0,,-0.3603959788345364,11011.348282460629
sac_profit_only,2021-01-08,11020.09376739357,0.0002752493684674562,0.0005074421344525397,0.021716234993716492,0.9782837650062836,0.0002752114943097679,0.0,,-0.586597085360177,11017.055737699495
sac_profit_only,2021-01-11,11016.67565112641,-0.00031017125074495056,0.0002697685477936404,0.021143117165239464,0.9788568828347606,-0.00031021936379645903,0.0003101712507449733,,-0.6582237723302314,11020.090794518877
sac_profit_only,2021-01-12,11016.29658776573,-3.440814386157509e-05,0.0003033492806833876,0.02141309193031944,0.9785869080696805,-3.440873583533627e-05,0.00034456872218954727,,-0.4554975549183051,11016.672309225776
sac_profit_only,2021-01-13,11017.891758311627,0.00014480098036484534,3.337451560340987e-05,0.02158817409626443,0.9784118259037355,0.00014479049771480782,0.0001998176357135652,,-0.5231216848907005,11016.296220102167
sac_profit_only,2021-01-14,11016.62662656088,-0.0001148252114379078,0.00014170765034157706,0.02133422961043271,0.9786657703895673,-0.00011483180435719241,0.00031461990304919,,-0.6215768967412542,11017.890196992075
sac_profit_only,2021-01-15,11014.75387289006,-0.000169993386750944,0.00011223683549014055,0.021280200382257804,0.9787197996177422,-0.00017000783726439788,0.00048455980649723745,,-0.5403016595238772,11016.625390089568
sac_profit_only,2021-01-19,11018.198586584213,0.0003127363292820817,0.00016626606366504718,0.021752562658850456,0.9782474373411495,0.00031268743746948704,0.0001719750166704148,,-0.4547566807247573,11014.752041510292
sac_profit_only,2021-01-20,11023.691799030104,0.0004985581266052641,0.00030609621292760486,0.02193438853640196,0.978065611463598,0.0004984338877942595,0.0,,-0.5530337311145016,11018.195213955352
sac_profit_only,2021-01-21,11025.577653851704,0.00017107289064144382,0.0004879220904791086,0.021614319170390285,0.9783856808296097,0.00017105825934314283,0.0,,-0.6982003151956254,11023.686420327356
sac_profit_only,2021-01-22,11024.89475944113,-6.193729090797628e-05,0.00016785272446743355,0.021386017999909773,0.9786139820000902,-6.193920910118433e-05,6.193729090793046e-05,,-0.7252433202538535,11025.575803178455
sac_profit_only,2021-01-25,11026.848583945564,0.00017721933379566401,6.0448446013078305e-05,0.02161991346509798,0.978380086534902,0.000177203632304573,0.0,,-0.6803240407508724,11024.894093003373
sac_profit_only,2021-01-26,11027.192641667541,3.120181794091792e-05,0.00017344701917512695,0.021477167864375514,0.9785228321356245,3.120133117432182e-05,0.0,,-0.5758005709743513,11026.846671371546
sac_profit_only,2021-01-27,11020.59962297691,-0.0005978873231722304,3.0701418452662443e-05,0.020861081742053315,0.9791389182579466,-0.000598066129071908,0.0005978873231722784,,-0.5927094334622085,11027.192303117086
sac_profit_only,2021-01-28,11022.37017975412,0.00016065884232996375,0.007571645117993072,0.028596147840969765,0.9714038521590302,0.00016064593808025706,0.0004373245367274541,,0.6149059939431424,11020.516178907577
sac_profit_only,2021-01-29,11017.318158834409,-0.0004583425195600066,0.007149681395046913,0.02100474764131248,0.9789952523586876,-0.00045844759059953484,0.0008954666118573912,,0.0104230393710318,11022.291373319116
sac_profit_only,2021-02-01,11025.788110388823,0.0007687852372333381,0.010169554459822774,0.03192839378627382,0.9680716062137262,0.000768489873234138,0.00012736979613571243,,0.2526377708930529,11017.206117617392
sac_profit_only,2021-02-02,11029.53018936003,0.0003393933325892551,0.010481927340350972,0.021788721958591148,0.9782112780414088,0.00033933575170016356,0.0,,0.0031282757989204,11025.67253887898
sac_profit_only,2021-02-03,11028.587984272906,-8.542567733593742e-05,0.00034225551266829635,0.02136320064981378,0.9786367993501862,-8.542932631692416e-05,8.542567733596107e-05,,-0.4043358252961432,11029.52641444252
sac_profit_only,2021-02-04,11031.384357531686,0.0002535567801396077,8.326579610907006e-05,0.021694603892192358,0.9783053961078076,0.0002535246400520069,0.0,,-0.6373405755443162,11028.587065968748
sac_profit_only,2021-02-05,11032.183985503165,7.248663862680083e-05,0.00024813744626950643,0.021517636159208257,0.9784823638407918,7.248401159736004e-05,0.0,,-0.7401848096245571,11031.381620232143
sac_profit_only,2021-02-08,11033.768350339777,0.00014361298168097392,7.116971328540583e-05,0.02158704889052135,0.9784129511094787,0.00014360267032393828,0.0,,-0.8222409328640775,11032.183200345793
sac_profit_only,2021-02-09,11033.717158967533,-4.6395184870595685e-06,0.00014058244459849711,0.021442063975735934,0.9785579360242641,-4.6395292496587535e-06,4.639518487112695e-06,,-0.7936617201162512,11033.766799185649
sac_profit_only,2021-02-10,11033.177863200266,-4.887707012035669e-05,4.402470186917751e-06,0.021398639586662774,0.9786013604133372,-4.887826464327181e-05,5.3516361841358675e-05,,-0.7637361250673007,11033.717110391923
sac_profit_only,2021-02-11,11034.478661751684,0.0001178988109813428,4.78268592600771e-05,0.021561869939218176,0.9784381300607818,0.00011789186146274868,0.0,,-0.7364032572859182,11033.177335518021
sac_profit_only,2021-02-12,11035.800069340272,0.00011975260717744796,0.00011540349329532476,0.02156374966635352,0.9784362503336465,0.00011974543740637853,0.0,,-0.8063032239411334,11034.477388334299
sac_profit_only,2021-02-16,11035.1586244922,-5.8124000438697365e-05,0.00011728322043066952,0.021389700468353406,0.9786102995316466,-5.812568970386908e-05,5.812400043870929e-05,,-0.9231312556263124,11035.7987750261
sac_profit_only,2021-02-17,11034.022411760221,-0.00010296297231804363,5.676597756944582e-05,0.021345756844723743,0.9786542431552763,-0.00010296827336875566,0.00016108098813691807,,-0.7969472731990006,11035.157998070634
sac_profit_only,2021-02-18,11032.986671994771,-9.386783230980189e-05,0.00010070960119910877,0.02135470168290585,0.9786452983170941,-9.387223817048771e-05,0.0002549337001235424,,-0.7977878175303572,11034.021300528224
sac_profit_only,2021-02-19,11031.953687364094,-9.362692636072367e-05,9.17647630170014e-05,0.021354928712633132,0.9786450712873669,-9.363130963499069e-05,0.00034853675782549543,,-0.7150456858550434,11032.985659555365
sac_profit_only,2021-02-22,11025.82013560039,-0.0005559805577074473,9.153773328971979e-05,0.02090219667775397,0.979097803322246,-0.0005561351722088154,0.0009043235358719535,,-0.7582869940144594,11031.95267752406
sac_profit_only,2021-02-23,11025.110114791738,-6.439619002673869e-05,0.0005442697681688827,0.02138397989983416,0.9786160201001658,-6.439826355040217e-05,0.0009686614909083784,,-0.6370409557544483,11025.814134579821
sac_profit_only,2021-02-24,11027.058505377123,0.00017672300458659862,6.248654608869211e-05,0.021619429946322346,0.9783805700536776,0.00017670739091592633,0.0007921096710908062,,-0.6664729092961816,11025.109425870687
sac_profit_only,2021-02-25,11018.811890411938,-0.0007478526536486285,0.00017296350039949435,0.020714274271300872,0.9792857257286991,-0.0007481324349432322,0.0015393699434198926,,-0.8212301645001946,11027.056598098485
sac_profit_only,2021-02-26,11020.591648177498,0.0001615199336608697,0.023459085599609773,0.04435013919200039,0.9556498608079996,0.0001615068907208291,0.0013780986486902366,,-0.1482765672569006,11018.553399160595
sac_profit_only,2021-03-01,11033.637751494414,0.0011837933691221103,0.004837028077498438,0.04065342513057213,0.9593465748694279,0.0011830932382374474,0.00019593666361036928,,-0.2284064752891423,11020.538341266265
sac_profit_only,2021-03-02,11029.630594483528,-0.0003631764157151496,0.019206958684649278,0.021109751631431577,0.9788902483685684,-0.00036324238024127234,0.0005590419197502813,,-0.6336766953462498,11033.42582886998
sac_profit_only,2021-03-03,11022.266573468229,-0.0006676579920076309,0.0018338642819595366,0.022292633565150405,0.9777073664348496,-0.000667880974861157,0.0012263266629523352,,-0.5630744824258629,11029.610367637937
sac_profit_only,2021-03-04,11014.677095417257,-0.0006885587460967457,0.018639425722874498,0.04028911844244838,0.9597108815575516,-0.0006887959115446369,0.0019140410110997548,,-0.3300759907554155,11022.061124749134
sac_profit_only,2021-03-05,11023.038900025167,0.0007591511340254709,0.010836765613642926,0.051855951412187656,0.9481440485878123,0.0007588631245559175,0.0011563429234784652,,-0.1590849258276594,11014.557731943263
sac_profit_only,2021-03-08,11011.616230163907,-0.0010362541550347215,0.01581540690229996,0.035055862549103756,0.9649441374508962,-0.0010367914375778837,0.00219139881335406,,-0.5035952037945599,11022.864566179664
sac_profit_only,2021-03-09,11032.816905241032,0.0019253009398429999,0.014117254134856205,0.051013624110108895,0.9489863758898911,0.001923449923450127,0.000270316975705964,,-0.4260780098672345,11011.46077637915
sac_profit_only,2021-03-10,11031.704972374378,-0.00010078413121539231,0.024176632799989266,0.026762432212099622,0.9732375677879004,-0.00010078921027720682,0.0003710738632598477,,-0.5491292449321689,11032.550168877964
sac_profit_only,2021-03-11,11038.333565263376,0.0006008674910720213,0.0006453458015771608,0.026702537706007248,0.9732974622939927,0.0006006870424812841,0.0,,-0.6757808419421294,11031.69785310989
sac_profit_only,2021-03-12,11036.355119989079,-0.00017923405399911108,0.005256071260084396,0.02127618915666397,0.978723810843336,-0.0001792501183417144,0.00017923405399914344,,-0.7293437251122816,11038.275546995565
sac_profit_only,2021-03-15,11038.881760347378,0.00022893793565259557,0.00017027728925888067,0.02167060978235081,0.9783293902176492,0.000228911733362461,0.0,,-0.8499149195779911,11036.353240748445
sac_profit_only,2021-03-16,11040.178736193011,0.00011749159686558208,0.00022414333642795797,0.021561644067049895,0.9784383559329501,0.00011748469526849622,0.0,,-0.9097374694819284,11038.87928605559
sac_profit_only,2021-03-17,11041.152390799632,8.819192423303868e-05,0.00011517762112704319,0.02153287205220338,0.9784671279477967,8.818803555392043e-05,0.0,,-0.9581946044722924,11040.177464611488
sac_profit_only,2021-03-18,11033.898307555663,-0.0006570041773913404,8.640560628052699e-05,0.02080321461995138,0.9791967853800486,-0.0006572200992154354,0.0006570041773913585,,-1.0370217287941854,11041.151436782166
sac_profit_only,2021-03-19,11034.725408200396,7.49599662495104e-05,0.0006432518259714727,0.021520442696861247,0.9784795573031387,7.495715689163237e-05,0.0005820934601528978,,-0.8059444577610255,11033.89120998043
sac_profit_only,2021-03-22,11038.858527223612,0.00037455567495547903,7.397625093839497e-05,0.02181292435599507,0.978187075644005,0.0003744855464894552,0.00020775581160636708,,-0.8943151488098354,11034.72459189278
sac_profit_only,2021-03-23,11037.821648686097,-9.39298691942092e-05,0.00036645791007221956,0.02135490103847277,0.9786450989615272,-9.393428088063421e-05,0.00030166616632439574,,-1.155683118743034,11038.854481946586
sac_profit_only,2021-03-24,11033.828249512218,-0.0003617923265097911,9.15654074500824e-05,0.021092394787647902,0.9789076052123521,-0.0003618577891432802,0.0006633493523300232,,-0.9945494687315648,11037.82063800346
sac_profit_only,2021-03-25,11033.41460228542,-3.748900358468976e-05,0.0003540716582749494,0.021410126564722003,0.978589873435278,-3.7489706314947806e-05,0.0007008134876084166,,-0.8922383520135697,11033.824342746353
sac_profit_only,2021-03-26,11036.963665905856,0.00032166502831332267,3.633988120084822e-05,0.021761167228282724,0.9782388327717173,0.0003216133052094813,0.00037937388648551137,,-1.0944894518030022,11033.414201332444
sac_profit_only,2021-03-29,11036.892779669679,-6.422621141366491e-06,0.0003147007823598724,0.02144048948048517,0.9785595105195148,-6.422641766485966e-06,0.0003857940710521306,,-1.2466140842952032,11036.960192564755
sac_profit_only,2021-03-30,11035.701374827186,-0.00010794748723919056,5.976965437682474e-06,0.021340828496276013,0.978659171503724,-0.00010795331398851694,0.000493699912790721,,-1.0147510412977032,11036.892713702553
sac_profit_only,2021-03-31,11039.32204245568,0.00032808677088280724,0.00010563794964683904,0.021767514955502797,0.9782324850444972,0.0003280329621871522,0.00016577511831803007,,-1.2035915949010692,11035.70020903832
sac_profit_only,2021-04-01,11043.354296723386,0.0003652628532981872,0.0003210485095799451,0.021804079242177032,0.978195920757823,0.00036519616106182423,0.0,,-1.2521028451836504,11039.318498297791
sac_profit_only,2021-04-05,11048.078831319108,0.00042781699008997975,0.00035761279625418085,0.021865279041411407,0.9781347209585886,0.0004277255024938436,0.0,,-1.6204213633674094,11043.350347478576
sac_profit_only,2021-04-06,11047.909600500823,-1.5317669331382788e-05,0.00041881259548855534,0.021431886893693203,0.9785681131063068,-1.5317786648077674e-05,1.5317669331331716e-05,,-1.54398921514429,11048.074204244538
sac_profit_only,2021-04-07,11048.482403573185,5.184719038031638e-05,1.4579552229648102e-05,0.021497213333063134,0.9785027866669369,5.184584636119675e-05,0.0,,-1.516648279795646,11047.909439427249
sac_profit_only,2021-04-08,11050.954094523859,0.00022371316352676196,5.074688714028219e-05,0.021665382436751396,0.9783346175632486,0.00022368814346846908,0.0,,-1.6878759907015009,11048.481842897096
sac_profit_only,2021-04-09,11052.38750427293,0.00012970913975496323,0.0002189159908285443,0.021573591514697406,0.9784264084853026,0.00012970072825185328,0.0,,-1.7364056840185984,11050.951675293294
sac_profit_only,2021-04-12,11052.076738537158,-2.8117520820880593e-05,0.00012712506877455426,0.021419075575090617,0.9785809244249094,-2.8117916125779162e-05,2.811752082092205e-05,,-1.7845792035787733,11052.386099237408
sac_profit_only,2021-04-13,11054.843294199205,0.00025031998306701553,2.7390870832234848e-05,0.021691383445686448,0.9783086165543136,0.0002502886582474307,0.0,,-1.7426509138213129,11052.076435811152
sac_profit_only,2021-04-14,11051.993593023939,-0.0002577785228996543,0.0002449169997635961,0.021194391046236334,0.9788056089537637,-0.00025781175349396686,0.00025777852289967886,,-1.7867954584809362,11054.840586680153
sac_profit_only,2021-04-15,11055.583055589539,0.00032477964589716635,0.00025207539968651743,0.021764424119134474,0.9782355758808655,0.0003247269164046401,0.0,,-1.7141418181535928,11051.990807088237
sac_profit_only,2021-04-16,11055.85718752056,2.4795791379039755e-05,0.0003179576732116225,0.021471040984453838,0.9785289590155462,2.479548396848635e-05,0.0,,-1.7883367996114012,11055.579540382074
sac_profit_only,2021-04-19,11053.686942704187,-0.00019629819556843398,2.4574538530986595e-05,0.021254364491253484,0.9787456355087465,-0.00019631746458091519,0.00019629819556841343,,-1.842551543751521,11055.856915827972
sac_profit_only,2021-04-20,11051.956937399693,-0.00015650934511368675,0.00019210195466936794,0.021293477711107397,0.9787065222888927,-0.00015652159397929868,0.00035277681818009037,,-1.640361041290418,11053.68481926932
sac_profit_only,2021-04-21,11053.984420099676,0.00018345010856157806,0.00015298873481545475,0.02162609895195094,0.9783739010480491,0.00018343328364806913,0.00016939142656418216,,-1.3863247137068526,11051.955246574784
sac_profit_only,2021-04-22,11051.12467041219,-0.0002587075916523629,0.00017963250602808997,0.021193417532302618,0.9788065824676974,-0.00025874106223420574,0.0004280551953684959,,-1.6288186049055848,11053.982434444753
sac_profit_only,2021-04-23,11054.105680512008,0.0002697472147608071,0.0002530489136202338,0.02171060490738778,0.9782893950926123,0.00026971083952213735,0.00015842344730438102,,-1.3962620378677255,11051.121873937098
sac_profit_only,2021-04-26,11055.646352249714,0.00013937552093623573,0.00026413846146492934,0.021583092285753325,0.9784169077142467,0.00013936580907070468,1.907000671856969e-05,,-1.6761943114770432,11054.10276069754
sac_profit_only,2021-04-27,11054.617656551334,-9.304708794077854e-05,0.00013662583983047386,0.021355540124500316,0.9786444598754996,-9.305141708961088e-05,0.00011211532025076575,,-1.6045490822666568,11055.644841762747
sac_profit_only,2021-04-28,11053.81511268415,-7.2598066447771e-05,9.092632142253601e-05,0.021375509176383756,0.9786244908236162,-7.260070181494613e-05,0.00018470524734304734,,-1.607766995881305,11054.616651395616
sac_profit_only,2021-04-29,11054.667484395372,7.711108812058498e-05,7.095726953909587e-05,0.021521987385664347,0.9784780126143356,7.710811521345783e-05,0.00010760840204513577,,-1.6513960617545282,11053.814328335611
sac_profit_only,2021-04-30,11053.112658321646,-0.0001406488323524302,7.552093974149549e-05,0.02130888858515095,0.9786911114148491,-0.0001406587243269919,0.00024824209940150924,,-1.570048104966696,11054.666649536495
sac_profit_only,2021-05-03,11051.848711439834,-0.00011435212151400531,0.0001375778607719015,0.02133468861861595,0.978665311381384,-0.00011435866021633376,0.00036256583390480406,,-1.3585901379539385,11053.111137658052
sac_profit_only,2021-05-04,11047.582070494904,-0.0003860567635634027,0.00011177782730690047,0.021068652758844023,0.9789313472411559,-0.0003861313026605816,0.0007484826264757396,,-1.4152400852917872,11051.847476088198
sac_profit_only,2021-05-05,11046.781271732722,-7.24863374693685e-05,0.000377813687078829,0.021375899280020916,0.9786241007199791,-7.248896473088951e-05,0.0008209147091808375,,-1.170502511149699,11047.577896567189
sac_profit_only,2021-05-06,11048.566196641385,0.0001615787318276496,7.05671659019351e-05,0.021604623383852054,0.978395376616148,0.00016156567939033865,0.0006594686197109253,,-1.230458555042488,11046.780492192675
sac_profit_only,2021-05-07,11050.487176250492,0.00017386686877896018,0.00015815693792920263,0.02161672964663526,0.9783832703533647,0.00017385175568668265,0.0004857164106759204,,-1.3790695263015285,11048.564449233987
sac_profit_only,2021-05-10,11044.500169978994,-0.0005417866358294887,0.00017026320071240886,0.02091617852774895,0.979083821472251,-0.0005419334552411287,0.0010272398918453418,,-1.7154865124604768,11050.485294759175
sac_profit_only,2021-05-11,11044.167102053189,-3.0156903497613463e-05,0.0005302879181739023,0.021417474342248354,0.9785825256577516,-3.0157358226169905e-05,0.001057365816968643,,-1.0922801198484522,11044.49431321399
sac_profit_only,2021-05-12,11037.437561295026,-0.0006093298567450001,0.002045298027136412,0.022869374815184737,0.9771306251848153,-0.000609515573627887,0.0016660513891519001,,-0.6370393474399949,11044.144513440004
sac_profit_only,2021-05-13,11042.209815254218,0.0004323697355197442,0.03796825164202962,0.06127915929216943,0.9387208407078306,0.0004322762906598302,0.0012344020038306917,,0.5579331104402602,11037.018489088216
sac_profit_only,2021-05-14,11051.257204076703,0.0008193458532173015,0.023117762311883783,0.03897104762344406,0.961028952376556,0.0008190103726409487,0.0004160675527764068,,-0.3612020558429238,11041.954544072312
sac_profit_only,2021-05-17,11049.625761642546,-0.0001476250533336554,0.01752458117752121,0.02131913737221603,0.978680862627784,-0.0001476359509843653,0.0005636311841154387,,-1.2573931573464463,11051.063535422716
sac_profit_only,2021-05-18,11048.024599165466,-0.00014490648928922045,0.00012732907370682084,0.02130477175462862,0.9786952282453714,-0.00014491698924889328,0.000708455999588567,,-1.058536452824842,11049.624354703934
sac_profit_only,2021-05-19,11048.299190845408,2.4854368984916775e-05,0.0026360298658547783,0.023967633210266532,0.9760323667897335,2.4854060120205702e-05,0.0006836192388305459,,-0.7116301422291762,11047.995476242664
sac_profit_only,2021-05-20,11053.96961151721,0.0005132392392577234,0.002705326117431222,0.027174884516963007,0.972825115483037,0.0005131075770469155,0.00017073085979080622,,-0.5290608912222639,11048.269301593054
sac_profit_only,2021-05-21,11052.594192691206,-0.00012442759247066615,0.005728418071040155,0.021330298494885724,0.9786697015051142,-0.0001244353342257488,0.0002951372086315868,,-0.8412905490119578,11053.906289757932
sac_profit_only,2021-05-24,11056.579682249576,0.0003605931321539746,0.00011616795103712788,0.02179931257223666,0.9782006874277633,0.00036052813407526737,0.0,,-0.9434657255266268,11052.592908733985
sac_profit_only,2021-05-25,11056.903816923268,2.931599852828981e-05,0.00035284612631380705,0.021475498147602794,0.9785245018523973,2.93155688228031e-05,0.0,,-1.3016812274868417,11056.575780978264
sac_profit_only,2021-05-26,11057.729616650486,7.468634446783362e-05,2.9031701679942123e-05,0.021519573981149665,0.9784804260188503,7.468355558166892e-05,0.0,,-1.1991630056426097,11056.903495922536
sac_profit_only,2021-05-27,11056.84161910522,-8.030559400984405e-05,7.31075352268136e-05,0.02136794835733552,0.9786320516426645,-8.030881867669903e-05,8.030559400985961e-05,,-1.4962253910221917,11057.728808247128
sac_profit_only,2021-05-28,11057.58871950258,6.756906023408504e-05,7.851808858733156e-05,0.021512658750175263,0.9784873412498247,6.756677754795997e-05,1.2741959949248517e-05,,-1.6102040363741736,11056.84075094315
sac_profit_only,2021-06-01,11056.79971218054,-7.135437409144796e-05,6.61923042524111e-05,0.021376702165747927,0.9786232978342521,-7.135691993590443e-05,8.409542484610141e-05,,-1.590348913894112,11057.587987575303
sac_profit_only,2021-06-02,11057.262051721122,4.1814951217133967e-05,6.976428017492486e-05,0.021487451168500177,0.9785125488314999,4.1814076996431566e-05,4.228399007513869e-05,,-1.3418309176338956,11056.798940810868
sac_profit_only,2021-06-03,11054.793990435823,-0.00022320727081936997,4.098472257732522e-05,0.02122803753317136,0.9787719624668286,-0.00022323218526970325,0.00026548182280045876,,-1.4162357204598155,11057.261598542304
sac_profit_only,2021-06-04,11058.814861385545,0.00036372192491329614,0.00021842891275149212,0.021802472078108513,0.9781975279218915,0.00036365579412895633,0.0,,-1.2902126401976055,11054.79157574919
sac_profit_only,2021-06-07,11059.51763598561,6.354881683745539e-05,0.000356005632185661,0.021508996762034074,0.9784910032379659,6.354679769693688e-05,0.0,,-1.608056426490088,11058.810924385169
sac_profit_only,2021-06-08,11059.629692135077,1.0132100978887948e-05,6.253031611122215e-05,0.021456442337323,0.978543557662677,1.013204964949954e-05,0.0,,-1.593359785069718,11059.516944430477
sac_profit_only,2021-06-09,11059.685918699652,5.083946401418515e-06,9.975891400147013e-06,0.021451451096240533,0.9785485489037594,5.08393347820681e-06,0.0,,-1.4480085427851028,11059.629581805411
sac_profit_only,2021-06-10,11062.157492158456,0.00022347591757787555,4.984650317681194e-06,0.021665105611891795,0.9783348943881082,0.00022345095055462328,0.0,,-1.2708095130754715,11059.685863570985
sac_profit_only,2021-06-11,11062.77544525439,5.586189641326733e-05,0.0002186391659689431,0.021501341186770512,0.9784986588132295,5.586033619563609e-05,0.0,,-1.617220821692743,11062.155073537568
sac_profit_only,2021-06-14,11065.048418219585,0.0002054613669455474,5.487474084766089e-05,0.02164753377885878,0.9783524662211412,0.00020544026264958935,0.0,,-1.7170388341618743,11062.774838187455
sac_profit_only,2021-06-15,11063.496343455945,-0.00014026823064638982,0.00020106733293592804,0.021309384000015575,0.9786906159999844,-0.00014027806915468502,0.00014026823064637405,,-1.5608221774389248,11065.04619339981
sac_profit_only,2021-06-16,11062.6282602587,-7.846373065945045e-05,0.00013708244590727656,0.021369813613074783,0.9786301863869252,-7.846680909899657e-05,0.00021872095533719108,,-1.4239211997301666,11063.494826844806
sac_profit_only,2021-06-17,11065.63995667005,0.0002722405870012601,7.665283284806826e-05,0.021712870917100627,0.9782871290828994,0.00027220353625697974,0.0,,-1.1828023041439797,11062.627412276905
sac_profit_only,2021-06-18,11063.774693445775,-0.00016856352019201104,0.0002664044711777752,0.02128175094362237,0.9787182490563776,-0.00016857772861888487,0.00016856352019202256,,-1.2596603785632985,11065.63700873409
sac_profit_only,2021-06-21,11064.97092069262,0.00010812107802160575,0.00016471550230048176,0.021552418436166097,0.9784475815638339,0.00010811523335913316,6.0460667439846285e-05,,-0.6340766827268104,11063.772871070569
sac_profit_only,2021-06-22,11067.181830749008,0.00019981164634197413,0.000105951990243245,0.021642057436832375,0.9783579425631677,0.00019979168665370837,0.0,,-1.2244523204914382,11064.96974833693
sac_profit_only,2021-06-23,11067.295745647016,1.0293035729302957e-05,0.00019559099090952353,0.021456730023018816,0.9785432699769812,1.0292982756374196e-05,0.0,,-1.4765026445802332,11067.179666107948
sac_profit_only,2021-06-24,11068.763158759737,0.00013259003341437037,1.0263577095964704e-05,0.021576205732957654,0.9784237942670424,0.00013258124413279546,0.0,,-1.537663839599695,11067.295632056972
sac_profit_only,2021-06-25,11068.46996984951,-2.6487955882892322e-05,0.00012973928703480242,0.021420672836714807,0.9785793271632852,-2.6488306694990626e-05,2.6487955882891248e-05,,-1.6048006575770777,11068.761722706296
sac_profit_only,2021-06-28,11071.356604660377,0.00026079799816325355,2.579360920804477e-05,0.02170162994286774,0.9782983700571323,0.00026076399627695136,0.0,,-1.6684466353679055,11068.46968435372
sac_profit_only,2021-06-29,11072.21302799815,7.735486881643716e-05,0.00025516349694488724,0.021522406142977082,0.9784775938570229,7.73518770828548e-05,0.0,,-1.63302434785893,11071.35377965431
sac_profit_only,2021-06-30,11071.837593732398,-3.390778923806348e-05,7.593969705423087e-05,0.021413359047409212,0.9785866409525907,-3.390836412014434e-05,3.390778923804698e-05,,-1.5660659418197924,11072.212187177647
sac_profit_only,2021-07-01,11071.931030544176,8.439142191729587e-06,3.3107398513639724e-05,0.021454756925732055,0.9785452430742679,8.439106582369463e-06,2.546893319892275e-05,,-1.5943910277829916,11071.837227172658
sac_profit_only,2021-07-02,11074.656602701434,0.00024616953896661187,8.29047980920386e-06,0.021687305343609874,0.9783126946563901,0.00024613924421731535,0.0,,-1.654548701003993,11071.930938752555
sac_profit_only,2021-07-06,11075.680427201989,9.244751663950446e-05,0.0002408388976870221,0.021537158579490522,0.9784628414205094,9.244324363118869e-05,0.0,,-1.7254767881335145,11074.653935493347
sac_profit_only,2021-07-07,11076.180625702902,4.5161875534383e-05,9.069213356767067e-05,0.02149074650614619,0.9785092534938538,4.5160855767585045e-05,0.0,,-1.4177841383124885,11075.679422724901
sac_profit_only,2021-07-08,11074.74543950217,-0.0001295741058430222,4.428006022333744e-05,0.02131969815131408,0.9786803018486859,-0.00012958250129270447,0.00012957410584304844,,-1.4574510914001937,11076.180135248957
sac_profit_only,2021-07-09,11076.226981719936,0.00013377663855651534,0.00012676829460877073,0.02157748057122279,0.9784225194287772,0.00013376769125995422,0.0,,-0.8484397155139476,11074.744035575577
sac_profit_only,2021-07-12,11077.153318114697,8.363284684298478e-05,0.0001310141252999393,0.021528427013462113,0.9784715729865379,8.362934981142568e-05,0.0,,-1.4435594379049326,11076.225530577745
sac_profit_only,2021-07-13,11077.152410224924,-8.196056755505055e-08,8.196056753926109e-05,0.02144646644592285,0.9785535335540771,-8.196057091381804e-08,8.196056755634954e-08,,-1.4328913342878564,11077.152410224924
sac_profit_only,2021-07-14,11077.578480253223,3.8463858988313504e-05,0.0,0.02148410394336654,0.9785158960566335,3.846311927305751e-05,0.0,,-1.2223578975397402,11077.152410224924
sac_profit_only,2021-07-15,11075.909458509672,-0.00015066665937202295,3.7637497443687024e-05,0.021299045672916198,0.9787009543270838,-0.00015067801073334155,0.0001506666593720658,,-1.3820525642775596,11077.578063320892
sac_profit_only,2021-07-16,11073.983909981525,-0.0001738501506679535,0.00014742077300665402,0.021276459470057834,0.9787235405299421,-0.0001738652643571006,0.000324490616618582,,-1.2252906319008718,11075.907825690538
sac_profit_only,2021-07-19,11072.036091209351,-0.00017589142155227666,0.0001700069758650176,0.02127448338442281,0.9787255166155772,-0.00017590689226250125,0.0005003249630550752,,-0.9074211584990032,11073.98202732701
sac_profit_only,2021-07-20,11074.792575264473,0.00024895909229472046,0.00017198306150004172,0.021690193861874457,0.9783098061381256,0.00024892810712248925,0.000251490431208979,,-0.0303619679642356,11072.034187006688
sac_profit_only,2021-07-21,11076.623578835395,0.00016533073269564547,0.00024372741595160563,0.02160846313590003,0.9783915368641,0.00016531706707626913,8.620127761048981e-05,,-0.6245408767526351,11074.789876033898
sac_profit_only,2021-07-22,11078.192086742209,0.00014160523697936966,0.00016199668997717714,0.02158517363170848,0.9784148263682915,0.0001415952119041906,0.0,,-1.0100772040486092,11076.62178445904
sac_profit_only,2021-07-23,11080.964967329257,0.0002503008221319547,0.00013870718578562827,0.02169147360678468,0.9783085263932153,0.000250269502107351,0.0,,-1.0498208939776936,11078.19055011736
sac_profit_only,2021-07-26,11081.149413050802,1.664527611877631e-05,0.0002450071608618293,0.02146299421719965,0.9785370057828003,1.664513758770503e-05,0.0,,-1.1459924476791212,11080.96225241349
sac_profit_only,2021-07-27,11078.53080195316,-0.00023631222719167067,1.6527771276798192e-05,0.021215183799374218,0.9787848162006257,-0.00023634015332564206,0.0002363122271916433,,-1.0559989142993251,11081.149229904098
sac_profit_only,2021-07-28,11079.440985487967,8.215742241257651e-05,0.0002312826465486334,0.02152708158125151,0.9784729184187485,8.215404767638625e-05,0.0001541742195825657,,-0.6690728958210704,11078.528239681236
sac_profit_only,2021-07-29,11079.862297857966,3.802650066475621e-05,8.061513532865716e-05,0.02148375488079371,0.9785162451192063,3.802577767570825e-05,0.0001161535816239245,,-0.8875937577735988,11079.440092317333
sac_profit_only,2021-07-30,11078.623447468872,-0.00011181099148982465,3.728843487085798e-05,0.02133707766297168,0.9786629223370283,-0.00011181724280471511,0.00022795158586662897,,-1.0111078491247143,11079.861884707243
sac_profit_only,2021-08-02,11078.641786374365,1.6553415305153862e-06,0.0001093887829511711,0.021448193326148085,0.9785518066738519,1.6553401604391068e-06,0.00022629662167390866,,-0.8890531002326078,11078.622235591736
sac_profit_only,2021-08-03,11080.081945300435,0.00012999417743086994,1.7268802252334847e-06,0.021573657863290366,0.9784263421367096,0.00012998572891995052,9.633186148626637e-05,,-0.6237751410476433,11078.641767242878
sac_profit_only,2021-08-04,11080.423882307583,3.086051247969124e-05,0.00012719141736751427,0.02147678863730971,0.9785232113626903,3.086003630387265e-05,6.547432185728647e-05,,-0.92065745178312,11080.080536009107
sac_profit_only,2021-08-05,11081.930857774074,0.00013600341309127906,3.0322191386857045e-05,0.021579564636458017,0.978420435363542,0.00013599416546555577,0.0,,-0.9292565144695858,11080.42354632485
sac_profit_only,2021-08-06,11080.887835988524,-9.411913852708231e-05,0.00013309819053516567,0.021354487417059906,0.9786455125829401,-9.412356801113585e-05,9.411913852705482e-05,,-1.069041455338986,11081.929382789129
sac_profit_only,2021-08-09,11081.325900346495,3.9533326612106734e-05,9.197902886294573e-05,0.021485240395912614,0.9785147596040874,3.9532545190744946e-05,5.45895327576512e-05,,-1.299400564126869,11080.886816779222
sac_profit_only,2021-08-10,11080.107311220429,-0.00010996780863825606,3.877394998976283e-05,0.02133888316989127,0.9786611168301087,-0.00010997385554103824,0.0001645513383045694,,-1.1708086514118423,11081.32547067972
sac_profit_only,2021-08-11,11079.698018897292,-3.693938259263785e-05,0.00010758327603158091,0.021410423227140218,0.9785895767728597,-3.694006486843296e-05,0.0002014846424723487,,-1.14851243337466,11080.106119186185
sac_profit_only,2021-08-12,11080.554124361206,7.726794200113574e-05,3.604321878263386e-05,0.021522106689251773,0.9784778933107482,7.726495698746811e-05,0.0001242322687749054,,-1.2688677788477092,11079.697619549312
sac_profit_only,2021-08-13,11081.387384048736,7.520018206474965e-05,7.564024332892133e-05,0.02152012232889767,0.9784798776711023,7.519735467280441e-05,4.904142899942978e-05,,-1.3798951861712525,11080.553286225397
sac_profit_only,2021-08-16,11081.489669415205,9.23037548683503e-06,7.365588297481712e-05,0.021455570854658813,0.9785444291453412,9.230332887181356e-06,3.981150618347478e-05,,-1.3981750034648208,11081.386567839363
sac_profit_only,2021-08-17,11079.396254366413,-0.0001889109777875042,9.104408735961106e-06,0.02126158092332815,0.9787384190766718,-0.0001889288237138315,0.0002287149631404716,,-1.2496662156968676,11081.489568524794
sac_profit_only,2021-08-18,11077.107258227723,-0.0002065993566922053,0.00018488552259470284,0.021244437096649613,0.9787555629033504,-0.0002066207012792007,0.0004352670674684128,,-0.8734852502604865,11079.394205946446
sac_profit_only,2021-08-19,11078.33498554018,0.00011083465058492337,0.002138465048736129,0.0234932213945159,0.9765067786054841,0.00011082850887884327,0.0003244806595569118,,-0.1139056612295378,11077.08357022101
sac_profit_only,2021-08-20,11080.773354491084,0.00022010247515424908,0.002046754948593049,0.021663803523587415,0.9783361964764126,0.00022007825615817338,0.00010444960339899958,,-0.0924338390767193,11078.312310903226
sac_profit_only,2021-08-23,11084.325289261289,0.00032054935667158446,0.00021733707766456375,0.021760253243381582,0.9782397467566184,0.0003204979917029318,0.0,,-0.7337230460006157,11080.770946228185
sac_profit_only,2021-08-24,11085.047895572654,6.519172728225442e-05,0.0003137867974587309,0.02151056291963317,0.9784894370803668,6.5189602393951e-05,0.0,,-1.0195284036964052,11084.321811146354
sac_profit_only,2021-08-25,11085.320242062302,2.45688148770018e-05,6.40964737103171e-05,0.021470570476159263,0.9785294295238407,2.456851306861294e-05,0.0,,-0.9988327793265296,11085.047185060173
sac_profit_only,2021-08-26,11083.810323399142,-0.0001362088446872356,2.4104030236411084e-05,0.021313184232520477,0.9786868157674795,-0.00013621812195436123,0.00013620884468726184,,-1.080808705669999,11085.319974861408
sac_profit_only,2021-08-27,11086.119419410497,0.00020833052388846696,0.0001332822134023741,0.02165041695088642,0.9783495830491136,0.00020830882609836415,0.0,,-0.6543792078519346,11083.80884612437
sac_profit_only,2021-08-30,11088.78532984805,0.00024047282341954634,0.00020395050496356884,0.02168192493212428,0.9783180750678757,0.00024044391446459713,0.0,,-1.1496983503863034,11086.117158390844
sac_profit_only,2021-08-31,11088.588845940098,-1.7719155174122925e-05,0.00023545848620142723,0.021429357409591634,0.9785706425904084,-1.771931216020741e-05,1.7719155174104863e-05,,-1.1820554709608029,11088.782718899442
sac_profit_only,2021-09-01,11088.982957730548,3.554210512501932e-05,1.7109036331217076e-05,0.021481261803890463,0.9785187381961096,3.5541473519366645e-05,0.0,,-1.1136583954099324,11088.588656225029
sac_profit_only,2021-09-02,11088.870096799115,-1.0177753168472137e-05,3.4795357967611074e-05,0.021436540917697085,0.9785634590823029,-1.0177804962153345e-05,1.0177753168438801e-05,,-1.1797262002251907,11088.982571885417
sac_profit_only,2021-09-03,11089.601451455408,6.595393849040398e-05,9.925528225766117e-06,0.021511011361153933,0.978488988638846,6.595176362502955e-05,0.0,,-1.1094603731810753,11088.869986736223
sac_profit_only,2021-09-07,11089.937304215273,3.0285376921401763e-05,6.45449152310816e-05,0.0214761645697603,0.9785238354302397,3.0284918328633206e-05,0.0,,-1.105640497292259,11089.600735678023
sac_profit_only,2021-09-08,11089.10914003493,-7.467708406494467e-05,2.9698123837448853e-05,0.021373414527335242,0.9786265854726648,-7.467987253721107e-05,7.467708406499026e-05,,-0.742878506079017,11089.936974864942
sac_profit_only,2021-09-09,11088.29015019452,-7.38553322966462e-05,7.305191858760982e-05,0.021374261202003073,0.978625738797997,-7.385805973599197e-05,0.0001485269010607478,,-0.7744975243544296,11089.108329954232
sac_profit_only,2021-09-10,11086.484520509912,-0.00016284112880793344,7.2205243919779e-05,0.021287162399365782,0.9787128376006342,-0.00016285438886409038,0.00031134384358049274,,-0.5929902037662343,11088.289349561825
sac_profit_only,2021-09-13,11086.318593227556,-1.4966627342460903e-05,0.0001593040465570697,0.021431976470523147,0.9785680235294768,-1.4966739343545427e-05,0.00032630581115565744,,-0.1357691290413482,11086.482754388066
sac_profit_only,2021-09-14,11085.642429569025,-6.0990819706674415e-05,1.4489975399704924e-05,0.02138679420354209,0.9786132057964579,-6.09926797223483e-05,0.00038727672920346566,,-0.4635552653262839,11086.318432587072
sac_profit_only,2021-09-15,11087.409372509155,0.00015939021589028712,5.967224238076149e-05,0.021602471831647766,0.9783975281683522,0.00015937751461944728,0.00022794824143476498,,-0.4397344007926204,11085.641768063882
sac_profit_only,2021-09-16,11087.571183642249,1.459413354898409e-05,0.00015600538572491454,0.02146090003585194,0.978539099964148,1.4594027055653183e-05,0.00021335743459295582,,-0.7046042927773577,11087.40764281358
sac_profit_only,2021-09-17,11084.75508344182,-0.0002539871134792371,1.4433589929089413e-05,0.021197877444188,0.978802122555812,-0.00025401937366870776,0.0004672903580332529,,-0.5911737025972323,11087.571023608793
sac_profit_only,2021-09-20,11079.582253618826,-0.0004666616252730904,0.0002485890017348523,0.020989843232653058,0.9790101567673469,-0.0004667705456966477,0.0009337339168284389,,-0.1375612525884669,11084.752327893619
sac_profit_only,2021-09-21,11079.969118376705,3.491690832957417e-05,0.03945272363899001,0.06051243897244031,0.9394875610275597,3.491629874852027e-05,0.0008988496116005536,,0.9030527569568776,11079.145133922138
sac_profit_only,2021-09-22,11085.532036750783,0.0005020698446580596,0.006106272895780154,0.05488645314231361,0.9451135468576863,0.0005019438497639961,0.00039723105222745625,,0.6210176562956203,11079.90146106159
sac_profit_only,2021-09-23,11088.307496296396,0.00025036773484687913,0.02503775834098304,0.03011581292224675,0.9698841870777533,0.00025033639807592144,0.00014696277121935638,,-0.1174419786936952,11085.254479878566
sac_profit_only,2021-09-24,11088.434503809895,1.1454183926673522e-05,0.008669346476323898,0.021466158172153763,0.9785338418278462,1.1454118328009728e-05,0.00013551027063130045,,-0.5896318871837872,11088.211367916874
sac_profit_only,2021-09-27,11086.536065579874,-0.00017120885994936774,1.9691726230910978e-05,0.02127891999501509,0.9787210800049849,-0.0001712235178592969,0.00030669593002171736,,-0.771808938120422,11088.434285459478
sac_profit_only,2021-09-28,11079.80597649905,-0.0006070506640679652,0.0001675464509077601,0.020852238100012414,0.9791477618999875,-0.0006072349939244873,0.0009135604141216993,,-0.5489950059816147,11086.534208070103
sac_profit_only,2021-09-29,11078.343769853831,-0.0001319704197276783,0.037048071462670695,0.05781087144458109,0.9421891285554189,-0.0001319791285897364,0.001045410270898036,,0.421866317953839,11079.39549105544
sac_profit_only,2021-09-30,11076.025542969515,-0.00020925753275724546,0.0011747763975840167,0.0564397562000217,0.9435602437999783,-0.00020927943016960554,0.0012544490436812248,,0.2766722718232056,11078.330755277046
sac_profit_only,2021-10-01,11080.194510658706,0.0003763956369564614,0.0050691377666531034,0.061866760565590935,0.9381332394344091,0.0003763248178888029,0.0008785255758716791,,0.405781391545174,11075.969397070132
sac_profit_only,2021-10-04,11069.135584296477,-0.0009980805257155945,0.01503074200327404,0.045898074773091935,0.9541019252269081,-0.0009985789397493263,0.0018757292623186824,,-0.03178353905376,11080.02796711367
sac_profit_only,2021-10-05,11078.83973573955,0.0008766855703565835,0.020571832987528182,0.06730679086378581,0.9326932091362142,0.0008763015060146675,0.0010006881167402986,,0.3779783587114854,11068.907871887921
sac_profit_only,2021-10-06,11081.981106835976,0.00028354693915222384,0.01994303277662761,0.04765279167888457,0.9523472083211154,0.00028350674731620777,0.000717424919640697,,0.0216435864596108,11078.618790075572
sac_profit_only,2021-10-07,11086.0322482204,0.0003655611163173589,0.007042001426199027,0.04096813103347226,0.9590318689665277,0.0003654943151319254,0.0003521260659777927,,-0.0369652356087516,11081.903067509216
sac_profit_only,2021-10-08,11084.386693499617,-0.00014843495706473586,0.01401085755019589,0.026826453672742133,0.9731735463272578,-0.0001484459746232493,0.0005005087552250063,,-0.3531014147091992,11085.876923401773
sac_profit_only,2021-10-11,11082.110835922624,-0.00020532101954973125,6.444500574994544e-05,0.026562204146607146,0.9734377958533929,-0.0002053421007959304,0.0007057270098068446,,-0.5181320778909795,11084.385979166253
sac_profit_only,2021-10-12,11080.577420648044,-0.00013836851997628408,0.010188827729003206,0.03662754583273777,0.9633724541672622,-0.0001383780937830968,0.0008439978793812936,,-0.2409660352724011,11081.997922204442
sac_profit_only,2021-10-13,11083.956194926184,0.0003049276359772257,0.001657232762232931,0.038579536050195734,0.9614204639498043,0.00030488115499428516,0.0005393276016822225,,-0.2700940997555754,11080.559057552118
sac_profit_only,2021-10-14,11089.087565476806,0.00046295478440905313,0.012749147981042902,0.026293589942839746,0.9737064100571603,0.0004628476539059602,7.662250156670004e-05,,-0.5339554750894331,11083.81488392844
sac_profit_only,2021-10-15,11090.532233265567,0.00013027832815204476,0.004847123496916895,0.021578676709974782,0.9784213232900252,0.00013026984266762686,0.0,,-0.9236554198282542,11089.033815299908
sac_profit_only,2021-10-18,11092.922569075163,0.00021552940465974224,0.0001322102640519303,0.02165745740650244,0.9783425425934975,0.00021550618153439008,0.0,,-1.0407191995650136,11090.530766983371
sac_profit_only,2021-10-19,11094.72055291707,0.00016208387201044339,0.00021099096057958927,0.021605254920509943,0.9783947450794901,0.0001620707378388662,0.0,,-1.030742528682774,11092.920228568773
sac_profit_only,2021-10-20,11094.408275029024,-2.8146530284933746e-05,0.00015878847458709183,0.02141907817139319,0.9785809218286068,-2.8146926405950258e-05,2.8146530284981122e-05,,-1.1603238296638814,11094.718791203317
sac_profit_only,2021-10-21,11095.861029598213,0.00013094475461650212,2.738827452966261e-05,0.02157461291903769,0.9784253870809623,0.00013093618210046384,0.0,,-1.200541013431558,11094.407971172324
sac_profit_only,2021-10-22,11093.860107916993,-0.00018033045618381927,0.0001281464731148381,0.021270097034224396,0.9787299029657756,-0.00018034671767552387,0.00018033045618380517,,-1.3006160321611966,11095.859607702756
sac_profit_only,2021-10-25,11096.293986442746,0.0002193896896189873,0.00017636941169845571,0.021661276461733176,0.9783387235382668,0.00021936562722032885,0.0,,-1.1972379836015148,11093.858151299411
sac_profit_only,2021-10-26,11097.040927639739,6.731447435548432e-05,0.00021481001581032458,0.02151254301785331,0.9784874569821467,6.731220883792296e-05,0.0,,-1.2315764613415112,11096.29160284766
sac_profit_only,2021-10-27,11097.592616808099,4.971498005246211e-05,6.607657193045957e-05,0.021495177453120098,0.9785048225468799,4.9713744303797947e-05,0.0,,-1.0612052355882178,11097.040194385316
sac_profit_only,2021-10-28,11100.235175561727,0.00023811999997436217,4.8711007197246164e-05,0.021679471796401888,0.9783205282035982,0.0002380916539069227,0.0,,-0.8289604411857717,11097.592076233184
sac_profit_only,2021-10-29,11101.40361373774,0.00010526247034703395,0.0002330053504790361,0.02154968855102686,0.9784503114489731,0.00010525693064194745,0.0,,-0.952282641761229,11100.23258914754
sac_profit_only,2021-11-01,11102.216420030269,7.321653376535231e-05,0.00010322210510400887,0.021518208499404584,0.9784817915005954,7.321385356576648e-05,0.0,,-1.0324312267271103,11101.40246782749
sac_profit_only,2021-11-02,11103.211225791203,8.960424867421324e-05,7.174205348173257e-05,0.021534211341208854,0.9784657886587912,8.960023445331537e-05,0.0,,-1.0119938235009551,11102.215623534465
sac_profit_only,2021-11-03,11105.73809089176,0.00022757966584374678,8.77448952860023e-05,0.021669200505433656,0.9783307994945664,0.0002275537735198971,0.0,,-1.1327244686023616,11103.210251541097
sac_profit_only,2021-11-04,11108.788730700691,0.00027469041534788907,0.00022273405951080474,0.0217154098035332,0.9782845901964669,0.0002746526948432297,0.0,,-1.4103131648115306,11105.735617265631
sac_profit_only,2021-11-05,11109.013089656299,2.0196527366511674e-05,0.00026894335761034824,0.021466492600156914,0.9785335073998431,2.019632341939885e-05,0.0,,-1.312792191697161,11108.785743065751
sac_profit_only,2021-11-08,11108.69009615546,-2.907490505521526e-05,2.00261542340624e-05,0.021418033864832757,0.9785819661351672,-2.907532773846025e-05,2.9074905055178564e-05,,-1.0102282272831846,11109.012867185489
sac_profit_only,2021-11-09,11107.049873890031,-0.0001476521760199745,2.8432581090094555e-05,0.02130198737749536,0.9786980126225047,-0.00014766307767563152,0.00017672278810214093,,-0.7904921219773613,11108.689780306728
sac_profit_only,2021-11-10,11103.547354192056,-0.0003153420339102597,0.00014447906842749228,0.02113793147081827,0.9788620685291818,-0.00031539176466450797,0.0004920090938889467,,-0.6226382672681363,11107.048269153813
sac_profit_only,2021-11-11,11104.204191564031,5.915563297231863e-05,0.0003085349751045831,0.021504651875591686,0.9784953481244083,5.9153883346862245e-05,0.00043288256602606423,,-0.3412536592064396,11103.54392835935
sac_profit_only,2021-11-12,11106.709455892784,0.00022561403640763977,5.818542966883403e-05,0.021667248984386992,0.978332751015613,0.00022558858938832556,0.0002073661940015009,,-0.6470745841846213,11104.20354546114
sac_profit_only,2021-11-15,11106.652672937294,-5.1124913021949325e-06,0.00022078253846414056,0.02144167962255437,0.9785583203774456,-5.112504371023133e-06,0.0002124776251458387,,-1.039219989385372,11106.707003725276
sac_profit_only,2021-11-16,11108.348837213582,0.00015271606362743384,4.786823368480714e-06,0.021595889154530926,0.9784041108454691,0.0001527044037164776,5.9794010265010335e-05,,-0.9729676118564252,11106.65261977171
sac_profit_only,2021-11-17,11108.473057474568,1.1182603536052937e-05,0.00014942270860807474,0.021457555316244478,0.9785424446837555,1.1182541011208142e-05,4.861207538169124e-05,,-1.0001963248913306,11108.34717737401
sac_profit_only,2021-11-18,11110.941403202249,0.00022220387220728277,1.1088870321626643e-05,0.021663867373965893,0.9783361326260341,0.00022217918858333433,0.0,,-0.7776181311477254,11108.47293429415
sac_profit_only,2021-11-19,11112.267595326177,0.00011935911421034895,0.00021740092804304126,0.021563464502557098,0.9784365354974429,0.00011935199147804612,0.0,,-0.6313302858973215,11110.938987673277
sac_profit_only,2021-11-22,11109.499602973274,-0.0002490933852301591,0.000116998056634246,0.021202769019065735,0.9787972309809343,-0.0002491244141402796,0.00024909338523014974,,-0.532279738140675,11112.266295212463
sac_profit_only,2021-11-23,11108.41092844778,-9.79949200594632e-05,0.00024369742685711668,0.02135080226700288,0.9786491977329971,-9.799972187534686e-05,0.00034706389540322546,,-0.1578296976752609,11109.496895616807
sac_profit_only,2021-11-24,11109.177053954469,6.896805597333966e-05,9.566417891997137e-05,0.021514044332602802,0.9784859556673972,6.896567778631262e-05,0.00027811977575199174,,-0.0923751648439715,11108.40986577077
sac_profit_only,2021-11-26,11104.659328460399,-0.0004066660808562661,6.75778866799509e-05,0.021048426174626912,0.9789515738253731,-0.0004067487919315449,0.0006846727547290388,,-0.3245846911828484,11109.176303219761
sac_profit_only,2021-11-29,11121.201511605668,0.0014896614705570688,0.04989445254851762,0.07237108657090684,0.9276289134290931,0.0014885530255772795,0.0,,2.591171396527735,11104.105267562467
sac_profit_only,2021-11-30,11116.67809078067,-0.00040673850035699566,0.04793914267747422,0.02408176827162155,0.9759182317283784,-0.00040682124089743484,0.0004067385003570043,,0.9411110238047814,11120.668370739659
sac_profit_only,2021-12-01,11105.172213177277,-0.0010350104149309258,0.03471654486924759,0.05785585941358882,0.9421441405864112,-0.0010355464080813454,0.0014413279367039534,,2.142231600699738,11116.292158126935
sac_profit_only,2021-12-02,11112.131931986785,0.0006267096696843666,0.033793553695236865,0.09224900582887056,0.9077509941711295,0.0006265133691906585,0.0008155215611746854,,3.194849203268089,11104.796929943795
sac_profit_only,2021-12-03,11098.48440079683,-0.0012281649708163478,0.022936075721753865,0.06818985984263219,0.9318101401573678,-0.001228919783500411,0.0020426849369766364,,2.270670618072056,11111.877063287364
sac_profit_only,2021-12-06,11106.504668264437,0.0007226452890298773,0.025133609319355113,0.09400097314431555,0.9059990268556845,0.000722384306647223,0.001321515784593431,,2.966909929747352,11098.205455825862
sac_profit_only,2021-12-07,11129.333846155694,0.0020554781700572455,0.024915017524503535,0.07101865024435461,0.9289813497556454,0.002053368565140063,0.0,,1.98736282621478,11106.227949505992
sac_profit_only,2021-12-08,11129.92829818644,5.3413082846009985e-05,0.04828746528494299,0.022830568425195277,0.9771694315748047,5.341165641809348e-05,0.0,,0.5471955039792189,11128.796438833953
sac_profit_only,2021-12-09,11126.400633586114,-0.0003169530392123088,0.0013841019792724257,0.021137567440834948,0.978862432559165,-0.0003170032794429847,0.0003169530392123568,,0.0067360503887155,11129.912893230654
sac_profit_only,2021-12-10,11129.715390610354,0.00029791817977820045,0.006904152949484876,0.028337906741125733,0.9716620932588743,0.00029787381096924373,1.9129285506767028e-05,,0.4646960774991172,11126.323815214362
sac_profit_only,2021-12-13,11126.190346209016,-0.00031672367869461926,0.006891440295202882,0.021143182957165885,0.9788568170428341,-0.00031677384623205314,0.0003358469055037036,,-0.3179459523526494,11129.638690841237
sac_profit_only,2021-12-14,11123.333610013315,-0.0002567578035975737,0.0033409746050899747,0.02423688194088802,0.975763118059112,-0.00025679077152573047,0.0005925184777874756,,0.1267665588056623,11126.153173889617
sac_profit_only,2021-12-15,11132.975874271673,0.000866850226417526,0.014420187265349774,0.039503538526427795,0.9604964614735723,0.0008664747287444995,0.0,,0.5625649125174047,11123.173209459643
sac_profit_only,2021-12-16,11126.635255398818,-0.0005695349513429315,0.018057072080504943,0.020906508293453658,0.9790934917065464,-0.000569697197979677,0.000569534951342898,,-0.1451944298588444,11132.77484532384
sac_profit_only,2021-12-17,11124.616205983275,-0.0001814609151102875,0.012883007201846635,0.03362660419118906,0.966373395808811,-0.00018147738113413379,0.0007508925181197334,,0.2078470257515069,11126.49191087669
sac_profit_only,2021-12-20,11119.508372638498,-0.00045914692697712756,0.007563066371555079,0.0407564883983287,0.9592435116016713,-0.0004592523672036764,0.001209694675104637,,0.4826244603819318,11124.532069772551
sac_profit_only,2021-12-21,11132.677886231324,0.001184361138234502,0.01273271982310685,0.05462093010943533,0.9453790698905646,0.0011836603358624407,2.676625223249907e-05,,0.8370725726284668,11119.366791053819
sac_profit_only,2021-12-22,11136.723550534332,0.0003634044157525551,0.022900172624999292,0.03209467231634962,0.9679053276836503,0.00036333840036089987,0.0,,0.3331392309385471,11132.42294598595
sac_profit_only,2021-12-23,11138.405592709547,0.00015103564056184737,0.010648205870426766,0.021604658852476383,0.9783953411475236,0.0001510242358278205,0.0,,-0.3166076124778934,11136.604964409244
sac_profit_only,2021-12-27,11142.35185109071,0.0003542929325313082,0.00015819240655353187,0.021793193003934015,0.978206806996066,0.00035423018561037703,0.0,,-0.4963445974001821,11138.40383069836
sac_profit_only,2021-12-28,11141.240451360118,-9.974552459357522e-05,0.00034672655801116364,0.02134918969795392,0.978650810302046,-9.975049950923324e-05,9.974552459354439e-05,,-0.5694066032443946,11142.347987741405
sac_profit_only,2021-12-29,11141.203671677102,-3.301219749896056e-06,9.727674796893016e-05,0.02144333120582695,0.978556668794173,-3.301225198933967e-06,0.0001030464150615108,,-0.6034429585505241,11141.239367576478
sac_profit_only,2021-12-30,11140.489596219897,-6.409320556810538e-05,3.135240095902825e-06,0.021383746861238336,0.9786162531387617,-6.409525962537326e-05,0.00016713301605452932,,-0.7601499655219154,11141.203636746754
sac_profit_only,2021-12-31,11138.99692723144,-0.00013398594160207722,6.271958468451536e-05,0.02131539784244264,0.9786846021575574,-0.00013399491852021355,0.00030109656418209025,,-0.6495276926996184,11140.488897493016
sac_profit_only,2022-01-03,11141.295212118723,0.00020632781410179213,0.0001310686034802118,0.021648455839097958,0.9783515441609021,0.00020630653144577504,9.483087467611154e-05,,-0.6742428660378282,11138.995467258668
sac_profit_only,2022-01-04,11138.193772051543,-0.000278373385511399,0.0002019893931751067,0.021174185047422904,0.9788258149525771,-0.00027841213857432727,0.0003731778617958628,,-0.8401422730088052,11141.292961695264
sac_profit_only,2022-01-05,11130.852242798956,-0.0006591310407086937,0.00027228139849994754,0.020801312637985972,0.979198687362014,-0.0006593483630742984,0.0010320629293921807,,-0.7474145188561339,11138.190739328566
sac_profit_only,2022-01-06,11130.341754925683,-4.586242473958446e-05,0.018352024840651723,0.03912690299036053,0.9608730970096395,-4.586347645274216e-05,0.0010778780212233323,,0.0476136236107935,11130.647969122097
sac_profit_only,2022-01-07,11125.688228741285,-0.0004180937375385385,0.0005857052135660942,0.03813961310408,0.96186038689592,-0.0004181811630941237,0.0014955211047113807,,0.0169855551671133,11130.335235826487
sac_profit_only,2022-01-10,11125.962771002387,2.467642948977833e-05,0.0012421293733369948,0.039406639703894845,0.9605933602961052,2.467612503170076e-05,0.001470881579342639,,-0.2192089591024337,11125.674409197138
sac_profit_only,2022-01-11,11133.020858455598,0.0006343799272461315,0.0030248340280997835,0.043041445516028405,0.9569585544839716,0.0006341787933591234,0.000837434749845808,,-0.0338874826255193,11125.929116811601
sac_profit_only,2022-01-12,11134.069720835178,9.42118399771541e-05,0.015400149129309655,0.027747868517990132,0.9722521314820098,9.420740232047584e-05,0.0007433018061373031,,-0.3086901884942477,11132.849408274118
sac_profit_only,2022-01-13,11128.026082613083,-0.0005428058538904379,0.00630140207206728,0.020921182991894747,0.9790788170081053,-0.0005429532263201048,0.001285704191456212,,-0.5274999680896054,11133.999560585167
sac_profit_only,2022-01-14,11131.10129776836,0.0002763486652930247,0.02798907720860574,0.04919963273711328,0.9508003672628867,0.0002763104880339479,0.0010097108288003793,,0.2382985344011492,11127.714619431878
sac_profit_only,2022-01-18,11120.179570813014,-0.0009811901502986276,0.010194233986808104,0.038071360447711505,0.9619286395522885,-0.000981671832461121,0.0019899102607791267,,-0.0741234484077969,11130.9878247172
sac_profit_only,2022-01-19,11111.205335321305,-0.000807022533634516,0.032451543948345624,0.0698023769203154,0.9301976230796846,-0.000807348351626181,0.0027953268919933367,,0.952735329704676,11119.818703816958
sac_profit_only,2022-01-20,11099.342041339643,-0.001067687404169293,0.011514809435275414,0.08034586167343805,0.919654138326562,-0.0010682577883966509,0.0038600297608495505,,1.2494003600377594,11111.077391909272
sac_profit_only,2022-01-21,11069.510580655768,-0.0026876782941518407,0.016006357908165958,0.09393146295136083,0.9060685370486392,-0.002691296586115599,0.006537333536798397,,1.7300526599813428,11099.164381298384
sac_profit_only,2022-01-24,11075.462357374974,0.0005376729780273148,0.030097815803827158,0.12452636207869122,0.8754736379213088,0.0005375284837031402,0.006003175506362134,,2.610788116764616,11069.177412565272
sac_profit_only,2022-01-25,11042.917827892259,-0.0029384352934975766,0.002139706952070497,0.12409414503142442,0.8759058549685755,-0.002942760970377258,0.008923970857078802,,2.8552121208324053,11075.43865913117
sac_profit_only,2022-01-26,11040.31947915493,-0.0002352954878253044,0.016038997439889055,0.13994456671090744,0.8600554332890926,-0.0002353231741516635,0.009157166574827956,,3.13579207924774,11042.74071056149
sac_profit_only,2022-01-27,11017.243030723037,-0.002090197523311188,0.06151531793264725,0.19983650734203506,0.8001634926579649,-0.002092385034906837,0.011228223811243842,,3.437309074752985,11039.640330392092
sac_profit_only,2022-01-28,11069.797448948015,0.004770196870344412,0.04628683616893936,0.15760723003567573,0.8423927699643243,0.00475885553389109,0.006511587778983445,,3.027389362861251,11016.73307739984
sac_profit_only,2022-01-31,11107.69359866163,0.0034233823959639587,0.049016150323761665,0.11167584641484377,0.8883241535851563,0.0034175359617032823,0.0031104970379918512,,2.2921751003452178,11069.254850092204
sac_profit_only,2022-02-01,11113.039357157342,0.0004812662906326093,0.03568910344151613,0.07646418683310839,0.9235358131668916,0.0004811505191544769,0.002630727724730666,,1.5223006328905455,11107.29717503579
sac_profit_only,2022-02-02,11117.81721638384,0.00042993271893898566,0.020970116780007805,0.055919767434034505,0.9440802325659655,0.0004298403243489348,0.0022019260417151677,,0.7105246965458858,11112.806315424243
sac_profit_only,2022-02-03,11094.79876191962,-0.0020704113061240648,0.004976273590955892,0.04897921241693564,0.9510207875830644,-0.002072557570557447,0.004267778455267188,,0.7493661482647109,11117.761891083637
sac_profit_only,2022-02-04,11105.686990342365,0.0009813813351997602,0.031299422608088774,0.08120910600702451,0.9187908939929755,0.0009809000953646797,0.0032905854381861644,,1.391228873116218,11094.451501124418
sac_profit_only,2022-02-07,11099.5458287272,-0.0005529744914030132,0.01423851923029111,0.06646765215872028,0.9335323478412797,-0.0005531274381834622,0.003841740319780058,,1.062966501130047,11105.528861804587
sac_profit_only,2022-02-08,11107.956963169983,0.0007577908657321331,0.0010754968357255257,0.06825022331875553,0.9317497766812445,0.0007575038872046924,0.0030868606897708466,,0.9569826544463482,11099.533891200783
sac_profit_only,2022-02-09,11120.358608602915,0.0011164650235908624,0.014861627737700847,0.05445832797252573,0.9455416720274743,0.001115842240017361,0.001973842038172787,,0.552047459003096,11107.79188084867
sac_profit_only,2022-02-10,11111.461738748892,-0.0008000524234119677,0.019991226875418794,0.033713323286929615,0.9662866767130703,-0.0008003726361547836,0.0027723152844786867,,0.1320802005243396,11120.136298991034
sac_profit_only,2022-02-11,11088.135289912503,-0.002099314148294562,0.03147568065746736,0.06325189921541868,0.9367481007845813,-0.0021015207970814043,0.0048658094720730165,,1.2541706567289637,11111.111997927566
sac_profit_only,2022-02-14,11089.08971672983,8.607640440638775e-05,0.0322809949191028,0.09563993529522902,0.9043600647047709,8.607270004526051e-05,0.004780151899050556,,2.207141858518654,11087.777353873547
sac_profit_only,2022-02-15,11116.276866248292,0.0024517025484469546,0.0030888406828593618,0.10093579785692283,0.8990642021430771,0.0024487020290073556,0.0023401688611965677,,2.4449454980718386,11089.055464298377
sac_profit_only,2022-02-16,11115.755985088814,-4.685751945054939e-05,0.028570990728016582,0.07234784310641576,0.9276521568935843,-4.6858617298409e-05,0.0023869167261392336,,1.697847239112846,11115.959263205017
sac_profit_only,2022-02-17,11094.46331676558,-0.0019155393795795561,0.008222543652680409,0.062336864062645984,0.9376631359373541,-0.0019173763713985486,0.004297883872734066,,1.3018789715638073,11115.664585299994
sac_profit_only,2022-02-18,11082.02902722033,-0.001120765303397775,0.03303581278671925,0.09438758297292453,0.9056124170270755,-0.0011213938304952212,0.00541383225700923,,2.329609362502605,11094.096802152477
sac_profit_only,2022-02-22,11071.200995691683,-0.0009770802352213614,0.0026334007230593565,0.09614021807324634,0.9038597819267536,-0.0009775578892772968,0.0063856227437354765,,2.209357526823967,11081.999843797075
sac_profit_only,2022-02-23,11041.230760495953,-0.0027070446293399053,0.009183573430659911,0.1029035276410646,0.8970964723589354,-0.002710715300596349,0.009075381207321927,,2.465655454073319,11071.099322504373
sac_profit_only,2022-02-24,11087.12212233149,0.004156362893865895,0.021421509361498878,0.12796827558361928,0.8720317244163807,0.004147749077462295,0.004956738891153809,,2.996520337730776,11040.994240667855
sac_profit_only,2022-02-25,11104.90968554792,0.0016043444836422172,0.02302225831829946,0.1064002652343746,0.8935997347656254,0.0016030588978624138,0.003360346724208435,,2.798882301453319,11086.866871741982
sac_profit_only,2022-02-28,11107.448163979156,0.00022859064171765198,0.022206081884765222,0.08442381195693059,0.9155761880430694,0.00022856451885779657,0.0031325242263049065,,2.081681291610752,11104.66308901412
sac_profit_only,2022-03-01,11091.178045954966,-0.0014647935136850032,0.010554639771890209,0.09366040354316268,0.9063395964568373,-0.0014658673724862463,0.004592729238821777,,2.713946430917946,11107.330928865
sac_profit_only,2022-03-02,11112.4401546585,0.00191702888687173,0.021895717329334874,0.11726770970553763,0.8827322902944623,0.0019151937319841724,0.002684504746570454,,3.4535025933692824,11090.935196655622
sac_profit_only,2022-03-03,11097.21667342954,-0.0013699494455838845,0.022971492740815946,0.09307458035677293,0.906925419643227,-0.0013708886842299214,0.004050776556365144,,2.7665963153178468,11112.184885320154
sac_profit_only,2022-03-04,11081.506755629138,-0.0014156628876155208,0.004314163997475112,0.09611303914214483,0.9038869608578551,-0.0014166658850371147,0.0054607049099438315,,2.686480857622913,11097.168798216895
sac_profit_only,2022-03-07,11036.94785282028,-0.004021014812468859,0.012573765629278505,0.10509960418739567,0.8949003958126043,-0.00402912082943635,0.009459762147083238,,3.0092530983827364,11081.367419360373
sac_profit_only,2022-03-08,11029.358588767647,-0.0006876234402696246,0.03525681728324642,0.13979523280586462,0.8602047671941354,-0.0006878599616987632,0.010140880833161146,,3.9873711217771888,11036.558725166467
sac_profit_only,2022-03-09,11082.415756155637,0.004810539702827521,0.0059947262140677415,0.13795261240435425,0.8620473875956458,0.004799006030712953,0.0053791242402031,,3.5725370966346115,11029.292470782591
sac_profit_only,2022-03-10,11069.26779724233,-0.0011863802263513135,0.034193442825802,0.10272530618379641,0.8972746938162036,-0.0011870845324770671,0.006559122779920712,,2.887797975700156,11082.036810206107
sac_profit_only,2022-03-11,11047.17439672126,-0.0019959224878969284,0.00680998864839602,0.09411339489521195,0.905886605104788,-0.0019979169955494478,0.00854195376716032,,2.3427243509747577,11069.192415654285
sac_profit_only,2022-03-14,11025.140606916566,-0.001994518146761104,0.009261443933828578,0.10159125031825127,0.8984087496817488,-0.001996509846841932,0.010519434832123975,,2.423621841905461,11047.072083934958
sac_profit_only,2022-03-15,11064.015793176804,0.003526049022526845,0.01117978392247139,0.11589833906619955,0.8841016609338005,0.003519847086283913,0.007030477852504539,,2.6072687671155883,11025.017348226866
sac_profit_only,2022-03-16,11100.6080207912,0.0033073188160994693,0.02601656130283285,0.092905506595904,0.907094493404096,0.003301861666269617,0.003746411068092805,,2.1465726436486494,11063.727945531666
sac_profit_only,2022-03-17,11108.441995260187,0.0007057248084352263,0.03196857880049385,0.06162917987450675,0.9383708201254932,0.0007054759017821214,0.0030433301948909254,,1.4372489578755987,11100.253150128954
sac_profit_only,2022-03-18,11119.99333183977,0.0010398700901992353,0.01031971351250724,0.05230473653561874,0.9476952634643813,0.001039329799819088,0.002006624772736044,,1.2107138026941635,11108.327359321225
sac_profit_only,2022-03-21,11118.202148385399,-0.0001610777453654455,0.016184798638890226,0.03598025597459022,0.9640197440254098,-0.0001610907197787497,0.0021673792955073444,,0.8128325495862658,11119.81335698683
sac_profit_only,2022-03-22,11126.165885648708,0.0007162792290538178,0.0004917069541817559,0.03716209749271992,0.9628379025072801,0.0007160228235181649,0.001452652515224409,,0.7337314506852712,11118.196681488085
sac_profit_only,2022-03-23,11121.737870797175,-0.0003979820988688765,0.01017728666355732,0.026607320622108292,0.9733926793778918,-0.00039806131476275553,0.0018500564843963337,,0.6020379841794518,11126.052651469025
sac_profit_only,2022-03-24,11130.616160638634,0.0007982826015682232,0.00974710194716661,0.037132455729165216,0.9628675442708348,0.0007979641434806708,0.0010532507507315706,,0.7368711703114761,11121.629466084318
sac_profit_only,2022-03-25,11130.242456557164,-3.3574428951355095e-05,0.015685989283242364,0.02142896106234251,0.9785710389376575,-3.357499258511062e-05,0.0010867898173904439,,0.320582683445726,11130.441565912823
sac_profit_only,2022-03-28,11133.935584874589,0.0003318102307150461,1.7505383580342093e-05,0.021771069942852352,0.9782289300571476,0.0003317551938746304,0.0007553401946553794,,0.1312793310317312,11130.242261718
sac_profit_only,2022-03-29,11138.041367771915,0.0003687629469406595,0.0003246034969295007,0.021807505234866555,0.9781924947651335,0.00036869497059606595,0.0003868557891908098,,-0.1252437434845637,11133.931970760164
sac_profit_only,2022-03-30,11135.398873533974,-0.00023724945443170942,0.00036103878894370306,0.02121460344036609,0.9787853965596339,-0.00023727760253569306,0.0006240134622975919,,-0.2838834559111311,11138.037346506948
sac_profit_only,2022-03-31,11132.43624123979,-0.00026605533648416113,0.0002318630055567622,0.021186274721251848,0.9788137252787481,-0.0002660907354840648,0.0008899027766701223,,-0.1900038492989381,11135.396291646923
sac_profit_only,2022-04-01,11131.97894235459,-4.1078060119992266e-05,0.00026019172467100365,0.021406522335745762,0.9785934776642542,-4.107890384660972e-05,0.0009309442813103541,,0.0756146589280775,11132.433344672005
sac_profit_only,2022-04-04,11136.893850864104,0.00044151255899471664,3.9944110177089764e-05,0.02187835852230985,0.9781216414776901,0.0004414151210038511,0.0004898427459075728,,-0.1289968325413248,11131.978497697597
sac_profit_only,2022-04-05,11131.585655030867,-0.0004766316267641457,0.0004318920763869971,0.020980257302844293,0.9790197426971557,-0.0004767452517242291,0.0009662408981268648,,-0.3609987514496152,11136.889040927894
sac_profit_only,2022-04-06,11125.495860370678,-0.0005470734223238516,0.0040316397842528745,0.024482147998089475,0.9755178520019105,-0.0005472231215887074,0.0015127857157358042,,0.1732569190723647,11131.540776487278
sac_profit_only,2022-04-07,11126.358219044901,7.751193160698833e-05,0.014006359272723513,0.038576496339086094,0.9614235036609139,7.750892771244172e-05,0.0014353910430717138,,0.4030437427015956,11125.34003267857
sac_profit_only,2022-04-08,11120.98091422622,-0.000483294238134202,0.00431228945279459,0.0338014132086767,0.9661985867913233,-0.0004834110624363666,0.0019179915649853094,,0.2787686050458334,11126.310238967706
sac_profit_only,2022-04-11,11111.007517951088,-0.0008968090451781929,0.003940367072390191,0.036881838853179125,0.9631181611468209,-0.0008972114189962566,0.0028130805379794795,,0.1898366938173375,11120.937093479213
sac_profit_only,2022-04-12,11107.99285801394,-0.00027132192398182653,0.02211412328976521,0.05876139295246353,0.9412386070475365,-0.0002713587384342391,0.0030836392115374564,,0.8867250240579007,11110.761807760962
sac_profit_only,2022-04-13,11121.308529624595,0.0011987468646099675,0.0002227674708152813,0.06011105897213608,0.9398889410278639,0.0011980289412688867,0.001888588849763825,,0.8559490190300765,11107.990383514465
sac_profit_only,2022-04-14,11111.315671560405,-0.0008985325816266432,0.02176846387173325,0.037498690118091184,0.9625013098819089,-0.0008989365040031687,0.0027854244727756527,,0.317097676555998,11121.066435821662
sac_profit_only,2022-04-18,11111.600139569848,2.560164951215249e-05,0.013841770659191531,0.051377878196140175,0.9486221218038599,2.5601321795517e-05,0.0027598941347245923,,0.5051039642452173,11111.161871277158
sac_profit_only,2022-04-19,11123.633090872161,0.0010829179552154233,0.0028015232156714254,0.04960821674247684,0.9503917832575232,0.001082332022539751,0.0016799649184222403,,0.3846935997359747,11111.569010164094
sac_profit_only,2022-04-20,11117.863149257064,-0.0005187101703157948,0.015075431326827426,0.03404629023703272,0.9659537097629672,-0.000518844746975723,0.0021978036738491196,,0.2065783671397651,11123.465397305396
sac_profit_only,2022-04-21,11109.411391811926,-0.0007601962114188732,0.0025699159320956982,0.03588576599642432,0.9641142340035757,-0.0007604853070810377,0.002956329123241657,,-0.0267046520401094,11117.834577283425
sac_profit_only,2022-04-22,11093.279814595953,-0.001452064078557913,0.018847748789342283,0.05337677334766847,0.9466232266523316,-0.0014531193452689964,0.0044041004224753336,,0.4889192289287737,11109.202004416815
sac_profit_only,2022-04-25,11105.433308913993,0.001095572681944601,0.03460743094462889,0.08901381839016866,0.9109861816098314,0.0010949729801651813,0.003313352752642072,,1.6876927513864766,11092.89590468082
sac_profit_only,2022-04-26,11072.976457826273,-0.0029226100580576064,0.011897567398347367,0.07442212786480802,0.9255778721351919,-0.0029268892224196615,0.0062262791726188935,,1.414485241765549,11105.301181272713
sac_profit_only,2022-04-27,11070.9514442729,-0.00018287888185131163,0.04263006959155184,0.11692834242529605,0.883071657574704,-0.00018289560623308045,0.006408019399497039,,2.7776511131524044,11072.50441606929
sac_profit_only,2022-04-28,11113.653191638296,0.0038570982431220813,0.008097294413516268,0.11226235537857891,0.8877376446214211,0.0038496787121470484,0.0025756375167425545,,2.329425508122001,11070.861799519618
sac_profit_only,2022-04-29,11070.761979570161,-0.0038593261215317254,0.027096854737709772,0.08164606243836434,0.9183539375616356,-0.003866792537000353,0.00642502341312634,,1.962649781419904,11113.352046592156
sac_profit_only,2022-05-02,11091.365135313566,0.001861042246362743,0.0317242369009301,0.11504536495190049,0.8849546350480995,0.0018593126528066834,0.004575938406769402,,2.635011256326345,11070.410768094447
sac_profit_only,2022-05-03,11092.401037587168,9.339718429268729e-05,0.014228876685909275,0.10091325480773344,0.8990867451922666,9.33928230472203e-05,0.004482968602239339,,2.3763922781649285,11091.207317646778
sac_profit_only,2022-05-04,11124.74318744177,0.0029157032589255394,0.01425799567534819,0.08932354390860309,0.9106764560913969,0.002911460840599877,0.0015803363494769033,,1.72093071753001,11092.242882181145
sac_profit_only,2022-05-05,11092.921144376902,-0.0028604743973588143,0.033184670808322325,0.05346264896227863,0.9465373510377214,-0.0028645733727901026,0.00443629023516881,,0.9288607664182716,11124.374016501268
sac_profit_only,2022-05-06,11079.754256889017,-0.0011869630475611626,0.04209933223889324,0.09452529241941526,0.9054747075805847,-0.0011876680461260132,0.005617987570152556,,2.085069107058948,11092.454139804146
sac_profit_only,2022-05-09,11039.016312377447,-0.003676791340948782,0.0005689411392028609,0.09061324140614666,0.9093867585938533,-0.003683567352651076,0.009274122743049791,,1.8588647966015772,11079.747953161008
sac_profit_only,2022-05-10,11055.000764047749,0.0014479960186650764,0.031142358569439282,0.12305276668002971,0.8769472333199703,0.0014469486833330663,0.007839555617193251,,2.727116275298084,11038.672531373193
sac_profit_only,2022-05-11,11018.925413393548,-0.0032632608015299436,0.01347689902713664,0.10667270787368335,0.8933272921263167,-0.0032685968488310054,0.011077233904176188,,2.3420846911819413,11054.851776918707
sac_profit_only,2022-05-12,11015.802812413564,-0.000283385254263524,0.009267743748325924,0.11569804672548752,0.8843019532745124,-0.00028342541545226267,0.01135748003369319,,2.238250561131708,11018.823292816434
sac_profit_only,2022-05-13,11061.656120395026,0.004162502612137464,0.0032908392364738442,0.1160894085599663,0.8839105914400337,0.00415386336377115,0.007242252961863297,,2.060078956372082,11015.766561177446
sac_profit_only,2022-05-16,11050.22656045608,-0.0010332593794768474,0.029493396444487785,0.0856782199463068,0.9143217800536932,-0.0010337935599458402,0.008268029215538798,,1.4839876916571286,11061.329874585734
sac_profit_only,2022-05-17,11074.37328937757,0.002185179533594539,0.0012639762481866795,0.08641175531119573,0.9135882446888043,0.0021827955011916988,0.006100916810169284,,1.2043219997061985,11050.21259323217
sac_profit_only,2022-05-18,11037.235370837248,-0.003353500696598677,0.018474023568336842,0.06481881994440745,0.9351811800555926,-0.0033591362828820285,0.00943395807799522,,0.9351460084910984,11074.168701144417
sac_profit_only,2022-05-19,11030.927858246658,-0.000571475770758334,0.03525654416844655,0.09959253129335165,0.9004074687066483,-0.0005716391252750129,0.010000042570289662,,1.8503752790209056,11036.8462360609
sac_profit_only,2022-05-20,11027.637616953254,-0.00029827421008321586,0.005337322324235436,0.09398980374539433,0.9060101962546057,-0.00029831870268296623,0.010295334025574438,,1.5291664185750724,11030.868982629143
sac_profit_only,2022-05-23,11044.997555359429,0.0015742209718141442,0.0007300830343908299,0.09614341769681115,0.9038565823031889,0.0015729831848432956,0.008737320184495174,,1.530332507264872,11027.62956586212
sac_profit_only,2022-05-24,11025.164892458255,-0.0017956240190881712,0.012267761568881458,0.08223894112184223,0.9177610588781577,-0.001797238084356108,0.010517255261597603,,1.3390121135349409,11044.862057962891
sac_profit_only,2022-05-25,11039.487279423616,0.0012990632888545406,0.01139769084379498,0.094822844827293,0.905177155172707,0.0012982202361805175,0.009231854552952853,,1.5079009564998824,11025.039231037308
sac_profit_only,2022-05-26,11064.879188274519,0.0023000985651056016,0.011395892465232454,0.08554074395262996,0.91445925604737,0.0022974573876047262,0.006952990163257848,,1.2939275980678984,11039.361474613708
sac_profit_only,2022-05-27,11089.45369651929,0.002220946819809111,0.01697501767241756,0.0706455841278763,0.9293544158721236,0.002218484163033338,0.0047474855648399995,,1.1217416198572123,11064.691361754754
sac_profit_only,2022-05-31,11087.747900084698,-0.00015382150295883967,0.020322336218330406,0.050196447349816264,0.9498035526501838,-0.00015383333469955892,0.004900576802434004,,0.78193854880351,11089.228332912791
sac_profit_only,2022-06-01,11083.398672496645,-0.0003922552737710694,0.0025024032818976027,0.052329492406818334,0.9476705075931817,-0.000392332225994905,0.005290909799109823,,0.8633653914719718,11087.720154067963
sac_profit_only,2022-06-02,11099.386275689034,0.0014424820097884705,0.00035648362162404856,0.05405082839259434,0.9459491716074057,0.0014414426320166233,0.0038560598315220897,,0.7636332585931843,11083.394721446546
sac_profit_only,2022-06-03,11088.452301641468,-0.0009850971734820524,0.01683726447352696,0.03628041717184997,0.9637195828281501,-0.000985582700589764,0.0048373584113632784,,0.5771355736797558,11099.199392386816
sac_profit_only,2022-06-06,11090.071987777037,0.0001460696309556475,0.010817504199609994,0.0472473976147198,0.9527526023852801,0.0001460589638258536,0.004691995371565649,,0.5847433241716076,11088.332352262127
sac_profit_only,2022-06-07,11094.440635208146,0.0003939241725323672,0.0014147636425518306,0.04620970494621474,0.9537902950537852,0.000393846604775389,0.0042999194894276,,0.631541481906686,11090.056297946396
sac_profit_only,2022-06-08,11091.279635646342,-0.0002849174343925176,0.007686388562852926,0.03825668923009737,0.9617433107699026,-0.0002849580310760464,0.0045836118017911045,,0.4296956319911874,11094.355359026536
sac_profit_only,2022-06-09,11079.08169897496,-0.0010997772188683363,0.0027025497759451123,0.03990594128769367,0.9600940587123064,-0.001100382417597114,0.005678348068819699,,0.4141778337631167,11091.249660911048
sac_profit_only,2022-06-10,11056.118317561066,-0.002072679129716981,0.018340313633265805,0.05630755534510174,0.9436924446548982,-0.0020748301018015955,0.007739257805003123,,0.8081842687611117,11078.878505141833
sac_profit_only,2022-06-13,11017.145693238457,-0.00352498256650402,0.01909530052800617,0.07214985575063508,0.927850144249365,-0.0035312099561512957,0.011236959622666841,,1.111947474026112,11055.907197659119
sac_profit_only,2022-06-14,11018.941536574084,0.0001630044101830208,0.03927292142526824,0.11160248691198443,0.8883975130880155,0.00016299112640767428,0.011075786886459335,,2.2610663702361435,11016.713017741316
sac_profit_only,2022-06-15,11047.88006851376,0.002626253333282813,0.006185592952939023,0.10776566089315055,0.8922343391068495,0.00262281075606684,0.008478621375405903,,1.9884957765763485,11018.873377886966
sac_profit_only,2022-06-16,11010.339779799524,-0.0033979630916907144,0.02414237083119987,0.0805210580600042,0.9194789419399958,-0.0034037492794970073,0.011847774424594585,,1.4060008819590597,11047.613346496246
sac_profit_only,2022-06-17,11024.386342495767,0.0012757610552596166,0.026586462043450387,0.10826889477129471,0.8917311052287052,0.0012749479635915442,0.010587128298537437,,1.9976200330633085,11010.047053818882
sac_profit_only,2022-06-21,11048.63614463833,0.002199650972779077,0.013144888499932408,0.09712191741805831,0.9028780825819417,0.0021972352823799585,0.008410765312819141,,1.646668201598336,11024.241428166515
sac_profit_only,2022-06-22,11047.14541047779,-0.00013492472202236705,0.014680706671293176,0.08233086490524268,0.9176691350947573,-0.00013493382518151015,0.008544555214669649,,1.4613449837240462,11048.473942851973
sac_profit_only,2022-06-23,11059.99748903005,0.0011633845735450343,0.003948730467681641,0.07945671950990908,0.9205432804900909,0.0011627083661207628,0.00739111124484908,,1.2251902060221345,11047.101788278127
sac_profit_only,2022-06-24,11087.294998197538,0.002468129779827244,0.00721207534487002,0.0745355016950064,0.9254644983049936,0.0024650889499363386,0.004941223686791328,,1.2332999117826624,11059.917723494844
sac_profit_only,2022-06-27,11082.762778721783,-0.00040877594368082804,0.021745217538207087,0.0524235349744241,0.9475764650255759,-0.0004088595153423933,0.00534797977709661,,0.8948603384590061,11087.053902555892
sac_profit_only,2022-06-28,11064.364046364848,-0.0016601214628774175,0.0020005124956686757,0.0528535609746875,0.9471464390253125,-0.0016615009915146453,0.00699922294396299,,0.8369780813194766,11082.740607516358
sac_profit_only,2022-06-29,11064.885039309329,4.7087473107110256e-05,0.016525291869550783,0.06943804944113657,0.9305619505588634,4.7086364526848474e-05,0.006952465046577987,,1.0857298341303832,11064.181204519631
sac_profit_only,2022-06-30,11055.66144944736,-0.0008335911154251363,0.002424904948033546,0.06623703038215896,0.933762969617841,-0.0008339387457000925,0.007780260648910033,,1.0410010570893526,11064.858208014848
sac_profit_only,2022-07-01,11060.879144166725,0.00047194776569670083,0.006204547529217994,0.07288488289975197,0.9271151171002481,0.00047183643337724343,0.007311984759843137,,1.132552366241277,11055.59285407043
sac_profit_only,2022-07-05,11072.262042659202,0.0010291133592648105,0.012066568347444837,0.06179516638031032,0.9382048336196896,0.0010285841851340287,0.006290396261777317,,0.7587429282238657,11060.745677312549
sac_profit_only,2022-07-06,11076.142803176852,0.00035049391919184103,0.006170562155151625,0.0559613113720819,0.9440386886279181,0.00035043251054663125,0.005942107088224612,,0.9054324393983412,11072.19372057807
sac_profit_only,2022-07-07,11087.756053608235,0.0010484922989664192,0.006652772935192251,0.05031060518818523,0.9496893948118148,0.0010479430148291867,0.004899845042779874,,0.7503615822287254,11076.069116113784
sac_profit_only,2022-07-08,11088.121665005578,3.2974336337865395e-05,0.01336550058918621,0.03698973093427973,0.9630102690657203,3.2973792696387715e-05,0.004867032275580537,,0.6249605595354227,11087.607860198168
sac_profit_only,2022-07-11,11080.867473236967,-0.000654230895707486,0.006679815391677189,0.02968158060471138,0.9703184193952886,-0.0006544449981266396,0.005518079008402945,,0.3558884717944307,11088.047598399815
sac_profit_only,2022-07-12,11075.953016552734,-0.000443508298975992,0.01459489530166069,0.043866371391926,0.956133628608074,-0.0004436066778706017,0.005959139993544267,,0.6318556944192438,11080.705749136343
sac_profit_only,2022-07-13,11074.688398899823,-0.00011417687047066138,0.007761860610332301,0.0515272994870569,0.9484727005129431,-0.00011418338914572929,0.006072636468059817,,0.8318379949970478,11075.867046549292
sac_profit_only,2022-07-14,11076.654876768376,0.00017756507431387902,0.0014071842069055332,0.05029008724735806,0.9497099127526419,0.00017754931150199327,0.005896149681891749,,0.7386076448685983,11074.672814773212
sac_profit_only,2022-07-15,11085.885101844564,0.0008333043846608934,0.004123309636579253,0.04696487890564012,0.9530351210943598,0.0008329573793228117,0.005067758584613289,,0.6547746047027228,11076.609204290582
sac_profit_only,2022-07-18,11082.919252053549,-0.00026753387427058684,0.017408008445129866,0.02931407257584108,0.9706859274241589,-0.0002675696678416655,0.00533393666179586,,0.247388694949008,11085.69211866309
sac_profit_only,2022-07-19,11095.285449686064,0.0011157888414845551,0.007202355417933334,0.03759720564385554,0.9624027943561445,0.0011151668117747064,0.0042240993673198085,,0.4417388130979574,11082.839428930027
sac_profit_only,2022-07-20,11098.879333608678,0.0003239109024200104,0.01615073919793269,0.021779127214504552,0.9782208727854954,0.0003238584546089634,0.00390155669673785,,0.29130534080969,11095.106252624439
sac_profit_only,2022-07-21,11102.29259420918,0.00030753200371913536,0.00033266076858170027,0.021747635881973718,0.9782523641180263,0.0003074847254452861,0.0035952245465672196,,0.1729648417697721,11098.875641446948
sac_profit_only,2022-07-22,11098.113999260358,-0.0003763722594558594,0.000301169436050866,0.021078322192632143,0.9789216778073678,-0.00037644310527152746,0.003970243663237198,,0.0257702530926703,11102.28925053798
sac_profit_only,2022-07-25,11096.754284162402,-0.00012251767264670477,0.00036814425329070866,0.021326921946977693,0.9786730780530223,-0.00012252517854983693,0.004092274910870401,,0.0069057628723514,11098.109913553468
sac_profit_only,2022-07-26,11092.076776753875,-0.0004215203192525774,0.0001195444989451587,0.02103392933597087,0.9789660706640291,-0.0004216091839154002,0.004512070253096044,,0.0641696281753185,11096.752957606472
sac_profit_only,2022-07-27,11107.147531265367,0.0013586954737887513,0.011386944305996904,0.03374473806251013,0.9662552619374899,0.0013577732823172465,0.003159505308737588,,0.3086476332459689,11091.95047189338
sac_profit_only,2022-07-28,11109.340121353998,0.00019740352619423973,0.01229827161658728,0.021651630381078993,0.978348369618921,0.0001973840446819334,0.002962725480032377,,0.0336110239375911,11107.010932548143
sac_profit_only,2022-07-29,11113.68290906093,0.0003909132009185523,0.00020516393515614129,0.021829047148041358,0.9781709528519587,0.00039083681425961333,0.0025729704476146454,,-0.1405821009893909,11109.337842118062
sac_profit_only,2022-08-01,11113.5350988241,-1.329984290887598e-05,0.0003825807021185061,0.021433826045231478,0.9785661739547685,-1.3299931352570874e-05,0.002586236070420723,,-0.3320774923526572,11113.678657180319
sac_profit_only,2022-08-02,11112.824310705993,-6.395697784611354e-05,1.2640400691373704e-05,0.021383889486331728,0.9786161105136683,-6.395902318083056e-05,0.0026500276404237584,,-0.050933534019929,11113.534958344564
sac_profit_only,2022-08-03,11119.313986616535,0.0005839807891401261,6.257695959112353e-05,0.022017650585004288,0.9779823494149957,0.0005838103387157042,0.0020675944165163595,,0.151685938430985,11112.823615299236
sac_profit_only,2022-08-04,11120.42282798523,9.972210246345092e-05,0.0005711841390814362,0.021544599009933843,0.9784554009900661,9.971713054512841e-05,0.0019680784989152492,,-0.2258746170516185,11119.307635440748
sac_profit_only,2022-08-05,11118.473503053372,-0.00017529233933022415,9.813256401099146e-05,0.02127499947898774,0.9787250005210123,-0.00017530770482800033,0.0021430258491613834,,-0.3255979134808168,11120.421736709626
sac_profit_only,2022-08-08,11117.70083656297,-6.949393639243961e-05,0.00017146696693511043,0.02137862598401109,0.9786213740159889,-6.949635120791461e-05,0.002212370858251765,,-0.3843515708456047,11118.471596602443
sac_profit_only,2022-08-09,11115.001315150423,-0.0002428129207856511,6.784046191176188e-05,0.021208869698259063,0.9787911303017409,-0.00024284240461570116,0.0024546465868074924,,-0.3628127454268405,11117.700082333009
sac_profit_only,2022-08-10,11121.65201708549,0.0005983536795448607,0.00023759674766378816,0.022031869776256718,0.9779681302237433,0.0005981747373588671,0.0018577616540798017,,-0.2758938046126559,11114.99867426226
sac_profit_only,2022-08-11,11120.29164683006,-0.00012231728284073373,0.0005854033303338661,0.02132733071272245,0.9786726692872776,-0.00012232476420964786,0.001979851700562846,,-0.6677997799058171,11121.64550643336
sac_profit_only,2022-08-12,11124.933880840614,0.0004174561385608122,0.00011913573320040255,0.02185491569646102,0.978145084303539,0.0004173690279893865,0.001563222063247975,,-0.5844353283642059,11120.29032200596
sac_profit_only,2022-08-15,11126.857459166566,0.00017290694457661182,0.0004084492505381683,0.021616035517301707,0.9783839644826983,0.0001728919978937691,0.0013905854106221116,,-0.7186028044930198,11124.929336869707
sac_profit_only,2022-08-16,11126.296716744693,-5.039539905404844e-05,0.00016956907137885557,0.021397315305526125,0.9786026846944739,-5.039666894483596e-05,0.0014409107305694913,,-0.643424960724028,11126.85557239568
sac_profit_only,2022-08-17,11123.574456718934,-0.0002446690120767592,4.9151140396726245e-05,0.0212070342349836,0.9787929657650164,-0.0002446989484225915,0.001685227196441343,,-0.6984959953479226,11126.29616987452
sac_profit_only,2022-08-18,11124.145526149226,5.1338662092392795e-05,0.00023943221093924993,0.02149693578132914,0.9785030642186708,5.1337344308382064e-05,0.0016339750516585897,,-0.6601223094973319,11123.571793376908
sac_profit_only,2022-08-19,11119.493465291154,-0.0004181948939032676,5.046933540628698e-05,0.02103711855452786,0.9789628814454722,-0.00041828236177450577,0.0020514866255384643,,-0.7240709405322424,11124.144964720996
sac_profit_only,2022-08-22,11113.210567108923,-0.0005650345676125879,0.00040934789139498995,0.020893638074891408,0.9791063619251086,-0.0005651942598011242,0.002615362032292584,,-0.5210626534907583,11119.48891354995
sac_profit_only,2022-08-23,11112.881858333632,-2.957820094429131e-05,0.006731803476317088,0.02760322563845174,0.9723967743615483,-2.9578638387902745e-05,0.002644862875533179,,0.0963959823881194,11113.135755159394
sac_profit_only,2022-08-24,11113.753221002811,7.841014421705594e-05,0.00040061943727986646,0.027279267095666356,0.9727207329043337,7.840707030238088e-05,0.002566660115395652,,0.1517433401755043,11112.877406297155
sac_profit_only,2022-08-25,11117.902866979246,0.00037337935204395656,0.005832800649743505,0.021817407336238635,0.9781825926637614,0.00037330966332003757,0.002194239101242465,,-0.1044849307339439,11113.688396695803
sac_profit_only,2022-08-26,11108.12554042478,-0.0008794218362443429,0.00037094089031578306,0.020585510943030863,0.9794144890569692,-0.0008798087544869075,0.0030717312757072776,,-0.3127380609585847,11117.898742894458
sac_profit_only,2022-08-29,11103.163347276319,-0.0004467174169398014,0.022462632443809957,0.04264197053865488,0.9573580294613451,-0.0004468172248901734,0.003517076496786068,,0.4241684437972159,11107.876022683626
sac_profit_only,2022-08-30,11096.95751304252,-0.0005589248793066437,0.006925728893718168,0.04904276821281623,0.9509572317871837,-0.0005590811360435623,0.004074035594536261,,0.5459400559912172,11103.086449777113
sac_profit_only,2022-08-31,11093.3645274846,-0.0003237811403438151,0.00567536857459832,0.054417339778379176,0.9455826602216209,-0.00032383356877443303,0.004396497638989473,,0.5399917172246588,11096.894533718578
sac_profit_only,2022-09-01,11093.615071327105,2.2585018448095795e-05,0.0018638692136252188,0.05630428134562052,0.9436957186543795,2.2584763410406656e-05,0.004374011915521627,,0.4669696717099568,11093.343850903982
sac_profit_only,2022-09-02,11084.939068074375,-0.0007820717770490315,0.001021092525735269,0.054544739587529,0.945455260412471,-0.0007823777547226632,0.005152662901299068,,0.3996118687200717,11093.603743719672
sac_profit_only,2022-09-06,11079.981280153177,-0.0004472544134659362,0.006782360212580864,0.06091345561623868,0.9390865443837613,-0.00044735446155352984,0.0055976127635413144,,0.3759336506142725,11084.863886024681
sac_profit_only,2022-09-07,11095.555251013022,0.0014055954126692694,0.009117710460421473,0.07134495852946819,0.9286550414705318,0.0014046084881400268,0.004199885329694363,,0.6577104995912809,11079.880256091958
sac_profit_only,2022-09-08,11098.163323983094,0.00023505565166126452,0.021800147280688895,0.04978888380501086,0.9502111161949891,0.00023502803040984497,0.003965816884816069,,0.1975666777226014,11095.31336627439
sac_profit_only,2022-09-09,11108.431349078734,0.0009252003954069998,0.007142118096087523,0.04353852177662612,0.9564614782233739,0.0009247726613273313,0.0030442856647590645,,-0.0141139881706934,11098.084059589984
sac_profit_only,2022-09-12,11111.88950738468,0.0003113093286779556,0.016000103006789695,0.02785661555969504,0.9721433844403049,0.00031126088198323915,0.002733924050607768,,-0.1829840502824177,11108.253613032904
sac_profit_only,2022-09-13,11096.15919579901,-0.0014156288698889963,0.0020791564151027564,0.024398394907959496,0.9756016050920405,-0.0014166318190852658,0.004145682698682632,,0.0328623200643394,11111.866404028327
sac_profit_only,2022-09-14,11101.340243609691,0.00046692262784442384,0.03943114629840037,0.06430335341776804,0.935696646582232,0.0004668136533946653,0.003680695783898155,,0.7141363742818002,11095.72166152241
sac_profit_only,2022-09-15,11091.197826332182,-0.0009136209732286682,0.010046079743756806,0.053401942842620495,0.9465980571573795,-0.0009140385792451482,0.004590953996262609,,0.4847760263624702,11101.22871866034
sac_profit_only,2022-09-16,11087.018678078426,-0.0003767986397135159,0.007064585096222278,0.06011901947805379,0.9398809805219462,-0.0003768696461582756,0.004966022770755353,,0.5015738728030542,11091.119471621318
sac_profit_only,2022-09-19,11091.090585384503,0.00036726801174502555,0.0015641584699442601,0.062029132319850494,0.9379708676801495,0.0003672005853573317,0.004600578620319674,,0.5023565770344456,11087.001336224253
sac_profit_only,2022-09-20,11086.096269197202,-0.0004502998283940629,0.006331214381618072,0.055278488582683555,0.9447215114173164,-0.0004504012438078271,0.0050488068089504885,,0.3888168052920775,11091.02036531228
sac_profit_only,2022-09-21,11073.23043413256,-0.0011605379163438512,0.00903039317696,0.06323017451697348,0.9367698254830266,-0.0011612118619482312,0.006203485393560301,,0.6718287861658783,11085.996157389094
sac_profit_only,2022-09-22,11062.984595840722,-0.0009252799671047862,0.011051279569330233,0.07343435182829644,0.9265656481717035,-0.0009257083028542576,0.0071230253999041695,,0.8363724335067033,11073.108060767298
sac_profit_only,2022-09-23,11049.31718719661,-0.0012354178500122437,0.002302409264843208,0.07459562804579248,0.9254043719542075,-0.0012361816077490722,0.008349643337191324,,0.7011433702337387,11062.959124322491
sac_profit_only,2022-09-26,11045.014408966868,-0.0003894157581725288,0.015718164182906252,0.08997371224906596,0.9100262877509341,-0.00038949160017890603,0.008735807612673264,,1.2125229680918972,11049.143512214952
sac_profit_only,2022-09-27,11045.339769588338,2.9457690992718e-05,0.011049961762164509,0.10106008835939582,0.8989399116406042,2.945725712345919e-05,0.00870660725840178,,1.671057336516146,11044.892361979986
sac_profit_only,2022-09-28,11067.815145185588,0.0020348288116163182,0.0012984912762242923,0.10418258031070535,0.8958174196892946,0.0020327613516130864,0.006689494902086222,,1.72230389691595,11045.325427311003
sac_profit_only,2022-09-29,11041.72770238652,-0.0023570544372901736,0.023222544986608668,0.07881008298954426,0.9211899170104557,-0.002359836662864922,0.009030781835734242,,1.225634194928241,11067.558122350476
sac_profit_only,2022-09-30,11023.23161942076,-0.0016751076882437488,0.018867147845416682,0.09618025969628186,0.9038197403037181,-0.0016765122498744965,0.010690761991894056,,1.544554640243038,11041.51937647749
sac_profit_only,2022-10-03,11049.513945292276,0.0023842668628328845,0.005693018921577031,0.10401465982643743,0.8959853401735626,0.0023814290085025355,0.008331984758616918,,1.4873554313287944,11023.168863954574
sac_profit_only,2022-10-04,11078.156347205086,0.0025921865934215305,0.020901585523764088,0.08550278611073142,0.9144972138892686,0.002588832672496249,0.005761396224383357,,1.1752781306362612,11049.282992931552
sac_profit_only,2022-10-05,11077.541982583502,-5.545729833822399e-05,0.021352810334059058,0.06411805732063619,0.9358819426793639,-5.545883615104904e-05,0.005816534011252297,,0.964158015067476,11077.919797433753
sac_profit_only,2022-10-06,11072.091653583408,-0.0004920160996603196,0.0018592177133974208,0.06179897306224356,0.9382010269377564,-0.0004921371792985318,0.006305688282534834,,0.8546461573225558,11077.521387021226
sac_profit_only,2022-10-07,11041.417909953449,-0.0027703657619227995,0.0106280613158082,0.06986006485026929,0.9301399351497307,-0.002774210327360212,0.009058584981534378,,1.2347919559628366,11071.973978714419
sac_profit_only,2022-10-10,11031.416487723833,-0.0009058095899621144,0.018868601455272707,0.08791968962920568,0.9120803103707943,-0.0009062200833733809,0.009956189218348782,,1.388676280273794,11041.209573839404
sac_profit_only,2022-10-11,11017.152005570744,-0.0012930780166774403,0.005782507445684454,0.09253401343056813,0.9074659865694319,-0.0012939147634530687,0.01123639310561807,,1.5888020029971168,11031.352698475856
sac_profit_only,2022-10-12,11016.663180943886,-4.4369418395140414e-05,0.009441427548435771,0.10194407339366476,0.8980559266063353,-4.437040274690163e-05,0.011280263971786282,,1.8012870788684383,11017.047987928294
sac_profit_only,2022-10-13,11042.713159595924,0.002364597902666077,0.0010727488544801933,0.10299334912378044,0.8970066508762196,0.002361806640321532,0.008942339357649485,,1.770574000229859,11016.651362831079
sac_profit_only,2022-10-14,11015.311642415621,-0.002481411658917465,0.0211390057094738,0.07958983558762432,0.9204101644123757,-0.002484495463343108,0.011401561391426835,,1.4403821838964752,11042.479727619395
sac_profit_only,2022-10-17,11048.619382478924,0.0030237673834889733,0.0123552165592873,0.09469370700327097,0.905306292996729,0.0030192049936508827,0.008412269677394092,,1.44466259855168,11015.17554585481
sac_profit_only,2022-10-18,11054.746389699212,0.0005545495783847443,0.02180867053476511,0.07341909066590395,0.9265809093340961,0.000554395872589665,0.007862385119612148,,1.3088618186108631,11048.378426778947
sac_profit_only,2022-10-19,11052.021230154105,-0.0002465148859178701,0.008019086279002094,0.065177051252339,0.934822948747661,-0.0002465452757068191,0.00810696181055916,,1.131349809748192,11054.657740734121
sac_profit_only,2022-10-20,11048.222768759799,-0.00034368929584960295,0.0018297751484178393,0.06668776414333022,0.9333122358566698,-0.0003437483705515933,0.00844786483041259,,1.1745698471454054,11052.001007440318
sac_profit_only,2022-10-21,11065.101267599328,0.0015277116684553338,0.0014711036437574654,0.0666439346146623,0.9333560653853377,0.0015265459041345054,0.006933059063632132,,1.0149045435710684,11048.206515679027
sac_profit_only,2022-10-24,11071.36940011957,0.0005664776461284937,0.013889174826149112,0.05330419825263131,0.9466958017473687,0.0005663172582346246,0.006370508840482486,,0.951683440069362,11064.947582473353
sac_profit_only,2022-10-25,11082.441543887018,0.0010000699432293203,0.004729750620795371,0.04952948463177819,0.9504705153682218,0.0009995702064370564,0.005376809851667699,,0.977075355560386,11071.317035303278
sac_profit_only,2022-10-26,11073.799275460518,-0.0007798162879791848,0.014912179829837273,0.03387830332706073,0.9661216966729392,-0.0007801205028654478,0.006152433215747149,,0.6941810993608485,11082.276280525763
sac_profit_only,2022-10-27,11065.716285997136,-0.00072992017123652,0.0058906309228171985,0.03907319075553749,0.9609268092444625,-0.0007301866926655123,0.00687786260187727,,0.451286305536192,11073.734043796074
sac_profit_only,2022-10-28,11081.46851925875,0.0014235168202845205,0.007697858743974231,0.04813338545779152,0.9518666145422084,0.0014225045807285243,0.0054641365346941,,0.4674180445892433,11065.631103676265
sac_profit_only,2022-10-31,11077.77526390689,-0.0003332821228018146,0.02130247382143898,0.026527201464595584,0.9734727985354044,-0.0003333376736315794,0.005795597558472349,,0.1281873335430924,11081.232456565715
sac_profit_only,2022-11-01,11074.045816244168,-0.0003366603468543117,0.005849087903080197,0.03205608074822549,0.9679439192517745,-0.0003367170296711452,0.0061303067574424155,,0.147880197791159,11077.7104690256
sac_profit_only,2022-11-02,11060.521423420993,-0.0012212693578833589,0.0034719830258833975,0.03435209620889603,0.965647903791104,-0.0012220157150362428,0.007344089359528513,,0.1266596369249917,11074.007367345066
sac_profit_only,2022-11-03,11049.982930408774,-0.0009528025496069459,0.01372083794179977,0.04717814429426096,0.9528218557057391,-0.0009532567544908485,0.008289894442069195,,0.1298591553747276,11060.36966379899
sac_profit_only,2022-11-04,11059.050899109203,0.0008206319193013734,0.004094844025136012,0.05205478730781642,0.9479452126921836,0.0008202953850291437,0.007476065474754643,,0.0049088258900947,11049.937682452193
sac_profit_only,2022-11-07,11063.807175171123,0.0004300799503782482,0.011857772499161638,0.040621005604400885,0.9593789943955991,0.000429987492504958,0.007049200830244723,,-0.161576694434182,11058.919763399585
sac_profit_only,2022-11-08,11066.508465993315,0.00024415563100688153,0.006257855007782233,0.03460490006180863,0.9653950999381914,0.00024412582987145003,0.006806766301314734,,-0.2120219917942902,11063.737939469987
sac_profit_only,2022-11-09,11057.364340246286,-0.000826288234914152,0.0011519263389482073,0.03496053638285083,0.9650394636171492,-0.0008266297992043953,0.0076274301853163536,,0.0349727644108438,11066.495718190732
sac_profit_only,2022-11-10,11095.40407789805,0.0034402174407248687,0.011822910882774172,0.05006270789985776,0.9499372921001422,0.0034343134295517948,0.004213452762942887,,0.1466916431499088,11057.233610013092
sac_profit_only,2022-11-11,11099.471076864354,0.00036654807141323076,0.02861624145393491,0.021833014192282535,0.9781669858077174,0.0003664809090805502,0.0038484491245139247,,-0.4112346948645904,11095.086569135929
sac_profit_only,2022-11-14,11097.38361808624,-0.0001880683109725112,0.00038654774635968336,0.021262775246840646,0.9787372247531594,-0.00018808599803492594,0.004035793664159761,,-0.6372142368483097,11099.466786388824
sac_profit_only,2022-11-15,11100.67509628064,0.00029659947855065205,0.0001836911990822053,0.021736798553029152,0.9782632014469709,0.0002965555016207885,0.003740391199905516,,-0.3832722323780335,11097.381579594536
sac_profit_only,2022-11-16,11097.422348201708,-0.0002930225459910618,0.0002903321071063003,0.021159928341516736,0.9788400716584833,-0.00029306548548565625,0.0040323177269442215,,-0.2143042485518335,11100.671873398249
sac_profit_only,2022-11-17,11096.893869073754,-4.762179102246744e-05,0.0002865381044061151,0.02140014416096808,0.978599855839032,-4.7622924975958274e-05,0.004079747491774521,,-0.3186477857824856,11097.419168367343
sac_profit_only,2022-11-18,11096.901719267806,7.074226484604651e-07,4.6322284954773e-05,0.02144720402516913,0.9785527959748309,7.074223982371813e-07,0.004079042955231744,,-0.3672624092944041,11096.893355040274
sac_profit_only,2022-11-21,11094.453473682252,-0.00022062424697366634,7.375792462800679e-07,0.021230526889717927,0.9787694731102821,-0.0002206485880830678,0.004298767266425027,,-0.5570648419748447,11096.90171108296
sac_profit_only,2022-11-22,11097.878026996208,0.00030867255625355305,0.0002159395562049242,0.021748637103182297,0.9782513628968177,0.0003086249266811035,0.003991421621652441,,-0.7361085110098488,11094.451077950893
sac_profit_only,2022-11-23,11100.26351100951,0.0002149495613035235,0.0003021706572594457,0.021657056522592016,0.978342943477408,0.0002149264629564983,0.0037773300146754884,,-0.982864703541395,11097.87467354311
sac_profit_only,2022-11-25,11098.695093647808,-0.00014129550709740535,0.00021059007666916416,0.021308387791947634,0.9786916122080523,-0.00014130549024796225,0.003918091802012987,,-1.19869807487687,11100.261173404167
sac_profit_only,2022-11-28,11095.200942833388,-0.0003148253722565775,0.00013807865397521754,0.021138431105462593,0.9788615688945375,-0.0003148749401678495,0.004231683659559486,,-1.1691166224702634,11098.693561154929
sac_profit_only,2022-11-29,11093.396332407588,-0.00016264783622188528,0.00030803534046025885,0.02128758241799064,0.9787124175820093,-0.00016266106481561997,0.004393643221590597,,-0.7731840153922894,11095.197525119387
sac_profit_only,2022-11-30,11104.240049461694,0.0009774929813359812,0.00015888402793221013,0.022402216894005417,0.9775977831059945,0.0009770155461727176,0.003420444995666318,,-0.8445744561098272,11093.394569844097
sac_profit_only,2022-12-01,11104.521693593568,2.5363656640964294e-05,0.0009557504480825658,0.021472220741507796,0.9785277792584922,2.536333498886403e-05,0.003395168094017756,,-1.1344074759529124,11104.229436579291
sac_profit_only,2022-12-02,11103.57274251782,-8.545627645506482e-05,2.575429558494477e-05,0.021362860961977065,0.978637139038023,-8.54599280506936e-05,0.003480334232049521,,-1.2922182733203118,11104.521407604434
sac_profit_only,2022-12-05,11099.575151606843,-0.00036002744374963314,8.360548394578671e-05,0.021094115275015576,0.9789058847249844,-0.00036009226918951807,0.003839108659962143,,-1.4561488778144311,11103.571814198247
sac_profit_only,2022-12-06,11094.63881544634,-0.00044473199136707553,0.0003523511709072752,0.021011423701343214,0.9789885762986568,-0.00044483091396959945,0.004282133276889818,,-1.0650943966094994,11099.571240658543
sac_profit_only,2022-12-07,11093.662566073652,-8.799289358829565e-05,0.0004350427445796376,0.021360778861690813,0.9786392211383091,-8.799676519007397e-05,0.004369749373180379,,-0.7383383577221311,11094.63398880422
sac_profit_only,2022-12-08,11096.47734150355,0.00025372823566005565,8.56875842320387e-05,0.021694773954752736,0.9783052260452473,0.00025369605209507443,0.004117129866318967,,-0.6239226376501441,11093.661615484507
sac_profit_only,2022-12-09,11094.957082140896,-0.00013700378199921204,0.00024830750882988417,0.021312625556419423,0.9786873744435806,-0.00013701316787462982,0.004253569585955511,,-0.7159079530461435,11096.474586164904
sac_profit_only,2022-12-12,11097.94215662434,0.00026904786213632903,0.0001338408895034289,0.021709804302099612,0.9782901956979004,0.00026901167525079293,0.0039856661376227705,,-0.5949742747398588,11094.955597181972
sac_profit_only,2022-12-13,11100.497877342159,0.0002302878030675526,0.00026333785617676034,0.021672021137044396,0.9783279788629556,0.00023026129090163928,0.0037562961848538845,,-0.108280319511607,11097.939234116044
sac_profit_only,2022-12-14,11098.73040446762,-0.00015922464866613417,0.00022555469112154475,0.02129085254311272,0.9787091474568873,-0.0001592373262562467,0.003914922738579677,,-0.6706728289045408,11100.495373572789
sac_profit_only,2022-12-15,11090.736519845754,-0.0007202521667386552,0.0001556139028101311,0.02074130552596457,0.9792586944740355,-0.0007205116729445877,0.004632355173733303,,-0.99175622944707,11098.728677350866
sac_profit_only,2022-12-16,11088.397977025232,-0.0002108555023678793,0.0012432716529905095,0.021779529949167306,0.9782204700508327,-0.00021087773551469453,0.004842233918523889,,-0.6107970769967433,11090.722731047428
sac_profit_only,2022-12-19,11083.95527906239,-0.0004006618424092778,0.0024870706596583775,0.023877932460738306,0.9761220675392617,-0.00040074212881110717,0.005240955662570012,,-0.661907577685417,11088.37039939596
sac_profit_only,2022-12-20,11083.619734199672,-3.0273025672600262e-05,0.006570265857743139,0.030425216569271125,0.9695747834307289,-3.0273483909890125e-05,0.005271070028657302,,-0.7090496312935853,11083.88245452945
sac_profit_only,2022-12-21,11087.915835172462,0.0003876081168261436,0.003466035737361945,0.027339564505875588,0.9726604354941244,0.0003875330162058088,0.004885505021358677,,-0.9228692677723788,11083.581317977574
sac_profit_only,2022-12-22,11082.032791449445,-0.00053058156379171,0.005893098059952737,0.020932758129604143,0.9790672418703958,-0.0005307223719986563,0.005413494426256288,,-1.2444585237730037,11087.850492997164
sac_profit_only,2022-12-23,11082.710568795948,6.11600199402762e-05,0.011272346698276717,0.03227520021552372,0.9677247997844762,6.115814974251049e-05,0.00535266549574308,,-0.8147481318063508,11081.907870933697
sac_profit_only,2022-12-27,11078.479325147695,-0.0003817877965852645,0.005672335950081826,0.02623661472374865,0.9737633852762514,-0.00038186069610142946,0.005732409709962921,,-1.0745964053966588,11082.647703938364
sac_profit_only,2022-12-28,11073.22911187456,-0.00047391100520599583,0.008978524665289436,0.03476636689238106,0.9652336331076189,-0.0004740233365178554,0.006203604063121067,,-0.902500771192736,11078.37985674782
sac_profit_only,2022-12-29,11084.644476647913,0.0010308975510233687,0.007848808354811325,0.04360863109722552,0.9563913689027744,0.0010303665410562643,0.005179101792333826,,-0.7974663145748441,11073.142200221391
sac_profit_only,2022-12-30,11084.274472483195,-3.337988561535887e-05,0.018003906213192318,0.025589742102229918,0.97441025789777,-3.3380442736138504e-05,0.005212308800123738,,-0.9710910182648248,11084.444909748348
