baseline,date,portfolio_value,daily_returns,turnover,weight_spy,weight_cash,reward,drawdown,lambda_rrc,vix_zscore_t,nav_after_cost
ppo_profit_only_seed_19,2020-01-02,10000.0,0.0,0.0,0.0,1.0,0.0,0.0,,,10000.0
ppo_profit_only_seed_19,2020-01-03,10013.232521674237,0.001323252167423794,0.20138652622699738,-0.19955726641509197,1.199557266415092,0.0013223774408453607,0.0,,-1.121252637682178,9997.98613473773
ppo_profit_only_seed_19,2020-01-06,10007.209941327175,-0.0006014621486144511,0.05677632171008251,-0.1434037758982342,1.1434037758982343,-0.0006016430995329491,0.0006014621486144329,,-0.5150265874899304,10012.664007163228
ppo_profit_only_seed_19,2020-01-07,10009.232799494352,0.00020214007490970687,0.052748612967745606,-0.09037722344979011,1.0903772234497902,0.0002021196473575362,0.00039944365330857513,,-0.577966289820798,10006.682074883094
ppo_profit_only_seed_19,2020-01-08,10009.542655099374,3.095697854460511e-05,0.1184060673741933,0.02817401600273088,0.9718259839972692,3.095649938723362e-05,0.0003684990403324982,,-0.5971291346020252,10008.047645601131
ppo_profit_only_seed_19,2020-01-09,10018.527081287106,0.0008975860833315696,0.12224797594158217,0.15128764353611596,0.8487123564638841,0.0008971834938308857,0.0,,-0.7317163457422727,10008.319008769688
ppo_profit_only_seed_19,2020-01-10,10015.010605019277,-0.00035099733117427423,0.044921947940374685,0.10609208009523932,0.8939079199047607,-0.00035105894515550373,0.00035099733117424707,,-1.1033644571672967,10018.077029535121
ppo_profit_only_seed_19,2020-01-13,10016.485120767155,0.00014723057279031337,0.07393163404745642,0.032374464069403794,0.9676255359305962,0.0001472197354332451,0.00020381843592211772,,-1.0880230504530377,10014.270178920246
ppo_profit_only_seed_19,2020-01-14,10017.190732612888,7.044505504927301e-05,0.2284922824249641,-0.19576027926649642,1.1957602792664965,7.04425739129044e-05,0.0001333877388737426,,-1.17942901770067,10014.196431220034
ppo_profit_only_seed_19,2020-01-15,9998.268426894983,-0.0018889832711579402,0.44395652476106096,-0.6420907229590421,1.642090722959042,-0.0018907696500383275,0.002022119042824387,,-1.14220809996923,10012.743535427368
ppo_profit_only_seed_19,2020-01-16,9911.550269005078,-0.00867331763734569,0.3579092770409579,-1.0167763230996394,2.0167763230996396,-0.008711149769006674,0.010677898199411189,,-1.1213026307072285,9994.689953870651
ppo_profit_only_seed_19,2020-01-17,9880.534500344194,-0.0031292550427630683,0.01677632309963939,-1.0062444980663907,2.0062444980663905,-0.0031341613994923414,0.013773739375387622,,-1.1555691481782835,9911.383989635347
ppo_profit_only_seed_19,2020-01-21,9899.820740233476,0.0019519429731873483,0.0062444980663907135,-0.9960912547054045,1.9960912547054046,0.0019500404078990582,0.011848681955988658,,-1.2387623873728912,9880.472801365611
ppo_profit_only_seed_19,2020-01-22,9898.586524013957,-0.00012467056241760588,0.003908745294595506,-1.0002415537488876,2.0002415537488876,-0.0001246783344381408,0.011971875336562885,,-0.9143686757330924,9899.78204435574
ppo_profit_only_seed_19,2020-01-23,9887.231714475556,-0.0011471142380636845,0.00024155374888756853,-1.0022963795783397,2.0022963795783397,-0.0011477726771860276,0.013105256465971625,,-0.8850059128587179,9898.584132973274
ppo_profit_only_seed_19,2020-01-24,9975.136741353768,0.008890762289864629,0.0022963795783397245,-0.9823706212766611,1.9823706212766612,0.008851472170498786,0.004331009896093741,,-0.8491585386417684,9887.20900963856
ppo_profit_only_seed_19,2020-01-27,10134.853625608324,0.01601149822763026,0.017629378723338918,-0.9684469562907199,1.9684469562907199,0.015884666245431046,0.0,,-0.1627746539082402,9974.960885890338
ppo_profit_only_seed_19,2020-01-28,10165.46792807722,0.003020695078569391,1.3899265688796023,0.42402356263570185,0.5759764373642982,0.0030161419459696624,0.0,,1.4216818453097495,10120.766923282386
ppo_profit_only_seed_19,2020-01-29,10151.220757434401,-0.0014015262989978128,0.5759764373642982,1.0,0.0,-0.0014025093556083571,0.0014015262989977777,,0.5866366623582641,10159.612858075865
ppo_profit_only_seed_19,2020-01-30,10184.165063908247,0.003245354156022895,0.0,1.0,0.0,0.0032400993602699547,0.0,,0.6428733357594455,10151.220757434401
ppo_profit_only_seed_19,2020-01-31,9999.241977338914,-0.0181579035108812,0.0,1.0,0.0,-0.018324781429622888,0.018157903510881222,,0.2542215121852175,10184.165063908247
ppo_profit_only_seed_19,2020-02-03,10073.521742453766,0.0074285396116215985,0.0,1.0,0.0,0.007401083897971815,0.010864250604754157,,1.7092973316129427,9999.241977338914
ppo_profit_only_seed_19,2020-02-04,10227.055071933448,0.015241276427947925,0.0,1.0,0.0,0.015126295011474165,0.0,,1.3230229086231358,10073.521742453766
ppo_profit_only_seed_19,2020-02-05,10345.157195314296,0.011548008938072618,0.0,1.0,0.0,0.011481839611606611,0.0,,0.4879083594053889,10227.055071933448
ppo_profit_only_seed_19,2020-02-06,10379.967150744036,0.0033648551464744436,0.0,1.0,0.0,0.003359206688677661,0.0,,0.0975880082047145,10345.157195314296
ppo_profit_only_seed_19,2020-02-07,10324.645490016796,-0.005329656628371482,0.0,1.0,0.0,-0.005343909914229443,0.005329656628371431,,0.0157457249951368,10379.967150744036
ppo_profit_only_seed_19,2020-02-10,10401.722305854033,0.007465323231850007,0.0,1.0,0.0,0.007437595617929694,0.0,,0.2391059158775173,10324.645490016796
ppo_profit_only_seed_19,2020-02-11,10419.749008475152,0.001733049786473595,0.0,1.0,0.0,0.0017315497884897969,0.0,,0.0532871418176267,10401.722305854033
ppo_profit_only_seed_19,2020-02-12,10486.881071235339,0.006442771577855,0.0,1.0,0.0,0.006422105641496987,0.0,,0.1155957632010759,10419.749008475152
ppo_profit_only_seed_19,2020-02-13,10475.691919871488,-0.0010669665544832396,0.0,1.0,0.0,-0.0010675361685062196,0.0010669665544832062,,-0.5079166457394809,10486.881071235339
ppo_profit_only_seed_19,2020-02-14,10492.475172680113,0.0016021140118476218,0.0,1.0,0.0,0.001600831996301532,0.0,,-0.3269810390372755,10475.691919871488
ppo_profit_only_seed_19,2020-02-18,10465.43606722274,-0.0025769997081124263,0.0,1.0,0.0,-0.0025803258874645633,0.0025769997081124527,,-0.5270928769657132,10492.475172680113
ppo_profit_only_seed_19,2020-02-19,10515.473777602605,0.00478123511131856,0.0,1.0,0.0,0.004769841309919101,0.0,,-0.0266714102394479,10465.43606722274
ppo_profit_only_seed_19,2020-02-20,10472.273618480009,-0.004108246574168639,0.0,1.0,0.0,-0.0041167086031452735,0.004108246574168656,,-0.2215493742151412,10515.473777602605
ppo_profit_only_seed_19,2020-02-21,10364.427347747913,-0.010298267087080704,0.0,1.0,0.0,-0.010351661133344124,0.01436420584076896,,0.2891102737620407,10472.273618480009
ppo_profit_only_seed_19,2020-02-24,10020.686981351517,-0.03316539880720837,0.0,1.0,0.0,-0.03372784139233287,0.04705321003271935,,0.9442302755974517,10364.427347747913
ppo_profit_only_seed_19,2020-02-25,9717.038623783632,-0.03030214975609702,0.0,1.0,0.0,-0.03077075060314103,0.07592954637189978,,4.22184436454829,10020.686981351517
ppo_profit_only_seed_19,2020-02-26,9681.297266587399,-0.0036782149973915157,0.0,1.0,0.0,-0.003684996263919528,0.07932847617308102,,5.095597825897003,9717.038623783632
ppo_profit_only_seed_19,2020-02-27,9246.49388226753,-0.044911686145666097,0.0,1.0,0.0,-0.04595146753683802,0.12067738669444773,,4.734416174629932,9681.297266587399
ppo_profit_only_seed_19,2020-02-28,9207.644374777212,-0.004201539306138757,0.0,1.0,0.0,-0.004210390573741874,0.12437189521702766,,7.883651998287038,9246.49388226753
ppo_profit_only_seed_19,2020-03-02,9606.395302329149,0.043306508301324875,0.0,1.0,0.0,0.04239500466012263,0.08645149942837047,,7.25629335652188,9207.644374777212
ppo_profit_only_seed_19,2020-03-03,9331.340599602832,-0.02863245724019159,0.0,1.0,0.0,-0.02905036247634815,0.11260863780782876,,5.011807423017717,9606.395302329149
ppo_profit_only_seed_19,2020-03-04,9723.565075469201,0.04203302533861675,0.0,1.0,0.0,0.04117363701185871,0.07530889419553559,,5.553507894223165,9331.340599602832
ppo_profit_only_seed_19,2020-03-05,9400.337362844612,-0.033241687602835635,0.0,1.0,0.0,-0.03380675024137826,0.10604718706380821,,4.134371804762353,9723.565075469201
ppo_profit_only_seed_19,2020-03-06,9244.939332883338,-0.016531112018967953,0.0,1.0,0.0,-0.016669275633020057,0.12082522115412789,,5.629034102683704,9400.337362844612
ppo_profit_only_seed_19,2020-03-09,8522.96069270681,-0.07809447030209493,0.0,1.0,0.0,-0.08131252304186744,0.1894839098110577,,5.7327036136449925,9244.939332883338
ppo_profit_only_seed_19,2020-03-10,8963.980377614853,0.05174489250964487,0.0,1.0,0.0,0.050450587293811376,0.1475438418468933,,7.443963267849547,8522.96069270681
ppo_profit_only_seed_19,2020-03-11,8527.000244767389,-0.04874844817138435,0.0,1.0,0.0,-0.04997673845028892,0.18909975669099743,,5.643705476690732,8963.980377614853
ppo_profit_only_seed_19,2020-03-12,7711.16106170785,-0.09567716191402476,0.0,1.0,0.0,-0.100568860566243,0.266684390566195,,6.253245263583844,8527.000244767389
ppo_profit_only_seed_19,2020-03-13,8370.359713467922,0.08548630309818406,0.0,1.0,0.0,0.08202809219873292,0.20399595011150717,,8.326319460410785,7711.16106170785
ppo_profit_only_seed_19,2020-03-16,7454.443686937197,-0.10942373540494499,0.0,1.0,0.0,-0.11588653747701548,0.2910976866477703,,5.461591493098656,8370.359713467922
ppo_profit_only_seed_19,2020-03-17,7856.924489689468,0.05399206428476466,0.0,1.0,0.0,0.05258492094923695,0.25282258737363833,,7.637808953676683,7454.443686937197
ppo_profit_only_seed_19,2020-03-18,7459.105438141174,-0.05063292285300003,0.0,1.0,0.0,-0.05195975100253782,0.2906543636646531,,6.268315464708368,7856.924489689468
ppo_profit_only_seed_19,2020-03-19,7474.955866471851,0.002124977111816584,0.0,1.0,0.0,0.0021227225413292194,0.2891470204230735,,5.854942756782667,7459.105438141174
ppo_profit_only_seed_19,2020-03-20,7111.013945875349,-0.048688169816349824,0.0,1.0,0.0,-0.04991337303957556,0.3237571510071731,,5.105067223695603,7474.955866471851
ppo_profit_only_seed_19,2020-03-23,6929.198061125797,-0.025568208153355143,0.0,1.0,0.0,-0.025900755458341244,0.34104746893243965,,4.3536582146712695,7111.013945875349
ppo_profit_only_seed_19,2020-03-24,7557.0060073219165,0.09060326182884704,0.0,1.0,0.0,0.08673099436253752,0.281344220227344,,3.820195907751789,6929.198061125797
ppo_profit_only_seed_19,2020-03-25,7670.135754164237,0.014970180880193862,0.0,1.0,0.0,0.014859233619036984,0.2705858132135506,,3.70585945184924,7557.0060073219165
ppo_profit_only_seed_19,2020-03-26,8117.993464566699,0.05838980231338309,0.0,1.0,0.0,0.05674869876971943,0.2279954630425127,,3.772196338990945,7670.135754164237
ppo_profit_only_seed_19,2020-03-27,7876.193693648776,-0.029785657253030173,0.0,1.0,0.0,-0.030238259991311155,0.2509901255781127,,3.430434764329368,8117.993464566699
ppo_profit_only_seed_19,2020-03-30,8131.978718178631,0.03247571536186511,0.0,1.0,0.0,0.031959525345806684,0.22666549409316109,,3.6779857984602273,7876.193693648776
ppo_profit_only_seed_19,2020-03-31,8010.768444503698,-0.01490538500844496,0.0,1.0,0.0,-0.015017586594124019,0.23819234264401803,,2.9486714335617124,8131.978718178631
ppo_profit_only_seed_19,2020-04-01,7650.2448252986815,-0.045004873340506735,0.0,1.0,0.0,-0.04604904148877963,0.27247739977315216,,2.6272499166680947,8010.768444503698
ppo_profit_only_seed_19,2020-04-02,7826.777233938007,0.023075393359379692,0.0,1.0,0.0,0.022813182552417124,0.25568952959507896,,2.836512062548897,7650.2448252986815
ppo_profit_only_seed_19,2020-04-03,7713.647487095685,-0.014454192761712337,0.0,1.0,0.0,-0.01455967225366192,0.26644793660887245,,2.3395096860096287,7826.777233938007
ppo_profit_only_seed_19,2020-04-06,8231.743987840964,0.06716621437679282,0.0,1.0,0.0,0.06500673748543066,0.2171780214626052,,2.0094354870390974,7713.647487095685
ppo_profit_only_seed_19,2020-04-07,8240.136088482428,0.0010194802770664424,0.0,1.0,0.0,0.0010189609599744974,0.21637994989503223,,1.8728963918113288,8231.743987840964
ppo_profit_only_seed_19,2020-04-08,8516.744392118635,0.03356841448563386,0.0,1.0,0.0,0.033017294838593204,0.1900750672538556,,1.955665725318066,8240.136088482428
ppo_profit_only_seed_19,2020-04-09,8646.346766435032,0.015217361041894195,0.0,1.0,0.0,0.015102738376915347,0.17775014713542564,,1.6949970867492063,8516.744392118635
ppo_profit_only_seed_19,2020-04-13,8567.4043016419,-0.009130152528647684,0.0,1.0,0.0,-0.009172087816788101,0.18525741370873736,,1.558747995557223,8646.346766435032
ppo_profit_only_seed_19,2020-04-14,8820.081650114822,0.029492870836560936,0.0,1.0,0.0,0.029066322582236008,0.16122831584620345,,1.5086692019686287,8567.4043016419
ppo_profit_only_seed_19,2020-04-15,8632.671663920497,-0.021248101052656954,0.0,1.0,0.0,-0.021477091502921486,0.17905062135121058,,1.2542637659562617,8820.081650114822
ppo_profit_only_seed_19,2020-04-16,8674.318222133203,0.004824295401707923,0.0,1.0,0.0,0.004812695780353366,0.1750901190387603,,1.460685022932264,8632.671663920497
ppo_profit_only_seed_19,2020-04-17,8908.65871688761,0.027015436689475925,0.0,1.0,0.0,0.026656961689813345,0.15280481837512871,,1.396367074412422,8674.318222133203
ppo_profit_only_seed_19,2020-04-20,8751.70613754214,-0.017617980925450083,0.0,1.0,0.0,-0.01777502481605572,0.1677306869251289,,1.2471320181479757,8908.65871688761
ppo_profit_only_seed_19,2020-04-21,8485.975885698082,-0.030363251195576146,0.0,1.0,0.0,-0.030833763390650033,0.19300108914039082,,1.632263957264105,8751.70613754214
ppo_profit_only_seed_19,2020-04-22,8674.318222133203,0.022194540612888725,0.0,1.0,0.0,0.021951826516892335,0.1750901190387603,,1.7250882541303527,8485.975885698082
ppo_profit_only_seed_19,2020-04-23,8673.696022989803,-7.172888144824086e-05,0.0,1.0,0.0,-7.173145408748019e-05,0.17514928890181722,,1.4713639749323046,8674.318222133203
ppo_profit_only_seed_19,2020-04-24,8794.59614556734,0.013938708741589423,0.0,1.0,0.0,0.013842458314098777,0.16365193508452672,,1.4168224608610036,8673.696022989803
ppo_profit_only_seed_19,2020-04-27,8921.400520687048,0.014418442077481775,0.0,1.0,0.0,0.014315484816994305,0.15159309895392897,,1.0301204122785588,8794.59614556734
ppo_profit_only_seed_19,2020-04-28,8880.376161617743,-0.004598421399664376,0.0,1.0,0.0,-0.00460902666348606,0.1554944314033222,,0.8405986968556356,8921.400520687048
ppo_profit_only_seed_19,2020-04-29,9112.851007416255,0.026178490817010847,0.0,1.0,0.0,0.025841699275864903,0.1333865501308996,,0.853677813219134,8880.376161617743
ppo_profit_only_seed_19,2020-04-30,9028.004290080953,-0.009310666581320293,0.0,1.0,0.0,-0.009354281772853417,0.14145529901751855,,0.6863267549098547,9112.851007416255
ppo_profit_only_seed_19,2020-05-01,8789.002044122568,-0.026473430702838363,0.0,1.0,0.0,-0.026830161992588066,0.16418392266426732,,0.8822878370494066,9028.004290080953
ppo_profit_only_seed_19,2020-05-04,8813.244098857554,0.0027582260890697263,0.0,1.0,0.0,0.002754429163740411,0.16187855295409592,,1.0843558520255343,8789.002044122568
ppo_profit_only_seed_19,2020-05-05,8894.672514801374,0.00923932379841541,0.0,1.0,0.0,0.009196902343131827,0.1541348775224423,,0.992510122868216,8813.244098857554
ppo_profit_only_seed_19,2020-05-06,8834.378003298456,-0.006778721915009611,0.0,1.0,0.0,-0.006801801811007827,0.1598687619653232,,0.8239180749247235,8894.672514801374
ppo_profit_only_seed_19,2020-05-07,8940.980824218057,0.01206681680134114,0.0,1.0,0.0,0.011994593193006048,0.1497310522268748,,0.8538177738861711,8834.378003298456
ppo_profit_only_seed_19,2020-05-08,9088.920052252968,0.0165461967700673,0.0,1.0,0.0,0.01641079994986407,0.13566233490954252,,0.6655475635101678,8940.980824218057
ppo_profit_only_seed_19,2020-05-11,9090.784752734558,0.00020516194122843778,0.0,1.0,0.0,0.00020514089839544992,0.1354850057162957,,0.4250931855870794,9088.920052252968
ppo_profit_only_seed_19,2020-05-12,8909.591067128407,-0.01993157802483958,0.0,1.0,0.0,-0.02013289141270602,0.15271615377850514,,0.393766307387475,9090.784752734558
ppo_profit_only_seed_19,2020-05-13,8752.017237113841,-0.01768586558320595,0.0,1.0,0.0,-0.017844129300901634,0.16770110199360025,,0.7654796519762199,8909.591067128407
ppo_profit_only_seed_19,2020-05-14,8856.755357551852,0.011967311946537107,0.0,1.0,0.0,0.011896269895517233,0.15774072144839865,,0.9131913732833082,8752.017237113841
ppo_profit_only_seed_19,2020-05-15,8897.469565523761,0.004596966533256808,0.0,1.0,0.0,0.004586432752557939,0.1538688837325719,,0.7251961389028778,8856.755357551852
ppo_profit_only_seed_19,2020-05-18,9168.483767715195,0.030459694208066823,0.0,1.0,0.0,0.03000500773344127,0.12809598867113586,,0.6710434353959198,8897.469565523761
ppo_profit_only_seed_19,2020-05-19,9074.312599497634,-0.01027118230270141,0.0,1.0,0.0,-0.010324294894733091,0.13705147372195123,,0.4900177434505237,9168.483767715195
ppo_profit_only_seed_19,2020-05-20,9228.467179646414,0.016988017379665044,0.0,1.0,0.0,0.016845334676130815,0.1223916891597834,,0.5701742451217557,9074.312599497634
ppo_profit_only_seed_19,2020-05-21,9164.754366752013,-0.006903943163488746,0.0,1.0,0.0,-0.006927885641062074,0.12845064705762965,,0.3928691522351087,9228.467179646414
ppo_profit_only_seed_19,2020-05-22,9182.15887022973,0.0018990692801170717,0.0,1.0,0.0,0.001897268327780096,0.12679551445535092,,0.4942890652188644,9164.754366752013
ppo_profit_only_seed_19,2020-05-26,9295.2881428349,0.012320552737543622,0.0,1.0,0.0,0.012245272426979939,0.11603715254053847,,0.3974360107349571,9182.15887022973
ppo_profit_only_seed_19,2020-05-27,9433.592768890154,0.014879003633885723,0.0,1.0,0.0,0.014769397145406274,0.10288466612096923,,0.3839041790246172,9295.2881428349
ppo_profit_only_seed_19,2020-05-28,9416.188265412437,-0.0018449496288532874,0.0,1.0,0.0,-0.0018466536446245174,0.10453979872324798,,0.3544471098927093,9433.592768890154
ppo_profit_only_seed_19,2020-05-29,9458.145923196842,0.004455906849114788,0.0,1.0,0.0,0.004446008688818559,0.10054971147926921,,0.4178809736110189,9416.188265412437
ppo_profit_only_seed_19,2020-06-01,9496.373231543761,0.004041733830006056,0.0,1.0,0.0,0.004033587965397369,0.09691437281974621,,0.3411927855090347,9458.145923196842
ppo_profit_only_seed_19,2020-06-02,9575.004596765193,0.008280146883890893,0.0,1.0,0.0,0.008246054531519834,0.08943669117796298,,0.3878253609395267,9496.373231543761
ppo_profit_only_seed_19,2020-06-03,9702.4311710283,0.01330825201965502,0.0,1.0,0.0,0.013220475147309174,0.0773186851843083,,0.290520623450909,9575.004596765193
ppo_profit_only_seed_19,2020-06-04,9676.945666480819,-0.002626713253435109,0.0,1.0,0.0,-0.0026301691177292247,0.07974230442263157,,0.2074530345701913,9702.4311710283
ppo_profit_only_seed_19,2020-06-05,9924.961263749761,0.025629532893630236,0.0,1.0,0.0,0.02530660249279807,0.05615652954321504,,0.2151460629702627,9676.945666480819
ppo_profit_only_seed_19,2020-06-08,10044.929036086503,0.012087480157219055,0.0,1.0,0.0,0.01201500997240837,0.04474784032254796,,0.1245367615942675,9924.961263749761
ppo_profit_only_seed_19,2020-06-09,9970.027071828252,-0.007456694217466864,0.0,1.0,0.0,-0.0074846343424244625,0.051870863577837586,,0.2103730175758235,10044.929036086503
ppo_profit_only_seed_19,2020-06-10,9914.39431152931,-0.0055800009265912776,0.0,1.0,0.0,-0.005595627288950511,0.057161425037601486,,0.3278701658763039,9970.027071828252
ppo_profit_only_seed_19,2020-06-11,9342.839902064075,-0.057648948741183426,0.0,1.0,0.0,-0.059377407948608144,0.11151507771681926,,0.3247931332388614,9914.39431152931
ppo_profit_only_seed_19,2020-06-12,9454.726673331053,0.011975670399988259,0.0,1.0,0.0,0.011904529469550793,0.1008748751321967,,1.221107989128025,9342.839902064075
ppo_profit_only_seed_19,2020-06-15,9542.992640532142,0.009335644514194108,0.0,1.0,0.0,0.009292336713778283,0.09248096259265041,,0.8932550960760133,9454.726673331053
ppo_profit_only_seed_19,2020-06-16,9726.673225763285,0.019247692222981838,0.0,1.0,0.0,0.019064798523327483,0.07501331547413707,,0.7721637529695902,9542.992640532142
ppo_profit_only_seed_19,2020-06-17,9686.270117363076,-0.004153846588902832,0.0,1.0,0.0,-0.004162497775089666,0.07885556825843534,,0.717040415116921,9726.673225763285
ppo_profit_only_seed_19,2020-06-18,9689.999518326258,0.00038501930237289095,0.0,1.0,0.0,0.0003849452014608686,0.07850090987194155,,0.6981737760064307,9686.270117363076
ppo_profit_only_seed_19,2020-06-19,9592.410048717216,-0.010071153195051807,0.0,1.0,0.0,-0.010122210350604972,0.08778146837772206,,0.6569115223597698,9689.999518326258
ppo_profit_only_seed_19,2020-06-22,9653.947061558325,0.006415177471415401,0.0,1.0,0.0,0.0063946878036367834,0.08192942460465126,,0.7995690514026287,9592.410048717216
ppo_profit_only_seed_19,2020-06-23,9698.390670493416,0.00460367232715253,0.0,1.0,0.0,0.0045931078389241774,0.07770292850233074,,0.5668256573088222,9653.947061558325
ppo_profit_only_seed_19,2020-06-24,9450.997272367871,-0.025508706189596997,0.0,1.0,0.0,-0.025839694081199648,0.10122953351869049,,0.5352392917034265,9698.390670493416
ppo_profit_only_seed_19,2020-06-25,9552.3170914144,0.010720542618582574,0.0,1.0,0.0,0.010663485031515948,0.0915942264284542,,0.6984696901367211,9450.997272367871
ppo_profit_only_seed_19,2020-06-26,9325.435398586356,-0.023751482562483606,0.0,1.0,0.0,-0.024038096459339246,0.11317021031909819,,0.5836973034311527,9552.3170914144
ppo_profit_only_seed_19,2020-06-29,9462.496574829116,0.014697563211208076,0.0,1.0,0.0,0.014590600813082581,0.10013597342768082,,0.7491052555145135,9325.435398586356
ppo_profit_only_seed_19,2020-06-30,9583.706848504049,0.012809544787298677,0.0,1.0,0.0,0.012728196521442903,0.08860912487682386,,0.5438638308565273,9462.496574829116
ppo_profit_only_seed_19,2020-07-01,9650.838911264236,0.007004811793744015,0.0,1.0,0.0,0.006980392070335714,0.08222500332605029,,0.4477604903790185,9583.706848504049
ppo_profit_only_seed_19,2020-07-02,9703.985720412491,0.005506962621272482,0.0,1.0,0.0,0.005491854742917902,0.07717085072462831,,0.3205436819003172,9650.838911264236
ppo_profit_only_seed_19,2020-07-06,9853.788700454688,0.01543726303379489,0.0,1.0,0.0,0.01531932074415112,0.06292489441201123,,0.2526521753771651,9703.985720412491
ppo_profit_only_seed_19,2020-07-07,9752.158730310764,-0.010313796371464123,0.0,1.0,0.0,-0.010367352129633484,0.07258969623581399,,0.2666694112611186,9853.788700454688
ppo_profit_only_seed_19,2020-07-08,9826.749594997314,0.007648651621585456,0.0,1.0,0.0,0.007619548988834753,0.065496257912053,,0.3644895923270537,9752.158730310764
ppo_profit_only_seed_19,2020-07-09,9770.806683600978,-0.005692921230517123,0.0,1.0,0.0,-0.005709187671675,0.07081631410538321,,0.2686409262625371,9826.749594997314
ppo_profit_only_seed_19,2020-07-10,9870.571953263312,0.01021054585285941,0.0,1.0,0.0,0.010158770368597723,0.06132884147482724,,0.3452632419350072,9770.806683600978
ppo_profit_only_seed_19,2020-07-13,9785.10303678461,-0.008658962913536628,0.0,1.0,0.0,-0.008696669557654566,0.06945676022450314,,0.2067203001504579,9870.571953263312
ppo_profit_only_seed_19,2020-07-14,9911.90836037862,0.012959017714715637,0.0,1.0,0.0,0.012875768095466747,0.05739783389594358,,0.5375716487308452,9785.10303678461
ppo_profit_only_seed_19,2020-07-15,10002.971378302092,0.009187233639839087,0.0,1.0,0.0,0.009145287724412185,0.048737927566527256,,0.3502176105609451,9911.90836037862
ppo_profit_only_seed_19,2020-07-16,9970.027071828246,-0.0032934520381920906,0.0,1.0,0.0,-0.00329888738868124,0.05187086357783811,,0.2255767859205059,10002.971378302092
ppo_profit_only_seed_19,2020-07-17,9998.93087776721,0.0028990699554503063,0.0,1.0,0.0,0.002894875756376014,0.04912217088454951,,0.2384681701347573,9970.027071828246
ppo_profit_only_seed_19,2020-07-20,10079.738043041934,0.008081580547216305,0.0,1.0,0.0,0.008049099456827503,0.041437575117990816,,0.0756133020464162,9998.93087776721
ppo_profit_only_seed_19,2020-07-21,10101.183047054536,0.0021275358467678362,0.0,1.0,0.0,0.002125275847297115,0.03939819919768964,,-0.0111685309584925,10079.738043041934
ppo_profit_only_seed_19,2020-07-22,10158.679559360764,0.005692057260856531,0.0,1.0,0.0,0.005675918714983156,0.03393039874264092,,0.011951226922505,10101.183047054536
ppo_profit_only_seed_19,2020-07-23,10037.469285685831,-0.011931695745166282,0.0,1.0,0.0,-0.01200344976273675,0.045457247293497885,,-0.0271886768743657,10158.679559360764
ppo_profit_only_seed_19,2020-07-24,9972.824122550635,-0.006440384652273257,0.0,1.0,0.0,-0.006461213407802088,0.05160486978796754,,0.0907628090025317,10037.469285685831
ppo_profit_only_seed_19,2020-07-27,10045.550286755595,0.0072924342504456785,0.0,1.0,0.0,0.007265973018451793,0.044688760657453364,,0.0706463112433853,9972.824122550635
ppo_profit_only_seed_19,2020-07-28,9981.837473861195,-0.006342391514221113,0.0,1.0,0.0,-0.006362589928741721,0.05074771855529962,,-0.009083740695794,10045.550286755595
ppo_profit_only_seed_19,2020-07-29,10104.60134844602,0.012298725050001957,0.0,1.0,0.0,0.012223710163119286,0.03907312574272414,,0.0360930690044777,9981.837473861195
ppo_profit_only_seed_19,2020-07-30,10068.548891678089,-0.0035679247032813777,0.0,1.0,0.0,-0.0035743049272522055,0.04250164047543367,,-0.0599446699725481,10104.60134844602
ppo_profit_only_seed_19,2020-07-31,10148.112607140318,0.007902202821698623,0.0,1.0,0.0,0.007871143932114598,0.03493529423702685,,-0.0164030963185681,10068.548891678089
ppo_profit_only_seed_19,2020-08-03,10218.66391976629,0.006952160993595191,0.0,1.0,0.0,0.006928106146781003,0.028226009033326126,,-0.0391417109474953,10148.112607140318
ppo_profit_only_seed_19,2020-08-04,10258.134677925702,0.0038626143759423748,0.0,1.0,0.0,0.0038551736353533476,0.02447242084565144,,-0.0535592244669842,10218.66391976629
ppo_profit_only_seed_19,2020-08-05,10321.847490820104,0.0062109550025215565,0.0,1.0,0.0,0.006191746515834142,0.01841346294780501,,-0.0895879326774309,10258.134677925702
ppo_profit_only_seed_19,2020-08-06,10390.844254061882,0.006684536203731106,0.0,1.0,0.0,0.006662293756877345,0.011852012203784628,,-0.1440868148157872,10321.847490820104
ppo_profit_only_seed_19,2020-08-07,10398.304004462549,0.0007179157167860328,0.0,1.0,0.0,0.0007176581385700891,0.011142605232835223,,-0.1687147993537758,10390.844254061882
ppo_profit_only_seed_19,2020-08-10,10429.383610454805,0.0029889110742402636,0.0,1.0,0.0,0.002984453160198847,0.008186998414771182,,-0.2009895924136115,10398.304004462549
ppo_profit_only_seed_19,2020-08-11,10343.292494832704,-0.008254669579494611,0.0,1.0,0.0,-0.008288928022774745,0.01637408702750401,,-0.2078100878188198,10429.383610454805
ppo_profit_only_seed_19,2020-08-12,10487.50232190443,0.013942352219447729,0.0,1.0,0.0,0.013846051698275444,0.002660028096665706,,-0.0759644289774409,10343.292494832704
ppo_profit_only_seed_19,2020-08-13,10468.543269042517,-0.001807775796370037,0.0,1.0,0.0,-0.0018094117950114884,0.004462995158624959,,-0.1995946398481177,10487.50232190443
ppo_profit_only_seed_19,2020-08-14,10468.854368614217,2.9717560858788516e-05,0.0,1.0,0.0,2.9717119300824814e-05,0.004433410227096493,,-0.2100840463371293,10468.543269042517
ppo_profit_only_seed_19,2020-08-17,10502.109774659762,0.0031766041320859806,0.0,1.0,0.0,0.003171569384628661,0.0012708892842571771,,-0.2159277552541653,10468.854368614217
ppo_profit_only_seed_19,2020-08-18,10524.798228484859,0.002160371040858866,0.0,1.0,0.0,0.0021580407948689,0.0,,-0.2657164113769925,10502.109774659762
ppo_profit_only_seed_19,2020-08-19,10480.975870218863,-0.0041637243123001655,0.0,1.0,0.0,-0.004172416749373015,0.004163724312300127,,-0.2559544369874821,10524.798228484859
ppo_profit_only_seed_19,2020-08-20,10513.60907712101,0.0031135656933312106,0.0,1.0,0.0,0.003108728585502381,0.0010631226481441142,,-0.1854157550206676,10480.975870218863
ppo_profit_only_seed_19,2020-08-21,10550.904983701435,0.0035473933172565086,0.0,1.0,0.0,0.0035411161582373403,0.0,,-0.1748827283481915,10513.60907712101
ppo_profit_only_seed_19,2020-08-24,10657.818904192736,0.010133151673383134,0.0,1.0,0.0,0.010082155503900299,0.0,,-0.1892365983022615,10550.904983701435
ppo_profit_only_seed_19,2020-08-25,10695.113862298858,0.0034993049179556923,0.0,1.0,0.0,0.0034931965962736824,0.0,,-0.2018840559825389,10657.818904192736
ppo_profit_only_seed_19,2020-08-26,10802.338882361859,0.010025608090155735,0.0,1.0,0.0,0.009975685076455696,0.0,,-0.2265208448500457,10695.113862298858
ppo_profit_only_seed_19,2020-08-27,10825.958737953446,0.002186550139632537,0.0,1.0,0.0,0.002184163117804633,0.0,,-0.140448248779633,10802.338882361859
ppo_profit_only_seed_19,2020-08-28,10895.88785143602,0.006459392204906322,0.0,1.0,0.0,0.006438619734780553,0.0,,-0.0577552491510467,10825.958737953446
ppo_profit_only_seed_19,2020-08-31,10856.417093276605,-0.0036225371165337084,0.0,1.0,0.0,-0.0036291143932043546,0.003622537116533709,,-0.1651573469920713,10895.88785143602
ppo_profit_only_seed_19,2020-09-01,10958.66926256393,0.009418592562241423,0.0,1.0,0.0,0.009374514174085805,0.0,,0.0748953227090401,10856.417093276605
ppo_profit_only_seed_19,2020-09-02,11117.175442819289,0.01446399890877581,0.0,1.0,0.0,0.014360393117624624,0.0,,0.0527546644477299,10958.66926256393
ppo_profit_only_seed_19,2020-09-03,10734.585568932576,-0.03441430567094561,0.0,1.0,0.0,-0.03502042462644392,0.03441430567094557,,0.0818299597598005,11117.175442819289
ppo_profit_only_seed_19,2020-09-04,10646.940852400585,-0.00816470426074456,0.0,1.0,0.0,-0.008198218003100966,0.04229802730354804,,0.5710534596248475,10734.585568932576
ppo_profit_only_seed_19,2020-09-08,10356.035247106442,-0.027322928654060497,0.0,1.0,0.0,-0.027703141558992693,0.0684652499753862,,0.366671654116638,10646.940852400585
ppo_profit_only_seed_19,2020-09-09,10560.539585681088,0.019747358298320528,0.0,1.0,0.0,0.019554908673632087,0.05006989949931375,,0.4123786139458149,10356.035247106442
ppo_profit_only_seed_19,2020-09-10,10377.170100021645,-0.017363647394312287,0.0,1.0,0.0,-0.017516163589897774,0.06656415081365127,,0.2222786791681557,10560.539585681088
ppo_profit_only_seed_19,2020-09-11,10382.453101894718,0.0005090985135784987,0.0,1.0,0.0,0.0005089689668963855,0.06608894001030957,,0.281758672686571,10377.170100021645
ppo_profit_only_seed_19,2020-09-14,10519.20317856578,0.013171268420765214,0.0,1.0,0.0,0.013085281479949857,0.05378814675806399,,0.0780287037670524,10382.453101894718
ppo_profit_only_seed_19,2020-09-15,10572.349987714035,0.0050523607393142544,0.0,1.0,0.0,0.005039640391992443,0.04900754313967071,,0.0026098690543933,10519.20317856578
ppo_profit_only_seed_19,2020-09-16,10530.39232992963,-0.003968621719216969,0.0,1.0,0.0,-0.003976517595813861,0.05278167245877815,,-0.0188647166618576,10572.349987714035
ppo_profit_only_seed_19,2020-09-17,10437.77476262196,-0.008795262741012055,0.0,1.0,0.0,-0.008834169361647914,0.061112706522605156,,0.0097513886705692,10530.39232992963
ppo_profit_only_seed_19,2020-09-18,10276.471531644214,-0.015453794955930578,0.0,1.0,0.0,-0.015574449506466947,0.0756220782427334,,0.0360604682945794,10437.77476262196
ppo_profit_only_seed_19,2020-09-21,10162.098809226549,-0.011129571279935857,0.0,1.0,0.0,-0.011191968358818779,0.08591000821252984,,-0.0120053411430832,10276.471531644214
ppo_profit_only_seed_19,2020-09-22,10265.593479852063,0.010184379483847206,0.0,1.0,0.0,0.010132868136627598,0.07660056885377954,,0.123263872051966,10162.098809226549
ppo_profit_only_seed_19,2020-09-23,10027.524532608779,-0.023190958000678052,0.0,1.0,0.0,-0.02346409947242303,0.09801508627934159,,0.0544702513124791,10265.593479852063
ppo_profit_only_seed_19,2020-09-24,10054.252538494451,0.002665464023424269,0.0,1.0,0.0,0.0026619179740412294,0.09561087794214779,,0.1739263529601876,10027.524532608779
ppo_profit_only_seed_19,2020-09-25,10216.799219284694,0.016166958226671246,0.0,1.0,0.0,0.016037664619024165,0.08098965678518262,,0.1655465878012666,10054.252538494451
ppo_profit_only_seed_19,2020-09-28,10386.4936024296,0.016609348926481804,0.0,1.0,0.0,0.016472922256805595,0.06572549332768193,,0.0105644105670897,10216.799219284694
ppo_profit_only_seed_19,2020-09-29,10329.928491889863,-0.005446025646856034,0.0,1.0,0.0,-0.005460909306988122,0.07081357625222312,,-0.0055633201582145,10386.4936024296
ppo_profit_only_seed_19,2020-09-30,10408.249706013901,0.007581970599847665,0.0,1.0,0.0,0.007553371925994548,0.06376851210558983,,-0.0026907383436588,10329.928491889863
ppo_profit_only_seed_19,2020-10-01,10475.070669202389,0.006420000007290261,0.0,1.0,0.0,0.006399479587811491,0.0577579059464824,,0.002251794724036,10408.249706013901
ppo_profit_only_seed_19,2020-10-02,10375.61555063745,-0.009494458004693396,0.0,1.0,0.0,-0.009539817709959986,0.06670398393872791,,0.0241575945326884,10475.070669202389
ppo_profit_only_seed_19,2020-10-05,10559.607235440293,0.017733086187020408,0.0,1.0,0.0,0.017577689434087954,0.05015376524791065,,0.0884369439531869,10375.61555063745
ppo_profit_only_seed_19,2020-10-06,10409.492207352092,-0.014215967009112096,0.0,1.0,0.0,-0.014317981848638483,0.06365674798487575,,0.1090885157229678,10559.607235440293
ppo_profit_only_seed_19,2020-10-07,10590.686841432547,0.017406673685050666,0.0,1.0,0.0,0.017256912933913654,0.04735812653984936,,0.2150132458046228,10409.492207352092
ppo_profit_only_seed_19,2020-10-08,10684.546910078407,0.008862510057295214,0.0,1.0,0.0,0.008823468516178457,0.038915328355308275,,0.1108551145615472,10590.686841432547
ppo_profit_only_seed_19,2020-10-09,10779.961528108463,0.00893015107080064,0.0,1.0,0.0,0.008890513079114816,0.03033269704569039,,-0.0134909087892714,10684.546910078407
ppo_profit_only_seed_19,2020-10-12,10953.385312216551,0.016087606959996226,0.0,1.0,0.0,0.015959572761759168,0.014733070593801939,,-0.1134734716438392,10779.961528108463
ppo_profit_only_seed_19,2020-10-13,10881.902597824086,-0.006526084160733303,0.0,1.0,0.0,-0.006547472151973345,0.021163005495894036,,-0.1112827051799082,10953.385312216551
ppo_profit_only_seed_19,2020-10-14,10813.527085251404,-0.006283415235342593,0.0,1.0,0.0,-0.006303238972997072,0.027313444780078095,,-0.0425970032373333,10881.902597824086
ppo_profit_only_seed_19,2020-10-15,10800.163082308569,-0.0012358597557925455,0.0,1.0,0.0,-0.0012366240602408414,0.02851554894867491,,-0.0225110661449376,10813.527085251404
ppo_profit_only_seed_19,2020-10-16,10793.636630623001,-0.0006042919570592442,0.0,1.0,0.0,-0.0006044746150334641,0.029102609188853386,,0.014899810288873,10800.163082308569
ppo_profit_only_seed_19,2020-10-19,10629.536348922868,-0.015203428401004304,0.0,1.0,0.0,-0.01532018543497615,0.043863578154772494,,0.0429189051726926,10793.636630623001
ppo_profit_only_seed_19,2020-10-20,10672.115257376368,0.004005716435394158,0.0,1.0,0.0,0.003997714914079781,0.040033566775308026,,0.1672665013817332,10629.536348922868
ppo_profit_only_seed_19,2020-10-21,10651.913703176264,-0.0018929287880526946,0.0,1.0,0.0,-0.0018947226418668203,0.04185071487232334,,0.1754866682814751,10672.115257376368
ppo_profit_only_seed_19,2020-10-22,10710.342565723287,0.005485292518808249,0.0,1.0,0.0,0.005470303091080673,0.03659498576671105,,0.1206462286333273,10651.913703176264
ppo_profit_only_seed_19,2020-10-23,10746.706122062918,0.003395181444149742,0.0,1.0,0.0,0.0033894308282106864,0.033324050939185355,,0.0773470369063149,10710.342565723287
ppo_profit_only_seed_19,2020-10-26,10548.107932979048,-0.018479912526513487,0.0,1.0,0.0,-0.018652799378781525,0.05118813791931367,,0.0325097388969624,10746.706122062918
ppo_profit_only_seed_19,2020-10-27,10511.744376639415,-0.0034474008581141247,0.0,1.0,0.0,-0.003453356836822834,0.054459072746839525,,0.38669047503396,10548.107932979048
ppo_profit_only_seed_19,2020-10-28,10152.464207246894,-0.034178929444951156,0.0,1.0,0.0,-0.03477668909497618,0.08677664938673904,,0.4468070371546322,10511.744376639415
ppo_profit_only_seed_19,2020-10-29,10255.648726775013,0.010163495031527914,0.0,1.0,0.0,0.010112194021458154,0.07749510840010591,,0.9480484338748182,10152.464207246894
ppo_profit_only_seed_19,2020-10-30,10148.734806283712,-0.010424881286366094,0.0,1.0,0.0,-0.01047960099113011,0.08711211238112682,,0.7441066275110758,10255.648726775013
ppo_profit_only_seed_19,2020-11-02,10262.486278032282,0.011208438679286337,0.0,1.0,0.0,0.011146089588536665,0.07688006447168741,,0.7692720511842686,10148.734806283712
ppo_profit_only_seed_19,2020-11-03,10443.679963638435,0.017655924762989716,0.0,1.0,0.0,0.01750186960441162,0.060581528342783554,,0.6975803335674434,10262.486278032282
ppo_profit_only_seed_19,2020-11-04,10677.088108152046,0.022349224155303826,0.0,1.0,0.0,0.022103140022991602,0.039586254344083485,,0.5754284469913702,10443.679963638435
ppo_profit_only_seed_19,2020-11-05,10885.32089921557,0.019502769758408034,0.0,1.0,0.0,0.01931502780985749,0.020855526189745968,,0.1292090200194876,10677.088108152046
ppo_profit_only_seed_19,2020-11-06,10882.834948064883,-0.00022837646898099528,0.0,1.0,0.0,-0.00022840255085785429,0.02107913974729697,,-0.0225662145092899,10885.32089921557
ppo_profit_only_seed_19,2020-11-09,11019.585024735943,0.012565666696560118,0.0,1.0,0.0,0.012487373892100521,0.00877834649505155,,-0.2285682265501054,10882.834948064883
ppo_profit_only_seed_19,2020-11-10,11003.423971070722,-0.0014665755224850807,0.0,1.0,0.0,-0.0014676519969828196,0.01023204790943907,,-0.1668460079291394,11019.585024735943
ppo_profit_only_seed_19,2020-11-11,11085.163486586242,0.007428552760524454,0.0,1.0,0.0,0.007401096949917688,0.002879504456658033,,-0.2419036577753682,11003.423971070722
ppo_profit_only_seed_19,2020-11-12,10977.627366951541,-0.009700905157134176,0.0,1.0,0.0,-0.009748265478456569,0.012552475814158658,,-0.3468931205130146,11085.163486586242
ppo_profit_only_seed_19,2020-11-13,11129.607095521333,0.01384449694724843,0.0,1.0,0.0,0.013749537340944966,0.0,,-0.2086429548016839,10977.627366951541
ppo_profit_only_seed_19,2020-11-16,11268.532972245686,0.012482549970722623,0.0,1.0,0.0,0.01240528525322262,0.0,,-0.381599334607038,11129.607095521333
ppo_profit_only_seed_19,2020-11-17,11207.927361171065,-0.0053783053414222515,0.0,1.0,0.0,-0.005392820493601831,0.00537830534142221,,-0.4347828906758582,11268.532972245686
ppo_profit_only_seed_19,2020-11-18,11073.041984981595,-0.012034818913688627,0.0,1.0,0.0,-0.012107823670750925,0.017348397324264294,,-0.419256523453908,11207.927361171065
ppo_profit_only_seed_19,2020-11-19,11119.661393969978,0.004210171789433614,0.0,1.0,0.0,0.004201333813765502,0.013211265267837231,,-0.3378472851732919,11073.041984981595
ppo_profit_only_seed_19,2020-11-20,11043.515979899232,-0.006847817696322922,0.0,1.0,0.0,-0.006871371590023763,0.019968614628068246,,-0.3973333639141337,11119.661393969978
ppo_profit_only_seed_19,2020-11-23,11109.715692418624,0.00599444168323604,0.0,1.0,0.0,0.005976546496514336,0.014093873640715106,,-0.3564991790476827,11043.515979899232
ppo_profit_only_seed_19,2020-11-24,11288.734526445789,0.016113718747035932,0.0,1.0,0.0,0.015985270793455963,0.0,,-0.4400794052908536,11109.715692418624
ppo_profit_only_seed_19,2020-11-25,11271.33002296807,-0.0015417585945480816,0.0,1.0,0.0,-0.0015429483273410936,0.001541758594548051,,-0.5224196484838053,11288.734526445789
ppo_profit_only_seed_19,2020-11-27,11302.720728532026,0.0027850045646777843,0.0,1.0,0.0,0.0027811336248563354,0.0,,-0.5567981268513753,11271.33002296807
ppo_profit_only_seed_19,2020-11-30,11252.682069677856,-0.004427133966767305,0.0,1.0,0.0,-0.004436962743950226,0.004427133966767358,,-0.5926353906666775,11302.720728532026
ppo_profit_only_seed_19,2020-12-01,11375.75704383438,0.010937390161245952,0.0,1.0,0.0,0.010878009496786719,0.0,,-0.6172616092891968,11252.682069677856
ppo_profit_only_seed_19,2020-12-02,11399.68894747197,0.002103763604072606,0.0,1.0,0.0,0.002101553792160207,0.0,,-0.6045089312570557,11375.75704383438
ppo_profit_only_seed_19,2020-12-03,11396.580797177885,-0.00027265220203875895,0.0,1.0,0.0,-0.0002726893784080301,0.00027265220203875895,,-0.5758775967396791,11399.68894747197
ppo_profit_only_seed_19,2020-12-04,11494.792465930324,0.008617643352887061,0.0,1.0,0.0,0.008580723421316779,0.0,,-0.5702801289175281,11396.580797177885
ppo_profit_only_seed_19,2020-12-07,11471.171661864433,-0.0020549134867725583,0.0,1.0,0.0,-0.0020570277183634862,0.0020549134867725053,,-0.611235386242582,11494.792465930324
ppo_profit_only_seed_19,2020-12-08,11504.738167481679,0.00292616191324524,0.0,1.0,0.0,0.0029218890348672224,0.0,,-0.5751569358585644,11471.171661864433
ppo_profit_only_seed_19,2020-12-09,11401.55364795356,-0.008968871609766116,0.0,1.0,0.0,-0.009009334055422738,0.008968871609766064,,-0.625687096117064,11504.738167481679
ppo_profit_only_seed_19,2020-12-10,11397.824246990378,-0.0003270958571379712,0.0,1.0,0.0,-0.00032714936465622605,0.009293033786157314,,-0.5045341371837958,11401.55364795356
ppo_profit_only_seed_19,2020-12-11,11384.459295573239,-0.0011725879542903161,0.0,1.0,0.0,-0.0011732759734401563,0.010454724840971194,,-0.488234237778244,11397.824246990378
ppo_profit_only_seed_19,2020-12-14,11333.489234952576,-0.004477161303609867,0.0,1.0,0.0,-0.004487213805950164,0.014885078655083204,,-0.4303334766316055,11384.459295573239
ppo_profit_only_seed_19,2020-12-15,11486.71146486056,0.01351942254777505,0.0,1.0,0.0,0.013428850562282912,0.0015668937753030622,,-0.3245016703691909,11333.489234952576
ppo_profit_only_seed_19,2020-12-16,11504.738167481677,0.0015693527844120592,0.0,1.0,0.0,0.0015681226371862288,1.5810784887632282e-16,,-0.4732096198096684,11486.71146486056
ppo_profit_only_seed_19,2020-12-17,11569.072231045175,0.00559196242686677,0.0,1.0,0.0,0.0055763854485796,0.0,,-0.5086512096640364,11504.738167481677
ppo_profit_only_seed_19,2020-12-18,11473.96871258682,-0.008220496558327905,0.0,1.0,0.0,-0.008254471160338043,0.008220496558327949,,-0.5582023180192586,11569.072231045175
ppo_profit_only_seed_19,2020-12-21,11432.943405043208,-0.003575511540188203,0.0,1.0,0.0,-0.0035819189593354387,0.011766615618205738,,-0.5912206650117584,11473.96871258682
ppo_profit_only_seed_19,2020-12-22,11413.674201083899,-0.0016854105960858456,0.0,1.0,0.0,-0.0016868324984086337,0.01343219463564857,,-0.3106368249343207,11432.943405043208
ppo_profit_only_seed_19,2020-12-23,11423.931002206955,0.000898641484096574,0.0,1.0,0.0,0.0008982379475764469,0.01254562387887412,,-0.3897607878577951,11413.674201083899
ppo_profit_only_seed_19,2020-12-24,11468.374611142044,0.003890395427502469,0.0,1.0,0.0,0.003882847409394495,0.008704035889145218,,-0.4682084089829041,11423.931002206955
ppo_profit_only_seed_19,2020-12-28,11566.897379466187,0.008590822297383172,0.0,1.0,0.0,0.008554131171718198,0.00018798841735567993,,-0.6156661669193918,11468.374611142044
ppo_profit_only_seed_19,2020-12-29,11544.830176310186,-0.0019077893087540154,0.0,1.0,0.0,-0.0019096114566623322,0.002095419083816917,,-0.6061212804122721,11566.897379466187
ppo_profit_only_seed_19,2020-12-30,11561.302329547108,0.0014267990940848296,0.0,1.0,0.0,0.0014257821834272697,0.0006716097317826408,,-0.4984645761930652,11544.830176310186
ppo_profit_only_seed_19,2020-12-31,11620.043240140136,0.005080821253407031,0.0,1.0,0.0,0.005067957435210907,0.0,,-0.5277852380797079,11561.302329547108
ppo_profit_only_seed_19,2021-01-04,11461.848159456475,-0.013613983822125086,0.0,1.0,0.0,-0.013707503856706198,0.013613983822125038,,-0.5343949912150368,11620.043240140136
ppo_profit_only_seed_19,2021-01-05,11540.789675775302,0.006887328746690624,0.0,1.0,0.0,0.0068637194394418535,0.006820419057569501,,-0.1958075701443868,11461.848159456475
ppo_profit_only_seed_19,2021-01-06,11609.786439017082,0.005978513184986545,0.0,1.0,0.0,0.005960712786412728,0.0008826818378457668,,-0.3335479297679812,11540.789675775302
ppo_profit_only_seed_19,2021-01-07,11782.278821358675,0.0148574983052141,0.0,1.0,0.0,0.01474820687893387,0.0,,-0.3603959788345364,11609.786439017082
ppo_profit_only_seed_19,2021-01-08,11849.410884118863,0.005697714659280706,0.0,1.0,0.0,0.00568154407760871,0.0,,-0.586597085360177,11782.278821358675
ppo_profit_only_seed_19,2021-01-11,11769.536069084937,-0.006740825836411557,0.0,1.0,0.0,-0.006763647820053871,0.006740825836411595,,-0.6582237723302314,11849.410884118863
ppo_profit_only_seed_19,2021-01-12,11772.022020235621,0.0002112191284424636,0.0,1.0,0.0,0.00021119682482293237,0.006531030499327317,,-0.4554975549183051,11769.536069084937
ppo_profit_only_seed_19,2021-01-13,11803.723825371275,0.0026929787492038226,0.0,1.0,0.0,0.002689359178759961,0.0038556396764686204,,-0.5231216848907005,11772.022020235621
ppo_profit_only_seed_19,2021-01-14,11762.387418255965,-0.003501980199372423,0.0,1.0,0.0,-0.0035081264856749047,0.00734411750203808,,-0.6215768967412542,11803.723825371275
ppo_profit_only_seed_19,2021-01-15,11676.60835067987,-0.007292657904037436,0.0,1.0,0.0,-0.007319379326411214,0.014583217269526133,,-0.5403016595238772,11762.387418255965
ppo_profit_only_seed_19,2021-01-19,11768.292619272437,0.007851960589842832,0.0,1.0,0.0,0.007821294369327474,0.006845763526956773,,-0.4547566807247573,11676.60835067987
ppo_profit_only_seed_19,2021-01-20,11931.15039963438,0.013838692292137411,0.0,1.0,0.0,0.013743811934587761,0.0,,-0.5530337311145016,11768.292619272437
ppo_profit_only_seed_19,2021-01-21,11942.027502952225,0.0009116558716901757,0.0,1.0,0.0,0.0009112405658674767,0.0,,-0.6982003151956254,11931.15039963438
ppo_profit_only_seed_19,2021-01-22,11899.759694070426,-0.0035394164744093626,0.0,1.0,0.0,-0.003545695028221511,0.003539416474409402,,-0.7252433202538535,11942.027502952225
ppo_profit_only_seed_19,2021-01-25,11946.690202630509,0.003943819855746211,0.0,1.0,0.0,0.003936063384946354,0.0,,-0.6803240407508724,11899.759694070426
ppo_profit_only_seed_19,2021-01-26,11928.042249340295,-0.001560930514972969,0.0,1.0,0.0,-0.001562150036233102,0.0015609305149729212,,-0.5758005709743513,11946.690202630509
ppo_profit_only_seed_19,2021-01-27,11636.515393377056,-0.024440461382450485,0.0,1.0,0.0,-0.024744086832159302,0.025963242035451466,,-0.5927094334622085,11928.042249340295
ppo_profit_only_seed_19,2021-01-28,11736.591762611088,0.008600200820512827,0.0,1.0,0.0,0.008563429768650509,0.0175863303103951,,0.6149059939431424,11636.515393377056
ppo_profit_only_seed_19,2021-01-29,11501.630017187588,-0.020019589176817898,0.0,1.0,0.0,-0.02022269647323792,0.03725384837927111,,0.0104230393710318,11736.591762611088
ppo_profit_only_seed_19,2021-02-01,11693.080503916794,0.01664550906637663,0.0,1.0,0.0,0.016508490980280167,0.021228448583849077,,0.2526377708930529,11501.630017187588
ppo_profit_only_seed_19,2021-02-02,11858.423286955122,0.014140224467191764,0.0,1.0,0.0,0.014041184037211234,0.007388399144723116,,0.0031282757989204,11693.080503916794
ppo_profit_only_seed_19,2021-02-03,11867.747737837377,0.0007863145594164678,0.0,1.0,0.0,0.0007860055760847452,0.006607894191124983,,-0.4043358252961432,11858.423286955122
ppo_profit_only_seed_19,2021-02-04,12002.633114026848,0.011365709751263386,0.0,1.0,0.0,0.011301605342968764,0.0,,-0.6373405755443162,11867.747737837377
ppo_profit_only_seed_19,2021-02-05,12049.873773684325,0.0039358580078789895,0.0,1.0,0.0,0.003928132782375852,0.0,,-0.7401848096245571,12002.633114026848
ppo_profit_only_seed_19,2021-02-08,12136.897239547223,0.0072219400383219945,0.0,1.0,0.0,0.007195986710037045,0.0,,-0.8222409328640775,12049.873773684325
ppo_profit_only_seed_19,2021-02-09,12128.816238477459,-0.0006658210010572763,0.0,1.0,0.0,-0.0006660427582992168,0.0006658210010572387,,-0.7936617201162512,12136.897239547223
ppo_profit_only_seed_19,2021-02-10,12123.532288130082,-0.00043565260149747154,0.0,1.0,0.0,-0.0004357475256623747,0.0011011835359034249,,-0.7637361250673007,12128.816238477459
ppo_profit_only_seed_19,2021-02-11,12143.11259166109,0.0016150658954552366,0.0,1.0,0.0,0.0016137630790994486,0.0,,-0.7364032572859182,12123.532288130082
ppo_profit_only_seed_19,2021-02-12,12203.096952066613,0.004939784585931806,0.0,1.0,0.0,0.004927623881120012,0.0,,-0.8063032239411334,12143.11259166109
ppo_profit_only_seed_19,2021-02-16,12192.529051371861,-0.0008660015352055517,0.0,1.0,0.0,-0.0008663767311641978,0.0008660015352055699,,-0.9231312556263124,12203.096952066613
ppo_profit_only_seed_19,2021-02-17,12195.327050568549,0.00022948472666328712,0.0,1.0,0.0,0.00022945839907117775,0.0006367155426679277,,-0.7969472731990006,12192.529051371861
ppo_profit_only_seed_19,2021-02-18,12143.423691232789,-0.004256003887434967,0.0,1.0,0.0,-0.004265086451425672,0.0048900095662780555,,-0.7977878175303572,12195.327050568549
ppo_profit_only_seed_19,2021-02-19,12121.97868722019,-0.0017659767589335296,0.0,1.0,0.0,-0.0017675379341602648,0.006647350681966532,,-0.7150456858550434,12143.423691232789
ppo_profit_only_seed_19,2021-02-22,12028.739869243425,-0.007691716045917674,0.0,1.0,0.0,-0.007721449861291909,0.014287937193980919,,-0.7582869940144594,12121.97868722019
ppo_profit_only_seed_19,2021-02-23,12043.347321998757,0.0012143793044092632,0.0,1.0,0.0,0.0012136425422739111,0.013090908864802716,,-0.6370409557544483,12028.739869243425
ppo_profit_only_seed_19,2021-02-24,12176.056898134937,0.011019326486895187,0.0,1.0,0.0,0.010959056064222558,0.0022158353766989296,,-0.6664729092961816,12043.347321998757
ppo_profit_only_seed_19,2021-02-25,11882.665341690106,-0.024095777385022776,0.0,1.0,0.0,-0.02439082995098161,0.026258220485762936,,-0.8212301645001946,12176.056898134937
ppo_profit_only_seed_19,2021-02-26,11821.438479946393,-0.0051526202230823825,0.0,1.0,0.0,-0.005165940747434386,0.03127554207094826,,-0.1482765672569006,11882.665341690106
ppo_profit_only_seed_19,2021-03-01,12107.992485133955,0.02424019764376939,0.0,1.0,0.0,0.02395106712203497,0.007793469748394673,,-0.2284064752891423,11821.438479946393
ppo_profit_only_seed_19,2021-03-02,12013.511165818998,-0.0078032191902134285,0.0,1.0,0.0,-0.007833823617744236,0.01553587478590903,,-0.6336766953462498,12107.992485133955
ppo_profit_only_seed_19,2021-03-03,11854.383734894542,-0.013245705500087968,0.0,1.0,0.0,-0.013334212282538175,0.02857579666389656,,-0.5630744824258629,12013.511165818998
ppo_profit_only_seed_19,2021-03-04,11707.687956672129,-0.012374812685588932,0.0,1.0,0.0,-0.012452018277785908,0.04059698921842834,,-0.3300759907554155,11854.383734894542
ppo_profit_only_seed_19,2021-03-05,11923.06939856462,0.01839658203136052,0.0,1.0,0.0,0.018229412041131186,0.022947253029450904,,-0.1590849258276594,11707.687956672129
ppo_profit_only_seed_19,2021-03-08,11863.707237302497,-0.004978765054346579,0.0,1.0,0.0,-0.004991200397351102,0.027811769102321218,,-0.5035952037945599,11923.06939856462
ppo_profit_only_seed_19,2021-03-09,12033.091469350005,0.014277512809395931,0.0,1.0,0.0,0.014176548996697468,0.013931339182535711,,-0.4260780098672345,11863.707237302497
ppo_profit_only_seed_19,2021-03-10,12107.992485133951,0.006224586256551756,0.0,1.0,0.0,0.006205293537590554,0.007793469748394972,,-0.5491292449321689,12033.091469350005
ppo_profit_only_seed_19,2021-03-11,12230.757308193079,0.010139155868312377,0.0,1.0,0.0,0.010088099450077105,0.0,,-0.6757808419421294,12107.992485133951
ppo_profit_only_seed_19,2021-03-12,12247.22946143,0.0013467811372471772,0.0,1.0,0.0,0.0013458750409823536,0.0,,-0.7293437251122816,12230.757308193079
ppo_profit_only_seed_19,2021-03-15,12320.26672520666,0.005963574374651337,0.0,1.0,0.0,0.005945862646910351,0.0,,-0.8499149195779911,12247.22946143
ppo_profit_only_seed_19,2021-03-16,12304.726922210533,-0.001261320338490135,0.0,1.0,0.0,-0.001262116472512049,0.0012613203384901858,,-0.9097374694819284,12320.26672520666
ppo_profit_only_seed_19,2021-03-17,12346.684579994939,0.0034098812634899556,0.0,1.0,0.0,0.0034040808005609087,0.0,,-0.9581946044722924,12304.726922210533
ppo_profit_only_seed_19,2021-03-18,12167.044495298678,-0.014549661776192768,0.0,1.0,0.0,-0.01465654612606892,0.014549661776192734,,-1.0370217287941854,12346.684579994939
ppo_profit_only_seed_19,2021-03-19,12104.885283314168,-0.005108817676184874,0.0,1.0,0.0,-0.00512191230295539,0.019584147883112902,,-0.8059444577610255,12167.044495298678
ppo_profit_only_seed_19,2021-03-22,12201.542402682417,0.00798496781307656,0.0,1.0,0.0,0.007953256654126096,0.011755558860529472,,-0.8943151488098354,12104.885283314168
ppo_profit_only_seed_19,2021-03-23,12105.506533983265,-0.00787079743934982,0.0,1.0,0.0,-0.007901935661560477,0.01953383067730173,,-1.155683118743034,12201.542402682417
ppo_profit_only_seed_19,2021-03-24,12043.96857266785,-0.005083468514321288,0.0,1.0,0.0,-0.00509643329642724,0.024517999578410873,,-0.9945494687315648,12105.506533983265
ppo_profit_only_seed_19,2021-03-25,12111.722834571441,0.005625576112623598,0.0,1.0,0.0,0.005609811654463194,0.019030351338544842,,-0.8922383520135697,12043.96857266785
ppo_profit_only_seed_19,2021-03-26,12306.902722263827,0.016114956588609175,0.0,1.0,0.0,0.015986489004367232,0.0032220680356222497,,-1.0944894518030022,12111.722834571441
ppo_profit_only_seed_19,2021-03-29,12300.686421675655,-0.0005051068273195236,0.0,1.0,0.0,-0.0005052344367457635,0.003725547374378844,,-1.2466140842952032,12306.902722263827
ppo_profit_only_seed_19,2021-03-30,12268.053214773508,-0.002652958199523048,0.0,1.0,0.0,-0.002656483529543106,0.0063686218524473355,,-1.0147510412977032,12300.686421675655
ppo_profit_only_seed_19,2021-03-31,12317.779825581674,0.0040533416294838975,0.0,1.0,0.0,0.004045148971267885,0.0023410944230403572,,-1.2035915949010692,12268.053214773508
ppo_profit_only_seed_19,2021-04-01,12450.800501289554,0.010799078859294209,0.0,1.0,0.0,0.010741185232806828,0.0,,-1.2521028451836504,12317.779825581674
ppo_profit_only_seed_19,2021-04-05,12629.50823574502,0.01435311202978129,0.0,1.0,0.0,0.014251081264420035,0.0,,-1.6204213633674094,12450.800501289554
ppo_profit_only_seed_19,2021-04-06,12622.049433818656,-0.0005905853012749818,0.0,1.0,0.0,-0.0005907597654680632,0.0005905853012750238,,-1.54398921514429,12629.50823574502
ppo_profit_only_seed_19,2021-04-07,12636.65688657399,0.0011572964304984446,0.0,1.0,0.0,0.0011566272792055982,0.0,,-1.516648279795646,12622.049433818656
ppo_profit_only_seed_19,2021-04-08,12696.64029850521,0.004746778556197873,0.0,1.0,0.0,0.004735548127749245,0.0,,-1.6878759907015009,12636.65688657399
ppo_profit_only_seed_19,2021-04-09,12788.946766241179,0.007270149076117116,0.0,1.0,0.0,0.007243848936019295,0.0,,-1.7364056840185984,12696.64029850521
ppo_profit_only_seed_19,2021-04-12,12793.609465919459,0.0003645882466716266,0.0,1.0,0.0,0.0003645218005266528,0.0,,-1.7845792035787733,12788.946766241179
ppo_profit_only_seed_19,2021-04-13,12831.525674694678,0.002963683460576405,0.0,1.0,0.0,0.002959300408599511,0.0,,-1.7426509138213129,12793.609465919459
ppo_profit_only_seed_19,2021-04-14,12787.704264902988,-0.003415136352656112,0.0,1.0,0.0,-0.0034209812419999062,0.0034151363526560936,,-1.7867954584809362,12831.525674694678
ppo_profit_only_seed_19,2021-04-15,12925.075592243144,0.01074245419619091,0.0,1.0,0.0,0.010685163961720182,0.0,,-1.7141418181535928,12787.704264902988
ppo_profit_only_seed_19,2021-04-16,12968.276699840044,0.0033424259137662116,0.0,1.0,0.0,0.0033368524241360826,0.0,,-1.7883367996114012,12925.075592243144
ppo_profit_only_seed_19,2021-04-19,12904.56293847134,-0.004913047650308866,0.0,1.0,0.0,-0.004925156345594385,0.004913047650308884,,-1.842551543751521,12968.276699840044
ppo_profit_only_seed_19,2021-04-20,12810.081619156383,-0.007321543531961683,0.0,1.0,0.0,-0.0073484775781939935,0.01219862009002418,,-1.640361041290418,12904.56293847134
ppo_profit_only_seed_19,2021-04-21,12931.291892831317,0.009462100030157128,0.0,1.0,0.0,0.009417614757574543,0.0028519446233887503,,-1.3863247137068526,12810.081619156383
ppo_profit_only_seed_19,2021-04-22,12813.188820976166,-0.009133122416069228,0.0,1.0,0.0,-0.00917508507407662,0.011959019880088715,,-1.6288186049055848,12931.291892831317
ppo_profit_only_seed_19,2021-04-23,12952.114697700517,0.010842412350696051,0.0,1.0,0.0,0.01078405484306848,0.0012462721542428124,,-1.3962620378677255,12813.188820976166
ppo_profit_only_seed_19,2021-04-26,12979.153803157891,0.002087620908898691,0.0,1.0,0.0,0.002085444856357964,0.0,,-1.6761943114770432,12952.114697700517
ppo_profit_only_seed_19,2021-04-27,12976.356752435506,-0.00021550331899944375,0.0,1.0,0.0,-0.00021552654317634503,0.00021550331899949107,,-1.6045490822666568,12979.153803157891
ppo_profit_only_seed_19,2021-04-28,12972.627351472323,-0.00028739969425406464,0.0,1.0,0.0,-0.0002874410014608353,0.0005028410776656193,,-1.607766995881305,12976.356752435506
ppo_profit_only_seed_19,2021-04-29,13055.299217228638,0.006372792767143753,0.0,1.0,0.0,0.006352572384720713,0.0,,-1.6513960617545282,12972.627351472323
ppo_profit_only_seed_19,2021-04-30,12969.519201178238,-0.006570513216364926,0.0,1.0,0.0,-0.006592194060024211,0.00657051321636492,,-1.570048104966696,13055.299217228638
ppo_profit_only_seed_19,2021-05-03,12997.491605350711,0.0021567803508037997,0.0,1.0,0.0,0.0021544578388955128,0.004427904019360933,,-1.3585901379539385,12969.519201178238
ppo_profit_only_seed_19,2021-05-04,12917.305690745083,-0.00616933767224892,0.0,1.0,0.0,-0.006188446669683702,0.010569924456534055,,-1.4152400852917872,12997.491605350711
ppo_profit_only_seed_19,2021-05-05,12921.346191279963,0.00031279746965928723,0.0,1.0,0.0,0.0003127485587299854,0.010260433232499285,,-1.170502511149699,12917.305690745083
ppo_profit_only_seed_19,2021-05-06,13024.530710808083,0.007985585867032574,0.0,1.0,0.0,0.007953869811847956,0.0023567829360778016,,-1.230458555042488,12921.346191279963
ppo_profit_only_seed_19,2021-05-07,13119.323129694738,0.007277991122397465,0.0,1.0,0.0,0.007251634350647923,0.0,,-1.3790695263015285,13024.530710808083
ppo_profit_only_seed_19,2021-05-10,12989.410604280947,-0.009902380186043502,0.0,1.0,0.0,-0.009951734842057611,0.00990238018604345,,-1.7154865124604768,13119.323129694738
ppo_profit_only_seed_19,2021-05-11,12873.483332479085,-0.008924752271951109,0.0,1.0,0.0,-0.008964816426748644,0.018738756167931424,,-1.0922801198484522,12989.410604280947
ppo_profit_only_seed_19,2021-05-12,12599.983179136965,-0.021245233032779476,0.0,1.0,0.0,-0.02147416122439174,0.03958587995917871,,-0.6370393474399949,12873.483332479085
ppo_profit_only_seed_19,2021-05-13,12751.340708563359,0.01201251837200945,0.0,1.0,0.0,0.011940940721582477,0.02804888769745099,,0.5579331104402602,12599.983179136965
ppo_profit_only_seed_19,2021-05-14,12947.141846924842,0.015355337359152399,0.0,1.0,0.0,0.015238637296052007,0.013124250471441987,,-0.3612020558429238,12751.340708563359
ppo_profit_only_seed_19,2021-05-17,12914.197540450996,-0.002544523483510863,0.0,1.0,0.0,-0.0025477662854817987,0.015635378991424764,,-1.2573931573464463,12947.141846924842
ppo_profit_only_seed_19,2021-05-18,12802.932968327419,-0.008615678347420608,0.0,1.0,0.0,-0.008653007871549514,0.024116347942615284,,-1.058536452824842,12914.197540450996
ppo_profit_only_seed_19,2021-05-19,12769.366462710172,-0.0026217825009540174,0.0,1.0,0.0,-0.002625225391685548,0.026674902624546384,,-0.7116301422291762,12802.932968327419
ppo_profit_only_seed_19,2021-05-20,12906.738738524633,0.010757955472233016,0.0,1.0,0.0,0.010700500368250966,0.016203914566974415,,-0.5290608912222639,12769.366462710172
ppo_profit_only_seed_19,2021-05-21,12896.171786304185,-0.0008187158998506083,0.0,1.0,0.0,-0.000819051230752596,0.01700936406432923,,-0.8412905490119578,12906.738738524633
ppo_profit_only_seed_19,2021-05-24,13027.63886110217,0.010194271368004326,0.0,1.0,0.0,0.010142660245797856,0.006988490769393903,,-0.9434657255266268,12896.171786304185
ppo_profit_only_seed_19,2021-05-25,12998.734106688902,-0.00221872548981783,0.0,1.0,0.0,-0.0022211905080248458,0.00919171071660628,,-1.3016812274868417,13027.63886110217
ppo_profit_only_seed_19,2021-05-26,13024.530710808085,0.0019845474111135353,0.0,1.0,0.0,0.0019825807983610447,0.007225404691199064,,-1.1991630056426097,12998.734106688902
ppo_profit_only_seed_19,2021-05-27,13031.36826206535,0.0005249748654354569,0.0,1.0,0.0,0.0005248371143392543,0.006704222981619146,,-1.4962253910221917,13024.530710808085
ppo_profit_only_seed_19,2021-05-28,13054.677966559542,0.001788738068438045,0.0,1.0,0.0,0.0017871401816827895,0.004927477012047632,,-1.6102040363741736,13031.36826206535
ppo_profit_only_seed_19,2021-06-01,13043.178664098297,-0.0008808568461590172,0.0,1.0,0.0,-0.0008812450285228658,0.005803993456346274,,-1.590348913894112,13054.677966559542
ppo_profit_only_seed_19,2021-06-02,13063.690369395797,0.0015726001939970757,0.0,1.0,0.0,0.0015713649531690686,0.004240520623584556,,-1.3418309176338956,13043.178664098297
ppo_profit_only_seed_19,2021-06-03,13015.206259925824,-0.0037113639483952188,0.0,1.0,0.0,-0.0037182681475316022,0.007936146456614961,,-1.4162357204598155,13063.690369395797
ppo_profit_only_seed_19,2021-06-04,13134.24168202177,0.00914587289042501,0.0,1.0,0.0,0.009104302666706848,0.0,,-1.2902126401976055,13015.206259925824
ppo_profit_only_seed_19,2021-06-07,13121.498929748032,-0.0009701932233499022,0.0,1.0,0.0,-0.0009706641654230643,0.0009701932233499527,,-1.608056426490088,13134.24168202177
ppo_profit_only_seed_19,2021-06-08,13124.295980470417,0.00021316548797978285,0.0,1.0,0.0,0.00021314277144534677,0.0007572345470821015,,-1.593359785069718,13121.498929748032
ppo_profit_only_seed_19,2021-06-09,13104.715676939408,-0.0014919126755557066,0.0,1.0,0.0,-0.0014930266854129297,0.0022480174948186853,,-1.4480085427851028,13124.295980470417
ppo_profit_only_seed_19,2021-06-10,13165.631439111421,0.004648384877148359,0.0,1.0,0.0,0.004637614499841,0.0,,-1.2708095130754715,13104.715676939408
ppo_profit_only_seed_19,2021-06-11,13187.38754269572,0.0016524922245406692,0.0,1.0,0.0,0.0016511283615731592,0.0,,-1.617220821692743,13165.631439111421
ppo_profit_only_seed_19,2021-06-14,13216.913547778084,0.002238957866883773,0.0,1.0,0.0,0.0022364551356958834,0.0,,-1.7170388341618743,13187.38754269572
ppo_profit_only_seed_19,2021-06-15,13192.671493043097,-0.0018341691233246804,0.0,1.0,0.0,-0.0018358532711675475,0.0018341691233247088,,-1.5608221774389248,13216.913547778084
ppo_profit_only_seed_19,2021-06-16,13119.012030123038,-0.005583362168830042,0.0,1.0,0.0,-0.005599007397880924,0.007407290461660316,,-1.4239211997301666,13192.671493043097
ppo_profit_only_seed_19,2021-06-17,13114.66137849076,-0.00033162951770204785,0.0,1.0,0.0,-0.0003316845189309103,0.007736463503199135,,-1.1828023041439797,13119.012030123038
ppo_profit_only_seed_19,2021-06-18,12895.550535635084,-0.01670731988666041,0.0,1.0,0.0,-0.01684846142861668,0.024314527819320152,,-1.2596603785632985,13114.66137849076
ppo_profit_only_seed_19,2021-06-21,13080.162522632718,0.0143159445955785,0.0,1.0,0.0,0.01421443907866227,0.010346668656870754,,-0.6340766827268104,12895.550535635084
ppo_profit_only_seed_19,2021-06-22,13150.09163611529,0.0053461960706966405,0.0,1.0,0.0,0.0053319558957808455,0.005055787905492269,,-1.2244523204914382,13080.162522632718
ppo_profit_only_seed_19,2021-06-23,13134.241682021768,-0.001205311303686507,0.0,1.0,0.0,-0.001206038275566232,0.006255005410867209,,-1.4765026445802332,13150.09163611529
ppo_profit_only_seed_19,2021-06-24,13211.940697002405,0.005915759498090534,0.0,1.0,0.0,0.005898330097850598,0.00037624902044661017,,-1.537663839599695,13134.241682021768
ppo_profit_only_seed_19,2021-06-25,13258.870257088183,0.0035520565193292164,0.0,1.0,0.0,0.0035457628657765165,0.0,,-1.6048006575770777,13211.940697002405
ppo_profit_only_seed_19,2021-06-28,13285.599211448161,0.0020159300032134286,0.0,1.0,0.0,0.0020139007430977347,0.0,,-1.6684466353679055,13258.870257088183
ppo_profit_only_seed_19,2021-06-29,13292.74786227713,0.0005380751530430494,0.0,1.0,0.0,0.000537930442515654,0.0,,-1.63302434785893,13285.599211448161
ppo_profit_only_seed_19,2021-06-30,13303.936065166676,0.0008416772066590639,0.0,1.0,0.0,0.0008413231950273803,0.0,,-1.5660659418197924,13292.74786227713
ppo_profit_only_seed_19,2021-07-01,13377.594579612434,0.005536595642444242,0.0,1.0,0.0,0.005521325035644419,0.0,,-1.5943910277829916,13303.936065166676
ppo_profit_only_seed_19,2021-07-02,13479.846748899758,0.007643539253548326,0.0,1.0,0.0,0.00761447541383626,0.0,,-1.654548701003993,13377.594579612434
ppo_profit_only_seed_19,2021-07-06,13455.293594593073,-0.001821471324122359,0.0,1.0,0.0,-0.001823132220170776,0.0018214713241223295,,-1.7254767881335145,13479.846748899758
ppo_profit_only_seed_19,2021-07-07,13502.845353822251,0.003534055863952723,0.0,1.0,0.0,0.0035278257625641373,0.0,,-1.4177841383124885,13455.293594593073
ppo_profit_only_seed_19,2021-07-08,13392.824231511167,-0.008147995435639044,0.0,1.0,0.0,-0.008181371774258997,0.00814799543563905,,-1.4574510914001937,13502.845353822251
ppo_profit_only_seed_19,2021-07-09,13535.789660296097,0.010674778247933281,0.0,1.0,0.0,0.010618205050717838,0.0,,-0.8484397155139476,13392.824231511167
ppo_profit_only_seed_19,2021-07-12,13584.27376976607,0.003581919539736189,0.0,1.0,0.0,0.003575519743758136,0.0,,-1.4435594379049326,13535.789660296097
ppo_profit_only_seed_19,2021-07-13,13537.96546034939,-0.0034089646750014024,0.0,1.0,0.0,-0.003414788434172046,0.003408964675001454,,-1.4328913342878564,13584.27376976607
ppo_profit_only_seed_19,2021-07-14,13558.167014549494,0.0014922149313552069,0.0,1.0,0.0,0.0014911026849908,0.0019218366516347404,,-1.2223578975397402,13537.96546034939
ppo_profit_only_seed_19,2021-07-15,13511.85870513281,-0.0034155287633637066,0.0,1.0,0.0,-0.0034213749975135267,0.005330801326636329,,-1.3820525642775596,13558.167014549494
ppo_profit_only_seed_19,2021-07-16,13405.877134882305,-0.007843596692603483,0.0,1.0,0.0,-0.00787451950063324,0.01313258536358531,,-1.2252906319008718,13511.85870513281
ppo_profit_only_seed_19,2021-07-19,13207.90019646753,-0.014767921294730924,0.0,1.0,0.0,-0.014878052663657744,0.027706565671270476,,-0.9074211584990032,13405.877134882305
ppo_profit_only_seed_19,2021-07-20,13397.174883143447,0.014330414665499891,0.0,1.0,0.0,0.014228704817839114,0.0137731975807968,,-0.0303619679642356,13207.90019646753
ppo_profit_only_seed_19,2021-07-21,13505.64240454464,0.008096298088761111,0.0,1.0,0.0,0.008063698904327666,0.005788411405285186,,-0.6245408767526351,13397.174883143447
ppo_profit_only_seed_19,2021-07-22,13533.924959814507,0.002094128840576248,0.0,1.0,0.0,0.00209193920915645,0.003706404243973838,,-1.0100772040486092,13505.64240454464
ppo_profit_only_seed_19,2021-07-23,13673.16193611056,0.010287996771777719,0.0,1.0,0.0,0.010235435525560058,0.0,,-1.0498208939776936,13533.924959814507
ppo_profit_only_seed_19,2021-07-26,13706.7274932535,0.002454849675574522,0.0,1.0,0.0,0.0024518414542579526,0.0,,-1.1459924476791212,13673.16193611056
ppo_profit_only_seed_19,2021-07-27,13644.258130171595,-0.00455756949371422,0.0,1.0,0.0,-0.004567986877577146,0.0045575694937141815,,-1.0559989142993251,13706.7274932535
ppo_profit_only_seed_19,2021-07-28,13638.663080252518,-0.0004100662612578354,0.0,1.0,0.0,-0.00041015036141902467,0.004965766849489337,,-0.6690728958210704,13644.258130171595
ppo_profit_only_seed_19,2021-07-29,13695.228190792255,0.00414740874577646,0.0,1.0,0.0,0.004138831952258488,0.0008389531685739684,,-0.8875937577735988,13638.663080252518
ppo_profit_only_seed_19,2021-07-30,13628.718327175467,-0.004856426098946209,0.0,1.0,0.0,-0.004868256855177465,0.005691304953456544,,-1.0111078491247143,13695.228190792255
ppo_profit_only_seed_19,2021-08-02,13600.124672333899,-0.0020980443028566498,0.0,1.0,0.0,-0.0021002482810405123,0.0077774086463797696,,-0.8890531002326078,13628.718327175467
ppo_profit_only_seed_19,2021-08-03,13710.767993788382,0.008135463763766726,0.0,1.0,0.0,0.008102549274361074,0.0,,-0.6237751410476433,13600.124672333899
ppo_profit_only_seed_19,2021-08-04,13643.3257799308,-0.004918923133127029,0.0,1.0,0.0,-0.004931060854894027,0.004918923133126992,,-0.92065745178312,13710.767993788382
ppo_profit_only_seed_19,2021-08-05,13729.727046650294,0.006332859605726826,0.0,1.0,0.0,0.006312891310267438,0.0,,-0.9292565144695858,13643.3257799308
ppo_profit_only_seed_19,2021-08-06,13752.414552001084,0.0016524367362660275,0.0,1.0,0.0,0.001651072964839652,0.0,,-1.069041455338986,13729.727046650294
ppo_profit_only_seed_19,2021-08-09,13741.226349111537,-0.0008135446213638486,0.0,1.0,0.0,-0.000813875728381726,0.0008135446213638941,,-1.299400564126869,13752.414552001084
ppo_profit_only_seed_19,2021-08-10,13758.319753017557,0.001243950392180615,0.0,1.0,0.0,0.0012431773269283135,0.0,,-1.1708086514118423,13741.226349111537
ppo_profit_only_seed_19,2021-08-11,13792.507509303896,0.002484878742467167,0.0,1.0,0.0,0.002481796536168155,0.0,,-1.14851243337466,13758.319753017557
ppo_profit_only_seed_19,2021-08-12,13833.8429679449,0.0029969502364324274,0.0,1.0,0.0,0.002992468333533074,0.0,,-1.2688677788477092,13792.507509303896
ppo_profit_only_seed_19,2021-08-13,13859.018321394986,0.0018198380239258238,0.0,1.0,0.0,0.0018181841249573095,0.0,,-1.3798951861712525,13833.8429679449
ppo_profit_only_seed_19,2021-08-16,13891.65152829713,0.002354655008411921,0.0,1.0,0.0,0.0023518871523535295,0.0,,-1.3981750034648208,13859.018321394986
ppo_profit_only_seed_19,2021-08-17,13800.588510373656,-0.00655523338877162,0.0,1.0,0.0,-0.0065768132903881865,0.006555233388771647,,-1.2496662156968676,13891.65152829713
ppo_profit_only_seed_19,2021-08-18,13649.541132044662,-0.010944995440988259,0.0,1.0,0.0,-0.011005332567218307,0.017428481830205175,,-0.8734852502604865,13800.588510373656
ppo_profit_only_seed_19,2021-08-19,13670.67503648556,0.0015483234371360677,0.0,1.0,0.0,0.0015471260202361639,0.015907143319960494,,-0.1139056612295378,13649.541132044662
ppo_profit_only_seed_19,2021-08-20,13779.45365745845,0.00795707751684338,0.0,1.0,0.0,0.007925586914016684,0.008076640175585592,,-0.0924338390767193,13670.67503648556
ppo_profit_only_seed_19,2021-08-23,13900.664879607688,0.008796518727259395,0.0,1.0,0.0,0.008758054757839811,0.0,,-0.7337230460006157,13779.45365745845
ppo_profit_only_seed_19,2021-08-24,13922.731134289384,0.0015874244054374653,0.0,1.0,0.0,0.0015861657791226762,0.0,,-1.0195284036964052,13900.664879607688
ppo_profit_only_seed_19,2021-08-25,13951.94603980005,0.0020983602447592897,0.0,1.0,0.0,0.0020961617618364863,0.0,,-0.9988327793265296,13922.731134289384
ppo_profit_only_seed_19,2021-08-26,13869.585273615436,-0.005903174076911433,0.0,1.0,0.0,-0.005920666684245556,0.005903174076911411,,-1.080808705669999,13951.94603980005
ppo_profit_only_seed_19,2021-08-27,13993.592598012756,0.008940954033659798,0.0,1.0,0.0,0.008901220366445443,0.0,,-0.6543792078519346,13869.585273615436
ppo_profit_only_seed_19,2021-08-30,14055.130559328169,0.004397581313332788,0.0,1.0,0.0,0.0043879402073269185,0.0,,-1.1496983503863034,13993.592598012756
ppo_profit_only_seed_19,2021-08-31,14034.306805984665,-0.0014815766566952382,0.0,1.0,0.0,-0.0014826752766506047,0.0014815766566952022,,-1.1820554709608029,14055.130559328169
ppo_profit_only_seed_19,2021-09-01,14041.765607911031,0.0005314692082394323,0.0,1.0,0.0,0.000531328028499354,0.0009508948608284099,,-1.1136583954099324,14034.306805984665
ppo_profit_only_seed_19,2021-09-02,14084.966715507931,0.0030766150641741152,0.0,1.0,0.0,0.0030718919689984346,0.0,,-1.1797262002251907,14041.765607911031
ppo_profit_only_seed_19,2021-09-03,14081.547465642143,-0.00024275881759971973,0.0,1.0,0.0,-0.0002427882882910909,0.00024275881759974828,,-1.1094603731810753,14084.966715507931
ppo_profit_only_seed_19,2021-09-07,14031.19865569058,-0.003575516829695813,0.0,1.0,0.0,-0.0035819242678236233,0.003817407659057644,,-1.105640497292259,14081.547465642143
ppo_profit_only_seed_19,2021-09-08,14014.105251784562,-0.0012182425981892564,0.0,1.0,0.0,-0.0012189852589251802,0.0050309997286219444,,-0.742878506079017,14031.19865569058
ppo_profit_only_seed_19,2021-09-09,13954.121839853344,-0.004280217028024613,0.0,1.0,0.0,-0.004289403379350889,0.009289682985940172,,-0.7744975243544296,14014.105251784562
ppo_profit_only_seed_19,2021-09-10,13844.099769067958,-0.007884557125706015,0.0,1.0,0.0,-0.007915804602961502,0.01710099507546387,,-0.5929902037662343,13954.121839853344
ppo_profit_only_seed_19,2021-09-13,13879.53002669249,0.0025592316015876637,0.0,1.0,0.0,0.002555962345060828,0.014585528880891882,,-0.1357691290413482,13844.099769067958
ppo_profit_only_seed_19,2021-09-14,13804.629010908542,-0.005396509510041114,0.0,1.0,0.0,-0.005411123266716993,0.019903327445618305,,-0.4635552653262839,13879.53002669249
ppo_profit_only_seed_19,2021-09-15,13919.934083567003,0.008352638275707758,0.0,1.0,0.0,0.008317948028820436,0.011716934464546748,,-0.4397344007926204,13804.629010908542
ppo_profit_only_seed_19,2021-09-16,13897.867828885308,-0.0015852269521695606,0.0,1.0,0.0,-0.001586484753857675,0.013283587416406352,,-0.7046042927773577,13919.934083567003
ppo_profit_only_seed_19,2021-09-17,13718.537895286443,-0.012903413372959638,0.0,1.0,0.0,-0.012987385545187014,0.026015597169856308,,-0.5911737025972323,13897.867828885308
ppo_profit_only_seed_19,2021-09-20,13489.792450451112,-0.016674185440266664,0.0,1.0,0.0,-0.016814764556054327,0.04225599371857346,,-0.1375612525884669,13718.537895286443
ppo_profit_only_seed_19,2021-09-21,13477.049698177372,-0.0009446218183523092,0.0,1.0,0.0,-0.0009450682547066522,0.04316069960330301,,0.9030527569568776,13489.792450451112
ppo_profit_only_seed_19,2021-09-22,13608.515824501055,0.00975481498309394,0.0,1.0,0.0,0.009707543940329367,0.03382690925938013,,0.6210176562956203,13477.049698177372
ppo_profit_only_seed_19,2021-09-23,13773.859556013686,0.012150019417616509,0.0,1.0,0.0,0.012076800409973613,0.022087887446102978,,-0.1174419786936952,13608.515824501055
ppo_profit_only_seed_19,2021-09-24,13796.54800983878,0.0016472110618543923,0.0,1.0,0.0,0.0016458558976701042,0.020477059796782823,,-0.5896318871837872,13773.859556013686
ppo_profit_only_seed_19,2021-09-27,13757.077251679366,-0.002860915508086981,0.0,1.0,0.0,-0.002865015749021722,0.023279392166937134,,-0.771808938120422,13796.54800983878
ppo_profit_only_seed_19,2021-09-28,13479.84674889976,-0.02015184604315312,0.0,1.0,0.0,-0.020357664264720066,0.04296211548316394,,-0.5489950059816147,13757.077251679366
ppo_profit_only_seed_19,2021-09-29,13502.535202724855,0.001683138855191224,0.0,1.0,0.0,0.0016817239644042515,0.041351287833843654,,0.421866317953839,13479.84674889976
ppo_profit_only_seed_19,2021-09-30,13337.502570783925,-0.01222234413487222,0.0,1.0,0.0,-0.012297651231544271,0.05306822229839053,,0.2766722718232056,13502.535202724855
ppo_profit_only_seed_19,2021-10-01,13496.007802564982,0.0118841762871158,0.0,1.0,0.0,0.01181411400616329,0.04181471812031262,,0.405781391545174,13337.502570783925
ppo_profit_only_seed_19,2021-10-04,13321.962767787798,-0.01289603839322806,0.0,1.0,0.0,-0.01297991418698259,0.05417151230325915,,-0.03178353905376,13496.007802564982
ppo_profit_only_seed_19,2021-10-05,13460.57754494045,0.010404981575824479,0.0,1.0,0.0,0.010351222342687637,0.044330184314884606,,0.3779783587114854,13321.962767787798
ppo_profit_only_seed_19,2021-10-06,13516.520456336788,0.004156055801436631,0.0,1.0,0.0,0.004147443256090675,0.04035836723314857,,0.0216435864596108,13460.57754494045
ppo_profit_only_seed_19,2021-10-07,13633.380078379443,0.008645688246479821,0.0,1.0,0.0,0.008608528312384057,0.032061604847903484,,-0.0369652356087516,13516.520456336788
ppo_profit_only_seed_19,2021-10-08,13608.515824501057,-0.001823777649815339,0.0,1.0,0.0,-0.0018254427571049513,0.03382690925938,,-0.3531014147091992,13633.380078379443
ppo_profit_only_seed_19,2021-10-11,13509.99400465122,-0.007239718211772717,0.0,1.0,0.0,-0.0072660521488330685,0.04082173018013956,,-0.5181320778909795,13608.515824501057
ppo_profit_only_seed_19,2021-10-12,13476.738598605672,-0.0024615411401439635,0.0,1.0,0.0,-0.0024645757133770234,0.043182786952033286,,-0.2409660352724011,13509.99400465122
ppo_profit_only_seed_19,2021-10-13,13525.222708075647,0.003597614446197772,0.0,1.0,0.0,0.003591158510690694,0.039740527524001215,,-0.2700940997555754,13476.738598605672
ppo_profit_only_seed_19,2021-10-14,13752.725651572784,0.01682064306130049,0.0,1.0,0.0,0.016680742674928382,0.02358834569124973,,-0.5339554750894331,13525.222708075647
ppo_profit_only_seed_19,2021-10-15,13857.463772010795,0.007615808174435079,0.0,1.0,0.0,0.0075869543117504275,0.016152181832751487,,-0.9236554198282542,13752.725651572784
ppo_profit_only_seed_19,2021-10-18,13898.489079554407,0.0029605206420582064,0.0,1.0,0.0,0.002956146931003765,0.013239480058423389,,-1.0407191995650136,13857.463772010795
ppo_profit_only_seed_19,2021-10-19,14005.714099617406,0.007714868821297571,0.0,1.0,0.0,0.007685261401572473,0.005626752089038764,,-1.030742528682774,13898.489079554407
ppo_profit_only_seed_19,2021-10-20,14060.724660772947,0.003927722696912994,0.0,1.0,0.0,0.003920029332475949,0.001721129714015839,,-1.1603238296638814,14005.714099617406
ppo_profit_only_seed_19,2021-10-21,14097.398368209973,0.0026082373648450563,0.0,1.0,0.0,0.0026048418167514496,0.0,,-1.200541013431558,14060.724660772947
ppo_profit_only_seed_19,2021-10-22,14082.790915454641,-0.001036180745822679,0.0,1.0,0.0,-0.0010367179522190301,0.001036180745822727,,-1.3006160321611966,14097.398368209973
ppo_profit_only_seed_19,2021-10-25,14158.31413038199,0.005362801690428354,0.0,1.0,0.0,0.005348473074299051,0.0,,-1.1972379836015148,14082.790915454641
ppo_profit_only_seed_19,2021-10-26,14171.05688265573,0.0009000190387353779,0.0,1.0,0.0,0.0008996142644518357,0.0,,-1.2315764613415112,14158.31413038199
ppo_profit_only_seed_19,2021-10-27,14108.276420002127,-0.004430189164679854,0.0,1.0,0.0,-0.004440031532488631,0.0044301891646798715,,-1.0612052355882178,14171.05688265573
ppo_profit_only_seed_19,2021-10-28,14244.405246004093,0.00964886297584644,0.0,1.0,0.0,0.009602609985319628,0.0,,-0.8289604411857717,14108.276420002127
ppo_profit_only_seed_19,2021-10-29,14273.309051943055,0.0020291339259019825,0.0,1.0,0.0,0.002027078014334198,0.0,,-0.952282641761229,14244.405246004093
ppo_profit_only_seed_19,2021-11-01,14297.862206249743,0.0017202145779464662,0.0,1.0,0.0,0.00171873670344748,0.0,,-1.0324312267271103,14273.309051943055
ppo_profit_only_seed_19,2021-11-02,14355.669818127673,0.004043094767878008,0.0,1.0,0.0,0.004034943423944309,0.0,,-1.0119938235009551,14297.862206249743
ppo_profit_only_seed_19,2021-11-03,14443.314534659663,0.006105233516956243,0.0,1.0,0.0,0.0060866720883999866,0.0,,-1.1327244686023616,14355.669818127673
ppo_profit_only_seed_19,2021-11-04,14511.378947660647,0.004712520303954415,0.0,1.0,0.0,0.004701451142290312,0.0,,-1.4103131648115306,14443.314534659663
ppo_profit_only_seed_19,2021-11-05,14561.727757612212,0.0034696089278050124,0.0,1.0,0.0,0.0034636037212191872,0.0,,-1.312792191697161,14511.378947660647
ppo_profit_only_seed_19,2021-11-08,14574.159410314256,0.0008537209944434743,0.0,1.0,0.0,0.0008533567819511243,0.0,,-1.0102282272831846,14561.727757612212
ppo_profit_only_seed_19,2021-11-09,14525.98640041598,-0.003305371414023539,0.0,1.0,0.0,-0.0033108462216264803,0.0033053714140235642,,-0.7904921219773613,14574.159410314256
ppo_profit_only_seed_19,2021-11-10,14409.126778373326,-0.008044866546158214,0.0,1.0,0.0,-0.00807740109324133,0.011323646688270442,,-0.6226382672681363,14525.98640041598
ppo_profit_only_seed_19,2021-11-11,14413.788529577303,0.0003235276693500655,0.0,1.0,0.0,0.00032347534555880655,0.011003782531941925,,-0.3412536592064396,14409.126778373326
ppo_profit_only_seed_19,2021-11-12,14522.567150550194,0.007546844519723317,0.0,1.0,0.0,0.0075185095590189445,0.003539981848116035,,-0.6470745841846213,14413.788529577303
ppo_profit_only_seed_19,2021-11-15,14527.540001325871,0.00034242229518555156,0.0,1.0,0.0,0.00034236368205134573,0.0031987717216398633,,-1.039219989385372,14522.567150550194
ppo_profit_only_seed_19,2021-11-16,14585.0374621064,0.003957824984497149,0.0,1.0,0.0,0.003950013399666602,0.0,,-0.9729676118564252,14527.540001325871
ppo_profit_only_seed_19,2021-11-17,14549.607204481867,-0.002429219514628267,0.0,1.0,0.0,-0.0024321748554379046,0.002429219514628296,,-1.0001963248913306,14585.0374621064
ppo_profit_only_seed_19,2021-11-18,14599.023664192635,0.0033964119454403807,0.0,1.0,0.0,0.0033906571651105342,0.0,,-0.7776181311477254,14549.607204481867
ppo_profit_only_seed_19,2021-11-19,14572.916908976058,-0.0017882535035962377,0.0,1.0,0.0,-0.0017898543376422005,0.0017882535035962373,,-0.6313302858973215,14599.023664192635
ppo_profit_only_seed_19,2021-11-22,14531.891601432451,-0.0028151747381705006,0.0,1.0,0.0,-0.0028191447952606065,0.004598393995677938,,-0.532279738140675,14572.916908976058
ppo_profit_only_seed_19,2021-11-23,14551.160805391759,0.0013259941986774049,0.0,1.0,0.0,0.0013251158447456824,0.0032784972407620882,,-0.1578296976752609,14531.891601432451
ppo_profit_only_seed_19,2021-11-24,14590.010312882076,0.00266985624101701,0.0,1.0,0.0,0.0026662985058638765,0.0006173941160645255,,-0.0923751648439715,14551.160805391759
ppo_profit_only_seed_19,2021-11-26,14264.606800204194,-0.022303172218498757,0.0,1.0,0.0,-0.02255564904823986,0.022906796487266,,-0.3245846911828484,14590.010312882076
ppo_profit_only_seed_19,2021-11-29,14439.585133696479,0.012266607551340236,0.0,1.0,0.0,0.012191982366394495,0.010921177618693411,,2.591171396527735,14264.606800204194
ppo_profit_only_seed_19,2021-11-30,14158.62522995369,-0.019457616070086114,0.0,1.0,0.0,-0.01964940742643132,0.03016629360764175,,0.9411110238047814,14439.585133696479
ppo_profit_only_seed_19,2021-12-01,14001.362499510826,-0.011107203410551603,0.0,1.0,0.0,-0.01116934899862544,0.0409384338589509,,2.142231600699738,14158.62522995369
ppo_profit_only_seed_19,2021-12-02,14215.811591162523,0.015316301657013032,0.0,1.0,0.0,0.015200191196353595,0.026249157604287286,,3.194849203268089,14001.362499510826
ppo_profit_only_seed_19,2021-12-03,14092.115366336902,-0.008701312903057756,0.0,1.0,0.0,-0.00873939036972244,0.03472206837358846,,2.270670618072056,14215.811591162523
ppo_profit_only_seed_19,2021-12-06,14259.012698759423,0.01184331295081531,0.0,1.0,0.0,0.011773729778026496,0.0232899797448212,,2.966909929747352,14092.115366336902
ppo_profit_only_seed_19,2021-12-07,14553.957856114144,0.020684823247291373,0.0,1.0,0.0,0.020473797351641076,0.0030869056119844883,,1.98736282621478,14259.012698759423
ppo_profit_only_seed_19,2021-12-08,14592.496264032761,0.0026479675356780863,0.0,1.0,0.0,0.0026444678463242634,0.0004471121021526636,,0.5471955039792189,14553.957856114144
ppo_profit_only_seed_19,2021-12-09,14493.974444182924,-0.006751539837133391,0.0,1.0,0.0,-0.0067744345903001085,0.007195633244116675,,0.0067360503887155,14592.496264032761
ppo_profit_only_seed_19,2021-12-10,14630.413421282286,0.009413496458462456,0.0,1.0,0.0,0.009369465607831392,0.0,,0.4646960774991172,14493.974444182924
ppo_profit_only_seed_19,2021-12-13,14500.811995440195,-0.008858357047762278,0.0,1.0,0.0,-0.00889782554948811,0.008858357047762224,,-0.3179459523526494,14630.413421282286
ppo_profit_only_seed_19,2021-12-14,14401.045777303556,-0.006880043556733995,0.0,1.0,0.0,-0.0069038201752757615,0.015677454722166525,,0.1267665588056623,14500.811995440195
ppo_profit_only_seed_19,2021-12-15,14626.062769650009,0.015625045279773042,0.0,1.0,0.0,0.01550423111912541,0.00029737038229890416,,0.5625649125174047,14401.045777303556
ppo_profit_only_seed_19,2021-12-16,14497.082594477013,-0.008818516452742009,0.0,1.0,0.0,-0.008857629685864215,0.009113264469432027,,-0.1451944298588444,14626.062769650009
ppo_profit_only_seed_19,2021-12-17,14292.578255902363,-0.014106585738330568,0.0,1.0,0.0,-0.014207029348729174,0.023091293161168508,,0.2078470257515069,14497.082594477013
ppo_profit_only_seed_19,2021-12-20,14140.599475806874,-0.010633405490204417,0.0,1.0,0.0,-0.010690344140578838,0.033479159567897085,,0.4826244603819318,14292.578255902363
ppo_profit_only_seed_19,2021-12-21,14391.722274895601,0.017758992432985066,0.0,1.0,0.0,0.01760314396298361,0.01631472327634097,,0.8370725726284668,14140.599475806874
ppo_profit_only_seed_19,2021-12-22,14535.621002395632,0.009998714868966196,0.0,1.0,0.0,0.00994905844539441,0.0064791346735809776,,0.3331392309385471,14391.722274895601
ppo_profit_only_seed_19,2021-12-23,14626.062769650009,0.006222077972414919,0.0,1.0,0.0,0.006202800766794267,0.00029737038229890416,,-0.3166076124778934,14535.621002395632
ppo_profit_only_seed_19,2021-12-27,14833.053059375343,0.014152153794584565,0.0,1.0,0.0,0.014052946964016847,0.0,,-0.4963445974001821,14626.062769650009
ppo_profit_only_seed_19,2021-12-28,14820.931557770697,-0.0008171953242616103,0.0,1.0,0.0,-0.0008175294103820851,0.000817195324261634,,-0.5694066032443946,14833.053059375343
ppo_profit_only_seed_19,2021-12-29,14839.89061063261,0.0012792079086265673,0.0,1.0,0.0,0.0012783904192747832,0.0,,-0.6034429585505241,14820.931557770697
ppo_profit_only_seed_19,2021-12-30,14798.865303089002,-0.0027645289726202504,0.0,1.0,0.0,-0.0027683573402238052,0.0027645289726202123,,-0.7601499655219154,14839.89061063261
ppo_profit_only_seed_19,2021-12-31,14761.569396508576,-0.0025201869073462335,0.0,1.0,0.0,-0.0025233679239984996,0.005277748750244724,,-0.6495276926996184,14798.865303089002
ppo_profit_only_seed_19,2022-01-03,14847.038312987277,0.005789961364061735,0.0,1.0,0.0,0.0057732639583171685,0.0,,-0.6742428660378282,14761.569396508576
ppo_profit_only_seed_19,2022-01-04,14842.065462211602,-0.00033493890638958135,0.0,1.0,0.0,-0.0003349950109531719,0.00033493890638952904,,-0.8401422730088052,14847.038312987277
ppo_profit_only_seed_19,2022-01-05,14557.066006408233,-0.01920214248677088,0.0,1.0,0.0,-0.019388898230360302,0.01953064984855559,,-0.7474145188561339,14842.065462211602
ppo_profit_only_seed_19,2022-01-06,14543.390903893698,-0.0009394133755054046,0.0,1.0,0.0,-0.0009398549007886061,0.020451715870360952,,0.0476136236107935,14557.066006408233
ppo_profit_only_seed_19,2022-01-07,14485.893443113164,-0.003953511334494952,0.0,1.0,0.0,-0.003961347119826926,0.024324371114352546,,0.0169855551671133,14543.390903893698
ppo_profit_only_seed_19,2022-01-10,14467.867688966351,-0.001244366059822366,0.0,1.0,0.0,-0.0012451409261460564,0.02553846875233364,,-0.2192089591024337,14485.893443113164
ppo_profit_only_seed_19,2022-01-11,14599.644914861734,0.009108268663244656,0.0,1.0,0.0,0.009067038551736909,0.01666281132373307,,-0.0338874826255193,14467.867688966351
ppo_profit_only_seed_19,2022-01-12,14639.115673021148,0.002703542338843734,0.0,1.0,0.0,0.002699894341785254,0.014004317600787177,,-0.3086901884942477,14599.644914861734
ppo_profit_only_seed_19,2022-01-13,14437.40933364319,-0.013778587715492119,0.0,1.0,0.0,-0.013874393518961387,0.02758994559782123,,-0.5274999680896054,14639.115673021148
ppo_profit_only_seed_19,2022-01-14,14443.314534659663,0.0004090208208415991,0.0,1.0,0.0,0.0004089371946281227,0.027192209639175065,,0.2382985344011492,14437.40933364319
ppo_profit_only_seed_19,2022-01-18,14187.529035892656,-0.017709612163689825,0.0,1.0,0.0,-0.017868303713834164,0.044420258316281366,,-0.0741234484077969,14443.314534659663
ppo_profit_only_seed_19,2022-01-19,14040.212007001144,-0.010383557878106742,0.0,1.0,0.0,-0.01043784312485474,0.054342575871200574,,0.952735329704676,14187.529035892656
ppo_profit_only_seed_19,2022-01-20,13884.81397703987,-0.011068068622025473,0.0,1.0,0.0,-0.011129775432800469,0.06480917713438593,,1.2494003600377594,14040.212007001144
ppo_profit_only_seed_19,2022-01-21,13612.246173938544,-0.01963064132886827,0.0,1.0,0.0,-0.019825881722007412,0.08316757275210998,,1.7300526599813428,13884.81397703987
ppo_profit_only_seed_19,2022-01-24,13670.05378581647,0.004246735706896265,0.0,1.0,0.0,0.004237743773401898,0.07927402774607603,,2.610788116764616,13612.246173938544
ppo_profit_only_seed_19,2022-01-25,13503.15645339395,-0.012208974085799573,0.0,1.0,0.0,-0.012284115838726838,0.09051514728144676,,2.8552121208324053,13670.05378581647
ppo_profit_only_seed_19,2022-01-26,13469.27979667931,-0.0025087953939929575,0.0,1.0,0.0,-0.0025119476945792865,0.09279685869085345,,3.13579207924774,13503.15645339395
ppo_profit_only_seed_19,2022-01-27,13402.768984588218,-0.004937963506221665,0.0,1.0,0.0,-0.004950195532161598,0.09727659469536772,,3.437309074752985,13469.27979667931
ppo_profit_only_seed_19,2022-01-28,13735.632247666768,0.024835410015744408,0.0,1.0,0.0,0.024532024102334755,0.07485708879381817,,3.027389362861251,13402.768984588218
ppo_profit_only_seed_19,2022-01-31,13983.025645792311,0.018011067394991365,0.0,1.0,0.0,0.01785078977354817,0.05819427747008509,,2.2921751003452178,13735.632247666768
ppo_profit_only_seed_19,2022-02-01,14077.507913581572,0.006756925874457753,0.0,1.0,0.0,0.006734200164012837,0.05183056601481031,,1.5223006328905455,13983.025645792311
ppo_profit_only_seed_19,2022-02-02,14214.25799025263,0.009714082741812957,0.0,1.0,0.0,0.009667204382406593,0.04261996967982021,,0.7105246965458858,14077.507913581572
ppo_profit_only_seed_19,2022-02-03,13880.152225835891,-0.02350497399483331,0.0,1.0,0.0,-0.023785622375082246,0.06512316239566875,,0.7493661482647109,14214.25799025263
ppo_profit_only_seed_19,2022-02-04,13945.419588114488,0.004702207959730531,0.0,1.0,0.0,0.004691187114582218,0.06072717708851796,,1.391228873116218,13880.152225835891
ppo_profit_only_seed_19,2022-02-07,13900.664879607695,-0.0032092765817485214,0.0,1.0,0.0,-0.003214437354360076,0.06374156336296058,,1.062966501130047,13945.419588114488
ppo_profit_only_seed_19,2022-02-08,14015.037602025363,0.008227859847585561,0.0,1.0,0.0,0.008194195539497481,0.05603816016519143,,0.9569826544463482,13900.664879607695
ppo_profit_only_seed_19,2022-02-09,14220.163191269105,0.014636106949445393,0.0,1.0,0.0,0.014530032891025087,0.04222223372117392,,0.552047459003096,14015.037602025363
ppo_profit_only_seed_19,2022-02-10,13964.688792073799,-0.017965644680657533,0.0,1.0,0.0,-0.01812898618938685,0.059429328753173145,,0.1320802005243396,14220.163191269105
ppo_profit_only_seed_19,2022-02-11,13689.322989775781,-0.019718721011120044,0.0,1.0,0.0,-0.019915729123292678,0.07797617941073122,,1.2541706567289637,13964.688792073799
ppo_profit_only_seed_19,2022-02-14,13644.56828126899,-0.003269314964678416,0.0,1.0,0.0,-0.0032746708514205564,0.08099056568517372,,2.207141858518654,13689.322989775781
ppo_profit_only_seed_19,2022-02-15,13864.612422839766,0.01612686726577106,0.0,1.0,0.0,0.015998210716834927,0.06616982252198714,,2.4449454980718386,13644.56828126899
ppo_profit_only_seed_19,2022-02-16,13880.152225835893,0.0011208249118113134,0.0,1.0,0.0,0.0011201972565205234,0.06512316239566862,,1.697847239112846,13864.612422839766
ppo_profit_only_seed_19,2022-02-17,13583.652519096977,-0.02136141606480546,0.0,1.0,0.0,-0.02159287321665315,0.0850934554930843,,1.3018789715638073,13880.152225835893
ppo_profit_only_seed_19,2022-02-18,13495.697651467588,-0.006475052825868022,0.0,1.0,0.0,-0.006496106913848236,0.091017523699499,,2.329609362502605,13583.652519096977
ppo_profit_only_seed_19,2022-02-22,13350.866573726766,-0.010731648076383271,0.0,1.0,0.0,-0.010789647538041491,0.10077240374275537,,2.209357526823967,13495.697651467588
ppo_profit_only_seed_19,2022-02-23,13114.040127821672,-0.01773865723226875,0.0,1.0,0.0,-0.017897872870124194,0.11672349384655958,,2.465655454073319,13350.866573726766
ppo_profit_only_seed_19,2022-02-24,13311.394867093048,0.01504911814725074,0.0,1.0,0.0,0.014937003586184076,0.10343096134876563,,2.996520337730776,13114.040127821672
ppo_profit_only_seed_19,2022-02-25,13605.097523109576,0.02206400298007738,0.0,1.0,0.0,0.021824115045759783,0.08364905940811962,,2.798882301453319,13311.394867093048
ppo_profit_only_seed_19,2022-02-28,13570.28851615414,-0.0025585268239577408,0.0,1.0,0.0,-0.002561805447203176,0.08599356786978282,,2.081681291610752,13605.097523109576
ppo_profit_only_seed_19,2022-03-01,13363.609326000505,-0.015230272363598085,0.0,1.0,0.0,-0.015347444189967911,0.09991413477320653,,2.713946430917946,13570.28851615414
ppo_profit_only_seed_19,2022-03-02,13609.449123216156,0.018396212521518462,0.0,1.0,0.0,0.018229049206145667,0.08335596390887964,,3.4535025933692824,13363.609326000505
ppo_profit_only_seed_19,2022-03-03,13541.69486131257,-0.004978472037343917,0.0,1.0,0.0,-0.004990905914229309,0.08791945061075739,,2.7665963153178468,13609.449123216156
ppo_profit_only_seed_19,2022-03-04,13431.673739001486,-0.008124619808514866,0.0,1.0,0.0,-0.00815780439569187,0.09532975830928632,,2.686480857622913,13541.69486131257
ppo_profit_only_seed_19,2022-03-07,13035.718913697634,-0.02947918725527998,0.0,1.0,0.0,-0.029922431219486775,0.1219987017683663,,3.0092530983827364,13431.673739001486
ppo_profit_only_seed_19,2022-03-08,12936.885994276094,-0.00758170071599884,0.0,1.0,0.0,-0.007610587910874517,0.12865544483981695,,3.9873711217771888,13035.718913697634
ppo_profit_only_seed_19,2022-03-09,13283.734510966575,0.026810819608671155,0.0,1.0,0.0,0.026457707170737758,0.10529398315441943,,3.5725370966346115,12936.885994276094
ppo_profit_only_seed_19,2022-03-10,13223.751099035357,-0.004515553354495161,0.0,1.0,0.0,-0.004525779260906256,0.10933407591007349,,2.887797975700156,13283.734510966575
ppo_profit_only_seed_19,2022-03-11,13055.610316800343,-0.012715059514942006,0.0,1.0,0.0,-0.012796587712040211,0.1206589461428077,,2.3427243509747577,13223.751099035357
ppo_profit_only_seed_19,2022-03-14,12960.195698770285,-0.007308323066848588,0.0,1.0,0.0,-0.007335159693643527,0.1270854546503391,,2.423621841905461,13055.610316800343
ppo_profit_only_seed_19,2022-03-15,13245.196103047958,0.02199043987466287,0.0,1.0,0.0,0.021752137407685203,0.10788967982510869,,2.6072687671155883,12960.195698770285
ppo_profit_only_seed_19,2022-03-16,13538.897810590184,0.02217420604853415,0.0,1.0,0.0,0.021931933271714867,0.08810784176752692,,2.1465726436486494,13245.196103047958
ppo_profit_only_seed_19,2022-03-17,13708.282042637695,0.01251093216133281,0.0,1.0,0.0,0.012433317136645933,0.07669922083742912,,1.4372489578755987,13538.897810590184
ppo_profit_only_seed_19,2022-03-18,13815.506114226391,0.00782184603841607,0.0,1.0,0.0,0.0077914139875613605,0.06947730429566985,,1.2107138026941635,13708.282042637695
ppo_profit_only_seed_19,2022-03-21,13811.466562165813,-0.0002923926222593298,0.0,1.0,0.0,-0.0002924353773164843,0.06974938226673863,,0.8128325495862658,13815.506114226391
ppo_profit_only_seed_19,2022-03-22,13973.079944240957,0.011701391836103525,0.0,1.0,0.0,0.011633459968707478,0.05886415528286439,,0.7337314506852712,13811.466562165813
ppo_profit_only_seed_19,2022-03-23,13793.128759972997,-0.012878419431224142,0.0,1.0,0.0,-0.012962065201010127,0.07098449743289105,,0.6020379841794518,13973.079944240957
ppo_profit_only_seed_19,2022-03-24,14001.051399939124,0.015074363734608909,0.0,1.0,0.0,0.014961874573180461,0.056980179832103996,,0.7368711703114761,13793.128759972997
ppo_profit_only_seed_19,2022-03-25,14069.426912511808,0.004883598425542646,0.0,1.0,0.0,0.004871712340953125,0.05237484972307658,,0.320582683445726,14001.051399939124
ppo_profit_only_seed_19,2022-03-28,14169.50328174584,0.007113038068738531,0.0,1.0,0.0,0.007087859739227152,0.04563435595426271,,0.1312793310317312,14069.426912511808
ppo_profit_only_seed_19,2022-03-29,14344.791766335522,0.012370827763278136,0.0,1.0,0.0,0.01229493434210343,0.033828062948582864,,-0.1252437434845637,14169.50328174584
ppo_profit_only_seed_19,2022-03-30,14256.21564803704,-0.006174792896356585,0.0,1.0,0.0,-0.006193935772894751,0.039793974562147,,-0.2838834559111311,14344.791766335522
ppo_profit_only_seed_19,2022-03-31,14036.793705609663,-0.015391317572948537,0.0,1.0,0.0,-0.01551099346915823,0.05457281043511967,,-0.1900038492989381,14256.21564803704
ppo_profit_only_seed_19,2022-04-01,14076.575563340777,0.0028341128726010467,0.0,1.0,0.0,0.0028301043466709796,0.05189336306706682,,0.0756146589280775,14036.793705609663
ppo_profit_only_seed_19,2022-04-04,14197.163637872312,0.008566577431344813,0.0,1.0,0.0,0.008530092526005388,0.043771334148608905,,-0.1289968325413248,14076.575563340777
ppo_profit_only_seed_19,2022-04-05,14017.83465274775,-0.01263132479829876,0.0,1.0,0.0,-0.012711778187951285,0.055849769008421764,,-0.3609987514496152,14197.163637872312
ppo_profit_only_seed_19,2022-04-06,13877.665326210903,-0.00999935653466788,0.0,1.0,0.0,-0.010049685888730729,0.06529066379039557,,0.1732569190723647,14017.83465274775
ppo_profit_only_seed_19,2022-04-07,13947.594439693476,0.005038968143330047,0.0,1.0,0.0,0.005026315031306617,0.060580693221962204,,0.4030437427015956,13877.665326210903
ppo_profit_only_seed_19,2022-04-08,13910.299481587354,-0.002673934796955657,0.0,1.0,0.0,-0.0026775161462257403,0.06309263919528799,,0.2787686050458334,13947.594439693476
ppo_profit_only_seed_19,2022-04-11,13672.540685441463,-0.017092284494708676,0.0,1.0,0.0,-0.01724004370458936,0.07910652635134884,,0.1898366938173375,13910.299481587354
ppo_profit_only_seed_19,2022-04-12,13621.8807759182,-0.003705230116974989,0.0,1.0,0.0,-0.0037121114853793627,0.08251864858443751,,0.8867250240579007,13672.540685441463
ppo_profit_only_seed_19,2022-04-13,13777.90005654857,0.01145357848867623,0.0,1.0,0.0,0.011388482839123713,0.0720102039141026,,0.8559490190300765,13621.8807759182
ppo_profit_only_seed_19,2022-04-14,13606.340972922073,-0.01245175846263702,0.0,1.0,0.0,-0.012529931210354815,0.08356530871075603,,0.317097676555998,13777.90005654857
ppo_profit_only_seed_19,2022-04-18,13611.935074366846,0.0004111392957082405,0.0,1.0,0.0,0.0004110548011065768,0.08318852639721681,,0.5051039642452173,13606.340972922073
ppo_profit_only_seed_19,2022-04-19,13831.66811636592,0.01614267485104759,0.0,1.0,0.0,0.016013767300200717,0.06838873687913731,,0.3846935997359747,13611.935074366846
ppo_profit_only_seed_19,2022-04-20,13821.411315242865,-0.0007415447679024467,0.0,1.0,0.0,-0.0007418198482218364,0.06907956833702357,,0.2065783671397651,13831.66811636592
ppo_profit_only_seed_19,2022-04-21,13614.732125089231,-0.014953551807383003,0.0,1.0,0.0,-0.015066483396335524,0.08300013524044728,,-0.0267046520401094,13821.411315242865
ppo_profit_only_seed_19,2022-04-22,13241.155602513076,-0.027439138658316153,0.0,1.0,0.0,-0.02782262309124242,0.10816182167924183,,0.4889192289287737,13614.732125089231
ppo_profit_only_seed_19,2022-04-25,13317.922267252918,0.005797580441186945,0.0,1.0,0.0,0.0057808391465373225,0.10299131809990567,,1.6876927513864766,13241.155602513076
ppo_profit_only_seed_19,2022-04-26,12932.224243072118,-0.028960825603343676,0.0,1.0,0.0,-0.02938846712083878,0.1289694301010995,,1.414485241765549,13317.922267252918
ppo_profit_only_seed_19,2022-04-27,12968.586850937445,0.002811782968023202,0.0,1.0,0.0,0.0028078373008030367,0.12652028118003025,,2.7776511131524044,12932.224243072118
ppo_profit_only_seed_19,2022-04-28,13296.166163668615,0.02525944549675363,0.0,1.0,0.0,0.024945698119335478,0.10445666782997755,,2.329425508122001,12968.586850937445
ppo_profit_only_seed_19,2022-04-29,12804.79766880901,-0.03695565238965315,0.0,1.0,0.0,-0.037655816727894316,0.1375520559135246,,1.962649781419904,13296.166163668615
ppo_profit_only_seed_19,2022-05-02,12881.875433120551,0.0060194441415730715,0.0,1.0,0.0,0.006001399663298588,0.13236059868908148,,2.635011256326345,12804.79766880901
ppo_profit_only_seed_19,2022-05-03,12940.926494810974,0.00458404228460374,0.0,1.0,0.0,0.004573567561620413,0.12838330298568393,,2.3763922781649285,12881.875433120551
ppo_profit_only_seed_19,2022-05-04,13335.015671158932,0.030452933683378758,0.0,1.0,0.0,0.029998447023786144,0.10184001751418133,,1.72093071753001,12940.926494810974
ppo_profit_only_seed_19,2022-05-05,12861.051679777045,-0.03554281472701826,0.0,1.0,0.0,-0.03618983821471714,0.1337631513668967,,0.9288607664182716,13335.015671158932
ppo_profit_only_seed_19,2022-05-06,12784.285015037203,-0.0059689259207744705,0.0,1.0,0.0,-0.005986811165077935,0.1389336549462329,,2.085069107058948,12861.051679777045
ppo_profit_only_seed_19,2022-05-09,12374.967135264817,-0.03201726802014637,0.0,1.0,0.0,-0.03254103072846203,0.16650264689894714,,1.8588647966015772,12784.285015037203
ppo_profit_only_seed_19,2022-05-10,12403.559841632079,0.0023105278627999493,0.0,1.0,0.0,0.0023078626978000794,0.16457682804103718,,2.727116275298084,12374.967135264817
ppo_profit_only_seed_19,2022-05-11,12206.5152534581,-0.015886131940332726,0.0,1.0,0.0,-0.01601366905204431,0.17784847077678856,,2.3420846911819413,12403.559841632079
ppo_profit_only_seed_19,2022-05-12,12193.77250118436,-0.0010439303936583544,0.0,1.0,0.0,-0.001044475668510782,0.1787067397463374,,2.238250561131708,12206.5152534581
ppo_profit_only_seed_19,2022-05-13,12485.299357147598,0.02390784770955201,0.0,1.0,0.0,0.02362653009661004,0.1590713855553114,,2.060078956372082,12193.77250118436
ppo_profit_only_seed_19,2022-05-16,12434.639447624333,-0.004057564666582358,0.0,1.0,0.0,-0.004065818917765599,0.16248350778840018,,1.4839876916571286,12485.299357147598
ppo_profit_only_seed_19,2022-05-17,12690.42494639134,0.020570399314302268,0.0,1.0,0.0,0.020361686007753992,0.14525545911129387,,1.2043219997061985,12434.639447624333
ppo_profit_only_seed_19,2022-05-18,12178.853948857324,-0.04031157346543279,0.0,1.0,0.0,-0.041146602893011884,0.1797115564655066,,0.9351460084910984,12690.42494639134
ppo_profit_only_seed_19,2022-05-19,12104.263084170774,-0.006124621002910446,0.0,1.0,0.0,-0.0061434534278095535,0.18473551229522264,,1.8503752790209056,12178.853948857324
ppo_profit_only_seed_19,2022-05-20,12109.547034518151,0.0004365363104414932,0.0,1.0,0.0,0.00043644105618661204,0.18437961974372605,,1.5291664185750724,12104.263084170774
ppo_profit_only_seed_19,2022-05-23,12336.117627774493,0.01871007995678986,0.0,1.0,0.0,0.018537199486682282,0.16911929721474386,,1.530332507264872,12109.547034518151
ppo_profit_only_seed_19,2022-05-24,12241.946459556933,-0.007633776773134482,0.0,1.0,0.0,-0.007663063186207389,0.17546205502491155,,1.3390121135349409,12336.117627774493
ppo_profit_only_seed_19,2022-05-25,12350.102881386425,0.008834904007038569,0.0,1.0,0.0,0.008796104601187101,0.16817734143089577,,1.5079009564998824,12241.946459556933
ppo_profit_only_seed_19,2022-05-26,12596.875028842871,0.01998138394687965,0.0,1.0,0.0,0.01978437609715666,0.1515563735143124,,1.2939275980678984,12350.102881386425
ppo_profit_only_seed_19,2022-05-27,12906.117487855528,0.02454914082298898,0.0,1.0,0.0,0.0242526532107174,0.13072781144734774,,1.1217416198572123,12596.875028842871
ppo_profit_only_seed_19,2022-05-31,12833.701474747966,-0.005610983564631633,0.0,1.0,0.0,-0.0056267842656146936,0.13560528341050804,,0.78193854880351,12906.117487855528
ppo_profit_only_seed_19,2022-06-01,12729.895704550749,-0.00808852928373538,0.0,1.0,0.0,-0.008121418909250163,0.14259696538834835,,0.8633653914719718,12833.701474747966
ppo_profit_only_seed_19,2022-06-02,12972.317200374919,0.019043478552421167,0.0,1.0,0.0,0.018864421193364102,0.12626902908794055,,0.7636332585931843,12729.895704550749
ppo_profit_only_seed_19,2022-06-03,12759.421709633112,-0.016411523666384986,0.0,1.0,0.0,-0.01654768451432691,0.1406082855951174,,0.5771355736797558,12972.317200374919
ppo_profit_only_seed_19,2022-06-06,12798.27121712343,0.003044770239154948,0.0,1.0,0.0,0.003040144313791592,0.13799163527932104,,0.5847433241716076,12759.421709633112
ppo_profit_only_seed_19,2022-06-07,12921.035091708254,0.009592223238758413,0.0,1.0,0.0,0.009546509960919805,0.12972305861124328,,0.631541481906686,12798.27121712343
ppo_profit_only_seed_19,2022-06-08,12780.555614074012,-0.010872153557139663,0.0,1.0,0.0,-0.010931687318656349,0.13918484315525967,,0.4296956319911874,12921.035091708254
ppo_profit_only_seed_19,2022-06-09,12476.597105408733,-0.023782886898168765,0.0,1.0,0.0,-0.024070265359212983,0.15965751267072759,,0.4141778337631167,12780.555614074012
ppo_profit_only_seed_19,2022-06-10,12114.830036391222,-0.028995652096570512,0.0,1.0,0.0,-0.029424332942413495,0.18402379107529393,,0.8081842687611117,12476.597105408733
ppo_profit_only_seed_19,2022-06-13,11654.85224709557,-0.03796815868765335,0.0,1.0,0.0,-0.03870772978690952,0.21500490526109697,,1.111947474026112,12114.830036391222
ppo_profit_only_seed_19,2022-06-14,11619.732140568434,-0.003013346354166613,0.0,1.0,0.0,-0.003017895623606632,0.21737036736786713,,2.2610663702361435,11654.85224709557
ppo_profit_only_seed_19,2022-06-15,11785.386971652766,0.014256338190961726,0.0,1.0,0.0,0.01415567222560042,0.20621293464679527,,1.9884957765763485,11619.732140568434
ppo_profit_only_seed_19,2022-06-16,11395.337347365385,-0.03309603878307621,0.0,1.0,0.0,-0.03365610467930433,0.23248414214722923,,1.4060008819590597,11785.386971652766
ppo_profit_only_seed_19,2022-06-17,11370.784193058698,-0.0021546667341413306,0.0,1.0,0.0,-0.0021569913683171533,0.23413788303407052,,1.9976200330633085,11395.337347365385
ppo_profit_only_seed_19,2022-06-21,11657.028047148868,0.025173624723693777,0.0,1.0,0.0,0.024861988219845085,0.2148583575114765,,1.646668201598336,11370.784193058698
ppo_profit_only_seed_19,2022-06-22,11635.894142707966,-0.0018129753446094465,0.0,1.0,0.0,-0.001814620773458237,0.21628179995133434,,1.4613449837240462,11657.028047148868
ppo_profit_only_seed_19,2022-06-23,11749.955765553932,0.0098025662185528,0.0,1.0,0.0,0.009754832753127888,0.20859935039867228,,1.2251902060221345,11635.894142707966
ppo_profit_only_seed_19,2022-06-24,12123.532288130085,0.03179386629448655,0.0,1.0,0.0,0.03129890514558157,0.18343766395987784,,1.2332999117826624,11749.955765553932
ppo_profit_only_seed_19,2022-06-27,12077.223978713404,-0.0038197043828571697,0.0,1.0,0.0,-0.003827018083700481,0.1865566906937264,,0.8948603384590061,12123.532288130085
ppo_profit_only_seed_19,2022-06-28,11830.451831256956,-0.020432853434811937,0.0,1.0,0.0,-0.020644492068412824,0.20317765861030992,,0.8369780813194766,12077.223978713404
ppo_profit_only_seed_19,2022-06-29,11820.817229277302,-0.000814390026440015,0.0,1.0,0.0,-0.0008147218221505732,0.20382658277798227,,1.0857298341303832,11830.451831256956
ppo_profit_only_seed_19,2022-06-30,11724.78136057815,-0.008124300277758567,0.0,1.0,0.0,-0.00815748224765673,0.21029493469266314,,1.0410010570893526,11820.817229277302
ppo_profit_only_seed_19,2022-07-01,11848.78868497547,0.010576514869118592,0.0,1.0,0.0,0.010520974806040478,0.20194260732722175,,1.132552366241277,11724.78136057815
ppo_profit_only_seed_19,2022-07-05,11871.166039228865,0.00188857737683934,0.0,1.0,0.0,0.0018867962567546738,0.20043541419000058,,0.7587429282238657,11848.78868497547
ppo_profit_only_seed_19,2022-07-06,11911.258996531678,0.0033773394433473936,0.0,1.0,0.0,0.003371649041169943,0.19773501317684075,,0.9054324393983412,11871.166039228865
ppo_profit_only_seed_19,2022-07-07,12089.655631415446,0.014977143468688947,0.0,1.0,0.0,0.014866093490139646,0.1857193753692844,,0.7503615822287254,11911.258996531678
ppo_profit_only_seed_19,2022-07-08,12079.710878338396,-0.000822583651697073,0.0,1.0,0.0,-0.00082292215927569,0.18638918929899934,,0.6249605595354227,12089.655631415446
ppo_profit_only_seed_19,2022-07-11,11941.71735185484,-0.011423578583408589,0.0,1.0,0.0,-0.011489328872573005,0.19568353633135305,,0.3558884717944307,12079.710878338396
ppo_profit_only_seed_19,2022-07-12,11836.04593270173,-0.008848929851508869,0.0,1.0,0.0,-0.008888314142629599,0.2028008762967706,,0.6318556944192438,11941.71735185484
ppo_profit_only_seed_19,2022-07-13,11773.88672071722,-0.005251687289652307,0.0,1.0,0.0,-0.00526552587121192,0.20698751680204477,,0.8318379949970478,11836.04593270173
ppo_profit_only_seed_19,2022-07-14,11745.294014349956,-0.0024284849213771498,0.0,1.0,0.0,-0.0024314384736241856,0.20891333565995485,,0.7386076448685983,11773.88672071722
ppo_profit_only_seed_19,2022-07-15,11969.688807553008,0.019105080973613298,0.0,1.0,0.0,0.018924870585949317,0.19379956088059264,,0.6547746047027228,11745.294014349956
ppo_profit_only_seed_19,2022-07-18,11870.855888131473,-0.008256933075751371,0.0,1.0,0.0,-0.00829121036156714,0.20045630395204292,,0.247388694949008,11969.688807553008
ppo_profit_only_seed_19,2022-07-19,12191.596701131071,0.027019181769385003,0.0,1.0,0.0,0.026660608249491968,0.17885328749595727,,0.4417388130979574,11870.855888131473
ppo_profit_only_seed_19,2022-07-20,12269.295716111706,0.006373161521445958,0.0,1.0,0.0,0.0063529388038422304,0.1736199868643647,,0.29130534080969,12191.596701131071
ppo_profit_only_seed_19,2022-07-21,12394.236339224126,0.010183194374258298,0.0,1.0,0.0,0.01013169497427413,0.16520479856360246,,0.1729648417697721,12269.295716111706
ppo_profit_only_seed_19,2022-07-22,12279.241417663061,-0.009278096561475047,0.0,1.0,0.0,-0.00932140619483879,0.1729501090515854,,0.0257702530926703,12394.236339224126
ppo_profit_only_seed_19,2022-07-25,12294.159969990096,0.001214940876199,0.0,1.0,0.0,0.0012142034327723445,0.1719452923324162,,0.0069057628723514,12279.241417663061
ppo_profit_only_seed_19,2022-07-26,12148.707641580175,-0.011831009907547041,0.0,1.0,0.0,-0.01190155325669028,0.18174201578282237,,0.0641696281753185,12294.159969990096
ppo_profit_only_seed_19,2022-07-27,12464.1654527067,0.025966367817333857,0.0,1.0,0.0,0.025634966306172267,0.16049482799516898,,0.3086476332459689,12148.707641580175
ppo_profit_only_seed_19,2022-07-28,12620.495832908773,0.0125423864754719,0.0,1.0,0.0,0.012464382307969712,0.14996542967972687,,0.0336110239375911,12464.1654527067
ppo_profit_only_seed_19,2022-07-29,12804.48656923731,0.014578724858715031,0.0,1.0,0.0,0.014473476936627172,0.13757300955863155,,-0.1405821009893909,12620.495832908773
ppo_profit_only_seed_19,2022-08-01,12766.569411987786,-0.002961239956361772,0.0,1.0,0.0,-0.002965633102317808,0.14012686282217138,,-0.3320774923526572,12804.48656923731
ppo_profit_only_seed_19,2022-08-02,12682.34394532158,-0.006597345296781021,0.0,1.0,0.0,-0.006619203971790231,0.1457997428195599,,-0.050933534019929,12766.569411987786
ppo_profit_only_seed_19,2022-08-03,12880.943082879758,0.01565949783529086,0.0,1.0,0.0,0.015538153058459705,0.13242339574133785,,0.151685938430985,12682.34394532158
ppo_profit_only_seed_19,2022-08-04,12872.240831140896,-0.0006755911956809468,0.0,1.0,0.0,-0.0006758195102501209,0.13300952285675383,,-0.2258746170516185,12880.943082879758
ppo_profit_only_seed_19,2022-08-05,12850.484727556597,-0.0016901566611203789,0.0,1.0,0.0,-0.0016915865873166037,0.13447487258682544,,-0.3255979134808168,12872.240831140896
ppo_profit_only_seed_19,2022-08-08,12835.566175229565,-0.0011609330420851993,0.0,1.0,0.0,-0.0011616074468590203,0.1354796893059944,,-0.3843515708456047,12850.484727556597
ppo_profit_only_seed_19,2022-08-09,12784.596114608907,-0.003971002129927292,0.0,1.0,0.0,-0.003978907493970385,0.13891270130112568,,-0.3628127454268405,12835.566175229565
ppo_profit_only_seed_19,2022-08-10,13053.123417175351,0.021003972292843898,0.0,1.0,0.0,0.020786429765404738,0.12082644753753476,,-0.2758938046126559,12784.596114608907
ppo_profit_only_seed_19,2022-08-11,13053.123417175351,0.0,0.0,1.0,0.0,0.0,0.12082644753753476,,-0.6677997799058171,13053.123417175351
ppo_profit_only_seed_19,2022-08-12,13274.099908986922,0.016929012677594724,0.0,1.0,0.0,0.01678731391991028,0.10594290732209166,,-0.5844353283642059,13053.123417175351
ppo_profit_only_seed_19,2022-08-15,13328.799370570765,0.004120766150540245,0.0,1.0,0.0,0.0041122990463738915,0.10225870711793408,,-0.7186028044930198,13274.099908986922
ppo_profit_only_seed_19,2022-08-16,13354.907074261648,0.0019587438421893033,0.0,1.0,0.0,0.0019568280048181492,0.10050026188862224,,-0.643424960724028,13328.799370570765
ppo_profit_only_seed_19,2022-08-17,13260.113706900687,-0.0070980177423811686,0.0,1.0,0.0,-0.007123328512293423,0.10688492698900398,,-0.6984959953479226,13354.907074261648
ppo_profit_only_seed_19,2022-08-18,13298.65306329361,0.002906412210693654,0.0,1.0,0.0,0.0029021967606395493,0.10428916643525023,,-0.6601223094973319,13260.113706900687
ppo_profit_only_seed_19,2022-08-19,13119.945328838145,-0.013438032679318979,0.0,1.0,0.0,-0.01352914016466342,0.11632575788791341,,-0.7240709405322424,13298.65306329361
ppo_profit_only_seed_19,2022-08-22,12846.755326593418,-0.020822495475209313,0.0,1.0,0.0,-0.02104234080823713,0.1347260607958514,,-0.5210626534907583,13119.945328838145
ppo_profit_only_seed_19,2022-08-23,12815.675720601164,-0.0024192572522898637,0.0,1.0,0.0,-0.0024221883835108577,0.1368193810484884,,0.0963959823881194,12846.755326593418
ppo_profit_only_seed_19,2022-08-24,12856.701028144773,0.003201181774415529,0.0,1.0,0.0,0.0031960689006255184,0.1340561829830721,,0.1517433401755043,12815.675720601164
ppo_profit_only_seed_19,2022-08-25,13038.205813322626,0.014117523988503633,0.0,1.0,0.0,0.014018799822279613,0.12183120037363923,,-0.1044849307339439,12856.701028144773
ppo_profit_only_seed_19,2022-08-26,12596.875028842886,-0.033849042636585946,0.0,1.0,0.0,-0.03443518641605107,0.1515563735143114,,-0.3127380609585847,13038.205813322626
ppo_profit_only_seed_19,2022-08-29,12513.581912417476,-0.006612204712255543,0.0,1.0,0.0,-0.006634162182883773,0.1571664564594433,,0.4241684437972159,12596.875028842886
ppo_profit_only_seed_19,2022-08-30,12376.209636603015,-0.010977854044983193,0.0,1.0,0.0,-0.011038555340141412,0.16641896008464754,,0.5459400559912172,12513.581912417476
ppo_profit_only_seed_19,2022-08-31,12282.038468385455,-0.00760904759879355,0.0,1.0,0.0,-0.007638144093185962,0.17276171789481526,,0.5399917172246588,12376.209636603015
ppo_profit_only_seed_19,2022-09-01,12320.577824778376,0.0031378631887633013,0.0,1.0,0.0,0.003132950370552341,0.17016595734106163,,0.4669696717099568,12282.038468385455
ppo_profit_only_seed_19,2022-09-02,12190.66435089028,-0.010544430280438832,0.0,1.0,0.0,-0.01060041669643158,0.17891608454821353,,0.3996118687200717,12320.577824778376
ppo_profit_only_seed_19,2022-09-06,12144.667141045296,-0.003773150381392032,0.0,1.0,0.0,-0.003780286669807563,0.18201415763695528,,0.3759336506142725,12190.66435089028
ppo_profit_only_seed_19,2022-09-07,12362.845633660178,0.017964962734754897,0.0,1.0,0.0,0.017805499790206458,0.16731907246134606,,0.6577104995912809,12144.667141045296
ppo_profit_only_seed_19,2022-09-08,12443.652798934902,0.006536291697658347,0.0,1.0,0.0,0.006515022772704955,0.16187642702787677,,0.1975666777226014,12362.845633660178
ppo_profit_only_seed_19,2022-09-09,12636.967986145699,0.01553524437995768,0.0,1.0,0.0,0.015415807866336319,0.1488559725011516,,-0.0141139881706934,12443.652798934902
ppo_profit_only_seed_19,2022-09-12,12772.785712575964,0.010747651381183054,0.0,1.0,0.0,0.01069030589635327,0.13970817321841789,,-0.1829840502824177,12636.967986145699
ppo_profit_only_seed_19,2022-09-13,12217.393305250258,-0.043482480629019826,0.0,1.0,0.0,-0.04445617414726737,0.1771157959117521,,0.0328623200643394,12772.785712575964
ppo_profit_only_seed_19,2022-09-14,12264.012714238641,0.003815822886568565,0.0,1.0,0.0,0.0038085611016787993,0.17397581553279648,,0.7141363742818002,12217.393305250258
ppo_profit_only_seed_19,2022-09-15,12124.77573794259,-0.011353296799374357,0.0,1.0,0.0,-0.011418237468483304,0.18335391326251377,,0.4847760263624702,12264.012714238641
ppo_profit_only_seed_19,2022-09-16,11983.05281049585,-0.011688705054002768,0.0,1.0,0.0,-0.011757555003970648,0.19289944850389376,,0.5015738728030542,12124.77573794259
ppo_profit_only_seed_19,2022-09-19,12075.980528900916,0.007754928554071894,0.0,1.0,0.0,0.00772501365470151,0.1866404413910894,,0.5023565770344456,11983.05281049585
ppo_profit_only_seed_19,2022-09-20,11937.365751748262,-0.011478552554876398,0.0,1.0,0.0,-0.011544939646675582,0.19597663183059288,,0.3888168052920775,12075.980528900916
ppo_profit_only_seed_19,2022-09-21,11729.132960684738,-0.017443780763191308,0.0,1.0,0.0,-0.017597716278495924,0.21000183919342266,,0.6718287861658783,11937.365751748262
ppo_profit_only_seed_19,2022-09-22,11630.610192360597,-0.008399833871300055,0.0,1.0,0.0,-0.008435311285113283,0.21663769250283046,,0.8363724335067033,11729.132960684738
ppo_profit_only_seed_19,2022-09-23,11435.74140423991,-0.016754820675589532,0.0,1.0,0.0,-0.016896770479683652,0.2297627874889616,,0.7011433702337387,11630.610192360597
ppo_profit_only_seed_19,2022-09-26,11322.611183160436,-0.009892687940418976,0.0,1.0,0.0,-0.009941945708146676,0.2373825038724315,,1.2125229680918972,11435.74140423991
ppo_profit_only_seed_19,2022-09-27,11293.707377221472,-0.0025527509044867003,0.0,1.0,0.0,-0.0025560147287469804,0.23932927637544854,,1.671057336516146,11322.611183160436
ppo_profit_only_seed_19,2022-09-28,11515.926370371233,0.019676354781243965,0.0,1.0,0.0,0.019485277712052225,0.22436204934570633,,1.72230389691595,11293.707377221472
ppo_profit_only_seed_19,2022-09-29,11275.370523502957,-0.020888970555351105,0.0,1.0,0.0,-0.0211102318049051,0.24056432765853672,,1.225634194928241,11515.926370371233
ppo_profit_only_seed_19,2022-09-30,11101.01344067977,-0.015463534653672673,0.0,1.0,0.0,-0.015584342130975438,0.2523078874950242,,1.544554640243038,11275.370523502957
ppo_profit_only_seed_19,2022-10-03,11394.0938975529,0.02640123430525132,0.0,1.0,0.0,0.026058736876293866,0.23256789284459195,,1.4873554313287944,11101.01344067977
ppo_profit_only_seed_19,2022-10-04,11747.158714831554,0.030986651545366062,0.0,1.0,0.0,0.03051625785631023,0.20878774155544133,,1.1752781306362612,11394.0938975529
ppo_profit_only_seed_19,2022-10-05,11719.808509802482,-0.0023282400189706953,0.0,1.0,0.0,-0.0023309545840214953,0.21062987359905216,,0.964158015067476,11747.158714831554
ppo_profit_only_seed_19,2022-10-06,11598.90933569925,-0.010315797736977661,0.0,1.0,0.0,-0.010369374353980764,0.2187728561626168,,0.8546461573225558,11719.808509802482
ppo_profit_only_seed_19,2022-10-07,11275.37052350296,-0.027893899575583414,0.0,1.0,0.0,-0.028290323663626226,0.2405643276585366,,1.2347919559628366,11598.90933569925
ppo_profit_only_seed_19,2022-10-10,11189.279407880858,-0.00763532474987394,0.0,1.0,0.0,-0.007664623071973914,0.24636286564350252,,1.388676280273794,11275.37052350296
ppo_profit_only_seed_19,2022-10-11,11118.417944157489,-0.006332978303630554,0.0,1.0,0.0,-0.006353116679683497,0.2511356332641925,,1.5888020029971168,11189.279407880858
ppo_profit_only_seed_19,2022-10-12,11081.74423672046,-0.0032984645496528797,0.0,1.0,0.0,-0.003303916475803451,0.2536057358303689,,1.8012870788684383,11118.417944157489
ppo_profit_only_seed_19,2022-10-13,11374.203442924496,0.026391080677980572,0.0,1.0,0.0,0.02604884437309545,0.23390758458708621,,1.770574000229859,11081.74423672046
ppo_profit_only_seed_19,2022-10-14,11114.999642766006,-0.022788743093893893,0.0,1.0,0.0,-0.023052420113011996,0.2513658678281117,,1.4403821838964752,11374.203442924496
ppo_profit_only_seed_19,2022-10-17,11400.621297712776,0.02569695583685072,0.0,1.0,0.0,0.02537233843840709,0.23212824959573164,,1.44466259855168,11114.999642766006
ppo_profit_only_seed_19,2022-10-18,11534.574323661449,0.011749625081884485,0.0,1.0,0.0,0.011681134209780595,0.22310604441751108,,1.3088618186108631,11400.621297712776
ppo_profit_only_seed_19,2022-10-19,11452.83480814593,-0.007086478722309053,0.0,1.0,0.0,-0.007111707070068097,0.2286114869032369,,1.131349809748192,11534.574323661449
ppo_profit_only_seed_19,2022-10-20,11356.798939446779,-0.008385336059404724,0.0,1.0,0.0,-0.008420690769296463,0.23507983881791775,,1.1745698471454054,11452.83480814593
ppo_profit_only_seed_19,2022-10-21,11632.785992413892,0.02430148270112431,0.0,1.0,0.0,0.024010899985540957,0.2164911447532101,,1.0149045435710684,11356.798939446779
ppo_profit_only_seed_19,2022-10-24,11775.130170529726,0.012236464954195947,0.0,1.0,0.0,0.01216220459272166,0.20690376610468056,,0.951683440069362,11632.785992413892
ppo_profit_only_seed_19,2022-10-25,11963.162355867451,0.015968586556123432,0.0,1.0,0.0,0.015842429934322933,0.19423914024638764,,0.977075355560386,11775.130170529726
ppo_profit_only_seed_19,2022-10-26,11873.030739710468,-0.007534096209333541,0.0,1.0,0.0,-0.007562620874207404,0.20030982008548667,,0.6941810993608485,11963.162355867451
ppo_profit_only_seed_19,2022-10-27,11809.629026387767,-0.00533997718970336,0.0,1.0,0.0,-0.0053542858291678735,0.20458014740505995,,0.451286305536192,11873.030739710468
ppo_profit_only_seed_19,2022-10-28,12090.587981656254,0.023790667313994707,0.0,1.0,0.0,0.02351207926820392,0.18565657831702703,,0.4674180445892433,11809.629026387767
ppo_profit_only_seed_19,2022-10-31,12003.254364695962,-0.007223272936998093,0.0,1.0,0.0,-0.007249487083864056,0.19153880311629207,,0.1281873335430924,12090.587981656254
ppo_profit_only_seed_19,2022-11-01,11950.729754691107,-0.004375864112264538,0.0,1.0,0.0,-0.0043854662275687375,0.19507651945389387,,0.147880197791159,12003.254364695962
ppo_profit_only_seed_19,2022-11-02,11650.811746560708,-0.025096208707478307,0.0,1.0,0.0,-0.025416488450460573,0.21527704711522877,,0.1266596369249917,11950.729754691107
ppo_profit_only_seed_19,2022-11-03,11530.84492269827,-0.010296863984421645,0.0,1.0,0.0,-0.010350243431810614,0.223357232626537,,0.1298591553747276,11650.811746560708
ppo_profit_only_seed_19,2022-11-04,11696.809904879994,0.014393132792465568,0.0,1.0,0.0,0.01429053495439394,0.2121789101434228,,0.0049088258900947,11530.84492269827
ppo_profit_only_seed_19,2022-11-07,11808.696676146976,0.009565580032236065,0.0,1.0,0.0,0.009520119545588492,0.20464294445731623,,-0.161576694434182,11696.809904879994
ppo_profit_only_seed_19,2022-11-08,11872.409489041376,0.00539541446797398,0.0,1.0,0.0,0.005380911362787851,0.200351663492636,,-0.2120219917942902,11808.696676146976
ppo_profit_only_seed_19,2022-11-09,11627.813141638218,-0.020602081458606092,0.0,1.0,0.0,-0.020817264954697972,0.21682608365959952,,0.0349727644108438,11872.409489041376
ppo_profit_only_seed_19,2022-11-10,12266.809764961037,0.054954153075837286,0.0,1.0,0.0,0.05349730918360149,0.17378742437602618,,0.1466916431499088,11627.813141638218
ppo_profit_only_seed_19,2022-11-11,12385.53408748528,0.009678500343534235,0.0,1.0,0.0,0.009631963688169676,0.16579092567901732,,-0.4112346948645904,12266.809764961037
ppo_profit_only_seed_19,2022-11-14,12280.17376790387,-0.008506723960161722,0.0,1.0,0.0,-0.008543112649075533,0.17288731199932791,,-0.6372142368483097,12385.53408748528
ppo_profit_only_seed_19,2022-11-15,12384.911888341881,0.008529042212070292,0.0,1.0,0.0,0.008492875431373566,0.16583283296923124,,-0.3832722323780335,12280.17376790387
ppo_profit_only_seed_19,2022-11-16,12290.430569026927,-0.007628743762310597,0.0,1.0,0.0,-0.007657991471810931,0.17219648054144152,,-0.2143042485518335,12384.911888341881
ppo_profit_only_seed_19,2022-11-17,12252.823562874797,-0.0030598607543419476,0.0,1.0,0.0,-0.0030645516997971924,0.1747294440429389,,-0.3186477857824856,12290.430569026927
ppo_profit_only_seed_19,2022-11-18,12308.456323173737,0.004540403280391958,0.0,1.0,0.0,0.004530126744089201,0.17098238290346054,,-0.3672624092944041,12252.823562874797
ppo_profit_only_seed_19,2022-11-21,12263.701614666945,-0.0036360943510463928,0.0,1.0,0.0,-0.003642721010427219,0.1739967691779032,,-0.5570648419748447,12308.456323173737
ppo_profit_only_seed_19,2022-11-22,12428.734246607874,0.01345699994392846,0.0,1.0,0.0,0.013367258722167092,0.1628812437470455,,-0.7361085110098488,12263.701614666945
ppo_profit_only_seed_19,2022-11-23,12507.055460731912,0.006301624330362854,0.0,1.0,0.0,0.006281852116995351,0.15760603582523877,,-0.982864703541395,12428.734246607874
ppo_profit_only_seed_19,2022-11-25,12504.25746153522,-0.0002237136634978265,0.0,1.0,0.0,-0.00022373869113219644,0.1577944908650728,,-1.19869807487687,12507.055460731912
ppo_profit_only_seed_19,2022-11-28,12304.726922210555,-0.015957008238070003,0.0,1.0,0.0,-0.016085692069329978,0.17123357111248674,,-1.1691166224702634,12504.25746153522
ppo_profit_only_seed_19,2022-11-29,12283.593017769655,-0.0017175435565947028,0.0,1.0,0.0,-0.0017190202256002212,0.17265701355234445,,-0.7731840153922894,12304.726922210555
ppo_profit_only_seed_19,2022-11-30,12670.533543288648,0.03150059798946758,0.0,1.0,0.0,0.031014633257035917,0.14659521473685136,,-0.8445744561098272,12283.593017769655
ppo_profit_only_seed_19,2022-12-01,12661.210040880691,-0.0007358413421268972,0.0,1.0,0.0,-0.0007361122062507869,0.14722318525941688,,-1.1344074759529124,12670.533543288648
ppo_profit_only_seed_19,2022-12-02,12646.602588125359,-0.0011537169597666264,0.0,1.0,0.0,-0.0011543830035115122,0.14820704833347886,,-1.2922182733203118,12661.210040880691
ppo_profit_only_seed_19,2022-12-05,12419.09964462822,-0.017989253786685366,0.0,1.0,0.0,-0.01815302749679934,0.1635301679147177,,-1.4561488778144311,12646.602588125359
ppo_profit_only_seed_19,2022-12-06,12240.080810601055,-0.014414799715742554,0.0,1.0,0.0,-0.014519702260977834,0.17558771301248785,,-1.0650943966094994,12419.09964462822
ppo_profit_only_seed_19,2022-12-07,12219.258005731854,-0.0017011983165312605,0.0,1.0,0.0,-0.0017026469976163603,0.17699020180723873,,-0.7383383577221311,12240.080810601055
ppo_profit_only_seed_19,2022-12-08,12314.982774859305,0.007833926502128774,0.0,1.0,0.0,0.007803400621268784,0.17054280353766482,,-0.6239226376501441,12219.258005731854
ppo_profit_only_seed_19,2022-12-09,12222.987406695036,-0.007470198687737906,0.0,1.0,0.0,-0.007498240360482925,0.17673901359821254,,-0.7159079530461435,12314.982774859305
ppo_profit_only_seed_19,2022-12-12,12399.209189999816,0.014417243300787197,0.0,1.0,0.0,0.014314303078420583,0.16486985965721196,,-0.5949742747398588,12222.987406695036
ppo_profit_only_seed_19,2022-12-13,12493.069258645673,0.007569843141412402,0.0,1.0,0.0,0.007541335653240592,0.1585480554921513,,-0.108280319511607,12399.209189999816
ppo_profit_only_seed_19,2022-12-14,12413.194443611746,-0.006393530155021754,0.0,1.0,0.0,-0.006414056305424666,0.16392790387336398,,-0.6706728289045408,12493.069258645673
ppo_profit_only_seed_19,2022-12-15,12109.547034518166,-0.024461665405543398,0.0,1.0,0.0,-0.024765822310819672,0.18437961974372508,,-0.99175622944707,12413.194443611746
ppo_profit_only_seed_19,2022-12-16,11911.880247200786,-0.01632321892420352,0.0,1.0,0.0,-0.016457910405921157,0.19769316976969034,,-0.6107970769967433,12109.547034518166
ppo_profit_only_seed_19,2022-12-19,11810.871527725958,-0.008479662100243535,0.0,1.0,0.0,-0.008515818978745046,0.20449646059076085,,-0.661907577685417,11911.880247200786
ppo_profit_only_seed_19,2022-12-20,11827.033529865486,0.001368400469142994,0.0,1.0,0.0,0.0013674650624644056,0.2034078931742283,,-0.7090496312935853,11810.871527725958
ppo_profit_only_seed_19,2022-12-21,12003.876563839362,0.014952442091866303,0.0,1.0,0.0,0.014841756314111894,0.19149689582607815,,-0.9228692677723788,11827.033529865486
ppo_profit_only_seed_19,2022-12-22,11832.627631310259,-0.014266135745262143,0.0,1.0,0.0,-0.014368875361937008,0.2030311108606891,,-1.2444585237730037,12003.876563839362
ppo_profit_only_seed_19,2022-12-23,11900.692044311241,0.005752265272075174,0.0,1.0,0.0,0.005735784166452185,0.19844673439676874,,-0.8147481318063508,11832.627631310259
ppo_profit_only_seed_19,2022-12-27,11853.761535751159,-0.0039435108803203,0.0,1.0,0.0,-0.00395130702221525,0.20160766842083136,,-1.0745964053966588,11900.692044311241
ppo_profit_only_seed_19,2022-12-28,11706.444506859649,-0.012427871814967628,0.0,1.0,0.0,-0.012505743674205903,0.21152998597575046,,-0.902500771192736,11853.761535751159
ppo_profit_only_seed_19,2022-12-29,11917.164197548167,0.018000315173837933,0.0,1.0,0.0,0.017840227729302653,0.1973372772181935,,-0.7974663145748441,11706.444506859649
ppo_profit_only_seed_19,2022-12-30,11885.773491984213,-0.002634075107433076,0.0,1.0,0.0,-0.0026375503873759484,0.19945155111593746,,-0.9710910182648248,11917.164197548167
