date,open,high,low,close,volume,vix_close,split,log_return,sma_ratio,rsi_14,bollinger_band_width,vix_zscore_252
2010-12-31,125.52999877929688,125.87000274658205,125.33000183105467,125.75,91218900,17.75,train,0.000238587340784555,0.03271001329666379,67.1330241513428,0.03383372957397045,-0.9118426049819124
2011-01-03,126.70999908447266,127.5999984741211,125.6999969482422,127.0500030517578,138725200,17.610000610351562,train,0.010284924806456493,0.04185974314493923,73.17085677898388,0.0352104357581058,-0.9354014432387101
2011-01-04,127.33000183105467,127.37000274658205,126.19000244140624,126.9800033569336,137409700,17.3799991607666,train,-0.000551113607290222,0.03981397767078554,72.39960886496661,0.034668696351751474,-0.9764186762805782
2011-01-05,126.58000183105467,127.72000122070312,126.45999908447266,127.63999938964844,133975300,17.020000457763672,train,0.005184176449207462,0.04369042613409424,75.06796310725693,0.03503335337996867,-1.041635232439815
2011-01-06,127.69000244140624,127.83000183105467,127.01000213623048,127.38999938964844,122519000,17.399999618530273,train,-0.0019605542977314794,0.04017139961564142,72.21978082089367,0.034605452386669906,-0.9674803473217998
2011-01-07,127.55999755859376,127.7699966430664,126.1500015258789,127.13999938964844,156034600,17.139999389648438,train,-0.0019644056228539015,0.036647108665043726,69.38472443821229,0.03388852204589572,-1.0152068135489491
2011-01-10,126.58000183105467,127.16000366210938,126.1999969482422,126.9800033569336,122401700,17.540000915527344,train,-0.0012592165286221444,0.033895985333671996,67.5569218979212,0.033851125807777355,-0.9396058762583228
2011-01-11,127.44000244140624,127.73999786376952,126.9499969482422,127.43000030517578,110287000,16.889999389648438,train,0.0035375764400234224,0.03605163857722116,69.95428077367256,0.0343635725748454,-1.0604046739668445
2011-01-12,128.2100067138672,128.72000122070312,127.45999908447266,128.5800018310547,107929200,16.239999771118164,train,0.008984096335089451,0.04369595305224272,75.03199614709318,0.0375406365490356,-1.1804426417424647
2011-01-13,128.6300048828125,128.69000244140625,128.0500030517578,128.3699951171875,129048400,16.389999389648438,train,-0.001634611894315131,0.04048796839286517,72.61846848778673,0.03745290495562806,-1.1501285675025572
2011-01-14,128.19000244140625,129.3300018310547,128.10000610351562,129.3000030517578,117677900,15.460000038146973,train,0.007218628320147511,0.046439941867577605,76.26029501722994,0.040830381200158194,-1.3208387206366345
2011-01-18,129.17999267578125,129.63999938964844,129.02999877929688,129.52000427246094,114401300,15.869999885559082,train,0.0017000329763009424,0.04699009744716576,77.03831091584632,0.042059969287327345,-1.2407733776227803
2011-01-19,129.41000366210938,129.5399932861328,127.91000366210938,128.25,151958400,17.309999465942383,train,-0.009853858305382115,0.035797816633480695,63.999087894198155,0.03979892002218277,-0.968582770453407
2011-01-20,127.95999908447266,128.39999389648438,127.12999725341795,128.0800018310547,175745700,17.989999771118164,train,-0.0013264010662401664,0.03349166130414849,62.47477745433415,0.038581814468124885,-0.8366797074745692
2011-01-21,128.8800048828125,129.1699981689453,128.22999572753906,128.3699951171875,151462900,18.46999931335449,train,0.0022615980751737276,0.034702847466850484,64.04786436070549,0.03808267612476517,-0.7406097549478017
2011-01-24,128.2899932861328,129.25,128.25999450683594,129.10000610351562,113715500,17.649999618530273,train,0.005670664070208581,0.039414045184532176,67.71673976139348,0.03796234589942364,-0.887679462829602
2011-01-25,128.75999450683594,129.27999877929688,128.11000061035156,129.1699981689453,167552200,17.59000015258789,train,0.00054200693836145,0.038718105938271075,68.05335795236422,0.03731014039195955,-0.8926133722343448
2011-01-26,129.49000549316406,130.0500030517578,129.22999572753906,129.6699981689453,141281500,16.639999389648438,train,0.0038633953715288857,0.04115311126543397,70.42571638687923,0.0373825739752776,-1.0630863339189667
2011-01-27,129.6999969482422,130.2100067138672,129.47000122070312,129.99000549316406,123302700,16.149999618530273,train,0.002464819238374171,0.04205583736640328,71.86572602988974,0.037497068369963985,-1.146046879345258
2011-01-28,130.13999938964844,130.35000610351562,127.51000213623048,127.72000122070312,295637300,20.040000915527344,train,-0.01761718927405389,0.022291597652660755,52.38158573274323,0.033762327625348504,-0.41864327796185974
2011-01-31,128.07000732421875,128.77999877929688,127.75,128.67999267578125,149249200,19.530000686645508,train,0.007488268048510469,0.028253745525649743,57.61512742916714,0.02928177077918827,-0.5110462883789347
2011-02-01,129.4600067138672,130.97000122070312,129.3800048828125,130.74000549316406,167194300,17.6299991607666,train,0.015882014747780775,0.042918105009040364,66.1998556909902,0.0323326933904613,-0.8604344092970151
2011-02-02,130.39999389648438,130.83999633789062,130.3300018310547,130.49000549316406,118323600,17.299999237060547,train,-0.0019140226299316067,0.0392326846328106,64.49266986398561,0.033283740996926776,-0.9170552213560627
2011-02-03,130.25999450683594,130.97999572753906,129.57000732421875,130.77999877929688,145886700,16.690000534057617,train,0.002219875228518332,0.03978830813532208,65.60083448061548,0.03545224208646794,-1.0221744865911002
2011-02-04,130.8300018310547,131.1999969482422,130.22999572753906,131.14999389648438,134634800,15.93000030517578,train,0.002825146975337663,0.04062849924972656,67.01529739931591,0.037332305153604715,-1.1536239812551572
2011-02-07,131.44000244140625,132.39999389648438,131.42999267578125,131.97000122070312,112439100,16.280000686645508,train,0.006232973504143775,0.04518275644284975,69.9631419839749,0.0400102821644327,-1.0802511055439252
2011-02-08,132.08999633789062,132.63999938964844,131.72999572753906,132.57000732421875,99072800,15.8100004196167,train,0.004536229780100495,0.047649657778242815,71.93926370954041,0.04262625799945934,-1.1577032926394746
2011-02-09,132.2100067138672,132.6300048828125,131.61000061035156,132.27000427246094,146436700,15.869999885559082,train,-0.002265542719678451,0.0431174415437281,69.47798336641803,0.04378576991891399,-1.1375651007524348
2011-02-10,131.60000610351562,132.47000122070312,131.3000030517578,132.32000732421875,162708500,16.09000015258789,train,0.00037796628868440123,0.04124047482893345,69.66427996427078,0.04616009739000043,-1.0889949504315226
2011-02-11,131.8000030517578,133.27999877929688,131.77000427246094,133.11000061035156,137710300,15.6899995803833,train,0.00595257201654703,0.04546611140778101,72.51823956790386,0.0493412285423673,-1.154319594071072
2011-02-14,133.02999877929688,133.5399932861328,132.8800048828125,133.42999267578125,101690700,15.949999809265137,train,0.0024010822182387254,0.04619301161256484,73.60159674620164,0.05342500947629942,-1.0994405095382265
2011-02-15,133.02000427246094,133.22000122070312,132.32000732421875,133.00999450683594,119575400,16.3700008392334,train,-0.003152668796160044,0.04124747705621501,69.71689209864222,0.05578178001434192,-1.0166822773364506
2011-02-16,133.4600067138672,134.00999450683594,133.19000244140625,133.85000610351562,130183500,16.719999313354492,train,0.006295543499705147,0.04600716362764934,72.80812988930894,0.05736004443601168,-0.9484039760007914
2011-02-17,133.4600067138672,134.42999267578125,133.33999633789062,134.25,109810500,16.59000015258789,train,0.002983917822945191,0.04726377014909655,74.16071685246634,0.05815679124092237,-0.9680227885782808
2011-02-18,134.3699951171875,134.69000244140625,134.05999755859375,134.52999877929688,130002400,16.43000030517578,train,0.0020834800346416875,0.04760924393526467,75.09463017761522,0.058821235135145984,-0.9928830825922162
2011-02-22,133.1199951171875,134.55999755859375,131.47000122070312,131.8300018310547,233116400,20.799999237060547,train,-0.020273985764222773,0.025295240085250192,54.60101263744378,0.05647607083932267,-0.1992086533367354
2011-02-23,131.75,132.07000732421875,130.2100067138672,131.02000427246094,227584000,22.1299991607666,train,-0.006163211746435969,0.017960006405380424,50.17697006980897,0.05407609696742681,0.040868447223611624
2011-02-24,130.8800048828125,131.44000244140625,129.6999969482422,130.92999267578125,260431400,21.31999969482422,train,-0.0006872426132549282,0.016254738139310554,49.69509818056919,0.05252358252486953,-0.10707993975066797
2011-02-25,131.47999572753906,132.41000366210938,131.39999389648438,132.3300018310547,141686900,19.21999931335449,train,0.010636043322289847,0.02590144328206434,56.665779676963155,0.05116682384953756,-0.48814401451194983
2011-02-28,132.82000732421875,133.32000732421875,132.3800048828125,133.14999389648438,141585500,18.350000381469727,train,0.006177449798552023,0.030812057169745666,60.14890167972346,0.04284814195340069,-0.6452070942557314
2011-03-01,133.57000732421875,133.69000244140625,130.88999938964844,130.92999267578125,258565500,21.01000022888184,train,-0.016813493120841887,0.012667371692785867,48.72919001100398,0.03666788078632591,-0.16391879549600846
2011-03-02,130.75,131.82000732421875,130.35000610351562,131.2100067138672,200277400,20.700000762939453,train,0.0021363709867891836,0.013749523433994382,50.018183569516026,0.035909152320564165,-0.2216725352038285
2011-03-03,132.39999389648438,133.6199951171875,132.38999938964844,133.47000122070312,176480100,18.600000381469727,train,0.017077598345467793,0.02979913833788772,58.98156566636189,0.03451239695129836,-0.6030732846131883
2011-03-04,133.3699951171875,133.6300048828125,131.60000610351562,132.47000122070312,277202300,19.059999465942383,train,-0.00752052872084866,0.02096811799064202,54.33810605933057,0.03260135037950621,-0.5211017357605271
2011-03-07,132.86000061035156,133.16000366210938,130.74000549316406,131.42999267578125,216790400,20.65999984741211,train,-0.007881879144340674,0.01207117927380752,49.93506639386418,0.03212203425090566,-0.23251358521946028
2011-03-08,131.63999938964844,133.0,131.07000732421875,132.5800018310547,174615000,19.81999969482422,train,0.008711915857417783,0.019830474879894977,54.340866969010484,0.031902646297504035,-0.3870589272367474
2011-03-09,132.32000732421875,132.8000030517578,131.60000610351562,132.38999938964844,153806000,20.21999931335449,train,-0.0014341432848760949,0.01731408024839487,53.503119998442784,0.03191765928464078,-0.31557255625451264
2011-03-10,131.0,131.17999267578125,129.80999755859375,129.94000244140625,301291800,21.8799991607666,train,-0.018679283098206725,-0.002142528774389807,44.06883631529498,0.03619662976990111,-0.015838749618135927
2011-03-11,129.52000427246094,131.30999755859375,129.49000549316406,130.83999633789062,225621800,20.07999992370605,train,0.006902350439859637,0.004010178044828283,47.71601631274086,0.037666354731097786,-0.3463619884213896
2011-03-14,129.99000549316406,130.47999572753906,129.05999755859375,130.0500030517578,234974100,21.1299991607666,train,-0.006056159320269047,-0.0027146202869063885,44.94551582598909,0.04015181085570365,-0.15704865400555462
2011-03-15,126.58999633789062,129.3300018310547,126.5,128.55999755859375,359585400,24.31999969482422,train,-0.011523312921841292,-0.014565383038193436,40.20404624405861,0.045770609922945786,0.42161750775861195
2011-03-16,128.14999389648438,128.57000732421875,125.27999877929688,126.18000030517578,468670300,29.399999618530277,train,-0.018686241077615323,-0.03267945780233861,34.028893589420335,0.05896526398971791,1.3394717810165178
2011-03-17,128.0,128.38999938964844,127.0999984741211,127.8499984741211,254303700,26.3700008392334,train,0.013148228441042051,-0.02000764767556429,40.889560650582176,0.061848730919356915,0.7796770384410726
2011-03-18,128.83999633789062,128.8800048828125,127.51000213623048,127.76000213623048,230435400,24.440000534057617,train,-0.0007041691748716648,-0.020715500908534246,40.64425628146733,0.06263215508464272,0.4221360533319239
2011-03-21,129.35000610351562,130.00999450683594,129.1999969482422,129.74000549316406,153992600,20.61000061035156,train,0.015378969497287495,-0.005896844959718761,48.03114803039338,0.05798435964605074,-0.2819856572461479
2011-03-22,129.72000122070312,129.88999938964844,129.1699981689453,129.2899932861328,129538600,20.209999084472656,train,-0.003474598786978691,-0.009671250987656865,46.61132732455914,0.05826505381815779,-0.3588386779798495
2011-03-23,128.92999267578125,130.0,128.32000732421875,129.66000366210938,148603100,19.170000076293945,train,0.002857776653072565,-0.007244652952012376,47.97312494525079,0.05854895134873616,-0.5515094658569761
2011-03-24,130.39999389648438,131.08999633789062,129.6699981689453,130.89999389648438,159129800,18.0,train,0.00951795829774732,0.0017171818464229993,52.35878829406596,0.05854053677100689,-0.7661461010905083
2011-03-25,131.24000549316406,131.8699951171875,130.88999938964844,131.3000030517578,155642800,17.90999984741211,train,0.003051178262846453,0.004360153740569306,53.71426198635179,0.057475734082517306,-0.7828538226867597
2011-03-28,131.5800018310547,131.9199981689453,130.94000244140625,130.97999572753906,109762400,19.440000534057617,train,-0.0024401973806626944,0.0015124043065104509,52.42910723222821,0.054544950878511834,-0.5034235335960696
2011-03-29,130.8699951171875,131.89999389648438,130.44000244140625,131.86000061035156,129798800,18.15999984741211,train,0.006696151143217117,0.00784662397732383,55.576753733876075,0.05531810411274882,-0.7401366098941596
2011-03-30,132.5500030517578,133.16000366210938,132.36000061035156,132.77000427246094,135835000,17.709999084472656,train,0.006877581773286894,0.014298143864523993,58.6254926075805,0.057274607148378086,-0.8231283537467503
2011-03-31,132.60000610351562,132.9600067138672,132.4499969482422,132.58999633789062,132537100,17.739999771118164,train,-0.001356707580398848,0.012251737559988207,57.7807463508473,0.055421531112601584,-0.8179381248961433
2011-04-01,133.41000366210938,133.77000427246094,132.8300018310547,133.14999389648438,153850100,17.399999618530273,train,0.004214633913717411,0.015740693665687866,59.72500668608892,0.0567380210560814,-0.8810479069353723
2011-04-04,133.42999267578125,133.6699981689453,132.8800048828125,133.25999450683594,100768900,17.5,train,0.0008257994924441352,0.015821962344895635,60.11357078131697,0.0593733195514007,-0.8643439546102245
2011-04-05,133.0,133.8300018310547,132.94000244140625,133.24000549316406,120791500,17.25,train,-0.0001500113599201931,0.015028930575609722,60.00028863111103,0.06055127285813175,-0.9113007925548531
2011-04-06,133.8800048828125,134.0,133.1199951171875,133.66000366210938,120411600,16.899999618530273,train,0.003147234928549288,0.017532401723258095,61.63616936650971,0.06281580201185075,-0.9764662960969374
2011-04-07,133.4199981689453,133.97999572753906,132.66000366210938,133.32000732421875,170731500,17.110000610351562,train,-0.0025469811049454493,0.014380333024702097,59.51425757405149,0.06487941534693543,-0.9391177049683359
2011-04-08,133.91000366210938,133.99000549316406,132.30999755859375,132.86000061035156,147945400,17.8700008392334,train,-0.0034563615456314934,0.010439027274449897,56.671554953158434,0.06619809111230592,-0.8018375066325049
2011-04-11,133.0,133.4499969482422,132.13999938964844,132.4600067138672,121385400,16.59000015258789,train,-0.0030151830882110937,0.006671164853398803,54.245246698129755,0.06655294772136866,-1.0391726941593422
2011-04-12,131.72000122070312,131.97999572753906,130.99000549316406,131.47000122070312,161187400,17.09000015258789,train,-0.007502065749284654,-0.0012762205029080986,48.68901028060721,0.06414546457291209,-0.9489085787013405
2011-04-13,132.0800018310547,132.17999267578125,130.9600067138672,131.4600067138672,162059000,16.920000076293945,train,-7.602408655647419e-05,-0.0014613759089389111,48.63485072855475,0.05350880180635115,-0.98195394338776
2011-04-14,130.6999969482422,131.75999450683594,130.27000427246094,131.55999755859375,161220400,16.270000457763672,train,0.0007603288565081602,-0.0008642770440906444,49.24315696722913,0.047073562298861775,-1.0993761352645677
2011-04-15,131.8000030517578,132.3699951171875,131.41000366210938,132.0399932861328,170006700,15.31999969482422,train,0.0036418533742727916,0.002589185903788538,52.17137511866564,0.0383645667320431,-1.2717020936427992
2011-04-18,130.58999633789062,132.02999877929688,129.50999450683594,130.55999755859375,210759300,16.959999084472656,train,-0.011271983621468707,-0.008559697562030122,43.78390327335324,0.03659329009321587,-0.9704510349537904
2011-04-19,130.75999450683594,131.35000610351562,130.44000244140625,131.30999755859375,124258800,15.829999923706056,train,0.005728048761922306,-0.0027644222299458843,48.31831489970573,0.03205222366270209,-1.1786591086539109
2011-04-20,132.8800048828125,133.38999938964844,132.7899932861328,133.10000610351562,156133800,15.06999969482422,train,0.013539849979458639,0.010748455291319736,57.19301048009229,0.028210835965280272,-1.3165660148554326
2011-04-21,133.7899932861328,133.83999633789062,133.10000610351562,133.77999877929688,135935400,14.6899995803833,train,0.0050958793078750555,0.015679322465595114,60.00283877812187,0.028530417175743266,-1.382975859065751
2011-04-25,133.67999267578125,133.86000061035156,133.1999969482422,133.63999938964844,65757100,15.770000457763672,train,-0.0010470376441327701,0.014413103827561002,59.142105746469966,0.028784596280568845,-1.1810910146898614
2011-04-26,134.0500030517578,135.05999755859375,133.91000366210938,134.7899932861328,146600000,15.619999885559082,train,0.008568349018922112,0.0228814131533015,63.74300341826786,0.030703002349256533,-1.2000337457733976
2011-04-27,135.0500030517578,135.8699951171875,134.5,135.6699981689453,143031000,15.350000381469728,train,0.006507491060485546,0.02920960474721057,66.82188205859615,0.03597705268752448,-1.2417022233101758
2011-04-28,135.42999267578125,136.2899932861328,135.41000366210938,136.11000061035156,124791100,14.619999885559082,train,0.0032379338274032936,0.032062097593875905,68.27262215177886,0.04184374694564647,-1.3686856419381732
2011-04-29,136.16000366210938,136.57000732421875,135.97999572753906,136.42999267578125,115094100,14.75,train,0.002348222061735955,0.03408386269270136,69.32317307736567,0.04727618990876996,-1.3349016335241868
2011-05-02,137.07000732421875,137.17999267578125,135.9499969482422,136.22000122070312,126278700,15.989999771118164,train,-0.0015403741155360815,0.03218396540191115,67.73805097314403,0.051192880478472744,-1.1038799703429847
2011-05-03,135.9600067138672,136.19000244140625,135.0399932861328,135.72999572753906,138375000,16.700000762939453,train,-0.003603647942207419,0.02828403277503555,64.05729605739464,0.053449412398688605,-0.9682527940789007
2011-05-04,135.6699981689453,135.72999572753906,134.22999572753906,134.8300018310547,182678500,17.079999923706055,train,-0.006652847605774444,0.021001617950499485,57.84059149699179,0.054113658710469234,-0.8928244145886228
2011-05-05,134.0800018310547,134.9499969482422,133.02000427246094,133.61000061035156,226900000,18.200000762939453,train,-0.0090896260574921,0.011366431736026694,50.66286716640839,0.05411109670637994,-0.6841837200755365
2011-05-06,134.94000244140625,135.6300048828125,133.67999267578125,134.1999969482422,222787200,18.399999618530277,train,0.004406088628249448,0.015329795794980727,53.657912343419646,0.0542320176745521,-0.6465255747928331
2011-05-09,134.19000244140625,135.11000061035156,133.97999572753906,134.72000122070312,114104500,17.15999984741211,train,0.003867357757845281,0.018895563582678188,56.18265879762938,0.054427315358217376,-0.8708801700775649
2011-05-10,135.1699981689453,136.11000061035156,135.0,135.8699951171875,114806900,15.90999984741211,train,0.0084999507437913,0.02717042792868929,61.21509435926711,0.055454031244671444,-1.0959565894096044
2011-05-11,135.6699981689453,135.69000244140625,133.82000732421875,134.44000244140625,193564200,16.950000762939453,train,-0.010580489282121406,0.01582064801262728,53.055223090613644,0.053014334072043104,-0.8945183668024367
2011-05-12,134.0800018310547,135.36000061035156,133.38999938964844,135.0800018310547,171550700,16.030000686645508,train,0.004749188055977086,0.020059884613666368,55.8892235515687,0.05037738113978036,-1.0580327425311886
2011-05-13,135.14999389648438,135.33999633789062,133.55999755859375,134.0399932861328,157444900,17.06999969482422,train,-0.007728996292128419,0.012119105594776025,50.5489132656225,0.04706388096085424,-0.8574242774544277
2011-05-16,133.55999755859375,134.61000061035156,132.97000122070312,133.19000244140625,141675400,18.239999771118164,train,-0.006361514237382823,0.0055915910315862405,46.62750036579011,0.04513965612571782,-0.6316368276040336
2011-05-17,132.69000244140625,133.35000610351562,132.1199951171875,133.1699981689453,192686200,17.549999237060547,train,-0.00015020477889104715,0.0051764549592039355,46.53600206761682,0.03796321119332268,-0.7567438234428262
2011-05-18,133.24000549316406,134.5,132.9499969482422,134.36000061035156,135217900,16.229999542236328,train,0.008896275522450333,0.013886234080363602,52.50655227511001,0.03114813326167923,-1.005641635387409
2011-05-19,134.8000030517578,135.02999877929688,133.94000244140625,134.67999267578125,119489500,15.520000457763672,train,0.002378770623743367,0.015949787619484956,53.994337538827494,0.02928927681061921,-1.168709983730806
2011-05-20,134.3300018310547,134.67999267578125,133.36000061035156,133.61000061035156,182594900,17.43000030517578,train,-0.007976426741533248,0.007320630681385776,48.52088564631549,0.02955312915002204,-0.7880152905112462
2011-05-23,131.97999572753906,132.72000122070312,131.58999633789062,132.05999755859375,168700000,18.270000457763672,train,-0.011668766889634,-0.004548367894009475,41.8954211892098,0.03360968067939576,-0.6127023271226453
2011-05-24,132.44000244140625,132.72999572753906,131.6999969482422,131.9499969482422,147199600,17.81999969482422,train,-0.0008333064581316544,-0.005662355022579502,41.46271552902859,0.03785895847089737,-0.7048827431742296
2011-05-25,131.4199981689453,132.94000244140625,131.3800048828125,132.38999938964844,151050100,17.06999969482422,train,0.0033290675181164124,-0.0029221710841552673,43.95615380850149,0.03935991488962567,-0.8655417031940065
2011-05-26,132.02999877929688,133.24000549316406,131.77999877929688,133.0,164850000,16.09000015258789,train,0.004597020882442528,0.0006440279331272336,47.30717663984112,0.03834532578439439,-1.0737352529063544
2011-05-27,133.3699951171875,133.8699951171875,132.9600067138672,133.50999450683594,120921900,15.979999542236328,train,0.0038272120360345356,0.0036262788664280787,49.99900881566802,0.03533943465397532,-1.0944208721834705
2011-05-31,134.77000427246094,134.9199981689453,133.83999633789062,134.89999389648438,164731200,15.449999809265137,train,0.010357377711179271,0.012987831660364657,56.51877572021411,0.032657719439099446,-1.2169600465015138
2011-06-01,134.50999450683594,134.9199981689453,131.75999450683594,131.8699951171875,233094300,18.299999237060547,train,-0.022717166176830932,-0.010081627586463138,43.27286945620603,0.03307473176480164,-0.5654432282102179
2011-06-02,131.9600067138672,132.24000549316406,130.9600067138672,131.72999572753906,200466800,18.09000015258789,train,-0.0010622109838710119,-0.011494691614978958,42.77405648057552,0.034816440583183464,-0.6074417291746514
2011-06-03,130.14999389648438,131.4199981689453,130.0800018310547,130.4199981689453,234690200,17.950000762939453,train,-0.009994342882886753,-0.02143656261750182,38.322564099768755,0.04064318843653643,-0.6379449960833583
2011-06-06,130.08999633789062,130.36000061035156,128.8699951171875,129.0399932861328,179951200,18.489999771118164,train,-0.010637616137775861,-0.03152065402411108,34.275802271465324,0.04953993554473106,-0.5081178916058962
2011-06-07,129.6999969482422,130.07000732421875,128.85000610351562,128.9600067138672,161660500,18.06999969482422,train,-0.0006200509676611306,-0.03178089149963548,34.05135792649905,0.05567759068151131,-0.6066342996186966
2011-06-08,128.75999450683594,129.19000244140625,128.17999267578125,128.4199981689453,198696400,18.790000915527344,train,-0.004196202712369402,-0.03546445126437614,32.503879962009464,0.05926655312521379,-0.42313585914364604
2011-06-09,128.77000427246094,129.92999267578125,128.4600067138672,129.39999389648438,160964400,17.770000457763672,train,0.007602206791408592,-0.02774463051760412,38.009699971633935,0.061269980851660306,-0.6757641745305667
2011-06-10,128.85000610351562,128.92999267578125,127.26000213623048,127.5999984741211,238629400,18.86000061035156,train,-0.014007975946590421,-0.04052359392397675,32.72882885742267,0.06556976672076945,-0.3908838256204413
2011-06-13,127.88999938964844,128.24000549316406,127.0500030517578,127.6999969482422,207599800,19.61000061035156,train,0.0007833801882340768,-0.039064994972408784,33.28339293492665,0.06956578917716344,-0.19021762949845955
2011-06-14,128.8699951171875,129.77000427246094,128.82000732421875,129.32000732421875,160570400,18.26000022888184,train,0.012606270353002092,-0.026313270379084597,41.67232229920834,0.07029910860868346,-0.5351082433958562
2011-06-15,128.24000549316406,129.3000030517578,126.68000030517578,127.0199966430664,300958000,21.31999969482422,train,-0.01794548154718442,-0.04273119662768721,34.952632610602976,0.07501263100367381,0.2688292679854863
2011-06-16,127.05999755859376,127.97000122070312,126.31999969482422,127.3000030517578,308032800,22.729999542236328,train,0.002202001589878039,-0.039761245445697924,36.29932483362033,0.07561164991384163,0.6419626310285091
2011-06-17,127.93000030517578,127.94000244140624,126.62000274658205,127.0500030517578,233284900,21.850000381469727,train,-0.0019657957500154952,-0.04069040094999532,35.59083515562055,0.07434168196855334,0.41378652179662484
2011-06-20,126.62000274658205,127.97000122070312,126.58000183105467,127.6999969482422,159479000,19.989999771118164,train,0.005103005354319976,-0.03496350627217382,38.928389210708424,0.07284056684007126,-0.0702748961522146
2011-06-21,128.36000061035156,129.6999969482422,127.75,129.4499969482422,193157300,18.86000061035156,train,0.01361094348212175,-0.02123420380960206,46.90546814828824,0.0716247217426724,-0.3618547758824934
2011-06-22,129.0500030517578,129.80999755859375,128.58999633789062,128.6699981689453,176703000,18.520000457763672,train,-0.006043709656474322,-0.02657384890889869,44.13814935525293,0.07071867940942561,-0.4458451773078766
2011-06-23,127.16000366210938,128.63999938964844,126.19000244140624,128.3000030517578,334286500,19.290000915527344,train,-0.0028796775585726827,-0.028907195902396765,42.84680833338138,0.06894859560638507,-0.23230246397958004
2011-06-24,128.27000427246094,128.3699951171875,126.62000274658205,126.80999755859376,226129300,21.100000381469727,train,-0.01168141141336566,-0.03950883179940068,38.02241128653278,0.06697165630456828,0.2677046148832615
2011-06-27,126.88999938964844,128.42999267578125,126.63999938964844,127.94000244140624,168904700,20.559999465942383,train,0.008871539110088518,-0.03041819278014124,43.241917457442945,0.060368672043048494,0.1309092537951851
2011-06-28,128.4499969482422,129.6300048828125,128.27000427246094,129.61000061035156,165556300,19.170000076293945,train,0.012968523040000554,-0.017400360882166566,49.95028306249289,0.04380293045932654,-0.2442396126651113
2011-06-29,130.1999969482422,130.92999267578125,129.6300048828125,130.72000122070312,244295500,17.270000457763672,train,0.008527694305573862,-0.009009263498762965,53.854303808007224,0.04037924674183427,-0.7927674156406753
2011-06-30,131.13999938964844,132.17999267578125,130.7100067138672,131.97000122070312,223322700,16.520000457763672,train,0.009516992828594329,0.0003669028060575563,57.84233476497712,0.041280471974581956,-1.0226580864192605
2011-07-01,132.08999633789062,134.10000610351562,131.77999877929688,133.9199981689453,202385700,15.869999885559082,train,0.014667959789823864,0.015022203852492533,63.18717863933872,0.05339086146041545,-1.2226037986400395
2011-07-05,133.77999877929688,134.0800018310547,133.38999938964844,133.80999755859375,165936000,16.059999465942383,train,-0.0008217279968376062,0.014183862381238255,62.704229766300124,0.06298542798064322,-1.1657534087567978
2011-07-06,133.49000549316406,134.13999938964844,133.11000061035156,133.97000122070312,143331600,16.34000015258789,train,0.0011950383290817402,0.015345784247461358,63.145477504928095,0.07094396266173275,-1.0730769486480751
2011-07-07,135.16000366210938,135.6999969482422,134.8800048828125,135.36000061035156,170464200,15.949999809265137,train,0.010321996966352439,0.025791827199042938,66.81823128237,0.08111263445428582,-1.1889838096959557
2011-07-08,133.8300018310547,135.36000061035156,133.38999938964844,134.39999389648438,194100500,15.949999809265137,train,-0.00711751769102607,0.018712747172556998,62.207319060711214,0.08686920314113834,-1.1809495981679088
2011-07-11,132.75,133.17999267578125,131.66000366210938,131.97000122070312,195918600,18.38999938964844,train,-0.01824574939739419,0.0009222901391823246,52.35830351085025,0.08611376311847839,-0.39978109461813965
2011-07-12,131.69000244140625,132.77999877929688,131.36000061035156,131.39999389648438,214675700,19.8700008392334,train,-0.004328573677972774,-0.0026399292729006874,50.34473882820689,0.08457765679257537,0.07879043606649866
2011-07-13,132.08999633789062,133.22000122070312,131.52000427246094,131.83999633789062,204062600,19.90999984741211,train,0.003342978783620863,0.001365618997039908,51.88302682883021,0.08475142191974798,0.09851241181169913
2011-07-14,132.1699981689453,132.77999877929688,130.67999267578125,130.92999267578125,226111800,20.799999237060547,train,-0.006926265084537383,-0.00482050542112078,48.53419780588854,0.08112404263949399,0.39346568430430756
2011-07-15,131.66000366210938,131.8699951171875,130.77000427246094,131.69000244140625,220012800,19.530000686645508,train,0.005787920961467227,0.0014342343334683427,51.35803403466454,0.07770422753031145,-0.010033254751619453
2011-07-18,131.0800018310547,131.27999877929688,129.6300048828125,130.61000061035156,196872100,20.950000762939453,train,-0.008234905998654835,-0.006325237094088387,47.37968459346773,0.072894874481391,0.4654714842067724
2011-07-19,131.33999633789062,132.88999938964844,131.30999755859375,132.72999572753906,166554900,19.209999084472656,train,0.01610116918648337,0.010029503739591217,54.78395338756466,0.06959324267767374,-0.10347708274961809
2011-07-20,133.07000732421875,133.14999389648438,132.4199981689453,132.64999389648438,137145400,19.09000015258789,train,-0.0006029228774295955,0.009738826357460484,54.472455267355194,0.06879095179541543,-0.1357699397698906
2011-07-21,133.39999389648438,134.82000732421875,132.6699981689453,134.49000549316406,245246300,17.559999465942383,train,0.013775853108294189,0.023960217659948713,60.092751000968576,0.0685197466713084,-0.641297375694375
2011-07-22,134.52000427246094,134.72000122070312,133.75999450683594,134.5800018310547,126019400,17.520000457763672,train,0.0006689436860065935,0.02462357547328975,60.350567599252926,0.06633385940435985,-0.6486056044634959
2011-07-25,133.3000030517578,134.49000549316406,133.16000366210938,133.8300018310547,136653800,19.350000381469727,train,-0.005588479875640823,0.019107431662960916,57.043188444974895,0.056067221462962766,-0.027338825454733713
2011-07-26,133.74000549316406,133.9600067138672,133.02999877929688,133.3300018310547,131278200,20.229999542236328,train,-0.003743079629607383,0.01540975878884332,54.8837547908295,0.04679714612166015,0.2748093218052849
2011-07-27,132.58999633789062,132.6300048828125,130.42999267578125,130.60000610351562,249020100,22.979999542236328,train,-0.020688008283868003,-0.004988715012221978,44.891249008389416,0.04420047336942556,1.2115016671871426
2011-07-28,130.60000610351562,131.77000427246094,130.00999450683594,130.22000122070312,207939900,23.739999771118164,train,-0.002913926393876417,-0.007437720851584784,43.69860706269423,0.04535365692483678,1.471425814363025
2011-07-29,128.91000366210938,130.5500030517578,127.97000122070312,129.3300018310547,307038400,25.25,train,-0.006858045597718971,-0.013465002207262988,40.95429757339144,0.05041234971354137,1.9746540347945147
2011-08-01,130.83999633789062,130.9600067138672,127.52999877929688,128.77999877929688,325790900,23.65999984741211,train,-0.004261778954100261,-0.016775441317545492,39.311278024980645,0.055407915403664076,1.4302777851226243
2011-08-02,127.80999755859376,128.5,125.48999786376952,125.48999786376952,346653800,24.790000915527344,train,-0.025879455531953442,-0.04070488367511982,31.238115754110922,0.07055187850814804,1.8015857587178432
2011-08-03,125.66000366210938,126.30999755859376,123.52999877929688,126.16999816894533,370830800,23.3799991607666,train,0.0054041323279468935,-0.03463737436802872,34.24391677364976,0.07870187241414434,1.3233549669379994
2011-08-04,124.41999816894533,124.62000274658205,120.05999755859376,120.26000213623048,520721800,31.65999984741211,train,-0.04797410605219454,-0.07820747220179614,24.301234524911166,0.10475795215989646,3.9671478637015776
2011-08-05,121.76000213623048,122.06999969482422,116.86000061035156,120.08000183105467,655619200,32.0,train,-0.0014978808010260819,-0.07784695882455062,24.071987968580174,0.12403948341646585,3.9411005048041314
2011-08-08,116.91000366210938,120.12000274658205,112.0199966430664,112.26000213623048,702263900,48.0,train,-0.06734057403046526,-0.13514560781323648,16.700888892282208,0.17236452860603266,7.807579069060629
2011-08-09,114.06999969482422,117.63999938964844,110.2699966430664,117.4800033569336,717828700,35.060001373291016,train,0.045450506361566,-0.09268958772918134,31.72902012960722,0.18923885808062738,4.094580778192066
2011-08-10,115.26000213623048,116.27999877929688,111.9499969482422,112.29000091552734,662607400,42.9900016784668,train,-0.045183316167242776,-0.12973321357258805,26.59213890959836,0.21810337581823372,5.785474253776725
2011-08-11,113.26000213623048,118.91999816894533,112.31999969482422,117.33000183105467,487979700,39.0,train,0.0439056743038678,-0.08861831569068124,37.22138224079366,0.2281195136573851,4.594461026945931
2011-08-12,118.4000015258789,119.20999908447266,117.27999877929688,118.12000274658205,313731600,36.36000061035156,train,0.006710587086638816,-0.08053776791057587,38.71922320423983,0.2336747335037826,3.852939059391918
2011-08-15,119.19000244140624,120.73999786376952,119.0,120.62000274658205,258810600,31.8700008392334,train,0.02094405066518224,-0.059642732776101215,43.327351490800694,0.23496473805323254,2.769485850078315
2011-08-16,119.47000122070312,120.69000244140624,118.30999755859376,119.58999633789062,294095200,32.849998474121094,train,-0.008575935434864807,-0.06629693036155537,41.92842950306433,0.23345516086790188,2.9418907789237436
2011-08-17,120.25,121.1999969482422,118.72000122070312,119.66999816894533,238201100,31.57999992370605,train,0.0006687439260469454,-0.06431496990855512,42.084840862816876,0.23001361713179738,2.616878047431118
2011-08-18,116.5,119.70999908447266,113.38999938964844,114.51000213623048,512956300,42.66999816894531,train,-0.044075765203905146,-0.10270854739356383,35.4522572158763,0.2283399785879802,4.86571459154354
2011-08-19,112.95999908447266,115.87999725341795,112.5,112.63999938964844,428281300,43.04999923706055,train,-0.016465287089525143,-0.11503729996145828,33.39799890484123,0.22558309283797126,4.721304860858356
2011-08-22,115.16999816894533,115.2300033569336,112.41000366210938,112.7300033569336,275090600,42.43999862670898,train,0.0007987218438405377,-0.11225592937577478,33.59743332727683,0.21889528397859473,4.4127359231939085
2011-08-23,113.1500015258789,116.56999969482422,112.58000183105467,116.44000244140624,331136600,36.27000045776367,train,0.03238053100952874,-0.08141077883199554,41.38843016441858,0.20168917416217566,3.136205218688769
2011-08-24,116.19000244140624,118.23999786376952,115.91999816894533,118.08000183105467,246869700,35.900001525878906,train,0.013986236514564057,-0.06681796842819343,44.489001772801046,0.18684888000087638,3.01112615026012
2011-08-25,118.7300033569336,119.4000015258789,115.87000274658205,116.27999877929688,312365400,39.7599983215332,train,-0.015361311166349373,-0.07948069475271713,41.870908953157006,0.17036001968878683,3.6544657546262376
2011-08-26,115.69000244140624,118.51000213623048,113.8499984741211,117.97000122070312,314495900,35.59000015258789,train,0.0144293000086114,-0.06472035866596992,45.13545596027046,0.15092364614664663,2.823158363095844
2011-08-29,119.55999755859376,121.43000030517578,118.05999755859376,121.36000061035156,190977200,32.279998779296875,train,0.02833097486821802,-0.03697519635282642,51.07139216518162,0.13046652898570102,2.194791639396483
2011-08-30,120.83000183105467,122.43000030517578,119.26000213623048,121.68000030517578,241315700,32.88999938964844,train,0.002633310389515277,-0.033512522911993026,51.60367742628289,0.12069198503203639,2.2826401245077674
2011-08-31,122.45999908447266,123.51000213623048,121.3000030517578,122.22000122070312,301828400,31.6200008392334,train,0.004428058995465284,-0.028107114911482878,52.54193318917396,0.10787466393840536,2.031051489117148
2011-09-01,122.29000091552734,123.4000015258789,120.77999877929688,120.94000244140624,254585900,31.81999969482422,train,-0.010528134422534292,-0.0371018937296731,50.064301311185154,0.10893285764203367,2.0447767532788497
2011-09-02,118.41999816894533,120.87000274658205,117.43000030517578,117.8499984741211,255517200,33.91999816894531,train,-0.025881958597483747,-0.06013989621786797,44.59702766364489,0.10735685524450567,2.38434738264935
2011-09-06,114.38999938964844,117.16000366210938,114.37999725341795,116.98999786376952,285130500,37.0,train,-0.007324173634934933,-0.0655347941649026,43.18356118918046,0.09921440458846448,2.8736820149310263
2011-09-07,118.76000213623048,120.33999633789062,118.36000061035156,120.29000091552734,209803200,33.380001068115234,train,0.0278170588174134,-0.03800014768278448,49.76319701382821,0.10083624520823256,2.2153280429089985
2011-09-08,119.56999969482422,120.94000244140624,118.7699966430664,119.04000091552734,250568200,34.31999969482422,train,-0.010445922841278862,-0.04638460301053482,47.518434868540886,0.0909276722854944,2.344241959260837
2011-09-09,117.68000030517578,119.05999755859376,115.27999877929688,115.91999816894533,380195100,38.52000045776367,train,-0.02655929655912459,-0.06917137586336819,42.37976996294128,0.09235472004076732,2.9951817355977624
2011-09-12,114.47000122070312,116.76000213623048,114.0500030517578,116.66999816894533,305793500,38.59000015258789,train,0.006449138924880436,-0.06084127355818336,43.948915270869804,0.09305363668882954,2.9432629384364404
2011-09-13,117.0500030517578,118.18000030517578,116.22000122070312,117.73999786376952,272514700,36.90999984741211,train,0.009129364315030024,-0.04975281143741894,46.199928768852196,0.09104942178356783,2.6200707637519796
2011-09-14,118.33999633789062,120.8000030517578,116.72000122070312,119.37000274658205,319389500,34.599998474121094,train,0.013749150659437968,-0.03434672119944693,49.52542660413863,0.09084151480417987,2.215034870557463
2011-09-15,120.6500015258789,121.47000122070312,119.4000015258789,121.43000030517578,326777200,31.96999931335449,train,0.0171100314629827,-0.015685160661603748,53.442202550386064,0.09361040219339212,1.7743004124858583
2011-09-16,121.29000091552734,121.97000122070312,120.31999969482422,121.5199966430664,284528300,30.979999542236328,train,0.0007408630840709541,-0.012740485515611133,53.61156169024735,0.09261087647267006,1.6022156312714164
2011-09-19,119.52999877929688,120.93000030517578,118.72000122070312,120.30999755859376,241517000,32.72999954223633,train,-0.010007105910177578,-0.020327951840562797,50.92913770743879,0.0819489801867018,1.8605090352709925
2011-09-20,120.81999969482422,121.98999786376952,120.01000213623048,120.16999816894533,218932200,32.86000061035156,train,-0.0011643330667982065,-0.019583862945951602,50.61359226549289,0.06778709812780111,1.8616494124975216
2011-09-21,120.2300033569336,120.5999984741211,116.44000244140624,116.62999725341795,316251300,37.31999969482422,train,-0.029900884532580278,-0.04616645178593737,43.30698948234599,0.06737223535759307,2.519816608094055
2011-09-22,113.25,114.20999908447266,111.3000030517578,112.86000061035156,513911300,41.34999847412109,train,-0.03285838920438968,-0.07412420493342031,37.15533676159758,0.08149436412899518,3.0748260700204257
2011-09-23,112.11000061035156,114.16000366210938,112.0199966430664,113.54000091552734,307242500,41.25,train,0.006007087857023056,-0.06588035848314544,38.84279968402061,0.08868205382714936,2.993007462836218
2011-09-26,114.61000061035156,116.4000015258789,112.9800033569336,116.23999786376952,260673700,39.02000045776367,train,0.023501795078211662,-0.041229463509772524,45.14146965694507,0.09047686089216513,2.614279605851639
2011-09-27,118.52999877929688,119.55999755859376,116.83999633789062,117.54000091552734,311753900,37.709999084472656,train,0.0111217080893046,-0.028411960210998455,47.922569542605565,0.08841580563562705,2.385273835576941
2011-09-28,117.77999877929688,118.48999786376952,114.97000122070312,115.13999938964844,286696800,41.08000183105469,train,-0.020629935026862865,-0.045474676006985404,43.53464403891343,0.08812604521855777,2.8201763319760085
2011-09-29,117.0500030517578,117.62999725341795,113.93000030517578,116.0500030517578,298108900,38.84000015258789,train,0.007872385070655765,-0.03527539750089448,45.569699217710856,0.083520317940627,2.4609839453889006
2011-09-30,114.4499969482422,115.4499969482422,113.06999969482422,113.1500015258789,288392300,42.959999084472656,train,-0.02530677345236925,-0.056033948913237985,40.55362894785269,0.0868291045233812,2.9787062132991347
2011-10-03,112.48999786376952,113.9499969482422,109.80999755859376,109.93000030517578,365136800,45.45000076293945,train,-0.028870583198134143,-0.07910961989916576,35.83671324680054,0.10332363823252662,3.2431361231720763
2011-10-04,108.3499984741211,112.58000183105467,107.43000030517578,112.33999633789062,459177500,40.81999969482422,train,0.021686152138976265,-0.05552037177607294,41.336447736533565,0.1092837087963917,2.5682560543957553
2011-10-05,112.62000274658205,114.72000122070312,111.58000183105467,114.41999816894533,284108000,37.810001373291016,train,0.018345918331617132,-0.034964628037134404,45.66522340516996,0.10730061165702236,2.1356347154089317
2011-10-06,114.36000061035156,116.66000366210938,113.51000213623048,116.48999786376952,257800800,36.27000045776367,train,0.017929541235911315,-0.015161909874411794,49.64730954881468,0.1055390990936648,1.9089189664853632
2011-10-07,117.16999816894533,117.25,115.05999755859376,115.70999908447266,312657900,36.20000076293945,train,-0.00671836109738072,-0.0193502760104165,48.21344138653214,0.10561357915689118,1.8782908129828642
2011-10-10,117.68000030517578,119.62999725341795,117.66999816894533,119.58000183105467,230666300,33.02000045776367,train,0.032898565789152207,0.015125882710471217,55.136647492267016,0.10819418088108723,1.4481474409973212
2011-10-11,118.87000274658205,120.04000091552734,118.75,119.6999969482422,209088000,32.86000061035156,train,0.0010029683037339767,0.017713459757996874,55.33602884027848,0.11038652989195806,1.4147787704530281
2011-10-12,120.5999984741211,122.13999938964844,120.33000183105467,120.75,281544900,31.26000022888184,train,0.008733705463807553,0.027468945493302144,57.131358459129906,0.11280696190937531,1.1970913104090173
2011-10-13,120.04000091552734,120.87000274658205,119.12000274658205,120.51000213623048,212538800,30.700000762939453,train,-0.001989537766799021,0.026415458265810043,56.571617668233415,0.11076177726793,1.1161918689917423
2011-10-14,121.91000366210938,122.5999984741211,121.2300033569336,122.56999969482422,211397600,28.239999771118164,train,0.016949538097382644,0.04355036644033583,60.17805878876723,0.11367592358433665,0.7920123085388773
2011-10-17,121.98999786376952,122.5500030517578,119.93000030517578,120.2300033569336,202311600,33.38999938964844,train,-0.019275689955516838,0.02360169535986123,54.62850964666106,0.11353125085124614,1.4456283177016285
2011-10-18,120.13999938964844,123.5,119.1999969482422,122.58000183105467,318857900,31.559999465942383,train,0.0193572900874667,0.041778227287207814,58.74332918263211,0.11905265876635913,1.2007246136449339
2011-10-19,122.37999725341795,123.08000183105467,120.70999908447266,121.12999725341795,226601300,34.439998626708984,train,-0.011899566641168823,0.028816697193913,55.404463284330895,0.12310391517919135,1.556273751249665
2011-10-20,121.43000030517578,122.0999984741211,119.81999969482422,121.66000366210938,262075600,34.779998779296875,train,0.004365972639690729,0.03167620320818565,56.380393128073685,0.12271349906104066,1.5843958480576412
2011-10-21,123.08999633789062,124.12000274658205,122.72000122070312,123.97000122070312,278999400,31.31999969482422,train,0.01880931170308042,0.05008242738718938,60.4435161121022,0.12713009975436806,1.1349024203652849
2011-10-24,124.16999816894533,125.8000030517578,124.05999755859376,125.48999786376952,203215600,29.26000022888184,train,0.012186446402285537,0.06163199725499591,62.89286915533402,0.13722535793150623,0.8672204046478427
2011-10-25,124.88999938964844,124.9499969482422,122.77999877929688,123.0500030517578,268596800,32.220001220703125,train,-0.019635255461081465,0.04056207339378237,56.81150564911911,0.14075941994957955,1.2333290020701506
2011-10-26,124.3499984741211,124.7699966430664,122.20999908447266,124.3000030517578,289053800,29.86000061035156,train,0.010107221430194213,0.05029593290603129,58.99877459094965,0.14301812108711523,0.9285341135617952
2011-10-27,127.62999725341795,129.4199981689453,126.61000061035156,128.6300048828125,393220200,25.459999084472656,train,0.034242080982544706,0.08523983294165483,65.5141293474052,0.15565769194384366,0.37018446085765316
2011-10-28,128.0,128.85000610351562,127.8000030517578,128.60000610351562,225906500,24.530000686645508,train,-0.00023324478600182926,0.08241327451533631,65.43654720064957,0.15834988890723714,0.25100533710836226
2011-10-31,127.16000366210938,128.6199951171875,125.31999969482422,125.5,228146700,29.959999084472656,train,-0.024401100692920532,0.05403902429608487,57.81704870845006,0.13873105076519132,0.9312885255268968
2011-11-01,122.02999877929688,123.51000213623048,121.5199966430664,122.0,416565800,34.77000045776367,train,-0.02828471383858199,0.023050499598690877,50.64659778815875,0.12033228711932162,1.524221707327754
2011-11-02,123.83000183105467,124.4000015258789,122.79000091552734,123.98999786376952,244717600,32.7400016784668,train,0.016179855229439294,0.03842305830749071,54.12988754307923,0.10687309036934728,1.2592077590074997
2011-11-03,125.2699966430664,126.5,123.5999984741211,126.25,291174800,30.5,train,0.01806316819277336,0.05590571087888585,57.77478487413241,0.10046363250627974,0.9715706072559077
2011-11-04,125.2300033569336,125.6999969482422,124.01000213623048,125.4800033569336,249401600,30.15999984741211,train,-0.006117658080253967,0.047853213093759006,56.138053122788854,0.08651241903764993,0.9221750301813588
2011-11-07,125.38999938964844,126.38999938964844,124.1999969482422,126.26000213623048,196617200,29.850000381469727,train,0.006196879783561569,0.05290898321315751,57.452969691229,0.08403912818052169,0.8769405194096606
2011-11-08,126.91999816894533,128.02000427246094,125.70999908447266,127.87999725341795,224426300,27.479999542236328,train,0.012749012855056094,0.0652600680021016,60.126580803319406,0.08352301618876806,0.57698279239572
2011-11-09,124.88999938964844,125.8000030517578,122.86000061035156,123.16000366210938,337982000,36.15999984741211,train,-0.037607949922965817,0.02568888729879193,50.22391857325334,0.08015984315384504,1.642920691661353
2011-11-10,124.79000091552734,124.94000244140624,123.0199966430664,124.31999969482422,231866500,32.810001373291016,train,0.009374531373710209,0.034987432961786524,52.30302202808434,0.07536366116993884,1.217196246446775
2011-11-11,125.83000183105467,126.98999786376952,125.79000091552734,126.66000366210938,189924400,30.040000915527344,train,0.018647475836618268,0.05346508509209236,56.27100387412064,0.07568778240043886,0.8683961583241928
2011-11-14,126.19000244140624,127.4499969482422,124.91999816894533,125.45999908447266,159258300,31.1299991607666,train,-0.00951938462996258,0.042165062051749747,53.79924562914153,0.06866514542862162,0.9960935617198196
2011-11-15,125.16999816894533,126.75,124.72000122070312,126.08000183105467,184709400,31.21999931335449,train,0.0049296652612951,0.04573603370751367,54.901492543058055,0.0670466207666237,1.0009746899595016
2011-11-16,124.80999755859376,126.33999633789062,123.9000015258789,124.08000183105467,235782500,33.5099983215332,train,-0.015990107007195373,0.02850096052701767,50.69950634975026,0.06117626784351577,1.2733038472255007
2011-11-17,123.8499984741211,124.16000366210938,121.2300033569336,122.11000061035156,331219600,34.5099983215332,train,-0.01600425078202715,0.011656713343869862,46.892407257140356,0.059925199861974705,1.3839303544649533
2011-11-18,122.5,122.75,121.47000122070312,121.9800033569336,215580400,32.0,train,-0.001065158454634802,0.009565988545975568,46.643502059659376,0.06349901699566386,1.06830667539482
2011-11-21,120.1999969482422,120.3499984741211,118.6500015258789,119.66000366210938,229611600,32.90999984741211,train,-0.019202705822494955,-0.010125383687212497,42.32559812563643,0.07385792970803276,1.1701163709860039
2011-11-22,119.4000015258789,120.0999984741211,118.5199966430664,119.19000244140624,216494900,31.96999931335449,train,-0.003935539588244195,-0.014249900261597892,41.48768920719698,0.08298778135647321,1.0478858695874895
2011-11-23,118.06999969482422,119.19000244140624,116.55999755859376,116.55999755859376,224329100,33.97999954223633,train,-0.02231273803647157,-0.035552844022180397,37.06578651638717,0.1005300936952859,1.281957411591608
2011-11-25,116.37999725341795,117.6999969482422,116.1999969482422,116.33999633789062,99557000,34.470001220703125,train,-0.0018892339364912113,-0.03656166703769159,36.713280650323064,0.10959040899971215,1.3308765737094472
2011-11-28,119.54000091552734,120.18000030517578,118.81999969482422,119.70999908447266,210686000,32.130001068115234,train,0.028555236610433046,-0.008356622314716011,45.295609641566166,0.10652281989074672,1.0405735492060604
2011-11-29,120.0500030517578,121.0,119.61000061035156,120.0500030517578,199241500,30.63999938964844,train,0.002836204472583442,-0.00549728913153491,46.08993935544328,0.10735870179964895,0.8560392785207047
2011-11-30,123.48999786376952,125.22000122070312,120.0,124.98999786376952,324439500,27.799999237060547,train,0.04032536892293432,0.03459976187649971,56.07063371141433,0.10804954320800308,0.5104053369661941
2011-12-01,124.8499984741211,125.63999938964844,124.43000030517578,124.97000122070312,176954800,27.40999984741211,train,-0.0001599987452575912,0.03300798589680287,56.0254177962991,0.10869694847484451,0.4596126060570504
2011-12-02,126.12000274658205,126.5,124.77999877929688,124.86000061035156,221109700,27.520000457763672,train,-0.0008806037437761391,0.030055239042156456,55.75904255766115,0.10703443479378258,0.46853950395602373
2011-12-05,126.83999633789062,127.18000030517578,125.44000244140624,126.22000122070312,225263900,27.84000015258789,train,0.010833311305441844,0.03910088793398159,58.3929719880718,0.10803591462139801,0.5026291797333441
2011-12-06,126.20999908447266,127.11000061035156,125.76000213623048,126.26000213623048,178842100,28.1299991607666,train,0.00031686403144963124,0.03771818156462481,58.4712867449794,0.10803591462139801,0.5329524689987792
2011-12-07,125.83999633789062,127.26000213623048,124.97000122070312,126.7300033569336,237802500,28.670000076293945,train,0.0037155757240585952,0.04000999957034068,59.43737477611643,0.1056344148697783,0.5930755868343702
2011-12-08,125.9000015258789,126.18000030517578,123.6500015258789,123.9499969482422,240862800,30.59000015258789,train,-0.022180631722513874,0.015727145562475897,51.76644414409563,0.10582402568039956,0.8183501718913585
2011-12-09,124.51000213623048,126.37000274658205,124.4000015258789,126.0500030517578,209111400,26.3799991607666,train,0.016800443984299637,0.031245825488313894,56.34932764089988,0.10757599349288645,0.30632647349972814
2011-12-12,124.9499969482422,124.97000122070312,123.16000366210938,124.20999908447266,215826100,25.670000076293945,train,-0.014705003659321005,0.014356632325610574,51.71301923525975,0.1047537168127344,0.2168935820192809
2011-12-13,124.86000061035156,125.56999969482422,122.4499969482422,123.0500030517578,245159800,25.40999984741211,train,-0.009382872547278225,0.002734823804305009,48.977125056293275,0.10320828958092883,0.1819046314934947
2011-12-14,122.55999755859376,123.02999877929688,121.47000122070312,121.73999786376952,238618800,26.040000915527344,train,-0.010703196119725814,-0.009457935291468766,46.01630291918889,0.10075374548230097,0.25451422228138926
2011-12-15,123.02999877929688,123.1999969482422,121.98999786376952,122.18000030517578,199109200,25.11000061035156,train,0.003607764201080553,-0.007131624127908132,47.1714947457207,0.10028626952777556,0.13828046642680827
2011-12-16,122.2300033569336,122.9499969482422,121.3000030517578,121.58999633789062,220481400,24.290000915527344,train,-0.004840670529557982,-0.012744475311779024,45.757529986463766,0.10049457508732189,0.03492350668402017
2011-12-19,122.05999755859376,122.31999969482422,120.02999877929688,120.29000091552734,183903000,24.920000076293945,train,-0.010749197572835998,-0.02402572900181743,42.71907790445773,0.10175628720219862,0.10756923779949017
2011-12-20,122.18000030517578,124.13999938964844,120.37000274658205,123.93000030517578,225418100,23.21999931335449,train,0.02981139092228546,0.004798184706619635,52.27513431276116,0.09990701936295815,-0.10281727740986875
2011-12-21,123.93000030517578,124.36000061035156,122.75,124.16999816894533,194230900,21.43000030517578,train,0.0019346871431295501,0.006014840304545244,52.83384874791505,0.09678318907806611,-0.3246410690971252
2011-12-22,124.62999725341795,125.4000015258789,124.2300033569336,125.2699966430664,119465400,21.15999984741211,train,0.008819801376116694,0.014184133797137788,55.41045248612579,0.08537883060590588,-0.3604357018211137
2011-12-23,125.66999816894533,126.43000030517578,125.41000366210938,126.38999938964844,92187200,20.729999542236328,train,0.008900978771407796,0.022278361852653417,57.93043158241463,0.07006087275990477,-0.414911133612739
2011-12-27,126.16999816894533,126.81999969482422,126.05999755859376,126.48999786376952,86075700,21.90999984741211,train,0.0007908769409957418,0.02243882782963369,58.157803756191875,0.06518073628730234,-0.27283462510169865
2011-12-28,126.51000213623048,126.52999877929688,124.7300033569336,124.83000183105467,119107100,23.520000457763672,train,-0.013210410439571862,0.008271013958248474,53.03368246237918,0.05760695939023334,-0.07856216816731311
2011-12-29,125.23999786376952,126.25,124.86000061035156,126.12000274658205,123507200,22.649999618530277,train,0.010281030123043728,0.018108330570336895,56.25896738920797,0.058703150496298186,-0.18812663366869714
2011-12-30,126.0199966430664,126.33000183105467,125.5,125.5,95599000,23.399999618530277,train,-0.004928097882550911,0.01238905463146489,54.3279199943544,0.0590423526445801,-0.09879496265799749
2012-01-03,127.76000213623048,128.3800048828125,127.43000030517578,127.5,193697900,22.96999931335449,train,0.015810606026642245,0.02755457572161335,59.19366987629714,0.06260904885447142,-0.15454038665923336
2012-01-04,127.1999969482422,127.80999755859376,126.70999908447266,127.6999969482422,127186500,22.21999931335449,train,0.0015673745421439895,0.02854801833809617,59.65653055762884,0.06531024050142462,-0.24967031822677058
2012-01-05,127.01000213623048,128.22999572753906,126.43000030517578,128.0399932861328,173895000,21.479999542236328,train,0.002658923525334799,0.030863036074490813,60.47726988162508,0.06855477345581822,-0.3436433537424988
2012-01-06,128.1999969482422,128.22000122070312,127.29000091552734,127.70999908447266,148050000,20.6299991607666,train,-0.002580601326588266,0.027435270676597234,59.21804636096503,0.07027412671582835,-0.450733309724531
2012-01-09,128.0,128.17999267578125,127.41000366210938,128.02000427246094,99530200,21.06999969482422,train,0.002424473747871864,0.029313184085815625,60.05938860293661,0.0732037497090195,-0.39872452849357387
2012-01-10,129.38999938964844,129.64999389648438,128.9499969482422,129.1300048828125,115282000,20.690000534057617,train,0.00863315158446976,0.038154399245179826,63.00255828797083,0.0782527385059711,-0.44778435278308776
2012-01-11,128.72999572753906,129.3699951171875,128.52000427246094,129.1999969482422,111540700,21.049999237060547,train,0.0005418810563717929,0.03861690857112343,63.186768967503745,0.08248039031154365,-0.4057475921149729
2012-01-12,129.57000732421875,129.6999969482422,128.5399932861328,129.50999450683594,118983700,20.46999931335449,train,0.002396488092430158,0.04043814212515784,64.0407493424497,0.08491092021669612,-0.48058226661618647
2012-01-13,128.63999938964844,129.0500030517578,127.72000122070312,128.83999633789062,179836200,20.90999984741211,train,-0.00518675978121626,0.033919330072288645,60.76008102852566,0.08187168754771142,-0.4287790017287361
2012-01-17,130.0800018310547,130.32000732421875,128.89999389648438,129.33999633789062,132209200,22.200000762939453,train,0.0038732716653284865,0.03704128355778313,62.31172902419625,0.07923838650212728,-0.27207860172816034
2012-01-18,129.30999755859375,130.83999633789062,129.0800018310547,130.77000427246094,163395200,20.88999938964844,train,0.010995519885351227,0.0477475802389149,66.40350795934906,0.07584257792357607,-0.43890853085268994
2012-01-19,131.22000122070312,131.57000732421875,130.8000030517578,131.4600067138672,126328900,19.8700008392334,train,0.005262586317009751,0.052267638316005005,68.19767034316214,0.06501241506367059,-0.568265958987984
2012-01-20,131.24000549316406,131.9499969482422,130.9199981689453,131.9499969482422,138230200,18.280000686645508,train,0.003720365914206534,0.05522853436896713,69.44552532088119,0.06626589245837383,-0.7675273566357309
2012-01-23,131.50999450683594,132.25,130.97999572753906,131.61000061035156,129295800,18.670000076293945,train,-0.0025800313373851107,0.05188197792675853,67.46732543337738,0.06500843171608058,-0.7188547034861009
2012-01-24,130.8000030517578,131.5,130.60000610351562,131.4600067138672,103083300,18.90999984741211,train,-0.0011403345768214964,0.049291026058351006,66.566448794037,0.06458003950642592,-0.6897645057575551
2012-01-25,131.25999450683594,132.8699951171875,130.75,132.55999755859375,198613200,18.309999465942383,train,0.008332680793951502,0.05668099944327487,69.7558780830339,0.06776237388116593,-0.7655003694681752
2012-01-26,133.14999389648438,133.39999389648438,131.36000061035156,131.8800048828125,184880500,18.56999969482422,train,-0.005142899472747521,0.0503864054393246,65.59034820439982,0.06824218005383845,-0.7344853151425956
2012-01-27,131.24000549316406,132.0500030517578,131.14999389648438,131.82000732421875,135259100,18.530000686645508,train,-0.0004550440413475089,0.04884594282445143,65.22027630825077,0.06293563640269365,-0.7414668346820011
2012-01-30,130.50999450683594,131.44000244140625,130.05999755859375,131.3699951171875,147311800,19.399999618530277,train,-0.003419678873827171,0.04438617466188233,62.377457142079614,0.05915925227949178,-0.631816654066072
2012-01-31,132.02000427246094,132.17999267578125,130.67999267578125,131.32000732421875,157212000,19.440000534057617,train,-0.00038058390580182833,0.04278836263334185,62.05389329812973,0.05153852309058796,-0.6267339587991657
2012-02-01,132.2899932861328,133.13999938964844,132.1300048828125,132.47000122070312,166234500,18.549999237060547,train,0.008719065503894516,0.050192334546792505,66.37513999747523,0.05052743141213644,-0.7391608043154454
2012-02-02,132.72999572753906,133.02000427246094,132.2100067138672,132.67999267578125,113090400,17.979999542236328,train,0.001583944965608829,0.0500756020315396,67.11164343867486,0.049294315405726555,-0.8112977011121075
2012-02-03,134.0,134.6199951171875,133.77000427246094,134.5399932861328,160598500,17.100000381469727,train,0.01392134381835218,0.06229426324317844,72.7955874893333,0.05257597908353812,-0.9221964761178784
2012-02-06,133.97999572753906,134.50999450683594,133.8300018310547,134.4499969482422,107694500,17.760000228881836,train,-0.0006691426782849391,0.0590316389012604,72.1458833827775,0.05261680386231033,-0.8409382752593144
2012-02-07,134.1699981689453,135.02000427246094,133.63999938964844,134.7899932861328,135528100,17.649999618530273,train,0.002525601923559161,0.05866935147747032,73.12186962924598,0.05258119289751311,-0.8560019008771546
2012-02-08,134.86000061035156,135.22000122070312,134.30999755859375,135.19000244140625,139361400,18.15999984741211,train,0.002963252495042481,0.058676326419249136,74.26440309375715,0.054805048165853534,-0.7938926203145792
2012-02-09,135.41000366210938,135.58999633789062,134.55999755859375,135.36000061035156,148602900,18.6299991607666,train,0.0012566859316234706,0.05741574285894968,74.75553155132538,0.056030433079230356,-0.7370050344035383
2012-02-10,134.16000366210938,134.47000122070312,133.83999633789062,134.36000061035156,167907500,20.790000915527344,train,-0.007415131080261282,0.04726243898147664,66.69283239300464,0.05450602190051477,-0.4678234635206573
2012-02-13,135.32000732421875,135.52000427246094,134.74000549316406,135.36000061035156,115841900,19.040000915527344,train,0.007415131080261385,0.05335406983799196,70.15889716359109,0.05172699649600913,-0.6916191747708164
2012-02-14,135.0,135.27000427246094,134.25,135.19000244140625,165329500,19.540000915527344,train,-0.0012566859316235118,0.05036044731219791,68.8472574925657,0.04834181024710708,-0.6311381086901936
2012-02-15,135.6300048828125,135.8300018310547,134.2899932861328,134.55999755859375,195195100,21.13999938964844,train,-0.004671036354375908,0.04389217333091455,64.06700775946581,0.046619397321579444,-0.4315551348646939
2012-02-16,134.57000732421875,136.1699981689453,134.3300018310547,136.0500030517578,186567800,19.21999931335449,train,0.011012309579391845,0.05384405711830342,69.46667164008474,0.04836961067168254,-0.6772424555963203
2012-02-17,136.52000427246094,136.6300048828125,135.9600067138672,136.41000366210938,129869400,17.780000686645508,train,0.002642595690965567,0.054973741582700075,70.61559305361837,0.050788092242801855,-0.8613056124617231
2012-02-21,136.72999572753906,137.0500030517578,136.0500030517578,136.47000122070312,134042300,18.190000534057617,train,0.0004397358434986928,0.053850072842952956,70.81271045579213,0.05174147194817914,-0.8107296881779262
2012-02-22,136.25999450683594,136.5500030517578,135.7899932861328,136.02999877929688,124455300,18.190000534057617,train,-0.00322937852330844,0.04849611650609109,67.24979752659368,0.05052490964339542,-0.8087256894019835
2012-02-23,135.9600067138672,136.72999572753906,135.5,136.6300048828125,137704300,16.799999237060547,train,0.004401137416320357,0.051406042392781126,69.50317468981538,0.0516856668919981,-0.981056008516353
2012-02-24,136.92999267578125,137.1999969482422,136.6300048828125,136.92999267578125,105539100,17.309999465942383,train,0.002193214767479755,0.051655728889756114,70.59262821760899,0.05129501200597715,-0.9130910414332861
2012-02-27,136.02000427246094,137.52999877929688,135.8000030517578,137.16000366210938,145728900,18.190000534057617,train,0.00167836143890253,0.05114405661369248,71.43521514276554,0.050068569429194895,-0.8007296721077134
2012-02-28,137.1999969482422,137.72000122070312,136.92999267578125,137.55999755859375,129355900,17.959999084472656,train,0.0029120135218652925,0.05165942725921702,72.88993233861305,0.046841927724413424,-0.829543678680907
2012-02-29,137.75999450683594,138.19000244140625,136.5399932861328,137.02000427246094,185934700,18.43000030517578,train,-0.003933236060081258,0.045159591347105454,67.8651838938333,0.04017926447272259,-0.768103881935236
2012-03-01,137.30999755859375,137.99000549316406,136.92999267578125,137.72999572753906,145023500,17.260000228881836,train,0.005168284152638876,0.047994830636803876,70.72293115041985,0.03719329273307694,-0.9133741143388492
2012-03-02,137.63999938964844,137.82000732421875,137.0,137.30999755859375,120638300,17.290000915527344,train,-0.0030540903552762613,0.042099877433740884,66.93105101240538,0.032253214634130424,-0.9084306908963679
2012-03-05,137.10000610351562,137.1999969482422,136.27999877929688,136.75,140765000,18.049999237060547,train,-0.004086684251318728,0.03583418303566788,62.14656900354601,0.031125875380153514,-0.81158411910333
2012-03-06,135.35000610351562,135.42999267578125,134.36000061035156,134.75,202129900,20.8700008392334,train,-0.014733231512984004,0.01905153819560601,48.744751803025785,0.030502863586657405,-0.4555142941165667
2012-03-07,135.05999755859375,135.91000366210938,134.92999267578125,135.69000244140625,143692200,19.06999969482422,train,0.006951680361283761,0.02454562138827665,53.788781368708854,0.029372504313640812,-0.6823467684199226
2012-03-08,136.52000427246094,137.32000732421875,136.24000549316406,137.0399932861328,116968900,17.950000762939453,train,0.009899914873447515,0.03307742676832426,59.89319403259561,0.029197935726473244,-0.8220151790639256
2012-03-09,137.3000030517578,137.92999267578125,137.1300048828125,137.57000732421875,122836800,17.110000610351562,train,0.0038601266890066765,0.035343365461549814,62.01474163466522,0.02979295999424265,-0.9242452602462514
2012-03-12,137.5500030517578,137.75999450683594,137.08999633789062,137.5800018310547,104003500,15.640000343322754,train,7.264769404171427e-05,0.033435303109424774,62.05550238696889,0.027642745180343098,-1.1052160652348013
2012-03-13,138.32000732421875,140.1300048828125,138.08999633789062,140.05999755859375,184090500,14.800000190734863,train,0.01786530538934012,0.049865207201572836,70.51133632214868,0.034716099730856834,-1.204620577597144
2012-03-14,140.10000610351562,140.4499969482422,139.47999572753906,139.91000366210938,145163600,15.3100004196167,train,-0.0010714998762810766,0.04648017097730639,69.50251215298371,0.03854733168894353,-1.1332461018790414
2012-03-15,140.1199951171875,140.77999877929688,139.75999450683594,140.72000122070312,165118500,15.420000076293944,train,0.0057727241840531155,0.05046126518042349,71.84514701987298,0.04188207911737697,-1.1106810964391924
2012-03-16,140.36000061035156,140.47999572753906,140.0,140.3000030517578,152893500,14.470000267028809,train,-0.002989100243923629,0.04535953422630623,68.89022183396003,0.045128661925721236,-1.2199829055374654
2012-03-19,140.2100067138672,141.27999877929688,140.11000061035156,140.85000610351562,125291100,15.039999961853027,train,0.0039125287957505715,0.047458032239444004,70.59575982898171,0.04918246328231945,-1.1413625344227583
2012-03-20,140.0500030517578,140.61000061035156,139.63999938964844,140.44000244140625,121729700,15.579999923706056,train,-0.002915168971612883,0.042435233274234374,67.61967777277395,0.05128340860305157,-1.0697768685637417
2012-03-21,140.52000427246094,140.64999389648438,139.9199981689453,140.2100067138672,122388400,15.130000114440918,train,-0.00163902206680534,0.03884811787707876,65.94035460764115,0.05159463301056745,-1.120814784681512
2012-03-22,139.17999267578125,139.5500030517578,138.74000549316406,139.1999969482422,135216700,15.56999969482422,train,-0.007229620640635165,0.029827996219057296,59.009688285034365,0.05100164694853817,-1.0630112785252623
2012-03-23,139.32000732421875,139.80999755859375,138.5500030517578,139.64999389648438,120521000,14.81999969482422,train,0.0032275227086085503,0.03156213578862843,60.97760326171594,0.050913572765448147,-1.1524105217971532
2012-03-26,140.64999389648438,141.61000061035156,140.60000610351562,141.61000061035156,120164000,14.260000228881836,train,0.0139375558596752,0.04417368743869732,68.15003930766504,0.05400927432291075,-1.2175567821310933
2012-03-27,141.74000549316406,141.8300018310547,141.0800018310547,141.1699981689453,119868500,15.59000015258789,train,-0.003111979619512397,0.039039976758574735,65.25056521237093,0.0557900495184379,-1.0502485043028502
2012-03-28,141.10000610351562,141.32000732421875,139.63999938964844,140.47000122070312,148562100,15.470000267028809,train,-0.004970873392590558,0.032196723809673866,60.81746850935974,0.05541401487379652,-1.0624403913763143
2012-03-29,139.63999938964844,140.49000549316406,139.08999633789062,140.22999572753906,164963700,15.479999542236328,train,-0.0017100502619177978,0.029002530959041595,59.329133655166366,0.0553025328965583,-1.0590622754252363
2012-03-30,140.9199981689453,141.0500030517578,140.0500030517578,140.80999755859375,135486800,15.5,train,0.004127545319883938,0.03184267078693326,61.76432947815083,0.054963086109274396,-1.0544611148667338
2012-04-02,140.63999938964844,142.2100067138672,140.36000061035156,141.83999633789062,151741100,15.640000343322754,train,0.007288189356439629,0.03788603246034761,65.69283466470426,0.05454630908570076,-1.03561885822562
2012-04-03,141.63999938964844,141.8800048828125,140.42999267578125,141.25999450683594,155806700,15.65999984741211,train,-0.0040975108534866776,0.032184293923634755,61.83979066041081,0.04555970638809757,-1.0314262918424708
2012-04-04,140.22000122070312,140.33999633789062,139.33999633789062,139.86000061035156,146896000,16.440000534057617,train,-0.00996019845413259,0.020701578326992154,53.65875934835537,0.03653387940696224,-0.9352408899945122
2012-04-05,139.3800048828125,140.1999969482422,139.25999450683594,139.7899932861328,137439400,16.700000762939453,train,-0.0005006781849393335,0.019115197498954073,53.27918258605868,0.03087161972864486,-0.9032547185226564
2012-04-09,138.02999877929688,139.83999633789062,137.83999633789062,138.22000122070312,127555900,18.809999465942383,train,-0.01129462095995572,0.006738794312179275,45.50496889287865,0.028828081578267606,-0.6463448981913794
2012-04-10,137.9499969482422,138.33999633789062,135.75999450683594,135.89999389648438,235360300,20.38999938964844,train,-0.016927351249561472,-0.010747156313847928,36.929643348893656,0.03607225853770613,-0.45449208118687123
2012-04-11,137.2899932861328,137.5399932861328,136.75,137.0,154133000,20.020000457763672,train,0.00806164958284261,-0.0035566455141251563,42.46579912642767,0.04103072909312904,-0.5020819606632562
2012-04-12,137.1300048828125,138.89999389648438,137.02999877929688,138.7899932861328,154321500,17.200000762939453,train,0.012981025165336122,0.008366807072143878,50.136067069475146,0.04170423239405787,-0.8480510469728951
2012-04-13,138.47000122070312,138.82000732421875,137.00999450683594,137.13999938964844,169246700,19.549999237060547,train,-0.01195965358781548,-0.004296755939405705,44.27640679143491,0.04479605015387927,-0.5616066190619816
2012-04-16,137.83999633789062,138.0399932861328,136.5800018310547,137.0500030517578,147825300,19.549999237060547,train,-0.0006564523893733154,-0.00558119967918147,43.9745156129007,0.047677543172161496,-0.5638932029826603
2012-04-17,137.83999633789062,139.36000061035156,137.6999969482422,139.0800018310547,147877600,18.459999084472656,train,0.014703475288866496,0.008483809287357813,51.93536370473212,0.04703989655001991,-0.7003653443788893
2012-04-18,138.4600067138672,139.0800018310547,138.3800048828125,138.61000061035156,123884200,18.63999938964844,train,-0.0033850816765037045,0.004469791579018834,50.1582943838973,0.04693491726556687,-0.6794660863769897
2012-04-19,138.6300048828125,139.14999389648438,137.07000732421875,137.72000122070312,198666700,18.36000061035156,train,-0.006441591294652862,-0.0024034362915276164,46.88665203555044,0.04777300032984203,-0.7159604802920871
2012-04-20,138.3300018310547,138.8300018310547,137.8699951171875,137.9499969482422,143199600,17.440000534057617,train,0.0016686312071105618,-0.0011368205004851362,47.83360547475635,0.04850579788840292,-0.8314983428479182
2012-04-23,136.5399932861328,136.91000366210938,135.94000244140625,136.7899932861328,171844900,18.96999931335449,train,-0.008444424521305168,-0.009741199136847789,43.610425877435496,0.05073854318877826,-0.6459618645896884
2012-04-24,136.91000366210938,137.66000366210938,136.8000030517578,137.30999755859375,137484200,18.100000381469727,train,0.003794271533622065,-0.006401133280762639,45.91563537740215,0.049019145975533016,-0.7554797429064891
2012-04-25,138.64999389648438,139.25,138.52999877929688,139.19000244140625,150252200,16.81999969482422,train,0.013598798225997724,0.006644932551120419,53.34197322471941,0.04668210003450205,-0.9150709485024168
2012-04-26,138.88999938964844,140.32000732421875,138.80999755859375,140.16000366210938,136291600,16.239999771118164,train,0.006944729536737264,0.012931966732539157,56.64944126996893,0.046251369769416545,-0.9878067260280182
2012-04-27,140.5800018310547,140.7899932861328,139.8000030517578,140.38999938964844,130725000,16.31999969482422,train,0.0016396063201724895,0.013739895720633832,57.420176684907524,0.046474032025236554,-0.9796161476956254
2012-04-30,140.11000061035156,140.2100067138672,139.49000549316406,139.8699951171875,115092200,17.149999618530273,train,-0.0037108747547531236,0.009428129560042908,55.037626068854124,0.045106560150255985,-0.8789067410701106
2012-05-01,139.7899932861328,141.66000366210938,139.6300048828125,140.74000549316406,138832200,16.600000381469727,train,0.006200870687420012,0.015072505589308838,58.165266520076656,0.04238137096676453,-0.9477953297244797
2012-05-02,139.9199981689453,140.4600067138672,139.4600067138672,140.32000732421875,121081000,16.8799991607666,train,-0.002988674748570388,0.01148158126561527,56.135198908403005,0.04033975158511908,-0.9131741939342786
2012-05-03,140.33999633789062,140.4499969482422,138.99000549316406,139.25,143759700,17.559999465942383,train,-0.007654702013019944,0.003302795482159393,51.22960262703244,0.03972889987492569,-0.8290947024469305
2012-05-04,138.52000427246094,139.3000030517578,136.9199981689453,137.0,193927300,19.15999984741211,train,-0.016289952979268458,-0.012961185876955827,42.76631957330038,0.04005714529600265,-0.6309465534624631
2012-05-07,136.50999450683594,137.55999755859375,136.4600067138672,137.10000610351562,127765900,18.940000534057617,train,0.0007297052588564099,-0.012264872941864624,43.2153517784255,0.04092384928469726,-0.6586820096042842
2012-05-08,136.27999877929688,136.77000427246094,134.9199981689453,136.5500030517578,213377700,19.049999237060547,train,-0.004019760818253804,-0.01614088631727728,41.29641171869824,0.039455509520912764,-0.6463983035532695
2012-05-09,135.10000610351562,136.61000061035156,134.49000549316406,135.74000549316406,220752500,20.07999992370605,train,-0.005949538524837831,-0.021720446968684692,38.57945489017589,0.042056359646682875,-0.5211412600619013
2012-05-10,136.67999267578125,136.85000610351562,135.7100067138672,136.02000427246094,150600000,18.82999992370605,train,0.0020606334141373803,-0.019561172370482605,40.04781490175992,0.044414018970344415,-0.6783463879710757
2012-05-11,135.1699981689453,136.8699951171875,135.11000061035156,135.61000061035156,153032400,19.88999938964844,train,-0.0030188415573872214,-0.02221766838375172,38.592883905135004,0.04694605375653307,-0.5488891855454858
2012-05-14,134.30999755859375,135.61000061035156,133.91000366210938,134.11000061035156,163910000,21.8700008392334,train,-0.011122760326664573,-0.03258662854822081,33.76050760345598,0.053091503264464684,-0.30440350973932156
2012-05-15,134.02000427246094,134.80999755859375,133.1300048828125,133.33999633789062,207629300,21.96999931335449,train,-0.005758133548508667,-0.037667681332807956,31.57485357697206,0.060135079936358686,-0.29403369287014225
2012-05-16,133.94000244140625,134.5500030517578,132.8000030517578,132.8300018310547,207265500,22.270000457763672,train,-0.0038321007961062774,-0.04108262681722019,30.181165750097932,0.06726791201937252,-0.2591546424552306
2012-05-17,132.86000061035156,133.02000427246094,130.7899932861328,130.86000061035156,247992900,24.489999771118164,train,-0.014942074823610709,-0.05464506579476858,25.49912563359449,0.07914769610004992,0.015074667179009807
2012-05-18,131.3699951171875,131.60000610351562,129.5500030517578,129.74000549316406,319615900,25.100000381469727,train,-0.008595563981053293,-0.06174649989577485,23.287292146283747,0.09174405636445644,0.0871422949061007
2012-05-21,130.16000366210938,132.02000427246094,129.9499969482422,131.97000122070312,177861100,22.01000022888184,train,0.017042143153895094,-0.04484598276675744,35.31781278384807,0.09662304744881989,-0.3046859876257426
2012-05-22,132.30999755859375,133.22999572753906,131.33999633789062,132.1999969482422,197531200,22.479999542236328,train,0.0017412710545933409,-0.042435626637638335,36.42520758704584,0.10021232055901845,-0.24779229552992738
2012-05-23,131.25,132.4600067138672,129.99000549316406,132.27000427246094,204958400,22.32999992370605,train,0.0005294160058288494,-0.040846132265198176,36.780005154509375,0.10120144343683735,-0.2693236188579361
2012-05-24,132.6300048828125,132.83999633789062,131.4199981689453,132.52999877929688,167357600,21.540000915527344,train,0.0019637053428055115,-0.037931064733724984,38.16028932965238,0.0990559089358836,-0.37196308452737953
2012-05-25,132.47999572753906,132.85000610351562,131.77999877929688,132.10000610351562,135465600,21.76000022888184,train,-0.0032497679497885865,-0.03985086927855863,36.73192400337697,0.09551278267236663,-0.34766153494006413
2012-05-29,133.16000366210938,133.92999267578125,131.1699981689453,133.6999969482422,152883500,21.030000686645508,train,0.01203920355045307,-0.027288333119870667,44.98391004209063,0.09007480666332647,-0.44365339284247485
2012-05-30,132.55999755859375,133.69000244140625,131.49000549316406,131.75999450683594,162370400,24.13999938964844,train,-0.014616417103779963,-0.040132917370844234,38.43756120683089,0.08217300303912847,-0.05294990142329055
2012-05-31,131.7100067138672,132.4499969482422,130.33999633789062,131.47000122070312,196186000,24.059999465942383,train,-0.0022033461851589573,-0.04099215912330623,37.55770571975789,0.07294642908873551,-0.06613906743801866
2012-06-01,129.41000366210938,131.5,128.16000366210938,128.16000366210938,253240900,26.65999984741211,train,-0.025499186098984584,-0.0634905742602162,29.31055431780696,0.0720481120991038,0.2615514655157846
2012-06-04,128.38999938964844,128.74000549316406,127.13999938964844,128.10000610351562,202545800,26.1200008392334,train,-0.0004682553453806065,-0.06240800789026446,29.185452984166133,0.07492466300113929,0.18869141047008656
2012-06-05,127.8499984741211,129.25999450683594,127.77999877929688,129.07000732421875,164149400,24.68000030517578,train,0.007543693044012312,-0.053843000876190095,34.083841021604755,0.07278514816162983,0.0013569814819592296
2012-06-06,129.97000122070312,132.02999877929688,129.92999267578125,131.97000122070312,184202800,22.15999984741211,train,0.022219683685399394,-0.031215169676987453,46.09012283802724,0.06701187139913163,-0.3238535999013508
2012-06-07,133.47000122070312,133.52999877929688,131.77999877929688,132.0500030517578,184772700,21.71999931335449,train,0.0006060285751731634,-0.029328162428266635,46.38027695267878,0.06236879179390969,-0.3820884561823011
2012-06-08,131.7100067138672,133.1300048828125,131.2899932861328,133.10000610351562,143915400,21.229999542236328,train,0.007920109403916804,-0.020548569299272956,50.17096613341059,0.05647090097413806,-0.44726154874306967
2012-06-11,134.1699981689453,134.25,131.27999877929688,131.41000366210938,169756100,23.559999465942383,train,-0.01277853673432137,-0.03172799808405491,44.69417713731869,0.050134884998607285,-0.15044641599078926
2012-06-12,131.7899932861328,133.00999450683594,131.16000366210938,132.9199981689453,181931800,22.09000015258789,train,0.011425195187419059,-0.01946176993604587,49.951200734006086,0.04802052465249099,-0.3410079755758173
2012-06-13,132.52999877929688,133.36000061035156,131.6199951171875,132.07000732421875,172223900,24.270000457763672,train,-0.006415289197970859,-0.02432569034570553,47.229703773131696,0.046604781764636415,-0.06358318744638328
2012-06-14,132.33999633789062,134.0,131.97999572753906,133.47000122070312,230615500,21.68000030517578,train,0.010544602119150941,-0.012846966529577175,51.880034166080826,0.0476110686856918,-0.39761019315270457
2012-06-15,133.3800048828125,134.25999450683594,133.10000610351562,134.13999938964844,169444500,21.11000061035156,train,0.005007283489523609,-0.007051471482455107,53.970590328373376,0.05024908280219021,-0.47010901573813363
2012-06-18,133.5800018310547,134.72999572753906,133.27999877929688,134.39999389648438,131360900,18.31999969482422,train,0.0019363565545029568,-0.004332392420952957,54.79138210917668,0.05118932261611417,-0.8269149728806892
2012-06-19,135.0800018310547,136.25,134.3699951171875,135.6999969482422,137382600,18.3799991607666,train,0.009626161675834072,0.0056738385687244985,58.75202019793983,0.056814143827515776,-0.8178888399479867
2012-06-20,135.7100067138672,136.10000610351562,134.27000427246094,135.47999572753906,206451800,17.239999771118164,train,-0.0016225479379806827,0.004105915442293329,57.82869911036775,0.06089472371089311,-0.9630274616696978
2012-06-21,135.63999938964844,135.77999877929688,132.3300018310547,132.44000244140625,205272200,20.07999992370605,train,-0.022694265300738328,-0.017760982815804405,46.86799319510099,0.06089811636788618,-0.5990766078782321
2012-06-22,133.1300048828125,133.7100067138672,132.6199951171875,133.4600067138672,130029200,18.11000061035156,train,0.007672126668571888,-0.009412985313380862,50.27361223185632,0.0613422455403194,-0.851459112706379
2012-06-25,132.0500030517578,132.10000610351562,130.85000610351562,131.32000732421875,146375700,20.3799991607666,train,-0.016164709374456528,-0.02445397872174071,43.91389065108351,0.061718864207453525,-0.5591539305120687
2012-06-26,131.6999969482422,132.3800048828125,130.92999267578125,131.97999572753906,141634000,19.71999931335449,train,0.005013215176026021,-0.018811969587793853,46.1753389049632,0.061023776773273156,-0.643396928668046
2012-06-27,132.4199981689453,133.42999267578125,131.97000122070312,133.1699981689453,108088000,19.450000762939453,train,0.008976130181058067,-0.009094300508157516,50.08349366317781,0.06120881292958526,-0.6783030175132381
2012-06-28,132.2899932861328,132.99000549316406,131.27999877929688,132.7899932861328,169242100,19.709999084472656,train,-0.0028576113221010406,-0.01106534303479334,48.86338090079498,0.06098388276677289,-0.6467792918685006
2012-06-29,135.1999969482422,136.27000427246094,134.85000610351562,136.10000610351562,212250900,17.079999923706055,train,0.02462107206103697,0.013830139158108157,58.375540752479594,0.058206151730391724,-0.9856898271161406
2012-07-02,136.47999572753906,136.64999389648438,135.52000427246094,136.50999450683594,129524500,16.799999237060547,train,0.0030078772716375956,0.017102411750781643,59.38334880181818,0.05351789058747834,-1.0227215535713496
2012-07-03,136.47999572753906,137.50999450683594,136.33999633789062,137.41000366210938,80450000,16.65999984741211,train,0.006571352219776147,0.023713576906985834,61.582324070090976,0.05231783817657187,-1.041397554517966
2012-07-05,136.89999389648438,137.8000030517578,136.2899932861328,136.7899932861328,126177500,17.5,train,-0.004522329974862246,0.019173425676864086,59.204352906528996,0.05489646405994604,-0.9343641022488881
2012-07-06,135.47000122070312,135.77000427246094,134.85000610351562,135.49000549316406,151192100,17.100000381469727,train,-0.009548976618500212,0.010044565720079612,54.45621864949285,0.054400902559327495,-0.987115313647677
2012-07-09,135.3800048828125,135.57000732421875,134.6999969482422,135.32000732421875,103780500,17.979999542236328,train,-0.001255479363605407,0.009505750418058234,53.84804313679509,0.054622253132490195,-0.8755935887363471
2012-07-10,136.00999450683594,136.22999572753906,133.67999267578125,134.13999938964844,167884800,18.71999931335449,train,-0.008758371916199225,0.0016367733449107469,49.69894254430856,0.05133621204135483,-0.7803462937206387
2012-07-11,134.2100067138672,134.60000610351562,133.3800048828125,134.16000366210938,141733400,17.950000762939453,train,0.00014911869005202993,0.002641140986189061,49.76960246909425,0.05050678442965926,-0.8781183864167565
2012-07-12,133.3800048828125,134.22999572753906,132.60000610351562,133.50999450683594,143583200,18.32999992370605,train,-0.004856804553746215,-0.0011372479419015091,47.43774762791709,0.04846451936236026,-0.8278010480370745
2012-07-13,133.86000061035156,135.88999938964844,133.83999633789062,135.75,129642600,16.739999771118164,train,0.016638618556256375,0.016316455748433656,55.22351817206166,0.04876371555840146,-1.0290775615333128
2012-07-16,135.44000244140625,135.8300018310547,134.89999389648438,135.42999267578125,97525200,17.110000610351562,train,-0.0023601112279798006,0.014500941694496117,53.993075961013524,0.049031489644319616,-0.9792151652947053
2012-07-17,135.97000122070312,136.63999938964844,134.5500030517578,136.36000061035156,138860300,16.479999542236328,train,0.006843604159668158,0.02156554789983467,56.992208835522966,0.05032513437248136,-1.0560905913351806
2012-07-18,136.0399932861328,137.63999938964844,135.9600067138672,137.3699951171875,113349700,16.15999984741211,train,0.007379528046410284,0.029090473742721112,60.03889056165423,0.05290037278738335,-1.0940845724430095
2012-07-19,137.64999389648438,138.17999267578125,137.2100067138672,137.72999572753906,129847300,15.449999809265137,train,0.002617236116542275,0.031604991144865924,61.096766070636065,0.056125025226958586,-1.1811686711380034
2012-07-20,136.9499969482422,137.16000366210938,136.32000732421875,136.47000122070312,142904500,16.270000457763672,train,-0.009190396713817285,0.022055799265229492,55.55358327318309,0.05441810110761342,-1.074884753869161
2012-07-23,134.47000122070312,136.3800048828125,133.83999633789062,135.08999633789062,145210900,18.6200008392334,train,-0.01016362332194233,0.011861572785072827,50.183303862560194,0.05328620271048592,-0.7752913519535772
2012-07-24,135.19000244140625,135.25,133.02999877929688,133.92999267578125,173301200,20.46999931335449,train,-0.008623975160813382,0.003425359937073269,46.14522330966789,0.04737186968717868,-0.53935830937402
2012-07-25,134.2100067138672,134.55999755859375,133.25,133.9600067138672,129122300,19.34000015258789,train,0.00022407733233724853,0.003672788131126037,46.26570388830702,0.04282281391998808,-0.6833351187441808
2012-07-26,135.88999938964844,136.4600067138672,135.25999450683594,136.1699981689453,156526500,17.530000686645508,train,0.01636279364520529,0.019798314852666143,54.361744835035005,0.0403255606232393,-0.9107318310073325
2012-07-27,136.88999938964844,139.07000732421875,136.13999938964844,138.67999267578125,236768900,16.700000762939453,train,0.01826497631335944,0.037686802319497836,61.463424941789356,0.040640765411129626,-1.0111564837018567
2012-07-30,138.52000427246094,139.33999633789062,138.27000427246094,138.67999267578125,106782000,18.030000686645508,train,0.0,0.03647384048340019,61.463424941789356,0.04455484711011965,-0.8367804584270765
2012-07-31,138.49000549316406,138.8699951171875,137.7100067138672,137.7100067138672,120575900,18.93000030517578,train,-0.0070189945103160956,0.027999619106639395,57.45630957603592,0.045835927708480134,-0.7190857530611601
2012-08-01,138.6999969482422,138.72999572753906,137.39999389648438,137.58999633789062,138293800,18.959999084472656,train,-0.0008718516690747392,0.026242666607309006,56.96150401970849,0.0460848919404973,-0.7116098487597367
2012-08-02,136.5500030517578,137.57000732421875,135.5800018310547,136.63999938964844,199556600,17.56999969482422,train,-0.006928496250222446,0.018482348760289202,53.06568551459039,0.04598848614636139,-0.8839538408555719
2012-08-03,138.55999755859375,139.63999938964844,136.67999267578125,139.35000610351562,157825000,15.640000343322754,train,0.019639072154451945,0.037586975449785065,61.21488876207339,0.050463625106937034,-1.119762695342246
2012-08-06,139.72000122070312,140.1699981689453,139.55999755859375,139.6199951171875,86326200,15.949999809265137,train,0.001935613842245032,0.038500809010749704,61.92419563202115,0.05447563976859546,-1.0718828134429834
2012-08-07,140.17999267578125,140.9199981689453,140.02999877929688,140.32000732421875,109545100,15.989999771118164,train,0.005001169250315094,0.042432832827930866,63.77403206087899,0.057467441672400026,-1.067500593067908
2012-08-08,139.85000610351562,140.64999389648438,139.80999755859375,140.49000549316406,89754700,15.31999969482422,train,0.0012107701431819514,0.04264386717488211,64.22854283875014,0.05937137705108843,-1.1450660658023086
2012-08-09,140.2899932861328,140.88999938964844,140.14999389648438,140.61000061035156,90291700,15.279999732971191,train,0.0008537539798698818,0.04216541701217147,64.56648504696115,0.05839937339305692,-1.1465364537215785
2012-08-10,140.0399932861328,140.88999938964844,139.80999755859375,140.83999633789062,99792700,14.739999771118164,train,0.0016343633414736432,0.042422203637547895,65.24424118348036,0.06106508892669911,-1.2098267027501053
2012-08-13,140.60000610351562,140.83999633789062,140.0399932861328,140.77000427246094,79426900,13.699999809265137,train,-0.0004970850944157594,0.0399629137317592,64.8377967354412,0.06209497449292166,-1.3361827107078428
2012-08-14,141.2899932861328,141.3800048828125,140.3699951171875,140.7899932861328,102379400,14.850000381469728,train,0.000141987596809055,0.03816403907540056,64.90503725116261,0.06360781347416043,-1.176123411298788
2012-08-15,140.63999938964844,141.19000244140625,140.5500030517578,140.9499969482422,71085900,14.630000114440918,train,0.0011358251214389945,0.03752611031283237,65.47418127840632,0.06568043945608099,-1.1953473221421236
2012-08-16,141.14999389648438,142.16000366210938,140.8000030517578,141.99000549316406,112014200,14.289999961853027,train,0.0073514753644729515,0.04364204964471208,68.99396004728092,0.06935393421105902,-1.229690642674649
2012-08-17,142.22999572753906,142.3000030517578,141.86000061035156,142.17999267578125,90813700,13.449999809265137,train,0.0013371377143855268,0.043484591348776025,69.6035892522654,0.071401993602016,-1.3360432044245205
2012-08-20,141.97999572753906,142.22000122070312,141.58999633789062,142.19000244140625,78255700,14.020000457763672,train,7.039959068116194e-05,0.04216752984371652,69.63746132961816,0.06974071770936767,-1.2583934429756396
2012-08-21,142.5399932861328,143.08999633789062,141.4499969482422,141.75999450683594,105581100,15.020000457763672,train,-0.0030287604712871475,0.03744183848358906,66.22342296764711,0.06210048879996321,-1.122299126190046
2012-08-22,141.39999389648438,142.0500030517578,141.07000732421875,141.82000732421875,133243500,15.109999656677246,train,0.0004232514132957488,0.03653078468826321,66.47048441163656,0.051318845738083436,-1.102873642904555
2012-08-23,141.47000122070312,141.47999572753906,140.44000244140625,140.66000366210938,111466400,15.960000038146973,train,-0.008213042605260772,0.026763324168847857,57.68699144999555,0.04494721602582224,-0.9812158034115568
2012-08-24,140.30999755859375,141.8300018310547,140.22000122070312,141.50999450683594,99481200,15.18000030517578,train,0.006024690231016378,0.03175687481685574,61.68252571547605,0.044496098347304586,-1.082160048740275
2012-08-27,141.88999938964844,142.0800018310547,141.33999633789062,141.5399932861328,68785900,16.350000381469727,train,0.00021196806714667913,0.03086321882204568,61.8195558072999,0.043700965493962005,-0.9156616661009349
2012-08-28,141.17999267578125,141.83999633789062,140.97000122070312,141.39999389648438,75689600,16.489999771118164,train,-0.0009896049156417712,0.028794568669340492,60.728075670849286,0.040065033181716676,-0.8893172514686232
2012-08-29,141.52000427246094,141.88999938964844,141.1199951171875,141.50999450683594,65421300,17.059999465942383,train,0.0007776368484949471,0.028725178108908622,61.30615242907085,0.03495228308211927,-0.8042992775495342
2012-08-30,140.89999389648438,140.94000244140625,140.19000244140625,140.49000549316406,96589900,17.829999923706055,train,-0.007233996182479838,0.02056683674589821,53.44958650922144,0.021951230318171623,-0.6920097611504414
2012-08-31,141.2899932861328,141.82000732421875,140.36000061035156,141.16000366210938,151970400,17.469999313354492,train,0.004757673786441624,0.024136450522679986,57.31884436603305,0.018989346128859025,-0.7353048411852007
2012-09-04,141.0399932861328,141.4600067138672,140.1300048828125,141.02999877929688,120226200,17.979999542236328,train,-0.0009213997015155756,0.02207057519791622,56.34027010937943,0.0162836664037536,-0.6585676459866412
2012-09-05,141.08999633789062,141.47000122070312,140.6300048828125,140.91000366210938,100660300,17.739999771118164,train,-0.0008512103525127161,0.01978343947567507,55.40012328074734,0.015383070512442865,-0.6860323624786432
2012-09-06,141.75999450683594,143.77999877929688,141.75,143.77000427246094,158272500,15.600000381469728,train,0.020093415455824763,0.03870905089117205,68.77449665714789,0.021232471069958864,-0.9779189749422744
2012-09-07,144.00999450683594,144.38999938964844,143.8800048828125,144.3300018310547,107272100,14.380000114440918,train,0.003887526914222616,0.041076105940603735,70.63155451861391,0.027230869629093192,-1.1410729985725239
2012-09-10,144.19000244140625,144.44000244140625,143.4600067138672,143.50999450683594,86458500,16.280000686645508,train,-0.005697676160437924,0.03356285010221138,64.5753690624565,0.029197471690407966,-0.8690950316365234
2012-09-11,143.60000610351562,144.3699951171875,143.55999755859375,143.91000366210938,88760000,16.40999984741211,train,0.002783448723683429,0.035279083138894496,66.10226003828166,0.03142284298019673,-0.8459026295382068
2012-09-12,144.38999938964844,144.5500030517578,143.89999389648438,144.38999938964844,87640900,15.800000190734863,train,0.003329838126721963,0.037555796618304216,67.89074404058061,0.03412605001978455,-0.9277261502591724
2012-09-13,144.3699951171875,147.0399932861328,143.99000549316406,146.58999633789062,225470200,14.050000190734863,train,0.01512158156392947,0.051976623621606155,74.52506878573384,0.04316370588493774,-1.1724326019709863
2012-09-14,146.8800048828125,148.11000061035156,146.75999450683594,147.24000549316406,169777000,14.510000228881836,train,0.004424396498419365,0.05505886421856587,76.09654985159887,0.052392440325384995,-1.0976538246096461
2012-09-17,146.94000244140625,147.19000244140625,146.3699951171875,146.74000549316406,119427800,14.59000015258789,train,-0.003401595097850954,0.04978356077062984,72.39697541820259,0.05798707615519336,-1.0777165596889762
2012-09-18,146.49000549316406,146.80999755859375,146.25,146.6199951171875,98326600,14.18000030517578,train,-0.0008181782275811471,0.047231826245960784,71.49847750623394,0.062142895076640316,-1.1290775276572023
2012-09-19,146.7899932861328,147.1699981689453,146.41000366210938,146.6999969482422,128318300,13.880000114440918,train,0.0005454918532837904,0.045926644143438944,71.75017461756481,0.06524764021163743,-1.164447284578884
2012-09-20,146.02999877929688,146.7899932861328,145.6300048828125,146.7100067138672,154009800,14.06999969482422,train,6.823056817389438e-05,0.04412948404634709,71.7837497809329,0.06757244270200449,-1.1319320772846677
2012-09-21,146.63999938964844,146.6699981689453,145.80999755859375,145.8699951171875,108737500,13.979999542236328,train,-0.005742114290003215,0.03632792857855627,64.82124087621816,0.0662400536038413,-1.1452370150833682
2012-09-24,145.14999389648438,145.97999572753906,145.0399932861328,145.64999389648438,95682000,14.149999618530272,train,-0.0015093391243115365,0.03331139682893114,63.09516379107661,0.0653675786701891,-1.1202777670541235
2012-09-25,145.9600067138672,146.24000549316406,144.05999755859375,144.10000610351562,133165200,15.43000030517578,train,-0.010698896138496448,0.02105894322713464,52.49020498266344,0.06339844410260458,-0.9240546178265098
2012-09-26,144.07000732421875,144.11000061035156,142.9499969482422,143.2899932861328,146502200,16.809999465942383,train,-0.005637043488175715,0.014323229044097996,47.95406318792476,0.06121692557904779,-0.7083051770351689
2012-09-27,143.88999938964844,144.97000122070312,143.50999450683594,144.63999938964844,111830300,14.84000015258789,train,0.009377390550657554,0.022826916308910317,54.94283331273816,0.05868630929003468,-1.013942014171298
2012-09-28,144.08999633789062,144.55999755859375,143.4600067138672,143.97000122070312,150696100,15.729999542236328,train,-0.004642939406933167,0.017191300111537133,51.26369275358695,0.053282944370816585,-0.8715027980737875
2012-10-01,144.52000427246094,145.69000244140625,144.00999450683594,144.35000610351562,135911200,16.31999969482422,train,0.002635995374562496,0.018741787886743078,53.17873651331018,0.04872714097154601,-0.778507275239616
2012-10-02,144.9199981689453,145.14999389648438,143.8300018310547,144.5,113422200,15.710000038146973,train,0.001038559160788957,0.01844764764211937,53.947945215535604,0.04277532101685514,-0.8859499980422253
2012-10-03,144.88999938964844,145.42999267578125,144.1300048828125,145.08999633789062,121283100,15.43000030517578,train,0.004074706734846275,0.020999821787624384,56.944292849269665,0.0345113937581771,-0.9356531367870978
2012-10-04,145.63999938964844,146.33999633789062,145.44000244140625,146.1300048828125,124311600,14.550000190734863,train,0.007142455613396262,0.026560072401179635,61.677633690913964,0.03394034739286511,-1.0872627900464171
2012-10-05,146.91000366210938,147.16000366210938,145.6999969482422,146.13999938964844,124842100,14.329999923706056,train,6.83922858572033e-05,0.025194211236191588,61.721185347407584,0.033865082185358504,-1.1242127879247397
2012-10-08,145.60000610351562,146.1199951171875,145.30999755859375,145.63999938964844,78415400,15.109999656677246,train,-0.003427243070177479,0.02068992164787753,58.16018931230587,0.03191556444596516,-0.9844737444598406
2012-10-09,145.52999877929688,145.64999389648438,144.14999389648438,144.1999969482422,148872900,16.3700008392334,train,-0.009936615428929485,0.009816628460870058,49.332478893588245,0.03143942280945959,-0.7534630029374177
2012-10-10,144.17999267578125,144.32000732421875,143.08999633789062,143.27999877929688,124247500,16.290000915527344,train,-0.006400454454726661,0.002591840331003459,44.66776601586122,0.03347735987033691,-0.7627401613456513
2012-10-11,144.27999877929688,144.49000549316406,143.3300018310547,143.36000061035156,123601500,15.59000015258789,train,0.000558204251342108,0.0023422521262126406,45.15343354766571,0.034653427661526334,-0.884550856333435
2012-10-12,143.4600067138672,143.9499969482422,142.5800018310547,142.88999938964844,124181900,16.139999389648438,train,-0.0032838542746947688,-0.0018162808966228905,42.777884966612355,0.0348826148167949,-0.7776192639015245
2012-10-15,143.22999572753906,144.22999572753906,142.77000427246094,144.0800018310547,107689100,15.270000457763672,train,0.0082936143668975,0.0058319958797905525,49.95669801639544,0.03348240191855597,-0.9310765916892393
2012-10-16,144.75999450683594,145.63999938964844,144.66000366210938,145.5399932861328,108815500,15.220000267028809,train,0.010082203211906414,0.015185183136909641,57.07232607500733,0.03192470237700143,-0.9363784111098292
2012-10-17,145.63999938964844,146.32000732421875,145.4199981689453,146.1999969482422,128834100,15.06999969482422,train,0.004524609653617291,0.018953066017836306,59.8515095370537,0.030924710017205682,-0.9590564914131514
2012-10-18,145.82000732421875,146.52000427246094,145.3300018310547,145.82000732421875,148108500,15.029999732971191,train,-0.0026024918357319808,0.0155501856832867,57.541718128520465,0.029233057575278144,-0.9643057508170678
2012-10-19,145.5500030517578,145.55999755859375,143.0500030517578,143.38999938964844,185645200,17.059999465942383,train,-0.016804848135725563,-0.0017599231811640248,45.459581915991805,0.029403681763932873,-0.5723715163553564
2012-10-22,143.14999389648438,143.6699981689453,142.27999877929688,143.41000366210938,125578600,16.6200008392334,train,0.00013949980669822847,-0.00197778454057429,45.56091970733332,0.029505114741301137,-0.6519917662154445
2012-10-23,141.86000061035156,142.05999755859375,140.8300018310547,141.4199981689453,192056300,18.82999992370605,train,-0.013973513048603455,-0.015915705982363693,37.99741296614789,0.034879479793130545,-0.21352932846478523
2012-10-24,141.92999267578125,142.10000610351562,140.8000030517578,141.02000427246094,120179400,18.32999992370605,train,-0.0028324186407206386,-0.018730512426041068,36.67935011208858,0.03993328716124858,-0.30453217400067145
2012-10-25,142.02000427246094,142.27999877929688,140.57000732421875,141.42999267578125,134457400,18.1200008392334,train,0.002903088657786816,-0.015943395820367967,39.01448348116918,0.04335651475564677,-0.33965337048152205
2012-10-26,141.3000030517578,141.83999633789062,140.38999938964844,141.35000610351562,146023500,17.809999465942383,train,-0.0005657159257664017,-0.016412335464990657,38.71451861757419,0.04647374749866949,-0.39660847635830504
2012-10-31,141.85000610351562,142.02999877929688,140.67999267578125,141.35000610351562,103438500,18.600000381469727,train,0.0,-0.016298708463693856,38.7145186175742,0.04904069739140114,-0.2335357982969931
2012-11-01,141.64999389648438,143.00999450683594,141.52000427246094,142.8300018310547,100995600,16.690000534057617,train,0.010415997374597061,-0.006087467350706421,47.3939789357669,0.04920770975706125,-0.6120940884722524
2012-11-02,143.67999267578125,143.72000122070312,141.41000366210938,141.55999755859375,137702200,17.59000015258789,train,-0.008931486463534484,-0.014897638772774502,41.909035089904194,0.05013742192974694,-0.42350829174355514
2012-11-05,141.35000610351562,142.1699981689453,140.92999267578125,141.85000610351562,98378500,18.420000076293945,train,0.0020465660519948573,-0.012883618677907882,43.51656985183179,0.04836961968581631,-0.24380375081083477
2012-11-06,142.27999877929688,143.52000427246094,142.1300048828125,142.9600067138672,107068100,17.579999923706055,train,0.007794713531612405,-0.005477619021391766,49.29965759631586,0.04499198767128285,-0.41340800384074494
2012-11-07,141.66000366210938,141.67999267578125,139.05999755859375,139.72000122070312,264304500,19.07999992370605,train,-0.02292448913901554,-0.02777506555908016,37.29611314928507,0.04685642888534297,-0.08718390011444845
2012-11-08,139.6999969482422,140.41000366210938,137.92999267578125,138.0399932861328,181517300,18.489999771118164,train,-0.012096979082725046,-0.03899710837483694,32.83219891384985,0.05463661448568935,-0.2058238531711559
2012-11-09,137.6199951171875,139.44000244140625,137.5500030517578,138.16000366210938,201055300,18.61000061035156,train,0.0008690107520277212,-0.037727521819236665,33.445007796772956,0.06078150894373646,-0.17331363506536251
2012-11-12,138.58999633789062,138.80999755859375,137.9600067138672,138.27000427246094,97677500,16.68000030517578,train,0.0007958659552173828,-0.03652653738508349,34.03904255074005,0.06529308883272997,-0.5916141668127577
2012-11-13,137.5399932861328,139.25,137.36000061035156,137.7899932861328,123018300,16.649999618530273,train,-0.0034775880194807783,-0.03950987175937559,32.66877663640982,0.07018938662825401,-0.5944081985886575
2012-11-14,138.2100067138672,138.42999267578125,135.6199951171875,135.92999267578125,191505000,17.920000076293945,train,-0.013590744815579842,-0.05178396591128365,27.97016879788511,0.07745298113043846,-0.29840127471445116
2012-11-15,135.97999572753906,136.49000549316406,135.17999267578125,135.6999969482422,178128400,17.989999771118164,train,-0.0016934491130524733,-0.052683922234020186,27.444534659135513,0.08041107220049114,-0.27440468567736753
2012-11-16,135.89999389648438,136.63999938964844,134.6999969482422,136.3699951171875,239483900,16.40999984741211,train,0.004925199712301825,-0.047402867787269876,31.48395715286857,0.07756373288545239,-0.639199210327808
2012-11-19,137.89999389648438,139.14999389648438,136.41000366210938,139.1300048828125,151495800,15.239999771118164,train,0.020037038884988225,-0.027492710832807243,45.054643914835864,0.06951194832102292,-0.9194337878306409
2012-11-20,138.91000366210938,139.4199981689453,138.0800018310547,139.19000244140625,119807400,15.079999923706056,train,0.0004311408302978512,-0.026373720567299364,45.308237995671554,0.06630335532653983,-0.9652092037187721
2012-11-21,139.30999755859375,139.57000732421875,139.02999877929688,139.4499969482422,81710800,15.3100004196167,train,0.0018661684098468076,-0.024000716569048564,46.46140021684366,0.062218305302757994,-0.9092946954650722
2012-11-23,140.1300048828125,141.39999389648438,140.0399932861328,141.35000610351562,65409200,15.140000343322754,train,0.013533035130504684,-0.010348069550053629,54.08107458203522,0.06214089633028925,-0.9573315420201047
2012-11-26,140.64999389648438,141.36000061035156,140.19000244140625,141.0500030517578,100124400,15.5,train,-0.002124668235753366,-0.011986430497342049,52.80321127270392,0.06216718118013792,-0.8658416020281553
2012-11-27,140.91000366210938,141.38999938964844,140.24000549316406,140.3300018310547,128646200,15.920000076293944,train,-0.005117654272755331,-0.016167016245798416,49.7640941668373,0.06128977496648471,-0.7594420637092524
2012-11-28,139.75999450683594,141.5399932861328,139.0,141.4600067138672,177086500,15.510000228881836,train,0.008020234257834215,-0.0074402939779250055,54.21774392630276,0.06141856247514467,-0.8839130319056558
2012-11-29,141.99000549316406,142.50999450683594,141.3699951171875,142.1199951171875,151085900,15.0600004196167,train,0.004654697726772232,-0.0021625317038924674,56.6358393516397,0.06246794081589085,-1.0216671850286791
2012-11-30,142.13999938964844,142.4199981689453,141.66000366210938,142.14999389648438,136568300,15.869999885559082,train,0.00021105836400327273,-0.001325053513219543,56.74766406004577,0.06119993058845518,-0.7857373992066633
2012-12-03,142.8000030517578,142.9199981689453,141.33999633789062,141.4499969482422,124656300,16.639999389648438,train,-0.004936518987100227,-0.005509269325777888,53.29413216361263,0.06106361442061768,-0.5490945914357384
2012-12-04,141.44000244140625,141.8699951171875,140.8699951171875,141.25,127512200,17.1200008392334,train,-0.0014149061462090321,-0.006152356838543205,52.314530043937566,0.060288624518935366,-0.3958289896546791
2012-12-05,141.3699951171875,142.16000366210938,140.3699951171875,141.5,147300500,16.459999084472656,train,0.0017683470567419492,-0.003780705883740132,53.465972624810036,0.057599907698405214,-0.5960358044216688
2012-12-06,141.3699951171875,142.0399932861328,141.16000366210938,141.97999572753906,103220600,16.579999923706055,train,0.0033864554359557186,0.00011549135714594705,55.67881087087739,0.059569043729210125,-0.5537777506360713
2012-12-07,142.52999877929688,142.69000244140625,141.6699981689453,142.41000366210938,108726400,15.899999618530272,train,0.003024074427342408,0.003383387786598524,57.62297648840272,0.06090805594417641,-0.7706175306983332
2012-12-10,142.2100067138672,142.80999755859375,142.14999389648438,142.47000122070312,98840700,16.049999237060547,train,0.0004212128506911867,0.003922116946638798,57.90046242199715,0.06183247691903557,-0.7213471583690535
2012-12-11,143.05999755859375,144.11000061035156,142.99000549316406,143.44000244140625,152570400,15.56999969482422,train,0.006785386519996082,0.010928244873926962,62.20893238907406,0.06391950289936649,-0.89132426493257
2012-12-12,144.0,144.5500030517578,143.30999755859375,143.50999450683594,145880100,15.949999809265137,train,0.0004878345883405068,0.011487115956136495,62.50709695154598,0.06444283240477564,-0.7571757130043636
2012-12-13,143.4199981689453,143.8300018310547,142.27000427246094,142.6300048828125,135715000,16.559999465942383,train,-0.006150782136168171,0.0055285719490407725,56.47414390033081,0.05765421119982676,-0.5377868588719148
2012-12-14,142.32000732421875,142.5800018310547,141.8800048828125,142.10000610351562,137701700,17.0,train,-0.0037228207141397356,0.002131244701416124,53.1470736256095,0.04665308349258705,-0.3744536823266737
2012-12-17,142.47000122070312,143.85000610351562,142.42999267578125,143.77000427246094,143238200,16.34000015258789,train,0.011683752096523075,0.014097369528928594,60.95302020451406,0.0367355047040658,-0.6081973278640124
2012-12-18,144.0,145.5,143.7899932861328,145.3699951171875,177762800,15.56999969482422,train,0.011067352697539948,0.025493028553987607,66.68061196354556,0.039623380829056594,-0.8870774687253854
2012-12-19,145.52999877929688,145.5800018310547,144.24000549316406,144.2899932861328,150895400,17.360000610351562,train,-0.007457066070580858,0.01814004841559691,60.255603207685006,0.03779683839837203,-0.2155516874832267
2012-12-20,144.3800048828125,145.13999938964844,143.97999572753906,145.1199951171875,168487000,17.670000076293945,train,0.005735835941309844,0.02407186474787726,63.19100370994162,0.03736006781769591,-0.0897896968210801
2012-12-21,142.1699981689453,144.08999633789062,141.94000244140625,142.7899932861328,245883800,17.84000015258789,train,-0.01618598029706901,0.0078302414779301,51.65694695230768,0.03664632680605735,-0.0171992554373895
2012-12-24,142.47999572753906,142.55999755859375,142.19000244140625,142.35000610351562,53874600,17.84000015258789,train,-0.0030861158221656805,0.004856672790532812,49.808123436903,0.0353626965496615,-0.011783277842607808
2012-12-26,142.63999938964844,142.7100067138672,141.35000610351562,141.75,106947700,19.479999542236328,train,-0.004223913993006298,0.0008486906713380815,47.32087147452798,0.03268816907812081,0.6230956014738092
2012-12-27,141.7899932861328,142.0800018310547,139.9199981689453,141.55999755859375,167920600,19.46999931335449,train,-0.001341304377040368,-0.0003050956096055657,46.52850355483641,0.03254393992916379,0.6222038416597591
2012-12-28,140.63999938964844,141.4199981689453,139.8699951171875,140.02999877929688,148806700,22.71999931335449,train,-0.010866961580575455,-0.010543937507906498,40.628864747464156,0.03632344023827039,1.872166065962556
2012-12-31,139.66000366210938,142.55999755859375,139.5399932861328,142.41000366210938,243935200,18.020000457763672,train,0.016853570296344864,0.006718550320420569,51.03053624824956,0.03622919772761579,0.06989769049355359
2013-01-02,145.11000061035156,146.14999389648438,144.72999572753906,146.05999755859375,192059000,14.68000030517578,train,0.025307232530281845,0.03254136470719482,62.02010232502313,0.04099940310370994,-1.2222907491687134
2013-01-03,145.99000549316406,146.3699951171875,145.33999633789062,145.72999572753906,144761800,14.5600004196167,train,-0.002261914248915973,0.030221595048171235,60.69390193946734,0.04317735220076773,-1.263534127994101
2013-01-04,145.97000122070312,146.61000061035156,145.6699981689453,146.3699951171875,116817700,13.829999923706056,train,0.004382063908518389,0.03431020690139741,62.37428882099586,0.04628627166134282,-1.5418749707778472
2013-01-07,145.85000610351562,146.11000061035156,145.42999267578125,145.97000122070312,110002500,13.789999961853027,train,-0.0027364996312892855,0.031110630951528773,60.629699331456656,0.048089697435767145,-1.5467513556301173
2013-01-08,145.7100067138672,145.91000366210938,144.97999572753906,145.5500030517578,121265100,13.619999885559082,train,-0.0028814383464779896,0.02754427928157055,58.7709157882477,0.049027738001664295,-1.6005295738360135
2013-01-09,145.8699951171875,146.32000732421875,145.63999938964844,145.9199981689453,90745600,13.8100004196167,train,0.002538822618967544,0.02944412226560411,59.936192074312025,0.050167267221336596,-1.5120049710345735
2013-01-10,146.72999572753906,147.08999633789062,145.97000122070312,147.0800018310547,130735400,13.489999771118164,train,0.007918155104775441,0.03680123985962269,63.42632429990356,0.0537093740089247,-1.6236318354208281
2013-01-11,147.0399932861328,147.14999389648438,146.61000061035156,147.07000732421875,113917300,13.359999656677246,train,-6.795516932659728e-05,0.03589540657246548,63.37509776377989,0.05658319455336164,-1.6590462203653573
2013-01-14,146.88999938964844,147.07000732421875,146.42999267578125,146.97000122070312,89567200,13.520000457763672,train,-0.0006802210887327481,0.03437210138077851,62.828295199373464,0.05793986401493384,-1.5824247983408224
2013-01-15,146.2899932861328,147.2100067138672,146.1999969482422,147.07000732421875,93172600,13.550000190734863,train,0.0006802210887327338,0.03445855526851749,63.170504925378076,0.05799699489908384,-1.5564033336925416
2013-01-16,146.77000427246094,147.27999877929688,146.61000061035156,147.0500030517578,104849500,13.420000076293944,train,-0.0001360279599216413,0.03351965180917538,63.04547478272786,0.05935320788101134,-1.5930974372689797
2013-01-17,147.6999969482422,148.4199981689453,147.14999389648438,148.0,133833500,13.56999969482422,train,0.0064395880109128344,0.03929810826152824,66.44232483889489,0.06225458872808456,-1.5243553377578931
2013-01-18,147.97000122070312,148.49000549316406,147.42999267578125,148.3300018310547,169906000,12.460000038146973,train,0.0022272599158720922,0.04083048828356284,67.55789427666616,0.06518382714064555,-1.9379892298522736
2013-01-22,148.3300018310547,149.1300048828125,147.97999572753906,149.1300048828125,111797300,12.43000030517578,train,0.005378907836690007,0.04506399366289027,70.1486622390488,0.06930915976106028,-1.927251849095472
2013-01-23,149.1300048828125,149.5,148.86000061035156,149.3699951171875,104596100,12.460000038146973,train,0.0016079751161445402,0.04508623380910759,70.8994333245818,0.07111869947263239,-1.893442873979061
2013-01-24,149.14999389648438,150.13999938964844,149.00999450683594,149.41000366210938,146426400,12.6899995803833,train,0.00026781274064164483,0.04372308679929282,71.0302407794729,0.07100277844722279,-1.7852197021059188
2013-01-25,149.8800048828125,150.25,149.3699951171875,150.25,147211600,12.890000343322754,train,0.005606344041853558,0.04783716663143878,73.70292591810312,0.0696502214502743,-1.6910315124496904
2013-01-28,150.2899932861328,150.3300018310547,149.50999450683594,150.07000732421875,113357700,13.56999969482422,train,-0.0011986727020707087,0.044792378637061425,72.16653791174171,0.06540426561261123,-1.4196316941604872
2013-01-29,149.77000427246094,150.85000610351562,149.6699981689453,150.66000366210938,105694400,13.3100004196167,train,0.003923765991413277,0.04675304496172639,74.07430663818772,0.053182097091596645,-1.5041928639408193
2013-01-30,150.63999938964844,150.94000244140625,149.92999267578125,150.07000732421875,137447700,14.31999969482422,train,-0.003923765991413354,0.040576061917895645,68.98238857088784,0.04519209666906547,-1.1140619314646854
2013-01-31,149.88999938964844,150.3800048828125,149.60000610351562,149.6999969482422,108975800,14.279999732971191,train,-0.0024686296734874246,0.036095120054366214,65.92188628690516,0.04508492356768561,-1.1201084501868632
2013-02-01,150.64999389648438,151.4199981689453,150.38999938964844,151.24000549316406,131173000,12.899999618530272,train,0.010234744303814203,0.04500200189171144,71.57457812233866,0.04657231194483351,-1.6235606319914997
2013-02-04,150.32000732421875,151.27000427246094,149.42999267578125,149.5399932861328,159073600,14.670000076293944,train,-0.011304144668602559,0.03177993237859411,59.78528742996371,0.045551706505476096,-0.9526766521364546
2013-02-05,150.35000610351562,151.47999572753906,150.2899932861328,151.0500030517578,113912400,13.720000267028809,train,0.010047057361337028,0.040532923364684725,65.25901748395974,0.045313904274033694,-1.298012543737209
2013-02-06,150.52000427246094,151.25999450683594,150.41000366210938,151.16000366210938,138762800,13.40999984741211,train,0.0007279746716896792,0.039885217853884214,65.62606950811666,0.043114129807882685,-1.4027605610003087
2013-02-07,151.2100067138672,151.35000610351562,149.86000061035156,150.9600067138672,162490000,13.5,train,-0.001323957173225456,0.03709529509575038,64.29597568957223,0.04024491591668442,-1.3581107605865808
2013-02-08,151.22000122070312,151.88999938964844,151.22000122070312,151.8000030517578,103133700,13.020000457763672,train,0.005548939530563959,0.0412251220719968,67.29423316065716,0.04065405057431699,-1.5221955284167652
2013-02-11,151.74000549316406,151.89999389648438,151.38999938964844,151.77000427246094,73775000,12.9399995803833,train,-0.00019763994248934072,0.03954905322420821,67.07759243835542,0.03999670947117241,-1.537207223357447
2013-02-12,151.77999877929688,152.3000030517578,151.61000061035156,152.02000427246094,65392700,12.640000343322754,train,0.0016458741196453063,0.039851179828968686,68.00208834086538,0.03850297474190706,-1.6309335775965048
2013-02-13,152.3300018310547,152.61000061035156,151.72000122070312,152.14999389648438,82322600,12.979999542236328,train,0.0008547169853668696,0.03931850354792421,68.49743886748193,0.03626971639441029,-1.4940876932986262
2013-02-14,151.69000244140625,152.47000122070312,151.52000427246094,152.2899932861328,80834300,12.65999984741211,train,0.0009197175496727924,0.03873652196577537,69.05310033164274,0.0327273149658706,-1.5952093918200714
2013-02-15,152.42999267578125,152.58999633789062,151.5500030517578,152.11000061035156,215226500,12.460000038146973,train,-0.001182606441312753,0.035974063450776805,67.40690199774367,0.030403550789940278,-1.6514133915025673
2013-02-19,152.3699951171875,153.27999877929688,152.16000366210938,153.25,95105400,12.3100004196167,train,0.007466627480102244,0.04207039957815306,71.9654545280319,0.03042792196113395,-1.6909275895416145
2013-02-20,153.13999938964844,153.19000244140625,151.25999450683594,151.33999633789062,160574800,14.68000030517578,train,-0.012541637747840189,0.027774464889349426,57.46400335839963,0.028510047210093918,-0.826720735280948
2013-02-21,150.9600067138672,151.4199981689453,149.94000244140625,150.4199981689453,183257000,15.220000267028809,train,-0.006097567843170686,0.020416452698986953,52.02593420936863,0.026985222537447544,-0.627260415562963
2013-02-22,151.14999389648438,151.88999938964844,150.49000549316406,151.88999938964844,106356600,14.170000076293944,train,0.00972520140623874,0.029073398369798165,58.744094827983716,0.025387984343234426,-0.999608620095035
2013-02-25,152.6300048828125,152.86000061035156,149.0,149.0,245824800,18.989999771118164,train,-0.019210264686089513,0.00873332465180443,45.310137235565705,0.027912942586296716,0.7390293840094015
2013-02-26,149.72000122070312,150.1999969482422,148.72999572753906,150.02000427246094,186596200,16.8700008392334,train,0.006822341075306378,0.014744321604799548,49.68371866375228,0.027980983167540215,-0.025986670530677453
2013-02-27,149.88999938964844,152.3300018310547,149.75999450683594,151.91000366210938,150781900,14.729999542236328,train,0.012519617305904326,0.026240039644165547,56.6081334040098,0.028174754353980362,-0.7934593228349789
2013-02-28,151.89999389648438,152.8699951171875,151.41000366210938,151.61000061035156,126866000,15.510000228881836,train,-0.001976826207379364,0.02289901173686215,55.307054142732724,0.02741830145457265,-0.5084836803894196
2013-03-01,151.08999633789062,152.33999633789062,150.41000366210938,152.11000061035156,170634800,15.359999656677246,train,0.003292509216928123,0.02511881429102525,57.07772041138027,0.026085300675339117,-0.5586245357030678
2013-03-04,151.75999450683594,152.9199981689453,151.52000427246094,152.9199981689453,99010200,14.010000228881836,train,0.0053109495180547524,0.029529962138584498,59.852656203281434,0.02750542937880848,-1.0369803913879387
2013-03-05,153.66000366210938,154.6999969482422,153.63999938964844,154.2899932861328,121431900,13.479999542236328,train,0.00891900808606313,0.03735662372862403,64.08225535922799,0.029380933551234535,-1.2186223739593753
2013-03-06,154.83999633789062,154.9199981689453,154.16000366210938,154.5,94469900,13.529999732971191,train,0.0013601913974636344,0.03746002397783643,64.69624651990748,0.033121891130750064,-1.1920054985144626
2013-03-07,154.6999969482422,154.97999572753906,154.52000427246094,154.77999877929688,86101400,13.0600004196167,train,0.0018106496178148855,0.037669299254428745,65.54201325916117,0.036685566539557464,-1.3485683013969068
2013-03-08,155.4600067138672,155.64999389648438,154.66000366210938,155.44000244140625,123477800,12.59000015258789,train,0.004255074819991709,0.04026824261323969,67.51741398071994,0.04075000815041036,-1.5037684388904837
2013-03-11,155.32000732421875,156.0399932861328,155.1300048828125,156.02999877929688,83746800,11.5600004196167,train,0.003788467853968727,0.042224681666793495,69.21633536063774,0.045833970759539475,-1.8497886408341548
2013-03-12,155.9199981689453,156.10000610351562,155.2100067138672,155.67999267578125,105755800,12.270000457763672,train,-0.002245717238507568,0.03792888892619928,66.97829578127923,0.04898852459251525,-1.5828317303686408
2013-03-13,155.75999450683594,156.1199951171875,155.22999572753906,155.89999389648438,92550900,11.829999923706056,train,0.0014121655224659311,0.03720080382341018,67.68557316977163,0.05201803428572969,-1.7204282107085507
2013-03-14,156.30999755859375,156.8000030517578,155.91000366210938,156.72999572753906,126329900,11.300000190734863,train,0.005309815492435571,0.04073975526108087,70.27251740880095,0.05611602334030916,-1.8872229294027814
2013-03-15,155.85000610351562,156.0399932861328,155.30999755859375,155.8300018310547,138601100,11.300000190734863,train,-0.005758871198111227,0.033422605141705475,64.26480668153532,0.05787195908229276,-1.8708826511192886
2013-03-18,154.33999633789062,155.63999938964844,154.1999969482422,154.97000122070312,126704300,13.359999656677246,train,-0.0055341235315858415,0.02646133859381239,59.068186039965916,0.058120652540720096,-1.1528045584702489
2013-03-19,155.3000030517578,155.50999450683594,153.58999633789062,154.61000061035156,167567300,14.390000343322754,train,-0.0023257366140840134,0.02296019892576573,56.99068686121072,0.05846333864211356,-0.7950414735985342
2013-03-20,155.52000427246094,155.9499969482422,155.25999450683594,155.69000244140625,113759300,12.670000076293944,train,0.006961045320596425,0.02878266561917231,61.37917302798009,0.05814616312701857,-1.382310417927265
2013-03-21,154.75999450683594,155.63999938964844,154.10000610351562,154.36000061035156,128605000,13.989999771118164,train,-0.00857932575928796,0.018807949166949722,54.063284432406405,0.054709401020193546,-0.9256929238960748
2013-03-22,154.85000610351562,155.60000610351562,154.72999572753906,155.60000610351562,111163600,13.56999969482422,train,0.008001110346472698,0.025681624921417345,58.97315683131796,0.054042685596402705,-1.0652029670778895
2013-03-25,156.00999450683594,156.27000427246094,154.35000610351562,154.9499969482422,151322300,13.739999771118164,train,-0.004186186431325619,0.020338256963346346,55.617319746039236,0.0447406671964167,-1.0035378578064607
2013-03-26,155.58999633789062,156.22999572753906,155.4199981689453,156.19000244140625,86856600,12.770000457763672,train,0.007970765961989446,0.027269785181973205,60.26281872799124,0.037382074939837244,-1.3276866790527515
2013-03-27,155.25999450683594,156.24000549316406,155.0,156.19000244140625,99950600,13.149999618530272,train,0.0,0.026025412768604594,60.26281872799124,0.03429486301811659,-1.1932207577356615
2013-03-28,156.08999633789062,156.85000610351562,155.75,156.6699981689453,102932800,12.699999809265137,train,0.003068440217427903,0.027882115720241574,62.046251129705226,0.029459195994311484,-1.3413888298204069
2013-04-01,156.58999633789062,156.91000366210938,155.6699981689453,156.0500030517578,99194100,13.579999923706056,train,-0.0039651824449908925,0.022606802218837707,58.400304653740484,0.023553090136692847,-1.0375493057327727
2013-04-02,156.61000061035156,157.2100067138672,156.3699951171875,156.82000732421875,101504300,12.779999732971191,train,0.0049222092343260155,0.02646613853249269,61.43152015534262,0.019988780062351375,-1.3013749009300255
2013-04-03,156.91000366210938,157.02999877929688,154.82000732421875,155.22999572753906,154167400,14.210000038146973,train,-0.010190836992467653,0.015141753597686325,52.86530046199309,0.01865242157287047,-0.8151021655734845
2013-04-04,155.42999267578125,156.1699981689453,155.08999633789062,155.86000061035156,131885000,13.890000343322754,train,0.004050311816510627,0.018365337178029906,55.51237099412133,0.017488836915781583,-0.9197897054210776
2013-04-05,153.9499969482422,155.35000610351562,153.77000427246094,155.16000366210938,159666000,13.920000076293944,train,-0.004501306157524532,0.013025188808199362,52.01689661584219,0.016963613154243443,-0.9060734831834742
2013-04-08,155.27000427246094,156.22000122070312,154.75,156.2100067138672,86571200,13.1899995803833,train,0.006744432648754667,0.01897577986927912,56.44699683489309,0.017120029917004006,-1.1459863028855677
2013-04-09,156.5,157.32000732421875,155.97999572753906,156.75,101922200,12.84000015258789,train,0.0034508806903607403,0.021631869140460003,58.56568881881169,0.017975837559976476,-1.2548918977830381
2013-04-10,157.1699981689453,158.8699951171875,157.1300048828125,158.6699981689453,135711100,12.359999656677246,train,0.012174382692949959,0.0329876217558045,65.07181993976516,0.0241615957180174,-1.4044249667568405
2013-04-11,158.6999969482422,159.7100067138672,158.5399932861328,159.19000244140625,110142500,12.239999771118164,train,0.003271910497494264,0.03522322402024902,66.60143205440562,0.030256500466158857,-1.431502701610076
2013-04-12,158.67999267578125,159.0399932861328,157.9199981689453,158.8000030517578,116359900,12.0600004196167,train,-0.0024529046728204904,0.03151581286051863,64.32615316843574,0.03369120292388811,-1.4787817929962632
2013-04-15,158.0,158.1300048828125,155.10000610351562,155.1199951171875,217259000,17.270000457763672,train,-0.0234465885739041,0.006902623925436169,47.749710859275346,0.034177432581494555,0.2574676084502286
2013-04-16,156.2899932861328,157.49000549316406,155.91000366210938,157.41000366210938,147507800,13.960000038146973,train,0.014654910174762463,0.0209495612306414,55.44421861225389,0.03409102098605212,-0.8403484722309413
2013-04-17,156.2899932861328,156.32000732421875,154.27999877929688,155.11000061035156,226834800,16.510000228881836,train,-0.014719343059893182,0.0053055462345605875,47.82632131130292,0.03339208459906754,0.012481760662548554
2013-04-18,155.3699951171875,155.41000366210938,153.5500030517578,154.13999938964844,167583200,17.559999465942383,train,-0.006273270181493821,-0.001381254086386563,45.01710634351056,0.03539900136638046,0.36601527603220924
2013-04-19,154.5,155.5500030517578,154.1199951171875,155.47999572753906,149687600,14.970000267028809,train,0.008655802114729601,0.006736585087842029,49.43564334759776,0.03397734440244117,-0.49503778303420604
2013-04-22,155.77999877929688,156.5399932861328,154.75,156.1699981689453,106553500,14.390000343322754,train,0.004428067270146573,0.010522571074371045,51.59285174321787,0.03374556181267152,-0.6833854869639296
2013-04-23,156.9499969482422,157.92999267578125,156.1699981689453,157.77999877929688,166141300,13.479999542236328,train,0.010256504155200347,0.020150848983378822,56.27979701300436,0.03367591575239569,-0.9800935978595614
2013-04-24,157.8300018310547,158.3000030517578,157.5399932861328,157.8800048828125,96781200,13.609999656677246,train,0.0006336317918098495,0.01999155546584852,56.56114505790562,0.0345360402150466,-0.9302106248100961
2013-04-25,158.33999633789062,159.27000427246094,158.10000610351562,158.52000427246094,131060600,13.619999885559082,train,0.0040455135524108034,0.023266890470959867,58.40586956774317,0.036149200745941114,-0.9195923090961654
2013-04-26,158.3300018310547,158.60000610351562,157.72999572753906,158.24000549316406,95918800,13.609999656677246,train,-0.0017678926858903429,0.020656985226518154,57.26017958291379,0.037197607548962085,-0.9160534274808336
2013-04-29,158.6699981689453,159.64999389648438,158.4199981689453,159.3000030517578,88572800,13.710000038146973,train,0.006676333484770011,0.026565706894708052,60.425107186090806,0.039539506009636516,-0.8773288591610342
2013-04-30,159.27000427246094,159.72000122070312,158.61000061035156,159.67999267578125,116010700,13.520000457763672,train,0.0023825306217472595,0.028011462282007127,61.52502685637631,0.042417601175242375,-0.9352959451999295
2013-05-01,159.3300018310547,159.41000366210938,158.10000610351562,158.27999877929688,138874200,14.489999771118164,train,-0.008806157890127678,0.0183388399348694,55.414182277837746,0.04153794115344675,-0.6103992335873908
2013-05-02,158.67999267578125,159.88999938964844,158.52999877929688,159.75,96407600,13.59000015258789,train,0.009244484452722372,0.026685465342140224,59.916082098957375,0.04303332756597192,-0.9029470449267061
2013-05-03,161.13999938964844,161.8800048828125,159.77999877929688,161.3699951171875,144202300,12.850000381469728,train,0.010089741437126454,0.03563925633813536,64.20547992906577,0.04621001727674155,-1.140202394962654
2013-05-06,161.49000549316406,162.00999450683594,161.4199981689453,161.77999877929688,66882100,12.65999984741211,train,0.0025375453495845883,0.036954224485724385,65.21989516666106,0.05043083691291804,-1.1941269397521683
2013-05-07,162.1300048828125,162.64999389648438,161.6699981689453,162.60000610351562,90359200,12.829999923706056,train,0.005055854606350943,0.04039633434927503,67.22073841188389,0.05582112736729965,-1.1294473815516297
2013-05-08,162.4199981689453,163.38999938964844,162.3300018310547,163.33999633789062,97419200,12.65999984741211,train,0.0045406608592606645,0.04335270577278649,68.95633242460535,0.062349981199703336,-1.1757349802450225
2013-05-09,163.27000427246094,163.6999969482422,162.47000122070312,162.8800048828125,106738600,13.130000114440918,train,-0.0028201321698346125,0.03895841785421639,66.59582988711395,0.06672293500965856,-1.0133040315433595
2013-05-10,162.99000549316406,163.5500030517578,162.50999450683594,163.41000366210938,103203000,12.59000015258789,train,0.0032486391341189657,0.04077236238701287,67.95688236226557,0.07150697812077492,-1.180914867814661
2013-05-13,163.1999969482422,163.80999755859375,162.82000732421875,163.5399932861328,81843200,12.550000190734863,train,0.0007951652062149737,0.04008594134439858,68.29805841947638,0.0720858676789909,-1.1847626497769275
2013-05-14,163.6699981689453,165.35000610351562,163.6699981689453,165.22999572753906,119000900,12.770000457763672,train,0.010280849124774243,0.049191251198184904,72.41092193351193,0.07777908177393555,-1.1036957721410563
2013-05-15,164.9600067138672,166.4499969482422,164.91000366210938,166.1199951171875,120718500,12.8100004196167,train,0.00537197256402703,0.05326024380878547,74.30173785852256,0.08018953137313653,-1.082116339099266
2013-05-16,165.77999877929688,166.36000061035156,165.08999633789062,165.33999633789062,109913600,13.06999969482422,train,-0.004706451693700021,0.0468757482404516,69.78755698447019,0.07629816619290403,-0.9905204521494113
2013-05-17,165.9499969482422,167.0399932861328,165.72999572753906,166.94000244140625,129801000,12.449999809265137,train,0.009630543371476553,0.05538129600276753,73.36262137469926,0.07643814700129499,-1.1881476553710266
2013-05-20,166.77999877929688,167.5800018310547,166.61000061035156,166.92999267578125,85071200,13.020000457763672,train,-5.996205573657439e-05,0.05378709854596275,73.30418090173526,0.0756372386046289,-0.9936764755639477
2013-05-21,167.0800018310547,167.8000030517578,166.5,167.1699981689453,95804200,13.369999885559082,train,0.0014367287699826572,0.053820015784022734,73.84222957070519,0.07652345210167076,-0.8750075005224108
2013-05-22,167.33999633789062,169.07000732421875,165.1699981689453,165.92999267578125,244031800,13.81999969482422,train,-0.00744527922700781,0.04465316592816415,66.3964483654326,0.07403615744996092,-0.720712224184086
2013-05-23,164.16000366210938,165.91000366210938,163.94000244140625,165.4499969482422,211064400,14.06999969482422,train,-0.0028969526118580733,0.04038018986760883,63.718101962133325,0.07098741525532372,-0.6287376179527349
2013-05-24,164.47000122070312,165.3800048828125,163.97999572753906,165.30999755859375,151573900,13.989999771118164,train,-0.0008465316261579002,0.0383793816494582,62.9208602697216,0.0659926582955971,-0.6511493546964623
2013-05-28,167.0399932861328,167.77999877929688,165.80999755859375,166.3000030517578,143679800,14.479999542236328,train,0.0059709202535344254,0.043225826245431254,66.14657481893954,0.0629618478610386,-0.4729519862660797
2013-05-29,165.4199981689453,165.8000030517578,164.33999633789062,165.22000122070312,160363400,14.829999923706056,train,-0.00651547802709189,0.03511964581786886,60.01300609449005,0.058642331686447335,-0.34219259370280297
2013-05-30,165.35000610351562,166.58999633789062,165.22000122070312,165.8300018310547,107793800,14.529999732971191,train,0.0036852517450562663,0.0374827750233131,62.147946615603026,0.049055027142863104,-0.44300316443254817
2013-05-31,165.3699951171875,166.30999755859375,163.1300048828125,163.4499969482422,176850100,16.299999237060547,train,-0.014456063768440826,0.021600791345898873,50.760525209098475,0.04175122384204529,0.20324028078246
2013-06-03,163.8300018310547,164.4600067138672,162.66000366210938,164.35000610351562,168390700,16.280000686645508,train,0.005491222748205635,0.025944862119636536,54.179619387747586,0.03745540927839262,0.2112355048950896
2013-06-04,164.44000244140625,165.10000610351562,162.72999572753906,163.55999755859375,157631500,16.270000457763672,train,-0.004818456677759147,0.019999611376808835,50.84233883927924,0.03417464820249805,0.22323567192673044
2013-06-05,163.08999633789062,163.4199981689453,161.1300048828125,161.27000427246094,211737800,17.5,train,-0.014099875084750964,0.0049265154775415265,42.64279751109791,0.03744148500942855,0.7253259705080567
2013-06-06,161.1999969482422,162.74000549316406,160.25,162.72999572753906,200225500,16.6299991607666,train,0.009012353932596352,0.013198388638158365,48.36079990826572,0.0383150930064223,0.4143486714264539
2013-06-07,163.85000610351562,164.9499969482422,163.13999938964844,164.8000030517578,188337800,15.140000343322754,train,0.012640276575702901,0.024987829214231816,55.18274032311166,0.03670288015341617,-0.1769374679114722
2013-06-10,165.30999755859375,165.39999389648438,164.3699951171875,164.8000030517578,105667100,15.4399995803833,train,0.0,0.02395230079690469,55.18274032311166,0.035701578299389664,-0.041962074714358026
2013-06-11,163.3000030517578,164.5399932861328,162.74000549316406,163.10000610351562,159505400,17.06999969482422,train,-0.010369088944428652,0.012502675848412581,49.01529052542354,0.03631050655220068,0.6612220425163364
2013-06-12,164.22000122070312,164.38999938964844,161.60000610351562,161.75,177361500,18.59000015258789,train,-0.008311613667880477,0.0035077798111542435,44.73905659378259,0.04013937871490039,1.325753312931229
2013-06-13,161.66000366210938,164.5,161.3000030517578,164.2100067138672,163587800,16.40999984741211,train,0.01509420400859605,0.017635922820685934,52.8169978171744,0.03960457041741493,0.4091932952194267
2013-06-14,164.02999877929688,164.6699981689453,162.91000366210938,163.17999267578125,141197500,17.149999618530273,train,-0.006292296273244697,0.010336118499018943,49.55092618689613,0.04028172287021273,0.75628631508676
2013-06-17,164.2899932861328,165.22000122070312,163.22000122070312,164.44000244140625,136295600,16.799999237060547,train,0.007691935760106994,0.01696887429057048,53.35114361699966,0.038167660072964314,0.6321480207867248
2013-06-18,164.52999877929688,165.99000549316406,164.52000427246094,165.74000549316406,114695600,16.610000610351562,train,0.007874551687688627,0.02380185146750402,56.953971238646425,0.03641060901831997,0.5626728534964793
2013-06-19,165.60000610351562,165.88999938964844,163.3800048828125,163.4499969482422,206149500,16.639999389648438,train,-0.01391321406483253,0.008821071638357436,49.675763495706114,0.03337578851124597,0.5932354430537924
2013-06-20,161.86000061035156,163.47000122070312,158.97999572753906,159.39999389648438,321255900,20.489999771118164,train,-0.025090386433772593,-0.016264383507324953,39.95186486161548,0.040849870076651966,2.4051031764900075
2013-06-21,159.63999938964844,159.75999450683594,157.47000122070312,159.07000732421875,271956800,18.899999618530277,train,-0.002072325111285639,-0.018286352508088854,39.27723985710981,0.047395951162242274,1.6498101688608255
2013-06-24,157.41000366210938,158.42999267578125,155.72999572753906,157.05999755859375,222329000,20.11000061035156,train,-0.012716520551955237,-0.030483068432505367,35.360454282798116,0.057893130615353616,2.197613944541952
2013-06-25,158.47999572753906,160.10000610351562,157.4199981689453,158.57000732421875,162262200,18.46999931335449,train,0.00956829998834733,-0.021578658036449427,40.186118442576884,0.060229470275738814,1.4404114257830305
2013-06-26,159.8699951171875,160.5,159.25,160.13999938964844,134848000,17.209999084472656,train,0.009852246442467346,-0.012224145907612005,44.800331589817525,0.06030318751597741,0.8503375401637565
2013-06-27,161.10000610351562,161.82000732421875,160.9499969482422,161.0800018310547,129483700,16.860000610351562,train,0.005852718517490001,-0.007157233307363731,47.41590134813278,0.05788209041601999,0.6988630683250621
2013-06-28,160.6300048828125,161.39999389648438,159.86000061035156,160.4199981689453,160402900,16.860000610351562,train,-0.004105782825966687,-0.011990146746075458,45.77581041644817,0.05840644574522871,0.7095975373527408
2013-07-01,161.25999450683594,162.47999572753906,161.0800018310547,161.36000061035156,131954800,16.3700008392334,train,0.0058425329038531955,-0.006920045332927782,48.507642565201266,0.05724138432908331,0.48368748868411693
2013-07-02,161.1199951171875,162.3000030517578,160.5,161.2100067138672,154863700,16.440000534057617,train,-0.0009299928938790574,-0.008458294357624796,48.09129436003719,0.056732734018192454,0.5281744767409827
2013-07-03,160.47999572753906,161.77000427246094,160.22000122070312,161.27999877929688,75216400,16.200000762939453,train,0.0004340727795370589,-0.008454703042781953,48.31422893745589,0.0567292556603363,0.4132989134555441
2013-07-05,162.47000122070312,163.0800018310547,161.3000030517578,163.02000427246094,122416900,14.890000343322754,train,0.01073094156035213,0.0016097770251581878,53.64423253767638,0.05687660946701911,-0.22261486626097446
2013-07-08,163.86000061035156,164.38999938964844,163.0800018310547,163.9499969482422,108092500,14.779999732971191,train,0.00568856580219072,0.006652050889362826,56.24158946101397,0.05574292751146397,-0.27289360707193727
2013-07-09,164.97999572753906,165.3300018310547,164.27000427246094,165.1300048828125,119298000,14.350000381469728,train,0.007171587367699543,0.013040168597167279,59.353593132920025,0.0562939413278352,-0.4778432764744208
2013-07-10,164.97000122070312,165.75,164.6300048828125,165.19000244140625,121410100,14.210000038146973,train,0.0003632693020297336,0.01267640106033685,59.51126206868496,0.05871272197649026,-0.5412892318617182
2013-07-11,167.11000061035156,167.61000061035156,165.17999267578125,167.44000244140625,135592200,14.010000228881836,train,0.013528751372094909,0.02549405017838491,64.99511996880713,0.06549209703895431,-0.6332574325388098
2013-07-12,167.38999938964844,167.92999267578125,167.1300048828125,167.50999450683594,104212700,13.84000015258789,train,0.0004179254640164185,0.024764131001349776,65.15323218622889,0.07059053864608561,-0.7105924978588948
2013-07-15,167.97000122070312,168.38999938964844,167.67999267578125,168.14999389648438,69450600,13.789999961853027,train,0.003813383705693657,0.027623259160816316,66.63716820190484,0.07682386045311843,-0.7288895576407289
2013-07-16,168.25999450683594,168.36000061035156,167.07000732421875,167.52000427246094,88702100,14.420000076293944,train,-0.0037536292618262097,0.023004183649418808,63.75889524391305,0.08055849381208414,-0.41113839311115574
2013-07-17,168.16000366210938,168.47999572753906,167.72999572753906,167.9499969482422,92873900,13.779999732971191,train,0.0025635252612579034,0.024857739113847588,64.87410158502689,0.08371152615841715,-0.7234719631618353
2013-07-18,168.30999755859375,169.27000427246094,168.1999969482422,168.8699951171875,103620100,13.770000457763672,train,0.005462861341752235,0.029683791230363132,67.19973742035877,0.08936913714094617,-0.7223540460488109
2013-07-19,168.52000427246094,169.22999572753906,168.30999755859375,169.1699981689453,103831700,12.539999961853027,train,0.0017749564340242825,0.03078020628213296,67.9450404655928,0.09176232070526674,-1.322845119769889
2013-07-22,169.41000366210938,169.74000549316406,169.00999450683594,169.5,79428600,12.289999961853027,train,0.0019488111570598785,0.03195844488166055,68.78525601216735,0.09254609944972024,-1.4339840680878613
2013-07-23,169.8000030517578,169.8300018310547,169.0500030517578,169.13999938964844,80829700,12.65999984741211,train,-0.0021261560749871247,0.029048690392003307,66.73035692733978,0.08652308589161752,-1.2418331773061422
2013-07-24,169.7899932861328,169.86000061035156,168.17999267578125,168.52000427246094,112914000,13.18000030517578,train,-0.003672308281860282,0.02465572779899028,63.227129582475754,0.08091934273296192,-0.9782365363844536
2013-07-25,168.22000122070312,169.0800018310547,167.94000244140625,168.92999267578125,111088600,12.970000267028809,train,0.002429922114447677,0.026686638052043632,64.55238586211084,0.07742854013418801,-1.074279872489482
2013-07-26,168.22000122070312,169.16000366210938,167.52000427246094,169.11000061035156,107814600,12.720000267028809,train,0.001065009792686694,0.027407250600764987,65.1463031249093,0.07456639907824852,-1.195764542052013
2013-07-29,168.67999267578125,169.05999755859375,168.11000061035156,168.58999633789062,79695000,13.390000343322754,train,-0.003079684265066841,0.023843712387897398,61.91883711683133,0.06821301280127613,-0.8557876221731938
2013-07-30,169.10000610351562,169.27999877929688,168.19000244140625,168.58999633789062,85209600,13.390000343322754,train,0.0,0.023638567433393654,61.91883711683132,0.062392934023418806,-0.8488548265354947
2013-07-31,168.94000244140625,169.85000610351562,168.49000549316406,168.7100067138672,142388700,13.449999809265137,train,0.0007115943074703315,0.0241458662736469,62.41719614447462,0.054285905943405564,-0.8121405457786034
2013-08-01,169.99000549316406,170.80999755859375,169.89999389648438,170.66000366210938,110438400,12.9399995803833,train,0.011491990153753543,0.03554444863870354,69.41996674683968,0.04570815824804293,-1.061320251948539
2013-08-02,170.27999877929688,170.97000122070312,170.0500030517578,170.9499969482422,91116700,11.979999542236328,train,0.0016978036666044569,0.03667253597358244,70.30607548183696,0.040406849862398383,-1.5368542681924444
2013-08-05,170.57000732421875,170.9600067138672,170.35000610351562,170.6999969482422,54072700,11.84000015258789,train,-0.0014634863110602509,0.03449778392942715,68.46424508165325,0.0351740837977356,-1.5981043816624385
2013-08-06,170.3699951171875,170.74000549316406,169.35000610351562,169.72999572753906,87495000,12.720000267028809,train,-0.005698697921155843,0.028068489551831277,61.709264477644965,0.030385792874189774,-1.14221171158576
2013-08-07,169.19000244140625,169.42999267578125,168.5500030517578,169.17999267578125,84854700,12.979999542236328,train,-0.0032457204179320064,0.024379683598910296,58.20270695100822,0.023442593078925003,-1.0028634464333064
2013-08-08,169.97999572753906,170.17999267578125,168.92999267578125,169.8000030517578,102181300,12.729999542236328,train,0.003658098266502237,0.027563904131930883,60.8999870086935,0.022314282728567725,-1.1210223323959807
2013-08-09,169.5800018310547,170.10000610351562,168.72000122070312,169.30999755859375,91757700,13.40999984741211,train,-0.0028899521295076844,0.024167209748161556,57.729248246151585,0.020664957960548583,-0.7709007311025934
2013-08-12,168.4600067138672,169.30999755859375,168.3800048828125,169.11000061035156,68593300,12.8100004196167,train,-0.0011819453496080385,0.022257419682101265,56.43767372259217,0.019934819637970426,-1.0672501133759535
2013-08-13,169.41000366210938,169.89999389648438,168.41000366210938,169.61000061035156,80806000,12.3100004196167,train,0.002952293111514549,0.02462829532266353,58.91260687998214,0.017790442043181334,-1.3094473559241435
2013-08-14,169.52999877929688,169.8000030517578,168.6999969482422,168.74000549316406,79829200,13.039999961853027,train,-0.005142586190813852,0.018734998846181572,53.24425668780494,0.016525820723563466,-0.9369215254584823
2013-08-15,167.41000366210938,167.42999267578125,166.08999633789062,166.3800048828125,152931800,14.729999542236328,train,-0.014084743088398959,0.003867554635466952,41.56203969444027,0.02245615704585125,-0.08972605188648695
2013-08-16,166.05999755859375,166.6300048828125,165.5,165.8300018310547,130868200,14.369999885559082,train,-0.003311179935328551,0.0001749173091820655,39.39280248110772,0.028487913299166754,-0.2697774746041943
2013-08-19,165.63999938964844,166.2100067138672,164.75999450683594,164.77000427246094,96437600,15.100000381469728,train,-0.006412590268578053,-0.006214678105338933,35.542597864752295,0.03594655221504286,0.09635974503522789
2013-08-20,165.0399932861328,166.1999969482422,164.86000061035156,165.5800018310547,89294400,14.90999984741211,train,0.004903884769901881,-0.00142325550390221,40.3411000950853,0.039611537523672566,-0.00041920210355776976
2013-08-21,165.1199951171875,166.02999877929688,164.19000244140625,164.55999755859375,159530500,15.9399995803833,train,-0.006179242260351285,-0.007749411108703641,36.64185335502991,0.04494012866281234,0.5129290903370989
2013-08-22,164.89999389648438,166.3000030517578,164.88999938964844,166.05999755859375,101471400,14.760000228881836,train,0.009073923623194202,0.0007750034773155168,44.676215365046545,0.046529112603721494,-0.08238554757642151
2013-08-23,166.5500030517578,166.8300018310547,165.77000427246094,166.6199951171875,90888900,13.979999542236328,train,0.0033665871097505054,0.0038582765771599803,47.359980642203894,0.047121771293420676,-0.4727702036033894
2013-08-26,166.7899932861328,167.3000030517578,165.88999938964844,166.0,89702100,14.989999771118164,train,-0.003727952885139062,-0.0002168208160997498,44.77050708831682,0.04840841146293301,0.03570380510524982
2013-08-27,164.36000061035156,166.0,163.2100067138672,163.3300018310547,158619400,16.770000457763672,train,-0.016215083080727662,-0.016166115208398835,35.71424778616068,0.05417195970330843,0.9287086894500601
2013-08-28,163.25999450683594,164.49000549316406,163.0500030517578,163.91000366210938,108113000,16.489999771118164,train,0.003544813767649206,-0.012454700705552435,38.61890285521177,0.057556792008820794,0.7844251563888536
2013-08-29,163.5500030517578,165.0399932861328,163.39999389648438,164.1699981689453,119200500,16.809999465942383,train,0.001584946109555965,-0.010974060538448294,39.92917918085687,0.05755325851029877,0.9434382671231429
2013-08-30,164.50999450683594,164.52999877929688,163.1699981689453,163.64999389648438,134928900,17.010000228881836,train,-0.0031725015019858902,-0.014611366921057134,38.1739927338137,0.056705358775255496,1.0417473350091233
2013-09-03,165.22999572753906,165.5800018310547,163.6999969482422,164.38999938964844,142375100,16.610000610351562,train,0.0045116861575577125,-0.010789313525440658,42.07613519257797,0.05401851145814527,0.8428967406639147
2013-09-04,164.42999267578125,166.02999877929688,164.1300048828125,165.75,97389400,15.880000114440918,train,0.008238979257379415,-0.0036475811450146223,48.50831092438696,0.05123566098702246,0.48242991980826017
2013-09-05,165.85000610351562,166.39999389648438,165.72999572753906,165.9600067138672,63090500,15.770000457763672,train,0.0012662068534256092,-0.0032707396730365934,49.44192978794355,0.04883871146982199,0.4317009276725749
2013-09-06,166.50999450683594,166.97999572753906,164.47999572753906,166.0399932861328,159756500,15.850000381469728,train,0.0004818468302001357,-0.003496563533837871,49.81515728918122,0.044602785241795735,0.4784368367545859
2013-09-09,166.4499969482422,167.72999572753906,166.4499969482422,167.6300048828125,87559300,15.630000114440918,train,0.009530516022100581,0.0052556888131156665,56.66376397744513,0.041772977194233105,0.3725418585769026
2013-09-10,168.63999938964844,168.89999389648438,168.25999450683594,168.8699951171875,105847200,14.529999732971191,train,0.0073699604577225734,0.011666456951473503,61.1199114964345,0.041256471396738124,-0.1853559598073452
2013-09-11,168.63999938964844,169.39999389648438,168.35000610351562,169.39999389648438,94545900,13.81999969482422,train,0.0031335869583339654,0.01386489766799226,62.87699647556077,0.04072020712190159,-0.5455130378881727
2013-09-12,169.33999633789062,169.55999755859375,168.72000122070312,168.9499969482422,83209000,14.289999961853027,train,-0.0026599510905387694,0.010235684735002248,60.38187607933963,0.04115866341256421,-0.3025209259405354
2013-09-13,169.1300048828125,169.4600067138672,168.74000549316406,169.3300018310547,72727800,14.15999984741211,train,0.002246689393560989,0.011534119115384156,61.761819343436926,0.04488196754053763,-0.36453621482770454
2013-09-16,171.16000366210938,171.24000549316406,170.0399932861328,170.30999755859375,106299200,14.380000114440918,train,0.005770807024894481,0.016503018168360528,65.13455444817889,0.050062988350746344,-0.24957147744006594
2013-09-17,170.4600067138672,171.11000061035156,170.4600067138672,171.07000732421875,82523300,14.529999732971191,train,0.0044525807626902185,0.020172104375026034,67.52671800538755,0.05514692901154481,-0.1740884457022287
2013-09-18,171.00999450683594,173.52000427246094,170.5800018310547,173.0500030517578,203460600,13.59000015258789,train,0.011507715438112824,0.031005860765277227,72.76868242934374,0.06419276861272291,-0.6512865978373475
2013-09-19,173.52000427246094,173.60000610351562,172.58999633789062,172.75999450683594,146616900,13.15999984741211,train,-0.0016772714204791152,0.02835044347130866,70.96182499923015,0.06931317994816304,-0.8663365446300253
2013-09-20,172.3300018310547,172.3300018310547,170.5800018310547,170.72000122070312,132867100,13.119999885559082,train,-0.011878521592229619,0.015810767481589494,59.72729631310609,0.07094217411454322,-0.8833928010147591
2013-09-23,170.49000549316406,170.64999389648438,169.38999938964844,169.92999267578125,104616500,14.3100004196167,train,-0.00463825025914021,0.010818989704984405,56.02796951115054,0.07166003358985366,-0.27939446342023716
2013-09-24,169.89999389648438,170.52999877929688,169.2100067138672,169.52999877929688,106333100,14.079999923706056,train,-0.0023566493352781682,0.008274112491979402,54.197610663093464,0.07146677585301522,-0.3963824454654844
2013-09-25,169.63999938964844,169.97999572753906,168.88999938964844,169.0399932861328,117306500,14.010000228881836,train,-0.0028945615191714137,0.0051780829749334956,51.95827917956715,0.06692024443297859,-0.4320524674387059
2013-09-26,169.32000732421875,170.1699981689453,169.0500030517578,169.69000244140625,77146900,14.0600004196167,train,0.0038379237820074645,0.008834529016696013,54.635927225191814,0.06286871595159181,-0.4064145099090609
2013-09-27,168.83999633789062,169.13999938964844,168.47000122070312,168.91000366210938,99141800,15.460000038146973,train,-0.00460720699909815,0.004192532940177518,50.9650762967007,0.05817751697851014,0.30545128962225276
2013-09-30,167.47999572753906,168.5399932861328,167.14999389648438,168.00999450683594,143937000,16.600000381469727,train,-0.005342581627234101,-0.0010203549021950975,47.037953039313024,0.0513421740981992,0.885933362821303
2013-10-01,168.13999938964844,169.5,167.97000122070312,169.33999633789062,127160000,15.539999961853027,train,0.007885037842500666,0.006906933288293171,52.823181312451474,0.04486283586338671,0.34519904336508855
2013-10-02,168.35000610351562,169.33999633789062,167.8300018310547,169.17999267578125,113350000,16.600000381469727,train,-0.0009453130049468067,0.0059507564650103095,52.08605892237448,0.0407131756454313,0.8815301832082917
2013-10-03,168.7899932861328,168.94000244140625,166.83999633789062,167.6199951171875,176698000,17.670000076293945,train,-0.009263710042895584,-0.0032183638173411966,45.42974189385692,0.037576928452366154,1.4182085986250397
2013-10-04,167.75,169.05999755859375,167.52999877929688,168.88999938964844,96878000,16.739999771118164,train,0.007548128275420309,0.004338716031408341,50.92785294288742,0.032874106232398385,0.9437390444585566
2013-10-07,167.4199981689453,168.4499969482422,167.25,167.42999267578125,96295000,19.40999984741211,train,-0.008682302092439639,-0.004144528650680379,45.27982781272403,0.03322553650028345,2.2631475728427226
2013-10-08,167.39999389648438,167.6199951171875,165.36000061035156,165.47999572753906,178015000,20.34000015258789,train,-0.011714993948873946,-0.015378629924910014,39.050618402004176,0.03935227728107129,2.678331028648609
2013-10-09,165.8000030517578,166.1999969482422,164.52999877929688,165.60000610351562,168973000,19.600000381469727,train,0.000724963033520689,-0.014313835690125787,39.6013310869086,0.044068331801882285,2.27923101108372
2013-10-10,167.2899932861328,169.25999450683594,167.22999572753906,169.1699981689453,195955000,16.479999542236328,train,0.02132883685530792,0.006880373970186593,53.159727496623454,0.044039317468911106,0.7517414104109033
2013-10-11,168.91000366210938,170.32000732421875,168.77000427246094,170.25999450683594,105040000,15.720000267028809,train,0.006422532529079709,0.013416161816019567,56.379423248553096,0.044332007216060114,0.38244295270382617
2013-10-14,169.2100067138672,171.0800018310547,169.0800018310547,170.94000244140625,112106000,16.06999969482422,train,0.0039859838275880565,0.01746489412595098,58.30496690387299,0.044840165683062864,0.5538996837875081
2013-10-15,170.50999450683594,171.14999389648438,169.47000122070312,169.6999969482422,155485000,18.65999984741211,train,-0.007280477763183888,0.010204422092578769,53.65385085491995,0.043920440328466155,1.8014529258169516
2013-10-16,170.72000122070312,172.16000366210938,170.63999938964844,172.07000732421875,161676000,14.710000038146973,train,0.01386925907348073,0.024027528954150945,60.19042879443998,0.04181153913998449,-0.11282927903157482
2013-10-17,171.3699951171875,173.32000732421875,171.33999633789062,173.22000122070312,129389000,13.479999542236328,train,0.0066610566196149456,0.03037593604869193,62.92299917778279,0.04294743178251192,-0.7060247690544054
2013-10-18,173.86000061035156,174.50999450683594,173.50999450683594,174.38999938964844,138316000,13.039999961853027,train,0.006731696931421397,0.03676937536024538,65.51640634161271,0.050006072575477394,-0.9138092427182413
2013-10-21,174.4499969482422,174.75,174.00999450683594,174.39999389648438,104104000,13.15999984741211,train,5.730959621005006e-05,0.03620167146147146,65.53858116320478,0.05611082304845002,-0.8507922328880408
2013-10-22,174.91000366210938,175.92999267578125,174.42999267578125,175.41000366210938,126663000,13.329999923706056,train,0.005774635255459071,0.04142302532680886,67.79257394441872,0.0633281772768547,-0.7644172050098181
2013-10-23,174.80999755859375,174.88999938964844,173.9600067138672,174.57000732421875,105484000,13.420000076293944,train,-0.004800262440657756,0.03582584184976101,64.04099621618906,0.067272106786357,-0.714765896326703
2013-10-24,174.9199981689453,175.3699951171875,174.50999450683594,175.14999389648438,70350000,13.199999809265137,train,0.003316865503675075,0.03847728784291782,65.46218544849377,0.07164538149708953,-0.814656988769857
2013-10-25,175.50999450683594,176.0,175.1699981689453,175.9499969482422,93625000,13.09000015258789,train,0.004557131627001405,0.042038035594394785,67.37741575910539,0.07611756775608633,-0.8618531845310914
2013-10-28,175.88999938964844,176.47000122070312,175.6999969482422,176.22999572753906,84979000,13.3100004196167,train,0.0015900894094799476,0.04241219311446032,68.04531337545995,0.07904702307815335,-0.7485533020357813
2013-10-29,176.6300048828125,177.24000549316406,176.3800048828125,177.1699981689453,87401000,13.40999984741211,train,0.005319777444716878,0.04643731392829209,70.24758688501109,0.08360221616485806,-0.6934369209773054
2013-10-30,177.3800048828125,177.50999450683594,175.66000366210938,176.2899932861328,140002000,13.649999618530272,train,-0.004979385063899464,0.0399239906678015,65.68369791131326,0.0855138203331784,-0.569619033992878
2013-10-31,176.14999389648438,176.88999938964844,175.52999877929688,175.7899932861328,133795000,13.75,train,-0.00284026559417544,0.035602449936622316,63.17238661041881,0.08402235680622765,-0.5141986192948048
2013-11-01,176.02000427246094,176.61000061035156,175.22000122070312,176.2100067138672,142805000,13.279999732971191,train,0.0023864410628936217,0.03683685085539512,64.40358234879116,0.08375424175406722,-0.7410216204377769
2013-11-04,176.69000244140625,176.89999389648438,175.97999572753906,176.8300018310547,85677000,12.93000030517578,train,0.003512325739623857,0.03923628534249435,66.19989274840367,0.08085497816933188,-0.9075458850644774
2013-11-05,176.13999938964844,176.75,175.57000732421875,176.27000427246094,85825000,13.270000457763672,train,-0.003171894751748496,0.034696132622021425,63.10244611212885,0.07063966960594709,-0.7323968252942019
2013-11-06,177.02999877929688,177.5,176.5399932861328,177.1699981689453,87348000,12.670000076293944,train,0.0050927786073059,0.03829203317599639,65.86661173745671,0.05763505096259137,-1.0246842932753921
2013-11-07,177.5,177.63999938964844,174.75999450683594,174.92999267578125,157000000,13.90999984741211,train,-0.012723861244583412,0.02384220952837346,54.85233870981087,0.050690585569900665,-0.39680433244442986
2013-11-08,174.8699951171875,177.30999755859375,174.85000610351562,177.2899932861328,136713000,12.899999618530272,train,0.01340092000813424,0.036063803722628185,62.05220979878855,0.04662847177919715,-0.9015448092670281
2013-11-11,177.1199951171875,177.52999877929688,176.91000366210938,177.32000732421875,62614000,12.529999732971191,train,0.00016927914106175856,0.03458622139462686,62.13491358878678,0.04271687505007274,-1.0836398849472095
2013-11-12,176.94000244140625,177.36000061035156,176.3699951171875,176.9600067138672,83990000,12.81999969482422,train,-0.0020322949079467256,0.03097352775619444,60.433613307880385,0.031633504083268246,-0.9278605369000308
2013-11-13,176.08999633789062,178.42999267578125,176.08999633789062,178.3800048828125,103844000,12.520000457763672,train,0.007992377337158595,0.037719308998935386,64.55607232933136,0.028232054300116986,-1.072822513321764
2013-11-14,178.5399932861328,179.4199981689453,178.25,179.27000427246094,103435000,12.369999885559082,train,0.004976939488140353,0.041284306721288244,66.88492646378097,0.028715929654480846,-1.1418640247299492
2013-11-15,179.55999755859375,180.1199951171875,179.3300018310547,180.0500030517578,102818000,12.1899995803833,train,0.004341533945090801,0.04411557182337633,68.81860754885815,0.03237831717132678,-1.226217351747861
2013-11-18,180.3500061035156,180.5,179.02000427246094,179.4199981689453,104796000,13.100000381469728,train,-0.0035051911186586623,0.03904135756566496,65.49214224860785,0.03312694747654337,-0.7514161004814056
2013-11-19,179.3300018310547,179.8699951171875,178.72000122070312,179.02999877929688,93891000,13.390000343322754,train,-0.002176033180973402,0.03556422250523328,63.44759579774077,0.033911045094026884,-0.5979421564786944
2013-11-20,179.38999938964844,179.92999267578125,177.97999572753906,178.47000122070312,124909000,13.399999618530272,train,-0.0031328560370073636,0.031242969184678504,60.525765642129834,0.03209198458884301,-0.5890391871661306
2013-11-21,178.97000122070312,180.0500030517578,178.86000061035156,179.91000366210938,92841000,12.65999984741211,train,0.008036219496011009,0.038248615744329806,64.99042577295188,0.032802333252394816,-0.9630147773737352
2013-11-22,179.97999572753906,180.8300018310547,179.77000427246094,180.80999755859372,81296000,12.260000228881836,train,0.0049899964566982365,0.04206168266907828,67.46704489573114,0.03567783885251308,-1.1598064241424761
2013-11-25,181.1300048828125,181.1699981689453,180.3699951171875,180.6300048828125,79486000,12.789999961853027,train,-0.000995975483866379,0.03978745716506449,66.45454029937568,0.03754845243722964,-0.8816776727345964
2013-11-26,180.72000122070312,181.22000122070312,180.41000366210935,180.67999267578125,86994000,12.8100004196167,train,0.0002767030728486098,0.038925754515950706,66.60443556494744,0.039639693161905694,-0.8647227062320497
2013-11-27,180.8699951171875,181.2400054931641,180.6499938964844,181.1199951171875,58800000,12.979999542236328,train,0.0024322978063884737,0.04049016639106662,67.96150503966334,0.04108837412543043,-0.7720634494199413
2013-11-29,181.32000732421875,181.75,180.8000030517578,181.0,55870900,13.699999809265137,train,-0.0006627367900007738,0.03881733753426686,67.15998012966477,0.040829664893356016,-0.40095140447467686
2013-12-02,181.08999633789065,181.42999267578125,180.25,180.52999877929688,99726000,14.229999542236328,train,-0.002600069079033429,0.03495443368139295,63.977250809085795,0.03990819969288992,-0.12668371458935107
2013-12-03,179.94000244140625,180.38999938964844,179.1699981689453,179.75,116563000,14.550000190734863,train,-0.004329965585636263,0.029323851934036638,58.98167166546657,0.03878787284721108,0.041482737477661145
2013-12-04,179.10000610351562,180.47999572753903,178.35000610351562,179.72999572753906,123033000,14.699999809265137,train,-0.000111295608764601,0.02800839081716333,58.85474429922455,0.036370879300467986,0.12384247839490561
2013-12-05,179.41000366210938,179.74000549316406,178.77000427246094,178.94000244140625,106934000,15.079999923706056,train,-0.0044051332292273275,0.022332036318706505,53.91990897992803,0.034978589632412786,0.3230080968370304
2013-12-06,180.6699981689453,181.1100006103516,180.1499938964844,180.94000244140625,127728000,13.789999961853027,train,0.011114930327336266,0.03243139541975726,62.49392167245417,0.028174519175875563,-0.3377291498252173
2013-12-09,181.47000122070312,181.6699981689453,181.16000366210935,181.3999938964844,70124000,13.489999771118164,train,0.0025390059438117393,0.03358286770636276,64.14629903914454,0.027150833281181133,-0.4882590634179709
2013-12-10,180.97999572753903,181.3600006103516,180.63999938964844,180.75,80976000,13.90999984741211,train,-0.003589642995438294,0.028386311201167524,60.11596013344614,0.024608104937469132,-0.26683872584632384
2013-12-11,180.82000732421875,180.8500061035156,178.5,178.72000122070312,130591000,15.420000076293944,train,-0.011294518887728793,0.01575235624687199,49.62846072686168,0.020568265325499657,0.5159996749410959
2013-12-12,178.63999938964844,178.86000061035156,177.75999450683594,178.1300048828125,115565000,15.539999961853027,train,-0.003306693935240864,0.011370208668411763,47.0588816569034,0.021078345464570977,0.579368912553589
2013-12-13,178.5,178.66000366210938,177.77000427246094,178.11000061035156,107808000,15.760000228881836,train,-0.00011230783838704457,0.010053470885698745,46.970082134730525,0.022715111945271864,0.6961328996686363
2013-12-16,178.9499969482422,179.80999755859375,178.89999389648438,179.22000122070312,96195000,16.030000686645508,train,0.006212767889755312,0.015158852822567015,52.34378571521055,0.02294530418430596,0.8401834405028267
2013-12-17,179.3800048828125,179.41000366210938,178.25,178.64999389648438,89886000,16.209999084472656,train,-0.0031855579625094804,0.010645546715342569,49.566122424737905,0.02361317238975342,0.9343780747891571
2013-12-18,178.9199981689453,181.72999572753903,177.32000732421875,181.6999969482422,234906000,13.800000190734863,train,0.016928408301777012,0.026016881344340437,61.37664235074637,0.024880710858878885,-0.3167821040385225
2013-12-19,181.17999267578125,181.6999969482422,180.7100067138672,181.4900054931641,136531200,14.149999618530272,train,-0.0011563725711969312,0.022995301954920944,60.32912857903468,0.02469454142312352,-0.1284437292138513
2013-12-20,180.69000244140625,181.9900054931641,180.57000732421875,181.55999755859372,197087000,13.789999961853027,train,0.0003855781060925153,0.021962385049612898,60.570678991468974,0.0256258531460086,-0.3105463529251422
2013-12-23,182.4499969482422,182.63999938964844,182.07000732421875,182.52999877929688,85598000,13.039999961853027,train,0.005328372245572142,0.026005088877294025,63.85532465252517,0.0278833774070384,-0.6992138752117093
2013-12-24,182.5399932861328,183.00999450683597,182.52999877929688,182.92999267578125,45368800,12.479999542236328,train,0.0021889895778297104,0.026869325648673836,65.14477002261306,0.030654992592073032,-0.9891531852391228
2013-12-26,183.33999633789065,183.9600067138672,183.32000732421875,183.8600006103516,63365000,12.329999923706056,train,0.005071075790425088,0.030451742548948557,68.0029316281148,0.03490653349980684,-1.067464251009659
2013-12-27,184.1000061035156,184.17999267578125,183.66000366210935,183.8500061035156,61814000,12.460000038146973,train,-5.436080963787768e-05,0.02903695580257759,67.9384562494408,0.03828804196603473,-0.9959401864718508
2013-12-30,183.8699951171875,184.0200042724609,183.5800018310547,183.82000732421875,56857000,13.5600004196167,train,-0.00016318317114712212,0.02764964147899729,67.73087894205028,0.04112617220200942,-0.3921474770286662
2013-12-31,184.07000732421875,184.69000244140625,183.92999267578125,184.69000244140625,86119900,13.720000267028809,train,0.00472169933228343,0.03132564378815217,70.5419162412478,0.04503045694392698,-0.2937797880009425
2014-01-02,183.97999572753903,184.07000732421875,182.47999572753903,182.9199981689453,119636900,14.229999542236328,train,-0.009629868327046057,0.02047077216957227,59.23596468352076,0.04536250760080323,0.0009597059079934816
2014-01-03,183.22999572753903,183.6000061035156,182.6300048828125,182.88999938964844,81390600,13.760000228881836,train,-0.00016401290049113769,0.019452595379764626,59.06318579037321,0.0453806062939459,-0.2679039475310185
2014-01-06,183.4900054931641,183.55999755859372,182.0800018310547,182.3600006103516,108028200,13.550000190734863,train,-0.0029021171870233934,0.015616302759611456,55.95775757733384,0.04386627544264431,-0.3881352196778565
2014-01-07,183.08999633789065,183.7899932861328,182.9499969482422,183.47999572753903,86144200,12.920000076293944,train,0.006122887751066627,0.02090664134280873,60.66444978223767,0.0446987774760182,-0.7481763377881324
2014-01-08,183.4499969482422,183.8300018310547,182.88999938964844,183.5200042724609,96582300,12.869999885559082,train,0.00021803021842171992,0.020269768475339456,60.82550363109535,0.04553095721100685,-0.7744845484979215
2014-01-09,184.1100006103516,184.1300048828125,182.8000030517578,183.63999938964844,90683400,12.890000343322754,train,0.0006536393957019077,0.020096406872019523,61.336807514333614,0.04605005806918521,-0.7600989217476063
2014-01-10,183.9499969482422,184.22000122070312,183.00999450683597,184.13999938964844,102026400,12.140000343322754,train,0.002719018487703163,0.022082393541235534,63.47597790933633,0.044217304398540005,-1.1846862403881486
2014-01-13,183.6699981689453,184.17999267578125,181.33999633789065,181.69000244140625,149892000,13.279999732971191,train,-0.013394382993537016,0.007879321970805986,49.13141901282308,0.03934731548030134,-0.5315815482945655
2014-01-14,182.2899932861328,183.7700042724609,181.9499969482422,183.6699981689453,105016100,12.279999732971191,train,0.010838707619623187,0.017972887934071036,57.49192607302569,0.03341192415785256,-1.099093923037711
2014-01-15,184.1000061035156,184.94000244140625,183.7100067138672,184.66000366210935,98525800,12.279999732971191,train,0.005375657004934926,0.022502153422903293,60.94800940655478,0.029966610316053733,-1.093901675258133
2014-01-16,184.27999877929688,184.66000366210935,183.8300018310547,184.4199981689453,72290600,12.529999732971191,train,-0.0013005609938403072,0.02031556632504894,59.6811791297617,0.021892705560966327,-0.9479999217005913
2014-01-17,184.1000061035156,184.4499969482422,183.32000732421875,183.63999938964844,107848700,12.4399995803833,train,-0.004238439124883918,0.01517230014087012,55.633963581282345,0.020643728682107322,-0.9949793362011645
2014-01-21,184.6999969482422,184.7700042724609,183.0500030517578,184.17999267578125,88621200,12.869999885559082,train,0.0029361844691950666,0.01736891915523442,57.769112958495775,0.01894687806222934,-0.7520714695317889
2014-01-22,184.4900054931641,184.57000732421875,183.91000366210935,184.3000030517578,61270900,12.84000015258789,train,0.0006513807078344103,0.016979096833974694,58.250006740864606,0.016895433825454487,-0.7706967854796943
2014-01-23,183.3699951171875,183.3999938964844,181.82000732421875,182.7899932861328,132496900,13.770000457763672,train,-0.008226965035855842,0.008034903197741805,50.46351077907958,0.016559927803986067,-0.244578880122106
2014-01-24,181.6000061035156,181.66000366210935,178.8300018310547,178.88999938964844,208677100,18.13999938964844,train,-0.021566827807321755,-0.013643254323519649,36.78621951390822,0.027699402546596367,2.2170945958625925
2014-01-27,179.05999755859375,179.52000427246094,177.1199951171875,178.00999450683594,180843100,17.420000076293945,train,-0.004931390760639816,-0.018609024086428172,34.51314826296921,0.03753665111679716,1.7901591233840362
2014-01-28,178.13999938964844,179.3000030517578,178.1199951171875,179.07000732421875,110463200,15.800000190734863,train,0.005937134119493119,-0.012840147625111875,39.372810085158406,0.04189874881098708,0.8725983257065688
2014-01-29,177.5800018310547,178.5500030517578,176.8800048828125,177.35000610351562,216597300,17.350000381469727,train,-0.00965161611537867,-0.02211499819793794,34.853237335344886,0.04911129049545772,1.7252641689131971
2014-01-30,178.8300018310547,179.80999755859375,178.25999450683594,179.22999572753906,118938100,17.290000915527344,train,0.010544657770921622,-0.011659604569938642,42.607924472032295,0.05029276595587837,1.6756925115596268
2014-01-31,177.00999450683594,179.2899932861328,176.9199981689453,178.17999267578125,194677900,18.40999984741211,train,-0.005875639218870396,-0.0173153202431372,39.76116768910925,0.05381740500424188,2.265545138114391
2014-02-03,177.97000122070312,178.3699951171875,173.8300018310547,174.1699981689453,254837100,21.440000534057617,train,-0.022762410956105997,-0.0389157269956647,31.19041385091802,0.06548915817985058,3.803624214797697
2014-02-04,174.9499969482422,175.83999633789062,174.11000061035156,175.38999938964844,165012400,19.11000061035156,train,0.006980239059416479,-0.03185457441619288,35.729542131423514,0.07184117827228778,2.5163673814061256
2014-02-05,174.77999877929688,175.55999755859375,173.7100067138672,175.1699981689453,164230500,19.950000762939453,train,-0.0012551417795379596,-0.0325627191169271,35.27761107440513,0.07662605672771142,2.8976430088611242
2014-02-06,175.5800018310547,177.47999572753906,175.22000122070312,177.47999572753906,132877600,17.229999542236328,train,0.013100981927253019,-0.01944428378169527,43.376289832330755,0.07705220576526679,1.472225365080331
2014-02-07,178.30999755859375,179.8699951171875,177.72999572753906,179.67999267578125,170787200,15.289999961853027,train,0.012319547789767769,-0.0071853443804136274,49.816707416294314,0.07553410051290438,0.4654067946759268
2014-02-10,179.6999969482422,180.07000732421875,179.2100067138672,180.00999450683594,92218800,15.260000228881836,train,0.0018349241591687877,-0.00528828296818229,50.722120304647,0.07305451729404702,0.44556796995685066
2014-02-11,180.16000366210935,182.44000244140625,180.0399932861328,181.97999572753903,117814100,14.510000228881836,train,0.010884393064174287,0.005502118489280061,55.84381718206319,0.0732176816541016,0.0543665180225162
2014-02-12,182.25,182.8300018310547,181.7100067138672,182.07000732421875,94717700,14.300000190734863,train,0.0004945012924565688,0.005880525037441409,56.06849211583288,0.07172669884808301,-0.05791557503583806
2014-02-13,180.83999633789065,183.1999969482422,180.8300018310547,183.00999450683597,100542200,14.140000343322754,train,0.005149497398180146,0.01079668098362685,58.44632168068841,0.0695424502405921,-0.1434688047576781
2014-02-14,182.83999633789065,184.3600006103516,182.6699981689453,184.0200042724609,96498400,13.56999969482422,train,0.005503704430046528,0.015895966543760798,60.895496115540574,0.0689393971035739,-0.44195377310581635
2014-02-18,184.17999267578125,184.4900054931641,183.6499938964844,184.2400054931641,80460900,13.869999885559082,train,0.001194814756105065,0.016604274438528188,61.42877922612154,0.069781440205306,-0.2894019489895054
2014-02-19,183.75999450683597,184.9499969482422,182.8699951171875,183.0200042724609,126524300,15.5,train,-0.0066438254962310605,0.009418024796356006,56.802632819965524,0.06828065319190812,0.5542939124531995
2014-02-20,183.2700042724609,184.5200042724609,182.6000061035156,184.1000061035156,104998100,14.789999961853027,train,0.0058836615608325316,0.015020799038327759,59.696254850717686,0.06797225234905914,0.18345318966450752
2014-02-21,184.4499969482422,184.88999938964844,183.8000030517578,183.88999938964844,118116400,14.68000030517578,train,-0.0011413719586444795,0.013584644776089227,58.870454085797014,0.06930557025470309,0.12719406091817803
2014-02-24,184.27999877929688,186.1499938964844,184.1999969482422,184.91000366210935,114063900,14.229999542236328,train,0.005531490590065455,0.018739628928539975,61.64566590850164,0.07294732843296615,-0.10788570193728415
2014-02-25,185.05999755859372,185.58999633789065,184.22999572753903,184.83999633789065,117085000,13.670000076293944,train,-0.0003786738339701903,0.017667670091254806,61.339744159468495,0.07508692278892999,-0.39359036309082013
2014-02-26,185.1100006103516,185.6000061035156,184.3300018310547,184.8500061035156,98677200,14.350000381469728,train,5.415221164381202e-05,0.016970261265185638,61.369263449461144,0.07724188099063899,-0.029407538367269774
2014-02-27,184.5800018310547,185.8699951171875,184.3699951171875,185.82000732421875,93880800,14.039999961853027,train,0.0052337842274414546,0.02144028137429954,64.22034954846274,0.07837113212838231,-0.19216698606201238
2014-02-28,185.7899932861328,187.1499938964844,185.0500030517578,186.2899932861328,150842000,14.0,train,0.0025260606329176537,0.023228442862252008,65.54713286515573,0.08097233096993729,-0.21030694526879345
2014-03-03,184.6499938964844,185.4499969482422,183.75,184.97999572753903,167748500,16.0,train,-0.007056875232514426,0.015327036188188758,58.98186169875949,0.08031959014427983,0.8476250401825531
2014-03-04,186.7899932861328,187.97999572753903,186.75,187.5800018310547,167545900,14.100000381469728,train,0.013957742813019232,0.028933908325690982,66.21478994627446,0.07394289199063098,-0.15869988437395816
2014-03-05,187.7400054931641,188.07000732421875,187.4499969482422,187.75,88376900,13.890000343322754,train,0.0009058598019917311,0.02915961498814723,66.6291331873849,0.06784790119804267,-0.27085766763608843
2014-03-06,188.2100067138672,188.6100006103516,187.77999877929688,188.17999267578125,82516500,14.210000038146973,train,0.002287622013029504,0.030768551988299198,67.7079092416807,0.058141479244519415,-0.10281399004833132
2014-03-07,188.9600067138672,188.9600067138672,187.42999267578125,188.25999450683597,114513500,14.109999656677246,train,0.00042504428319600036,0.030559855362395583,67.9157255307144,0.051810520120847366,-0.1581690920423662
2014-03-10,187.97000122070312,188.22999572753903,187.0800018310547,188.16000366210935,74939200,14.199999809265137,train,-0.0005312727674665432,0.029423049592423256,67.33247786201815,0.04866237930474055,-0.11402541726753913
2014-03-11,188.44000244140625,188.7100067138672,186.8000030517578,187.22999572753903,99009100,14.800000190734863,train,-0.004954899378260192,0.023957398903289073,61.999362356135194,0.043219116232852975,0.19889795180728426
2014-03-12,186.32000732421875,187.3500061035156,185.8999938964844,187.27999877929688,104824400,14.470000267028809,train,0.0002670318698479846,0.02384674672110676,62.17284443536128,0.04092608745468702,0.018118132781103764
2014-03-13,187.83999633789065,187.9900054931641,184.66000366210935,185.17999267578125,155014300,16.219999313354492,train,-0.01127653119657927,0.012215643836481993,51.53254082774497,0.037240302471873835,0.9474788186493911
2014-03-14,184.8500061035156,185.8000030517578,184.44000244140625,184.66000366210935,153919600,17.81999969482422,train,-0.00281196929189691,0.009376632950272468,49.28342184202073,0.0352326306616554,1.7905655613474287
2014-03-17,185.58999633789065,186.7700042724609,185.50999450683597,186.3300018310547,98359500,15.640000343322754,train,0.00900298889015177,0.018125521629620778,55.93508599020585,0.03421731934772368,0.6159470210849289
2014-03-18,186.7100067138672,187.91000366210935,186.50999450683597,187.66000366210935,101804600,14.520000457763672,train,0.007112529310234391,0.02485854927616815,60.39061610498456,0.034155808816833694,0.010098266983987246
2014-03-19,187.67999267578125,187.94000244140625,185.47000122070312,186.66000366210935,176267300,15.119999885559082,train,-0.005343034619756702,0.018918743864108523,55.820447576210405,0.03075906543429378,0.3319447458670847
2014-03-20,186.25,187.88999938964844,185.9199981689453,187.75,117241000,14.520000457763672,train,0.005822490887500138,0.02439115100727407,59.424844955464344,0.029624178219092582,0.004586551274995403
2014-03-21,187.7100067138672,189.0200042724609,186.02999877929688,186.1999969482422,163128000,15.0,train,-0.008289942190954327,0.015637088611066607,52.82487404417488,0.026926752206924386,0.26166092092544635
2014-03-24,186.83999633789065,187.07000732421875,184.6199951171875,185.42999267578125,121411000,15.09000015258789,train,-0.004143935612563078,0.011239595322623197,49.86215625895658,0.02630705447022735,0.30711259114533757
2014-03-25,186.3699951171875,186.94000244140625,185.2700042724609,186.30999755859372,103852000,14.020000457763672,train,0.004734527087535425,0.015798268153008443,53.09961925474766,0.02495777646967389,-0.2716231142633019
2014-03-26,187.0399932861328,187.33999633789065,184.9199981689453,184.97000122070312,119843000,14.93000030517578,train,-0.007218283562339064,0.008131775793724039,48.01541425158363,0.024766198518602907,0.21585076216534116
2014-03-27,184.75,185.33999633789065,183.8999938964844,184.5800018310547,142383000,14.619999885559082,train,-0.002110672608378221,0.005906402934380939,46.616421145069516,0.026338916588847027,0.04494262376869895
2014-03-28,185.1100006103516,186.4199981689453,185.0,185.4900054931641,101642000,14.40999984741211,train,0.0049180180953826945,0.010774213692070767,50.258252487459785,0.02680278324201711,-0.07267485053346824
2014-03-31,186.6699981689453,187.3000030517578,185.5200042724609,187.00999450683597,99745000,13.880000114440918,train,0.0081610601340628,0.018769388082977345,55.69508599422704,0.025744931518630707,-0.36119312818629784
2014-04-01,187.6199951171875,188.3600006103516,187.0,188.25,89193000,13.100000381469728,train,0.0066088046930126414,0.025009695805928267,59.57679995358833,0.026485351702336592,-0.785985402627842
2014-04-02,188.4900054931641,189.1300048828125,188.13999938964844,188.8800048828125,78774000,13.09000015258789,train,0.003341051948654623,0.02791392110691482,61.42594881167009,0.028018636196388863,-0.788080335710804
2014-04-03,189.1699981689453,189.22000122070312,188.0500030517578,188.6300048828125,77435000,13.369999885559082,train,-0.0013244683853621871,0.026069805687777725,60.248164461044766,0.028624102246450126,-0.6346235140955225
2014-04-04,189.66000366210935,189.6999969482422,186.1000061035156,186.3999938964844,169381000,13.960000038146973,train,-0.011892580735987344,0.01354140454005126,50.87711810190363,0.027682099655788415,-0.3146402926609007
2014-04-07,185.9499969482422,186.25999450683597,183.9600067138672,184.33999633789065,140803000,15.56999969482422,train,-0.011113010807849042,0.001746545133696653,44.059560536066215,0.028669249707319662,0.5539472118603137
2014-04-08,184.25999450683597,185.3999938964844,183.58999633789065,185.1000061035156,112660000,14.890000343322754,train,0.00411439385414488,0.005102108403126859,46.88731513148411,0.0290995752401179,0.18074777930679975
2014-04-09,185.6000061035156,187.1499938964844,185.05999755859372,187.08999633789065,100254000,13.81999969482422,train,0.01069351236967158,0.015023788872151389,53.51344123669744,0.02897530106767808,-0.4051472164893446
2014-04-10,187.0800018310547,187.1699981689453,182.92999267578125,183.16000366210935,172959000,15.890000343322754,train,-0.02122965714033537,-0.006923750944713536,42.292071381489535,0.03222611843666685,0.7167541989830508
2014-04-11,182.13999938964844,183.4199981689453,181.30999755859372,181.50999450683597,167251000,17.030000686645508,train,-0.00904938944075313,-0.01611319977455805,38.629536335728936,0.03858422251094643,1.3290179966607125
2014-04-14,182.92999267578125,183.3699951171875,181.44000244140625,182.94000244140625,132382000,16.110000610351562,train,0.00784752523142491,-0.00887320817577808,43.21900694325031,0.04130477251133795,0.8312709853365267
2014-04-15,183.32000732421875,184.3300018310547,181.50999450683597,184.1999969482422,157093000,15.609999656677246,train,0.006863863679962793,-0.0031302506734057767,46.98125575322187,0.04115165279918558,0.5535037348750148
2014-04-16,185.47000122070312,186.13999938964844,184.6499938964844,186.1300048828125,105197000,14.18000030517578,train,0.010423273290011996,0.006145118394467186,52.20521920633272,0.04095894514431594,-0.22517432301780846
2014-04-17,185.8800048828125,186.91000366210935,185.55999755859372,186.38999938964844,105255000,13.359999656677246,train,0.001395868925531808,0.0063298498548818305,52.87878027527505,0.039892248797761334,-0.6690707206877815
2014-04-21,186.44000244140625,187.1000061035156,186.2100067138672,187.0399932861328,68329000,13.25,train,0.0034812123592844494,0.00879782159603959,54.6013210409268,0.04034403604836507,-0.7252610729949535
2014-04-22,187.22999572753903,188.3999938964844,187.1300048828125,187.88999938964844,85790000,13.1899995803833,train,0.0045342201285770226,0.012485649923442033,56.82407836989237,0.04157845291907594,-0.7548423679803788
2014-04-23,187.82000732421875,187.9199981689453,187.3000030517578,187.4499969482422,73869000,13.270000457763672,train,-0.002344555055441828,0.009305299766456665,55.31433119249687,0.042218518339147165,-0.7101562479049294
2014-04-24,188.3699951171875,188.38999938964844,186.92999267578125,187.8300018310547,88170000,13.31999969482422,train,0.0020251812722585937,0.010714671972179124,56.39193088123853,0.04289486004930453,-0.6817628152877264
2014-04-25,187.22000122070312,187.3300018310547,185.8699951171875,186.2899932861328,100380000,14.0600004196167,train,-0.008232744912048813,0.0019728227489843597,51.02203787473165,0.04229708065737472,-0.2759690744060186
2014-04-28,187.0500030517578,187.69000244140625,184.9600067138672,186.8800048828125,135121000,13.970000267028809,train,0.0031621625061776805,0.004727968121296389,52.87358664571942,0.04231864997323401,-0.3263654802214708
2014-04-29,187.47999572753903,188.0399932861328,187.0800018310547,187.75,84098000,13.710000038146973,train,0.004644564876318868,0.009000662693642747,55.54241859606805,0.04278815548403392,-0.4694180215983109
2014-04-30,187.44000244140625,188.5,187.17999267578125,188.30999755859372,101508000,13.40999984741211,train,0.002978237388480504,0.01156766845900159,57.22174049937173,0.04285441436848677,-0.634146438581431
2014-05-01,188.22000122070312,188.83999633789065,187.72999572753903,188.3300018310547,93019000,13.25,train,0.0001062248965176255,0.011098309227392189,57.28381338084173,0.042141499073114465,-0.7187204792606658
2014-05-02,188.30999755859372,189.13999938964844,187.77999877929688,188.05999755859372,98122000,12.90999984741211,train,-0.0014347050623717418,0.009219596502005656,56.10055787461517,0.0414629365772839,-0.9031260094474894
2014-05-05,187.13999938964844,188.5500030517578,186.6199951171875,188.4199981689453,75883000,13.289999961853027,train,0.0019124560357089329,0.010660145742247051,57.36508824811948,0.04277353123202896,-0.696019189636849
2014-05-06,188.0,188.1300048828125,186.7400054931641,186.77999877929688,85454000,13.800000190734863,train,-0.008742056756520605,0.0016624625444474628,50.2621726449443,0.04173916811030042,-0.4190703174761189
2014-05-07,187.41000366210935,187.97000122070312,186.00999450683597,187.8800048828125,106500000,13.399999618530272,train,0.005872040001730826,0.007233150372186525,54.34545229989924,0.04177392929596705,-0.6411128467527172
2014-05-08,187.7100067138672,189.0500030517578,187.0800018310547,187.67999267578125,93618000,13.43000030517578,train,-0.001065141267661032,0.005855665430435808,53.48563620403036,0.04204365125975861,-0.6271523329583546
2014-05-09,187.7100067138672,188.0399932861328,186.8300018310547,187.9600067138672,83679000,12.920000076293944,train,0.0014908640741451138,0.007125360414412141,54.56931270561106,0.038982946345469914,-0.9077190332786822
2014-05-12,188.8000030517578,189.8800048828125,188.0,189.7899932861328,86940000,12.229999542236328,train,0.00968895241931179,0.016549494956442645,60.969206075741624,0.03170560230448993,-1.2862708905355595
2014-05-13,190.0399932861328,190.4199981689453,189.7700042724609,189.9600067138672,66454000,12.130000114440918,train,0.0008953966509186361,0.016917615665662078,61.51167202138659,0.02656995021943791,-1.3389462429118355
2014-05-14,189.7899932861328,189.8800048828125,188.7899932861328,189.05999755859372,72367000,12.170000076293944,train,-0.004749146940660214,0.011939224509241342,56.99565827273082,0.021777810364092057,-1.3136405895901024
2014-05-15,188.67999267578125,188.72000122070312,186.47999572753903,187.3999938964844,154956000,13.170000076293944,train,-0.008819074848976361,0.0030916774791520663,49.74184436654551,0.02031934331546256,-0.7653954608575018
2014-05-16,187.50999450683597,188.1300048828125,186.72000122070312,188.0500030517578,97458000,12.4399995803833,train,0.0034625639099156876,0.00658497415981496,52.301740132647886,0.019011942498151274,-1.1638763333808009
2014-05-19,187.69000244140625,188.88999938964844,187.5200042724609,188.7400054931641,63839000,12.420000076293944,train,0.0036625345528011953,0.01022647279709199,54.92629028278897,0.01881414439968137,-1.1747045528128763
2014-05-20,188.6499938964844,188.6699981689453,187.07000732421875,187.5500030517578,111644000,12.960000038146973,train,-0.006324942897985881,0.003922568938383275,49.83350163268098,0.018936917914064624,-0.8779441713338653
2014-05-21,188.08999633789065,189.22000122070312,188.05999755859372,189.1300048828125,89093000,11.90999984741211,train,0.008389142317992792,0.012174159424052755,55.70590214169129,0.019403181281791908,-1.4464530112766127
2014-05-22,189.17999267578125,189.97999572753903,188.8600006103516,189.58999633789065,61549000,12.029999732971191,train,0.002429191380413814,0.01438510625851297,57.273992376735734,0.020536227594748893,-1.3721631316511864
2014-05-23,189.75999450683597,190.47999572753903,189.58999633789065,190.3500061035156,61092800,11.359999656677246,train,0.004000688395200216,0.01788834292856145,59.805865633143206,0.020682936534785278,-1.721664961105775
2014-05-27,191.05999755859372,191.5800018310547,190.9499969482422,191.5200042724609,72010000,11.510000228881836,train,0.0061277492246281,0.02339402244036548,63.40141032065694,0.023935623817851515,-1.6266409874539058
2014-05-28,191.5200042724609,191.82000732421875,191.05999755859372,191.3800048828125,66723000,11.68000030517578,train,-0.000731258253014186,0.02209430897636455,62.67889183352067,0.026678475739286927,-1.5218753185319858
2014-05-29,191.82000732421875,192.3999938964844,191.3300018310547,192.3699951171875,64377000,11.56999969482422,train,0.005159569670869052,0.02686489978846973,65.65912885237235,0.031182595437529357,-1.566370494496821
2014-05-30,192.19000244140625,192.8000030517578,192.02999877929688,192.67999267578125,76316000,11.399999618530272,train,0.0016101682139850486,0.02785906193764398,66.55962015494808,0.03523554936269464,-1.6416862698430776
2014-06-02,192.9499969482422,192.9900054931641,191.97000122070312,192.8999938964844,64656000,11.579999923706056,train,0.001141144521181813,0.02846756853761856,67.21663212506425,0.03853104469452743,-1.5317022297930034
2014-06-03,192.42999267578125,192.8999938964844,192.25,192.8000030517578,65047000,11.869999885559082,train,-0.0005184902657910846,0.027211532393521365,66.57639305547735,0.04103641893181199,-1.3661498473089644
2014-06-04,192.47000122070312,193.3000030517578,192.2700042724609,193.19000244140625,55529000,12.079999923706056,train,0.002020775236730499,0.028438993983216365,67.86218341591628,0.04147121029597263,-1.2447170848073563
2014-06-05,193.41000366210935,194.6499938964844,192.6999969482422,194.4499969482422,92103000,11.68000030517578,train,0.006500871665655083,0.03425018043393524,71.65593117378042,0.044773061931432656,-1.4453713694053851
2014-06-06,194.8699951171875,195.42999267578125,194.77999877929688,195.3800048828125,78696000,10.729999542236328,train,0.004771360308708942,0.038047234559600795,74.08738492452281,0.04835967158873733,-1.9263183209252113
2014-06-09,195.3500061035156,196.0500030517578,195.1699981689453,195.5800018310547,65119000,11.149999618530272,train,0.0010231070301474096,0.0378966634279998,74.59215437141219,0.05117432651054244,-1.6877776445023511
2014-06-10,195.33999633789065,195.63999938964844,194.9199981689453,195.6000061035156,57129000,10.989999771118164,train,0.00010227655847740272,0.036890209658710704,74.64535581439307,0.054593576453083034,-1.7525704435385527
2014-06-11,194.8999938964844,195.1199951171875,194.47999572753903,194.9199981689453,68772000,11.600000381469728,train,-0.003482580223356543,0.032419618464033295,69.33090557394269,0.05633967951030909,-1.423588983050418
2014-06-12,194.69000244140625,194.8000030517578,193.1100006103516,193.5399932861328,106350000,12.5600004196167,train,-0.0071050338184486484,0.02453610696452091,59.99564201346132,0.05550034216730962,-0.9188368480431434
2014-06-13,193.9199981689453,194.32000732421875,193.3000030517578,194.1300048828125,82017000,12.18000030517578,train,0.003043888126587143,0.027088539668866707,62.3309744160481,0.051984794206164336,-1.1094497311386602
2014-06-16,193.88999938964844,194.6999969482422,193.66000366210935,194.2899932861328,87424000,12.649999618530272,train,0.0008237908095477173,0.027319723462815748,62.962363837176724,0.04874586702008852,-0.855979312018823
2014-06-17,194.0200042724609,194.97000122070312,193.80999755859372,194.8300018310547,84834000,12.0600004196167,train,0.002775539156899192,0.02925748451036836,65.08936383316367,0.04626194209784054,-1.157682989099404
2014-06-18,194.8300018310547,196.3699951171875,194.3999938964844,196.25999450683597,105267000,10.609999656677246,train,0.007312889933115438,0.03550776931908617,70.00219238095065,0.04137525634573294,-1.9012097476468908
2014-06-19,196.42999267578125,196.6000061035156,195.8000030517578,196.47999572753903,85929000,10.619999885559082,train,0.0011203404246317647,0.035425136970207216,70.68567842873347,0.038857345972570095,-1.8761445154079976
2014-06-20,196.02999877929688,196.1000061035156,195.6999969482422,195.94000244140625,100587000,10.850000381469728,train,-0.0027521208372955092,0.03161717938415709,66.67035215919549,0.035117646465237705,-1.7634155772907754
2014-06-23,195.9900054931641,196.0500030517578,195.5200042724609,195.8800048828125,70611000,10.979999542236328,train,-0.0003062506147779578,0.029921809749578365,66.2202509975931,0.03172113451406686,-1.689488669474
2014-06-24,195.52999877929688,196.5,194.47999572753903,194.6999969482422,96237000,12.130000114440918,train,-0.006042355057687075,0.022299449591419274,57.93585521007506,0.029090652383545187,-1.0772975880633964
2014-06-25,194.2899932861328,195.77999877929688,194.25,195.5800018310547,82782000,11.59000015258789,train,0.0045096155423069,0.025558750540172204,61.776348632066416,0.02585957189668638,-1.366928282038767
2014-06-26,195.6100006103516,195.6300048828125,194.1300048828125,195.44000244140625,84312000,11.630000114440918,train,-0.0007160728049762725,0.02361801862245705,60.82490698180431,0.02389414806085132,-1.3359489554585275
2014-06-27,194.97999572753903,195.8800048828125,194.88999938964844,195.82000732421875,71445100,11.260000228881836,train,0.0019424678874069455,0.024568329837555414,62.51259817251947,0.022278489774306694,-1.527389086568788
2014-06-30,195.6999969482422,196.1699981689453,195.52999877929688,195.72000122070312,70201200,11.56999969482422,train,-0.0005108346708272296,0.023046250128123003,61.758544924348335,0.02046901074126135,-1.3469159968974203
2014-07-01,196.1999969482422,197.6300048828125,196.1300048828125,197.02999877929688,90470000,11.149999618530272,train,0.006670922554447326,0.02881925512019823,67.31952664001382,0.019480747419337453,-1.5644378555224225
2014-07-02,197.0500030517578,197.47999572753903,196.9600067138672,197.22999572753903,52475000,10.81999969482422,train,0.0010145435407264334,0.028860015081380475,68.08262718002557,0.01889139368393174,-1.7295404124048441
2014-07-03,197.7899932861328,198.2899932861328,197.63999938964844,198.1999969482422,52938800,10.31999969482422,train,0.00490606774543851,0.03276177201177277,71.55219784161152,0.021914672325120708,-1.9813377525160523
2014-07-07,197.82000732421875,197.97999572753903,197.22000122070312,197.50999450683597,61696000,11.329999923706056,train,-0.0034874183398367854,0.02812920435174715,66.05177446042896,0.023403277152975126,-1.417236303468724
2014-07-08,197.1499938964844,197.22000122070312,195.75999450683597,196.2400054931641,108143000,11.979999542236328,train,-0.006450760216380564,0.020461252705882504,57.318066022991104,0.02349305729913923,-1.055640573748509
2014-07-09,196.72999572753903,197.3000030517578,196.30999755859372,197.1199951171875,72992000,11.649999618530272,train,0.0044742276320883885,0.023946782594086002,61.15120064500815,0.024221622400870654,-1.2254895376367705
2014-07-10,195.22000122070312,196.8600006103516,195.05999755859372,196.33999633789065,99040000,12.59000015258789,train,-0.003964823961894053,0.018985687348381575,56.32288217308151,0.023907154528595657,-0.7122951921591187
2014-07-11,196.22000122070312,196.75,195.77999877929688,196.6100006103516,64243000,12.079999923706056,train,0.0013742426112776122,0.01950865201882923,57.57172474233845,0.021298980661967917,-0.9821752459254092
2014-07-14,197.6100006103516,197.8600006103516,197.44000244140625,197.6000061035156,58658000,11.81999969482422,train,0.005022741978227095,0.0236581377117544,61.876033817694015,0.020276708770721363,-1.1154645616774082
2014-07-15,197.72000122070312,198.1000061035156,196.3600006103516,197.22999572753903,111307000,11.960000038146973,train,-0.001874277448919999,0.020771484904285042,59.44858235113893,0.018517533023293398,-1.0339428032070856
2014-07-16,198.1100006103516,198.25999450683597,197.4199981689453,197.9600067138672,79986400,11.0,train,0.0036944852458726377,0.023538946811046735,62.568648303935255,0.018251487850277952,-1.5356187645972854
2014-07-17,197.3500061035156,198.1000061035156,195.42999267578125,195.7100067138672,145398000,14.539999961853027,train,-0.011431017976897126,0.010971900569453519,49.84020346312896,0.018591547272130873,0.35670841049105245
2014-07-18,196.3500061035156,197.91000366210935,196.2400054931641,197.7100067138672,124330000,12.0600004196167,train,0.010167338522886066,0.020267074045197786,58.01607045388357,0.01932096728142071,-0.9644361170636538
2014-07-21,197.08999633789065,197.5,196.42999267578125,197.33999633789065,67592000,12.8100004196167,train,-0.0018732336732845268,0.017343379192454433,56.19126955441248,0.019353784594325994,-0.5647778038342937
2014-07-22,198.00999450683597,198.55999755859372,197.8699951171875,198.1999969482422,67678000,12.239999771118164,train,0.004348495626861311,0.020699269966561573,59.388580580430656,0.02015198168240956,-0.8690355711507275
2014-07-23,198.5,198.8500061035156,198.1000061035156,198.63999938964844,65612000,11.520000457763672,train,0.00221753162873713,0.02203360701068835,60.95854990827137,0.0193372050925655,-1.248287358439262
2014-07-24,198.8300018310547,199.05999755859372,198.4499969482422,198.6499938964844,56888000,11.84000015258789,train,5.0313408376554216e-05,0.021171871208959914,60.99543487580779,0.01957160742018057,-1.07276050609599
2014-07-25,198.08999633789065,198.25999450683597,197.3300018310547,197.72000122070312,76837000,12.6899995803833,train,-0.004692556922979354,0.01548705576331355,55.720231364773824,0.018085551553493614,-0.6199747904076152
2014-07-28,197.75999450683597,198.08999633789065,196.6199951171875,197.8000030517578,69259000,12.5600004196167,train,0.0004045400044576213,0.01481383267658587,56.07218589679906,0.01698948742430542,-0.6885930037016794
2014-07-29,198.1699981689453,198.4499969482422,196.9199981689453,196.9499969482422,80466000,13.279999732971191,train,-0.004306560695288627,0.00953093929079385,51.39772120536285,0.015386793843582009,-0.3056821773473753
2014-07-30,197.6499938964844,197.91000366210935,196.16000366210935,196.97999572753903,104222000,13.329999923706056,train,0.00015230512990941898,0.00883251188615053,51.551230039869104,0.01541254045617645,-0.27897437773495826
2014-07-31,195.6100006103516,195.77999877929688,192.97000122070312,193.08999633789065,183479000,16.950000762939453,train,-0.019945796563103385,-0.011650959141602302,35.77288769267395,0.024491383925420707,1.6288584590597845
2014-08-01,192.55999755859372,193.75999450683597,191.57000732421875,192.5,189261000,17.030000686645508,train,-0.0030602287607925994,-0.015010724131953035,34.06965290838792,0.03159978215867934,1.654276995117351
2014-08-04,192.8699951171875,194.3000030517578,192.0500030517578,193.88999938964844,91340000,15.119999885559082,train,0.007194831067147849,-0.008334716957351329,41.17568806356141,0.03414241070786713,0.6437908790318904
2014-08-05,193.1000061035156,193.6000061035156,191.30999755859372,192.00999450683597,152690000,16.8700008392334,train,-0.009743559398901355,-0.018116872688763275,35.588639719952425,0.040043374658506194,1.5510540842118965
2014-08-06,191.1100006103516,192.88999938964844,191.0800018310547,192.07000732421875,94818000,16.3700008392334,train,0.00031250165374449124,-0.017865230804542054,35.887695824236005,0.04451172968584835,1.277613462836692
2014-08-07,192.94000244140625,193.1300048828125,190.5500030517578,191.02999877929688,135733000,16.65999984741211,train,-0.005429449664381589,-0.023148266135694984,33.025998286641794,0.050246018783082,1.416935690206041
2014-08-08,191.4600067138672,193.3699951171875,190.9499969482422,193.2400054931641,117014000,15.770000457763672,train,0.01150249072739809,-0.011935083144796965,43.36149402595271,0.051634778142987225,0.9449572577303832
2014-08-11,193.97000122070312,194.66000366210935,193.7100067138672,193.8000030517578,74544000,14.229999542236328,train,0.0028937470907637024,-0.00918521581932863,45.650251755659845,0.0517171870781791,0.13987888387876404
2014-08-12,193.6100006103516,194.1499938964844,192.94000244140625,193.52999877929688,73632000,14.130000114440918,train,-0.001394182298915415,-0.01062936382109414,44.71208054835201,0.051995423608455237,0.08503101452080265
2014-08-13,194.2899932861328,195.05999755859372,193.9600067138672,194.83999633789065,69047000,12.899999618530272,train,0.006746157238177372,-0.004140064718166858,50.073218995359014,0.050715895854905504,-0.5588857378772221
2014-08-14,195.16000366210935,195.75999450683597,194.97999572753903,195.75999450683597,57371000,12.420000076293944,train,0.004710700930836769,0.00029940851508936106,53.48455951963258,0.05072452429522715,-0.8077639960282981
2014-08-15,196.47000122070312,196.6499938964844,194.30999755859372,195.72000122070312,139951000,13.149999618530272,train,-0.00020431841579870478,-3.473569310508129e-05,53.31402285224393,0.049519108095825146,-0.4233105315941002
2014-08-18,196.8000030517578,197.4499969482422,196.69000244140625,197.3600006103516,75424000,12.31999969482422,train,0.008344402655771391,0.00814031810532767,59.07643232663567,0.04953718619042862,-0.8512681716547751
2014-08-19,197.83999633789065,198.5399932861328,197.44000244140625,198.38999938964844,59135000,12.210000038146973,train,0.005205311964475505,0.013110844202296912,62.22959925181065,0.04978390862446097,-0.9018233341892056
2014-08-20,198.1199951171875,199.16000366210935,198.0800018310547,198.9199981689453,72763000,11.779999732971191,train,0.0026679373634005605,0.015473041063166493,63.77624135539797,0.050200637679727975,-1.1171374986511804
2014-08-21,199.08999633789065,199.75999450683597,198.92999267578125,199.5,67791000,11.760000228881836,train,0.002911511688360783,0.017957901626531214,65.4438816022799,0.05153673715960324,-1.1185583297241863
2014-08-22,199.33999633789065,199.69000244140625,198.7400054931641,199.19000244140625,76107000,11.470000267028809,train,-0.0015550809860649785,0.015790431662245252,63.7544790346515,0.053376392914605816,-1.2589923575299309
2014-08-25,200.13999938964844,200.58999633789065,199.1499938964844,200.1999969482422,63855000,11.699999809265137,train,0.005057696293721403,0.02030934056833522,66.76476831348096,0.0566443360660204,-1.1321963214123671
2014-08-26,200.3300018310547,200.82000732421875,200.27999877929688,200.3300018310547,47298000,11.630000114440918,train,0.0006491642961786279,0.020343727267588152,67.14304238056492,0.06035013606880715,-1.1591254905410782
2014-08-27,200.42999267578125,200.57000732421875,199.94000244140625,200.25,47874000,11.779999732971191,train,-0.0003994299852845429,0.019373441283628168,66.64038702377516,0.06351419436518953,-1.073834102152053
2014-08-28,199.58999633789065,200.2700042724609,199.38999938964844,200.13999938964844,58330000,12.050000190734863,train,-0.0005494673357816639,0.01841118626146865,65.90975476032003,0.06490328046548181,-0.9269684339729262
2014-08-29,200.4499969482422,200.72999572753903,199.82000732421875,200.7100067138672,65907000,12.09000015258789,train,0.002843995009300593,0.020872192178511773,67.87524624791638,0.06546294929984847,-0.8993501440433859
2014-09-02,200.97000122070312,201.0,199.8600006103516,200.6100006103516,72426000,12.25,train,-0.000498385845512215,0.01987902630457339,67.14380783799665,0.06648321013596406,-0.8097736214142848
2014-09-03,201.3800048828125,201.41000366210935,200.22000122070312,200.5,57462000,12.359999656677246,train,-0.0005484810298513931,0.018841193845909432,66.29752230963456,0.06410042965754285,-0.745940245917793
2014-09-04,200.83999633789065,201.5800018310547,199.66000366210935,200.2100067138672,85236000,12.640000343322754,train,-0.0014473975288912405,0.016798203083668417,64.00709457912683,0.06030071402713759,-0.5936259830073597
2014-09-05,200.1699981689453,201.19000244140625,199.41000366210935,201.1100006103516,102177000,12.09000015258789,train,0.004485175863692967,0.02079558416672156,67.73286434488062,0.053295779694434955,-0.8749857786487322
2014-09-08,200.9199981689453,201.2100067138672,200.0,200.58999633789065,64146000,12.65999984741211,train,-0.0025890195015090887,0.01762412120669965,63.63420554286048,0.048860191136467966,-0.5702215562162195
2014-09-09,200.41000366210935,200.5500030517578,198.91000366210935,199.32000732421875,88591000,13.5,train,-0.006351395420683104,0.010822306160290562,54.897067351766445,0.043566693418133316,-0.12442692951849532
2014-09-10,199.42999267578125,200.1999969482422,198.7700042724609,200.07000732421875,67251000,12.880000114440918,train,0.0037557317613714147,0.014178357598440439,58.51925625504787,0.03613394609638491,-0.44752119223644793
2014-09-11,199.2700042724609,200.3300018310547,199.1199951171875,200.3000030517578,66774400,12.800000190734863,train,0.0011489159871027328,0.015007736857969523,59.59099194345425,0.030286375405001384,-0.48729621824956665
2014-09-12,200.1000061035156,200.1199951171875,198.55999755859372,199.1300048828125,117409300,13.3100004196167,train,-0.005858355616396487,0.00888456992396014,52.20210128247465,0.025135929691348778,-0.21677945171950525
2014-09-15,199.16000366210935,199.32000732421875,198.3800048828125,198.97999572753903,76401000,14.119999885559082,train,-0.0007536066019087792,0.008044881742197196,51.32341979054262,0.017958995069888534,0.20976360256724905
2014-09-16,198.6100006103516,200.83999633789065,198.5,200.47999572753903,116201000,12.729999542236328,train,0.007510174147197439,0.015338434009336543,58.792657456332655,0.01426835904379748,-0.5184684692060316
2014-09-17,200.7700042724609,201.67999267578125,199.75,200.75,151266000,12.649999618530272,train,0.0013458829902712553,0.016241640508388056,59.982980973207745,0.012738176501594742,-0.5565096334366705
2014-09-18,201.3600006103516,201.8500061035156,201.1000061035156,201.82000732421875,94990000,12.029999732971191,train,0.005315894500358037,0.021172332949507044,64.37483672052181,0.013747650565080283,-0.8781572089215843
2014-09-19,201.5200042724609,201.8999938964844,200.2899932861328,200.6999969482422,121649000,12.109999656677246,train,-0.005565006730506278,0.015057425552799764,57.2874983170352,0.01349839047019187,-0.8329165966763505
2014-09-22,200.3500061035156,200.3800048828125,198.72999572753903,199.1499938964844,125553000,13.6899995803833,train,-0.007752961616901291,0.006959439628893671,49.21257655410067,0.01356331348128264,-0.00497806118859692
2014-09-23,198.42999267578125,199.25999450683597,197.9499969482422,198.00999450683597,111393000,14.93000030517578,train,-0.005740772251970257,0.0011537678119764028,44.270088740463585,0.016764579855937867,0.6441555433434666
2014-09-24,198.0399932861328,199.69000244140625,197.5200042724609,199.55999755859372,107276000,13.270000457763672,train,0.007797424031039271,0.008753026803474118,51.41482056911159,0.016944607764139093,-0.22487774927315093
2014-09-25,199.0399932861328,199.0500030517578,196.2700042724609,196.33999633789065,150300000,15.640000343322754,train,-0.016267099146391423,-0.007361138358183306,39.955019178001926,0.023620991592922067,1.012822162868056
2014-09-26,196.6999969482422,198.38999938964844,196.4199981689453,197.8999938964844,103547000,14.850000381469728,train,0.007913990154607694,0.00030425673629030925,46.210217974365825,0.02519327855589207,0.5972513972736166
2014-09-29,196.1999969482422,197.88999938964844,196.0500030517578,197.5399932861328,95112000,15.979999542236328,train,-0.0018207602745067522,-0.0014982392051966498,45.04403762150051,0.026702812099655495,1.1859735139992178
2014-09-30,197.69000244140625,198.3000030517578,196.6100006103516,197.0200042724609,131302000,16.309999465942383,train,-0.0026357933796498268,-0.004094401372960688,43.342591533559904,0.028677723454666196,1.3601890799601868
2014-10-01,196.6999969482422,196.7700042724609,193.91000366210935,194.3500061035156,177798000,16.709999084472656,train,-0.013644579409955858,-0.01720830418003627,35.85371713423706,0.035987414589091035,1.5621792617827772
2014-10-02,194.17999267578125,195.05999755859372,192.3500061035156,194.3800048828125,157285000,16.15999984741211,train,0.00015434249226268406,-0.01663293214769168,35.98754404857392,0.04130257876506414,1.277937526411743
2014-10-03,195.67999267578125,196.94000244140625,195.0800018310547,196.5200042724609,121569000,14.550000190734863,train,0.010949197845781267,-0.005592383571322412,44.82994381739818,0.04122689593827115,0.4475239274805301
2014-10-06,197.33999633789065,197.6000061035156,195.5800018310547,196.2899932861328,104778000,15.460000038146973,train,-0.001171105695098277,-0.0066124961170693775,44.124431831901916,0.04147850952063883,0.9323347369011642
2014-10-07,195.27999877929688,195.72000122070312,193.22000122070312,193.25999450683597,147913000,17.200000762939453,train,-0.015556719198476555,-0.02149711735945603,36.071121975679546,0.047085281705076996,1.8772424661173261
2014-10-08,193.3699951171875,196.9199981689453,192.3600006103516,196.63999938964844,186461000,15.109999656677246,train,0.017338238566357994,-0.004352416537928394,47.5673777697391,0.04665829160183692,0.7910461177097244
2014-10-09,196.3300018310547,196.6000061035156,192.5800018310547,192.7400054931641,210705000,18.76000022888184,train,-0.02003248379029593,-0.023680061546032083,38.87953943913228,0.05071219710579375,2.806749178359012
2014-10-10,192.69000244140625,193.6499938964844,190.4900054931641,190.5399932861328,221909000,21.239999771118164,train,-0.01148004788089135,-0.03457476376623825,34.99649052340625,0.058965782444821334,4.0433110520495665
2014-10-13,190.4600067138672,191.1499938964844,187.3000030517578,187.41000366210935,230939000,24.63999938964844,train,-0.016563361328416657,-0.049943711682251646,30.351967788400913,0.0724773745009234,5.493500756349133
2014-10-14,188.4199981689453,189.82000732421875,187.0399932861328,187.6999969482422,215847000,22.790000915527344,train,0.0015461776195465876,-0.04787607435541896,31.26217880754183,0.08023769534818243,4.3843167647632075
2014-10-15,185.16000366210935,187.69000244140625,181.9199981689453,186.42999267578125,380715000,25.270000457763672,train,-0.006789133113090686,-0.053782623051254363,29.44717005151712,0.08762209299037085,5.311310875624231
2014-10-16,183.05999755859372,187.5800018310547,182.88999938964844,186.2700042724609,270391000,25.200000762939453,train,-0.0008585372388380416,-0.05403769885645726,29.217045064116164,0.09084761617937956,4.9935423473988205
2014-10-17,188.4199981689453,189.75,187.6199951171875,188.47000122070312,214625000,21.989999771118164,train,0.01174159252361062,-0.04261619614136036,36.55895115751125,0.0898296567927009,3.4840647431741045
2014-10-20,188.1300048828125,190.4499969482422,188.07000732421875,190.3000030517578,130011000,18.56999969482422,train,0.00966294083322011,-0.033031387732733286,41.95253602131459,0.08764798490551301,1.9962986046697653
2014-10-21,191.67999267578125,194.1999969482422,191.47999572753903,194.07000732421875,154949000,16.079999923706055,train,0.019617166125424336,-0.013901978272856996,51.163885626051,0.08504405463309911,0.9331327568975603
2014-10-22,194.41000366210935,194.91000366210935,192.6100006103516,192.69000244140625,151822000,17.8700008392334,train,-0.007136263856155378,-0.020830399686944334,48.15174326515256,0.07961762114356424,1.6747624752914942
2014-10-23,194.6199951171875,196.1999969482422,194.25999450683597,194.92999267578125,154944000,16.530000686645508,train,0.011557789576533795,-0.009456770811046789,52.9896313393881,0.07856185448695945,1.1022633301919247
2014-10-24,195.25,196.4900054931641,194.4900054931641,196.42999267578125,117927000,16.110000610351562,train,0.007665614275054814,-0.0019024338306784516,55.953525097584844,0.07678623196629734,0.9194350693272166
2014-10-27,195.72999572753903,196.4499969482422,195.02999877929688,196.16000366210935,82954000,16.040000915527344,train,-0.0013754250426858592,-0.003318864846919678,55.27797030393505,0.0751750969297248,0.8839695155260979
2014-10-28,196.82000732421875,198.4199981689453,196.72999572753903,198.41000366210935,106736000,14.390000343322754,train,0.011404943846823197,0.008005740500162117,59.65013327079758,0.07713424972816577,0.19042161712620934
2014-10-29,198.5500030517578,199.1199951171875,196.8000030517578,198.1100006103516,142557000,15.149999618530272,train,-0.0015131801965534556,0.006510235050328328,58.82436175671208,0.08058392383764106,0.5059673661697762
2014-10-30,197.5800018310547,199.9499969482422,197.3999938964844,199.3800048828125,113330000,14.520000457763672,train,0.00639014101743165,0.012915225561655364,61.26877117218707,0.08547756140992965,0.2404651949865048
2014-10-31,201.77999877929688,201.82000732421875,200.7700042724609,201.66000366210935,146903000,14.029999732971191,train,0.011370553040350334,0.024273562644486546,65.25646435634351,0.09256141935544772,0.03465649070000784
2014-11-03,201.9199981689453,202.4499969482422,201.30999755859372,201.7700042724609,93600000,14.729999542236328,train,0.0005453268766036159,0.024563753587439674,65.44133272533054,0.09914009735424116,0.3255776577127645
2014-11-04,201.22999572753903,201.6000061035156,200.05999755859372,201.07000732421875,93343000,14.890000343322754,train,-0.0034753134377243644,0.020919049002788626,63.13897981971318,0.10432960805437168,0.3893915437688051
2014-11-05,202.5399932861328,202.58999633789065,201.4499969482422,202.33999633789065,91709000,14.170000076293944,train,0.0062962901151845125,0.02715767496967003,65.50982735911356,0.11013513438435392,0.08617315737895108
2014-11-06,202.38999938964844,203.25999450683597,201.63999938964844,203.1499938964844,107089000,13.670000076293944,train,0.003995159710403093,0.030965994646732886,66.9690635490618,0.11632028917218569,-0.12512945906715078
2014-11-07,203.1699981689453,203.6000061035156,202.6100006103516,203.33999633789065,89540000,13.119999885559082,train,0.0009348444478750926,0.03159518289826835,67.31836003766824,0.11992744739304073,-0.3543815266529105
2014-11-10,203.3800048828125,204.0399932861328,203.1300048828125,203.97999572753903,66319000,12.670000076293944,train,0.0031424920396507195,0.03449882555885542,68.52571311721962,0.11877529208431382,-0.5425667899737083
2014-11-11,204.05999755859372,204.30999755859372,203.6499938964844,204.17999267578125,54499400,12.920000076293944,train,0.0009799929926045494,0.03513829088594145,68.91221246064512,0.1159474878837546,-0.4385662432972558
2014-11-12,203.3500061035156,204.2400054931641,203.30999755859372,203.9600067138672,90120300,13.020000457763672,train,-0.001077992764964315,0.03366038529724902,67.92417476395335,0.10774241966642002,-0.39702382906194317
2014-11-13,204.16000366210935,204.8300018310547,203.2100067138672,204.19000244140625,85357900,13.789999961853027,train,0.0011270157869625015,0.034408703916828376,68.43375171205837,0.09564658208772601,-0.07626119607809131
2014-11-14,204.1000061035156,204.4900054931641,203.72000122070312,204.2400054931641,80417500,13.3100004196167,train,0.00024485493737608845,0.03433400015791044,68.55072964273366,0.0848421877203627,-0.27948816637154034
2014-11-17,203.8500061035156,204.5800018310547,203.6499938964844,204.3699951171875,80441000,13.989999771118164,train,0.0006362527995614813,0.03459620045986922,68.87365779992365,0.07493398674236909,0.0031201095902330888
2014-11-18,204.44000244140625,205.9199981689453,204.44000244140625,205.5500030517578,76068100,13.859999656677246,train,0.005757275562255267,0.03991388813524965,71.7131510162877,0.07193445059268916,-0.052824490801693796
2014-11-19,205.30999755859372,205.5500030517578,204.3000030517578,205.22000122070312,82373000,13.960000038146973,train,-0.0016067478083489474,0.03770360861508637,69.79555715137673,0.06310042141349176,-0.011717944973111415
2014-11-20,204.25999450683597,205.7100067138672,204.17999267578125,205.5800018310547,72840300,13.579999923706056,train,0.0017526811092214323,0.038969187769561264,70.71551306714389,0.057268660590541705,-0.17187411930418559
2014-11-21,207.63999938964844,207.83999633789065,205.97999572753903,206.67999267578125,142327300,12.899999618530272,train,0.005336406489951131,0.04373186729924883,73.3831312402085,0.05405040247836879,-0.4584244607172801
2014-11-24,207.1699981689453,207.38999938964844,206.91000366210935,207.25999450683597,65880800,12.619999885559082,train,0.0028023492708351004,0.04578630238094772,74.69220848399905,0.048730230152140945,-0.5770635575488947
2014-11-25,207.5399932861328,207.7899932861328,206.8000030517578,207.1100006103516,79108300,12.25,train,-0.0007239612172844485,0.04433073767890705,73.68294584501783,0.04622177847948412,-0.7314944330516839
2014-11-26,207.2899932861328,207.75999450683597,207.02999877929688,207.63999938964844,62167800,12.06999969482422,train,0.0025557519845063425,0.04627620482521744,74.96994050073171,0.04187077919403531,-0.805335506814369
2014-11-28,207.4900054931641,207.8699951171875,206.91000366210935,207.1999969482422,57890100,13.329999923706056,train,-0.0021213123627911875,0.04349331315269023,71.8293846891549,0.03789046136041799,-0.2763358471933518
2014-12-01,206.3999938964844,206.5399932861328,205.3800048828125,205.75999450683597,103968400,14.15999984741211,train,-0.006974081304460861,0.035713362388871905,62.58862667763065,0.03590673560672224,0.07185892667536188
2014-12-02,205.80999755859372,207.33999633789065,205.77999877929688,207.08999633789065,74507200,12.850000381469728,train,0.0064430493475267124,0.04157549007090555,66.83275532543298,0.03461712404759364,-0.4764126003276925
2014-12-03,207.3000030517578,208.1499938964844,207.1000061035156,207.88999938964844,68952000,12.5,train,0.0038556270232549296,0.04456103652263543,69.10325627396243,0.03188777073914856,-0.619680813380853
2014-12-04,207.5399932861328,208.2700042724609,206.6999969482422,207.66000366210935,91316600,12.380000114440918,train,-0.001106946212658306,0.04255677942264269,67.66903847840283,0.030325927245241507,-0.6657470008944101
2014-12-05,207.8699951171875,208.47000122070312,207.5500030517578,208.0,91025500,11.890000343322754,train,0.0016359351908886233,0.04304255653799127,68.70312464538131,0.029837124058814578,-0.8651681787027736
2014-12-08,207.5200042724609,208.1199951171875,205.92999267578125,206.6100006103516,108588200,14.210000038146973,train,-0.006705118522477226,0.03516795738757095,60.222600986170676,0.027776035542427115,0.10679078885338816
2014-12-09,204.3699951171875,206.6000061035156,203.91000366210935,206.47000122070312,125180100,15.350000381469728,train,-0.0006778318697985147,0.03354167953385345,59.426944155691814,0.026292156414057005,0.5812872074604496
2014-12-10,205.91000366210935,205.97999572753903,202.92999267578125,203.16000366210935,159856400,18.530000686645508,train,-0.016161265350258053,0.016347829728737606,44.46802171499351,0.028022942439834983,1.8923617571128144
2014-12-11,203.8800048828125,206.19000244140625,203.7100067138672,204.19000244140625,159012800,20.07999992370605,train,0.00505708093270082,0.020495891846590286,48.78800738281186,0.027708474092819627,2.499565251198943
2014-12-12,202.63999938964844,203.82000732421875,200.8500061035156,200.88999938964844,202330200,21.07999992370605,train,-0.01629345335566466,0.0033503258484672838,38.46385727796846,0.03465777855167166,2.8563411438332307
2014-12-15,201.97999572753903,202.52999877929688,198.77999877929688,199.50999450683597,189965800,20.420000076293945,train,-0.0068931586821275375,-0.0038396693031182982,35.11719412149441,0.043678820046683275,2.5506170697706363
2014-12-16,198.5800018310547,202.3999938964844,197.8600006103516,197.91000366210935,259543800,23.56999969482422,train,-0.008051932446891145,-0.011988315098899527,31.675986506568876,0.05467911152593789,3.697734115490054
2014-12-17,198.44000244140625,202.33999633789065,198.2899932861328,201.7899932861328,253910100,19.440000534057617,train,0.01941511899943505,0.0065242439243069494,45.59804167377195,0.056785936720828566,2.070208846608972
2014-12-18,204.7400054931641,212.97000122070312,203.9199981689453,206.77999877929688,257633900,16.809999465942383,train,0.024427900848919635,0.030372001170698715,57.57199873841189,0.057169941090178866,1.0470194348234623
2014-12-19,206.42999267578125,207.3300018310547,205.6100006103516,206.5200042724609,245084600,16.489999771118164,train,-0.0012581395558285088,0.027665174324226216,56.86965200669211,0.057395920974135935,0.9185029774198539
2014-12-22,206.75,207.47000122070312,206.4600067138672,207.47000122070312,148318900,15.25,train,0.004589476089477543,0.030655896371116542,58.8452689744987,0.05783995904849392,0.43878707532307326
2014-12-23,208.1699981689453,208.22999572753903,207.3999938964844,207.75,122167900,14.800000190734863,train,0.0013486769467520566,0.029965425576760962,59.43504805262397,0.05817711789258918,0.2629889254072609
2014-12-24,208.0200042724609,208.33999633789065,207.72000122070312,207.7700042724609,42963400,14.369999885559082,train,9.628548455284291e-05,0.028018815064044356,59.47972600640232,0.05860791594423065,0.09467519130205593
2014-12-26,208.30999755859372,208.8500061035156,208.25,208.44000244140625,57326700,14.5,train,0.003219522533656475,0.029092460470237835,61.02794075679247,0.059269858070291774,0.1415611329988732
2014-12-29,208.22000122070312,208.97000122070312,208.13999938964844,208.72000122070312,79643900,15.0600004196167,train,0.0013424049232263024,0.02819557918312121,61.68677288126672,0.060440513141070254,0.3536873673175192
2014-12-30,208.2100067138672,208.3699951171875,207.50999450683597,207.6000061035156,73540800,15.920000076293944,train,-0.005380465984895784,0.020754383954626476,57.49950996233759,0.061052713909148466,0.6812637086184208
2014-12-31,207.9900054931641,208.19000244140625,205.38999938964844,205.5399932861328,130333800,19.200000762939453,train,-0.009972551159699257,0.00911311177845131,50.68470293835853,0.060717718861284166,1.9229078809090858
2015-01-02,206.3800048828125,206.8800048828125,204.17999267578125,205.42999267578125,121465900,17.790000915527344,train,-0.0005353218810906789,0.007449293670967139,50.34159854695134,0.059835072432764785,1.3728395205105504
2015-01-05,204.1699981689453,204.3699951171875,201.3500061035156,201.72000122070312,169632600,19.920000076293945,train,-0.018224704391309896,-0.01162026518417647,40.40666666147281,0.06099038027488041,2.155307743264527
2015-01-06,202.08999633789065,202.72000122070312,198.8600006103516,199.82000732421875,209151400,21.1200008392334,train,-0.009463605301043171,-0.021398724417980963,36.44037448610027,0.0636138788729737,2.5632444602841136
2015-01-07,201.4199981689453,202.72000122070312,200.8800048828125,202.30999755859372,125346700,19.309999465942383,train,0.01238416446271799,-0.009774518554349187,44.17423731077291,0.0638575010203752,1.8669816037887415
2015-01-08,204.00999450683597,206.16000366210935,203.9900054931641,205.8999938964844,147217800,17.010000228881836,train,0.01758942196896464,0.006837074149114386,53.04529316142059,0.06357371407864901,1.0076992094846806
2015-01-09,206.3999938964844,206.4199981689453,203.50999450683597,204.25,158567300,17.549999237060547,train,-0.008045850650524707,-0.001801399549109961,49.17736071150077,0.06329933009770854,1.1977250879929702
2015-01-12,204.41000366210935,204.6000061035156,201.9199981689453,202.6499938964844,144396100,19.600000381469727,train,-0.007864410784302911,-0.010060142942035832,45.69759982507928,0.06381331475787803,1.930987611099559
2015-01-13,204.1199951171875,205.47999572753903,200.50999450683597,202.0800018310547,214553300,20.559999465942383,train,-0.002816655292589779,-0.013104870458429785,44.48985000648313,0.06272116877295632,2.2499700922776054
2015-01-14,199.6499938964844,201.1000061035156,198.57000732421875,200.8600006103516,192991100,21.479999542236328,train,-0.006055516659335006,-0.018986316771127165,41.935160973446195,0.06088500568508482,2.54030228163596
2015-01-15,201.6300048828125,202.00999450683597,198.8800048828125,199.0200042724609,176613900,22.38999938964844,train,-0.009202807349373383,-0.02771180237209714,38.357729141895376,0.05869437591582288,2.8103322829178783
2015-01-16,198.7700042724609,201.82000732421875,198.5500030517578,201.6300048828125,211879600,20.950000762939453,train,0.013029015212169304,-0.015014854024594348,45.4646212135533,0.05884788206188398,2.2680667624062614
2015-01-20,202.3999938964844,202.72000122070312,200.1699981689453,202.05999755859372,130991100,19.88999938964844,train,0.0021303120503250923,-0.012887287710022677,46.557798411021366,0.05903080607206192,1.8752382867591901
2015-01-21,201.5,203.66000366210935,200.94000244140625,203.0800018310547,122942700,18.850000381469727,train,0.005035328178608878,-0.007897531773910949,49.161154218469676,0.05850918444278452,1.4992792447416219
2015-01-22,203.9900054931641,206.25999450683597,202.3300018310547,206.1000061035156,174356000,16.399999618530273,train,0.014761518415139322,0.006584587667801012,55.996039142962346,0.057342035236449554,0.6449906926799567
2015-01-23,205.7899932861328,206.1000061035156,204.80999755859372,204.97000122070312,117516800,16.65999984741211,train,-0.005497884589195829,0.0009688901392894689,53.118389793868104,0.055204213463748555,0.7304575549857634
2015-01-26,204.7100067138672,205.55999755859372,203.8500061035156,205.4499969482422,92009700,15.520000457763672,train,0.002339047553843913,0.003188507770048643,54.19518577320922,0.05303298115999182,0.34026975159835
2015-01-27,202.97000122070312,204.1199951171875,201.7400054931641,202.7400054931641,134044600,17.219999313354492,train,-0.013278283426524195,-0.009926106341975438,47.55416687331099,0.04912358354624687,0.9311520070618325
2015-01-28,204.1699981689453,204.2899932861328,199.91000366210935,200.13999938964844,168514300,20.440000534057617,train,-0.012907278436190366,-0.02223638217766788,42.209994781920486,0.04554977602851209,2.027241994704037
2015-01-29,200.3800048828125,202.3000030517578,198.67999267578125,201.9900054931641,173585400,18.76000022888184,train,0.009201099807839798,-0.012981376397074862,46.79196784476941,0.04117095615697593,1.442973254999972
2015-01-30,200.57000732421875,202.1699981689453,199.1300048828125,199.4499969482422,197729700,20.96999931335449,train,-0.012654655369977674,-0.024924214063846484,41.882047942105466,0.04191744088177083,2.1807418755897476
2015-02-02,200.0500030517578,202.02999877929688,197.8600006103516,201.9199981689453,163107000,19.43000030517578,train,0.012308007234080716,-0.01249832159409614,47.63619513236745,0.03997914112137564,1.6505939766673219
2015-02-03,203.0,204.8500061035156,202.5500030517578,204.83999633789065,124212900,17.329999923706055,train,0.014357598431818042,0.0018193382836584338,53.49777266722283,0.041141118191231174,0.949837605611504
2015-02-04,203.9199981689453,205.3800048828125,203.50999450683597,204.05999755859372,134306700,18.32999992370605,train,-0.003815112433447802,-0.0018470292855621295,51.82879525346054,0.03960779434615388,1.2964822063676809
2015-02-05,204.8600006103516,206.3000030517578,204.7700042724609,206.1199951171875,97953200,16.850000381469727,train,0.010044443487849442,0.008284621150661753,55.75469676558778,0.042009858310632586,0.7958670442913338
2015-02-06,206.55999755859372,207.2400054931641,204.9199981689453,205.5500030517578,125672000,17.290000915527344,train,-0.002769171580171533,0.005664614596259554,54.43279460633525,0.04156315441162275,0.9479854014208501
2015-02-09,204.7700042724609,205.63999938964844,204.13999938964844,204.6300048828125,87219000,18.549999237060547,train,-0.004485833994275648,0.0014064849180683847,52.278315553826324,0.04182167744977918,1.3745089265826198
2015-02-10,205.8800048828125,207.1199951171875,204.67999267578125,206.80999755859372,96164200,17.229999542236328,train,0.010596991363113711,0.012157030905594723,56.656173343467216,0.044866133603871365,0.9152646293836947
2015-02-11,206.6100006103516,207.4499969482422,205.8300018310547,206.92999267578125,91087800,16.959999084472656,train,0.0005800508695522123,0.01277107007569045,56.89060219742701,0.04727427104184359,0.8178776899856961
2015-02-12,207.88999938964844,208.9900054931641,206.97000122070312,208.9199981689453,97545900,15.34000015258789,train,0.009570858374647587,0.022194509149127573,60.687985985612016,0.05119160039591734,0.259480911547644
2015-02-13,209.07000732421875,209.83999633789065,208.75999450683597,209.77999877929688,93670400,14.6899995803833,train,0.004107961910773728,0.026132172746542892,62.2361534203478,0.052295317092916335,0.03529091355383217
2015-02-17,209.3999938964844,210.32000732421875,209.1000061035156,210.1100006103516,76968200,15.800000190734863,train,0.0015718492913825036,0.027523207347940337,62.84088174060072,0.05607076105410853,0.41379418344734203
2015-02-18,209.66000366210935,210.22000122070312,209.33999633789065,210.1300048828125,80652900,15.449999809265137,train,9.520403681000614e-05,0.027372837287176655,62.87968666229685,0.058925653878314506,0.2913177572968206
2015-02-19,209.41000366210935,210.4199981689453,209.2400054931641,209.97999572753903,91462500,15.289999961853027,train,-0.0007141423028773803,0.026440676659399642,62.353833778510165,0.061373861651533176,0.23662723708328104
2015-02-20,209.47999572753903,211.3300018310547,208.72999572753903,211.2400054931641,140896400,14.300000190734863,train,0.005982686103301792,0.032132755064278706,65.00139184268937,0.06589370482346105,-0.10301407886290914
2015-02-23,210.94000244140625,211.2100067138672,210.47999572753903,211.2100067138672,74411100,14.5600004196167,train,-0.00014202285941762908,0.03150838469557682,64.88439359876452,0.06952157512463794,-0.013476835676710219
2015-02-24,211.1199951171875,212.0500030517578,210.75999450683597,211.80999755859372,72472300,13.6899995803833,train,0.0028367038958202547,0.03356536581115699,66.1949740476957,0.07338000637814374,-0.3117479633047849
2015-02-25,211.66000366210935,212.2400054931641,211.22000122070312,211.6300048828125,73061700,13.84000015258789,train,-0.0008501449347450057,0.031937772058258984,65.40633510132994,0.07444853920008454,-0.2604437431258947
2015-02-26,211.5200042724609,211.7100067138672,210.6499938964844,211.3800048828125,72697900,13.90999984741211,train,-0.001182005263873215,0.029665373708332332,64.2611607069868,0.07024458895926096,-0.23576116170415606
2015-02-27,211.25999450683597,211.5800018310547,210.6000061035156,210.66000366210935,108076000,13.34000015258789,train,-0.003412007888514785,0.025044659761666033,60.951278481134054,0.06701589054872846,-0.4305756763653979
2015-03-02,210.77999877929688,212.05999755859372,210.72000122070312,211.9900054931641,87491400,13.039999961853027,train,0.006293652868158251,0.03010479843717806,64.5804743303407,0.0577281440351331,-0.5320837274291853
2015-03-03,211.47000122070312,212.0500030517578,210.0800018310547,211.1199951171875,110325800,13.859999656677246,train,-0.004112460593604151,0.024947881368082347,60.61203857663793,0.050772047510510926,-0.24765551644728886
2015-03-04,210.3999938964844,210.4900054931641,209.05999755859372,210.22999572753903,114497200,14.229999542236328,train,-0.004224519912690055,0.020285324726198706,56.76896201307525,0.04761098602175834,-0.12072960272585427
2015-03-05,210.6199951171875,210.8000030517578,209.8500061035156,210.4600067138672,76873000,14.039999961853027,train,0.0010934940593432493,0.021011144249518665,57.518618549033945,0.042032336336188574,-0.18621443333131713
2015-03-06,209.4199981689453,209.94000244140625,207.1000061035156,207.5,188128000,15.199999809265137,train,-0.014164303542830515,0.006648242036116914,46.37390033547404,0.040334759681601814,0.2109465689041767
2015-03-09,207.7400054931641,208.7899932861328,207.5500030517578,208.3600006103516,89818900,15.0600004196167,train,0.004136016135550534,0.010760554470091055,49.43914936687359,0.03669959680789098,0.16155705777701512
2015-03-10,206.7100067138672,206.80999755859372,204.92999267578125,204.97999572753903,157121300,16.690000534057617,train,-0.016354963246193316,-0.005366714074253154,39.80826704173261,0.03582828219627748,0.7174138181191144
2015-03-11,205.2899932861328,205.5,204.3999938964844,204.5,110145700,16.8700008392334,train,-0.0023444170772536858,-0.007316250670174496,38.65660893783953,0.040318123922508727,0.7754466914267155
2015-03-12,205.25999450683597,207.17999267578125,205.1999969482422,207.1000061035156,93993500,15.420000076293944,train,0.012633822390026738,0.0054628317940312865,47.51416807254475,0.040113721980375966,0.27707210532130183
2015-03-13,206.7700042724609,207.92999267578125,204.5800018310547,205.8300018310547,162410900,16.0,train,-0.006151203606017846,-0.0005312169422658775,44.15995677175058,0.043122573639436654,0.4762313452288401
2015-03-16,206.7100067138672,208.69000244140625,205.8600006103516,208.5800018310547,136099200,15.609999656677246,train,0.01327207520486987,0.012523295240968846,52.05294446117572,0.043281814134906386,0.34630318642893526
2015-03-17,207.69000244140625,208.4199981689453,206.97999572753903,207.9600067138672,94510400,15.65999984741211,train,-0.0029768836718046376,0.009265704988179468,50.325807837828634,0.04362125447064704,0.3634492173687163
2015-03-18,207.38999938964844,211.2700042724609,206.6199951171875,210.4600067138672,228808500,13.970000267028809,train,0.011949857413652766,0.020532881487345778,56.58171732859961,0.043749402478946715,-0.2163510730821959
2015-03-19,209.9600067138672,210.47000122070312,209.02999877929688,209.5,117917300,14.06999969482422,train,-0.004571903851391089,0.014924964558808096,53.78076593792446,0.043673627157182385,-0.18056966210236763
2015-03-20,209.7100067138672,211.0200042724609,209.4900054931641,210.41000366210935,177715100,13.020000457763672,train,0.0043342862936637215,0.018534129820848122,56.00405363231899,0.04315128090290106,-0.5388891111799311
2015-03-23,210.4199981689453,211.1100006103516,210.0,210.0,71784500,13.40999984741211,train,-0.0019504949383874703,0.016146072427339453,54.726727841272876,0.042465585753998246,-0.402721094705212
2015-03-24,209.8500061035156,210.3999938964844,208.7400054931641,208.82000732421875,77805300,13.619999885559082,train,-0.005634858781188561,0.00998965042433908,51.11350971301035,0.040965987003477214,-0.3285951066866632
2015-03-25,209.07000732421875,209.3500061035156,205.7100067138672,205.75999450683597,159521700,15.4399995803833,train,-0.01476225758397397,-0.0051098684186275944,43.15619611807133,0.041627741437580995,0.29397820766702965
2015-03-26,204.9600067138672,206.3699951171875,204.1199951171875,205.2700042724609,153067200,15.800000190734863,train,-0.0023842078093595535,-0.007785151988706884,42.02791459961994,0.042496317643156624,0.4161842905477163
2015-03-27,205.1300048828125,205.9499969482422,204.8999938964844,205.7400054931641,118939000,15.06999969482422,train,0.002287055859480638,-0.0059822522035679615,43.552375299016475,0.04286853667081084,0.16516611437980855
2015-03-30,206.97999572753903,208.6100006103516,206.9600067138672,208.25,96180400,14.510000228881836,train,0.012126018644524963,0.0052480405997683555,50.96781673687123,0.03957995814509507,-0.027044614164470487
2015-03-31,207.25999450683597,208.1000061035156,206.3600006103516,206.42999267578125,126768700,15.289999961853027,train,-0.008777944644853434,-0.0039989051597222325,46.22582238716334,0.03771309989913592,0.238571356713782
2015-04-01,206.38999938964844,206.4199981689453,204.50999450683597,205.6999969482422,137303600,15.109999656677246,train,-0.0035425545791513123,-0.007869538441864554,44.4398709057322,0.037145094482070866,0.17417721463233773
2015-04-02,205.6199951171875,206.97999572753903,205.3999938964844,206.44000244140625,86900900,14.670000076293944,train,0.0035910432838057197,-0.0046229704245687175,46.68843737950752,0.03517613546065951,0.02104984119437905
2015-04-06,205.3699951171875,208.4499969482422,205.2100067138672,207.8300018310547,114368200,14.739999771118164,train,0.006710621534576819,0.0019119435465457801,50.722610462254075,0.03522168333843285,0.04323218295796132
2015-04-07,207.8600006103516,208.75999450683597,207.2400054931641,207.27999877929688,81236300,14.779999732971191,train,-0.002649916276626036,-0.0009620321707901613,49.13812991323029,0.0349726387220497,0.055858208820639396
2015-04-08,207.5500030517578,208.50999450683597,207.0800018310547,207.97999572753903,89351900,13.979999542236328,train,0.0033713703247295734,0.002167370918202627,51.22639627002252,0.03341931076193933,-0.21679395729730094
2015-04-09,207.77999877929688,209.17999267578125,207.19000244140625,208.8999938964844,85548900,13.09000015258789,train,0.004413738655682582,0.0060032405889318685,53.905084039569196,0.031101492082322567,-0.519813709938754
2015-04-10,209.1999969482422,210.08999633789065,208.9600067138672,210.0399932861328,72722900,12.579999923706056,train,0.0054423174598343445,0.01052960350383425,57.05265756365241,0.03242448721065147,-0.692672006430796
2015-04-13,209.8699951171875,210.6300048828125,209.02999877929688,209.08999633789065,74436600,13.9399995803833,train,-0.004533193036130944,0.005272263773369978,53.7583005546153,0.03149257870663221,-0.22349993573830892
2015-04-14,208.8500061035156,209.7100067138672,208.1000061035156,209.4900054931641,75099900,13.670000076293944,train,0.001911267978839088,0.006224020894798343,54.93817544762855,0.03201020379664474,-0.3119566078337046
2015-04-15,210.0500030517578,211.0399932861328,209.9499969482422,210.42999267578125,99529300,12.84000015258789,train,0.004476989696910003,0.009913364965052018,57.671384913720736,0.03347552685377144,-0.5925890987807128
2015-04-16,210.02999877929688,210.97999572753903,209.7899932861328,210.3699951171875,68934900,12.600000381469728,train,-0.00028515950922429695,0.009089794024404574,57.43193541842003,0.033365578149150484,-0.6705057688274678
2015-04-17,208.94000244140625,209.22999572753903,207.00999450683597,207.9499969482422,191113200,13.890000343322754,train,-0.011570210421864109,-0.0028904111758737416,48.65663902341562,0.032879116942792164,-0.22721426734541994
2015-04-20,209.05999755859372,210.25,208.9600067138672,209.8500061035156,92189500,13.300000190734863,train,0.00909536735125422,0.005860234982632884,54.53086170178089,0.03223686056520659,-0.4296613779969014
2015-04-21,210.6699981689453,210.8600006103516,209.2400054931641,209.6000061035156,72559800,13.25,train,-0.0011920372980215694,0.004272015536193718,53.66091394075052,0.03184106437342163,-0.4468255604466612
2015-04-22,210.00999450683597,210.8500061035156,208.8999938964844,210.6300048828125,78264600,12.710000038146973,train,0.00490208131249616,0.008627199672708974,56.72413247830719,0.03348388098579811,-0.6313173542725453
2015-04-23,210.1499938964844,211.94000244140625,210.00999450683597,211.16000366210935,102585900,12.479999542236328,train,0.002513094419023597,0.010744076113263334,58.25336944840256,0.03395255484668278,-0.7087307081345473
2015-04-24,211.66000366210935,211.97000122070312,211.1100006103516,211.6499938964844,61327400,12.289999961853027,train,0.0023177808309219087,0.012631910882513031,59.67220076931852,0.03347996300971938,-0.7718436529981869
2015-04-27,212.3300018310547,212.47999572753903,210.5399932861328,210.7700042724609,79358100,13.119999885559082,train,-0.004166426309473307,0.008243146621869757,55.991692926687016,0.031710953224846086,-0.4859546765438733
2015-04-28,210.7400054931641,211.5,209.3300018310547,211.44000244140625,86863500,12.40999984741211,train,0.00317377002291977,0.011287552685789404,58.11017589440312,0.03307979642483764,-0.7263128453081665
2015-04-29,210.3699951171875,211.2899932861328,209.6000061035156,210.57000732421875,125684900,13.390000343322754,train,-0.004123107649340438,0.007082174818111797,54.44514724542966,0.031273145886222466,-0.3904807873104158
2015-04-30,209.8800048828125,210.3500061035156,207.6199951171875,208.4600067138672,161304900,14.550000190734863,train,-0.010070965675104416,-0.002849929872609902,46.74482087273364,0.027212502011259528,0.004848382871979085
2015-05-01,209.3999938964844,210.7700042724609,209.27999877929688,210.72000122070312,103399700,12.699999809265137,train,0.010783035269824706,0.007889201135770962,54.21428495381015,0.02407567780151118,-0.6272884467946743
2015-05-04,211.22999572753903,212.0200042724609,211.1000061035156,211.32000732421875,70927200,12.850000381469728,train,0.0028433631675065375,0.010751338906144214,55.979569998635576,0.023461446906590137,-0.5758655588247475
2015-05-05,211.02999877929688,211.4600067138672,208.72999572753903,208.8999938964844,113326200,14.3100004196167,train,-0.011517967610371585,-0.0006028296933845434,47.949557275506464,0.02102611641360417,-0.07783712797947881
2015-05-06,209.55999755859372,209.92999267578125,206.75999450683597,208.0399932861328,135060200,15.149999618530272,train,-0.004125302712246431,-0.004358004241657998,45.45423471800504,0.020924211258725275,0.20778714632456247
2015-05-07,207.9199981689453,209.3800048828125,207.5200042724609,208.8699951171875,88244900,15.130000114440918,train,0.0039816888570755144,-0.00012161865952364792,48.25315752016058,0.020952523549141296,0.1986385897188887
2015-05-08,210.8800048828125,211.8600006103516,210.77999877929688,211.6199951171875,155877300,12.859999656677246,train,0.013080164912577465,0.013019588349762579,56.26133564492635,0.022041659668998747,-0.5773775261272951
2015-05-11,211.57000732421875,211.88999938964844,210.5200042724609,210.6100006103516,75708100,13.850000381469728,train,-0.004784105551112915,0.008189596548476619,53.01622385508509,0.021738588717391014,-0.24001679346031407
2015-05-12,209.6100006103516,210.6300048828125,208.6199951171875,209.97999572753903,119727600,13.859999656677246,train,-0.0029958171116048677,0.00536723570489217,51.03866894619502,0.021572192232768565,-0.23908169493522757
2015-05-13,210.47000122070312,211.22000122070312,209.7400054931641,210.0200042724609,94667900,13.760000228881836,train,0.0001905168811565613,0.005664723410097716,51.16325230016181,0.02154388969118623,-0.27591033003013776
2015-05-14,211.2400054931641,212.32000732421875,210.91000366210935,212.2100067138672,95934000,12.739999771118164,train,0.010373597439841743,0.01595873380057733,57.533161717853304,0.023198703445609346,-0.6270540477925188
2015-05-15,212.44000244140625,212.6100006103516,211.8600006103516,212.44000244140625,76510100,12.380000114440918,train,0.0010832249856105275,0.016867058995001738,58.15051882676604,0.022693851169749577,-0.7490864184886807
2015-05-18,212.2400054931641,213.3999938964844,212.16000366210935,213.1000061035156,74549700,12.729999542236328,train,0.003101960699713219,0.019479694158996974,59.94981363393459,0.02501359330201084,-0.6295589797927131
2015-05-19,213.2400054931641,213.57000732421875,212.69000244140625,213.02999877929688,72114600,12.850000381469728,train,-0.0003285726142087168,0.018689595528307734,59.656822698520166,0.02648986686239604,-0.5891877532218327
2015-05-20,213.1499938964844,213.77999877929688,212.5,212.8800048828125,76857500,12.880000114440918,train,-0.0007043455255603524,0.017203798356141053,58.99159355548284,0.027849171859468943,-0.5787429039909082
2015-05-21,212.7100067138672,213.75,212.50999450683597,213.5,64764600,12.109999656677246,train,0.0029081830623212813,0.019289634630783148,60.93088927630586,0.029848429307155172,-0.843575280306274
2015-05-22,213.0399932861328,213.5399932861328,212.91000366210935,212.9900054931641,57433500,12.130000114440918,train,-0.0023915906274569907,0.016283266525757956,58.48099246354572,0.030853877674095014,-0.8369407105334938
2015-05-26,212.3999938964844,212.91000366210935,210.1999969482422,210.6999969482422,124308600,14.0600004196167,train,-0.010809935714979403,0.004889458459032214,48.961362654917394,0.03086810687143222,-0.17819298233179287
2015-05-27,211.25,212.97999572753903,210.75999450683597,212.6999969482422,93214000,13.270000457763672,train,0.009447401532239053,0.01402953661161277,55.73799582078242,0.03156060206433833,-0.453382004491731
2015-05-28,212.3300018310547,212.58999633789065,211.6300048828125,212.4600067138672,74974600,13.3100004196167,train,-0.0011289409059975048,0.012450993311119207,54.797783036307145,0.031904062850971956,-0.4425306511279261
2015-05-29,212.3800048828125,212.42999267578125,210.82000732421875,211.13999938964844,124919600,13.84000015258789,train,-0.00623234928167894,0.006095463805876777,49.819895607408775,0.029548775990486532,-0.26309547095083596
2015-06-01,211.94000244140625,212.33999633789065,210.6199951171875,211.57000732421875,93338800,13.970000267028809,train,0.0020345299428383883,0.007945637047699128,51.369689471605966,0.029420133939329095,-0.22214889207443242
2015-06-02,211.0200042724609,212.19000244140625,210.2700042724609,211.3600006103516,91531000,14.239999771118164,train,-0.0009931039518939274,0.0068540006677717535,50.54859550084695,0.029418274027272217,-0.13242024185265724
2015-06-03,212.0,212.6699981689453,211.3300018310547,211.9199981689453,87820900,13.65999984741211,train,0.0026459926617534266,0.009337023118456855,52.71885442622231,0.027359049788171913,-0.33710150540836414
2015-06-04,211.07000732421875,211.8600006103516,209.75,210.1300048828125,151882800,14.710000038146973,train,-0.008482426280820986,0.000686734085882712,45.799804059952166,0.02365085076840803,0.024984591464098947
2015-06-05,209.9499969482422,210.5800018310547,208.97999572753903,209.7700042724609,121704700,14.210000038146973,train,-0.0017146972646252905,-0.001409063808421096,44.533880208731865,0.021981167531852697,-0.15324329830427819
2015-06-08,209.63999938964844,209.82000732421875,208.38999938964844,208.47999572753903,89063300,15.289999961853027,train,-0.006168619894907657,-0.007853248933369805,40.241553829343204,0.02571062724261674,0.21873430070498956
2015-06-09,208.4499969482422,209.1000061035156,207.69000244140625,208.4499969482422,105034700,14.470000267028809,train,-0.00014390319658265404,-0.008251817825813634,40.14465342418358,0.02852455549789161,-0.07378426197033053
2015-06-10,209.3699951171875,211.41000366210935,209.3000030517578,210.9499969482422,134551300,13.220000267028809,train,0.011921934417045426,0.0033847131579127776,50.78124703247338,0.02790254950721948,-0.5182222455945479
2015-06-11,211.47999572753903,212.08999633789065,211.1999969482422,211.6300048828125,73876400,12.850000381469728,train,0.003218365841152159,0.006121468457993773,53.216536775835806,0.027154628369073074,-0.6515331529568054
2015-06-12,210.63999938964844,211.47999572753903,209.67999267578125,210.00999450683597,135382400,13.779999732971191,train,-0.007684367470106227,-0.001989301625864748,47.22203330327659,0.027749996900168952,-0.3248605148244411
2015-06-15,208.63999938964844,209.4499969482422,207.7899932861328,209.1100006103516,124384200,15.390000343322754,train,-0.004294690257143493,-0.00651837123416521,44.24054231224578,0.02903703776982362,0.24052396666958578
2015-06-16,208.92999267578125,210.3500061035156,208.72000122070312,210.25,85308200,14.8100004196167,train,0.005436866635542793,-0.0013318760146028286,48.66211275149656,0.02824947864969808,0.0320449273306589
2015-06-17,210.58999633789065,211.32000732421875,209.3600006103516,210.58999633789065,126708600,14.5,train,0.0016157989488703656,-3.1358549451909745e-05,49.9371643381007,0.027127138965870844,-0.08147276193885102
2015-06-18,211.30999755859372,213.33999633789065,210.6300048828125,212.77999877929688,165867900,13.1899995803833,train,0.010345664549366142,0.009907316974938185,57.29461630522084,0.027008110043455484,-0.5525432842617358
2015-06-19,211.4600067138672,211.5500030517578,210.3600006103516,210.80999755859372,130478700,13.960000038146973,train,-0.00930152006015228,0.0003758211060773675,50.15416626023464,0.024788248967460503,-0.2838802240767776
2015-06-22,211.91000366210935,212.58999633789065,211.63999938964844,211.88999938964844,70696000,12.739999771118164,train,0.005110026917287621,0.005324336963801857,53.57041329311893,0.023501451912449203,-0.725474116593317
2015-06-23,212.13999938964844,212.44000244140625,211.57000732421875,212.0399932861328,68476800,12.109999656677246,train,0.0007076352479650247,0.005754452213535766,54.04152059198399,0.02400292262650283,-0.9550890216407069
2015-06-24,211.72000122070312,212.1699981689453,210.47000122070312,210.5,92307300,13.260000228881836,train,-0.0072892513339581156,-0.001645745144787214,48.5901785380059,0.022739598492011088,-0.5436332524348964
2015-06-25,211.1000061035156,211.25,209.7700042724609,209.8600006103516,97107400,14.010000228881836,train,-0.003045008484296108,-0.00462730190193017,46.49127377118718,0.021843493720718803,-0.2776315850408751
2015-06-26,210.2899932861328,210.5800018310547,209.16000366210935,209.82000732421875,104174800,14.020000457763672,train,-0.00019058942764853338,-0.004765067747805496,46.35651803518144,0.022012100385693952,-0.2781196333199927
2015-06-29,208.0500030517578,209.8300018310547,205.3300018310547,205.4199981689453,202621300,18.850000381469727,train,-0.021193400386544974,-0.025401627638330093,34.506319476362066,0.030319097779126964,1.4577956493987603
2015-06-30,207.25999450683597,207.32000732421875,205.27999877929688,205.8500061035156,182925100,18.229999542236328,train,0.002091123042273471,-0.022990662910814863,36.222218783155164,0.035080358204307306,1.2237576425715118
2015-07-01,207.72999572753903,208.02999877929688,206.55999755859372,207.5,135979900,16.09000015258789,train,0.007983561804533247,-0.014963070473874351,42.452522850063055,0.03555498322645972,0.4444365225994482
2015-07-02,208.07000732421875,208.2700042724609,206.80999755859372,207.30999755859372,104373700,16.790000915527344,train,-0.0009160939023288249,-0.015554734123461755,41.94439234226231,0.03699548276877382,0.6920241626873131
2015-07-06,205.7700042724609,207.6499938964844,205.52999877929688,206.72000122070312,117975400,17.010000228881836,train,-0.002850019269082999,-0.017942312219327183,40.33012252941053,0.03896807789975453,0.7657531448988417
2015-07-07,206.9600067138672,208.1699981689453,204.1100006103516,208.0200042724609,173820200,16.09000015258789,train,0.006269022964348223,-0.01142547512909764,45.32337638282826,0.039237640121753854,0.4239151579168284
2015-07-08,206.4199981689453,206.75999450683597,204.25,204.52999877929688,164020100,19.65999984741211,train,-0.016919591441947386,-0.02743422871417811,36.49422329801615,0.04422642675318487,1.7153873431014324
2015-07-09,207.0399932861328,207.3500061035156,204.7700042724609,204.8999938964844,144113100,19.96999931335449,train,0.0018073674353340466,-0.025068476241238424,37.87591566308375,0.047205418924074954,1.8099671147250547
2015-07-10,207.2899932861328,207.97999572753903,204.9499969482422,207.47999572753903,129456900,16.829999923706055,train,0.012512903433964875,-0.012502234584958027,46.60048749884338,0.0461402258651535,0.661415643425272
2015-07-13,208.9900054931641,209.8999938964844,208.94000244140625,209.7700042724609,106069400,13.899999618530272,train,0.010976783887015968,-0.001727457897275797,52.920497418800856,0.04603519856404391,-0.4091436868801413
2015-07-14,209.72000122070312,211.0500030517578,209.6499938964844,210.67999267578125,81709600,13.369999885559082,train,0.004328647072470105,0.002606895390341979,55.19004063097732,0.0467001428023921,-0.6060021145213496
2015-07-15,210.72999572753903,211.27999877929688,210.0399932861328,210.6100006103516,97914100,13.229999542236328,train,-0.0003322749991172604,0.0023415449067083483,54.97054077736017,0.04691969025201919,-0.6601194602838134
2015-07-16,211.8699951171875,212.3000030517578,211.5800018310547,212.3000030517578,106683300,12.109999656677246,train,0.007992298232542884,0.010057772592412473,59.19093809731145,0.048573254711730345,-1.0741415489189332
2015-07-17,212.2899932861328,212.5500030517578,211.8000030517578,212.47999572753903,89030000,11.949999809265137,train,0.0008474630965250066,0.010487208246178659,59.62496999722076,0.04815634620476839,-1.126307838489886
2015-07-20,212.75,213.17999267578125,212.2100067138672,212.58999633789065,70446800,12.25,train,0.0005175647063329895,0.010652744113991863,59.90562541280397,0.04995094598512429,-1.01704917470787
2015-07-21,212.42999267578125,212.7400054931641,211.38999938964844,211.75,77965000,12.220000267028809,train,-0.003959077354646782,0.006646958887562393,56.666315321949405,0.04980818375223043,-1.0263689581935358
2015-07-22,210.92999267578125,211.7700042724609,210.88999938964844,211.3699951171875,88667900,12.119999885559082,train,-0.0017962043362016416,0.004767834282635386,55.21181634608978,0.04914262147253721,-1.0625938720736308
2015-07-23,211.52999877929688,211.6499938964844,209.75,210.17999267578125,90509100,12.640000343322754,train,-0.0056458576058752,-0.0009079549234375373,50.81327208526211,0.04898207110646459,-0.87551323742773
2015-07-24,210.3000030517578,210.3699951171875,207.6000061035156,208.0,117755000,13.739999771118164,train,-0.010426191888768848,-0.011080651012531972,43.911685998886966,0.048990305369273394,-0.47621613628481096
2015-07-27,206.94000244140625,207.5500030517578,206.25999450683597,206.7899932861328,132361100,15.600000381469728,train,-0.005834326602727022,-0.016326565061547282,40.61431152069657,0.049571340030864046,0.20305864719211353
2015-07-28,207.7899932861328,209.5,206.8000030517578,209.3300018310547,123544800,13.4399995803833,train,0.012208209755053484,-0.003949361748071922,49.232330875856924,0.04740235093120005,-0.5933436564191411
2015-07-29,209.47999572753903,211.0399932861328,209.30999755859372,210.7700042724609,105791300,12.5,train,0.006855548966037117,0.0031250011437913283,53.36429856461128,0.04595603710291864,-0.9374630536116527
2015-07-30,210.16000366210935,211.0200042724609,209.4199981689453,210.82000732421875,91304400,12.130000114440918,train,0.000237211748935537,0.003574096039438368,53.50580831340122,0.04581783726274606,-1.0702260858499946
2015-07-31,211.4199981689453,211.4499969482422,210.16000366210935,210.5,103266900,12.119999885559082,train,-0.0015190704461810003,0.0022778622254397973,52.40976392904752,0.04515011367439328,-1.0654849478709278
2015-08-03,210.4600067138672,210.52999877929688,208.6499938964844,209.7899932861328,113965700,12.5600004196167,train,-0.0033786547413504576,-0.0007497416559441028,49.964230329250725,0.04347531903964474,-0.8970929625269843
2015-08-04,209.6999969482422,210.25,208.8000030517578,209.3800048828125,81820800,13.0,train,-0.0019561921695385102,-0.002359472215524794,48.55529257560812,0.04290719933789023,-0.7319013542920789
2015-08-05,210.4499969482422,211.30999755859372,209.72999572753903,210.07000732421875,85786800,12.510000228881836,train,0.0032900371616514136,0.000988301545598702,51.05672825666578,0.03640924295091088,-0.9044045197406324
2015-08-06,210.2899932861328,210.4199981689453,207.6499938964844,208.3500061035156,116030800,13.770000457763672,train,-0.008221456210205404,-0.006795804050786947,45.161749944118625,0.029892831253034744,-0.4395144000553711
2015-08-07,208.16000366210935,208.33999633789065,206.8699951171875,207.9499969482422,117858000,13.390000343322754,train,-0.001921735649513112,-0.008276221586480226,43.89250495747165,0.029184234817416256,-0.573926528623491
2015-08-10,209.27999877929688,210.6699981689453,209.27999877929688,210.57000732421875,80270700,12.229999542236328,train,0.012520522679780615,0.00427333568069832,53.175098431701485,0.029166769540033603,-0.9916809288818591
2015-08-11,208.97000122070312,209.47000122070312,207.75999450683597,208.6699981689453,126081400,13.710000038146973,train,-0.009064126222849762,-0.004513021849552934,47.09065883772616,0.02978453226172544,-0.4499525834312411
2015-08-12,207.1100006103516,209.13999938964844,205.3600006103516,208.9199981689453,172123700,13.609999656677246,train,0.0011973468333049738,-0.003088276882024954,47.934826286100474,0.030109881993143288,-0.48559004269394457
2015-08-13,208.72999572753903,209.5500030517578,208.00999450683597,208.66000366210935,89383300,13.489999771118164,train,-0.001245244213287274,-0.004019036360135453,47.09330660057339,0.028922223725385013,-0.5305627818615303
2015-08-14,208.42999267578125,209.50999450683597,208.25999450683597,209.4199981689453,72786500,12.829999923706056,train,0.003635645525430758,-0.0003236537582359533,49.864032029388106,0.02657791522231047,-0.7727337751804169
2015-08-17,208.7100067138672,210.58999633789065,208.16000366210935,210.58999633789065,79072600,13.020000457763672,train,0.005571301686068404,0.005182697131762559,53.86930636678513,0.023776167479193654,-0.7029872003999184
2015-08-18,210.25999450683597,210.67999267578125,209.6999969482422,209.97999572753903,71692700,13.789999961853027,train,-0.002900830062122843,0.0021275581963522416,51.556720236216556,0.021929940292194017,-0.42425486701027837
2015-08-19,209.08999633789065,210.00999450683597,207.3500061035156,208.32000732421875,172946000,15.25,train,-0.00793687356110099,-0.005782385133218271,45.795213321540786,0.020864624762264358,0.10606331262083166
2015-08-20,206.50999450683597,208.2899932861328,203.8999938964844,203.97000122070312,194327900,19.13999938964844,train,-0.021102463987507057,-0.025894010281829027,34.81546277543855,0.030319744682447008,1.5194655127802819
2015-08-21,201.72999572753903,203.94000244140625,197.5200042724609,197.8300018310547,346588500,28.030000686645508,train,-0.030564844895498506,-0.053970035473043465,25.516152772020632,0.05587004099812066,4.562320425134252
2015-08-24,187.4900054931641,197.47999572753903,182.3999938964844,189.5,507244300,40.7400016784668,train,-0.043019060773217356,-0.0920233164487011,18.35367789965197,0.09764405116482261,7.838003864589401
2015-08-25,195.42999267578125,195.4499969482422,186.9199981689453,187.2700042724609,369833100,36.02000045776367,train,-0.0118375759356204,-0.10082631439464285,16.979577649959282,0.13011771616744422,5.914910937396972
2015-08-26,192.0800018310547,194.7899932861328,188.3699951171875,194.4600067138672,339257000,30.31999969482422,train,0.037675072320347607,-0.06488572118449065,34.1086363791822,0.13874292282556083,4.1303798847975095
2015-08-27,197.0200042724609,199.4199981689453,195.2100067138672,199.2700042724609,274143900,26.100000381469727,train,0.0244341895778469,-0.04071114536030207,42.635550545426234,0.139790140369747,2.906534264890842
2015-08-28,198.5,199.83999633789065,197.9199981689453,199.27999877929688,160414400,26.049999237060547,train,5.015434330204552e-05,-0.039414477826203664,42.65215718190377,0.14017800431395758,2.836055842486041
2015-08-31,198.1100006103516,199.1300048828125,197.00999450683597,197.6699981689453,163298800,28.43000030517578,train,-0.00811190049770867,-0.04596659200542974,40.61254136821963,0.1415514168369451,3.381538915422147
2015-09-01,193.1199951171875,194.7700042724609,190.72999572753903,191.7700042724609,256000400,31.399999618530277,train,-0.030302204766135526,-0.07264122935606387,34.16493927370867,0.1491763064290619,4.010526640035329
2015-09-02,194.6199951171875,195.4600067138672,192.4199981689453,195.41000366210935,160269300,26.09000015258789,train,0.01880317454798349,-0.05351666363689389,40.44665989257549,0.14975385190191798,2.6164486110051692
2015-09-03,196.25999450683597,198.0500030517578,194.9600067138672,195.5500030517578,152087800,25.61000061035156,train,0.0007161826950495659,-0.051464869650669876,40.681095735442305,0.15043472800358096,2.4560271664706526
2015-09-04,192.8500061035156,193.8600006103516,191.6100006103516,192.58999633789065,207081000,27.799999237060547,train,-0.015252558886479995,-0.06425493698349938,37.33466823222177,0.15320742625519418,2.936363814404764
2015-09-08,195.94000244140625,197.6100006103516,195.1699981689453,197.42999267578125,116025700,24.899999618530277,train,0.0248204961172701,-0.03958230388842887,45.26339825963041,0.14790245080219214,2.1981434931226738
2015-09-09,199.32000732421875,199.47000122070312,194.3500061035156,194.7899932861328,149347700,26.229999542236328,train,-0.013462033317038494,-0.05144383139588471,42.1320433991405,0.14509612283396636,2.4782746409521597
2015-09-10,194.55999755859372,197.22000122070312,194.25,195.8500061035156,158611100,24.3700008392334,train,0.005427070554777795,-0.045352198612906625,43.81283633158134,0.13987787289910583,2.008488810795711
2015-09-11,195.3800048828125,196.82000732421875,194.52999877929688,196.7400054931641,119691200,23.200000762939453,train,0.004533996729467494,-0.040007000820776906,45.2507006526981,0.13317915624645538,1.7127712283429832
2015-09-14,196.9499969482422,197.00999450683597,195.42999267578125,196.00999450683597,79452000,24.25,train,-0.0037174376932770856,-0.04251320467427622,44.25041843038725,0.12367811721488534,1.9373972423948722
2015-09-15,196.6100006103516,198.9900054931641,195.9600067138672,198.4600067138672,113806200,22.540000915527344,train,0.012421952003654408,-0.029762205070805847,48.37500831523686,0.10879646413879916,1.5218783391255044
2015-09-16,198.82000732421875,200.41000366210935,198.41000366210935,200.17999267578125,99581600,21.350000381469727,train,0.008629322886787182,-0.020602704541767602,51.109669168803116,0.09253483930232677,1.2335810230429358
2015-09-17,200.0200042724609,202.88999938964844,199.27999877929688,199.72999572753903,276046600,21.13999938964844,train,-0.002250492116810436,-0.022345159071249676,50.35807747766217,0.07667108194812136,1.1749948520687565
2015-09-18,195.7100067138672,198.67999267578125,194.9600067138672,195.4499969482422,223657500,22.280000686645508,train,-0.02166185646094129,-0.0424093515634254,43.76583887959325,0.06764221618041495,1.4276890911581908
2015-09-21,196.44000244140625,197.67999267578125,195.2100067138672,196.4600067138672,105726200,20.13999938964844,train,0.00515430579598654,-0.03642039239980199,45.57641800726397,0.06706379070658132,0.9231874113824617
2015-09-22,193.8800048828125,194.4600067138672,192.55999755859372,193.91000366210935,153890900,22.440000534057617,train,-0.013064729640802507,-0.04744546105242087,41.90772645464367,0.06110597897758233,1.4443688224483617
2015-09-23,194.1100006103516,194.6699981689453,192.91000366210935,193.6000061035156,92790600,22.1299991607666,train,-0.0015999464112404114,-0.04736970915327632,41.47069312313628,0.047320082551598766,1.361171929755481
2015-09-24,192.1499938964844,193.4499969482422,190.55999755859372,192.8999938964844,159378800,23.46999931335449,train,-0.003622318098044128,-0.04915699057706968,40.44500027716504,0.049029568986420774,1.6534210391627389
2015-09-25,194.63999938964844,195.0,191.80999755859372,192.8500061035156,155054800,23.6200008392334,train,-0.00025917196758837627,-0.04757715853670175,40.368218413763195,0.04892413313505076,1.6712879513217056
2015-09-28,191.77999877929688,191.91000366210935,187.63999938964844,188.00999450683597,178515900,27.6299991607666,train,-0.025417592615977282,-0.06923072990310364,33.69767948161437,0.05751686199153235,2.542636950343258
2015-09-29,188.2700042724609,189.7400054931641,186.92999267578125,188.1199951171875,159045600,26.82999992370605,train,0.000584907433717676,-0.06642425029221588,33.96475281331074,0.0646831097176003,2.3270797207064233
2015-09-30,190.3699951171875,191.8300018310547,189.44000244140625,191.6300048828125,163452000,24.5,train,0.01848642383981401,-0.04710234987615092,41.993964254361266,0.06482615855375448,1.7886963889736023
2015-10-01,192.0800018310547,192.4900054931641,189.82000732421875,192.1300048828125,131079000,22.549999237060547,train,0.0026057966968957543,-0.04278446830224936,43.05612552831766,0.06586789317446243,1.3465806985700335
2015-10-02,189.7700042724609,195.02999877929688,189.1199951171875,195.0,211003300,20.940000534057617,train,0.014827306906029528,-0.027014085001092147,48.8462822272377,0.06575904759289376,0.9850202380347072
2015-10-05,196.4600067138672,198.7400054931641,196.3300018310547,198.47000122070312,126320800,19.540000915527344,train,0.017638402790987828,-0.008757216441766413,54.82702531741675,0.06713531376530311,0.6717816832517665
2015-10-06,198.30999755859372,198.97999572753903,197.0,197.7899932861328,110274500,19.399999618530277,train,-0.0034321335058390325,-0.011264593497575581,53.506776556825976,0.06743504285961191,0.6370533194819391
2015-10-07,198.8999938964844,199.8300018310547,197.47999572753903,199.41000366210935,124307300,18.399999618530277,train,0.008157197237427178,-0.0021766731788396276,56.21200910084944,0.07028948572016058,0.4157921746704313
2015-10-08,198.9499969482422,201.5500030517578,198.58999633789065,201.2100067138672,153055200,17.420000076293945,train,0.008986147060895028,0.007794521025870971,59.06223451565393,0.07522972766839885,0.19817420965993385
2015-10-09,201.3800048828125,201.8999938964844,200.5800018310547,201.3300018310547,107069200,17.079999923706055,train,0.0005961897858329525,0.009355076447723265,59.25264839105898,0.07950574642569887,0.12488144467528595
2015-10-12,201.4199981689453,201.75999450683597,200.91000366210935,201.5200042724609,56395600,16.170000076293945,train,0.0009432913124794968,0.011218155169070432,59.573292394456345,0.0836140090273415,-0.07117688055777593
2015-10-13,200.6499938964844,202.16000366210935,200.0500030517578,200.25,88038700,17.670000076293945,train,-0.00632206729706151,0.005808317894406612,56.37971604336761,0.08507978703615536,0.267548046265896
2015-10-14,200.17999267578125,200.8699951171875,198.94000244140625,199.2899932861328,99106200,18.030000686645508,train,-0.004805569292141318,0.0020020556008912838,54.022215176350315,0.08427589066367315,0.3529727928824046
2015-10-15,200.0800018310547,202.3600006103516,199.63999938964844,202.3500061035156,134142200,16.049999237060547,train,0.015237884828707703,0.018177782696047196,59.793341919843655,0.0874095176918878,-0.08073311032220769
2015-10-16,202.8300018310547,203.2899932861328,201.9199981689453,203.2700042724609,114580100,15.050000190734863,train,0.004536264104484977,0.023330152333991272,61.36355339560916,0.09278206093185165,-0.2985415167636765
2015-10-19,202.5,203.3699951171875,202.1300048828125,203.3699951171875,76523900,14.979999542236328,train,0.0004917905119613984,0.024305894377472104,61.53935977798183,0.0975232962912017,-0.3090267613026407
2015-10-20,202.8500061035156,203.83999633789065,202.5500030517578,203.1100006103516,78448500,15.75,train,-0.001279248893057218,0.023765719829101473,60.76511127244784,0.10009244893336237,-0.1317640041641788
2015-10-21,203.6100006103516,203.7899932861328,201.6499938964844,201.8500061035156,102038000,16.700000762939453,train,-0.006222829671597039,0.01811475174616195,57.02097858561057,0.10028560899589158,0.08342334166428034
2015-10-22,202.97999572753903,205.50999450683597,201.8500061035156,205.25999450683597,174911700,14.449999809265137,train,0.016752563918760788,0.03569684641854187,63.56423270157172,0.1026484054460999,-0.4244203697327796
2015-10-23,207.25,207.9499969482422,206.3000030517578,207.50999450683597,144442300,14.460000038146973,train,0.010902063353210822,0.04717138049375724,67.12110872320406,0.10653066271583303,-0.42013844510475484
2015-10-26,207.3000030517578,207.3699951171875,206.55999755859372,207.0,69033000,15.289999961853027,train,-0.002460711543429647,0.0448529605481951,65.55889623703737,0.0985471001157662,-0.23097059767881464
2015-10-27,206.1999969482422,207.0,205.7899932861328,206.6000061035156,77905800,15.43000030517578,train,-0.0019342070371614862,0.043254171888887694,64.29494487913159,0.08576168753612931,-0.19863093235482868
2015-10-28,207.0,208.97999572753903,206.2100067138672,208.9499969482422,135906700,14.329999923706056,train,0.011310388060510665,0.05523053031066838,68.17680591612941,0.08105730707464169,-0.4482172180385449
2015-10-29,208.3500061035156,209.2700042724609,208.2100067138672,208.8300018310547,90525500,14.609999656677246,train,-0.0005744416718742212,0.05457021396369233,67.77163308621036,0.0734584352481781,-0.38412460153303446
2015-10-30,209.05999755859372,209.44000244140625,207.7400054931641,207.92999267578125,131076900,15.06999969482422,train,-0.004319083243286122,0.04960546868688809,64.66738105834759,0.06798848120777395,-0.28028678774436094
2015-11-02,208.32000732421875,210.6199951171875,208.1699981689453,210.38999938964844,86270800,14.149999618530272,train,0.011761498942322644,0.06067831648399702,68.86524640737873,0.07066343142689958,-0.48921804046942885
2015-11-03,209.97000122070312,211.66000366210935,209.6999969482422,211.0,95246100,14.539999961853027,train,0.0028951851601861857,0.06145256782753039,69.82268714107863,0.07116229982006088,-0.4005044567631207
2015-11-04,211.3500061035156,211.5,209.72000122070312,210.3600006103516,96224500,15.510000228881836,train,-0.003037781853460848,0.055780292822507294,67.47811613324319,0.07123524711931051,-0.18094622301993743
2015-11-05,210.42999267578125,210.97999572753903,209.08999633789065,210.1499938964844,78408700,15.050000190734863,train,-0.0009988192150948924,0.053067771068075364,66.68680901721604,0.07199751263615274,-0.28623819950481866
2015-11-06,209.7400054931641,210.32000732421875,208.4600067138672,210.0399932861328,110471500,14.329999923706056,train,-0.000523575602560369,0.0513817200615545,66.24857582598415,0.07173370876991238,-0.4504507359412723
2015-11-09,209.30999755859372,209.4900054931641,206.9499969482422,208.0800018310547,131008700,16.520000457763672,train,-0.009375326864791323,0.04065392896800746,58.83019104582559,0.06931727047563029,0.04392930718452781
2015-11-10,207.50999450683597,208.6000061035156,207.19000244140625,208.55999755859372,75874600,15.289999961853027,train,0.0023041279790732326,0.04191956607760172,60.01116267244614,0.06432384974241998,-0.23838900317624456
2015-11-11,208.8800048828125,208.94000244140625,207.66000366210935,207.7400054931641,67846000,16.059999465942383,train,-0.003939433677071346,0.03616970124510832,57.002908096062896,0.05524379589824223,-0.0660157933048488
2015-11-12,206.5,207.05999755859372,204.82000732421875,204.83999633789065,121315200,18.3700008392334,train,-0.014058155525712998,0.020744761605936857,47.864501317647665,0.052112273325322714,0.4559777241253769
2015-11-13,204.3500061035156,204.6699981689453,202.44000244140625,202.5399932861328,153577100,20.07999992370605,train,-0.011291803960661333,0.008580923846002841,42.099911818433036,0.053236613017801374,0.8397141011481348
2015-11-16,202.32000732421875,205.69000244140625,202.17999267578125,205.6199951171875,117645200,18.15999984741211,train,0.015092416612007657,0.022591278428704564,50.66811579729983,0.05098355660705129,0.397978073938058
2015-11-17,205.9900054931641,207.0399932861328,204.8800048828125,205.47000122070312,121123700,18.84000015258789,train,-0.0007297375488420926,0.021028817876099115,50.27790878167799,0.048223149679595914,0.5486869559974286
2015-11-18,206.0399932861328,208.8999938964844,205.9900054931641,208.72999572753903,121342500,16.850000381469727,train,0.015741486470022766,0.03579348599472243,57.87175281921686,0.041554102352780946,0.09216282568215514
2015-11-19,208.58999633789065,209.0500030517578,208.1999969482422,208.5500030517578,88220500,16.989999771118164,train,-0.0008626950128016869,0.03359751056445659,57.350947355223916,0.040093390598421964,0.12144545624723478
2015-11-20,209.4499969482422,210.1199951171875,208.8600006103516,209.30999755859372,94011500,15.470000267028809,train,0.0036375596790126567,0.03607321750438164,59.0275907443975,0.04042365487172093,-0.2275667118067299
2015-11-23,209.3800048828125,209.97999572753903,208.5200042724609,209.07000732421875,64931200,15.619999885559082,train,-0.0011472358042737725,0.03354897517948818,58.248861377956764,0.040355041071406375,-0.1959961912757875
2015-11-24,207.8699951171875,209.8300018310547,207.41000366210935,209.3500061035156,98874400,15.93000030517578,train,0.001338362468840361,0.03382004404697425,58.92964207656862,0.04003590364749155,-0.12825889305320468
2015-11-25,209.5,209.7400054931641,209.00999450683597,209.32000732421875,51980100,15.1899995803833,train,-0.0001433051252110486,0.03273963725611173,58.81898261649581,0.04017699273011756,-0.3010384595534337
2015-11-27,209.42999267578125,209.8000030517578,208.8600006103516,209.55999755859372,37317800,15.119999885559082,train,0.0011458663953235679,0.03292178156863046,59.47460930555966,0.04046456637056482,-0.3204827980027432
2015-11-30,209.75,209.88999938964844,208.55999755859372,208.69000244140625,112822700,16.1299991607666,train,-0.004160173924403971,0.02729275038682477,55.99434935449999,0.040443511343942855,-0.09083562797289159
2015-12-01,209.44000244140625,210.82000732421875,209.1100006103516,210.67999267578125,97858400,14.670000076293944,train,0.009490450885066217,0.03563875866775423,61.538389483596376,0.04072495559602463,-0.4275495926042005
2015-12-02,210.6199951171875,211.0,208.22999572753903,208.52999877929688,108441300,15.90999984741211,train,-0.010257449923871885,0.023598774014333745,53.67103286322503,0.039101624155189536,-0.1449840755226124
2015-12-03,208.8300018310547,209.1499938964844,204.75,205.6100006103516,166224200,18.11000061035156,train,-0.014101736427653354,0.008076974992215602,45.21617079872758,0.039494102364305506,0.3577579076986213
2015-12-04,205.6100006103516,209.97000122070312,205.6100006103516,209.6199951171875,192913900,14.8100004196167,train,0.01931517094939062,0.02605518096234305,55.56783027116137,0.03903081575188688,-0.40723805275047525
2015-12-07,209.22999572753903,209.72999572753903,207.1999969482422,208.3500061035156,102027100,15.84000015258789,train,-0.00607695728539915,0.018293637509815053,52.20350392850592,0.03803903094482563,-0.1730116199617288
2015-12-08,206.4900054931641,208.2899932861328,205.77999877929688,206.9499969482422,103372400,17.600000381469727,train,-0.006742183714605327,0.009582112925901054,48.70288407379224,0.038251071782944325,0.23201516833800917
2015-12-09,206.19000244140625,208.67999267578125,204.17999267578125,205.33999633789065,162401500,19.61000061035156,train,-0.007810079411938578,4.771070090603402e-05,44.968384361632054,0.03954526819102389,0.6937650830231988
2015-12-10,205.4199981689453,207.42999267578125,205.13999938964844,205.8699951171875,116128900,19.34000015258789,train,0.0025777538668262734,0.0012401596320392727,46.42476647064893,0.04029484785431841,0.6301909030844334
2015-12-11,203.3500061035156,204.13999938964844,201.50999450683597,201.8800048828125,211173300,24.38999938964844,train,-0.01957139224450698,-0.01909525687692115,38.223589443356,0.0456557202215665,1.7870098478537182
2015-12-14,202.07000732421875,203.0500030517578,199.9499969482422,202.8999938964844,182385200,22.729999542236328,train,0.0050397310916021985,-0.014895545340215866,41.08864982775323,0.04495153166961396,1.4003234150383268
2015-12-15,204.6999969482422,206.1100006103516,202.8699951171875,205.02999877929688,154069600,20.950000762939453,train,0.010443087190806444,-0.005187796687705193,46.65272672969641,0.04547468345728001,0.9898698785809051
2015-12-16,206.3699951171875,208.38999938964844,204.8000030517578,208.02999877929688,197017000,17.860000610351562,train,0.014525990261195328,0.00836629027343938,53.337510875363684,0.044650509541368066,0.28588492448534475
2015-12-17,208.3999938964844,208.47999572753903,204.83999633789065,204.8600006103516,173092500,18.940000534057617,train,-0.015355472214624645,-0.0075237459153095765,46.68111929266075,0.045769339728586024,0.5360768288994395
2015-12-18,202.7700042724609,202.92999267578125,199.8300018310547,200.0200042724609,251393500,20.700000762939453,train,-0.023909439079209734,-0.030860118970162054,38.7330974512531,0.05495648609145221,0.9377111902393023
2015-12-21,201.41000366210935,201.8800048828125,200.08999633789065,201.6699981689453,99094300,18.700000762939453,train,0.008215306163752094,-0.022897736847208194,42.33749967721981,0.058262419603180196,0.47396020012345746
2015-12-22,202.72000122070312,203.8500061035156,201.5500030517578,203.5,111026200,16.600000381469727,train,0.009033315810359144,-0.014220412439816532,46.12333647054796,0.05859582880410158,-0.011654075223186159
2015-12-23,204.69000244140625,206.07000732421875,204.5800018310547,206.0200042724609,110987200,15.56999969482422,train,0.012307267310985573,-0.0025707703164586926,50.90360665089702,0.05703847488209907,-0.2500427410219369
2015-12-24,205.72000122070312,206.3300018310547,205.4199981689453,205.67999267578125,48539600,15.739999771118164,train,-0.0016517448457778932,-0.004832652238202284,50.25569738556809,0.05529325528247261,-0.21216677232809023
2015-12-28,204.8600006103516,205.25999450683597,203.94000244140625,205.2100067138672,65899900,16.90999984741211,train,-0.0022876495781282502,-0.007381359515861385,49.32120629307464,0.05299252500984302,0.05576460960376935
2015-12-29,206.50999450683597,207.7899932861328,206.47000122070312,207.3999938964844,92640700,16.079999923706055,train,0.010615388596982016,0.002811133309324587,53.646483247153064,0.05191370092323604,-0.13691444177315992
2015-12-30,207.1100006103516,207.2100067138672,205.75999450683597,205.92999267578125,63317700,17.290000915527344,train,-0.0071129967160006675,-0.004542985598742777,50.529101192002805,0.046936666997771444,0.14138230645857416
2015-12-31,205.1300048828125,205.88999938964844,203.8699951171875,203.8699951171875,114877900,18.209999084472656,train,-0.010053757792281173,-0.014573332917453885,46.45514558053398,0.04526910062652734,0.35499508408887215
2016-01-04,200.4900054931641,201.02999877929688,198.58999633789065,201.0200042724609,222353500,20.700000762939453,train,-0.01407808500792602,-0.028271088297240787,41.47315156919053,0.04859109819780755,0.9263898368383987
2016-01-05,201.3999938964844,201.8999938964844,200.0500030517578,201.3600006103516,110845800,19.34000015258789,train,0.0016899270077034298,-0.02626039981241135,42.268572707520626,0.04622989398616166,0.6132938081020606
2016-01-06,198.33999633789065,200.05999755859372,197.6000061035156,198.82000732421875,152112600,20.59000015258789,train,-0.012694424235767691,-0.0377345872679169,38.10239944119345,0.04910479488733512,0.9027695418632918
2016-01-07,195.3300018310547,197.44000244140625,193.58999633789065,194.0500030517578,213436100,24.989999771118164,train,-0.02428405608086669,-0.05964207989492565,31.76951926907519,0.06360336210989365,1.9013623570573464
2016-01-08,195.19000244140625,195.8500061035156,191.5800018310547,191.9199981689453,209817200,27.01000022888184,train,-0.011037264550851656,-0.0686388753287871,29.418200237457043,0.08000300095252617,2.3301725141561116
2016-01-11,193.00999450683597,193.41000366210935,189.82000732421875,192.1100006103516,187941300,24.299999237060547,train,0.000989518826725052,-0.06619056124370237,29.916487791577637,0.09103389981012251,1.699263327071031
2016-01-12,193.82000732421875,194.5500030517578,191.13999938964844,193.66000366210935,172330500,22.46999931335449,train,0.008035935275932798,-0.057265982853609954,34.00935576032546,0.09820048486489719,1.2805500262785592
2016-01-13,194.4499969482422,194.8600006103516,188.3800048828125,188.8300018310547,221168900,25.21999931335449,train,-0.025256914003049805,-0.0790658188742358,28.43639655138638,0.11287891796686463,1.8847215457533752
2016-01-14,189.5500030517578,193.25999450683597,187.66000366210935,191.92999267578125,240795600,23.950000762939453,train,0.016283534966571953,-0.06225848913554177,35.71721109154504,0.11808570671820821,1.5936286161050568
2016-01-15,186.7700042724609,188.75999450683597,185.5200042724609,187.80999755859372,324846400,27.020000457763672,train,-0.021699883563395785,-0.08030409034760244,31.177300951337045,0.12493443986195436,2.2584966824008905
2016-01-19,189.9600067138672,190.1100006103516,186.1999969482422,188.05999755859372,195244400,26.049999237060547,train,0.0013302473733657163,-0.07706412488847136,31.744240832635043,0.13183938679271892,2.0256903408150735
2016-01-20,185.02999877929688,187.5,181.0200042724609,185.6499938964844,286547800,27.59000015258789,train,-0.01289790012024608,-0.08669534504827958,29.243349614384414,0.14351056032687323,2.3343435155731664
2016-01-21,186.2100067138672,188.8699951171875,184.63999938964844,186.69000244140625,195772900,26.690000534057617,train,0.00558635257993934,-0.07946418275050038,31.742454102404878,0.15070085116536958,2.113148183508394
2016-01-22,189.77999877929688,190.75999450683597,188.8800048828125,190.5200042724609,168319600,22.34000015258789,train,0.02030769803135791,-0.058949489712465164,40.12895410659453,0.1505588943622122,1.1650006190884026
2016-01-25,189.9199981689453,190.1499938964844,187.41000366210935,187.63999938964844,130371700,24.149999618530277,train,-0.015231968150443675,-0.07125554866688455,36.49756414950669,0.14879655751614881,1.5413039782495572
2016-01-26,188.4199981689453,190.52999877929688,188.0200042724609,190.1999969482422,141036800,22.5,train,0.013550903858818436,-0.05694711940848041,41.559964944113666,0.14285790331510856,1.178434993501548
2016-01-27,189.5800018310547,191.55999755859372,187.05999755859372,188.1300048828125,185681700,23.11000061035156,train,-0.010942894888797574,-0.06566235903450457,38.86218123979461,0.13709913912831995,1.2995384570149096
2016-01-28,189.9600067138672,190.1999969482422,187.16000366210935,189.1100006103516,143798800,22.420000076293945,train,0.005195620389178154,-0.05954070215167662,40.82076210592821,0.12285971838847627,1.14894647532819
2016-01-29,190.0200042724609,193.8800048828125,189.8800048828125,193.72000122070312,210529300,20.200000762939453,train,0.024084964269730634,-0.03547319020217021,49.08395208529691,0.10654012470197223,0.6747415760612383
2016-02-01,192.52999877929688,194.5800018310547,191.83999633789065,193.6499938964844,136061600,19.979999542236328,train,-0.0003614493939300618,-0.03468555063864165,48.972123075070705,0.09167644209009404,0.6291623899997736
2016-02-02,191.9600067138672,191.97000122070312,189.5399932861328,190.16000366210935,182564900,21.979999542236328,train,-0.0181865321324965,-0.05032439725532134,43.63491090521942,0.08059353352978729,1.0509592705097608
2016-02-03,191.41000366210935,191.77999877929688,187.1000061035156,191.3000030517578,205054900,21.649999618530277,train,0.005977050088959229,-0.04298223778138033,45.71605443035934,0.06440605759948873,0.9753447107241678
2016-02-04,190.7100067138672,192.75,189.9600067138672,191.6000061035156,139531800,21.84000015258789,train,0.001567004993329036,-0.03977994117527672,46.27819914801796,0.05164881897717872,1.0107747021928193
2016-02-05,190.9900054931641,191.6699981689453,187.1999969482422,187.9499969482422,180788300,23.3799991607666,train,-0.019233943619154852,-0.05607408649894641,40.749174707509276,0.049555683137902776,1.326636494934146
2016-02-08,185.7700042724609,186.1199951171875,182.8000030517578,185.4199981689453,191526700,26.0,train,-0.013552441469451462,-0.06653658782101934,37.41259902951854,0.05301715121546597,1.8591257731976283
2016-02-09,183.3600006103516,186.94000244140625,183.1999969482422,185.42999267578125,184513100,26.540000915527344,train,5.390053706405582e-05,-0.06423538494765302,37.434393361562655,0.05522885596191439,1.9509985800354266
2016-02-10,186.41000366210935,188.33999633789065,185.1199951171875,185.2700042724609,148214100,26.290000915527344,train,-0.0008631692180786,-0.06274501488367434,37.211015572934464,0.05431693846780419,1.8781985440282103
2016-02-11,182.33999633789065,184.1000061035156,181.08999633789065,182.8600006103516,219058900,28.13999938964844,train,-0.013093407548559562,-0.07251298440942133,33.92683921813564,0.06126900139272493,2.2286464441093736
2016-02-12,184.9600067138672,186.6499938964844,183.9600067138672,186.6300048828125,127632400,25.399999618530277,train,0.02040723728401243,-0.05107601107552695,42.479245849093246,0.059862058528310245,1.6518095063025835
2016-02-16,188.7700042724609,189.80999755859372,187.6300048828125,189.77999877929688,120250700,24.11000061035156,train,0.016737426755310383,-0.03321644280029534,48.47982466295738,0.06009395442787788,1.377386589520018
2016-02-17,191.16000366210935,193.32000732421875,191.00999450683597,192.8800048828125,136009500,22.309999465942383,train,0.016202759074790542,-0.016148241814302966,53.608917920401275,0.06328507723887963,1.0054248280176372
2016-02-18,193.1999969482422,193.2700042724609,191.72000122070312,192.08999633789065,102343000,21.63999938964844,train,-0.004104266053931322,-0.018422544621789494,52.1831543496739,0.06313048316330372,0.8638505260708255
2016-02-19,191.1699981689453,192.17999267578125,190.4499969482422,192.0,114793000,20.530000686645508,train,-0.00046862110648905744,-0.017240266184901154,52.013445757558834,0.06334345076244358,0.6350290784268882
2016-02-22,193.8699951171875,194.9499969482422,193.7899932861328,194.77999877929688,103640300,19.3799991607666,train,0.014375338238185034,-0.0017670794575357363,56.698171680072875,0.06793817519649706,0.3988290896941234
2016-02-23,194.0,194.32000732421875,192.17999267578125,192.32000732421875,111455300,20.979999542236328,train,-0.012710020835624369,-0.013057247500705804,51.87231998900765,0.06836274073926356,0.7167809637379859
2016-02-24,190.6300048828125,193.52999877929688,189.32000732421875,193.1999969482422,150812200,20.71999931335449,train,0.0045652165522275185,-0.007250376969186956,53.400296595122015,0.07009817671692288,0.658798628245247
2016-02-25,193.72999572753903,195.5500030517578,192.8300018310547,195.5399932861328,110728300,19.11000061035156,train,0.01203902175994836,0.005428684993223243,57.283906632107794,0.07391204381868913,0.32949930207596145
2016-02-26,196.57000732421875,196.67999267578125,194.8999938964844,195.08999633789065,129833700,19.809999465942383,train,-0.0023039559647322493,0.003921187170349283,56.311982525880616,0.07671193599301424,0.46662507041047624
2016-02-29,195.1100006103516,196.22999572753903,193.3300018310547,193.55999755859372,125918100,20.549999237060547,train,-0.007873442465843724,-0.0027748901606110543,53.018228685605735,0.07657442344626317,0.6110051031474545
2016-03-01,195.00999450683597,198.2100067138672,194.4499969482422,198.1100006103516,141799700,17.700000762939453,train,0.023234905755165337,0.021711172668208434,60.430569910708016,0.08287271755966544,0.030145662759867478
2016-03-02,197.7400054931641,199.05999755859372,197.25,199.0,102415000,17.09000015258789,train,0.004482389657384878,0.026921866858066412,61.703339035249705,0.09062640109884426,-0.09629777202518175
2016-03-03,198.7899932861328,199.8000030517578,198.1100006103516,199.77999877929688,95172200,16.700000762939453,train,0.003911930269274466,0.03097251919160171,62.831708518275136,0.09842024584297247,-0.17763709992866794
2016-03-04,200.00999450683597,201.3500061035156,199.02999877929688,200.42999267578125,129293600,16.860000610351562,train,0.003248267069200911,0.03445923028631337,63.789186385988494,0.10593883347370768,-0.14753773608320658
2016-03-07,199.33999633789065,201.07000732421875,199.25,200.58999633789065,100219000,17.350000381469727,train,0.0007979835169489941,0.03559611579276867,64.03479523531621,0.11025260958355171,-0.04960859810197661
2016-03-08,199.32000732421875,199.9199981689453,198.2100067138672,198.3999938964844,123974900,18.670000076293945,train,-0.010977841492832026,0.025096229540271464,58.21460668020583,0.10693074440051432,0.21624190778292088
2016-03-09,199.3600006103516,199.7899932861328,198.42999267578125,199.3800048828125,94801200,18.34000015258789,train,0.004927411997454617,0.030830854780439898,59.96807735470691,0.10277953795814442,0.14771518071004164
2016-03-10,199.9600067138672,201.07000732421875,197.3800048828125,199.5399932861328,156838700,18.049999237060547,train,0.0008021077540981509,0.03226323982909207,60.26125469896194,0.09623509889326724,0.08771040625541518
2016-03-11,201.25999450683597,202.80999755859372,199.5200042724609,202.75999450683597,137964500,16.5,train,0.016008302673559786,0.04942479953467749,65.70509933756773,0.08427876757946091,-0.22887144769730325
2016-03-14,202.16000366210935,203.0399932861328,201.7700042724609,202.5,73612000,16.920000076293945,train,-0.0012830999656031283,0.04845140110353596,64.93163423366234,0.07731862000562023,-0.1440865596473071
2016-03-15,201.3600006103516,202.52999877929688,201.0500030517578,202.1699981689453,93169100,16.84000015258789,train,-0.00163096797736353,0.04692710098100972,63.90337573029763,0.07396666934601087,-0.16142578925265633
2016-03-16,201.6000061035156,203.82000732421875,201.5500030517578,203.33999633789065,129303200,14.989999771118164,train,0.005770518268001061,0.052732927413128294,65.96149245415015,0.0756121522401032,-0.5377658908485772
2016-03-17,203.2400054931641,205.22999572753903,202.7700042724609,204.6300048828125,134278500,14.4399995803833,train,0.006324057359170788,0.05905298221432864,68.11981493783132,0.07643965601886747,-0.6503765550548681
2016-03-18,204.1699981689453,204.77999877929688,203.8000030517578,204.3800048828125,138372400,14.020000457763672,train,-0.0012224641214868177,0.05715071800964533,67.23011859066415,0.07462456065321313,-0.735908559545445
2016-03-21,204.07000732421875,204.94000244140625,203.8000030517578,204.6699981689453,72926700,13.789999961853027,train,0.001417886970066765,0.05748890870529144,67.75619312249813,0.07577067645805746,-0.783823691019365
2016-03-22,203.75999450683597,205.22999572753903,203.57000732421875,204.55999755859372,97471900,14.170000076293944,train,-0.0005375979969665607,0.055541843722350936,67.31475027797583,0.07108306199961288,-0.7072979254220874
2016-03-23,204.1100006103516,204.3300018310547,203.00999450683597,203.2100067138672,81052500,14.9399995803833,train,-0.006621358917105429,0.047376005325390436,61.977925638870936,0.06466066521702951,-0.5516924068850434
2016-03-24,202.0,203.16000366210935,201.7400054931641,203.1199951171875,84360900,14.739999771118164,train,-0.00044304677354087214,0.045892153737125074,61.62709564150882,0.061092979694862645,-0.5917800422691909
2016-03-28,203.6100006103516,203.8600006103516,202.7100067138672,203.2400054931641,62408200,15.239999771118164,train,0.0005906603961287608,0.04495940348505778,61.93646254115897,0.0554452314548654,-0.4891870001348936
2016-03-29,202.75999450683597,205.25,202.3999938964844,205.1199951171875,92922900,13.81999969482422,train,0.00920757617414357,0.053196896962586004,66.49365683856325,0.04478333141222441,-0.7774099003468614
2016-03-30,206.3000030517578,206.8699951171875,205.58999633789065,206.0200042724609,86365300,13.5600004196167,train,0.004378122265993314,0.055843602461943975,68.44161373951243,0.044420915775914664,-0.8291911759663099
2016-03-31,205.91000366210935,206.41000366210935,205.3300018310547,205.5200042724609,94584100,13.949999809265137,train,-0.0024298986034664554,0.051399502161717736,66.14106593657587,0.043642305127338465,-0.7481298524915837
2016-04-01,204.3500061035156,207.13999938964844,203.97999572753903,206.9199981689453,114423500,13.100000381469728,train,0.006788862696050751,0.0562628876320872,69.25706402706908,0.04513872579419321,-0.9185513673938628
2016-04-04,206.8300018310547,207.07000732421875,205.88999938964844,206.25,63497000,14.119999885559082,train,-0.0032432110714291375,0.050744463506479764,66.12092726408135,0.04549569877518466,-0.7104059066766656
2016-04-05,204.6699981689453,206.25999450683597,203.88999938964844,204.19000244140625,99662200,15.420000076293944,train,-0.010038080323305401,0.03880288015384603,57.49961066467069,0.04387343077768471,-0.4467034014834067
2016-04-06,204.19000244140625,206.4900054931641,203.97999572753903,206.4199981689453,91839800,14.09000015258789,train,0.010861974375772835,0.04814499623840751,63.107447524845114,0.03899010925105469,-0.716443498095695
2016-04-07,205.13999938964844,205.55999755859372,203.08999633789065,203.9499969482422,113859000,16.15999984741211,train,-0.012038068466954956,0.03415892277966148,54.525600993064266,0.0332429638730513,-0.29753597907180857
2016-04-08,205.33999633789065,205.8500061035156,203.8699951171875,204.5,95040600,15.359999656677246,train,0.0026931246825536883,0.035229180275339056,55.9616965013834,0.02605396655448737,-0.4627870647044295
2016-04-11,205.25,206.07000732421875,203.91000366210935,204.0200042724609,83757500,16.260000228881836,train,-0.002349926287101038,0.03124259953858055,54.34859522530078,0.025088456208712015,-0.28289923680947854
2016-04-12,204.22000122070312,206.25,203.6999969482422,205.9199981689453,115350600,14.850000381469728,train,0.009269685759992907,0.039564216076569236,59.344248348585054,0.024240417687451006,-0.5718316822245374
2016-04-13,207.0,208.1000061035156,206.83999633789065,208.0,96336400,13.84000015258789,train,0.010050344745569607,0.04854564863633981,63.99001378934464,0.025683374537679094,-0.7783929669149313
2016-04-14,208.07000732421875,208.6000061035156,207.6000061035156,208.00999450683597,65212900,13.720000267028809,train,4.804935924548337e-05,0.04671229887194972,64.011294388264,0.02784235070692458,-0.8041371482025631
2016-04-15,208.00999450683597,208.1699981689453,207.3999938964844,207.77999877929688,75761600,13.619999885559082,train,-0.0011063072931568401,0.04382371334670809,63.08734910448448,0.0298805959661176,-0.8260450029867428
2016-04-18,207.77999877929688,209.27999877929688,207.0,209.2400054931641,82531000,13.350000381469728,train,0.007002122987938292,0.04929860933329877,66.40259083131406,0.03388464094664883,-0.8805311181809122
2016-04-19,209.7400054931641,210.1999969482422,208.94000244140625,209.8999938964844,88316100,13.239999771118164,train,0.0031492529930353965,0.05029609732175633,67.81002080449107,0.03828298021680857,-0.9029415414057974
2016-04-20,209.9499969482422,210.9199981689453,209.38999938964844,210.1000061035156,81100300,13.279999732971191,train,0.0009524391531005747,0.04870674454472579,68.24418021284094,0.041871849779472496,-0.8948045668937786
2016-04-21,210.1199951171875,210.25,208.6499938964844,208.97000122070312,85695000,13.949999809265137,train,-0.0053929300679507845,0.04062092431846143,63.068697259604576,0.04148736949201113,-0.7594548176220733
2016-04-22,208.5500030517578,209.2899932861328,207.91000366210935,208.97000122070312,99251700,13.220000267028809,train,0.0,0.03817041958819689,63.068697259604576,0.04019136799687309,-0.9100325154020606
2016-04-25,208.25999450683597,208.66000366210935,207.5399932861328,208.6100006103516,66166500,14.079999923706056,train,-0.0017242238515328466,0.03373706776419372,61.34964299964602,0.037925300379009014,-0.7363173564476646
2016-04-26,209.0399932861328,209.5200042724609,208.3600006103516,208.9199981689453,75864200,13.960000038146973,train,0.0014849118217189086,0.03299123796057457,62.302500567764,0.037898917456804224,-0.7620552001788932
2016-04-27,208.47000122070312,209.80999755859372,208.0500030517578,209.3500061035156,77329400,13.770000457763672,train,0.002056126816036358,0.03311803987314743,63.641508689206454,0.038664487914827975,-0.8029925994733171
2016-04-28,208.4600067138672,209.75999450683597,206.9600067138672,207.4499969482422,97216200,15.220000267028809,train,-0.009117189551686819,0.022271663017640497,54.44011506050728,0.03785783272319358,-0.5071249286299064
2016-04-29,206.72000122070312,207.1300048828125,205.02999877929688,206.3300018310547,142424100,15.699999809265137,train,-0.005413494396528191,0.015327604689291396,49.86353246893418,0.03807538306641034,-0.4095538026221585
2016-05-02,206.9199981689453,208.17999267578125,206.41000366210935,207.97000122070312,62188000,14.68000030517578,train,0.007917006727903951,0.021791880200420888,55.731996487132655,0.03782613049806856,-0.6218668158466293
2016-05-03,206.5200042724609,206.8000030517578,205.27999877929688,206.16000366210935,106422100,15.600000381469728,train,-0.008741260291898697,0.011767658371011125,48.92548144652339,0.03550800540329114,-0.4352720909905753
2016-05-04,204.9900054931641,205.8500061035156,204.4199981689453,205.00999450683597,92243800,16.049999237060547,train,-0.00559385246567411,0.004872142669343216,45.152296897630066,0.03680880199808683,-0.34409154619564347
2016-05-05,205.55999755859372,205.97999572753903,204.47000122070312,204.97000122070312,67619200,15.90999984741211,train,-0.0001950987203106353,0.003518221594575488,45.02225877375601,0.03520836484029477,-0.3737313531969453
2016-05-06,204.05999755859372,205.7700042724609,203.8800048828125,205.72000122070312,89315000,14.720000267028809,train,0.003652393918966363,0.006187188025565948,48.04418505064564,0.03359807618608117,-0.6190957652561123
2016-05-09,205.57000732421875,206.3999938964844,205.3600006103516,205.88999938964844,74374900,14.56999969482422,train,0.0008260157836741845,0.005955898174353713,48.73206157760967,0.030710582249825532,-0.6522338542142974
2016-05-10,206.72000122070312,208.47000122070312,206.63999938964844,208.4499969482422,77472200,13.630000114440918,train,0.012357147062368385,0.01698403468695564,57.79416159754928,0.029852977275486,-0.8462929196059559
2016-05-11,207.91000366210935,208.5399932861328,206.5,206.5,81727000,14.6899995803833,train,-0.009398777285479427,0.006646304317901253,50.47533774541104,0.03032813656494062,-0.628133585080171
2016-05-12,207.2899932861328,207.4900054931641,205.3699951171875,206.55999755859372,89586300,14.40999984741211,train,0.0002905028778884563,0.006197143122695925,50.68227785110737,0.030685921667399058,-0.6868588779999103
2016-05-13,206.2100067138672,206.8600006103516,204.3800048828125,204.75999450683597,96474600,15.039999961853027,train,-0.008752380516923421,-0.00305473992836236,44.653821480373175,0.032993416546877284,-0.559225551629196
2016-05-16,204.9600067138672,207.33999633789065,204.88999938964844,206.77999877929688,77486800,14.68000030517578,train,0.00981688549310385,0.006158201380475514,51.60998081179039,0.032198894282063455,-0.6367744431962081
2016-05-17,206.4600067138672,206.8000030517578,204.22999572753903,204.8500061035156,114924900,15.56999969482422,train,-0.009377386467228658,-0.0036458913896074696,45.699999193904745,0.031847979126373015,-0.45516543037332696
2016-05-18,204.44000244140625,206.3000030517578,203.6300048828125,204.91000366210935,120062100,15.949999809265137,train,0.0002928424326074842,-0.003984821096973512,45.907372623362235,0.030268261491331282,-0.37938457749547344
2016-05-19,204.05999755859372,204.5399932861328,202.77999877929688,204.1999969482422,115430500,16.329999923706055,train,-0.003470985434915356,-0.007900855203640145,43.776732146314345,0.030749022069488503,-0.3036490933878449
2016-05-20,204.9199981689453,206.1000061035156,204.8600006103516,205.4900054931641,104990400,15.199999809265137,train,0.006297506898184872,-0.002210270993044383,48.45741035932113,0.029253637136273693,-0.5432527459618073
2016-05-23,205.50999450683597,205.83999633789065,204.9900054931641,205.2100067138672,58682600,15.81999969482422,train,-0.0013635199140758511,-0.0038068728338612745,47.53243325645814,0.028048873454796272,-0.41765422561395904
2016-05-24,206.1699981689453,208.2400054931641,206.13999938964844,207.8699951171875,93537800,14.420000076293944,train,0.012878983047929088,0.008580208850673232,56.10472336403944,0.026501222779189974,-0.7116770346180389
2016-05-25,208.6699981689453,209.7700042724609,207.8699951171875,209.27999877929688,76621400,13.899999618530272,train,0.006760201618305196,0.014721404571102381,59.849469688329066,0.026347407069398022,-0.8216461150883994
2016-05-26,209.44000244140625,209.7100067138672,208.97000122070312,209.33999633789065,55280700,13.43000030517578,train,0.0002866444971783456,0.01442208361534969,60.00582024372756,0.02906642204826039,-0.9204532012738075
2016-05-27,209.52999877929688,210.25,209.47000122070312,210.2400054931641,64211200,13.119999885559082,train,0.004290054491167181,0.01822974641254782,62.372869391869315,0.03344069513393077,-0.9843712581565799
2016-05-31,210.55999755859372,210.69000244140625,209.17999267578125,209.83999633789065,109879400,14.1899995803833,train,-0.001904443317603481,0.015755224185957983,60.65463594324708,0.035805185105175476,-0.7602435853941574
2016-06-01,209.1199951171875,210.47999572753903,208.88999938964844,210.2700042724609,69936200,14.199999809265137,train,0.002047121392564943,0.017285207296432015,61.87064585715863,0.03888125335063146,-0.7580935277055738
2016-06-02,209.8000030517578,210.92999267578125,209.2400054931641,210.91000366210935,63044700,13.630000114440918,train,0.003039080061627184,0.019754957176069565,63.67031611893801,0.04157824380515793,-0.8776142393379243
2016-06-03,210.25,210.69000244140625,208.8600006103516,210.27999877929688,101757100,13.470000267028809,train,-0.002991549414782264,0.016014248232744777,60.63631770043464,0.04244325822401619,-0.9094109916860982
2016-06-06,210.6999969482422,211.7700042724609,210.50999450683597,211.3500061035156,64887000,13.649999618530272,train,0.0050755857453942625,0.020372720119185894,63.79211446115473,0.0448447669446634,-0.8708896269825673
2016-06-07,211.52999877929688,212.33999633789065,211.5,211.67999267578125,60974800,14.050000190734863,train,0.001560109874706679,0.021133688182195964,64.73118533960081,0.047093898689908306,-0.785522848239363
2016-06-08,211.83999633789065,212.5200042724609,211.69000244140625,212.3699951171875,66170900,14.079999923706056,train,0.003254347695984139,0.023746142897598688,66.67732544893654,0.05056977505693819,-0.7787315628882943
2016-06-09,211.50999450683597,212.22000122070312,211.19000244140625,212.0800018310547,73786900,14.640000343322754,train,-0.0013664428476379365,0.021751245543539577,65.05263680983933,0.05252896056966874,-0.6633271698045766
2016-06-10,210.4600067138672,210.8600006103516,209.42999267578125,210.07000732421875,113829200,17.030000686645508,train,-0.009522727241363724,0.011624054879610046,55.04168631062843,0.05225524216090515,-0.16640062107785838
2016-06-13,209.3600006103516,210.3699951171875,208.3500061035156,208.4499969482422,117751200,20.96999931335449,train,-0.007741653686631843,0.0036747483010777238,48.55593437414243,0.04944235560325761,0.6552273594774668
2016-06-14,208.0,208.7400054931641,206.9199981689453,208.0399932861328,125059300,20.5,train,-0.001968853053697048,0.0015279665685261623,47.045030008668114,0.04877076921788053,0.5521880725899141
2016-06-15,208.0399932861328,209.3600006103516,207.52999877929688,207.75,109124500,20.13999938964844,train,-0.0013949028973121098,-0.00021078611978719852,45.9557993041275,0.04580502131974271,0.4723008358099394
2016-06-16,207.75,208.57000732421875,205.58999633789065,208.3699951171875,149533100,19.3700008392334,train,0.002979888413175233,0.0025847466301087696,48.69097301428375,0.042277277643955544,0.306681566739278
2016-06-17,207.1699981689453,207.1999969482422,205.75,206.5200042724609,117055700,19.40999984741211,train,-0.008918041449404963,-0.006562287374101805,41.88000914346497,0.038194863805270464,0.31045391578902926
2016-06-20,208.82000732421875,209.6100006103516,207.75,207.8500061035156,82789600,18.3700008392334,train,0.006419414364319795,-0.00048662451915304494,47.55932165724255,0.035045061636911935,0.0877681102839715
2016-06-21,208.3000030517578,208.9199981689453,207.77999877929688,208.44000244140625,72461700,18.479999542236328,train,0.002834546690119183,0.0019246442564626598,49.898188098035675,0.03024992066131691,0.10642485830908008
2016-06-22,208.6499938964844,209.5,207.92999267578125,208.1000061035156,95560500,21.170000076293945,train,-0.0016324790244544257,8.076444935034566e-05,48.5542659204111,0.030029890753026818,0.6691898694693115
2016-06-23,209.80999755859372,210.8699951171875,209.2700042724609,210.80999755859372,102731400,17.25,train,0.01293847956182914,0.012830810623913447,58.21460232637963,0.030429221196206887,-0.16534582871423045
2016-06-24,203.6300048828125,210.8500061035156,202.72000122070312,203.2400054931641,333444400,25.76000022888184,train,-0.03656966853764346,-0.023091245330160493,37.20071636853474,0.04050139776247581,1.6257721692116007
2016-06-27,201.58999633789065,201.6000061035156,198.6499938964844,199.6000061035156,230775800,23.850000381469727,train,-0.018072179297399616,-0.03983249293617719,31.342122308753133,0.057166796602464744,1.2116700359138137
2016-06-28,201.47999572753903,203.22999572753903,201.1199951171875,203.1999969482422,159382400,18.75,train,0.017875306229735047,-0.02194653611741826,41.2042925090726,0.06160755416915191,0.13439504203657798
2016-06-29,204.83999633789065,206.92999267578125,204.72000122070312,206.66000366210935,137328600,16.639999389648438,train,0.01688424782083073,-0.004982296400859232,48.814390153639074,0.061567754686520704,-0.3099501046702578
2016-06-30,207.2100067138672,209.5399932861328,206.55999755859372,209.47999572753903,165021900,15.630000114440918,train,0.013553300509066859,0.008655500949556139,54.03614720529713,0.06075105366237026,-0.5227903959891652
2016-07-01,209.47999572753903,210.4900054931641,209.2899932861328,209.9199981689453,106055300,14.770000457763672,train,0.002098248017361924,0.010681669514315484,54.810779349466685,0.0605490501866619,-0.7021221315873768
2016-07-05,208.9499969482422,209.0800018310547,207.7100067138672,208.41000366210935,109803700,15.579999923706056,train,-0.00721918608853567,0.003465754088957995,51.59705259812226,0.0589974728243075,-0.5297774490879207
2016-07-06,207.8300018310547,209.8000030517578,207.05999755859372,209.66000366210935,96021500,14.960000038146973,train,0.005979877546764581,0.009382272575179096,54.001451006590585,0.057311805170837796,-0.6592525727939155
2016-07-07,209.8699951171875,210.6499938964844,208.6300048828125,209.52999877929688,85593800,14.760000228881836,train,-0.0006202671162164133,0.008697133787414435,53.70266189195942,0.054461917855389536,-0.6967900155585706
2016-07-08,211.0500030517578,212.94000244140625,210.77999877929688,212.6499938964844,133971000,13.199999809265137,train,0.014780671622370557,0.02339192258693079,59.494918409495156,0.05532788648228184,-1.017939412905667
2016-07-11,213.19000244140625,214.07000732421875,212.9499969482422,213.3999938964844,73633900,13.539999961853027,train,0.0035207172688849625,0.02641352451770218,60.7656398903654,0.059380001765099256,-0.9421552450757412
2016-07-12,214.52999877929688,215.3000030517578,213.42999267578125,214.9499969482422,101275600,13.550000190734863,train,0.007237118478405187,0.033012160524671375,63.32629793550454,0.06604323958715405,-0.9395170595448428
2016-07-13,215.44000244140625,215.4499969482422,214.3500061035156,214.9199981689453,87324100,13.039999961853027,train,-0.00013957140384917246,0.0321784866547119,63.24027100103224,0.07141728955480596,-1.0459831698699136
2016-07-14,216.3999938964844,216.6699981689453,215.66000366210935,216.1199951171875,91230900,12.81999969482422,train,0.005567929041885831,0.036949583197682934,65.2725551057007,0.07755735801886446,-1.0914088477565227
2016-07-15,216.77999877929688,217.00999450683597,215.30999755859372,215.8300018310547,107155400,12.670000076293944,train,-0.0013427171281419333,0.03448408919415802,64.34672551801694,0.08222801454189349,-1.1239540027972421
2016-07-18,215.97000122070312,216.6000061035156,215.6699981689453,216.41000366210935,58725900,12.4399995803833,train,0.0026837042929593294,0.03612779750182571,65.40368039615709,0.08578452136097625,-1.1732132637622266
2016-07-19,215.9199981689453,216.22999572753903,215.6300048828125,216.19000244140625,54345700,11.970000267028809,train,-0.0010171115883742777,0.034037785149886535,64.62113059364515,0.08881653802402627,-1.2712894195619988
2016-07-20,216.19000244140625,217.3699951171875,216.19000244140625,217.08999633789065,58159500,11.770000457763672,train,0.004154335272334221,0.037231178172126844,66.39263957759799,0.0923726181931475,-1.3122705745595977
2016-07-21,216.9600067138672,217.22000122070312,215.75,216.2700042724609,67777300,12.739999771118164,train,-0.0037843503917660464,0.03254177060536212,63.28346963677803,0.09403835092157985,-1.1099606937565731
2016-07-22,216.41000366210935,217.3000030517578,216.1000061035156,217.2400054931641,62787500,12.020000457763672,train,0.004475111612983965,0.03611030886034072,65.35059861508142,0.09708230521655224,-1.2598087307071684
2016-07-25,217.0,217.05999755859372,215.97000122070312,216.6499938964844,55873100,12.869999885559082,train,-0.002719638439119201,0.03230273133375183,63.02625468147078,0.09190510908529934,-1.079988611730145
2016-07-26,216.52999877929688,217.1699981689453,215.75999450683597,216.75,70080500,13.050000190734863,train,0.0004614956469723088,0.03160052808919045,63.26475251211245,0.07537395776831043,-1.0384285198755536
2016-07-27,217.19000244140625,217.2700042724609,215.6199951171875,216.5200042724609,84083900,12.829999923706056,train,-0.001061673999466616,0.02955135563544098,62.26992615313649,0.06320273772867713,-1.083407344434257
2016-07-28,216.2899932861328,217.1100006103516,215.75,216.7700042724609,65035700,12.720000267028809,train,0.0011539616552978648,0.029572990083174044,62.951882443939596,0.056352863249563415,-1.1068290108829495
2016-07-29,216.4600067138672,217.5399932861328,216.1300048828125,217.1199951171875,79519400,11.869999885559082,train,0.0016132702810726198,0.030040613429324736,63.93467111224232,0.05352319341569532,-1.2841119257020535
2016-08-01,217.19000244140625,217.6499938964844,216.41000366210935,216.94000244140625,73311400,12.4399995803833,train,-0.0008293447316518964,0.027944130840491077,63.00895230870066,0.05023443791971482,-1.165518808516942
2016-08-02,216.6499938964844,216.8300018310547,214.57000732421875,215.5500030517578,92295500,13.369999885559082,train,-0.006427913514755386,0.020384989715852342,56.237064525820195,0.04164392523869644,-0.9722871622331365
2016-08-03,215.47999572753903,216.25,215.1300048828125,216.17999267578125,53993600,12.859999656677246,train,0.0029184447567219564,0.022305500914132415,58.41835084070954,0.03394512874920423,-1.0788265384971965
2016-08-04,216.30999755859372,216.77999877929688,214.25,216.41000366210935,46585500,12.420000076293944,train,0.0010634134397508202,0.022567278473492713,59.21759402229789,0.021788719315952193,-1.1707704766438927
2016-08-05,216.41000366210935,218.22999572753903,216.41000366210935,218.17999267578125,71892200,11.390000343322754,train,0.008145603052374027,0.03006436155666803,64.82117033878612,0.01836030323993414,-1.381320361783244
2016-08-08,218.3999938964844,218.5200042724609,217.7400054931641,218.0500030517578,39906500,11.5,train,-0.000595968315540014,0.0286047053443923,64.12432237310614,0.015189124506247357,-1.35431804583003
2016-08-09,218.1300048828125,218.75999450683597,217.8000030517578,218.17999267578125,51251700,11.65999984741211,train,0.0005959683155400788,0.028447489574495055,64.53491099121644,0.01509505540100559,-1.3197018307416162
2016-08-10,218.30999755859372,218.3999938964844,217.22999572753903,217.63999938964844,57941100,12.050000190734863,train,-0.002478057786678795,0.025148253315238067,61.39164991546764,0.013612810712353526,-1.235258667705119
2016-08-11,218.25999450683597,218.94000244140625,217.9499969482422,218.6499938964844,72504300,11.68000030517578,train,0.004629931131066985,0.029093212113368683,64.84100227074794,0.015152085859998575,-1.3083379058375268
2016-08-12,218.2899932861328,218.7100067138672,217.9900054931641,218.4600067138672,61313500,11.550000190734863,train,-0.0008692877962790191,0.027468807210923263,63.68832919869786,0.015573966252951505,-1.3313305935950583
2016-08-15,218.88999938964844,219.5,218.8800048828125,219.08999633789065,49813500,11.8100004196167,train,0.0028796254369330004,0.029578574746962794,65.85586519354234,0.017281511304692052,-1.2753329440239929
2016-08-16,218.6000061035156,218.67999267578125,217.9600067138672,217.9600067138672,53213600,12.640000343322754,train,-0.005170997066931637,0.023632433680973453,59.04743674459411,0.01698426795335399,-1.1027402455082882
2016-08-17,218.0,218.52999877929688,217.0200042724609,218.3699951171875,75134300,12.1899995803833,train,0.0018792589198994053,0.024913875656051188,60.63750876409277,0.017498568825271406,-1.192987485935798
2016-08-18,218.33999633789065,218.8999938964844,218.2100067138672,218.8600006103516,52989300,11.43000030517578,train,0.002241409341068878,0.026588292281482184,62.51100803250498,0.0178630236397481,-1.3429948593803522
2016-08-19,218.30999755859372,218.75,217.7400054931641,218.5399932861328,75443000,11.34000015258789,train,-0.0014632253579313348,0.024466406574958688,60.48625841963222,0.018318142096663572,-1.3503999154451936
2016-08-22,218.25999450683597,218.8000030517578,217.8300018310547,218.52999877929688,61368800,12.270000457763672,train,-4.573412505607312e-05,0.02360765886775562,60.42043433936605,0.018309358357799038,-1.1534216012731
2016-08-23,219.25,219.6000061035156,218.8999938964844,218.97000122070312,53399200,12.380000114440918,train,0.002011440410315236,0.02465882818117282,62.36234410858012,0.018638713668919178,-1.1572648258510032
2016-08-24,218.8000030517578,218.91000366210935,217.3600006103516,217.8500061035156,71728900,13.449999809265137,train,-0.00512795912589462,0.018482790592359244,54.969290123735945,0.017900376221286932,-0.9347399645942641
2016-08-25,217.3999938964844,218.19000244140625,217.22000122070312,217.6999969482422,69224800,13.630000114440918,train,-0.0006888263581849352,0.016835455623876783,54.04513605437388,0.017360150246758233,-0.892791088450092
2016-08-26,217.9199981689453,219.1199951171875,216.25,217.2899932861328,122506300,13.649999618530272,train,-0.0018851182451652374,0.01407540507960392,51.49678630427537,0.017250073860350743,-0.8822826510062801
2016-08-29,217.44000244140625,218.6699981689453,217.3999938964844,218.3600006103516,70502200,12.9399995803833,train,0.004912243731562651,0.017944088349110876,57.17236568350975,0.01688638302213531,-1.037337145484263
2016-08-30,218.25999450683597,218.58999633789065,217.3500061035156,218.0,58114500,13.119999885559082,train,-0.0016500169196298786,0.015305025854281729,54.84698728197149,0.013552109603893569,-0.9928598723772467
2016-08-31,217.6100006103516,217.75,216.47000122070312,217.3800048828125,85269500,13.420000076293944,train,-0.0028480661919428932,0.011575108183037086,50.999780794454644,0.01142593251462982,-0.9249735504081812
2016-09-01,217.3699951171875,217.72999572753903,216.02999877929688,217.38999938964844,97844200,13.479999542236328,train,4.597606430745329e-05,0.010747707510930127,51.059377190116244,0.009454221783688524,-0.9052678256609545
2016-09-02,218.38999938964844,218.8699951171875,217.6999969482422,218.3699951171875,79293900,11.979999542236328,train,0.004497876776550799,0.014590909026974463,56.62949007305988,0.009486766663454587,-1.2538394198272615
2016-09-06,218.6999969482422,219.1199951171875,217.8600006103516,219.02999877929688,56702100,12.020000457763672,train,0.0030178517248761133,0.016166428569967195,59.936603681363174,0.010046816002629029,-1.2413457563467172
2016-09-07,218.83999633789065,219.22000122070312,218.3000030517578,219.00999450683597,76554900,11.9399995803833,train,-9.13353702010252e-05,0.014246950333132613,59.7877950158634,0.010510364819111585,-1.252933404121464
2016-09-08,218.6199951171875,218.94000244140625,218.1499938964844,218.50999450683597,74102900,12.510000228881836,train,-0.0022856108530928034,0.010498508234646486,56.04250415048033,0.010199037772943474,-1.110216955288263
2016-09-09,216.97000122070312,217.02999877929688,213.25,213.27999877929688,221589100,17.5,train,-0.02422590423266505,-0.01429111655883819,32.85698774110912,0.022469419368620656,0.11033172904752445
2016-09-12,212.38999938964844,216.80999755859372,212.30999755859372,216.33999633789065,168110900,15.15999984741211,train,0.014245376567656965,-0.0007824268678094937,46.74053567452457,0.023405575316883344,-0.4562502921365762
2016-09-13,214.83999633789065,215.1499938964844,212.5,213.22999572753903,182828800,17.850000381469727,train,-0.014479851973302413,-0.015447739020644669,38.11445631080963,0.029545033176753478,0.2121699044541886
2016-09-14,213.2899932861328,214.6999969482422,212.5,213.1499938964844,134185500,18.13999938964844,train,-0.0003752607248947453,-0.01624774305445964,37.92058260953858,0.03458512732492477,0.28921508873735496
2016-09-15,212.9600067138672,215.72999572753903,212.75,215.27999877929688,134427900,16.299999237060547,train,0.009943386171964413,-0.0069322842787336025,45.82219836164248,0.03536678016638762,-0.1626933429611446
2016-09-16,213.47999572753903,213.69000244140625,212.57000732421875,213.3699951171875,155236400,15.369999885559082,train,-0.008911775715804298,-0.01609153386651152,40.80645377539293,0.037957685078840474,-0.38898840300594656
2016-09-19,214.1300048828125,214.8800048828125,213.02999877929688,213.41000366210935,80250500,15.529999732971191,train,0.00018749025330848054,-0.015976015861675075,40.95225663338542,0.03996547941458983,-0.343590342019795
2016-09-20,214.41000366210935,214.58999633789065,213.3800048828125,213.4199981689453,69665300,15.920000076293944,train,4.683132298528012e-05,-0.015931747023174236,40.99135877898198,0.041341857541720345,-0.24220622762967067
2016-09-21,214.2400054931641,216.02999877929688,213.44000244140625,215.82000732421875,110284400,13.300000190734863,train,0.011182714263452255,-0.004945267205772597,49.61913913105289,0.040039926870944834,-0.8908377333198846
2016-09-22,217.0,217.52999877929688,216.7100067138672,217.17999267578125,76678700,12.020000457763672,train,0.006281708192279977,0.0011164195661215182,53.7461653237081,0.03969483896908676,-1.20257748513645
2016-09-23,216.72000122070312,216.8800048828125,215.8800048828125,215.9900054931641,73630900,12.289999961853027,train,-0.005494333315913196,-0.004357032836345032,49.89475926694394,0.039257047258674266,-1.127117728090862
2016-09-26,215.0200042724609,215.22999572753903,214.00999450683597,214.2400054931641,89827300,14.5,train,-0.008135228165556755,-0.012279170671402717,44.809402498188525,0.03974681241886479,-0.5646317966499704
2016-09-27,214.0500030517578,215.67999267578125,213.6199951171875,215.57000732421875,78494800,13.100000381469728,train,0.006188809178301589,-0.006070417008397722,49.05886486016098,0.03855377176060707,-0.9168666741773298
2016-09-28,215.8300018310547,216.82000732421875,214.7100067138672,216.63999938964844,87411000,12.390000343322754,train,0.004951270145156846,-0.001178447033199248,52.24456364952224,0.03767412852724478,-1.0966844813601795
2016-09-29,216.3999938964844,216.8699951171875,214.0399932861328,214.67999267578125,128070600,14.020000457763672,train,-0.009088473714841045,-0.009995077751854708,46.50713422384199,0.037367432821754344,-0.6678874600354121
2016-09-30,215.6499938964844,217.1199951171875,215.3600006103516,216.3000030517578,117202900,13.289999961853027,train,0.00751783387621049,-0.0025270983254225277,51.270491946159304,0.03678175517766975,-0.8520798711389708
2016-10-03,215.82000732421875,216.0399932861328,215.0399932861328,215.77999877929688,83512100,13.56999969482422,train,-0.002406982601896969,-0.004791099102828489,49.73943282684093,0.03493995809197169,-0.7720806219997081
2016-10-04,215.91000366210935,216.1699981689453,213.9900054931641,214.67999267578125,119948100,13.630000114440918,train,-0.005110851274313622,-0.00968452925755614,46.571215836744216,0.03170494123824872,-0.7502598398113174
2016-10-05,215.41000366210935,216.1300048828125,215.3300018310547,215.6300048828125,72816000,12.989999771118164,train,0.00441548537526153,-0.0051993445556817175,49.55943733931742,0.02757094735628379,-0.9113229872317465
2016-10-06,215.3699951171875,216.0399932861328,214.7400054931641,215.77999877929688,62927400,12.84000015258789,train,0.0006953658990521912,-0.004439376925181149,50.03459311034323,0.02374393402554543,-0.9437387267885209
2016-10-07,216.1000061035156,216.3000030517578,214.19000244140625,215.0399932861328,89788300,13.479999542236328,train,-0.0034353383527250857,-0.00769518742980102,47.649734633855914,0.022587579204512508,-0.7709271212209663
2016-10-10,216.16000366210935,216.6999969482422,215.9900054931641,216.16000366210935,51855000,13.380000114440918,train,0.00519486504024544,-0.0024385033442677617,51.4236237790099,0.022425586503487766,-0.792339907173359
2016-10-11,215.66000366210935,215.7400054931641,212.5800018310547,213.42999267578125,130367400,15.359999656677246,train,-0.01271001541479858,-0.01471809014037706,43.240993204619414,0.022154147899798853,-0.2731911850073262
2016-10-12,213.58999633789065,214.32000732421875,213.00999450683597,213.7100067138672,73866100,15.90999984741211,train,0.0013111114791328417,-0.013257796958353052,44.221381490505806,0.021412700778396118,-0.12744373968330597
2016-10-13,212.16000366210935,213.58999633789065,211.2100067138672,213.00999450683597,101357000,16.690000534057617,train,-0.003280900041982382,-0.016201906873227312,42.25636606249298,0.023021800518769578,0.07815169836202682
2016-10-14,214.1499938964844,214.69000244140625,213.02999877929688,213.1199951171875,93346200,16.1200008392334,train,0.0005162772650284872,-0.015394639984813163,42.687347270128974,0.023348043305102352,-0.07117932543973418
2016-10-17,213.08999633789065,213.38999938964844,212.1699981689453,212.3800048828125,58275700,16.209999084472656,train,-0.003478218474305837,-0.01828724998621334,40.49757564283143,0.024876480554127084,-0.04882975628599144
2016-10-18,214.2400054931641,214.30999755859372,213.2700042724609,213.7100067138672,76869700,15.279999732971191,train,0.006242841251259704,-0.011742887635682542,45.872006942539194,0.024596619164149285,-0.29275799831701216
2016-10-19,214.0200042724609,214.63999938964844,213.6000061035156,214.27999877929688,66519200,14.40999984741211,train,0.0026635780981098226,-0.00874954068109346,48.03813362094788,0.024446573729198392,-0.5190107603811154
2016-10-20,213.8699951171875,214.52999877929688,213.1100006103516,213.8800048828125,73639800,13.75,train,-0.0018684324057799974,-0.010255592022294202,46.627944263163684,0.02264930240567272,-0.6881073949150197
2016-10-21,213.8800048828125,214.0800018310547,212.75999450683597,213.97999572753903,89089100,13.34000015258789,train,0.00046739983361037736,-0.009364710345108773,47.046427559389706,0.022138088887101413,-0.7936086186648541
2016-10-24,215.0,215.32000732421875,214.47999572753903,214.88999938964844,60146600,13.020000457763672,train,0.004243733710348447,-0.004822827273002206,50.8253910649161,0.022108587290930508,-0.8748585371453668
2016-10-25,214.67999267578125,214.97999572753903,213.97999572753903,214.1699981689453,66542300,13.460000038146973,train,-0.0033561828212316756,-0.007705036321026593,47.9120143833827,0.021813974625693608,-0.7573254666166377
2016-10-26,213.2100067138672,214.4199981689453,212.92999267578125,213.7400054931641,75705500,14.239999771118164,train,-0.0020097348359742005,-0.00930988083837403,46.208483030189726,0.02014561573804193,-0.5523540348551419
2016-10-27,214.5800018310547,214.6199951171875,213.0800018310547,213.1699981689453,77220200,15.359999656677246,train,-0.0026703879415081815,-0.011475368004756348,43.97630662078583,0.020737552600391354,-0.2615125366219404
2016-10-28,213.13999938964844,213.92999267578125,211.7100067138672,212.5399932861328,140623200,16.190000534057617,train,-0.0029597864996322065,-0.013818813832063404,41.585226979887544,0.020204931850355597,-0.046670057733050295
2016-10-31,212.92999267578125,213.19000244140625,212.3600006103516,212.5500030517578,61272500,17.059999465942383,train,4.709480680828749e-05,-0.01322385082630606,41.6395218511456,0.019962489559620253,0.17832255960611507
2016-11-01,212.92999267578125,212.9900054931641,209.6000061035156,211.00999450683597,122781800,18.559999465942383,train,-0.007271769477387915,-0.01968893915466241,36.082782345196094,0.023125680229116194,0.5652613249202928
2016-11-02,210.6499938964844,211.1000061035156,209.22999572753903,209.7400054931641,103330800,19.31999969482422,train,-0.006036805088636923,-0.024752672355582317,32.2595229709537,0.027169561503735402,0.7581551828376498
2016-11-03,209.9900054931641,210.2400054931641,208.4600067138672,208.77999877929688,88939300,22.07999992370605,train,-0.004587634463296163,-0.028396982761598744,29.69788227334753,0.0316506063898015,1.4650832214815572
2016-11-04,208.91000366210935,209.88999938964844,208.3800048828125,208.5500030517578,109122100,22.51000022888184,train,-0.0011022248571398241,-0.028640078882919973,29.101659971442643,0.035798704687433264,1.5618418009549997
2016-11-07,208.5500030517578,213.19000244140625,208.5500030517578,213.1499938964844,109794900,18.709999084472656,train,0.021817279300208343,-0.0068317557054838884,50.5044631239184,0.03289561285718423,0.5748846423813941
2016-11-08,212.69000244140625,214.7700042724609,212.3800048828125,214.1100006103516,106772100,18.739999771118164,train,0.004493789925349073,-0.001963344873673001,53.64926440298712,0.03327680803185596,0.5799741207878872
2016-11-09,212.3699951171875,217.1000061035156,212.33999633789065,216.3800048828125,258429000,14.380000114440918,train,0.010546239323610554,0.008770237638908052,60.10419386258359,0.03631188685591012,-0.5452789001186797
2016-11-10,217.3000030517578,218.30999755859372,215.22000122070312,216.9199981689453,172113300,14.739999771118164,train,0.002492469706366672,0.011331080260442716,61.47850287996545,0.0399148337194949,-0.4507861570690456
2016-11-11,216.0800018310547,216.6999969482422,215.32000732421875,216.4199981689453,100552700,14.170000076293944,train,-0.0023076578488590255,0.009091234566423578,59.43686200796642,0.04219739982432792,-0.5934910330638152
2016-11-14,217.02999877929688,217.2700042724609,215.72000122070312,216.58999633789065,94580000,14.479999542236328,train,0.0007851928585297687,0.010051535716182336,59.92416332921821,0.04414724392894869,-0.5083669973538956
2016-11-15,217.0399932861328,218.27999877929688,216.8000030517578,218.27999877929688,91652600,13.369999885559082,train,0.007772488184279762,0.01800394874174205,64.4911563266341,0.04834966402869732,-0.7896085160703863
2016-11-16,217.55999755859372,218.13999938964844,217.4199981689453,217.8699951171875,65617700,13.720000267028809,train,-0.0018801044990033242,0.016199849120207777,62.6265326173353,0.051247438428838867,-0.6938690549892685
2016-11-17,218.0500030517578,219.05999755859372,217.9199981689453,218.9900054931641,69797200,13.350000381469728,train,0.0051275595309297475,0.021378121021330854,65.55621725074248,0.05532498209171688,-0.7848490585944944
2016-11-18,219.07000732421875,219.2700042724609,218.2899932861328,218.5,86265800,12.850000381469728,train,-0.0022400772219400324,0.018596734745409238,63.22123262144961,0.05809381659348863,-0.9080728645035306
2016-11-21,219.1699981689453,220.17999267578125,219.0,220.1499938964844,72402600,12.420000076293944,train,0.007523089941767798,0.025924191108612993,67.42827573168434,0.06267324455409028,-1.0136739338910612
2016-11-22,220.50999450683597,220.7899932861328,219.72999572753903,220.5800018310547,67429000,12.40999984741211,train,0.001951344701679288,0.027224390209447558,68.44143077955383,0.06709121936290144,-1.0109799101211419
2016-11-23,219.97999572753903,220.75999450683597,219.75,220.6999969482422,56620200,12.43000030517578,train,0.0005438502559692207,0.027060973365643504,68.73370024040794,0.07072653576322223,-1.0003139944428168
2016-11-25,221.1000061035156,221.55999755859372,221.00999450683597,221.5200042724609,37872300,12.34000015258789,train,0.0037085987146661397,0.03027864066515673,70.72871779113547,0.07433023745007315,-1.018515597492511
2016-11-28,221.16000366210935,221.47999572753903,220.3600006103516,220.47999572753903,76572500,13.149999618530272,train,-0.004705929702431552,0.024763868870281813,65.05875941820437,0.07536725060285908,-0.808729051023555
2016-11-29,220.5200042724609,221.44000244140625,220.1699981689453,220.91000366210935,69886700,12.899999618530272,train,0.0019484268841791865,0.026047151675247848,66.26300410497652,0.0760847476713245,-0.8679406398594264
2016-11-30,221.6300048828125,221.82000732421875,220.30999755859372,220.3800048828125,113291800,13.329999923706056,train,-0.002402044115511943,0.022924143259320795,63.36429835517697,0.07374809452200239,-0.75644198645869
2016-12-01,220.72999572753903,220.72999572753903,219.1499938964844,219.57000732421875,79040500,14.06999969482422,train,-0.003682229577616673,0.01880975710394539,59.108541768743656,0.06759468287166134,-0.5658678285256218
2016-12-02,219.6699981689453,220.25,219.25999450683597,219.67999267578125,74840300,14.119999885559082,train,0.0005007870409156275,0.01908366304894371,59.50624219057793,0.05716232848173298,-0.5490239324298343
2016-12-05,220.6499938964844,221.3999938964844,220.4199981689453,221.0,67837800,12.140000343322754,train,0.005990792838490881,0.02473078867461953,64.02806398395536,0.04219694197361011,-1.047925935707796
2016-12-06,221.22000122070312,221.7400054931641,220.66000366210935,221.6999969482422,59877400,11.789999961853027,train,0.0031624013392542805,0.027265856994668436,66.18454241752573,0.03708216659423019,-1.1298395334615947
2016-12-07,221.5200042724609,224.6699981689453,221.3800048828125,224.6000061035156,110738100,12.220000267028809,train,0.012995966622382341,0.03983313813678491,73.32043050215091,0.03725735676537866,-1.013703589436354
2016-12-08,224.57000732421875,225.6999969482422,224.25999450683597,225.1499938964844,99714400,12.640000343322754,train,0.0024457501595270257,0.04155869913006516,74.42279254864802,0.04084212984667994,-0.9004079079455424
2016-12-09,225.41000366210935,226.52999877929688,225.3699951171875,226.50999450683597,88005800,11.75,train,0.006022250168650405,0.046704504808326996,76.95812012023966,0.04611561019360503,-1.1163357877764766
2016-12-12,226.3999938964844,226.9600067138672,225.75999450683597,226.25,102016100,12.640000343322754,train,-0.0011484872275315556,0.04454252735445907,75.41900361220789,0.04810163601231553,-0.8861745307569115
2016-12-13,227.0200042724609,228.33999633789065,227.0,227.75999450683597,110477500,12.720000267028809,train,0.006651836271534054,0.050351939431616755,78.15191919875082,0.051371864026193155,-0.8593190673588431
2016-12-14,227.41000366210935,228.22999572753903,225.3699951171875,225.8800048828125,142501800,13.1899995803833,train,-0.008288512430090838,0.040607103224951535,68.01316715630314,0.0521457783788383,-0.7329565826244641
2016-12-15,226.16000366210935,227.80999755859372,225.88999938964844,226.80999755859372,124972600,12.789999961853027,train,0.004108745406762306,0.0438162506720432,70.0809343482791,0.05261454994609149,-0.8293341773497104
2016-12-16,226.00999450683597,226.0800018310547,224.6699981689453,225.0399932861328,156420200,12.199999809265137,train,-0.007834517480746017,0.034788434374134036,61.88171990666151,0.05162035626550351,-0.9724961887994396
2016-12-19,225.25,226.0200042724609,225.0800018310547,225.52999877929688,90341100,11.710000038146973,train,0.0021750480279245188,0.03604211638938337,63.16649390702933,0.04970897115768651,-1.0890417211053425
2016-12-20,226.1499938964844,226.57000732421875,225.8800048828125,226.3999938964844,89838800,11.449999809265137,train,0.0038501369946168235,0.03906114853937659,65.396538450147,0.049858556214056875,-1.1462112056975915
2016-12-21,226.25,226.4499969482422,225.7700042724609,225.7700042724609,67909000,11.270000457763672,train,-0.002786518496202013,0.03499748655330204,62.448107094859324,0.0493361252329037,-1.1834734439640089
2016-12-22,225.6000061035156,225.7400054931641,224.9199981689453,225.3800048828125,56219100,11.43000030517578,train,-0.0017289126848318095,0.03210528487612363,60.62585136456329,0.048274826975741675,-1.1356902736393946
2016-12-23,225.42999267578125,225.72000122070312,225.2100067138672,225.7100067138672,36697800,11.4399995803833,train,0.0014631310002082348,0.032415621733279165,61.6457125657007,0.047804404972321315,-1.1259743315292785
2016-12-27,226.0200042724609,226.72999572753903,226.0,226.2700042724609,42672500,11.989999771118164,train,0.0024779761561614494,0.03373353058774908,63.37916757033265,0.04618388273015097,-0.9801080808774093
2016-12-28,226.57000732421875,226.58999633789065,224.2700042724609,224.3999938964844,64095000,12.949999809265137,train,-0.00829884889609861,0.024065513595802557,54.518172235786096,0.0440004024428103,-0.7336957278454836
2016-12-29,224.47999572753903,224.88999938964844,223.83999633789065,224.3500061035156,48696100,13.369999885559082,train,-0.00022278682195241603,0.022844078130472845,54.29962894992287,0.04065493690901779,-0.6234730685323316
2016-12-30,224.72999572753903,224.8300018310547,222.72999572753903,223.52999877929688,108998300,14.039999961853027,train,-0.0036617318546012492,0.01824671455738658,50.70862048083943,0.03527572363765619,-0.45046693287610745
2017-01-03,225.0399932861328,225.8300018310547,223.8800048828125,225.2400054931641,91366500,12.850000381469728,train,0.007620897001746236,0.024975498555760645,57.08269041184473,0.028128817321856955,-0.7442379103402018
2017-01-04,225.6199951171875,226.75,225.6100006103516,226.5800018310547,78744400,11.850000381469728,train,0.0059315667521485736,0.029892247135582473,61.305360353402484,0.02287809159960592,-0.9891353948834175
2017-01-05,226.2700042724609,226.5800018310547,225.47999572753903,226.3999938964844,78379000,11.670000076293944,train,-0.0007947721565785186,0.02799840060885006,60.444985621720306,0.017299962100895065,-1.0265608025225348
2017-01-06,226.52999877929688,227.75,225.8999938964844,227.2100067138672,71559900,11.31999969482422,train,0.003571410142046328,0.030456105509699016,62.96382378628849,0.01766891612292454,-1.1108459327213673
2017-01-09,226.91000366210935,227.07000732421875,226.4199981689453,226.4600067138672,46939700,11.5600004196167,train,-0.0033063709791562737,0.0258710425708899,59.20451823988097,0.017621586245020783,-1.0493416316354516
2017-01-10,226.47999572753903,227.4499969482422,226.00999450683597,226.4600067138672,63771900,11.489999771118164,train,0.0,0.024637293978942543,59.20451823988097,0.017594526257080287,-1.062685201533024
2017-01-11,226.3600006103516,227.1000061035156,225.58999633789065,227.1000061035156,74650000,11.260000228881836,train,0.002822117454480278,0.02618096991368013,61.48057945903214,0.018174044885987558,-1.115570918435575
2017-01-12,226.5,226.75,224.9600067138672,226.52999877929688,72113200,11.539999961853027,train,-0.0025130948926668922,0.022313717553263057,58.35769741576712,0.01678679218863116,-1.039244632344585
2017-01-13,226.72999572753903,227.3999938964844,226.69000244140625,227.0500030517578,62717900,11.229999542236328,train,0.00229288989012677,0.023179153866804025,60.33700935809853,0.017408165225380846,-1.1165089852712924
2017-01-17,226.30999755859372,226.77999877929688,225.8000030517578,226.25,61240800,11.869999885559082,train,-0.003529688404831017,0.018059130008426072,55.93235315785281,0.017088111349339716,-0.9462690456058144
2017-01-18,226.5399932861328,226.8000030517578,225.8999938964844,226.75,54793300,12.479999542236328,train,0.00220750641521052,0.018661609494128317,57.996210854024774,0.017033340257383407,-0.7782191697906233
2017-01-19,226.83999633789065,227.0,225.41000366210935,225.91000366210935,66608800,12.779999732971191,train,-0.0037113829156360714,0.013307440095305045,53.46589192632691,0.016941496890163138,-0.6946575323320506
2017-01-20,226.6999969482422,227.30999755859372,225.97000122070312,226.7400054931641,129168600,11.539999961853027,train,0.0036673047365516727,0.015791971297510754,57.037053929580836,0.017119714635569556,-1.04747404057955
2017-01-23,226.7400054931641,226.80999755859372,225.2700042724609,226.1499938964844,75061600,11.770000457763672,train,-0.0026055418811031677,0.012056941080384576,53.87209414080265,0.01709949298965267,-0.975676423393136
2017-01-24,226.3999938964844,228.0800018310547,226.2700042724609,227.6000061035156,95555300,11.06999969482422,train,0.006391260133969401,0.01752415097204274,59.778996679501596,0.017906821968273614,-1.176228433106009
2017-01-25,228.6999969482422,229.57000732421875,228.50999450683597,229.57000732421875,84437700,10.8100004196167,train,0.008618296722527735,0.02517182187999678,66.12567192261868,0.022135689450943567,-1.2466907707194825
2017-01-26,229.3999938964844,229.7100067138672,229.00999450683597,229.3300018310547,59970700,10.630000114440918,train,-0.0010460035313087782,0.02292059845681682,64.78444128981391,0.024951478476570976,-1.2955113518561425
2017-01-27,229.4199981689453,229.58999633789065,228.75999450683597,228.97000122070312,59711100,10.579999923706056,train,-0.0015710263233611212,0.020188115028851206,62.729167754407435,0.025182546933403493,-1.3047232314013488
2017-01-30,228.1699981689453,228.1999969482422,226.41000366210935,227.5500030517578,79737300,11.880000114440918,train,-0.006220988062862284,0.013024418093378065,55.279570365130475,0.023447945668782784,-0.9091868914603021
2017-01-31,226.97999572753903,227.6000061035156,226.32000732421875,227.52999877929688,75880800,11.989999771118164,train,-8.79154100085011e-05,0.012064881725849519,55.18015218011384,0.019241092873066093,-0.8693887776659976
2017-02-01,227.52999877929688,228.58999633789065,226.94000244140625,227.6199951171875,79117700,11.8100004196167,train,0.00039545793813170556,0.0116884837744331,55.56731221141075,0.017840912303308736,-0.9182612126052251
2017-02-02,227.6199951171875,228.1000061035156,226.82000732421875,227.7700042724609,69657600,11.93000030517578,train,0.0006588162274107837,0.011521689610599406,56.245762251174085,0.01779200242330337,-0.8763318611218975
2017-02-03,228.82000732421875,229.5500030517578,228.4600067138672,229.33999633789065,80563200,10.970000267028809,train,0.006869236012565053,0.017663320817089323,62.670202530493974,0.01913345735979459,-1.1638767125987313
2017-02-06,228.8699951171875,229.3300018310547,228.5399932861328,228.92999267578125,57790100,11.369999885559082,train,-0.0017893546657389364,0.015091767116946597,60.184908700136944,0.019986227986714414,-1.03873164652271
2017-02-07,229.3800048828125,229.66000366210935,228.72000122070312,228.94000244140625,57931200,11.289999961853027,train,4.372317790355026e-05,0.014394896930987944,60.22637856647676,0.02027506797292469,-1.0696794167213384
2017-02-08,228.94000244140625,229.38999938964844,228.30999755859372,229.2400054931641,51566200,11.449999809265137,train,0.0013095424917520316,0.015029757447820868,61.51999777410145,0.020631783512324076,-1.0273250076380869
2017-02-09,229.2400054931641,230.9499969482422,229.2400054931641,230.6000061035156,65955200,10.880000114440918,train,0.005915120656896788,0.020137338011215533,66.79280219496178,0.023127220811126222,-1.2264438591356053
2017-02-10,231.0,231.7700042724609,230.6199951171875,231.50999450683597,66015900,10.850000381469728,train,0.00393841110713997,0.02320336590676786,69.776987346708,0.026138735624557454,-1.263372969300812
2017-02-13,232.0800018310547,233.07000732421875,232.0500030517578,232.7700042724609,55182100,11.06999969482422,train,0.005427814518752421,0.027646744810407187,73.34839656451467,0.031016224183680385,-1.1986643066766967
2017-02-14,232.55999755859372,233.7100067138672,232.16000366210935,233.6999969482422,71109000,10.739999771118164,train,0.003987368557542392,0.03046688145195975,75.63677062758958,0.035536518051093126,-1.326201624196138
2017-02-15,233.4499969482422,235.13999938964844,233.38999938964844,234.9199981689453,86785800,11.970000267028809,train,0.0052067943735727325,0.03445602256463931,78.27238112824531,0.04131946192957662,-0.8731648290479265
2017-02-16,234.9499969482422,235.16000366210935,233.8500061035156,234.72000122070312,84722400,11.760000228881836,train,-0.000851703264593723,0.032327982121577614,76.80552796739137,0.043938950445839495,-0.9494374114047656
2017-02-17,233.9499969482422,235.08999633789065,233.92999267578125,235.08999633789065,77204100,11.489999771118164,train,0.001575084377103002,0.03273888865908403,77.64036204748368,0.046731854231934364,-1.0474201397510179
2017-02-21,235.5200042724609,236.69000244140625,235.50999450683597,236.4900054931641,88946100,11.56999969482422,train,0.0059375429953654295,0.03780492417359138,80.50033769516503,0.049754713684570726,-1.0108156110549067
2017-02-22,236.0200042724609,236.5399932861328,235.8300018310547,236.27999877929688,62115200,11.739999771118164,train,-0.0008884096951247622,0.03587144568502265,78.87066621904697,0.052497011196835926,-0.9426499329268438
2017-02-23,236.8800048828125,236.8999938964844,235.55999755859372,236.44000244140625,74615900,11.710000038146973,train,0.0006769490091659686,0.03567117721309376,79.21590135084433,0.05581401636147728,-0.9510592664090419
2017-02-24,235.4600067138672,236.7899932861328,235.41000366210935,236.7400054931641,82381600,11.470000267028809,train,0.0012680294472507694,0.036033176688696766,79.87971139481031,0.05855025763962352,-1.0391010092453095
2017-02-27,236.63999938964844,237.30999755859372,236.3500061035156,237.1100006103516,56515400,12.09000015258789,train,0.0015616553239042482,0.03680388952878366,80.69847630552727,0.060636983106757844,-0.7892788501405795
2017-02-28,236.6699981689453,236.9499969482422,236.0200042724609,236.47000122070312,96961900,12.920000076293944,train,-0.0027028158992565433,0.03304864445799538,75.01223394916583,0.05969241690932184,-0.4524315431020978
2017-03-01,238.38999938964844,240.32000732421875,238.3699951171875,239.77999877929688,149158200,12.539999961853027,train,0.013900476034819913,0.046323065347418924,82.05491881521152,0.06172936580306987,-0.5997179344377983
2017-03-02,239.55999755859372,239.57000732421875,238.2100067138672,238.2700042724609,70246000,11.8100004196167,train,-0.006317328810846117,0.03853480924891661,72.07498295294509,0.06019508827098025,-0.8882788329931406
2017-03-03,238.1699981689453,238.6100006103516,237.72999572753903,238.4199981689453,81974300,10.960000038146973,train,0.0006293142321694911,0.038022196578454404,72.43364496341016,0.05761338217757135,-1.2231478051882436
2017-03-06,237.5,238.1199951171875,237.00999450683597,237.7100067138672,55391500,11.239999771118164,train,-0.0029823450487956103,0.03391284941228334,67.98267754398852,0.05541764649193532,-1.100921088464159
2017-03-07,237.3600006103516,237.7700042724609,236.75999450683597,237.0,65103700,11.449999809265137,train,-0.002991330425974492,0.02981867512328784,63.763022148428945,0.051055469137854734,-1.0080317592192491
2017-03-08,237.33999633789065,237.63999938964844,236.3999938964844,236.55999755859372,78168800,11.859999656677246,train,-0.001858275911362054,0.0269090282642952,61.22674221554371,0.045138741608130147,-0.8355111164906307
2017-03-09,236.6999969482422,237.2400054931641,235.7400054931641,236.8600006103516,90683900,12.300000190734863,train,0.0012673866464251917,0.02721695249931555,62.327047553138755,0.03813479043967258,-0.6495876201671734
2017-03-10,237.97000122070312,238.0200042724609,236.58999633789065,237.69000244140625,81991700,11.65999984741211,train,0.0034980620464540755,0.029796471612747455,65.26401172098292,0.03260050538762542,-0.9061173899753425
2017-03-13,237.6199951171875,237.8600006103516,237.2400054931641,237.80999755859372,57256800,11.350000381469728,train,0.000504711334320593,0.029120533278697236,65.68057236295827,0.02737473897173669,-1.025954649721727
2017-03-14,237.17999267578125,237.2400054931641,236.19000244140625,236.8999938964844,59880800,12.300000190734863,train,-0.00383393985033073,0.024070156897598505,59.8216073874616,0.023123765629146663,-0.6275966768132187
2017-03-15,237.55999755859372,239.44000244140625,237.2899932861328,238.9499969482422,96081800,11.630000114440918,train,0.008616226851995978,0.03155668058630545,66.96973208890205,0.021228382985361907,-0.8977812205876253
2017-03-16,239.1100006103516,239.1999969482422,238.1000061035156,238.47999572753903,78344000,11.210000038146973,train,-0.0019688807982031166,0.028352104465425798,64.15175619466154,0.020236590169695045,-1.0638198232724625
2017-03-17,237.75,237.97000122070312,237.02999877929688,237.02999877929688,89002100,11.279999732971191,train,-0.006098721201673656,0.02117923910969255,56.28327584647731,0.01786398492792183,-1.0276416446258647
2017-03-20,237.02999877929688,237.3600006103516,236.32000732421875,236.7700042724609,52537000,11.34000015258789,train,-0.0010974864130762513,0.019148486493768102,54.98107694581849,0.015854137233501965,-0.9965079024260928
2017-03-21,237.47000122070312,237.6100006103516,233.5800018310547,233.72999572753903,131809300,12.470000267028809,train,-0.012922639108276665,0.0054987523461738075,42.576914204066306,0.02061436980094321,-0.5281855103399091
2017-03-22,233.7700042724609,234.6100006103516,233.0500030517578,234.27999877929688,97569200,12.8100004196167,train,0.0023503912797317797,0.007187184677023506,44.9947848308534,0.023120480535830622,-0.3857749427179572
2017-03-23,234.27999877929688,235.33999633789065,233.6000061035156,234.02999877929688,100410300,13.119999885559082,train,-0.0010676689588160469,0.005457984338904209,44.086111216941475,0.02573707928602842,-0.2551863009627615
2017-03-24,234.3800048828125,235.0399932861328,232.9600067138672,233.8600006103516,112504900,12.960000038146973,train,-0.0007266587302460721,0.004144361289270648,43.44362952343625,0.028272114734035916,-0.3182537614584091
2017-03-27,231.92999267578125,233.9199981689453,231.6100006103516,233.6199951171875,87454500,12.5,train,-0.0010268054951854968,0.0025034469887346145,42.50189417338074,0.030713602943958602,-0.5034939670382304
2017-03-28,233.2700042724609,235.80999755859372,233.13999938964844,235.32000732421875,93483900,11.529999732971191,train,0.00725047829387214,0.009082284427630372,50.660453343544155,0.03113917304014414,-0.8981935220585027
2017-03-29,234.9900054931641,235.80999755859372,234.72999572753903,235.5399932861328,61950400,11.420000076293944,train,0.0009344007884925202,0.009221531675873473,51.617160221731986,0.02892034738234397,-0.9383308726540834
2017-03-30,235.47000122070312,236.5200042724609,235.2700042724609,236.2899932861328,56737900,11.539999961853027,train,0.003179113888548334,0.011608054528964962,54.832734312642465,0.028048596048323663,-0.8837362917138266
2017-03-31,235.8999938964844,236.50999450683597,235.67999267578125,235.7400054931641,73733100,12.369999885559082,train,-0.00233030969758798,0.008404678067690963,52.098301836395855,0.026940450926400086,-0.5417915808257997
2017-04-03,235.8000030517578,236.02999877929688,233.91000366210935,235.3300018310547,85546500,12.380000114440918,train,-0.0017407339005490968,0.005911602663264626,50.09280482686196,0.02647966882585248,-0.5345879639399481
2017-04-04,235.0,235.5800018310547,234.55999755859372,235.47999572753903,56466200,11.789999961853027,train,0.0006371738167703172,0.005750543996825286,50.83838631371055,0.026332385061624965,-0.7703585820286103
2017-04-05,236.25999450683597,237.38999938964844,234.5399932861328,234.77999877929688,108800600,12.890000343322754,train,-0.0029770657654075534,0.0021461702934115756,47.28788950024642,0.026631125444127504,-0.31761079851869745
2017-04-06,234.94000244140625,236.0399932861328,234.42999267578125,235.44000244140625,69135800,12.390000343322754,train,0.0028072140437375797,0.004460011140344333,50.77839272272064,0.026438298624508295,-0.5171414571807799
2017-04-07,235.1499938964844,236.0,234.63999938964844,235.1999969482422,74412300,12.869999885559082,train,-0.0010199112454537345,0.0029337395608106664,49.494887904758144,0.02555094725871256,-0.3163652109163519
2017-04-10,235.3600006103516,236.25999450683597,234.72999572753903,235.33999633789065,67615300,14.050000190734863,train,0.0005950584255413305,0.0029858438927592434,50.28429638453523,0.02426744395364892,0.17221839277893566
2017-04-11,234.8999938964844,235.17999267578125,233.33999633789065,235.05999755859372,88045300,15.06999969482422,train,-0.0011904711564554612,0.0011516606769150783,48.64659916566351,0.023812819019738,0.5915738226553526
2017-04-12,234.7400054931641,234.9600067138672,233.7700042724609,234.02999877929688,81864400,15.770000457763672,train,-0.004391483266076764,-0.0037868310330742005,43.08734847698239,0.02029447961735522,0.8751597042295284
2017-04-13,233.63999938964844,234.4900054931641,232.50999450683597,232.50999450683597,92880400,15.960000038146973,train,-0.006516095822652966,-0.010669018951915188,36.4647323002444,0.01864756878459167,0.94787832821514
2017-04-17,233.1100006103516,234.57000732421875,232.8800048828125,234.57000732421875,68405400,14.65999984741211,train,0.008820870798886273,-0.002480901125955781,48.10614197934049,0.016864231860123233,0.4128363889553091
2017-04-18,233.72000122070312,234.4900054931641,233.0800018310547,233.8699951171875,83225800,14.420000076293944,train,-0.002988697482894407,-0.00584076328722738,45.08322605272723,0.015450555767133565,0.3126390616254792
2017-04-19,234.5200042724609,234.9499969482422,233.17999267578125,233.44000244140625,68699900,14.93000030517578,train,-0.0018402893127950092,-0.0080489677618929,43.28397086262491,0.015750859259531125,0.518718614640292
2017-04-20,234.1499938964844,235.8500061035156,233.77999877929688,235.33999633789065,92572200,14.149999618530272,train,0.008106166241988226,-0.0005189935764324805,52.33596763335628,0.015841813593041484,0.1976864237000385
2017-04-21,235.25,235.30999755859372,234.1300048828125,234.58999633789065,110389800,14.630000114440918,train,-0.0031919675206105603,-0.004156753888089226,49.010724273986725,0.015610681219724228,0.39314882089068703
2017-04-24,237.17999267578125,237.41000366210935,234.55999755859372,237.1699981689453,119209900,10.84000015258789,train,0.010937881902130022,0.006234175083424276,58.725783430355044,0.01752527097590134,-1.1525027584186527
2017-04-25,237.91000366210935,238.9499969482422,237.80999755859372,238.5500030517578,76698300,10.760000228881836,train,0.005801768898692426,0.011484851773066351,62.80770686808433,0.021288682620753334,-1.1766164128403898
2017-04-26,238.50999450683597,239.52999877929688,238.3500061035156,238.3999938964844,84702500,10.850000381469728,train,-0.0006290351658647833,0.010366404361998427,62.08888430980082,0.02439872081751336,-1.1320509522953914
2017-04-27,238.7700042724609,238.9499969482422,237.97999572753903,238.6000061035156,57410300,10.359999656677246,train,0.0008386256551506927,0.010794259726956357,62.70182681840108,0.02722288843811842,-1.3210982532969708
2017-04-28,238.8999938964844,238.92999267578125,237.92999267578125,238.0800018310547,63532800,10.81999969482422,train,-0.0021817759087012704,0.008321371303276592,59.986382262003836,0.02873792798625246,-1.1258028365521997
2017-05-01,238.67999267578125,239.1699981689453,238.1999969482422,238.67999267578125,66882500,10.109999656677246,train,0.0025169526318786625,0.010523506348520062,62.02966099718767,0.03093453755057863,-1.4004251976849122
2017-05-02,238.83999633789065,238.97999572753903,238.3000030517578,238.7700042724609,57375700,10.59000015258789,train,0.00037705141196515474,0.010589689269098645,62.34035618722314,0.032837458104238014,-1.197312642208254
2017-05-03,238.7700042724609,238.8800048828125,237.6999969482422,238.47999572753903,73137700,10.68000030517578,train,-0.0012153319250617428,0.009192232993664895,60.61928868799557,0.03411655207166496,-1.1517331192889915
2017-05-04,238.8300018310547,238.9199981689453,237.77999877929688,238.75999450683597,61462700,10.460000038146973,train,0.001173408838964601,0.010165094141502351,61.71817136215621,0.035119049063835686,-1.2299846900002585
2017-05-05,239.19000244140625,239.72000122070312,238.67999267578125,239.6999969482422,62001300,10.56999969482422,train,0.003929288415370958,0.013862455524349171,65.22630506163179,0.037145537833509726,-1.176225580610669
2017-05-08,239.75,239.9199981689453,239.1699981689453,239.66000366210935,48385700,9.770000457763672,train,-0.00016686117395995227,0.013442959595436621,64.95357731226215,0.03856083603279995,-1.4833381749647574
2017-05-09,239.9600067138672,240.19000244140625,239.0399932861328,239.44000244140625,51363200,9.960000038146973,train,-0.0009183937940458202,0.012313164591988057,63.38355498473217,0.039438367475762064,-1.3952166566172732
2017-05-10,239.38999938964844,239.8699951171875,239.1499938964844,239.8699951171875,54293800,10.210000038146973,train,0.001794215824099324,0.013839632140823177,65.15630542935665,0.04018901610067779,-1.2860522641351573
2017-05-11,239.3500061035156,239.57000732421875,238.1300048828125,239.3800048828125,62358300,10.600000381469728,train,-0.0020448217218897295,0.011802840513774893,61.502263116797025,0.039081103523563365,-1.1225930008003466
2017-05-12,239.08999633789065,239.42999267578125,238.6699981689453,238.97999572753903,53912700,10.399999618530272,train,-0.00167241929926448,0.010051473514770981,58.61242191304822,0.03452023501266432,-1.1924442657924612
2017-05-15,239.47000122070312,240.44000244140625,239.4499969482422,240.3000030517578,61918900,10.420000076293944,train,0.005508306898500056,0.015469122879181674,64.53456931986224,0.03346692581811607,-1.1750216858240017
2017-05-16,240.63999938964844,240.6699981689453,239.6300048828125,240.0800018310547,51241800,10.649999618530272,train,-0.000915946683242044,0.014336257171922773,62.91864145595071,0.030168001310517764,-1.0761140604562411
2017-05-17,240.0800018310547,240.0800018310547,235.75,235.82000732421875,172174100,15.59000015258789,train,-0.017903375551923166,-0.0035628345957335883,41.33528047606454,0.02566089847824329,0.8675253882110325
2017-05-18,235.72999572753903,237.75,235.42999267578125,236.7700042724609,107047700,14.65999984741211,train,0.00402039063264036,0.00043354082892554935,45.80040555409576,0.023685870661988063,0.5044001653103356
2017-05-19,237.3300018310547,239.0800018310547,237.2700042724609,238.30999755859372,115011400,12.039999961853027,train,0.006483113050925737,0.006817164658522001,52.1574112703045,0.01832614180410047,-0.5224284660482905
2017-05-22,238.8999938964844,239.7100067138672,238.82000732421875,239.5200042724609,61010600,10.93000030517578,train,0.005064601618306679,0.01177277782778674,56.47687898075823,0.01757547361454266,-0.9533477241340813
2017-05-23,239.9499969482422,240.2400054931641,239.50999450683597,240.0500030517578,48341700,10.720000267028809,train,0.002210309181044507,0.013819723314094423,58.25472702679215,0.01810634065481577,-1.0280142066449556
2017-05-24,240.32000732421875,240.72999572753903,239.92999267578125,240.6100006103516,46927700,10.020000457763672,train,0.0023301202833640117,0.015866452917349783,60.108884992064134,0.019043458184272805,-1.2934373190117903
2017-05-25,241.1999969482422,242.0800018310547,240.9600067138672,241.75999450683597,64071700,9.989999771118164,train,0.004768107829548058,0.020479641713309737,63.676823284367366,0.02145048808149001,-1.2949278147780514
2017-05-26,241.5399932861328,241.8999938964844,241.4499969482422,241.7100067138672,46629900,9.8100004196167,train,-0.00020678756911782112,0.019990509617958896,63.4113253783716,0.022927355290550892,-1.3548942792964553
2017-05-30,241.33999633789065,241.7899932861328,241.16000366210935,241.5,35201900,10.380000114440918,train,-0.0008692151411252482,0.018719982765928567,62.23728177248494,0.024064423586491586,-1.1251436472872074
2017-05-31,241.83999633789065,241.8800048828125,240.63999938964844,241.44000244140625,91796000,10.40999984741211,train,-0.0002484679612337303,0.01806578793395719,61.88475980178194,0.02490932881772074,-1.1051954614248265
2017-06-01,241.97000122070312,243.3800048828125,241.63999938964844,243.3600006103516,68962000,9.890000343322754,train,0.007920825887608491,0.025329034929103544,68.10983087970534,0.027943872312795676,-1.2967108352750505
2017-06-02,243.4199981689453,244.3500061035156,243.0800018310547,244.1699981689453,88666100,9.75,train,0.0033228654889599024,0.02788511875549915,70.31267751640274,0.03164015744635697,-1.3402489634914856
2017-06-05,243.97000122070312,244.3000030517578,243.75999450683597,243.9900054931641,44698800,10.06999969482422,train,-0.0007374331472784966,0.026266799943440056,69.16928192373749,0.03451635441258678,-1.2079390551860953
2017-06-06,243.33999633789065,243.97999572753903,243.1199951171875,243.2100067138672,50375400,10.449999809265137,train,-0.003201968087731812,0.02218197747673245,64.29026978142582,0.035900114967055405,-1.0544223628737606
2017-06-07,243.6000061035156,243.9199981689453,242.8300018310547,243.66000366210935,54144300,10.390000343322754,train,0.0018485306828973202,0.023209733530229038,65.78953325404876,0.03735020798136532,-1.0696826961928623
2017-06-08,243.7700042724609,244.3300018310547,243.1699981689453,243.77999877929688,65950700,10.15999984741211,train,0.0004923482644448774,0.022986773797343263,66.19708636805535,0.0387408575292515,-1.1491594079735008
2017-06-09,244.08999633789065,245.00999450683597,241.9499969482422,243.41000366210935,132256400,10.699999809265137,train,-0.0015188948314466778,0.020759925110254596,63.67806318839234,0.039240964093047885,-0.935549072738646
2017-06-12,243.1300048828125,243.4199981689453,242.3800048828125,243.3600006103516,86108100,11.460000038146973,train,-0.00020544836984508612,0.01994543290613371,63.327335778511696,0.03911163484766465,-0.6389592575786243
2017-06-13,243.97999572753903,244.6100006103516,243.5800018310547,244.5500030517578,60067000,10.420000076293944,train,0.004877968445439047,0.024176524084802864,67.86373518461545,0.040509720156764586,-1.0384615357294746
2017-06-14,244.8600006103516,244.8699951171875,243.2899932861328,244.2400054931641,78602300,10.640000343322754,train,-0.001268428546973636,0.022115445367211883,65.58766273399445,0.04117639940850005,-0.9517390648572884
2017-06-15,242.67999267578125,243.91000366210935,242.3600006103516,243.7700042724609,66464900,10.899999618530272,train,-0.0019261955968755357,0.019441202620348097,62.18247007751246,0.03493380085433065,-0.8465479392241345
2017-06-16,242.7700042724609,242.8300018310547,241.6300048828125,242.63999938964844,84553100,10.380000114440918,train,-0.004646314455727842,0.01404890206494902,54.81400415541483,0.028318989238880685,-1.0524821149044394
2017-06-19,243.58999633789065,244.72999572753903,243.47999572753903,244.66000366210935,65123800,10.369999885559082,train,0.00829064572206312,0.021703592587169807,63.20721957303502,0.024613072369217837,-1.0541081173127806
2017-06-20,244.25,244.25999450683597,242.9900054931641,243.00999450683597,56906400,10.859999656677246,train,-0.006766934434419005,0.014151607133598976,54.329894511031014,0.021315240402786192,-0.8478892392903457
2017-06-21,243.4600067138672,243.58999633789065,242.41000366210935,242.9499969482422,55977600,10.75,train,-0.0002469238618552839,0.013257623848378364,54.03272502372887,0.018295360722672266,-0.8888442527645661
2017-06-22,242.9600067138672,243.52999877929688,242.63999938964844,242.83999633789065,44148100,10.479999542236328,train,-0.0004528731087583,0.012142019125248593,53.45542267971911,0.015772356437639173,-1.0063794881982366
2017-06-23,242.91000366210935,243.50999450683597,242.47000122070312,243.1300048828125,66986800,10.020000457763672,train,0.0011935246151813209,0.012582646764044414,54.825791243315045,0.014811306112339502,-1.1959024841098997
2017-06-26,243.8999938964844,244.3800048828125,243.0500030517578,243.2899932861328,56700500,9.899999618530272,train,0.0006578200308041038,0.012339956506847383,55.60237873628643,0.013591104262967885,-1.2989896895084105
2017-06-27,243.0399932861328,243.3800048828125,241.30999755859372,241.3300018310547,82247700,11.0600004196167,train,-0.008088820773010475,0.00361974029837997,45.32296188089549,0.01391368526557234,-0.7861832071372241
2017-06-28,242.5,243.72000122070312,242.22999572753903,243.4900054931641,70042600,10.029999732971191,train,0.00891059742278581,0.011792982198796542,55.16113963967552,0.011924410576421584,-1.2836483122754516
2017-06-29,243.66000366210935,243.72000122070312,239.9600067138672,241.3500061035156,106949700,11.4399995803833,train,-0.008827709082089996,0.0022416213933027507,46.276942488882504,0.014093089800955902,-0.5886281954802737
2017-06-30,242.27999877929688,242.7100067138672,241.5800018310547,241.8000030517578,86820700,11.18000030517578,train,0.0018627634061266214,0.003571861258304221,48.167406858591775,0.014760168117044585,-0.7102333748945365
2017-07-03,242.8800048828125,243.3800048828125,242.2100067138672,242.2100067138672,39153800,11.220000267028809,train,0.0016941953757414919,0.004638090391644312,49.89734804907653,0.014893080825892352,-0.6844330908634485
2017-07-05,242.6300048828125,243.00999450683597,241.6999969482422,242.7700042724609,54427600,11.06999969482422,train,0.0023093644883825774,0.006493276617890009,52.24189312580199,0.014947513940961502,-0.75213916502902
2017-07-06,241.88999938964844,242.02999877929688,240.33999633789065,240.5500030517578,65400800,12.539999961853027,train,-0.009186529833769662,-0.0028759214293687663,43.54293341284468,0.01737956148979398,-0.018431312498134258
2017-07-07,241.2100067138672,242.27999877929688,240.55999755859372,242.1100006103516,57972300,11.1899995803833,train,0.006464190025662221,0.003281973172062358,49.860938904144874,0.017346086564707448,-0.6836984232816211
2017-07-10,242.1100006103516,242.8000030517578,241.75999450683597,242.3699951171875,36663300,11.109999656677246,train,0.001073293155908481,0.004045652981047088,50.84818669644669,0.01731479513774428,-0.718811230135456
2017-07-11,242.3699951171875,242.5500030517578,240.8500061035156,242.19000244140625,50354600,10.890000343322754,train,-0.0007429118580426037,0.0029584821057613286,50.112535917767005,0.017334321217673802,-0.8223312514875153
2017-07-12,243.3000030517578,244.1999969482422,243.3000030517578,244.00999450683597,59610400,10.300000190734863,train,0.007486633392334427,0.010049553574458692,56.90223223767582,0.016676178064800616,-1.1070790112246582
2017-07-13,244.0200042724609,244.5500030517578,243.75999450683597,244.4199981689453,39471600,9.899999618530272,train,0.0016788639705178237,0.011273691184525925,58.27978543765572,0.016906958088503288,-1.2951850998828618
2017-07-14,244.4199981689453,245.97000122070312,244.30999755859372,245.55999755859372,60262700,9.510000228881836,train,0.0046532570986698345,0.015395491478001233,61.924019518093644,0.019409700309635198,-1.4752051019385335
2017-07-17,245.47000122070312,245.91000366210935,245.3300018310547,245.52999877929688,33531900,9.81999969482422,train,-0.00012217222732234593,0.014703331739178482,61.771112014112255,0.02164740388939774,-1.3124641737614935
2017-07-18,245.05999755859372,245.72000122070312,244.6699981689453,245.66000366210935,42742500,9.890000343322754,train,0.0005293466284003823,0.014740723027618863,62.206649777800074,0.022952919334349745,-1.2690544529846453
2017-07-19,246.0200042724609,247.0,246.00999450683597,246.9900054931641,51034300,9.789999961853027,train,0.005399391200700217,0.01961708758252989,66.42141855984062,0.026971822460959513,-1.3094125678728612
2017-07-20,247.27999877929688,247.4199981689453,246.47000122070312,247.1000061035156,47135200,9.579999923706056,train,0.00044526547627813604,0.019426466793229125,66.75167829635797,0.03026582900712661,-1.4023731764759746
2017-07-21,246.44000244140625,246.91000366210935,246.17999267578125,246.8800048828125,82340800,9.359999656677246,train,-0.000890729302222333,0.01793006258349905,65.36694494621936,0.03253738706758294,-1.4960674848615467
2017-07-24,246.7899932861328,246.97999572753903,246.27999877929688,246.82000732421875,46622300,9.43000030517578,train,-0.00024305269356146515,0.017058687003167483,64.97110702195934,0.03436274951245072,-1.451242812182151
2017-07-25,247.67999267578125,247.8000030517578,247.16000366210935,247.4199981689453,54915600,9.43000030517578,train,0.0024279343347230285,0.018822380844103925,67.11569380196579,0.03657198204821356,-1.43881920553273
2017-07-26,247.75,247.7899932861328,247.1300048828125,247.42999267578125,47575400,9.600000381469728,train,4.039408718685109e-05,0.01826561529180948,67.1517708174965,0.03697009277116956,-1.346058525611157
2017-07-27,247.9600067138672,248.0,245.67999267578125,247.1999969482422,70766600,10.109999656677246,train,-0.0009299708830424845,0.01672326971506033,65.3743415377212,0.03815729934480317,-1.0945633134388506
2017-07-28,246.6499938964844,247.05999755859372,246.1300048828125,246.91000366210935,50088400,10.289999961853027,train,-0.0011738006479159353,0.014604962159042278,63.10625245036521,0.03707245468864625,-1.0021502748579179
2017-07-31,247.3699951171875,247.47999572753903,246.52999877929688,246.7700042724609,65838700,10.260000228881836,train,-0.0005671665497943276,0.013196987558885542,61.98814307122105,0.035880204629024665,-1.0114477502580723
2017-08-01,247.4600067138672,247.5,246.72000122070312,247.32000732421875,55050400,10.09000015258789,train,0.0022263282641814736,0.014704457749245003,64.63885117852962,0.03506145781058991,-1.0852286769528139
2017-08-02,247.47000122070312,247.6000061035156,246.3699951171875,247.44000244140625,47211200,10.279999732971191,train,0.00048506393876542676,0.014537442715273352,65.20887686687996,0.03447127290713275,-0.9878707054084994
2017-08-03,247.30999755859372,247.33999633789065,246.63999938964844,246.9600067138672,40856000,10.4399995803833,train,-0.0019417308635190523,0.011995959027016001,60.974634181170245,0.029259662775905488,-0.9062167930009963
2017-08-04,247.5200042724609,247.7899932861328,246.97000122070312,247.41000366210935,60191800,10.029999732971191,train,0.0018204869352028217,0.013275261254624526,63.37565420429813,0.02612498492903992,-1.0928668005077047
2017-08-07,247.4900054931641,247.8699951171875,247.3699951171875,247.8699951171875,31995000,9.93000030517578,train,0.0018575011648817466,0.014651363848127152,65.69883269402708,0.022719643196725654,-1.134816498912341
2017-08-08,247.50999450683597,248.91000366210935,246.8300018310547,247.25999450683597,61719400,10.960000038146973,train,-0.0024640031174036,0.011694648064012547,60.241577916847426,0.01660129317049458,-0.6489647187293675
2017-08-09,246.47000122070312,247.30999755859372,246.05999755859372,247.25,62632600,11.109999656677246,train,-4.04218598142057e-05,0.011177958042661196,60.153413642415956,0.013480123163310312,-0.5771517659826838
2017-08-10,246.2899932861328,246.44000244140625,243.6999969482422,243.75999450683597,120479500,16.040000915527344,train,-0.01421585836050117,-0.0032842503813317325,38.79967854314595,0.015120910958429134,1.721946678746683
2017-08-11,244.0200042724609,244.8000030517578,243.75,244.1199951171875,74869900,15.510000228881836,train,0.001475775532283997,-0.0018742704371081942,41.12151697100344,0.017341817457507003,1.4612857831099662
2017-08-14,245.58999633789065,246.7899932861328,245.5500030517578,246.5399932861328,73291900,12.329999923706056,train,0.00986433721640411,0.007824980812350057,53.808006848514076,0.016797717063169956,-0.01968695624432693
2017-08-15,246.97999572753903,247.0,246.16000366210935,246.50999450683597,55242700,12.039999961853027,train,-0.00012168656353948684,0.007494777316473966,53.65367428766793,0.016328522908189064,-0.15508979076729
2017-08-16,247.1100006103516,247.57000732421875,246.4499969482422,246.94000244140625,56715500,11.739999771118164,train,0.0017428636987661583,0.008944614902865577,55.61870003842574,0.01632191946583833,-0.2930171449421263
2017-08-17,246.2400054931641,246.6000061035156,243.08999633789065,243.08999633789065,128490400,15.550000190734863,train,-0.01571367195032081,-0.006739430972687699,39.47917797424645,0.02087299583590304,1.4675225937393677
2017-08-18,242.8999938964844,244.19000244140625,242.1999969482422,242.7100067138672,136748000,14.260000228881836,train,-0.0015643873986511863,-0.008205338688119679,38.29793247090933,0.024955807861040354,0.8636139947906896
2017-08-21,242.63999938964844,243.1999969482422,241.8300018310547,242.8999938964844,65469700,13.1899995803833,train,0.0007824682031747346,-0.007387613705984286,39.2762235375565,0.02777783936831437,0.36502451281564213
2017-08-22,243.57000732421875,245.6199951171875,243.5500030517578,245.44000244140625,63140100,11.350000381469728,train,0.010402717245512966,0.002821669041270347,50.56185991686984,0.02751565804327819,-0.48491413373200504
2017-08-23,244.3300018310547,245.0500030517578,244.16000366210935,244.55999755859372,50203800,12.25,train,-0.003591860526223651,-0.0007746814127663759,47.28311275653152,0.027565818435169847,-0.06819991976917089
2017-08-24,245.0,245.17999267578125,243.75,243.9900054931641,50741700,12.229999542236328,train,-0.002333404239043449,-0.0030831937869921777,45.23692097843836,0.028000986636767814,-0.07524949560186302
2017-08-25,244.8999938964844,245.6100006103516,244.38999938964844,244.55999755859372,64445900,11.279999732971191,train,0.0023334042390433666,-0.0008187714667545753,47.675463587345845,0.028007427878342803,-0.5108121577156581
2017-08-28,245.1699981689453,245.1999969482422,244.08999633789065,244.57000732421875,40565600,11.31999969482422,train,4.092885542291172e-05,-0.0009354336602021007,47.71949089014052,0.02796261725578436,-0.48811316690920264
2017-08-29,243.05999755859372,245.1499938964844,242.92999267578125,244.8500061035156,51135700,11.699999809265137,train,0.0011442066207465451,0.0001928307407257357,49.01190702979031,0.027280042069120373,-0.30983210163188624
2017-08-30,244.8300018310547,246.32000732421875,244.6199951171875,246.00999450683597,62030800,11.220000267028809,train,0.004726360107737522,0.004685047732399861,54.07686961990245,0.02634971116976464,-0.5284586481615466
2017-08-31,246.72000122070312,247.7700042724609,246.0500030517578,247.4900054931641,103803900,10.59000015258789,train,0.005998036163940785,0.01035463335161424,59.5921678327518,0.02683587236990902,-0.814229571987439
2017-09-01,247.9199981689453,248.3300018310547,247.6699981689453,247.83999633789065,62007000,10.130000114440918,train,0.0014131625448807665,0.01137055550338073,60.7913785913644,0.027302539966607742,-1.0192965537481675
2017-09-05,247.25999450683597,247.5200042724609,244.9499969482422,246.05999755859372,91398800,12.229999542236328,train,-0.007207963182428384,0.003866788081653416,52.2915665708271,0.025867347275951576,-0.049871516973444836
2017-09-06,246.83999633789065,247.27999877929688,246.22999572753903,246.8999938964844,57916900,11.630000114440918,train,0.003407972920508575,0.0069971550281224815,55.456700451495976,0.025540332712194597,-0.3262251894926627
2017-09-07,247.25,247.2700042724609,246.3999938964844,246.8699951171875,58034700,11.550000190734863,train,-0.00012150912368631513,0.006419997674174116,55.3155588287194,0.02519073541791257,-0.36238344407645723
2017-09-08,246.5399932861328,247.1100006103516,246.3000030517578,246.5800018310547,63832800,12.119999885559082,train,-0.001175370640639,0.004984579211837925,53.887781670760084,0.024898017990606047,-0.09849651802900136
2017-09-11,248.0399932861328,249.3000030517578,248.0200042724609,249.2100067138672,71364800,10.729999542236328,train,0.010609449593480138,0.015053329981723262,63.171986510919645,0.027722992922288282,-0.7354589530940191
2017-09-12,249.6300048828125,250.08999633789065,249.4199981689453,250.0500030517578,56896000,10.579999923706056,train,0.0033649686098124413,0.017790690479643878,65.55722780277543,0.031657266468580886,-0.7987696610777755
2017-09-13,249.72000122070312,250.2100067138672,249.58999633789065,250.1699981689453,59228000,10.5,train,0.0004797693782589755,0.017619696091655257,65.89702295843061,0.035101087722648555,-0.8326961760176632
2017-09-14,249.8000030517578,250.32000732421875,249.6000061035156,250.08999633789065,95446300,10.4399995803833,train,-0.0003198410131336626,0.016688820716539876,65.43353282986516,0.03781270991335209,-0.8587498017453179
2017-09-15,248.69000244140625,249.2899932861328,248.57000732421875,249.19000244140625,95432400,10.170000076293944,train,-0.003605170940042948,0.012318946652660534,60.29564127890202,0.03731774656491581,-0.9823327956584879
2017-09-18,249.6100006103516,250.1199951171875,249.27999877929688,249.72000122070312,46235200,10.149999618530272,train,0.0021246275872453704,0.013845170225946113,62.179018641616,0.03610513340406527,-0.9846844246828564
2017-09-19,250.0,250.07000732421875,249.6000061035156,249.97000122070312,47108100,10.18000030517578,train,0.0010006204632380786,0.014234258556369062,63.068918241945646,0.03449427539739765,-0.9631530354011925
2017-09-20,250.07000732421875,250.19000244140625,248.9199981689453,250.05999755859372,59574100,9.779999732971191,train,0.00035996375850273765,0.013951863530669684,63.402748883077976,0.035204676255166836,-1.1503055478333446
2017-09-21,249.8800048828125,249.97999572753903,249.19000244140625,249.38999938964844,48211400,9.670000076293944,train,-0.0026829455398430626,0.010794121900058462,59.11834966730759,0.03411070617045204,-1.1943000322057318
2017-09-22,249.0500030517578,249.6300048828125,249.0200042724609,249.44000244140625,51214000,9.59000015258789,train,0.00020048133328691878,0.010585551838143248,59.33918345315054,0.031701755293663626,-1.2248765263621104
2017-09-25,249.1499938964844,249.5500030517578,248.0800018310547,248.92999267578125,57064400,10.210000038146973,train,-0.002046712076003897,0.008243973153901685,56.015555446737714,0.02922180200513486,-0.9184428148961785
2017-09-26,249.4199981689453,249.6999969482422,248.80999755859372,249.0800018310547,54082000,10.170000076293944,train,0.0006024343345111111,0.00856152252738518,56.782309977792906,0.02611388939516763,-0.9303913651214603
2017-09-27,249.8800048828125,250.4900054931641,248.8699951171875,250.0500030517578,81001400,9.869999885559082,train,0.0038867727139802652,0.012129372758868051,61.460736842960294,0.02314852705503589,-1.06774624435824
2017-09-28,249.72999572753903,250.44000244140625,249.6300048828125,250.3500061035156,44778800,9.550000190734863,train,0.0011990530863811022,0.01306813684931507,62.80194623967449,0.021667993509837283,-1.213681226374956
2017-09-29,250.33999633789065,251.32000732421875,250.1300048828125,251.22999572753903,85578000,9.510000228881836,train,0.003508874052771569,0.016289415562192433,66.48622966176374,0.022513420745130526,-1.222870366779016
2017-10-02,251.4900054931641,252.32000732421875,251.2899932861328,252.32000732421875,59023000,9.449999809265137,train,0.004329315033572115,0.02024975415538477,70.39735378936112,0.02471428867661389,-1.2415133312662932
2017-10-03,252.32000732421875,252.88999938964844,252.22999572753903,252.8600006103516,66810200,9.510000228881836,train,0.0021378260553165727,0.02193403874840505,72.13243293618692,0.024705371109832838,-1.2027413935156241
2017-10-04,252.69000244140625,253.44000244140625,252.55999755859372,253.16000366210935,55953600,9.630000114440918,train,0.0011857360751525614,0.022672017673526446,73.07658279440858,0.02547532254417919,-1.1359403891161244
2017-10-05,253.5399932861328,254.67999267578125,253.1999969482422,254.66000366210935,63522800,9.1899995803833,train,0.005907622152979601,0.02813089526354995,77.23040135559418,0.027805210940783507,-1.3355020208495856
2017-10-06,254.1499938964844,254.6999969482422,253.8500061035156,254.3699951171875,80646000,9.649999618530272,train,-0.001139455737364196,0.026365844249265358,74.82671263284053,0.027599934279441588,-1.1072456606352732
2017-10-09,254.6300048828125,254.6999969482422,253.6499938964844,253.9499969482422,35803100,10.329999923706056,train,-0.0016524955582182808,0.024089376239952998,71.36267697992066,0.029158455582582034,-0.7768238692951513
2017-10-10,254.6000061035156,255.0500030517578,253.97999572753903,254.6199951171875,43057400,10.079999923706056,train,0.0026348332265438115,0.02614156399245693,73.472440987371,0.03155488267511464,-0.8892075949277021
2017-10-11,254.50999450683597,255.0200042724609,254.32000732421875,255.0200042724609,47674300,9.850000381469728,train,0.0015697717521927638,0.02711617413032341,74.67216282832366,0.03394920627656155,-0.9916998050108079
2017-10-12,254.66000366210935,255.05999755859372,254.3699951171875,254.63999938964844,47065100,9.90999984741211,train,-0.0014912096319124426,0.02499120301341029,71.36996789782893,0.03529417305938603,-0.9568383020845759
2017-10-13,255.13999938964844,255.2700042724609,254.63999938964844,254.9499969482422,54800400,9.609999656677246,train,0.0012166549542219028,0.025579333907641555,72.4406646732573,0.03581666609227042,-1.0965978295571994
2017-10-16,255.2100067138672,255.50999450683597,254.82000732421875,255.2899932861328,38221700,9.90999984741211,train,0.0013326920457795463,0.026296383590281858,73.60651306774892,0.03660406743624814,-0.945570389891005
2017-10-17,255.22999572753903,255.5200042724609,254.97999572753903,255.47000122070312,31561000,10.3100004196167,train,0.0007048631214624703,0.02639285077329867,74.22812794416105,0.03724771839850662,-0.7448687570119003
2017-10-18,255.8999938964844,255.9499969482422,255.5,255.72000122070312,40888300,10.06999969482422,train,0.0009781099737367755,0.026699327634909453,75.10506548219219,0.0376914037807459,-0.8564671392639345
2017-10-19,254.8300018310547,255.8300018310547,254.3500061035156,255.7899932861328,61903800,10.050000190734863,train,0.0002736684194568484,0.026276571641293378,75.35787552684634,0.0369039361293491,-0.8593814674475044
2017-10-20,256.70001220703125,257.1400146484375,255.7700042724609,257.1099853515625,89176400,9.970000267028809,train,0.005147182821886276,0.030468730809576572,79.57126822150826,0.036817623326262525,-0.8918234956804861
2017-10-23,257.4800109863281,257.510009765625,256.0199890136719,256.1099853515625,63915300,11.06999969482422,train,-0.003896969419021379,0.025475264588204594,69.83012412534055,0.03389406399211113,-0.3430286485520133
2017-10-24,256.6000061035156,256.8299865722656,256.1499938964844,256.5599975585937,66935900,11.15999984741211,train,0.0017555633745317016,0.026453495568641072,71.51980843720837,0.03037040948550412,-0.29494082898435714
2017-10-25,256.17999267578125,256.3099975585937,254.0,255.2899932861328,103715300,11.229999542236328,train,-0.00496241829205265,0.020655364222334383,61.116814830328856,0.02653161909223717,-0.25616905294144865
2017-10-26,255.9900054931641,256.29998779296875,255.47999572753903,255.6199951171875,69798000,11.300000190734863,train,0.0012918200248079085,0.02126590325308375,62.637582291183705,0.022179609007444374,-0.21625696073995854
2017-10-27,256.4700012207031,257.8900146484375,255.6300048828125,257.7099914550781,85562500,9.800000190734863,train,0.008142940958378798,0.02841455704664919,70.50544374134836,0.0205503226264355,-0.9568427981467341
2017-10-30,256.4700012207031,257.6000061035156,256.4100036621094,256.75,54285700,10.5,train,-0.0037320397514387566,0.023436807059982412,63.85399384875288,0.018770433302925275,-0.6008735678712502
2017-10-31,257.17999267578125,257.44000244140625,256.8099975585937,257.1499938964844,60304800,10.18000030517578,train,0.001556699677022446,0.023868071555835924,65.32196926010563,0.01764318124983767,-0.7590717386736473
2017-11-01,258.0400085449219,258.42999267578125,257.07000732421875,257.489990234375,54202700,10.199999809265137,train,0.0013212979863173313,0.024238977356893843,66.56495441224254,0.016764924976483558,-0.7498976007678434
2017-11-02,257.4100036621094,257.75,256.19000244140625,257.5899963378906,56449500,9.93000030517578,train,0.0003883129120887515,0.0235757311530973,66.94031372228997,0.017463212748015784,-0.9003148221533037
2017-11-03,257.7699890136719,258.5,257.29998779296875,258.45001220703125,59589700,9.140000343322754,train,0.00333313948964476,0.025814294914289437,70.05383038635904,0.01868372964555886,-1.3878181947213049
2017-11-06,258.29998779296875,259.0,258.2200012207031,258.8500061035156,49652600,9.399999618530272,train,0.0015464680535225,0.026237778041541704,71.40281600279731,0.019336354463088522,-1.3130633730590608
2017-11-07,258.9700012207031,259.3500061035156,258.0899963378906,258.6700134277344,57502200,9.890000343322754,train,-0.000695596986573822,0.02437890345923166,69.87739783336487,0.01991040444879186,-1.0238739413039852
2017-11-08,258.4700012207031,259.2200012207031,258.1499938964844,259.1099853515625,50469600,9.779999732971191,train,0.0016994554859494032,0.024963634291182535,71.48123090867361,0.02099048248744919,-1.1220374296185418
2017-11-09,257.7300109863281,258.3900146484375,256.3599853515625,258.1700134277344,95085500,10.5,train,-0.0036342907541265517,0.020263854837959894,63.68030079363813,0.02014513460387293,-0.6229078137205604
2017-11-10,257.7300109863281,258.2900085449219,257.3699951171875,258.0899963378906,59984700,11.289999961853027,train,-0.0003099875604187004,0.019093834330307535,63.049505271160236,0.01926236835314585,-0.06893048687227246
2017-11-13,257.3099975585937,258.5899963378906,257.2699890136719,258.3299865722656,50228600,11.5,train,0.0009294382850910487,0.019197141018660435,64.19507560307144,0.018638728166553587,0.0856019425813621
2017-11-14,257.4100036621094,257.8500061035156,256.5199890136719,257.7300109863281,61315200,11.59000015258789,train,-0.002325217451833892,0.01589456158523106,59.24956267628677,0.01763977859894252,0.15842244993297508
2017-11-15,256.6199951171875,257.2200012207031,255.6300048828125,256.44000244140625,80811500,13.130000114440918,train,-0.005017839305914511,0.010050098401990448,50.28039751855963,0.01700848744113231,1.253023871412082
2017-11-16,257.5199890136719,259.0400085449219,257.4700012207031,258.6199951171875,67777000,11.760000228881836,train,0.008465055348010226,0.017694537717438674,61.01937246561184,0.01655904879946739,0.28706489826370446
2017-11-17,258.2200012207031,258.5899963378906,257.7699890136719,257.8599853515625,75756800,11.43000030517578,train,-0.0029430388124721918,0.013803815430741384,56.44229105570226,0.01654255465249571,0.05707656950079203
2017-11-20,258.1400146484375,258.5199890136719,257.8599853515625,258.29998779296875,48075500,10.649999618530272,train,0.001704907667696995,0.014808382630743466,58.388351898056094,0.015918631648227738,-0.4968345553744658
2017-11-21,259.17999267578125,260.20001220703125,258.260009765625,259.989990234375,69176800,9.729999542236328,train,0.006521478333189071,0.020650887020811082,64.87883757928722,0.017277111460449635,-1.1483646103186702
2017-11-22,260.0,260.1499938964844,259.57000732421875,259.760009765625,45033400,9.880000114440918,train,-0.0008849657864718609,0.01898079754061377,63.42893766910047,0.015978438410064067,-1.0326056519622877
2017-11-24,260.32000732421875,260.4800109863281,260.1600036621094,260.3599853515625,27856500,9.670000076293944,train,0.002307067052553484,0.020512103373383495,65.58943658839048,0.015374187292595492,-1.1734949635688892
2017-11-27,260.4100036621094,260.75,260.0,260.2300109863281,52274900,9.869999885559082,train,-0.0004993348656304272,0.019120652604020183,64.69774548339967,0.016569308437306255,-1.0223463502855878
2017-11-28,260.760009765625,262.8999938964844,260.6499938964844,262.8699951171875,98971700,10.029999732971191,train,0.010093697243671753,0.028400219025940032,72.78953808369626,0.02140656135171165,-0.9008120927088218
2017-11-29,263.0199890136719,263.6300048828125,262.20001220703125,262.7099914550781,77512100,10.699999809265137,train,-0.000608865143803894,0.026750758643877992,71.71659848543055,0.024526800837787327,-0.4156880237117077
2017-11-30,263.760009765625,266.04998779296875,263.6700134277344,265.010009765625,127894400,11.279999732971191,train,0.008716868297143729,0.034530995074455006,76.97143531190511,0.031177787121056424,0.006522707084059752
2017-12-01,264.760009765625,265.3099975585937,260.760009765625,264.4599914550781,164390900,11.43000030517578,train,-0.0020776191554762393,0.031170602402623482,73.45672376534128,0.03483304055063132,0.12321873855521179
2017-12-04,266.3099975585937,266.79998779296875,264.0799865722656,264.1400146484375,94040600,11.68000030517578,train,-0.0012106577450937816,0.028743660102174218,71.41372627505153,0.03750056508648017,0.31462694293996896
2017-12-05,263.19000244140625,265.1499938964844,263.0400085449219,263.19000244140625,77994500,11.329999923706056,train,-0.0036031069881391526,0.023906335481193253,65.58176355779723,0.03871656420560614,0.06046857298637047
2017-12-06,263.29998779296875,263.7300109863281,262.7099914550781,263.239990234375,75898600,11.020000457763672,train,0.00018991240550295883,0.022973743385182877,65.74030252626564,0.0395626814410594,-0.16476664009244224
2017-12-07,264.07000732421875,264.42999267578125,262.94000244140625,264.07000732421875,77218600,10.15999984741211,train,0.0031481207607982854,0.025082272247621606,68.34744043530813,0.04102634938398209,-0.7897044865203798
2017-12-08,265.1600036621094,265.5199890136719,264.0299987792969,265.510009765625,76563900,9.579999923706056,train,0.005438294285834409,0.02946050321023308,72.28761340280595,0.04297652503002472,-1.2053870410042313
2017-12-11,266.3099975585937,266.3800048828125,265.4800109863281,266.3099975585937,83077500,9.34000015258789,train,0.0030084930440525603,0.031356231590180084,74.20844295553542,0.044986238748434465,-1.3695831352541756
2017-12-12,267.2099914550781,267.32000732421875,266.3500061035156,266.7799987792969,85195800,9.920000076293944,train,0.0017633095564036374,0.032020569882854844,75.29200244234737,0.04682038665966982,-0.9383416333704026
2017-12-13,267.0599975585937,267.5599975585937,266.6499938964844,266.75,102905400,10.18000030517578,train,-0.00011245395534321217,0.030796775178353997,75.07520159025202,0.04704290961186729,-0.7419495949905711
2017-12-14,267.0899963378906,267.2200012207031,265.6000061035156,265.6600036621094,100666700,10.489999771118164,train,-0.004094580692557239,0.025593928173649694,67.47285974689234,0.04338910567389496,-0.5091356157485368
2017-12-15,265.45001220703125,267.0400085449219,265.3900146484375,266.510009765625,144610300,9.420000076293944,train,0.0031944935073848556,0.02793490980552704,70.02222450832667,0.042424485841756995,-1.2846976942733983
2017-12-18,268.1000061035156,268.6000061035156,267.9800109863281,268.20001220703125,83653600,9.529999732971191,train,0.0063212133655446145,0.03335085200011023,74.33007538119865,0.04116177100892714,-1.1941110316609307
2017-12-19,268.4800109863281,268.5299987792969,267.0899963378906,267.1700134277344,82382900,10.029999732971191,train,-0.003847806193067688,0.028334782119676438,67.92364241523038,0.03803563920540301,-0.8218867257182271
2017-12-20,268.2699890136719,268.3299865722656,266.69000244140625,267.0299987792969,76751500,9.720000267028809,train,-0.0005242031016257336,0.026814930602687692,67.07729494397358,0.036223220902624906,-1.041694945189588
2017-12-21,267.739990234375,268.3900146484375,267.29998779296875,267.5799865722656,67032300,9.619999885559082,train,0.00205752979580027,0.027936880261058228,68.72575643998,0.033552061132615725,-1.107287505687304
2017-12-22,267.6000061035156,267.6400146484375,266.8999938964844,267.510009765625,78720900,9.899999618530272,train,-0.000261551542800174,0.02665287159737839,68.25746180348634,0.030635260170611297,-0.8973921801334348
2017-12-26,267.04998779296875,267.44000244140625,266.8900146484375,267.19000244140625,45244400,10.25,train,-0.001196960370748745,0.024462265171310227,66.04127884227998,0.025807577145657262,-0.638751432821688
2017-12-27,267.3800048828125,267.7300109863281,267.010009765625,267.32000732421875,57751000,10.470000267028809,train,0.0004864450917694262,0.02401606421984459,66.51690475135732,0.02456365823534576,-0.4745103180878678
2017-12-28,267.8900146484375,267.9200134277344,267.45001220703125,267.8699951171875,45116100,10.18000030517578,train,0.0020552999273804086,0.025148990056039766,68.52532026190181,0.02292818948152531,-0.6792833008357522
2017-12-29,268.5299987792969,268.54998779296875,266.6400146484375,266.8599853515625,96007400,11.039999961853027,train,-0.0037776485465138097,0.0204135739855702,61.25839358560267,0.022749828316183378,-0.04543338930072216
