baseline,date,portfolio_value,daily_returns,turnover,weight_spy,weight_cash
buy_and_hold_spy,2020-01-02,10000.0,0.0,0.0,0.0,1.0
buy_and_hold_spy,2020-01-03,9910.390553528945,-0.008960944647105507,1.0,1.0,0.0
buy_and_hold_spy,2020-01-06,9933.235251387789,0.002305125891401749,0.0,1.0,0.0
buy_and_hold_spy,2020-01-07,9890.314429817607,-0.0043209307424975085,0.0,1.0,0.0
buy_and_hold_spy,2020-01-08,9947.772114195086,0.0058094901618348516,0.0,1.0,0.0
buy_and_hold_spy,2020-01-09,10022.53629183188,0.007515670521855755,0.0,1.0,0.0
buy_and_hold_spy,2020-01-10,9976.846896114199,-0.004558666028968927,0.0,1.0,0.0
buy_and_hold_spy,2020-01-13,10003.844983346555,0.0027060741247688647,0.0,1.0,0.0
buy_and_hold_spy,2020-01-14,10010.768003172088,0.0006920358959039419,0.0,1.0,0.0
buy_and_hold_spy,2020-01-15,10049.88084694687,0.003907077235471679,0.0,1.0,0.0
buy_and_hold_spy,2020-01-16,10139.181887390961,0.008885781016122252,0.0,1.0,0.0
buy_and_hold_spy,2020-01-17,10150.950176050756,0.0011606743808816322,0.0,1.0,0.0
buy_and_hold_spy,2020-01-21,10101.107390959558,-0.004910159564056604,0.0,1.0,0.0
buy_and_hold_spy,2020-01-22,10100.41551149881,-6.849540688647071e-05,0.0,1.0,0.0
buy_and_hold_spy,2020-01-23,10091.070385408408,-0.0009252219455490041,0.0,1.0,0.0
buy_and_hold_spy,2020-01-24,10030.843070578907,-0.005968377241386547,0.0,1.0,0.0
buy_and_hold_spy,2020-01-27,9877.161325931802,-0.015320920042888875,0.0,1.0,0.0
buy_and_hold_spy,2020-01-28,9943.965192704205,0.006763468224115554,0.0,1.0,0.0
buy_and_hold_spy,2020-01-29,9943.965192704205,0.0,0.0,1.0,0.0
buy_and_hold_spy,2020-01-30,9987.2314258525,0.004351004082359333,0.0,1.0,0.0
buy_and_hold_spy,2020-01-31,9775.400117367171,-0.021210213266610767,0.0,1.0,0.0
buy_and_hold_spy,2020-02-03,9829.396291831881,0.005523679216851596,0.0,1.0,0.0
buy_and_hold_spy,2020-02-04,9969.924932593181,0.014296772313278083,0.0,1.0,0.0
buy_and_hold_spy,2020-02-05,10136.758724821571,0.016733705956299083,0.0,1.0,0.0
buy_and_hold_spy,2020-02-06,10167.218321966693,0.0030048655563377213,0.0,1.0,0.0
buy_and_hold_spy,2020-02-07,10078.955628865979,-0.008681105323569138,0.0,1.0,0.0
buy_and_hold_spy,2020-02-10,10139.874823156224,0.006044197090795178,0.0,1.0,0.0
buy_and_hold_spy,2020-02-11,10139.528355273591,-3.416885204954312e-05,0.0,1.0,0.0
buy_and_hold_spy,2020-02-12,10235.752415543218,0.009489993705632305,0.0,1.0,0.0
buy_and_hold_spy,2020-02-13,10204.60093893735,-0.003043398798759922,0.0,1.0,0.0
buy_and_hold_spy,2020-02-14,10194.909344964313,-0.0009497278757915062,0.0,1.0,0.0
buy_and_hold_spy,2020-02-18,10139.874823156224,-0.005398235525779671,0.0,1.0,0.0
buy_and_hold_spy,2020-02-19,10179.679546391752,0.00392556357250351,0.0,1.0,0.0
buy_and_hold_spy,2020-02-20,10133.990150674068,-0.0044882941068492554,0.0,1.0,0.0
buy_and_hold_spy,2020-02-21,10028.766375892148,-0.010383252126500375,0.0,1.0,0.0
buy_and_hold_spy,2020-02-24,9676.406426645517,-0.03513492448020916,0.0,1.0,0.0
buy_and_hold_spy,2020-02-25,9369.735873116573,-0.03169260777270355,0.0,1.0,0.0
buy_and_hold_spy,2020-02-26,9336.506645519428,-0.0035464422953997987,0.0,1.0,0.0
buy_and_hold_spy,2020-02-27,8912.84402854877,-0.045376995171311996,0.0,1.0,0.0
buy_and_hold_spy,2020-02-28,8811.081763679616,-0.011417485209344935,0.0,1.0,0.0
buy_and_hold_spy,2020-03-02,9242.705747819191,0.04898649175164649,0.0,1.0,0.0
buy_and_hold_spy,2020-03-03,8975.146981760507,-0.028948099545613504,0.0,1.0,0.0
buy_and_hold_spy,2020-03-04,9376.312425059477,0.04469736753216713,0.0,1.0,0.0
buy_and_hold_spy,2020-03-05,9049.911159397305,-0.034811261705595564,0.0,1.0,0.0
buy_and_hold_spy,2020-03-06,8959.571771609835,-0.009982350787351324,0.0,1.0,0.0
buy_and_hold_spy,2020-03-09,8262.812183980968,-0.07776706358184293,0.0,1.0,0.0
buy_and_hold_spy,2020-03-10,8669.514775574942,0.04922084425232898,0.0,1.0,0.0
buy_and_hold_spy,2020-03-11,8163.126613798575,-0.0584102080549006,0.0,1.0,0.0
buy_and_hold_spy,2020-03-12,7341.760591593976,-0.10061904721852533,0.0,1.0,0.0
buy_and_hold_spy,2020-03-13,8034.0203219666955,0.09429069795129652,0.0,1.0,0.0
buy_and_hold_spy,2020-03-16,7008.78383029342,-0.1276118867748024,0.0,1.0,0.0
buy_and_hold_spy,2020-03-17,7388.834274385409,0.05422487742443027,0.0,1.0,0.0
buy_and_hold_spy,2020-03-18,6901.483360824744,-0.06595775401948678,0.0,1.0,0.0
buy_and_hold_spy,2020-03-19,6967.940231562251,0.00962936042340412,0.0,1.0,0.0
buy_and_hold_spy,2020-03-20,6642.231901665347,-0.04674384668536091,0.0,1.0,0.0
buy_and_hold_spy,2020-03-23,6442.515349722444,-0.030067687322514414,0.0,1.0,0.0
buy_and_hold_spy,2020-03-24,7152.427513084855,0.11019176902589689,0.0,1.0,0.0
buy_and_hold_spy,2020-03-25,7340.029836637588,0.026229182079724467,0.0,1.0,0.0
buy_and_hold_spy,2020-03-26,7790.345129262491,0.061350607919488986,0.0,1.0,0.0
buy_and_hold_spy,2020-03-27,7488.519844567803,-0.03874350618446365,0.0,1.0,0.0
buy_and_hold_spy,2020-03-30,7722.1575035685955,0.031199444463016812,0.0,1.0,0.0
buy_and_hold_spy,2020-03-31,7588.204886597938,-0.017346527432101078,0.0,1.0,0.0
buy_and_hold_spy,2020-04-01,7247.267286280729,-0.04492994132503747,0.0,1.0,0.0
buy_and_hold_spy,2020-04-02,7405.794827914354,0.021874112734012296,0.0,1.0,0.0
buy_and_hold_spy,2020-04-03,7289.495172085645,-0.015703872242091466,0.0,1.0,0.0
buy_and_hold_spy,2020-04-06,7840.879793814433,0.07564098867096547,0.0,1.0,0.0
buy_and_hold_spy,2020-04-07,7843.302956383822,0.00030904217806027034,0.0,1.0,0.0
buy_and_hold_spy,2020-04-08,8110.861194290246,0.034112954630759695,0.0,1.0,0.0
buy_and_hold_spy,2020-04-09,8208.123601903251,0.011991625215023394,0.0,1.0,0.0
buy_and_hold_spy,2020-04-13,8098.054558287074,-0.013409769266955918,0.0,1.0,0.0
buy_and_hold_spy,2020-04-14,8296.040355273592,0.024448562992689604,0.0,1.0,0.0
buy_and_hold_spy,2020-04-15,8136.820934179222,-0.019192218730367916,0.0,1.0,0.0
buy_and_hold_spy,2020-04-16,8145.820120539255,0.0011059830900581602,0.0,1.0,0.0
buy_and_hold_spy,2020-04-17,8391.22606819984,0.030126610215932326,0.0,1.0,0.0
buy_and_hold_spy,2020-04-20,8190.8171086439315,-0.023883155801915024,0.0,1.0,0.0
buy_and_hold_spy,2020-04-21,7968.601798572559,-0.027129809776470726,0.0,1.0,0.0
buy_and_hold_spy,2020-04-22,8126.090992862804,0.01976371743389871,0.0,1.0,0.0
buy_and_hold_spy,2020-04-23,8136.4749944488485,0.001277859378533197,0.0,1.0,0.0
buy_and_hold_spy,2020-04-24,8232.00664710547,0.0117411597432302,0.0,1.0,0.0
buy_and_hold_spy,2020-04-27,8352.806160190325,0.014674370206847254,0.0,1.0,0.0
buy_and_hold_spy,2020-04-28,8344.844793021412,-0.0009531368280587538,0.0,1.0,0.0
buy_and_hold_spy,2020-04-29,8530.37042188739,0.022232364228167434,0.0,1.0,0.0
buy_and_hold_spy,2020-04-30,8418.570623314828,-0.013106089541633947,0.0,1.0,0.0
buy_and_hold_spy,2020-05-01,8212.969398889769,-0.024422343604941332,0.0,1.0,0.0
buy_and_hold_spy,2020-05-04,8217.815195876288,0.0005900176600164286,0.0,1.0,0.0
buy_and_hold_spy,2020-05-05,8265.58128628073,0.005812504816171904,0.0,1.0,0.0
buy_and_hold_spy,2020-05-06,8198.432007930216,-0.008123963218650943,0.0,1.0,0.0
buy_and_hold_spy,2020-05-07,8269.388735923869,0.00865491449157818,0.0,1.0,0.0
buy_and_hold_spy,2020-05-08,8432.41560666138,0.019714500786411238,0.0,1.0,0.0
buy_and_hold_spy,2020-05-11,8395.725925455985,-0.004351028568422399,0.0,1.0,0.0
buy_and_hold_spy,2020-05-12,8240.65989373513,-0.01846963956394665,0.0,1.0,0.0
buy_and_hold_spy,2020-05-13,8058.595774781918,-0.022093390735810403,0.0,1.0,0.0
buy_and_hold_spy,2020-05-14,8194.624558287074,0.016879961137998167,0.0,1.0,0.0
buy_and_hold_spy,2020-05-15,8200.162762886595,0.0006758338420667087,0.0,1.0,0.0
buy_and_hold_spy,2020-05-18,8512.371521015068,0.03807348307054448,0.0,1.0,0.0
buy_and_hold_spy,2020-05-19,8383.957636796194,-0.015085559165486262,0.0,1.0,0.0
buy_and_hold_spy,2020-05-20,8505.449029341793,0.01449093588121042,0.0,1.0,0.0
buy_and_hold_spy,2020-05-21,8480.874104678827,-0.00288931537631798,0.0,1.0,0.0
buy_and_hold_spy,2020-05-22,8476.02830769231,-0.0005713794270150174,0.0,1.0,0.0
buy_and_hold_spy,2020-05-26,8661.89987628866,0.021929087757725618,0.0,1.0,0.0
buy_and_hold_spy,2020-05-27,8852.963709754162,0.022057959130712845,0.0,1.0,0.0
buy_and_hold_spy,2020-05-28,8803.81333227597,-0.005551855750186685,0.0,1.0,0.0
buy_and_hold_spy,2020-05-29,8801.736109436953,-0.000235945806733584,0.0,1.0,0.0
buy_and_hold_spy,2020-06-01,8835.657216494843,0.003853910937129834,0.0,1.0,0.0
buy_and_hold_spy,2020-06-02,8924.958785091198,0.010106952590877016,0.0,1.0,0.0
buy_and_hold_spy,2020-06-03,9109.100126883424,0.020632178391661427,0.0,1.0,0.0
buy_and_hold_spy,2020-06-04,9114.63727517843,0.000607869956184004,0.0,1.0,0.0
buy_and_hold_spy,2020-06-05,9398.810655035686,0.03117769487449995,0.0,1.0,0.0
buy_and_hold_spy,2020-06-08,9562.875873116574,0.017455955237590137,0.0,1.0,0.0
buy_and_hold_spy,2020-06-09,9462.498423473435,-0.010496575609155734,0.0,1.0,0.0
buy_and_hold_spy,2020-06-10,9361.428038065029,-0.010681152152975049,0.0,1.0,0.0
buy_and_hold_spy,2020-06-11,8723.510950039652,-0.0681431385715413,0.0,1.0,0.0
buy_and_hold_spy,2020-06-12,8886.537820777161,0.018688217584775124,0.0,1.0,0.0
buy_and_hold_spy,2020-06-15,8942.265278350516,0.006270997625538843,0.0,1.0,0.0
buy_and_hold_spy,2020-06-16,9131.598356859637,0.02117283178430207,0.0,1.0,0.0
buy_and_hold_spy,2020-06-17,9062.372383822365,-0.0075809261787416204,0.0,1.0,0.0
buy_and_hold_spy,2020-06-18,9049.565747819193,-0.001413165941628436,0.0,1.0,0.0
buy_and_hold_spy,2020-06-19,8957.840488501191,-0.010135874126347533,0.0,1.0,0.0
buy_and_hold_spy,2020-06-22,9010.45290404441,0.005873336951105035,0.0,1.0,0.0
buy_and_hold_spy,2020-06-23,9051.295974623315,0.0045328543430456225,0.0,1.0,0.0
buy_and_hold_spy,2020-06-24,8813.504926249008,-0.026271491843929407,0.0,1.0,0.0
buy_and_hold_spy,2020-06-25,8910.767333862013,0.01103561051215074,0.0,1.0,0.0
buy_and_hold_spy,2020-06-26,8666.399733544806,-0.027423856011656866,0.0,1.0,0.0
buy_and_hold_spy,2020-06-29,8857.809506740681,0.02208642332236188,0.0,1.0,0.0
buy_and_hold_spy,2020-06-30,8925.650664551946,0.007658909097067124,0.0,1.0,0.0
buy_and_hold_spy,2020-07-01,8906.26747660587,-0.0021716274448265738,0.0,1.0,0.0
buy_and_hold_spy,2020-07-02,8944.688440919908,0.0043139243701089125,0.0,1.0,0.0
buy_and_hold_spy,2020-07-06,9103.215454401272,0.017723033566618085,0.0,1.0,0.0
buy_and_hold_spy,2020-07-07,8966.14832355274,-0.015057001730335084,0.0,1.0,0.0
buy_and_hold_spy,2020-07-08,9024.297887390963,0.006485456378796828,0.0,1.0,0.0
buy_and_hold_spy,2020-07-09,8903.844314036483,-0.013347694730110993,0.0,1.0,0.0
buy_and_hold_spy,2020-07-10,9027.759397303731,0.013917031665962698,0.0,1.0,0.0
buy_and_hold_spy,2020-07-13,9035.374296590013,0.0008434982536813518,0.0,1.0,0.0
buy_and_hold_spy,2020-07-14,9227.475949246635,0.02126106194948907,0.0,1.0,0.0
buy_and_hold_spy,2020-07-15,9307.778331482956,0.008702529562580663,0.0,1.0,0.0
buy_and_hold_spy,2020-07-16,9257.935546391758,-0.005354960476723791,0.0,1.0,0.0
buy_and_hold_spy,2020-07-17,9232.667685963526,-0.0027293191124104776,0.0,1.0,0.0
buy_and_hold_spy,2020-07-20,9235.43731641555,0.00029998160295896525,0.0,1.0,0.0
buy_and_hold_spy,2020-07-21,9288.04867565425,0.005696683052050622,0.0,1.0,0.0
buy_and_hold_spy,2020-07-22,9344.814480570984,0.0061117040725171545,0.0,1.0,0.0
buy_and_hold_spy,2020-07-23,9230.937459159406,-0.012186119012671859,0.0,1.0,0.0
buy_and_hold_spy,2020-07-24,9161.711486122134,-0.007499343738764264,0.0,1.0,0.0
buy_and_hold_spy,2020-07-27,9205.324187153063,0.004760322467804334,0.0,1.0,0.0
buy_and_hold_spy,2020-07-28,9135.405278350525,-0.0075954857624803696,0.0,1.0,0.0
buy_and_hold_spy,2020-07-29,9189.747920697868,0.005948574878897439,0.0,1.0,0.0
buy_and_hold_spy,2020-07-30,9112.907048374314,-0.008361586518655928,0.0,1.0,0.0
buy_and_hold_spy,2020-07-31,9149.94319746234,0.004064142088954226,0.0,1.0,0.0
buy_and_hold_spy,2020-08-03,9231.975806502784,0.00896536811979276,0.0,1.0,0.0
buy_and_hold_spy,2020-08-04,9290.47183822364,0.006336241877892945,0.0,1.0,0.0
buy_and_hold_spy,2020-08-05,9414.732333069001,0.013375046715508931,0.0,1.0,0.0
buy_and_hold_spy,2020-08-06,9480.496796193507,0.00698527167825147,0.0,1.0,0.0
buy_and_hold_spy,2020-08-07,9505.418188739106,0.002628701119924859,0.0,1.0,0.0
buy_and_hold_spy,2020-08-10,9627.256577319598,0.01281778309604853,0.0,1.0,0.0
buy_and_hold_spy,2020-08-11,9594.373817605087,-0.0034155898360472836,0.0,1.0,0.0
buy_and_hold_spy,2020-08-12,9693.021040444104,0.010281778124801244,0.0,1.0,0.0
buy_and_hold_spy,2020-08-13,9671.561157811273,-0.0022139519292581067,0.0,1.0,0.0
buy_and_hold_spy,2020-08-14,9684.713205392558,0.001359868108848472,0.0,1.0,0.0
buy_and_hold_spy,2020-08-17,9655.293011895334,-0.0030377970801286347,0.0,1.0,0.0
buy_and_hold_spy,2020-08-18,9629.333272006357,-0.002688653762966453,0.0,1.0,0.0
buy_and_hold_spy,2020-08-19,9602.680596352115,-0.0027678630390460812,0.0,1.0,0.0
buy_and_hold_spy,2020-08-20,9617.910394924676,0.0015859944959897287,0.0,1.0,0.0
buy_and_hold_spy,2020-08-21,9667.06130055513,0.005110351792878998,0.0,1.0,0.0
buy_and_hold_spy,2020-08-24,9801.705268834272,0.013928117769503645,0.0,1.0,0.0
buy_and_hold_spy,2020-08-25,9782.322080888198,-0.001977532216532296,0.0,1.0,0.0
buy_and_hold_spy,2020-08-26,9810.358515463931,0.0028660306156254034,0.0,1.0,0.0
buy_and_hold_spy,2020-08-27,9866.085973037287,0.005680471053683966,0.0,1.0,0.0
buy_and_hold_spy,2020-08-28,9923.543657414766,0.005823756709043781,0.0,1.0,0.0
buy_and_hold_spy,2020-08-31,9839.779765265677,-0.00844092544365449,0.0,1.0,0.0
buy_and_hold_spy,2020-09-01,9926.6586994449,0.008829357592525122,0.0,1.0,0.0
buy_and_hold_spy,2020-09-02,10079.647508326741,0.015411913868902838,0.0,1.0,0.0
buy_and_hold_spy,2020-09-03,9807.243473433798,-0.027025154864583456,0.0,1.0,0.0
buy_and_hold_spy,2020-09-04,9752.900831086454,-0.005541072014226045,0.0,1.0,0.0
buy_and_hold_spy,2020-09-08,9533.10921173673,-0.02253602524585907,0.0,1.0,0.0
buy_and_hold_spy,2020-09-09,9686.444488501204,0.016084498074950604,0.0,1.0,0.0
buy_and_hold_spy,2020-09-10,9545.915847739903,-0.014507762980330074,0.0,1.0,0.0
buy_and_hold_spy,2020-09-11,9590.912307692322,0.004713687054246574,0.0,1.0,0.0
buy_and_hold_spy,2020-09-14,9709.981065820792,0.012414747868455756,0.0,1.0,0.0
buy_and_hold_spy,2020-09-15,9711.711292624916,0.0001781905435649378,0.0,1.0,0.0
buy_and_hold_spy,2020-09-16,9727.287559080109,0.0016038642403859438,0.0,1.0,0.0
buy_and_hold_spy,2020-09-17,9676.752894528167,-0.005195144509197669,0.0,1.0,0.0
buy_and_hold_spy,2020-09-18,9571.182651863614,-0.010909676398190293,0.0,1.0,0.0
buy_and_hold_spy,2020-09-21,9395.349145122931,-0.018371136894607898,0.0,1.0,0.0
buy_and_hold_spy,2020-09-22,9442.768767644737,0.005047137875277441,0.0,1.0,0.0
buy_and_hold_spy,2020-09-23,9261.742467882645,-0.019170891950925584,0.0,1.0,0.0
buy_and_hold_spy,2020-09-24,9279.74189690723,0.001943417136354375,0.0,1.0,0.0
buy_and_hold_spy,2020-09-25,9404.348859635224,0.013427847898390688,0.0,1.0,0.0
buy_and_hold_spy,2020-09-28,9549.722769230782,0.015458157897515257,0.0,1.0,0.0
buy_and_hold_spy,2020-09-29,9498.496225218094,-0.005364191741538349,0.0,1.0,0.0
buy_and_hold_spy,2020-09-30,9605.103758921503,0.011223622263529576,0.0,1.0,0.0
buy_and_hold_spy,2020-10-01,9627.2565773196,0.0023063590934684353,0.0,1.0,0.0
buy_and_hold_spy,2020-10-02,9580.87424583665,-0.004817813996171982,0.0,1.0,0.0
buy_and_hold_spy,2020-10-05,9743.902172878681,0.017015976085154705,0.0,1.0,0.0
buy_and_hold_spy,2020-10-06,9612.718658207785,-0.013463139545472291,0.0,1.0,0.0
buy_and_hold_spy,2020-10-07,9792.7066106265,0.01872393844222553,0.0,1.0,0.0
buy_and_hold_spy,2020-10-08,9840.126233148307,0.004842340775363496,0.0,1.0,0.0
buy_and_hold_spy,2020-10-09,9896.89098176052,0.005768701261269493,0.0,1.0,0.0
buy_and_hold_spy,2020-10-12,9984.46179540049,0.008848315476179147,0.0,1.0,0.0
buy_and_hold_spy,2020-10-13,9924.927416336255,-0.005962702876149084,0.0,1.0,0.0
buy_and_hold_spy,2020-10-14,9869.201015067421,-0.0056147918197476665,0.0,1.0,0.0
buy_and_hold_spy,2020-10-15,9866.085973037287,-0.00031563264598410967,0.0,1.0,0.0
buy_and_hold_spy,2020-10-16,9898.275796986532,0.0032626741787185054,0.0,1.0,0.0
buy_and_hold_spy,2020-10-19,9761.900545598744,-0.013777677464726357,0.0,1.0,0.0
buy_and_hold_spy,2020-10-20,9793.744957969879,0.0032621119445324087,0.0,1.0,0.0
buy_and_hold_spy,2020-10-21,9759.823850911987,-0.0034635481323502804,0.0,1.0,0.0
buy_and_hold_spy,2020-10-22,9817.973414750211,0.00595805464591348,0.0,1.0,0.0
buy_and_hold_spy,2020-10-23,9807.243473433795,-0.0010928875912717961,0.0,1.0,0.0
buy_and_hold_spy,2020-10-26,9587.797265662184,-0.022375931459849507,0.0,1.0,0.0
buy_and_hold_spy,2020-10-27,9506.803003965118,-0.008447640208991358,0.0,1.0,0.0
buy_and_hold_spy,2020-10-28,9189.056041237123,-0.03342311422625133,0.0,1.0,0.0
buy_and_hold_spy,2020-10-29,9227.47594924664,0.004181050571147038,0.0,1.0,0.0
buy_and_hold_spy,2020-10-30,9174.518122125306,-0.005739145505511467,0.0,1.0,0.0
buy_and_hold_spy,2020-11-02,9317.816393338631,0.01561916051675194,0.0,1.0,0.0
buy_and_hold_spy,2020-11-03,9506.456536082485,0.020245101940269405,0.0,1.0,0.0
buy_and_hold_spy,2020-11-04,9640.06321332277,0.014054308956567674,0.0,1.0,0.0
buy_and_hold_spy,2020-11-05,9826.9731292625,0.0193888682888943,0.0,1.0,0.0
buy_and_hold_spy,2020-11-06,9803.090084060279,-0.0024303562132578227,0.0,1.0,0.0
buy_and_hold_spy,2020-11-09,10097.300469468686,0.030012004672566484,0.0,1.0,0.0
buy_and_hold_spy,2020-11-10,10193.870997620947,0.009563994697816769,0.0,1.0,0.0
buy_and_hold_spy,2020-11-11,10180.024957969876,-0.0013582710291607514,0.0,1.0,0.0
buy_and_hold_spy,2020-11-12,10074.109303727211,-0.010404262728230695,0.0,1.0,0.0
buy_and_hold_spy,2020-11-13,10216.022759714524,0.014086948206409433,0.0,1.0,0.0
buy_and_hold_spy,2020-11-16,10383.204076130067,0.016364618633662342,0.0,1.0,0.0
buy_and_hold_spy,2020-11-17,10325.399923869953,-0.005567082360733,0.0,1.0,0.0
buy_and_hold_spy,2020-11-18,10202.524244250604,-0.011900331272911568,0.0,1.0,0.0
buy_and_hold_spy,2020-11-19,10222.252843774791,0.0019336978821986595,0.0,1.0,0.0
buy_and_hold_spy,2020-11-20,10125.33690404442,-0.009480878746742416,0.0,1.0,0.0
buy_and_hold_spy,2020-11-23,10241.637088025387,0.011486055731588785,0.0,1.0,0.0
buy_and_hold_spy,2020-11-24,10398.77928628074,0.01534346480984805,0.0,1.0,0.0
buy_and_hold_spy,2020-11-25,10340.283254559883,-0.005625278709206927,0.0,1.0,0.0
buy_and_hold_spy,2020-11-27,10357.589747819202,0.0016736962453796078,0.0,1.0,0.0
buy_and_hold_spy,2020-11-30,10266.9038921491,-0.008755497937075196,0.0,1.0,0.0
buy_and_hold_spy,2020-12-01,10329.899781126102,0.006135821435435229,0.0,1.0,0.0
buy_and_hold_spy,2020-12-02,10355.513053132445,0.0024795276381230913,0.0,1.0,0.0
buy_and_hold_spy,2020-12-03,10385.972650277565,0.002941389479095502,0.0,1.0,0.0
buy_and_hold_spy,2020-12-04,10473.543463917536,0.008431643004339184,0.0,1.0,0.0
buy_and_hold_spy,2020-12-07,10421.970452022215,-0.004924122583058521,0.0,1.0,0.0
buy_and_hold_spy,2020-12-08,10460.04494845362,0.0036532915350970807,0.0,1.0,0.0
buy_and_hold_spy,2020-12-09,10414.355552735935,-0.004367992292847678,0.0,1.0,0.0
buy_and_hold_spy,2020-12-10,10402.58726407614,-0.0011300064224043505,0.0,1.0,0.0
buy_and_hold_spy,2020-12-11,10416.085779540059,0.0012976113654468158,0.0,1.0,0.0
buy_and_hold_spy,2020-12-14,10352.744478984945,-0.00608110396705186,0.0,1.0,0.0
buy_and_hold_spy,2020-12-15,10474.581811260918,0.011768602279645712,0.0,1.0,0.0
buy_and_hold_spy,2020-12-16,10458.313665344978,-0.0015531069601699699,0.0,1.0,0.0
buy_and_hold_spy,2020-12-17,10504.694940523408,0.0044348713055069044,0.0,1.0,0.0
buy_and_hold_spy,2020-12-18,10449.660418715319,-0.005239040459498301,0.0,1.0,0.0
buy_and_hold_spy,2020-12-21,10457.968253766865,0.0007950339741822354,0.0,1.0,0.0
buy_and_hold_spy,2020-12-22,10386.319118160203,-0.006851152524856241,0.0,1.0,0.0
buy_and_hold_spy,2020-12-23,10428.200536082488,0.004032363866911748,0.0,1.0,0.0
buy_and_hold_spy,2020-12-24,10453.813808088831,0.0024561545319079503,0.0,1.0,0.0
buy_and_hold_spy,2020-12-28,10522.347901665358,0.006555893842637328,0.0,1.0,0.0
buy_and_hold_spy,2020-12-29,10503.656593180029,-0.0017763438977693724,0.0,1.0,0.0
buy_and_hold_spy,2020-12-30,10526.847758921504,0.0022079135523653814,0.0,1.0,0.0
buy_and_hold_spy,2020-12-31,10584.305443298981,0.005458204174063619,0.0,1.0,0.0
buy_and_hold_spy,2021-01-04,10464.198337827132,-0.011347660563583717,0.0,1.0,0.0
buy_and_hold_spy,2021-01-05,10516.809697065832,0.005027748666471155,0.0,1.0,0.0
buy_and_hold_spy,2021-01-06,10668.068279143548,0.014382553876573168,0.0,1.0,0.0
buy_and_hold_spy,2021-01-07,10747.33231403649,0.007430026956980251,0.0,1.0,0.0
buy_and_hold_spy,2021-01-08,10766.023622521818,0.0017391579546597313,0.0,1.0,0.0
buy_and_hold_spy,2021-01-11,10735.910493259327,-0.0027970521260510806,0.0,1.0,0.0
buy_and_hold_spy,2021-01-12,10755.639092783515,0.0018376270495710223,0.0,1.0,0.0
buy_and_hold_spy,2021-01-13,10751.832171292634,-0.0003539465631042793,0.0,1.0,0.0
buy_and_hold_spy,2021-01-14,10731.756047581293,-0.0018672281515836886,0.0,1.0,0.0
buy_and_hold_spy,2021-01-15,10664.95323711341,-0.0062247790735924236,0.0,1.0,0.0
buy_and_hold_spy,2021-01-19,10706.489243457581,0.003894626204232088,0.0,1.0,0.0
buy_and_hold_spy,2021-01-20,10791.290426645526,0.007920540642187168,0.0,1.0,0.0
buy_and_hold_spy,2021-01-21,10794.751936558294,0.00032076885858067783,0.0,1.0,0.0
buy_and_hold_spy,2021-01-22,10728.98747343379,-0.0060922625652731766,0.0,1.0,0.0
buy_and_hold_spy,2021-01-25,10717.911064234742,-0.0010323815948591886,0.0,1.0,0.0
buy_and_hold_spy,2021-01-26,10708.912406026971,-0.0008395906771235806,0.0,1.0,0.0
buy_and_hold_spy,2021-01-27,10496.73462965901,-0.019813195619057256,0.0,1.0,0.0
buy_and_hold_spy,2021-01-28,10593.997037272016,0.009265968040974126,0.0,1.0,0.0
buy_and_hold_spy,2021-01-29,10377.319403647907,-0.020452869003246832,0.0,1.0,0.0
buy_and_hold_spy,2021-02-01,10453.81380808883,0.007371306737849137,0.0,1.0,0.0
buy_and_hold_spy,2021-02-02,10619.956777160995,0.015893048424452383,0.0,1.0,0.0
buy_and_hold_spy,2021-02-03,10635.186575733556,0.0014340734988032011,0.0,1.0,0.0
buy_and_hold_spy,2021-02-04,10753.216986518648,0.011098104386283447,0.0,1.0,0.0
buy_and_hold_spy,2021-02-05,10783.330115781138,0.0028003832992715694,0.0,1.0,0.0
buy_and_hold_spy,2021-02-08,10864.670845360837,0.007543192010848188,0.0,1.0,0.0
buy_and_hold_spy,2021-02-09,10865.709192704215,9.557098950874199e-05,0.0,1.0,0.0
buy_and_hold_spy,2021-02-10,10885.784260111035,0.0018475616318076593,0.0,1.0,0.0
buy_and_hold_spy,2021-02-11,10892.014344171304,0.0005723137544713097,0.0,1.0,0.0
buy_and_hold_spy,2021-02-12,10904.475568596365,0.0011440697772977515,0.0,1.0,0.0
buy_and_hold_spy,2021-02-16,10923.165820777174,0.0017139982627532024,0.0,1.0,0.0
buy_and_hold_spy,2021-02-17,10958.471743061076,0.0032322060163862965,0.0,1.0,0.0
buy_and_hold_spy,2021-02-18,10922.473941316426,-0.003284929010967663,0.0,1.0,0.0
buy_and_hold_spy,2021-02-19,10900.322179222852,-0.002028090175594799,0.0,1.0,0.0
buy_and_hold_spy,2021-02-22,10910.359184774,0.0009207989806283567,0.0,1.0,0.0
buy_and_hold_spy,2021-02-23,10916.590325138792,0.0005711214689876343,0.0,1.0,0.0
buy_and_hold_spy,2021-02-24,11059.887540047594,0.01312655422992437,0.0,1.0,0.0
buy_and_hold_spy,2021-02-25,10867.785887390972,-0.01736922296551624,0.0,1.0,0.0
buy_and_hold_spy,2021-02-26,10710.98910071373,-0.014427666159595565,0.0,1.0,0.0
buy_and_hold_spy,2021-03-01,10923.512288659804,0.01984160248393052,0.0,1.0,0.0
buy_and_hold_spy,2021-03-02,10875.054318794617,-0.004436116203713425,0.0,1.0,0.0
buy_and_hold_spy,2021-03-03,10833.518312450446,-0.0038193838050434303,0.0,1.0,0.0
buy_and_hold_spy,2021-03-04,10715.487901665354,-0.010894928810841198,0.0,1.0,0.0
buy_and_hold_spy,2021-03-05,10911.397532117377,0.01828284743073394,0.0,1.0,0.0
buy_and_hold_spy,2021-03-08,11015.582959555919,0.009548311949214128,0.0,1.0,0.0
buy_and_hold_spy,2021-03-09,11028.043127676458,0.0011311401463078852,0.0,1.0,0.0
buy_and_hold_spy,2021-03-10,11191.416466296601,0.014814354344528713,0.0,1.0,0.0
buy_and_hold_spy,2021-03-11,11260.642439333873,0.006185631036584871,0.0,1.0,0.0
buy_and_hold_spy,2021-03-12,11363.789519429032,0.009159964065181825,0.0,1.0,0.0
buy_and_hold_spy,2021-03-15,11425.400593180026,0.005421701417969382,0.0,1.0,0.0
buy_and_hold_spy,2021-03-16,11382.826239492475,-0.003726289799673488,0.0,1.0,0.0
buy_and_hold_spy,2021-03-17,11448.937170499612,0.005807953984026115,0.0,1.0,0.0
buy_and_hold_spy,2021-03-18,11400.132732751794,-0.00426279199728441,0.0,1.0,0.0
buy_and_hold_spy,2021-03-19,11284.180072957979,-0.010171167521645708,0.0,1.0,0.0
buy_and_hold_spy,2021-03-22,11326.753370341008,0.0037728303791477735,0.0,1.0,0.0
buy_and_hold_spy,2021-03-23,11216.684326724828,-0.009717616338711377,0.0,1.0,0.0
buy_and_hold_spy,2021-03-24,11217.376206185576,6.168306431697523e-05,0.0,1.0,0.0
buy_and_hold_spy,2021-03-25,11290.410157018248,0.006510787325863188,0.0,1.0,0.0
buy_and_hold_spy,2021-03-26,11443.398965900087,0.013550332251369923,0.0,1.0,0.0
buy_and_hold_spy,2021-03-29,11479.743235527367,0.003176003015850526,0.0,1.0,0.0
buy_and_hold_spy,2021-03-30,11450.668453608256,-0.0025327031556882096,0.0,1.0,0.0
buy_and_hold_spy,2021-03-31,11428.515635210159,-0.0019346310206996842,0.0,1.0,0.0
buy_and_hold_spy,2021-04-01,11472.474804123718,0.003846446057975017,0.0,1.0,0.0
buy_and_hold_spy,2021-04-05,11602.273503568604,0.011313923252045832,0.0,1.0,0.0
buy_and_hold_spy,2021-04-06,11573.544133227604,-0.0024761845453964426,0.0,1.0,0.0
buy_and_hold_spy,2021-04-07,11573.544133227604,0.0,0.0,1.0,0.0
buy_and_hold_spy,2021-04-08,11599.850340999215,0.002272960423254089,0.0,1.0,0.0
buy_and_hold_spy,2021-04-09,11694.343118160199,0.00814603416278592,0.0,1.0,0.0
buy_and_hold_spy,2021-04-12,11683.613176843784,-0.0009175326230810299,0.0,1.0,0.0
buy_and_hold_spy,2021-04-13,11657.308025376695,-0.00225145689684636,0.0,1.0,0.0
buy_and_hold_spy,2021-04-14,11682.92129738304,0.002197185829746262,0.0,1.0,0.0
buy_and_hold_spy,2021-04-15,11783.645214908813,0.00862146675149944,0.0,1.0,0.0
buy_and_hold_spy,2021-04-16,11832.795064234744,0.004171022500214727,0.0,1.0,0.0
buy_and_hold_spy,2021-04-19,11794.375156225227,-0.0032469004830180115,0.0,1.0,0.0
buy_and_hold_spy,2021-04-20,11703.342832672492,-0.0077182828549156035,0.0,1.0,0.0
buy_and_hold_spy,2021-04-21,11813.41187628867,0.00940492346416577,0.0,1.0,0.0
buy_and_hold_spy,2021-04-22,11703.342832672492,-0.0093172950176319,0.0,1.0,0.0
buy_and_hold_spy,2021-04-23,11783.29874702618,0.006831886880257265,0.0,1.0,0.0
buy_and_hold_spy,2021-04-26,11763.915559080104,-0.0016449712735127076,0.0,1.0,0.0
buy_and_hold_spy,2021-04-27,11762.530743854093,-0.00011771720215569825,0.0,1.0,0.0
buy_and_hold_spy,2021-04-28,11711.996079302151,-0.004296240805011009,0.0,1.0,0.0
buy_and_hold_spy,2021-04-29,11788.145072164958,0.006501794599929944,0.0,1.0,0.0
buy_and_hold_spy,2021-04-30,11731.725735130858,-0.004786108135649059,0.0,1.0,0.0
buy_and_hold_spy,2021-05-03,11806.835324345766,0.006402262626204358,0.0,1.0,0.0
buy_and_hold_spy,2021-05-04,11819.98842823157,0.0011140245056762144,0.0,1.0,0.0
buy_and_hold_spy,2021-05-05,11847.332983346558,0.0023134164031561877,0.0,1.0,0.0
buy_and_hold_spy,2021-05-06,11959.13331007138,0.00943675060724436,0.0,1.0,0.0
buy_and_hold_spy,2021-05-07,12041.165919111823,0.006859410871468352,0.0,1.0,0.0
buy_and_hold_spy,2021-05-10,12036.319593973043,-0.0004024797242506706,0.0,1.0,0.0
buy_and_hold_spy,2021-05-11,11869.13933386202,-0.013889649473476484,0.0,1.0,0.0
buy_and_hold_spy,2021-05-12,11629.963470261702,-0.020151070509212277,0.0,1.0,0.0
buy_and_hold_spy,2021-05-13,11783.991682791442,0.013244083949497831,0.0,1.0,0.0
buy_and_hold_spy,2021-05-14,11915.867076923083,0.011191063069420082,0.0,1.0,0.0
buy_and_hold_spy,2021-05-17,11894.752605868363,-0.0017719626207992611,0.0,1.0,0.0
buy_and_hold_spy,2021-05-18,11806.835324345762,-0.007391266084779802,0.0,1.0,0.0
buy_and_hold_spy,2021-05-19,11749.032228390171,-0.004895731529040659,0.0,1.0,0.0
buy_and_hold_spy,2021-05-20,11821.026775574945,0.006127700204175746,0.0,1.0,0.0
buy_and_hold_spy,2021-05-21,11839.02620459953,0.001522662063652147,0.0,1.0,0.0
buy_and_hold_spy,2021-05-24,11905.48254718478,0.005613328447523047,0.0,1.0,0.0
buy_and_hold_spy,2021-05-25,11878.484459952424,-0.002267702054524423,0.0,1.0,0.0
buy_and_hold_spy,2021-05-26,11881.59950198256,0.00026224237954242113,0.0,1.0,0.0
buy_and_hold_spy,2021-05-27,11927.635365582879,0.003874551030998541,0.0,1.0,0.0
buy_and_hold_spy,2021-05-28,11963.633167327527,0.0030180166178217505,0.0,1.0,0.0
buy_and_hold_spy,2021-06-01,11971.59347819192,0.0006653757059462695,0.0,1.0,0.0
buy_and_hold_spy,2021-06-02,11988.553503568606,0.0014166890487536943,0.0,1.0,0.0
buy_and_hold_spy,2021-06-03,11976.785214908812,-0.000981627070879787,0.0,1.0,0.0
buy_and_hold_spy,2021-06-04,12041.857798572571,0.0054332262369334305,0.0,1.0,0.0
buy_and_hold_spy,2021-06-07,11996.51487073752,-0.0037654428904173587,0.0,1.0,0.0
buy_and_hold_spy,2021-06-08,11987.86162410786,-0.0007213133750008094,0.0,1.0,0.0
buy_and_hold_spy,2021-06-09,11934.211917525781,-0.004475335824213,0.0,1.0,0.0
buy_and_hold_spy,2021-06-10,11940.788469468684,0.0005510671327400019,0.0,1.0,0.0
buy_and_hold_spy,2021-06-11,11945.633738302942,0.00040577461418456195,0.0,1.0,0.0
buy_and_hold_spy,2021-06-14,11917.250835844576,-0.002376006420434451,0.0,1.0,0.0
buy_and_hold_spy,2021-06-15,11886.44582712134,-0.0025849089817410187,0.0,1.0,0.0
buy_and_hold_spy,2021-06-16,11794.721624107859,-0.0077167055945516205,0.0,1.0,0.0
buy_and_hold_spy,2021-06-17,11721.687673275186,-0.0061920877117942474,0.0,1.0,0.0
buy_and_hold_spy,2021-06-18,11524.739695479784,-0.01680201548488902,0.0,1.0,0.0
buy_and_hold_spy,2021-06-21,11726.18753053133,0.017479599572262527,0.0,1.0,0.0
buy_and_hold_spy,2021-06-22,11749.378696272805,0.001977724275779469,0.0,1.0,0.0
buy_and_hold_spy,2021-06-23,11726.18753053133,-0.0019738206028572236,0.0,1.0,0.0
buy_and_hold_spy,2021-06-24,11836.949509912773,0.009445694015472128,0.0,1.0,0.0
buy_and_hold_spy,2021-06-25,11922.443628865985,0.007222647936583337,0.0,1.0,0.0
buy_and_hold_spy,2021-06-28,11865.331356066621,-0.004790316027251884,0.0,1.0,0.0
buy_and_hold_spy,2021-06-29,11867.408050753378,0.0001750220558058846,0.0,1.0,0.0
buy_and_hold_spy,2021-06-30,11939.750122125304,0.0060958611233843385,0.0,1.0,0.0
buy_and_hold_spy,2021-07-01,11988.553503568603,0.004087470922265135,0.0,1.0,0.0
buy_and_hold_spy,2021-07-02,12043.242613798579,0.004561777216383733,0.0,1.0,0.0
buy_and_hold_spy,2021-07-06,11969.863251387795,-0.006092990464769743,0.0,1.0,0.0
buy_and_hold_spy,2021-07-07,12007.9377478192,0.0031808631086065464,0.0,1.0,0.0
buy_and_hold_spy,2021-07-08,11920.020466296599,-0.007321597044302464,0.0,1.0,0.0
buy_and_hold_spy,2021-07-09,12070.58716891357,0.012631413095530508,0.0,1.0,0.0
buy_and_hold_spy,2021-07-12,12115.583628865988,0.0037277772259747266,0.0,1.0,0.0
buy_and_hold_spy,2021-07-13,12079.932295003975,-0.002942601442416093,0.0,1.0,0.0
buy_and_hold_spy,2021-07-14,12094.12374623316,0.001174795593436695,0.0,1.0,0.0
buy_and_hold_spy,2021-07-15,12112.468586835856,0.0015168391681463778,0.0,1.0,0.0
buy_and_hold_spy,2021-07-16,12001.706607454413,-0.00914445957794452,0.0,1.0,0.0
buy_and_hold_spy,2021-07-19,11764.26202696274,-0.0197842347141024,0.0,1.0,0.0
buy_and_hold_spy,2021-07-20,11944.248923076937,0.015299463383396272,0.0,1.0,0.0
buy_and_hold_spy,2021-07-21,12044.972840602712,0.008432838110998375,0.0,1.0,0.0
buy_and_hold_spy,2021-07-22,12054.319022997635,0.0007759405121627871,0.0,1.0,0.0
buy_and_hold_spy,2021-07-23,12134.274937351322,0.006632968166940367,0.0,1.0,0.0
buy_and_hold_spy,2021-07-26,12163.349719270434,0.00239608728739249,0.0,1.0,0.0
buy_and_hold_spy,2021-07-27,12136.005164155446,-0.0022481105736577023,0.0,1.0,0.0
buy_and_hold_spy,2021-07-28,12092.392463124519,-0.003593662036313172,0.0,1.0,0.0
buy_and_hold_spy,2021-07-29,12142.928183980983,0.004179133369229593,0.0,1.0,0.0
buy_and_hold_spy,2021-07-30,12096.546908802553,-0.0038196120800266797,0.0,1.0,0.0
buy_and_hold_spy,2021-08-02,12057.434065027772,-0.0032333891704515727,0.0,1.0,0.0
buy_and_hold_spy,2021-08-03,12152.273310071389,0.00786562418936998,0.0,1.0,0.0
buy_and_hold_spy,2021-08-04,12044.972840602713,-0.00882966229699167,0.0,1.0,0.0
buy_and_hold_spy,2021-08-05,12135.658696272816,0.00752893816118938,0.0,1.0,0.0
buy_and_hold_spy,2021-08-06,12186.886296590024,0.0042212459660671,0.0,1.0,0.0
buy_and_hold_spy,2021-08-09,12154.350004758146,-0.002669778895121322,0.0,1.0,0.0
buy_and_hold_spy,2021-08-10,12209.039114988122,0.00449955038390093,0.0,1.0,0.0
buy_and_hold_spy,2021-08-11,12285.533519429042,0.006265391053339675,0.0,1.0,0.0
buy_and_hold_spy,2021-08-12,12295.57158128471,0.0008170635682849259,0.0,1.0,0.0
buy_and_hold_spy,2021-08-13,12301.109785884235,0.00045042270405337703,0.0,1.0,0.0
buy_and_hold_spy,2021-08-16,12341.952856463142,0.0033202752670149493,0.0,1.0,0.0
buy_and_hold_spy,2021-08-17,12247.112555115005,-0.007684383699332553,0.0,1.0,0.0
buy_and_hold_spy,2021-08-18,12118.69867089613,-0.010485237531783986,0.0,1.0,0.0
buy_and_hold_spy,2021-08-19,12096.546908802555,-0.001827899405302813,0.0,1.0,0.0
buy_and_hold_spy,2021-08-20,12154.696472640779,0.00480712093100788,0.0,1.0,0.0
buy_and_hold_spy,2021-08-23,12233.960507533722,0.006521268142841707,0.0,1.0,0.0
buy_and_hold_spy,2021-08-24,12243.99751308487,0.0008204216079468196,0.0,1.0,0.0
buy_and_hold_spy,2021-08-25,12259.227311657432,0.0012438583523302071,0.0,1.0,0.0
buy_and_hold_spy,2021-08-26,12189.309459159414,-0.0057032837976283,0.0,1.0,0.0
buy_and_hold_spy,2021-08-27,12272.726883425868,0.006843490564083732,0.0,1.0,0.0
buy_and_hold_spy,2021-08-30,12255.765801744663,-0.001382014106751761,0.0,1.0,0.0
buy_and_hold_spy,2021-08-31,12250.228653449658,-0.00045179945378992503,0.0,1.0,0.0
buy_and_hold_spy,2021-09-01,12237.420961141966,-0.0010455063876775306,0.0,1.0,0.0
buy_and_hold_spy,2021-09-02,12283.110356859652,0.0037335804548004337,0.0,1.0,0.0
buy_and_hold_spy,2021-09-03,12257.84355273594,-0.0020570363197626174,0.0,1.0,0.0
buy_and_hold_spy,2021-09-07,12164.388066613814,-0.007624137616054516,0.0,1.0,0.0
buy_and_hold_spy,2021-09-08,12139.813141950848,-0.0020202351756940518,0.0,1.0,0.0
buy_and_hold_spy,2021-09-09,12090.662236320395,-0.004048736587271229,0.0,1.0,0.0
buy_and_hold_spy,2021-09-10,12000.322848532927,-0.0074718312381671925,0.0,1.0,0.0
buy_and_hold_spy,2021-09-13,12090.315768437766,0.007499208233038512,0.0,1.0,0.0
buy_and_hold_spy,2021-09-14,11992.361481364014,-0.00810187996325662,0.0,1.0,0.0
buy_and_hold_spy,2021-09-15,12073.702210943713,0.006782711620734627,0.0,1.0,0.0
buy_and_hold_spy,2021-09-16,12051.549392545616,-0.0018347991370880612,0.0,1.0,0.0
buy_and_hold_spy,2021-09-17,11963.633167327534,-0.007295014305169878,0.0,1.0,0.0
buy_and_hold_spy,2021-09-20,11747.647413164172,-0.01805352530811588,0.0,1.0,0.0
buy_and_hold_spy,2021-09-21,11737.609351308502,-0.0008544742196144872,0.0,1.0,0.0
buy_and_hold_spy,2021-09-22,11854.947882632847,0.009996799843339899,0.0,1.0,0.0
buy_and_hold_spy,2021-09-23,12030.089509912781,0.014773715499543538,0.0,1.0,0.0
buy_and_hold_spy,2021-09-24,12040.8194512292,0.0008919253100798663,0.0,1.0,0.0
buy_and_hold_spy,2021-09-27,12066.432723235543,0.0021272033942614232,0.0,1.0,0.0
buy_and_hold_spy,2021-09-28,11869.485801744662,-0.016321884521150354,0.0,1.0,0.0
buy_and_hold_spy,2021-09-29,11898.905995241885,0.002478640944403754,0.0,1.0,0.0
buy_and_hold_spy,2021-09-30,11709.227505154653,-0.015940834406379834,0.0,1.0,0.0
buy_and_hold_spy,2021-10-01,11878.484459952433,0.014455006081594224,0.0,1.0,0.0
buy_and_hold_spy,2021-10-04,11768.76188421889,-0.00923708542983459,0.0,1.0,0.0
buy_and_hold_spy,2021-10-05,11876.754233148313,0.009176186075634085,0.0,1.0,0.0
buy_and_hold_spy,2021-10-06,11911.020751784316,0.0028851753571159655,0.0,1.0,0.0
buy_and_hold_spy,2021-10-07,12032.512672482175,0.010199958780162444,0.0,1.0,0.0
buy_and_hold_spy,2021-10-08,12029.051162569407,-0.0002876797230128014,0.0,1.0,0.0
buy_and_hold_spy,2021-10-11,11940.788469468693,-0.007337460944164875,0.0,1.0,0.0
buy_and_hold_spy,2021-10-12,11899.252463124521,-0.0034784977935397032,0.0,1.0,0.0
buy_and_hold_spy,2021-10-13,11903.060440919922,0.0003200182370448612,0.0,1.0,0.0
buy_and_hold_spy,2021-10-14,12084.43215226013,0.01523740152714792,0.0,1.0,0.0
buy_and_hold_spy,2021-10-15,12213.192504361637,0.010655060203008881,0.0,1.0,0.0
buy_and_hold_spy,2021-10-18,12201.07774781921,-0.0009919401940238215,0.0,1.0,0.0
buy_and_hold_spy,2021-10-19,12268.918905630471,0.0055602594470300915,0.0,1.0,0.0
buy_and_hold_spy,2021-10-20,12323.261547977814,0.004429293466305717,0.0,1.0,0.0
buy_and_hold_spy,2021-10-21,12320.838385408426,-0.0001966332175905583,0.0,1.0,0.0
buy_and_hold_spy,2021-10-22,12347.83647264078,0.002191254067931636,0.0,1.0,0.0
buy_and_hold_spy,2021-10-25,12375.872907216515,0.0022705544115242393,0.0,1.0,0.0
buy_and_hold_spy,2021-10-26,12374.142680412391,-0.00013980644574296264,0.0,1.0,0.0
buy_and_hold_spy,2021-10-27,12286.918334655054,-0.007048920317963336,0.0,1.0,0.0
buy_and_hold_spy,2021-10-28,12367.219660586856,0.006535513929909698,0.0,1.0,0.0
buy_and_hold_spy,2021-10-29,12399.410540840623,0.0026029197456851616,0.0,1.0,0.0
buy_and_hold_spy,2021-11-01,12430.56201744649,0.0025123352842670865,0.0,1.0,0.0
buy_and_hold_spy,2021-11-02,12480.404802537689,0.004009696827966813,0.0,1.0,0.0
buy_and_hold_spy,2021-11-03,12514.671321173691,0.0027456255769071625,0.0,1.0,0.0
buy_and_hold_spy,2021-11-04,12507.402889770045,-0.0005807928324373934,0.0,1.0,0.0
buy_and_hold_spy,2021-11-05,12574.897579698674,0.005396379290206976,0.0,1.0,0.0
buy_and_hold_spy,2021-11-08,12610.203501982576,0.002807650882254542,0.0,1.0,0.0
buy_and_hold_spy,2021-11-09,12574.205700237926,-0.0028546566864674494,0.0,1.0,0.0
buy_and_hold_spy,2021-11-10,12497.711295797008,-0.006083438291412002,0.0,1.0,0.0
buy_and_hold_spy,2021-11-11,12441.98383822365,-0.004459013034818549,0.0,1.0,0.0
buy_and_hold_spy,2021-11-12,12504.979727200653,0.005063170776951953,0.0,1.0,0.0
buy_and_hold_spy,2021-11-15,12503.594911974642,-0.00011074110124287273,0.0,1.0,0.0
buy_and_hold_spy,2021-11-16,12527.477957176865,0.0019100942865120096,0.0,1.0,0.0
buy_and_hold_spy,2021-11-17,12455.48340999209,-0.0057469306616125815,0.0,1.0,0.0
buy_and_hold_spy,2021-11-18,12438.176916732771,-0.0013894678102525093,0.0,1.0,0.0
buy_and_hold_spy,2021-11-19,12319.108158604302,-0.009572846481085917,0.0,1.0,0.0
buy_and_hold_spy,2021-11-22,12329.146220459972,0.0008148367338312035,0.0,1.0,0.0
buy_and_hold_spy,2021-11-23,12392.141053132455,0.005109423762688747,0.0,1.0,0.0
buy_and_hold_spy,2021-11-24,12392.487521015088,2.795867809668451e-05,0.0,1.0,0.0
buy_and_hold_spy,2021-11-26,12080.62417446473,-0.025165516287307232,0.0,1.0,0.0
buy_and_hold_spy,2021-11-29,12155.73481998416,0.006217447412874,0.0,1.0,0.0
buy_and_hold_spy,2021-11-30,11938.018839016673,-0.017910556966869606,0.0,1.0,0.0
buy_and_hold_spy,2021-12-01,11784.337094369568,-0.012873303914116119,0.0,1.0,0.0
buy_and_hold_spy,2021-12-02,11997.206750198275,0.01806377856675656,0.0,1.0,0.0
buy_and_hold_spy,2021-12-03,11984.400114195101,-0.001067468142362582,0.0,1.0,0.0
buy_and_hold_spy,2021-12-06,12212.15415701826,0.01900420885926457,0.0,1.0,0.0
buy_and_hold_spy,2021-12-07,12382.44945915942,0.013944738983113103,0.0,1.0,0.0
buy_and_hold_spy,2021-12-08,12391.102705789077,0.0006988315727189942,0.0,1.0,0.0
buy_and_hold_spy,2021-12-09,12395.256095162591,0.0003351912636131438,0.0,1.0,0.0
buy_and_hold_spy,2021-12-10,12468.636513877898,0.005920040550347672,0.0,1.0,0.0
buy_and_hold_spy,2021-12-13,12358.221002379089,-0.008855459967568646,0.0,1.0,0.0
buy_and_hold_spy,2021-12-14,12328.107873116598,-0.0024366880359797394,0.0,1.0,0.0
buy_and_hold_spy,2021-12-15,12454.09859476608,0.01021979390075134,0.0,1.0,0.0
buy_and_hold_spy,2021-12-16,12441.29195876291,-0.001028306938934298,0.0,1.0,0.0
buy_and_hold_spy,2021-12-17,12240.190591593995,-0.016164026038089307,0.0,1.0,0.0
buy_and_hold_spy,2021-12-20,12089.277421094392,-0.012329315411415576,0.0,1.0,0.0
buy_and_hold_spy,2021-12-21,12284.49517208567,0.01614800820524187,0.0,1.0,0.0
buy_and_hold_spy,2021-12-22,12370.335758921516,0.006987717902393165,0.0,1.0,0.0
buy_and_hold_spy,2021-12-23,12438.522328310888,0.0055121033671374775,0.0,1.0,0.0
buy_and_hold_spy,2021-12-27,12561.74553211739,0.009906578977314506,0.0,1.0,0.0
buy_and_hold_spy,2021-12-28,12598.780624900895,0.002948244150370316,0.0,1.0,0.0
buy_and_hold_spy,2021-12-29,12628.201874702641,0.002335245820821452,0.0,1.0,0.0
buy_and_hold_spy,2021-12-30,12601.55025535292,-0.0021104841064594204,0.0,1.0,0.0
buy_and_hold_spy,2021-12-31,12575.590515463944,-0.0020600433568044307,0.0,1.0,0.0
buy_and_hold_spy,2022-01-03,12657.276656621754,0.006495610767332405,0.0,1.0,0.0
buy_and_hold_spy,2022-01-04,12733.079181601928,0.0059888495003004305,0.0,1.0,0.0
buy_and_hold_spy,2022-01-05,12602.242134813665,-0.010275365834315209,0.0,1.0,0.0
buy_and_hold_spy,2022-01-06,12543.400691514697,-0.004669124959630677,0.0,1.0,0.0
buy_and_hold_spy,2022-01-07,12540.631061062673,-0.00022080379317679366,0.0,1.0,0.0
buy_and_hold_spy,2022-01-10,12488.019701823974,-0.004195272070641742,0.0,1.0,0.0
buy_and_hold_spy,2022-01-11,12548.592428231586,0.0048504669158044855,0.0,1.0,0.0
buy_and_hold_spy,2022-01-12,12562.78387946077,0.0011309197673243787,0.0,1.0,0.0
buy_and_hold_spy,2022-01-13,12502.211153053157,-0.004821600609292154,0.0,1.0,0.0
buy_and_hold_spy,2022-01-14,12430.908485329126,-0.005703204565267406,0.0,1.0,0.0
buy_and_hold_spy,2022-01-18,12247.805490880275,-0.014729655090369942,0.0,1.0,0.0
buy_and_hold_spy,2022-01-19,12126.660038065049,-0.009891196664205015,0.0,1.0,0.0
buy_and_hold_spy,2022-01-20,12022.128142743875,-0.008620007074747082,0.0,1.0,0.0
buy_and_hold_spy,2022-01-21,11849.75614591596,-0.01433789382223083,0.0,1.0,0.0
buy_and_hold_spy,2022-01-24,11900.290810467903,0.004264616413170552,0.0,1.0,0.0
buy_and_hold_spy,2022-01-25,11870.86956066616,-0.002472313514881752,0.0,1.0,0.0
buy_and_hold_spy,2022-01-26,11818.950080888206,-0.004373688002603293,0.0,1.0,0.0
buy_and_hold_spy,2022-01-27,11822.06512291834,0.00026356334605148746,0.0,1.0,0.0
buy_and_hold_spy,2022-01-28,12014.513243457593,0.016278722755990627,0.0,1.0,0.0
buy_and_hold_spy,2022-01-31,12151.92684218876,0.011437300533668537,0.0,1.0,0.0
buy_and_hold_spy,2022-02-01,12250.920532910408,0.00814633695604261,0.0,1.0,0.0
buy_and_hold_spy,2022-02-02,12323.261547977816,0.005904945254772809,0.0,1.0,0.0
buy_and_hold_spy,2022-02-03,12148.466388580511,-0.01418416372295428,0.0,1.0,0.0
buy_and_hold_spy,2022-02-04,12144.65841078511,-0.0003134533753972324,0.0,1.0,0.0
buy_and_hold_spy,2022-02-07,12145.69675812849,8.549827490056394e-05,0.0,1.0,0.0
buy_and_hold_spy,2022-02-08,12271.688536082494,0.010373367659593846,0.0,1.0,0.0
buy_and_hold_spy,2022-02-09,12380.027352894549,0.008828354508306324,0.0,1.0,0.0
buy_and_hold_spy,2022-02-10,12202.807974623336,-0.01431494238417641,0.0,1.0,0.0
buy_and_hold_spy,2022-02-11,12020.744383822384,-0.014919811176211772,0.0,1.0,0.0
buy_and_hold_spy,2022-02-14,11972.286413957198,-0.0040311954333212,0.0,1.0,0.0
buy_and_hold_spy,2022-02-15,12122.160180808904,0.0125183913639908,0.0,1.0,0.0
buy_and_hold_spy,2022-02-16,12103.12346074546,-0.0015704065760144825,0.0,1.0,0.0
buy_and_hold_spy,2022-02-17,11895.790953211757,-0.017130495958845082,0.0,1.0,0.0
buy_and_hold_spy,2022-02-18,11802.336523394151,-0.00785609214092442,0.0,1.0,0.0
buy_and_hold_spy,2022-02-22,11630.30993814435,-0.01457563804495976,0.0,1.0,0.0
buy_and_hold_spy,2022-02-23,11474.8969103886,-0.013362758910322459,0.0,1.0,0.0
buy_and_hold_spy,2022-02-24,11503.279812846968,0.0024734777732662305,0.0,1.0,0.0
buy_and_hold_spy,2022-02-25,11787.106724821591,0.024673564113222968,0.0,1.0,0.0
buy_and_hold_spy,2022-02-28,11745.57071847742,-0.0035238508748465236,0.0,1.0,0.0
buy_and_hold_spy,2022-03-01,11531.662715305334,-0.018211801563254748,0.0,1.0,0.0
buy_and_hold_spy,2022-03-02,11733.802429817628,0.017529103955148173,0.0,1.0,0.0
buy_and_hold_spy,2022-03-03,11703.689300555137,-0.0025663572778392707,0.0,1.0,0.0
buy_and_hold_spy,2022-03-04,11646.231616177658,-0.004909365149906586,0.0,1.0,0.0
buy_and_hold_spy,2022-03-07,11369.32772402857,-0.023776265256861606,0.0,1.0,0.0
buy_and_hold_spy,2022-03-08,11302.178445678055,-0.005906178446118404,0.0,1.0,0.0
buy_and_hold_spy,2022-03-09,11539.969494052362,0.021039399573914652,0.0,1.0,0.0
buy_and_hold_spy,2022-03-10,11495.318445678056,-0.0038692518552426725,0.0,1.0,0.0
buy_and_hold_spy,2022-03-11,11422.977430610648,-0.0062930849118501,0.0,1.0,0.0
buy_and_hold_spy,2022-03-14,11424.708713719294,0.0001515614575238189,0.0,1.0,0.0
buy_and_hold_spy,2022-03-15,11636.540022204625,0.018541506290742804,0.0,1.0,0.0
buy_and_hold_spy,2022-03-16,11815.488570975442,0.015378157805443049,0.0,1.0,0.0
buy_and_hold_spy,2022-03-17,11957.056615384641,0.01198156500755787,0.0,1.0,0.0
buy_and_hold_spy,2022-03-18,12017.28287390962,0.005036879933100646,0.0,1.0,0.0
buy_and_hold_spy,2022-03-21,11956.710147502008,-0.005040467719963582,0.0,1.0,0.0
buy_and_hold_spy,2022-03-22,12050.165633624134,0.007816153855803698,0.0,1.0,0.0
buy_and_hold_spy,2022-03-23,11886.445827121359,-0.013586519179947243,0.0,1.0,0.0
buy_and_hold_spy,2022-03-24,12012.783016653473,0.01062867667674472,0.0,1.0,0.0
buy_and_hold_spy,2022-03-25,12064.010616970683,0.004264424009506662,0.0,1.0,0.0
buy_and_hold_spy,2022-03-28,12096.892320380677,0.0027256029900817325,0.0,1.0,0.0
buy_and_hold_spy,2022-03-29,12217.345893735157,0.009957398161802411,0.0,1.0,0.0
buy_and_hold_spy,2022-03-30,12187.924643933413,-0.0024081539523924667,0.0,1.0,0.0
buy_and_hold_spy,2022-03-31,12004.821649484562,-0.015023311991019805,0.0,1.0,0.0
buy_and_hold_spy,2022-04-01,12045.665776367989,0.003402310178025836,0.0,1.0,0.0
buy_and_hold_spy,2022-04-04,12088.239073751018,0.0035343249740957816,0.0,1.0,0.0
buy_and_hold_spy,2022-04-05,11987.861624107876,-0.008303728031083146,0.0,1.0,0.0
buy_and_hold_spy,2022-04-06,11932.827102299789,-0.0045908539432429896,0.0,1.0,0.0
buy_and_hold_spy,2022-04-07,11975.054988104706,0.0035387997699873885,0.0,1.0,0.0
buy_and_hold_spy,2022-04-08,12023.512957969891,0.004046575979260281,0.0,1.0,0.0
buy_and_hold_spy,2022-04-11,11879.17739571771,-0.012004441859607029,0.0,1.0,0.0
buy_and_hold_spy,2022-04-12,11845.25628865982,-0.0028555097653577555,0.0,1.0,0.0
buy_and_hold_spy,2022-04-13,11967.786556701058,0.010344247946626695,0.0,1.0,0.0
buy_and_hold_spy,2022-04-14,11916.905424266482,-0.004251507343777439,0.0,1.0,0.0
buy_and_hold_spy,2022-04-18,11910.32887232358,-0.0005518674277225077,0.0,1.0,0.0
buy_and_hold_spy,2022-04-19,12084.085684377505,0.014588750144229001,0.0,1.0,0.0
buy_and_hold_spy,2022-04-20,12167.503108643961,0.006903081163542213,0.0,1.0,0.0
buy_and_hold_spy,2022-04-21,12035.281246629687,-0.01086680322443001,0.0,1.0,0.0
buy_and_hold_spy,2022-04-22,11708.534569389401,-0.02714906868767908,0.0,1.0,0.0
buy_and_hold_spy,2022-04-25,11787.798604282341,0.006769765628925617,0.0,1.0,0.0
buy_and_hold_spy,2022-04-26,11507.087790642374,-0.023813675739080664,0.0,1.0,0.0
buy_and_hold_spy,2022-04-27,11527.162858049194,0.001744582797321259,0.0,1.0,0.0
buy_and_hold_spy,2022-04-28,11743.840491673302,0.018797134758342215,0.0,1.0,0.0
buy_and_hold_spy,2022-04-29,11411.555609833491,-0.028294396715913273,0.0,1.0,0.0
buy_and_hold_spy,2022-05-02,11447.89882315625,0.003184772923635615,0.0,1.0,0.0
buy_and_hold_spy,2022-05-03,11465.551784298203,0.0015420263067178475,0.0,1.0,0.0
buy_and_hold_spy,2022-05-04,11788.83695162572,0.028196215359669763,0.0,1.0,0.0
buy_and_hold_spy,2022-05-05,11430.592329896934,-0.030388461830357594,0.0,1.0,0.0
buy_and_hold_spy,2022-05-06,11390.095727200662,-0.003542826261973553,0.0,1.0,0.0
buy_and_hold_spy,2022-05-09,11166.149662172906,-0.019661473475850677,0.0,1.0,0.0
buy_and_hold_spy,2022-05-10,11139.496986518663,-0.002386917286675172,0.0,1.0,0.0
buy_and_hold_spy,2022-05-11,11022.851390959582,-0.010471352135581036,0.0,1.0,0.0
buy_and_hold_spy,2022-05-12,10994.469544805735,-0.0025748189054897175,0.0,1.0,0.0
buy_and_hold_spy,2022-05-13,11153.343026169734,0.014450308922730803,0.0,1.0,0.0
buy_and_hold_spy,2022-05-16,11172.379746233175,0.0017068174105983047,0.0,1.0,0.0
buy_and_hold_spy,2022-05-17,11321.908101506768,0.013383751597237481,0.0,1.0,0.0
buy_and_hold_spy,2022-05-18,10922.12747343381,-0.03531035797930149,0.0,1.0,0.0
buy_and_hold_spy,2022-05-19,10840.094864393364,-0.007510680427414429,0.0,1.0,0.0
buy_and_hold_spy,2022-05-20,10813.789712926275,-0.0024266532531458385,0.0,1.0,0.0
buy_and_hold_spy,2022-05-23,11036.004494845387,0.020549205026012984,0.0,1.0,0.0
buy_and_hold_spy,2022-05-24,11055.04227121335,0.0017250605848206924,0.0,1.0,0.0
buy_and_hold_spy,2022-05-25,11120.460266455222,0.005917480334943326,0.0,1.0,0.0
buy_and_hold_spy,2022-05-26,11299.409871530559,0.016091924325752682,0.0,1.0,0.0
buy_and_hold_spy,2022-05-27,11493.934686756571,0.01721548447553234,0.0,1.0,0.0
buy_and_hold_spy,2022-05-31,11429.208570975445,-0.005631327960798682,0.0,1.0,0.0
buy_and_hold_spy,2022-06-01,11365.519746233176,-0.005572461500440773,0.0,1.0,0.0
buy_and_hold_spy,2022-06-02,11518.163143536905,0.013430393040698263,0.0,1.0,0.0
buy_and_hold_spy,2022-06-03,11399.787321173702,-0.010277317736172797,0.0,1.0,0.0
buy_and_hold_spy,2022-06-06,11403.248831086472,0.0003036468852659624,0.0,1.0,0.0
buy_and_hold_spy,2022-06-07,11497.396196669344,0.008256187949368998,0.0,1.0,0.0
buy_and_hold_spy,2022-06-08,11400.825668517084,-0.008399338989486638,0.0,1.0,0.0
buy_and_hold_spy,2022-06-09,11179.994645519462,-0.019369739474873082,0.0,1.0,0.0
buy_and_hold_spy,2022-06-10,10881.28440285491,-0.02671828137093646,0.0,1.0,0.0
buy_and_hold_spy,2022-06-13,10577.035955590833,-0.027960710886690165,0.0,1.0,0.0
buy_and_hold_spy,2022-06-14,10532.73137509916,-0.004188751997978635,0.0,1.0,0.0
buy_and_hold_spy,2022-06-15,10634.148228390199,0.009628732536633544,0.0,1.0,0.0
buy_and_hold_spy,2022-06-16,10380.434445678065,-0.023858401939027774,0.0,1.0,0.0
buy_and_hold_spy,2022-06-17,10339.591375099159,-0.003934620539500888,0.0,1.0,0.0
buy_and_hold_spy,2022-06-21,10566.998950039682,0.02199386481444421,0.0,1.0,0.0
buy_and_hold_spy,2022-06-22,10543.461316415574,-0.002227466259379085,0.0,1.0,0.0
buy_and_hold_spy,2022-06-23,10617.187146708993,0.006992564214052921,0.0,1.0,0.0
buy_and_hold_spy,2022-06-24,10903.782632831118,0.026993541901628948,0.0,1.0,0.0
buy_and_hold_spy,2022-06-27,10880.937934972277,-0.0020951167707669027,0.0,1.0,0.0
buy_and_hold_spy,2022-06-28,10707.181122918351,-0.015968918588852188,0.0,1.0,0.0
buy_and_hold_spy,2022-06-29,10731.756047581317,0.002295181559071935,0.0,1.0,0.0
buy_and_hold_spy,2022-06-30,10654.56976367965,-0.007192325613762263,0.0,1.0,0.0
buy_and_hold_spy,2022-07-01,10759.447070578935,0.009843410782930162,0.0,1.0,0.0
buy_and_hold_spy,2022-07-05,10719.987758921521,-0.003667410732036025,0.0,1.0,0.0
buy_and_hold_spy,2022-07-06,10744.217272006374,0.00226021835376522,0.0,1.0,0.0
buy_and_hold_spy,2022-07-07,10866.74754004761,0.011404299162907305,0.0,1.0,0.0
buy_and_hold_spy,2022-07-08,10849.786458366405,-0.0015608241213572738,0.0,1.0,0.0
buy_and_hold_spy,2022-07-11,10788.86832038068,-0.005614685433624422,0.0,1.0,0.0
buy_and_hold_spy,2022-07-12,10728.987473433812,-0.005550243562964741,0.0,1.0,0.0
buy_and_hold_spy,2022-07-13,10652.146601110258,-0.007161987327678365,0.0,1.0,0.0
buy_and_hold_spy,2022-07-14,10605.418858049195,-0.004386697330676315,0.0,1.0,0.0
buy_and_hold_spy,2022-07-15,10822.096491673305,0.020430841678606315,0.0,1.0,0.0
buy_and_hold_spy,2022-07-18,10752.5240507534,-0.006428739659957272,0.0,1.0,0.0
buy_and_hold_spy,2022-07-19,11010.73663441716,0.024014136815222242,0.0,1.0,0.0
buy_and_hold_spy,2022-07-20,11032.542984932623,0.001980462455827059,0.0,1.0,0.0
buy_and_hold_spy,2022-07-21,11090.347137192735,0.005239422347055989,0.0,1.0,0.0
buy_and_hold_spy,2022-07-22,11043.61939413167,-0.004213370644130521,0.0,1.0,0.0
buy_and_hold_spy,2022-07-25,11074.77087073754,0.002820766950953013,0.0,1.0,0.0
buy_and_hold_spy,2022-07-26,10991.008034892973,-0.0075633922202300585,0.0,1.0,0.0
buy_and_hold_spy,2022-07-27,11145.728126883456,0.01407697014680509,0.0,1.0,0.0
buy_and_hold_spy,2022-07-28,11257.181985725645,0.009999692938262417,0.0,1.0,0.0
buy_and_hold_spy,2022-07-29,11375.904275971483,0.010546359683656137,0.0,1.0,0.0
buy_and_hold_spy,2022-08-01,11354.444393338652,-0.0018864331232251175,0.0,1.0,0.0
buy_and_hold_spy,2022-08-02,11215.992447264107,-0.012193634604945602,0.0,1.0,0.0
buy_and_hold_spy,2022-08-03,11358.597782712164,0.01271446429003631,0.0,1.0,0.0
buy_and_hold_spy,2022-08-04,11330.906759714544,-0.002437890972754264,0.0,1.0,0.0
buy_and_hold_spy,2022-08-05,11352.021230769264,0.001863440543857342,0.0,1.0,0.0
buy_and_hold_spy,2022-08-08,11367.597497224458,0.0013721139291895668,0.0,1.0,0.0
buy_and_hold_spy,2022-08-09,11349.944536082508,-0.001552919264273811,0.0,1.0,0.0
buy_and_hold_spy,2022-08-10,11533.04753053136,0.016132501252913656,0.0,1.0,0.0
buy_and_hold_spy,2022-08-11,11550.69943536879,0.001530549908053347,0.0,1.0,0.0
buy_and_hold_spy,2022-08-12,11693.304770816849,0.012346034648897053,0.0,1.0,0.0
buy_and_hold_spy,2022-08-15,11746.609065820812,0.004558531232077057,0.0,1.0,0.0
buy_and_hold_spy,2022-08-16,11828.641674861257,0.006983514015047598,0.0,1.0,0.0
buy_and_hold_spy,2022-08-17,11775.338436161812,-0.0045062856889753755,0.0,1.0,0.0
buy_and_hold_spy,2022-08-18,11788.490483743097,0.0011169146137570696,0.0,1.0,0.0
buy_and_hold_spy,2022-08-19,11665.96127200638,-0.010393969601594999,0.0,1.0,0.0
buy_and_hold_spy,2022-08-22,11448.591758921526,-0.0186327991338745,0.0,1.0,0.0
buy_and_hold_spy,2022-08-23,11391.47948612216,-0.0049885849720215925,0.0,1.0,0.0
buy_and_hold_spy,2022-08-24,11417.439226011136,0.0022788734264589383,0.0,1.0,0.0
buy_and_hold_spy,2022-08-25,11531.316247422714,0.009973954680848607,0.0,1.0,0.0
buy_and_hold_spy,2022-08-26,11177.571482950072,-0.03067687650589801,0.0,1.0,0.0
buy_and_hold_spy,2022-08-29,11114.230182394957,-0.005666821335183148,0.0,1.0,0.0
buy_and_hold_spy,2022-08-30,11008.314528152292,-0.009529733729146228,0.0,1.0,0.0
buy_and_hold_spy,2022-08-31,10925.58898334658,-0.007514823871915377,0.0,1.0,0.0
buy_and_hold_spy,2022-09-01,10974.393421094397,0.004466984601215307,0.0,1.0,0.0
buy_and_hold_spy,2022-09-02,10860.170988104708,-0.010408086224623303,0.0,1.0,0.0
buy_and_hold_spy,2022-09-06,10806.174813639998,-0.004971945149284673,0.0,1.0,0.0
buy_and_hold_spy,2022-09-07,10949.125560666167,0.013228616924254366,0.0,1.0,0.0
buy_and_hold_spy,2022-09-08,11015.236491673304,0.0060380101260903984,0.0,1.0,0.0
buy_and_hold_spy,2022-09-09,11155.073252973858,0.01269484875846838,0.0,1.0,0.0
buy_and_hold_spy,2022-09-12,11234.3372878668,0.007105648980997081,0.0,1.0,0.0
buy_and_hold_spy,2022-09-13,10789.906667724055,-0.03956002109912915,0.0,1.0,0.0
buy_and_hold_spy,2022-09-14,10801.328488501214,0.0010585652989312244,0.0,1.0,0.0
buy_and_hold_spy,2022-09-15,10742.485988897726,-0.005447709480007945,0.0,1.0,0.0
buy_and_hold_spy,2022-09-16,10662.530074544038,-0.007442961939752246,0.0,1.0,0.0
buy_and_hold_spy,2022-09-19,10735.21755749408,0.006817095233670356,0.0,1.0,0.0
buy_and_hold_spy,2022-09-20,10626.878740682025,-0.010091906962465313,0.0,1.0,0.0
buy_and_hold_spy,2022-09-21,10446.545376685193,-0.016969551304511943,0.0,1.0,0.0
buy_and_hold_spy,2022-09-22,10401.89432831089,-0.0042742405995724875,0.0,1.0,0.0
buy_and_hold_spy,2022-09-23,10240.597684377502,-0.015506468229963155,0.0,1.0,0.0
buy_and_hold_spy,2022-09-26,10131.913455987335,-0.010613074718868298,0.0,1.0,0.0
buy_and_hold_spy,2022-09-27,10082.762550356883,-0.004851098052106484,0.0,1.0,0.0
buy_and_hold_spy,2022-09-28,10270.711869944513,0.018640657126352433,0.0,1.0,0.0
buy_and_hold_spy,2022-09-29,10114.260494845385,-0.015232768388426576,0.0,1.0,0.0
buy_and_hold_spy,2022-09-30,9944.310604282338,-0.016802997179048207,0.0,1.0,0.0
buy_and_hold_spy,2022-10-03,10203.562591593995,0.026070383119370266,0.0,1.0,0.0
buy_and_hold_spy,2022-10-04,10492.58124028551,0.028325268365543055,0.0,1.0,0.0
buy_and_hold_spy,2022-10-05,10480.466483743083,-0.001154602119820991,0.0,1.0,0.0
buy_and_hold_spy,2022-10-06,10357.2443362411,-0.011757315162747806,0.0,1.0,0.0
buy_and_hold_spy,2022-10-07,10140.566702616992,-0.02092039413089153,0.0,1.0,0.0
buy_and_hold_spy,2022-10-10,10105.607248215723,-0.003447485276364959,0.0,1.0,0.0
buy_and_hold_spy,2022-10-11,10117.030125297406,0.001130350388760526,0.0,1.0,0.0
buy_and_hold_spy,2022-10-12,10112.530268041259,-0.0004447804543841194,0.0,1.0,0.0
buy_and_hold_spy,2022-10-13,10403.279143536894,0.028751347861424303,0.0,1.0,0.0
buy_and_hold_spy,2022-10-14,10273.826911974644,-0.012443406523670375,0.0,1.0,0.0
buy_and_hold_spy,2022-10-17,10455.19862331485,0.0176537635775047,0.0,1.0,0.0
buy_and_hold_spy,2022-10-18,10573.229034099943,0.011289160066446646,0.0,1.0,0.0
buy_and_hold_spy,2022-10-19,10534.462658207793,-0.0036664651609383814,0.0,1.0,0.0
buy_and_hold_spy,2022-10-20,10498.464856463144,-0.0034171464565969645,0.0,1.0,0.0
buy_and_hold_spy,2022-10-21,10760.485417922308,0.024957988147939147,0.0,1.0,0.0
buy_and_hold_spy,2022-10-24,10904.820980174489,0.013413480586273563,0.0,1.0,0.0
buy_and_hold_spy,2022-10-25,11023.889738302958,0.010918909933958831,0.0,1.0,0.0
buy_and_hold_spy,2022-10-26,11020.082816812077,-0.00034533377793621867,0.0,1.0,0.0
buy_and_hold_spy,2022-10-27,11092.077363996852,0.00653303141015793,0.0,1.0,0.0
buy_and_hold_spy,2022-10-28,11373.134645519453,0.02533856123604661,0.0,1.0,0.0
buy_and_hold_spy,2022-10-31,11332.984510705812,-0.003530261099076837,0.0,1.0,0.0
buy_and_hold_spy,2022-11-01,11298.025056304543,-0.0030847526852475493,0.0,1.0,0.0
buy_and_hold_spy,2022-11-02,11123.228840602718,-0.015471395649302888,0.0,1.0,0.0
buy_and_hold_spy,2022-11-03,11071.655828707397,-0.004636514508005618,0.0,1.0,0.0
buy_and_hold_spy,2022-11-04,11219.453957176866,0.013349234365310325,0.0,1.0,0.0
buy_and_hold_spy,2022-11-07,11367.597497224446,0.013204166674512408,0.0,1.0,0.0
buy_and_hold_spy,2022-11-08,11481.473462331505,0.010017592999300273,0.0,1.0,0.0
buy_and_hold_spy,2022-11-09,11260.988907216517,-0.019203506922552682,0.0,1.0,0.0
buy_and_hold_spy,2022-11-10,11673.576171292647,0.03663863515678689,0.0,1.0,0.0
buy_and_hold_spy,2022-11-11,11691.921011895343,0.0015714842078822233,0.0,1.0,0.0
buy_and_hold_spy,2022-11-14,11622.002103092806,-0.0059801044440346285,0.0,1.0,0.0
buy_and_hold_spy,2022-11-15,11637.231901665366,0.0013104281377223082,0.0,1.0,0.0
buy_and_hold_spy,2022-11-16,11632.386632831107,-0.00041635922315552687,0.0,1.0,0.0
buy_and_hold_spy,2022-11-17,11633.424980174486,8.926348273607942e-05,0.0,1.0,0.0
buy_and_hold_spy,2022-11-18,11677.383092783528,0.003778604554028897,0.0,1.0,0.0
buy_and_hold_spy,2022-11-21,11666.306683584478,-0.000948535224976399,0.0,1.0,0.0
buy_and_hold_spy,2022-11-22,11801.643587628887,0.011600664007473727,0.0,1.0,0.0
buy_and_hold_spy,2022-11-23,11835.91116256941,0.0029036273368265864,0.0,1.0,0.0
buy_and_hold_spy,2022-11-25,11890.252748612234,0.004591246529010551,0.0,1.0,0.0
buy_and_hold_spy,2022-11-28,11716.149468675676,-0.014642521367502326,0.0,1.0,0.0
buy_and_hold_spy,2022-11-29,11715.804057097563,-2.9481663667452196e-05,0.0,1.0,0.0
buy_and_hold_spy,2022-11-30,11981.28507216497,0.022660076403938856,0.0,1.0,0.0
buy_and_hold_spy,2022-12-01,11921.058813639991,-0.005026694395653508,0.0,1.0,0.0
buy_and_hold_spy,2022-12-02,11932.480634417152,0.0009581213343308193,0.0,1.0,0.0
buy_and_hold_spy,2022-12-05,11769.453763679641,-0.013662445867901774,0.0,1.0,0.0
buy_and_hold_spy,2022-12-06,11645.885148295027,-0.010499095188762797,0.0,1.0,0.0
buy_and_hold_spy,2022-12-07,11645.19326883428,-5.9409778813357406e-05,0.0,1.0,0.0
buy_and_hold_spy,2022-12-08,11715.111121332298,0.0060040096273143995,0.0,1.0,0.0
buy_and_hold_spy,2022-12-09,11608.157119746256,-0.009129576363239744,0.0,1.0,0.0
buy_and_hold_spy,2022-12-12,11789.875298969095,0.015654352137750127,0.0,1.0,0.0
buy_and_hold_spy,2022-12-13,11831.064837430631,0.003493636481900486,0.0,1.0,0.0
buy_and_hold_spy,2022-12-14,11776.030315622544,-0.0046516964080841605,0.0,1.0,0.0
buy_and_hold_spy,2022-12-15,11519.201490880276,-0.021809456825323315,0.0,1.0,0.0
buy_and_hold_spy,2022-12-16,11386.634217287889,-0.011508373535903504,0.0,1.0,0.0
buy_and_hold_spy,2022-12-19,11331.5996954798,-0.004833256321216672,0.0,1.0,0.0
buy_and_hold_spy,2022-12-20,11366.212681998435,0.003054554294963596,0.0,1.0,0.0
buy_and_hold_spy,2022-12-21,11546.892513877898,0.015896221277437395,0.0,1.0,0.0
buy_and_hold_spy,2022-12-22,11431.285265662196,-0.01001197924694941,0.0,1.0,0.0
buy_and_hold_spy,2022-12-23,11489.088361617789,0.0050565701591949175,0.0,1.0,0.0
buy_and_hold_spy,2022-12-27,11504.31816019035,0.0013255880791587238,0.0,1.0,0.0
buy_and_hold_spy,2022-12-28,11372.789233941341,-0.011433004930631485,0.0,1.0,0.0
buy_and_hold_spy,2022-12-29,11493.588218873932,0.010621755353741547,0.0,1.0,0.0
buy_and_hold_spy,2022-12-30,11468.320358445702,-0.002198430981435129,0.0,1.0,0.0
risk_parity_spy_cash,2020-01-02,10000.0,0.0,0.0,0.0,1.0
risk_parity_spy_cash,2020-01-03,9910.390553528945,-0.008960944647105507,1.0,1.0,0.0
risk_parity_spy_cash,2020-01-06,9933.235251387789,0.002305125891401749,0.0,1.0,0.0
risk_parity_spy_cash,2020-01-07,9890.314429817607,-0.0043209307424975085,0.0,1.0,0.0
risk_parity_spy_cash,2020-01-08,9947.772114195086,0.0058094901618348516,0.0,1.0,0.0
risk_parity_spy_cash,2020-01-09,10022.53629183188,0.007515670521855755,0.0,1.0,0.0
risk_parity_spy_cash,2020-01-10,9976.846896114199,-0.004558666028968927,0.0,1.0,0.0
risk_parity_spy_cash,2020-01-13,10003.844983346555,0.0027060741247688647,0.0,1.0,0.0
risk_parity_spy_cash,2020-01-14,10010.768003172088,0.0006920358959039419,0.0,1.0,0.0
risk_parity_spy_cash,2020-01-15,10049.88084694687,0.003907077235471679,0.0,1.0,0.0
risk_parity_spy_cash,2020-01-16,10139.181887390961,0.008885781016122252,0.0,1.0,0.0
risk_parity_spy_cash,2020-01-17,10150.950176050756,0.0011606743808816322,0.0,1.0,0.0
risk_parity_spy_cash,2020-01-21,10101.107390959558,-0.004910159564056604,0.0,1.0,0.0
risk_parity_spy_cash,2020-01-22,10100.41551149881,-6.849540688647071e-05,0.0,1.0,0.0
risk_parity_spy_cash,2020-01-23,10091.070385408408,-0.0009252219455490041,0.0,1.0,0.0
risk_parity_spy_cash,2020-01-24,10030.843070578907,-0.005968377241386547,0.0,1.0,0.0
risk_parity_spy_cash,2020-01-27,9877.161325931802,-0.015320920042888875,0.0,1.0,0.0
risk_parity_spy_cash,2020-01-28,9943.965192704205,0.006763468224115554,0.0,1.0,0.0
risk_parity_spy_cash,2020-01-29,9943.965192704205,0.0,0.0,1.0,0.0
risk_parity_spy_cash,2020-01-30,9987.2314258525,0.004351004082359333,0.0,1.0,0.0
risk_parity_spy_cash,2020-01-31,9775.400117367171,-0.021210213266610767,0.0,1.0,0.0
risk_parity_spy_cash,2020-02-03,9829.396291831881,0.005523679216851596,0.0,1.0,0.0
risk_parity_spy_cash,2020-02-04,9969.924932593181,0.014296772313278083,0.0,1.0,0.0
risk_parity_spy_cash,2020-02-05,10136.758724821571,0.016733705956299083,0.0,1.0,0.0
risk_parity_spy_cash,2020-02-06,10167.218321966693,0.0030048655563377213,0.0,1.0,0.0
risk_parity_spy_cash,2020-02-07,10078.955628865979,-0.008681105323569138,0.0,1.0,0.0
risk_parity_spy_cash,2020-02-10,10139.874823156224,0.006044197090795178,0.0,1.0,0.0
risk_parity_spy_cash,2020-02-11,10139.528355273591,-3.416885204954312e-05,0.0,1.0,0.0
risk_parity_spy_cash,2020-02-12,10235.752415543218,0.009489993705632305,0.0,1.0,0.0
risk_parity_spy_cash,2020-02-13,10204.60093893735,-0.003043398798759922,0.0,1.0,0.0
risk_parity_spy_cash,2020-02-14,10194.909344964313,-0.0009497278757915062,0.0,1.0,0.0
risk_parity_spy_cash,2020-02-18,10139.874823156224,-0.005398235525779671,0.0,1.0,0.0
risk_parity_spy_cash,2020-02-19,10179.679546391752,0.00392556357250351,0.0,1.0,0.0
risk_parity_spy_cash,2020-02-20,10133.990150674068,-0.0044882941068492554,0.0,1.0,0.0
risk_parity_spy_cash,2020-02-21,10028.766375892148,-0.010383252126500375,0.0,1.0,0.0
risk_parity_spy_cash,2020-02-24,9676.406426645517,-0.03513492448020916,0.0,1.0,0.0
risk_parity_spy_cash,2020-02-25,9369.735873116573,-0.03169260777270355,0.0,1.0,0.0
risk_parity_spy_cash,2020-02-26,9336.506645519428,-0.0035464422953997987,0.0,1.0,0.0
risk_parity_spy_cash,2020-02-27,8912.84402854877,-0.045376995171311996,0.0,1.0,0.0
risk_parity_spy_cash,2020-02-28,8811.081763679616,-0.011417485209344935,0.0,1.0,0.0
risk_parity_spy_cash,2020-03-02,9242.705747819191,0.04898649175164649,0.0,1.0,0.0
risk_parity_spy_cash,2020-03-03,8975.146981760507,-0.028948099545613504,0.0,1.0,0.0
risk_parity_spy_cash,2020-03-04,9376.312425059477,0.04469736753216713,0.0,1.0,0.0
risk_parity_spy_cash,2020-03-05,9126.845228794107,-0.026606109625638585,0.2424860033641072,0.7509464500449622,0.2490535499550378
risk_parity_spy_cash,2020-03-06,9058.428472227288,-0.00749621088686514,0.0,0.749065391299329,0.25093460870067097
risk_parity_spy_cash,2020-03-09,8530.751317667102,-0.05825261591213304,0.0,0.7335436095278198,0.26645639047218017
risk_parity_spy_cash,2020-03-10,8838.759517475144,0.0361056357568601,0.0,0.7428289343513341,0.2571710656486659
risk_parity_spy_cash,2020-03-11,8455.256413888937,-0.04338879260466144,0.0,0.7311644859891497,0.26883551401085026
risk_parity_spy_cash,2020-03-12,7833.21102959176,-0.07356907394025103,0.0,0.709815911312192,0.290184088687808
risk_parity_spy_cash,2020-03-13,8357.480305860767,0.06692903769456215,0.0,0.7280193167159058,0.2719806832840942
risk_parity_spy_cash,2020-03-16,7581.037635701795,-0.09290391861461922,0.0,0.7001633136054275,0.2998366863945725
risk_parity_spy_cash,2020-03-17,7868.86135637748,0.03796626985733731,0.0,0.7111306069360197,0.2888693930639803
risk_parity_spy_cash,2020-03-18,7499.775737885812,-0.04690457764801437,0.0,0.6969145100381161,0.3030854899618839
risk_parity_spy_cash,2020-03-19,7550.1055404093495,0.006710841001457135,0.0,0.6989349099882742,0.30106509001172577
risk_parity_spy_cash,2020-03-20,7303.4367499282125,-0.03267090627553837,0.0,0.6887666338530675,0.31123336614693253
risk_parity_spy_cash,2020-03-23,7152.185351714318,-0.020709619784874733,0.0,0.6821848019393772,0.31781519806062275
risk_parity_spy_cash,2020-03-24,7689.823350533327,0.07517115012828102,0.0,0.7044050167987642,0.2955949832012358
risk_parity_spy_cash,2020-03-25,7831.9002764039415,0.01847596744348623,0.0,0.7097673458675519,0.29023265413244814
risk_parity_spy_cash,2020-03-26,8172.93769660779,0.04354465815037645,0.0,0.7218780702237804,0.27812192977621963
risk_parity_spy_cash,2020-03-27,7944.356260155645,-0.02796808747814372,0.0,0.7138757213694196,0.28612427863058043
risk_parity_spy_cash,2020-03-30,8121.297140896435,0.022272525922361286,0.0,0.7201095878298985,0.27989041217010147
risk_parity_spy_cash,2020-03-31,8019.850763948096,-0.01249140071941035,0.0,0.7165691393735665,0.2834308606264335
risk_parity_spy_cash,2020-04-01,7761.648385377039,-0.032195409387386964,0.0,0.707140404813513,0.29285959518648697
risk_parity_spy_cash,2020-04-02,7881.7060976409275,0.015468068933665924,0.0,0.7116013746310937,0.28839862536890626
risk_parity_spy_cash,2020-04-03,7838.716175529,-0.005454392942258357,0.3889134262477188,0.31923822189615925,0.6807617781038408
risk_parity_spy_cash,2020-04-06,8028.001533034523,0.024147494725786478,0.0,0.3352893195465822,0.6647106804534177
risk_parity_spy_cash,2020-04-07,8028.833382845282,0.0001036185415930202,0.0,0.33535818876174445,0.6646418112382555
risk_parity_spy_cash,2020-04-08,8120.683707863192,0.011440058678283238,0.0,0.3428757289811244,0.6571242710188756
risk_parity_spy_cash,2020-04-09,8154.07301338853,0.004111637237269594,0.0,0.345566522038427,0.654433477961573
risk_parity_spy_cash,2020-04-13,8116.287305463169,-0.004633967326919786,0.0,0.34251978018169305,0.657480219818307
risk_parity_spy_cash,2020-04-14,8184.254040273635,0.008374116422014355,0.0,0.34797987263772134,0.6520201273622787
risk_parity_spy_cash,2020-04-15,8129.595451956142,-0.006678505829428749,0.0,0.34359607519948115,0.6564039248005189
risk_parity_spy_cash,2020-04-16,8132.684791303468,0.00038001144898092143,0.0,0.3438454214516309,0.6561545785483691
risk_parity_spy_cash,2020-04-17,8216.93043528112,0.010358896986606192,0.0,0.3505727712149128,0.6494272287850872
risk_parity_spy_cash,2020-04-20,8148.131850659895,-0.008372784114834886,0.0,0.3450893456918857,0.6549106543081142
risk_parity_spy_cash,2020-04-21,8071.847342981423,-0.009362208304507624,0.0,0.33889998968520646,0.6611000103147935
risk_parity_spy_cash,2020-04-22,8125.91196007397,0.006697923634489511,0.0,0.3432985260086573,0.6567014739913427
risk_parity_spy_cash,2020-04-23,8129.476693973131,0.00043868724109685786,0.0,0.3435864862420264,0.6564135137579736
risk_parity_spy_cash,2020-04-24,8162.2718469636275,0.0040341038205828905,0.0,0.34622388695745704,0.653776113042543
risk_parity_spy_cash,2020-04-27,8203.741228081055,0.0050806174916673275,0.0,0.349528682908898,0.6504713170911021
risk_parity_spy_cash,2020-04-28,8201.008162682758,-0.0003331486601432232,0.0,0.349311907042558,0.650688092957442
risk_parity_spy_cash,2020-04-29,8264.69743438611,0.00776602954660599,0.0,0.35432622862849755,0.6456737713715024
risk_parity_spy_cash,2020-04-30,8226.317573925906,-0.004643831279354527,0.0,0.3513138395460973,0.6486861604539027
risk_parity_spy_cash,2020-05-01,8155.736531700152,-0.00857990730256597,0.0,0.3457000062516671,0.6542999937483329
risk_parity_spy_cash,2020-05-04,8157.4000500117745,0.0002039691087563078,0.0,0.34583343602269967,0.6541665639773003
risk_parity_spy_cash,2020-05-05,8171.467697058611,0.00172452582447713,0.04191683513100902,0.3051440754908753,0.6948559245091247
risk_parity_spy_cash,2020-05-06,8151.210798230882,-0.002478979245677082,0.0,0.30341726133883734,0.6965827386611627
risk_parity_spy_cash,2020-05-07,8172.616289033199,0.00262605045215647,0.0,0.30524173160369883,0.6947582683963012
risk_parity_spy_cash,2020-05-08,8221.796546928046,0.006017688357746742,0.0,0.3093975618555521,0.6906024381444479
risk_parity_spy_cash,2020-05-11,8210.72838389702,-0.0013461976306335943,0.0,0.30846662125958757,0.6915333787404124
risk_parity_spy_cash,2020-05-12,8163.949669466312,-0.0056972673121730155,0.0,0.3045041957482707,0.6954958042517293
risk_parity_spy_cash,2020-05-13,8109.026451698527,-0.006727530177360275,0.0,0.29979353562883093,0.7002064643711691
risk_parity_spy_cash,2020-05-14,8150.062206256296,0.005060503230837732,0.0,0.3033190916165683,0.6966809083834318
risk_parity_spy_cash,2020-05-15,8151.7329144606965,0.00020499330705936458,0.0,0.3034618772698397,0.6965381227301604
risk_parity_spy_cash,2020-05-18,8245.91681906689,0.011553850646788932,0.0,0.3114176548437901,0.6885823451562099
risk_parity_spy_cash,2020-05-19,8207.178248458296,-0.004697909457323068,0.0,0.3081674883443997,0.6918325116556003
risk_parity_spy_cash,2020-05-20,8243.82851347514,0.004465635314272465,0.0,0.31124322492213174,0.6887567750778683
risk_parity_spy_cash,2020-05-21,8236.415004725304,-0.0008992798355421661,0.0,0.31062328234084846,0.6893767176591515
risk_parity_spy_cash,2020-05-22,8234.953174878328,-0.00017748375308157538,0.0,0.3105009074541572,0.6894990925458429
risk_parity_spy_cash,2020-05-26,8291.0249846207,0.006809001648415691,0.0,0.31516395719848717,0.6848360428015128
risk_parity_spy_cash,2020-05-27,8348.663143052512,0.006951873687357946,0.0,0.3198919822317713,0.6801080177682287
risk_parity_spy_cash,2020-05-28,8333.835966225335,-0.0017759941409919433,0.0,0.3186819653941591,0.681318034605841
risk_parity_spy_cash,2020-05-29,8333.209331153057,-7.51916734164082e-05,0.0,0.31863073209869114,0.6813692679013088
risk_parity_spy_cash,2020-06-01,8343.442299409386,0.0012279744633407752,0.0,0.31946640996869524,0.6805335900313048
risk_parity_spy_cash,2020-06-02,8370.381871727219,0.0032288318599313914,0.0,0.32165666653575653,0.6783433334642435
risk_parity_spy_cash,2020-06-03,8425.931724567281,0.00663647772483289,0.0,0.32612879775883635,0.6738712022411637
risk_parity_spy_cash,2020-06-04,8427.568769875868,0.00019428656225817242,0.0024609276067437125,0.32380091095291547,0.6761990890470846
risk_parity_spy_cash,2020-06-05,8512.648161112895,0.010095366001775075,0.0,0.3305591612367657,0.6694408387632342
risk_parity_spy_cash,2020-06-08,8561.76806419637,0.005770225921924332,0.0,0.33439982462236706,0.6656001753776329
risk_parity_spy_cash,2020-06-09,8531.715804150572,-0.0035100530428372467,0.0,0.3320553033072939,0.6679446966927061
risk_parity_spy_cash,2020-06-10,8501.456084302927,-0.0035467332178275024,0.0,0.32967784946936135,0.6703221505306387
risk_parity_spy_cash,2020-06-11,8310.46846422339,-0.02246528338035836,0.0,0.31427279345265363,0.6857272065473463
risk_parity_spy_cash,2020-06-12,8359.277493853793,0.005873198345018205,0.0,0.3182766896706404,0.6817233103293596
risk_parity_spy_cash,2020-06-15,8375.961879167822,0.0019959123651889232,0.0,0.319634639306894,0.6803653606931059
risk_parity_spy_cash,2020-06-16,8432.646791275634,0.006767570450481042,0.0,0.3242081085421984,0.6757918914578016
risk_parity_spy_cash,2020-06-17,8411.921051071678,-0.0024577977374077298,0.0,0.3225430563990246,0.6774569436009754
risk_parity_spy_cash,2020-06-18,8408.086839733898,-0.00045580686201185383,0.0,0.32223412606284657,0.6777658739371535
risk_parity_spy_cash,2020-06-19,8380.624980963896,-0.0032661245409867368,0.0,0.32001320450252546,0.6799867954974745
risk_parity_spy_cash,2020-06-22,8396.37674591871,0.0018795453788462702,0.0,0.3212888728651034,0.6787111271348967
risk_parity_spy_cash,2020-06-23,8408.604856739115,0.0014563556627387175,0.0,0.3222758802247129,0.6777241197752871
risk_parity_spy_cash,2020-06-24,8337.411989738473,-0.008466668158818802,0.0,0.31648881786271466,0.6835111821372853
risk_parity_spy_cash,2020-06-25,8366.531629425059,0.003492647325384013,0.0,0.31886777251527193,0.681132227484728
risk_parity_spy_cash,2020-06-26,8293.369791805066,-0.008744583880216594,0.0,0.3128590104950105,0.6871409895049895
risk_parity_spy_cash,2020-06-29,8350.676450819019,0.006909936546008133,0.0,0.3175745272093733,0.6824254727906267
risk_parity_spy_cash,2020-06-30,8370.987587668982,0.0024322744354405845,0.0,0.3192303458356211,0.6807696541643788
risk_parity_spy_cash,2020-07-01,8365.184405711849,-0.0006932493802381812,0.0,0.3187580752935261,0.6812419247064738
risk_parity_spy_cash,2020-07-02,8376.68735597489,0.0013750982291778069,0.0,0.31969356346969713,0.6803064365303029
risk_parity_spy_cash,2020-07-06,8474.100517113906,0.011629079252854613,0.3568382514617333,0.6803643095295161,0.3196356904704839
risk_parity_spy_cash,2020-07-07,8387.289741823362,-0.010244246585844108,0.0,0.6770559914727419,0.32294400852725813
risk_parity_spy_cash,2020-07-08,8424.118474491457,0.004391017098699601,0.0,0.6784678446646011,0.3215321553353989
risk_parity_spy_cash,2020-07-09,8347.829811960291,-0.0090559816747795,0.0,0.6755294452669329,0.3244705547330671
risk_parity_spy_cash,2020-07-10,8426.31080431804,0.009401364681070223,0.0,0.6785514998430909,0.32144850015690907
risk_parity_spy_cash,2020-07-13,8431.133662334467,0.00057235700515057,0.0,0.6787353779000569,0.3212646220999431
risk_parity_spy_cash,2020-07-14,8552.80027415072,0.014430634916843044,0.0,0.6833054808855625,0.31669451911443747
risk_parity_spy_cash,2020-07-15,8603.659382504831,0.005946486147679897,0.0,0.6851775681157413,0.31482243188425874
risk_parity_spy_cash,2020-07-16,8572.091706216426,-0.003669098796797665,0.0,0.6840181996723492,0.3159818003276508
risk_parity_spy_cash,2020-07-17,8556.088434388026,-0.001866903945602294,0.0,0.683427188641754,0.316572811358246
risk_parity_spy_cash,2020-07-20,8557.842565851346,0.0002050155835544576,0.0,0.6834920776981444,0.31650792230185565
risk_parity_spy_cash,2020-07-21,8591.163704597935,0.003893637735233879,0.0,0.68471966510726,0.31528033489274
risk_parity_spy_cash,2020-07-22,8627.116040539504,0.004184803965768591,0.0,0.6860335531392013,0.31396644686079866
risk_parity_spy_cash,2020-07-23,8554.992603977304,-0.008360086525240451,0.0,0.683386638038153,0.316613361961847
risk_parity_spy_cash,2020-07-24,8511.148683466201,-0.00512495130512669,0.0,0.6817556512476657,0.3182443487523343
risk_parity_spy_cash,2020-07-27,8538.770567469839,0.003245376744186901,0.0,0.6827851329999379,0.3172148670000621
risk_parity_spy_cash,2020-07-28,8494.487779590341,-0.005186084756534148,0.0,0.6811314536925948,0.31886854630740524
risk_parity_spy_cash,2020-07-29,8528.905417752789,0.0040517614546626834,0.0,0.6824182193102964,0.31758178068970355
risk_parity_spy_cash,2020-07-30,8480.238639225261,-0.005706098982669938,0.0,0.680595666568241,0.319404333431759
risk_parity_spy_cash,2020-07-31,8503.695297259934,0.002766037494059903,0.0,0.6814767139202685,0.31852328607973146
risk_parity_spy_cash,2020-08-03,8555.650236024767,0.0061096896053618455,0.0,0.6834109745979393,0.3165890254020607
risk_parity_spy_cash,2020-08-04,8596.569808098158,0.00478275419688079,0.08487436329308229,0.7694078700029447,0.23059212999705525
risk_parity_spy_cash,2020-08-05,8685.035957811539,0.010290866204569538,0.0,0.7717566913543059,0.2282433086456941
risk_parity_spy_cash,2020-08-06,8731.85638008519,0.005390930158618357,0.0,0.7729805374217125,0.22701946257828753
risk_parity_spy_cash,2020-08-07,8749.598942970913,0.00203193480440067,0.0,0.7734408907610291,0.22655910923897093
risk_parity_spy_cash,2020-08-10,8836.340695757368,0.00991379757538935,0.0,0.7756649034968172,0.22433509650318284
risk_parity_spy_cash,2020-08-11,8812.930108607257,-0.002649353160562362,0.0,0.7750689817928215,0.22493101820717853
risk_parity_spy_cash,2020-08-12,8883.161118031017,0.007969087302209354,0.0,0.7768473051002013,0.22315269489979872
risk_parity_spy_cash,2020-08-13,8867.882946217924,-0.0017199025898654297,0.0,0.7764628429648853,0.22353715703511468
risk_parity_spy_cash,2020-08-14,8877.246429051398,0.001055887057853866,0.0,0.7766986239978069,0.22330137600219313
risk_parity_spy_cash,2020-08-17,8856.300985000486,-0.002359452812120577,0.0,0.7761705088755378,0.22382949112446215
risk_parity_spy_cash,2020-08-18,8837.819179995631,-0.0020868537593918823,0.0,0.7757024326538992,0.22429756734610085
risk_parity_spy_cash,2020-08-19,8818.844045560309,-0.0021470380926408295,0.0,0.7752198210472169,0.22478017895278313
risk_parity_spy_cash,2020-08-20,8829.686764658614,0.0012294943693629268,0.0,0.7754958476384441,0.22450415236155585
risk_parity_spy_cash,2020-08-21,8864.679313026163,0.003963056595349235,0.0,0.7763820581975428,0.2236179418024572
risk_parity_spy_cash,2020-08-24,8960.537883930856,0.010813540740705063,0.0,0.7787742914102691,0.2212257085897309
risk_parity_spy_cash,2020-08-25,8946.738196356024,-0.0015400512506709152,0.0,0.7784330669779612,0.22156693302203878
risk_parity_spy_cash,2020-08-26,8966.698485599141,0.002231013002174098,0.0,0.7789262853098738,0.22107371469012616
risk_parity_spy_cash,2020-08-27,9006.37315139671,0.0044246682166562135,0.0,0.7799001541025076,0.22009984589749243
risk_parity_spy_cash,2020-08-28,9047.27963671731,0.0045419487548388204,0.0,0.7808953163476018,0.2191046836523982
risk_parity_spy_cash,2020-08-31,8987.644681676622,-0.00659147914458913,0.0,0.7794415096583529,0.2205584903416471
risk_parity_spy_cash,2020-09-01,9049.497363074704,0.006881967811231293,0.0,0.7809490115101583,0.21905098848984172
risk_parity_spy_cash,2020-09-02,9177.141931205038,0.01410515556932146,0.14372031598775759,0.9257277753294293,0.07427222467057071
risk_parity_spy_cash,2020-09-03,8947.548777203789,-0.025017936490724257,0.0,0.9238219579104451,0.07617804208955492
risk_parity_spy_cash,2020-09-04,8901.746597150941,-0.005118963997105097,0.0,0.9234299988312037,0.07657000116879631
risk_parity_spy_cash,2020-09-08,8716.497317971294,-0.020810441766443533,0.0,0.9218026780157588,0.07819732198424123
risk_parity_spy_cash,2020-09-09,8845.73449988692,0.014826733400028713,0.0,0.922945149737776,0.07705485026222403
risk_parity_spy_cash,2020-09-10,8727.291269511952,-0.01338986947624099,0.0,0.9218993928013711,0.07810060719862888
risk_parity_spy_cash,2020-09-11,8765.216108486627,0.004345545233165549,0.0,0.9222373140705301,0.07776268592946989
risk_parity_spy_cash,2020-09-14,8865.57208057225,0.011449343729067474,0.0,0.9231175674673235,0.07688243253267646
risk_parity_spy_cash,2020-09-15,8867.030385803495,0.0001644908211213547,0.0,0.923130211841897,0.07686978815810297
risk_parity_spy_cash,2020-09-16,8880.158694069622,0.0014805755359930117,0.0,0.923243855112255,0.07675614488774496
risk_parity_spy_cash,2020-09-17,8837.566031940238,-0.004796385244537182,0.0,0.922873928762201,0.07712607123779902
risk_parity_spy_cash,2020-09-18,8748.587155428524,-0.010068255919121971,0.0,0.9220895059695169,0.07791049403048311
risk_parity_spy_cash,2020-09-21,8600.38755402556,-0.01693983254324738,0.0,0.9207469729629641,0.07925302703703585
risk_parity_spy_cash,2020-09-22,8640.35473256096,0.004647136920788331,0.0,0.9211135690089719,0.0788864309910281
risk_parity_spy_cash,2020-09-23,8487.778434871798,-0.017658568706002575,0.0,0.9196955065947751,0.08030449340522494
risk_parity_spy_cash,2020-09-24,8502.949082698657,0.0017873520077444915,0.0,0.9198387829070892,0.0801612170929108
risk_parity_spy_cash,2020-09-25,8607.972877938986,0.012351455267917144,0.0,0.9208168105298015,0.07918318947019853
risk_parity_spy_cash,2020-09-28,8730.499897139176,0.014234131651856163,0.0,0.9219280962855836,0.07807190371441641
risk_parity_spy_cash,2020-09-29,8687.324090976543,-0.004945399080387269,0.0,0.921540080672695,0.078459919327305
risk_parity_spy_cash,2020-09-30,8777.177238390015,0.010343017766172968,0.0,0.9223432854509386,0.07765671454906142
risk_parity_spy_cash,2020-10-01,8795.848531008844,0.002127254823699243,0.0,0.9225081304043335,0.07749186959566645
risk_parity_spy_cash,2020-10-02,8752.793445955118,-0.004894932524353912,0.07749186959566645,1.0,0.0
risk_parity_spy_cash,2020-10-05,8901.73076990979,0.017015976085154705,0.0,1.0,0.0
risk_parity_spy_cash,2020-10-06,8781.88552635827,-0.01346313954547218,0.0,1.0,0.0
risk_parity_spy_cash,2020-10-07,8946.317010360473,0.01872393844222553,0.0,1.0,0.0
risk_parity_spy_cash,2020-10-08,8989.63812600907,0.004842340775363496,0.0,1.0,0.0
risk_parity_spy_cash,2020-10-09,9041.496662804933,0.005768701261269493,0.0,1.0,0.0
risk_parity_spy_cash,2020-10-12,9121.498677654252,0.008848315476179147,0.0,1.0,0.0
risk_parity_spy_cash,2020-10-13,9067.109891254213,-0.005962702876149084,0.0,1.0,0.0
risk_parity_spy_cash,2020-10-14,9016.199956808046,-0.0056147918197475555,0.0,1.0,0.0
risk_parity_spy_cash,2020-10-15,9013.354149758958,-0.00031563264598410967,0.0,1.0,0.0
risk_parity_spy_cash,2020-10-16,9042.761787607022,0.0032626741787185054,0.0,1.0,0.0
risk_parity_spy_cash,2020-10-19,8918.17353230702,-0.013777677464726246,0.0,1.0,0.0
risk_parity_spy_cash,2020-10-20,8947.265612710173,0.0032621119445324087,0.0,1.0,0.0
risk_parity_spy_cash,2020-10-21,8916.27632760763,-0.0034635481323501693,0.0,1.0,0.0
risk_parity_spy_cash,2020-10-22,8969.39998920558,0.00595805464591348,0.0,1.0,0.0
risk_parity_spy_cash,2020-10-23,8959.597443256225,-0.0010928875912716851,0.0,1.0,0.0
risk_parity_spy_cash,2020-10-26,8759.118104958083,-0.022375931459849285,0.0,1.0,0.0
risk_parity_spy_cash,2020-10-27,8685.124226659334,-0.008447640208991358,0.0,1.0,0.0
risk_parity_spy_cash,2020-10-28,8394.840327562517,-0.03342311422625133,0.0,1.0,0.0
risk_parity_spy_cash,2020-10-29,8429.93957950876,0.004181050571147038,0.0,1.0,0.0
risk_parity_spy_cash,2020-10-30,8381.55892965929,-0.005739145505511467,0.0,1.0,0.0
risk_parity_spy_cash,2020-11-02,8512.471843962254,0.01561916051675194,0.0,1.0,0.0
risk_parity_spy_cash,2020-11-03,8684.807704206944,0.020245101940269405,0.0,1.0,0.0
risk_parity_spy_cash,2020-11-04,8806.866674910247,0.014054308956567674,0.0,1.0,0.0
risk_parity_spy_cash,2020-11-05,8977.621852907934,0.0193888682888943,0.0,1.0,0.0
risk_parity_spy_cash,2020-11-06,8955.80303385744,-0.0024303562132577117,0.0,1.0,0.0
risk_parity_spy_cash,2020-11-09,9224.584636356156,0.030012004672566484,0.0,1.0,0.0
risk_parity_spy_cash,2020-11-10,9312.808514907829,0.009563994697816769,0.0,1.0,0.0
risk_parity_spy_cash,2020-11-11,9300.159196901908,-0.0013582710291607514,0.0,1.0,0.0
risk_parity_spy_cash,2020-11-12,9203.397897202969,-0.010404262728230806,0.0,1.0,0.0
risk_parity_spy_cash,2020-11-13,9333.045686703845,0.014086948206409433,0.0,1.0,0.0
risk_parity_spy_cash,2020-11-16,9485.7774200573,0.016364618633662342,0.0,1.0,0.0
risk_parity_spy_cash,2020-11-17,9432.969315904262,-0.005567082360732778,0.0,1.0,0.0
risk_parity_spy_cash,2020-11-18,9320.71385615779,-0.01190033127291168,0.0,1.0,0.0
risk_parity_spy_cash,2020-11-19,9338.737300802022,0.0019336978821986595,0.0,1.0,0.0
risk_parity_spy_cash,2020-11-20,9250.197864805437,-0.009480878746742416,0.0,1.0,0.0
risk_parity_spy_cash,2020-11-23,9356.446153008816,0.011486055731588785,0.0,1.0,0.0
risk_parity_spy_cash,2020-11-24,9500.006455302744,0.01534346480984805,0.0,1.0,0.0
risk_parity_spy_cash,2020-11-25,9446.5662712524,-0.005625278709206927,0.0,1.0,0.0
risk_parity_spy_cash,2020-11-27,9462.376953752326,0.0016736962453796078,0.0,1.0,0.0
risk_parity_spy_cash,2020-11-30,9379.529131853918,-0.008755497937075307,0.0,1.0,0.0
risk_parity_spy_cash,2020-12-01,9437.080247755437,0.006135821435435229,0.0,1.0,0.0
risk_parity_spy_cash,2020-12-02,9460.479749052933,0.0024795276381230913,0.0,1.0,0.0
risk_parity_spy_cash,2020-12-03,9488.306704653993,0.002941389479095502,0.0,1.0,0.0
risk_parity_spy_cash,2020-12-04,9568.308719503313,0.008431643004339184,0.0,1.0,0.0
risk_parity_spy_cash,2020-12-07,9521.193194455931,-0.004924122583058521,0.0,1.0,0.0
risk_parity_spy_cash,2020-12-08,9555.97688895726,0.0036532915350970807,0.0,1.0,0.0
risk_parity_spy_cash,2020-12-09,9514.236455555665,-0.004367992292847678,0.0,1.0,0.0
risk_parity_spy_cash,2020-12-10,9503.485307256613,-0.0011300064224044615,0.0,1.0,0.0
risk_parity_spy_cash,2020-12-11,9515.817137802665,0.0012976113654468158,0.0,1.0,0.0
risk_parity_spy_cash,2020-12-14,9457.950464456233,-0.006081103967051971,0.0,1.0,0.0
risk_parity_spy_cash,2020-12-15,9569.257321853009,0.011768602279645712,0.0,1.0,0.0
risk_parity_spy_cash,2020-12-16,9554.39524170278,-0.001553106960170192,0.0,1.0,0.0
risk_parity_spy_cash,2020-12-17,9596.76775500168,0.0044348713055069044,0.0,1.0,0.0
risk_parity_spy_cash,2020-12-18,9546.489900452818,-0.00523904045949819,0.0,1.0,0.0
risk_parity_spy_cash,2020-12-21,9554.079684257866,0.0007950339741822354,0.0,1.0,0.0
risk_parity_spy_cash,2020-12-22,9488.623227106385,-0.00685115252485613,0.0,1.0,0.0
risk_parity_spy_cash,2020-12-23,9526.884808554109,0.004032363866911748,0.0,1.0,0.0
risk_parity_spy_cash,2020-12-24,9550.284309851604,0.0024561545319079503,0.0,1.0,0.0
risk_parity_spy_cash,2020-12-28,9612.894959953996,0.006555893842637328,0.0,1.0,0.0
risk_parity_spy_cash,2020-12-29,9595.819152651984,-0.0017763438977692614,0.0,1.0,0.0
risk_parity_spy_cash,2020-12-30,9617.00589180517,0.0022079135523653814,0.0,1.0,0.0
risk_parity_spy_cash,2020-12-31,9669.497473505817,0.005458204174063619,0.0,1.0,0.0
risk_parity_spy_cash,2021-01-04,9559.771298356043,-0.011347660563583606,0.0,1.0,0.0
risk_parity_spy_cash,2021-01-05,9607.835425753123,0.005027748666471155,0.0,1.0,0.0
risk_parity_spy_cash,2021-01-06,9746.020636401265,0.014382553876573168,0.0,1.0,0.0
risk_parity_spy_cash,2021-01-07,9818.433832453013,0.007430026956980251,0.0,1.0,0.0
risk_parity_spy_cash,2021-01-08,9835.509639755024,0.0017391579546597313,0.0,1.0,0.0
risk_parity_spy_cash,2021-01-11,9807.999206606353,-0.0027970521260508585,0.0,1.0,0.0
risk_parity_spy_cash,2021-01-12,9826.022651250585,0.0018376270495710223,0.0,1.0,0.0
risk_parity_spy_cash,2021-01-13,9822.54476430419,-0.0003539465631042793,0.0,1.0,0.0
risk_parity_spy_cash,2021-01-14,9804.20383220009,-0.0018672281515836886,0.0,1.0,0.0
risk_parity_spy_cash,2021-01-15,9743.174829352176,-0.0062247790735924236,0.0,1.0,0.0
risk_parity_spy_cash,2021-01-19,9781.120853354985,0.003894626204232088,0.0,1.0,0.0
risk_parity_spy_cash,2021-01-20,9858.592618600127,0.007920540642187168,0.0,1.0,0.0
risk_parity_spy_cash,2021-01-21,9861.754948101607,0.00032076885858067783,0.0,1.0,0.0
risk_parity_spy_cash,2021-01-22,9801.67454760339,-0.0060922625652731766,0.0,1.0,0.0
risk_parity_spy_cash,2021-01-25,9791.555479201645,-0.0010323815948591886,0.0,1.0,0.0
risk_parity_spy_cash,2021-01-26,9783.33458050677,-0.0008395906771234696,0.0,1.0,0.0
risk_parity_spy_cash,2021-01-27,9589.4954586565,-0.019813195619057367,0.0,1.0,0.0
risk_parity_spy_cash,2021-01-28,9678.351417105478,0.009265968040974126,0.0,1.0,0.0
risk_parity_spy_cash,2021-01-29,9480.401363404031,-0.020452869003246832,0.0,1.0,0.0
risk_parity_spy_cash,2021-02-01,9550.284309851606,0.007371306737849137,0.0,1.0,0.0
risk_parity_spy_cash,2021-02-02,9702.067440855366,0.015893048424452383,0.0,1.0,0.0
risk_parity_spy_cash,2021-02-03,9715.980918655898,0.0014340734988032011,0.0,1.0,0.0
risk_parity_spy_cash,2021-02-04,9823.809889106278,0.011098104386283447,0.0,1.0,0.0
risk_parity_spy_cash,2021-02-05,9851.320322254951,0.0028003832992715694,0.0,1.0,0.0
risk_parity_spy_cash,2021-02-08,9925.63072300609,0.007543192010848188,0.0,1.0,0.0
risk_parity_spy_cash,2021-02-09,9926.579325355786,9.557098950874199e-05,0.0,1.0,0.0
risk_parity_spy_cash,2021-02-10,9944.919292452409,0.0018475616318076593,0.0,1.0,0.0
risk_parity_spy_cash,2021-02-11,9950.610906550586,0.0005723137544713097,0.0,1.0,0.0
risk_parity_spy_cash,2021-02-12,9961.99509975442,0.0011440697772977515,0.0,1.0,0.0
risk_parity_spy_cash,2021-02-16,9979.069942048955,0.0017139982627532024,0.0,1.0,0.0
risk_parity_spy_cash,2021-02-17,10011.324351953584,0.0032322060163862965,0.0,1.0,0.0
risk_parity_spy_cash,2021-02-18,9978.437862151646,-0.003284929010967552,0.0,1.0,0.0
risk_parity_spy_cash,2021-02-19,9958.200690355634,-0.002028090175594688,0.0,1.0,0.0
risk_parity_spy_cash,2021-02-22,9967.370191400207,0.0009207989806283567,0.0,1.0,0.0
risk_parity_spy_cash,2021-02-23,9973.062770505863,0.0005711214689876343,0.0,1.0,0.0
risk_parity_spy_cash,2021-02-24,10103.974719801348,0.01312655422992437,0.0,1.0,0.0
risk_parity_spy_cash,2021-02-25,9928.476530055179,-0.01736922296551624,0.0,1.0,0.0
risk_parity_spy_cash,2021-02-26,9785.231785206162,-0.014427666159595676,0.0,1.0,0.0
risk_parity_spy_cash,2021-03-01,9979.386464501345,0.01984160248393052,0.0,1.0,0.0
risk_parity_spy_cash,2021-03-02,9935.116746503052,-0.004436116203713425,0.0,1.0,0.0
risk_parity_spy_cash,2021-03-03,9897.170722500243,-0.0038193838050434303,0.0,1.0,0.0
risk_parity_spy_cash,2021-03-04,9789.341752049862,-0.010894928810841087,0.0,1.0,0.0
risk_parity_spy_cash,2021-03-05,9968.318793749904,0.01828284743073394,0.0,1.0,0.0
risk_parity_spy_cash,2021-03-08,10063.499411201843,0.009548311949214128,0.0,1.0,0.0
risk_parity_spy_cash,2021-03-09,10074.8826393982,0.0011311401463078852,0.0,1.0,0.0
risk_parity_spy_cash,2021-03-10,10224.135520797785,0.014814354344528713,0.0,1.0,0.0
risk_parity_spy_cash,2021-03-11,10287.378250797481,0.006185631036584871,0.0,1.0,0.0
risk_parity_spy_cash,2021-03-12,10381.610265899719,0.009159964065181825,0.0,1.0,0.0
risk_parity_spy_cash,2021-03-15,10437.896256999153,0.005421701417969382,0.0,1.0,0.0
risk_parity_spy_cash,2021-03-16,10399.001630646646,-0.003726289799673599,0.0,1.0,0.0
risk_parity_spy_cash,2021-03-17,10459.398553597253,0.005807953984026115,0.0,1.0,0.0
risk_parity_spy_cash,2021-03-18,10414.812313146569,-0.004262791997284632,0.0,1.0,0.0
risk_parity_spy_cash,2021-03-19,10308.881512403059,-0.010171167521645486,0.0,1.0,0.0
risk_parity_spy_cash,2021-03-22,10347.775173748088,0.0037728303791477735,0.0,1.0,0.0
risk_parity_spy_cash,2021-03-23,10247.219464650361,-0.009717616338711488,0.0,1.0,0.0
risk_parity_spy_cash,2021-03-24,10247.85154454767,6.168306431697523e-05,0.0,1.0,0.0
risk_parity_spy_cash,2021-03-25,10314.573126501238,0.006510787325863188,0.0,1.0,0.0
risk_parity_spy_cash,2021-03-26,10454.339019396382,0.013550332251369923,0.0,1.0,0.0
risk_parity_spy_cash,2021-03-29,10487.54203165071,0.003176003015850526,0.0,1.0,0.0
risk_parity_spy_cash,2021-03-30,10460.980200851734,-0.0025327031556883206,0.0,1.0,0.0
risk_parity_spy_cash,2021-03-31,10440.742064048243,-0.0019346310206994621,0.0,1.0,0.0
risk_parity_spy_cash,2021-04-01,10480.901815202835,0.003846446057975017,0.0,1.0,0.0
risk_parity_spy_cash,2021-04-05,10599.481933952267,0.011313923252045832,0.0,1.0,0.0
risk_parity_spy_cash,2021-04-06,10573.235660598206,-0.0024761845453964426,0.0,1.0,0.0
risk_parity_spy_cash,2021-04-07,10573.235660598206,0.0,0.0,1.0,0.0
risk_parity_spy_cash,2021-04-08,10597.268206800485,0.002272960423254089,0.0,1.0,0.0
risk_parity_spy_cash,2021-04-09,10683.593915645288,0.00814603416278592,0.0,1.0,0.0
risk_parity_spy_cash,2021-04-12,10673.791369695933,-0.0009175326230810299,0.0,1.0,0.0
risk_parity_spy_cash,2021-04-13,10649.759788501133,-0.002251456896846249,0.0,1.0,0.0
risk_parity_spy_cash,2021-04-14,10673.159289798628,0.002197185829746262,0.0,1.0,0.0
risk_parity_spy_cash,2021-04-15,10765.177577749084,0.00862146675149944,0.0,1.0,0.0
risk_parity_spy_cash,2021-04-16,10810.079375644682,0.004171022500214727,0.0,1.0,0.0
risk_parity_spy_cash,2021-04-19,10774.980123698439,-0.0032469004830180115,0.0,1.0,0.0
risk_parity_spy_cash,2021-04-20,10691.81577934764,-0.0077182828549156035,0.0,1.0,0.0
risk_parity_spy_cash,2021-04-21,10792.371488445364,0.00940492346416577,0.0,1.0,0.0
risk_parity_spy_cash,2021-04-22,10691.815779347638,-0.00931729501763201,0.0,1.0,0.0
risk_parity_spy_cash,2021-04-23,10764.861055296691,0.006831886880257265,0.0,1.0,0.0
risk_parity_spy_cash,2021-04-26,10747.153168097373,-0.0016449712735125965,0.0,1.0,0.0
risk_parity_spy_cash,2021-04-27,10745.888043295286,-0.00011771720215569825,0.0,1.0,0.0
risk_parity_spy_cash,2021-04-28,10699.721120597602,-0.004296240805011009,0.0,1.0,0.0
risk_parity_spy_cash,2021-04-29,10769.28850960026,0.006501794599929944,0.0,1.0,0.0
risk_parity_spy_cash,2021-04-30,10717.745530249309,-0.004786108135649059,0.0,1.0,0.0
risk_parity_spy_cash,2021-05-03,10786.363351894794,0.006402262626204358,0.0,1.0,0.0
risk_parity_spy_cash,2021-05-04,10798.379624995932,0.0011140245056762144,0.0,1.0,0.0
risk_parity_spy_cash,2021-05-05,10823.360773547905,0.0023134164031561877,0.0,1.0,0.0
risk_parity_spy_cash,2021-05-06,10925.498129900108,0.00943675060724436,0.0,1.0,0.0
risk_parity_spy_cash,2021-05-07,11000.440610548552,0.006859410871468352,0.0,1.0,0.0
risk_parity_spy_cash,2021-05-10,10996.013156244984,-0.00040247972425055956,0.0,1.0,0.0
risk_parity_spy_cash,2021-05-11,10843.282387899004,-0.013889649473476595,0.0,1.0,0.0
risk_parity_spy_cash,2021-05-12,10624.778639949152,-0.020151070509212166,0.0,1.0,0.0
risk_parity_spy_cash,2021-05-13,10765.494100201471,0.013244083949497831,0.0,1.0,0.0
risk_parity_spy_cash,2021-05-14,10885.971423650295,0.011191063069420082,0.0,1.0,0.0
risk_parity_spy_cash,2021-05-17,10866.6818891965,-0.0017719626207991501,0.0,1.0,0.0
risk_parity_spy_cash,2021-05-18,10786.36335189479,-0.007391266084779802,0.0,1.0,0.0
risk_parity_spy_cash,2021-05-19,10733.55621274923,-0.004895731529040659,0.0,1.0,0.0
risk_parity_spy_cash,2021-05-20,10799.328227345626,0.006127700204175746,0.0,1.0,0.0
risk_parity_spy_cash,2021-05-21,10815.771954750333,0.001522662063652147,0.0,1.0,0.0
risk_parity_spy_cash,2021-05-24,10876.484435145854,0.005613328447523047,0.0,1.0,0.0
risk_parity_spy_cash,2021-05-25,10851.81980904627,-0.002267702054524534,0.0,1.0,0.0
risk_parity_spy_cash,2021-05-26,10854.66561609536,0.00026224237954242113,0.0,1.0,0.0
risk_parity_spy_cash,2021-05-27,10896.722571949347,0.003874551030998541,0.0,1.0,0.0
risk_parity_spy_cash,2021-05-28,10929.609061751284,0.0030180166178217505,0.0,1.0,0.0
risk_parity_spy_cash,2021-06-01,10936.881358096463,0.0006653757059462695,0.0,1.0,0.0
risk_parity_spy_cash,2021-06-02,10952.375518143997,0.0014166890487536943,0.0,1.0,0.0
risk_parity_spy_cash,2021-06-03,10941.624369844947,-0.000981627070879676,0.0,1.0,0.0
risk_parity_spy_cash,2021-06-04,11001.072690445859,0.0054332262369334305,0.0,1.0,0.0
risk_parity_spy_cash,2021-06-07,10959.648779496654,-0.0037654428904174697,0.0,1.0,0.0
risk_parity_spy_cash,2021-06-08,10951.743438246693,-0.0007213133750006984,0.0,1.0,0.0
risk_parity_spy_cash,2021-06-09,10902.730708499917,-0.004475335824213,0.0,1.0,0.0
risk_parity_spy_cash,2021-06-10,10908.738845050488,0.0005510671327400019,0.0,1.0,0.0
risk_parity_spy_cash,2021-06-11,10913.165334346579,0.00040577461418456195,0.0,1.0,0.0
risk_parity_spy_cash,2021-06-14,10887.235583444908,-0.002376006420434451,0.0,1.0,0.0
risk_parity_spy_cash,2021-06-15,10859.09307039893,-0.0025849089817410187,0.0,1.0,0.0
risk_parity_spy_cash,2021-06-16,10775.296646150826,-0.0077167055945517316,0.0,1.0,0.0
risk_parity_spy_cash,2021-06-17,10708.575064197257,-0.0061920877117942474,0.0,1.0,0.0
risk_parity_spy_cash,2021-06-18,10528.64942014752,-0.01680201548488891,0.0,1.0,0.0
risk_parity_spy_cash,2021-06-21,10712.685996048433,0.017479599572262527,0.0,1.0,0.0
risk_parity_spy_cash,2021-06-22,10733.87273520162,0.001977724275779469,0.0,1.0,0.0
risk_parity_spy_cash,2021-06-23,10712.68599604843,-0.0019738206028572236,0.0,1.0,0.0
risk_parity_spy_cash,2021-06-24,10813.874750050938,0.009445694015472128,0.0,1.0,0.0
risk_parity_spy_cash,2021-06-25,10891.979560200863,0.007222647936583337,0.0,1.0,0.0
risk_parity_spy_cash,2021-06-28,10839.803535945131,-0.004790316027252106,0.0,1.0,0.0
risk_parity_spy_cash,2021-06-29,10841.700740644525,0.0001750220558058846,0.0,1.0,0.0
risk_parity_spy_cash,2021-06-30,10907.790242700787,0.0060958611233843385,0.0,1.0,0.0
risk_parity_spy_cash,2021-07-01,10952.375518143994,0.004087470922265135,0.0,1.0,0.0
risk_parity_spy_cash,2021-07-02,11002.337815247942,0.004561777216383733,0.0,1.0,0.0
risk_parity_spy_cash,2021-07-06,10935.30067584946,-0.006092990464769854,0.0,1.0,0.0
risk_parity_spy_cash,2021-07-07,10970.084370350789,0.0031808631086065464,0.0,1.0,0.0
risk_parity_spy_cash,2021-07-08,10889.76583304908,-0.007321597044302464,0.0,1.0,0.0
risk_parity_spy_cash,2021-07-09,11027.318963799917,0.012631413095530508,0.0,1.0,0.0
risk_parity_spy_cash,2021-07-12,11068.426352296729,0.0037277772259747266,0.0,1.0,0.0
risk_parity_spy_cash,2021-07-13,11035.856384947183,-0.002942601442416204,0.0,1.0,0.0
risk_parity_spy_cash,2021-07-14,11048.82126039802,0.001174795593436695,0.0,1.0,0.0
risk_parity_spy_cash,2021-07-15,11065.58054524764,0.0015168391681463778,0.0,1.0,0.0
risk_parity_spy_cash,2021-07-16,10964.391791245134,-0.009144459577944408,0.0,1.0,0.0
risk_parity_spy_cash,2021-07-19,10747.469690549762,-0.01978423471410251,0.0,1.0,0.0
risk_parity_spy_cash,2021-07-20,10911.90020954449,0.015299463383396272,0.0,1.0,0.0
risk_parity_spy_cash,2021-07-21,11003.918497494948,0.008432838110998375,0.0,1.0,0.0
risk_parity_spy_cash,2021-07-22,11012.456883649691,0.0007759405121627871,0.0,1.0,0.0
risk_parity_spy_cash,2021-07-23,11085.502159598742,0.006632968166940367,0.0,1.0,0.0
risk_parity_spy_cash,2021-07-26,11112.063990397719,0.00239608728739249,0.0,1.0,0.0
risk_parity_spy_cash,2021-07-27,11087.082841845744,-0.0022481105736578133,0.0,1.0,0.0
risk_parity_spy_cash,2021-07-28,11047.239613143543,-0.003593662036313172,0.0,1.0,0.0
risk_parity_spy_cash,2021-07-29,11093.407500848707,0.004179133369229593,0.0,1.0,0.0
risk_parity_spy_cash,2021-07-30,11051.034987549807,-0.0038196120800266797,0.0,1.0,0.0
risk_parity_spy_cash,2021-08-02,11015.302690698782,-0.0032333891704515727,0.0,1.0,0.0
risk_parity_spy_cash,2021-08-03,11101.944921995973,0.00786562418936998,0.0,1.0,0.0
risk_parity_spy_cash,2021-08-04,11003.918497494948,-0.00882966229699167,0.0,1.0,0.0
risk_parity_spy_cash,2021-08-05,11086.766319393355,0.00752893816118938,0.0,1.0,0.0
risk_parity_spy_cash,2021-08-06,11133.566286995823,0.0042212459660671,0.0,1.0,0.0
risk_parity_spy_cash,2021-08-09,11103.842126695368,-0.002669778895121211,0.0,1.0,0.0
risk_parity_spy_cash,2021-08-10,11153.804423799316,0.00449955038390093,0.0,1.0,0.0
risk_parity_spy_cash,2021-08-11,11223.68737024689,0.006265391053339675,0.0,1.0,0.0
risk_parity_spy_cash,2021-08-12,11232.857836298937,0.0008170635682849259,0.0,1.0,0.0
risk_parity_spy_cash,2021-08-13,11237.91737049981,0.00045042270405337703,0.0,1.0,0.0
risk_parity_spy_cash,2021-08-16,11275.230349597838,0.0033202752670149493,0.0,1.0,0.0
risk_parity_spy_cash,2021-08-17,11188.587153293169,-0.007684383699332553,0.0,1.0,0.0
risk_parity_spy_cash,2021-08-18,11071.272159345823,-0.010485237531783986,0.0,1.0,0.0
risk_parity_spy_cash,2021-08-19,11051.034987549807,-0.001827899405303035,0.0,1.0,0.0
risk_parity_spy_cash,2021-08-20,11104.158649147757,0.00480712093100788,0.0,1.0,0.0
risk_parity_spy_cash,2021-08-23,11176.571845199505,0.006521268142841707,0.0,1.0,0.0
risk_parity_spy_cash,2021-08-24,11185.741346244076,0.0008204216079468196,0.0,1.0,0.0
risk_parity_spy_cash,2021-08-25,11199.654824044608,0.0012438583523302071,0.0,1.0,0.0
risk_parity_spy_cash,2021-08-26,11135.780014147605,-0.0057032837976283,0.0,1.0,0.0
risk_parity_spy_cash,2021-08-27,11211.987619598136,0.006843490564083732,0.0,1.0,0.0
risk_parity_spy_cash,2021-08-30,11196.492494543127,-0.00138201410675165,0.0,1.0,0.0
risk_parity_spy_cash,2021-08-31,11191.433925349731,-0.000451799453789703,0.0,1.0,0.0
risk_parity_spy_cash,2021-09-01,11179.733209693506,-0.0010455063876776416,0.0,1.0,0.0
risk_parity_spy_cash,2021-09-02,11221.473643095102,0.0037335804548004337,0.0,1.0,0.0
risk_parity_spy_cash,2021-09-03,11198.390664249997,-0.0020570363197625063,0.0,1.0,0.0
risk_parity_spy_cash,2021-09-07,11113.012592747415,-0.007624137616054516,0.0,1.0,0.0
risk_parity_spy_cash,2021-09-08,11090.561693799615,-0.0020202351756941628,0.0,1.0,0.0
risk_parity_spy_cash,2021-09-09,11045.658930896538,-0.00404873658727134,0.0,1.0,0.0
risk_parity_spy_cash,2021-09-10,10963.127631450523,-0.0074718312381673035,0.0,1.0,0.0
risk_parity_spy_cash,2021-09-13,11045.342408444149,0.007499208233038512,0.0,1.0,0.0
risk_parity_spy_cash,2021-09-14,10955.854370097866,-0.00810187996325662,0.0,1.0,0.0
risk_parity_spy_cash,2021-09-15,11030.164770849005,0.006782711620734627,0.0,1.0,0.0
risk_parity_spy_cash,2021-09-16,11009.926634045514,-0.0018347991370879502,0.0,1.0,0.0
risk_parity_spy_cash,2021-09-17,10929.609061751282,-0.007295014305169878,0.0,1.0,0.0
risk_parity_spy_cash,2021-09-20,10732.291087947142,-0.01805352530811588,0.0,1.0,0.0
risk_parity_spy_cash,2021-09-21,10723.120621895092,-0.0008544742196145982,0.0,1.0,0.0
risk_parity_spy_cash,2021-09-22,10830.317512448168,0.009996799843339899,0.0,1.0,0.0
risk_parity_spy_cash,2021-09-23,10990.321542146801,0.014773715499543538,0.0,1.0,0.0
risk_parity_spy_cash,2021-09-24,11000.124088096158,0.0008919253100798663,0.0,1.0,0.0
risk_parity_spy_cash,2021-09-27,11023.523589393653,0.0021272033942614232,0.0,1.0,0.0
risk_parity_spy_cash,2021-09-28,10843.598910351393,-0.016321884521150354,0.0,1.0,0.0
risk_parity_spy_cash,2021-09-29,10870.476298595282,0.002478640944403754,0.0,1.0,0.0
risk_parity_spy_cash,2021-09-30,10697.191836000897,-0.015940834406379945,0.0,1.0,0.0
risk_parity_spy_cash,2021-10-01,10851.81980904627,0.014455006081594224,0.0,1.0,0.0
risk_parity_spy_cash,2021-10-04,10751.580622400938,-0.009237085429834702,0.0,1.0,0.0
risk_parity_spy_cash,2021-10-05,10850.23912679927,0.009176186075634085,0.0,1.0,0.0
risk_parity_spy_cash,2021-10-06,10881.543969346727,0.0028851753571159655,0.0,1.0,0.0
risk_parity_spy_cash,2021-10-07,10992.535269298589,0.010199958780162444,0.0,1.0,0.0
risk_parity_spy_cash,2021-10-08,10989.37293979711,-0.0002876797230128014,0.0,1.0,0.0
risk_parity_spy_cash,2021-10-11,10908.738845050486,-0.007337460944164875,0.0,1.0,0.0
risk_parity_spy_cash,2021-10-12,10870.792821047677,-0.0034784977935397032,0.0,1.0,0.0
risk_parity_spy_cash,2021-10-13,10874.271673001549,0.0003200182370448612,0.0,1.0,0.0
risk_parity_spy_cash,2021-10-14,11039.967316798364,0.01523740152714792,0.0,1.0,0.0
risk_parity_spy_cash,2021-10-15,11157.5988331981,0.010655060203008881,0.0,1.0,0.0
risk_parity_spy_cash,2021-10-18,11146.531162446658,-0.0009919401940238215,0.0,1.0,0.0
risk_parity_spy_cash,2021-10-19,11208.508767644267,0.0055602594470300915,0.0,1.0,0.0
risk_parity_spy_cash,2021-10-20,11258.154542295824,0.004429293466305717,0.0,1.0,0.0
risk_parity_spy_cash,2021-10-21,11255.94081514404,-0.00019663321759066932,0.0,1.0,0.0
risk_parity_spy_cash,2021-10-22,11280.605441243622,0.002191254067931636,0.0,1.0,0.0
risk_parity_spy_cash,2021-10-25,11306.218669692902,0.0022705544115242393,0.0,1.0,0.0
risk_parity_spy_cash,2021-10-26,11304.637987445902,-0.0001398064457427406,0.0,1.0,0.0
risk_parity_spy_cash,2021-10-27,11224.952495048974,-0.007048920317963336,0.0,1.0,0.0
risk_parity_spy_cash,2021-10-28,11298.31332844294,0.006535513929909698,0.0,1.0,0.0
risk_parity_spy_cash,2021-10-29,11327.721931298482,0.0026029197456851616,0.0,1.0,0.0
risk_parity_spy_cash,2021-11-01,11356.180966796848,0.0025123352842670865,0.0,1.0,0.0
risk_parity_spy_cash,2021-11-02,11401.71580959723,0.004009696827966813,0.0,1.0,0.0
risk_parity_spy_cash,2021-11-03,11433.020652144687,0.0027456255769071625,0.0,1.0,0.0
risk_parity_spy_cash,2021-11-04,11426.380435696812,-0.0005807928324375045,0.0,1.0,0.0
risk_parity_spy_cash,2021-11-05,11488.041518442033,0.005396379290206976,0.0,1.0,0.0
risk_parity_spy_cash,2021-11-08,11520.295928346663,0.002807650882254542,0.0,1.0,0.0
risk_parity_spy_cash,2021-11-09,11487.409438544724,-0.0028546566864674494,0.0,1.0,0.0
risk_parity_spy_cash,2021-11-10,11417.526492097153,-0.006083438291412002,0.0,1.0,0.0
risk_parity_spy_cash,2021-11-11,11366.615592643508,-0.004459013034818438,0.0,1.0,0.0
risk_parity_spy_cash,2021-11-12,11424.166708545026,0.005063170776951953,0.0,1.0,0.0
risk_parity_spy_cash,2021-11-15,11422.901583742938,-0.00011074110124309477,0.0,1.0,0.0
risk_parity_spy_cash,2021-11-16,11444.720402793435,0.0019100942865120096,0.0,1.0,0.0
risk_parity_spy_cash,2021-11-17,11378.94838819704,-0.0057469306616124705,0.0,1.0,0.0
risk_parity_spy_cash,2021-11-18,11363.137705697114,-0.0013894678102525093,0.0,1.0,0.0
risk_parity_spy_cash,2021-11-19,11254.360132897036,-0.009572846481085917,0.0,1.0,0.0
risk_parity_spy_cash,2021-11-22,11263.530598949086,0.0008148367338312035,0.0,1.0,0.0
risk_parity_spy_cash,2021-11-23,11321.080749843128,0.005109423762688747,0.0,1.0,0.0
risk_parity_spy_cash,2021-11-24,11321.397272295519,2.795867809668451e-05,0.0,1.0,0.0
risk_parity_spy_cash,2021-11-26,11036.48846484449,-0.025165516287307232,0.0,1.0,0.0
risk_parity_spy_cash,2021-11-29,11105.107251497451,0.006217447412874,0.0,1.0,0.0
risk_parity_spy_cash,2021-11-30,10906.20859544631,-0.017910556966869606,0.0,1.0,0.0
risk_parity_spy_cash,2021-12-01,10765.809657646383,-0.012873303914116119,0.0,1.0,0.0
risk_parity_spy_cash,2021-12-02,10960.280859393957,0.01806377856675656,0.0,1.0,0.0
risk_parity_spy_cash,2021-12-03,10948.58110874521,-0.001067468142362471,0.0,1.0,0.0
risk_parity_spy_cash,2021-12-06,11156.650230848401,0.01900420885926457,0.0,1.0,0.0
risk_parity_spy_cash,2021-12-07,11312.22680624347,0.013944738983113103,0.0,1.0,0.0
risk_parity_spy_cash,2021-12-08,11320.132147493432,0.0006988315727189942,0.0,1.0,0.0
risk_parity_spy_cash,2021-12-09,11323.926556892218,0.0003351912636131438,0.0,1.0,0.0
risk_parity_spy_cash,2021-12-10,11390.96466129818,0.005920040550347672,0.0,1.0,0.0
risk_parity_spy_cash,2021-12-13,11290.092429748065,-0.008855459967568535,0.0,1.0,0.0
risk_parity_spy_cash,2021-12-14,11262.581996599392,-0.0024366880359797394,0.0,1.0,0.0
risk_parity_spy_cash,2021-12-15,11377.68326339495,0.01021979390075134,0.0,1.0,0.0
risk_parity_spy_cash,2021-12-16,11365.983512746205,-0.001028306938934298,0.0,1.0,0.0
risk_parity_spy_cash,2021-12-17,11182.263459297683,-0.016164026038089196,0.0,1.0,0.0
risk_parity_spy_cash,2021-12-20,11044.393806094455,-0.012329315411415576,0.0,1.0,0.0
risk_parity_spy_cash,2021-12-21,11222.73876789719,0.01614800820524187,0.0,1.0,0.0
risk_parity_spy_cash,2021-12-22,11301.160100499506,0.006987717902393165,0.0,1.0,0.0
risk_parity_spy_cash,2021-12-23,11363.45326314203,0.0055121033671374775,0.0,1.0,0.0
risk_parity_spy_cash,2021-12-27,11476.02621034837,0.009906578977314506,0.0,1.0,0.0
risk_parity_spy_cash,2021-12-28,11509.860337492526,0.002948244150370316,0.0,1.0,0.0
risk_parity_spy_cash,2021-12-29,11536.738690743894,0.002335245820821452,0.0,1.0,0.0
risk_parity_spy_cash,2021-12-30,11512.390587096703,-0.0021104841064595314,0.0,1.0,0.0
risk_parity_spy_cash,2021-12-31,11488.674563346816,-0.0020600433568044307,0.0,1.0,0.0
risk_parity_spy_cash,2022-01-03,11563.30052154287,0.006495610767332405,0.0,1.0,0.0
risk_parity_spy_cash,2022-01-04,11632.551388093136,0.0059888495003004305,0.0,1.0,0.0
risk_parity_spy_cash,2022-01-05,11513.022666994006,-0.01027536583431532,0.0,1.0,0.0
risk_parity_spy_cash,2022-01-06,11459.266925498749,-0.004669124959630788,0.0,1.0,0.0
risk_parity_spy_cash,2022-01-07,11456.736675894574,-0.00022080379317679366,0.0,1.0,0.0
risk_parity_spy_cash,2022-01-10,11408.672548497494,-0.004195272070641964,0.0,1.0,0.0
risk_parity_spy_cash,2022-01-11,11464.009937247229,0.0048504669158044855,0.0,1.0,0.0
risk_parity_spy_cash,2022-01-12,11476.974812698065,0.0011309197673243787,0.0,1.0,0.0
risk_parity_spy_cash,2022-01-13,11421.637423948328,-0.004821600609292265,0.0,1.0,0.0
risk_parity_spy_cash,2022-01-14,11356.497489249236,-0.005703204565267517,0.0,1.0,0.0
risk_parity_spy_cash,2022-01-18,11189.220198197941,-0.014729655090369942,0.0,1.0,0.0
risk_parity_spy_cash,2022-01-19,11078.54542069847,-0.009891196664205015,0.0,1.0,0.0
risk_parity_spy_cash,2022-01-20,10983.048280794143,-0.008620007074747082,0.0,1.0,0.0
risk_parity_spy_cash,2022-01-21,10825.574500699682,-0.014337893822230718,0.0,1.0,0.0
risk_parity_spy_cash,2022-01-24,10871.741423397367,0.004264616413170552,0.0,1.0,0.0
risk_parity_spy_cash,2022-01-25,10844.863070146002,-0.002472313514881641,0.0,1.0,0.0
risk_parity_spy_cash,2022-01-26,10797.43102264623,-0.004373688002603293,0.0,1.0,0.0
risk_parity_spy_cash,2022-01-27,10800.276829695318,0.00026356334605148746,0.0,1.0,0.0
risk_parity_spy_cash,2022-01-28,10976.091541893878,0.016278722755990627,0.0,1.0,0.0
risk_parity_spy_cash,2022-01-31,11101.628399543575,0.011437300533668537,0.0,1.0,0.0
risk_parity_spy_cash,2022-02-01,11192.066005247028,0.00814633695604261,0.0,1.0,0.0
risk_parity_spy_cash,2022-02-02,11258.154542295815,0.005904945254772809,0.0,1.0,0.0
risk_parity_spy_cash,2022-02-03,11098.46703504957,-0.014184163722954168,0.0,1.0,0.0
risk_parity_spy_cash,2022-02-04,11094.9881830957,-0.0003134533753972324,0.0,1.0,0.0
risk_parity_spy_cash,2022-02-07,11095.936785445398,8.549827490056394e-05,0.0,1.0,0.0
risk_parity_spy_cash,2022-02-08,11211.039017248435,0.010373367659593846,0.0,1.0,0.0
risk_parity_spy_cash,2022-02-09,11310.014044099158,0.008828354508306324,0.0,1.0,0.0
risk_parity_spy_cash,2022-02-10,11148.111844693653,-0.01431494238417641,0.0,1.0,0.0
risk_parity_spy_cash,2022-02-11,10981.784120999533,-0.014919811176211772,0.0,1.0,0.0
risk_parity_spy_cash,2022-02-14,10937.51440300124,-0.004031195433321311,0.0,1.0,0.0
risk_parity_spy_cash,2022-02-15,11074.434488847295,0.0125183913639908,0.0,1.0,0.0
risk_parity_spy_cash,2022-02-16,11057.04312410037,-0.0015704065760142605,0.0,1.0,0.0
risk_parity_spy_cash,2022-02-17,10867.630491546193,-0.01713049595884497,0.0,1.0,0.0
risk_parity_spy_cash,2022-02-18,10782.253385051088,-0.007856092140924309,0.0,1.0,0.0
risk_parity_spy_cash,2022-02-22,10625.095162401542,-0.01457563804495976,0.0,1.0,0.0
risk_parity_spy_cash,2022-02-23,10483.114577347136,-0.013362758910322459,0.0,1.0,0.0
risk_parity_spy_cash,2022-02-24,10509.044328248807,0.0024734777732662305,0.0,1.0,0.0
risk_parity_spy_cash,2022-02-25,10768.339907250556,0.024673564113222968,0.0,1.0,0.0
risk_parity_spy_cash,2022-02-28,10730.393883247747,-0.0035238508748465236,0.0,1.0,0.0
risk_parity_spy_cash,2022-03-01,10534.974079150477,-0.018211801563254637,0.0,1.0,0.0
risk_parity_spy_cash,2022-03-02,10719.642734948697,0.017529103955148173,0.0,1.0,0.0
risk_parity_spy_cash,2022-03-03,10692.132301800024,-0.0025663572778392707,0.0,1.0,0.0
risk_parity_spy_cash,2022-03-04,10639.640720099378,-0.004909365149906475,0.0,1.0,0.0
risk_parity_spy_cash,2022-03-07,10386.66980010059,-0.023776265256861606,0.0,1.0,0.0
risk_parity_spy_cash,2022-03-08,10325.324274800285,-0.005906178446118626,0.0,1.0,0.0
risk_parity_spy_cash,2022-03-09,10542.562897948048,0.021039399573914652,0.0,1.0,0.0
risk_parity_spy_cash,2022-03-10,10501.77106689615,-0.0038692518552426725,0.0,1.0,0.0
risk_parity_spy_cash,2022-03-11,10435.682529847363,-0.006293084911849989,0.0,1.0,0.0
risk_parity_spy_cash,2022-03-14,10437.264177101843,0.0001515614575238189,0.0,1.0,0.0
risk_parity_spy_cash,2022-03-15,10630.78677649972,0.018541506290742804,0.0,1.0,0.0
risk_parity_spy_cash,2022-03-16,10794.268693144752,0.015378157805443049,0.0,1.0,0.0
risk_parity_spy_cash,2022-03-17,10923.600925200712,0.01198156500755787,0.0,1.0,0.0
risk_parity_spy_cash,2022-03-18,10978.621791498055,0.005036879933100646,0.0,1.0,0.0
risk_parity_spy_cash,2022-03-21,10923.28440274832,-0.005040467719963582,0.0,1.0,0.0
risk_parity_spy_cash,2022-03-22,11008.662474250903,0.007816153855803698,0.0,1.0,0.0
risk_parity_spy_cash,2022-03-23,10859.093070398927,-0.013586519179947243,0.0,1.0,0.0
risk_parity_spy_cash,2022-03-24,10974.510859646876,0.01062867667674472,0.0,1.0,0.0
risk_parity_spy_cash,2022-03-25,11021.310827249346,0.004264424009506662,0.0,1.0,0.0
risk_parity_spy_cash,2022-03-28,11051.350544994717,0.0027256029900817325,0.0,1.0,0.0
risk_parity_spy_cash,2022-03-29,11161.393242596881,0.009957398161802411,0.0,1.0,0.0
risk_parity_spy_cash,2022-03-30,11134.514889345515,-0.0024081539523924667,0.0,1.0,0.0
risk_parity_spy_cash,2022-03-31,10967.237598294223,-0.015023311991019694,0.0,1.0,0.0
risk_parity_spy_cash,2022-04-01,11004.551542399728,0.003402310178025836,0.0,1.0,0.0
risk_parity_spy_cash,2022-04-04,11043.445203744755,0.0035343249740957816,0.0,1.0,0.0
risk_parity_spy_cash,2022-04-05,10951.743438246689,-0.008303728031083146,0.0,1.0,0.0
risk_parity_spy_cash,2022-04-06,10901.465583697827,-0.004590853943243101,0.0,1.0,0.0
risk_parity_spy_cash,2022-04-07,10940.043687597943,0.0035387997699873885,0.0,1.0,0.0
risk_parity_spy_cash,2022-04-08,10984.313405596235,0.004046575979260281,0.0,1.0,0.0
risk_parity_spy_cash,2022-04-11,10852.452853951052,-0.012004441859607029,0.0,1.0,0.0
risk_parity_spy_cash,2022-04-12,10821.463568848509,-0.0028555097653578665,0.0,1.0,0.0
risk_parity_spy_cash,2022-04-13,10933.403471150066,0.010344247946626695,0.0,1.0,0.0
risk_parity_spy_cash,2022-04-14,10886.92002599999,-0.004251507343777328,0.0,1.0,0.0
risk_parity_spy_cash,2022-04-18,10880.911889449422,-0.0005518674277223967,0.0,1.0,0.0
risk_parity_spy_cash,2022-04-19,11039.650794345971,0.014588750144229001,0.0,1.0,0.0
risk_parity_spy_cash,2022-04-20,11115.858399796505,0.006903081163542213,0.0,1.0,0.0
risk_parity_spy_cash,2022-04-21,10995.064553895289,-0.01086680322443001,0.0,1.0,0.0
risk_parity_spy_cash,2022-04-22,10696.558791096119,-0.02714906868767919,0.0,1.0,0.0
risk_parity_spy_cash,2022-04-25,10768.971987147863,0.006769765628925617,0.0,1.0,0.0
risk_parity_spy_cash,2022-04-26,10512.523180202681,-0.023813675739080664,0.0,1.0,0.0
risk_parity_spy_cash,2022-04-27,10530.863147299304,0.001744582797321259,0.0,1.0,0.0
risk_parity_spy_cash,2022-04-28,10728.813201000748,0.018797134758342215,0.0,1.0,0.0
risk_parity_spy_cash,2022-04-29,10425.247904000706,-0.028294396715913273,0.0,1.0,0.0
risk_parity_spy_cash,2022-05-02,10458.449951247556,0.003184772923635615,0.0,1.0,0.0
risk_parity_spy_cash,2022-05-03,10474.577156199872,0.0015420263067178475,0.0,1.0,0.0
risk_parity_spy_cash,2022-05-04,10769.92058949756,0.028196215359669763,0.0,1.0,0.0
risk_parity_spy_cash,2022-05-05,10442.639268747631,-0.030388461830357594,0.0,1.0,0.0
risk_parity_spy_cash,2022-05-06,10405.642812101996,-0.003542826261973442,0.0,1.0,0.0
risk_parity_spy_cash,2022-05-09,10201.052541952677,-0.019661473475850677,0.0,1.0,0.0
risk_parity_spy_cash,2022-05-10,10176.703473298008,-0.002386917286675172,0.0,1.0,0.0
risk_parity_spy_cash,2022-05-11,10070.139627649714,-0.010471352135581036,0.0,1.0,0.0
risk_parity_spy_cash,2022-05-12,10044.210841755521,-0.0025748189054897175,0.0,1.0,0.0
risk_parity_spy_cash,2022-05-13,10189.35279130393,0.014450308922730803,0.0,1.0,0.0
risk_parity_spy_cash,2022-05-16,10206.744156050856,0.0017068174105983047,0.0,1.0,0.0
risk_parity_spy_cash,2022-05-17,10343.348684451996,0.013383751597237481,0.0,1.0,0.0
risk_parity_spy_cash,2022-05-18,9978.121339699257,-0.0353103579793016,0.0,1.0,0.0
risk_parity_spy_cash,2022-05-19,9903.178859050811,-0.007510680427414429,0.0,1.0,0.0
risk_parity_spy_cash,2022-05-20,9879.147277856011,-0.0024266532531458385,0.0,1.0,0.0
risk_parity_spy_cash,2022-05-23,10082.155900750853,0.020549205026012984,0.0,1.0,0.0
risk_parity_spy_cash,2022-05-24,10099.548230505256,0.0017250605848206924,0.0,1.0,0.0
risk_parity_spy_cash,2022-05-25,10159.312108551083,0.005917480334943326,0.0,1.0,0.0
risk_parity_spy_cash,2022-05-26,10322.79499020359,0.016091924325752682,0.0,1.0,0.0
risk_parity_spy_cash,2022-05-27,10500.506907101544,0.01721548447553234,0.0,1.0,0.0
risk_parity_spy_cash,2022-05-31,10441.375108953023,-0.005631327960798682,0.0,1.0,0.0
risk_parity_spy_cash,2022-06-01,10383.190948146723,-0.005572461500440662,0.0,1.0,0.0
risk_parity_spy_cash,2022-06-02,10522.641283596953,0.013430393040698263,0.0,1.0,0.0
risk_parity_spy_cash,2022-06-03,10419.123578192857,-0.00983761610931877,0.04734537431677055,0.9521864963741865,0.04781350362581349
risk_parity_spy_cash,2022-06-06,10422.136043387332,0.000289128463816235,0.0,0.9522003166232121,0.04779968337678786
risk_parity_spy_cash,2022-06-07,10504.070132590357,0.00786154477948986,0.0,0.9525731648117937,0.04742683518820634
risk_parity_spy_cash,2022-06-08,10420.02722582367,-0.008000984923542509,0.0,0.9521906428661617,0.04780935713383827
risk_parity_spy_cash,2022-06-09,10227.84352928512,-0.0184436846827295,0.0,0.951292293281833,0.04870770671816704
risk_parity_spy_cash,2022-06-10,9967.883502609797,-0.025416895157907682,0.0,0.9500220078963315,0.04997799210366849
risk_parity_spy_cash,2022-06-13,9703.103715478377,-0.02656329069878227,0.0,0.9486582007580696,0.051341799241930386
risk_parity_spy_cash,2022-06-14,9664.546551104913,-0.003973693933824185,0.0,0.9484533702280357,0.051546629771964336
risk_parity_spy_cash,2022-06-15,9752.807092998926,0.009132403825394375,0.0,0.9489198547419916,0.051080145258008414
risk_parity_spy_cash,2022-06-16,9532.006356025839,-0.022639711302358312,0.0,0.9477366270671033,0.052263372932896734
risk_parity_spy_cash,2022-06-17,9496.461656846848,-0.00372898399889543,0.0,0.9475410083265549,0.05245899167344514
risk_parity_spy_cash,2022-06-21,9694.368761472306,0.020840088843276483,0.0,0.9486119400611637,0.05138805993883633
risk_parity_spy_cash,2022-06-22,9673.884549715067,-0.0021130010897303375,0.0,0.948503127112635,0.05149687288736504
risk_parity_spy_cash,2022-06-23,9738.046289328597,0.0066324690235650685,0.0,0.9488424281234271,0.05115757187657288
risk_parity_spy_cash,2022-06-24,9987.463147460914,0.025612617841593188,0.0,0.95011998586344,0.04988001413655996
risk_parity_spy_cash,2022-06-27,9967.581980307756,-0.0019906123166234524,0.0,0.9500204960472931,0.049979503952706894
risk_parity_spy_cash,2022-06-28,9816.365788008376,-0.015170799959120185,0.0,0.949250586852388,0.050749413147612055
risk_parity_spy_cash,2022-06-29,9837.752728121115,0.0021787024418817857,0.0,0.949360914351944,0.05063908564805597
risk_parity_spy_cash,2022-06-30,9770.579442588421,-0.006828112820998156,0.0,0.9490127677779011,0.05098723222209889
risk_parity_spy_cash,2022-07-01,9861.851530401598,0.009341522511483458,0.0,0.9494846579825326,0.050515342017467435
risk_parity_spy_cash,2022-07-05,9827.511081880151,-0.0034821502245885316,0.0,0.9493081413154291,0.050691858684570934
risk_parity_spy_cash,2022-07-06,9845.885252053573,0.0018696666959043817,0.08459913274670205,0.8649729097230062,0.13502709027699378
risk_parity_spy_cash,2022-07-07,9943.009099321853,0.009864409830291576,0.0,0.8662918615978504,0.13370813840214957
risk_parity_spy_cash,2022-07-08,9929.564866047542,-0.001352129233717414,0.0,0.8661108261317849,0.13388917386821508
risk_parity_spy_cash,2022-07-11,9881.277989472666,-0.004862939839386571,0.0,0.8654565494258594,0.13454345057414063
risk_parity_spy_cash,2022-07-12,9833.813323589413,-0.004803494642476536,0.0,0.8648071513014347,0.1351928486985653
risk_parity_spy_cash,2022-07-13,9772.905261713611,-0.006193737858506521,0.0,0.8639645835927353,0.1360354164072647
risk_parity_spy_cash,2022-07-14,9735.866428347746,-0.0037899511326451307,0.0,0.8634470546026607,0.1365529453973393
risk_parity_spy_cash,2022-07-15,9907.616361902761,0.01764095007044597,0.0,0.8658142192608438,0.1341857807391562
risk_parity_spy_cash,2022-07-18,9852.469635840656,-0.005566094209517147,0.0,0.8650631480304455,0.13493685196955452
risk_parity_spy_cash,2022-07-19,10057.142325612844,0.020773744790610005,0.0,0.8678092450377102,0.13219075496228982
risk_parity_spy_cash,2022-07-20,10074.427170335697,0.0017186636286168344,0.0,0.8680360466845619,0.1319639533154381
risk_parity_spy_cash,2022-07-21,10120.245740272181,0.00454800746104933,0.0,0.868633502495345,0.131366497504655
risk_parity_spy_cash,2022-07-22,10083.206906906315,-0.003659874899922144,0.0,0.868150951472059,0.131849048527941
risk_parity_spy_cash,2022-07-25,10107.899183389638,0.002448851512350858,0.0,0.8684730414633862,0.13152695853661378
risk_parity_spy_cash,2022-07-26,10041.504414118523,-0.006568602245283772,0.0,0.8676033807327997,0.13239661926720026
risk_parity_spy_cash,2022-07-27,10164.143585843509,0.012213226889842721,0.0,0.8692008603029167,0.13079913969708334
risk_parity_spy_cash,2022-07-28,10252.487696541171,0.008691741704702771,0.0,0.8703279363861639,0.1296720636138361
risk_parity_spy_cash,2022-07-29,10346.59314305253,0.009178791459862667,0.0,0.8715073436826248,0.12849265631737516
risk_parity_spy_cash,2022-08-01,10329.582926748059,-0.0016440403202568898,0.0,0.871295748704106,0.12870425129589402
risk_parity_spy_cash,2022-08-02,10219.838731460615,-0.010624261992540407,0.0,0.8699136775325659,0.13008632246743412
risk_parity_spy_cash,2022-08-03,10332.8751186416,0.011060486388402069,0.0,0.8713367555959841,0.1286632444040159
risk_parity_spy_cash,2022-08-04,10307.40942760203,-0.0024645309990852793,0.09905530082449832,0.9703218465149811,0.0296781534850189
risk_parity_spy_cash,2022-08-05,10326.046636677422,0.0018081370693865395,0.0,0.9703754118310147,0.029624588168985277
risk_parity_spy_cash,2022-08-08,10339.79541275555,0.0013314656191163454,0.0,0.9704148035029854,0.029585196497014632
risk_parity_spy_cash,2022-08-09,10324.213590850104,-0.0015069758426963231,0.0,0.9703701520378838,0.029629847962116207
risk_parity_spy_cash,2022-08-10,10485.833968695693,0.015654497693541103,0.0,0.970826843154436,0.029173156845563986
risk_parity_spy_cash,2022-08-11,10501.414858227878,0.0014858989355257535,0.0,0.9708701272014194,0.02912987279858059
risk_parity_spy_cash,2022-08-12,10627.288977694288,0.011986396230007745,0.0,0.9712151537737076,0.028784846226292404
risk_parity_spy_cash,2022-08-15,10674.339329466333,0.004427314611543887,0.0,0.9713420316158721,0.02865796838412793
risk_parity_spy_cash,2022-08-16,10746.74743676509,0.0067833806911943295,0.0,0.9715351197350385,0.028464880264961523
risk_parity_spy_cash,2022-08-17,10699.698017366301,-0.0043780148063991,0.0,0.9714099520819377,0.0285900479180623
risk_parity_spy_cash,2022-08-18,10711.306996814883,0.0010849819714293663,0.0,0.9714409381491669,0.028559061850833123
risk_parity_spy_cash,2022-08-19,10603.153563510206,-0.010097127580867338,0.0,0.9711496323058036,0.028850367694196355
risk_parity_spy_cash,2022-08-22,10411.286997140645,-0.018095236027690142,0.0,0.970617957308322,0.02938204269167799
risk_parity_spy_cash,2022-08-23,10360.87543976968,-0.004842010155402643,0.0,0.9704749969436851,0.02952500305631489
risk_parity_spy_cash,2022-08-24,10383.789444984386,0.0022115896815777525,0.0,0.9705401500438688,0.029459849956131157
risk_parity_spy_cash,2022-08-25,10484.305808924086,0.009680123472481483,0.0,0.9708225909659258,0.029177409034074175
risk_parity_spy_cash,2022-08-26,10172.064260570063,-0.029781804732197603,0.0,0.9699269616088569,0.03007303839114306
risk_parity_spy_cash,2022-08-29,10116.15449809041,-0.005496402799614275,0.0,0.9697607545354272,0.030239245464572795
risk_parity_spy_cash,2022-08-30,10022.66543140426,-0.009241561771698548,0.0,0.9694786899633705,0.0305213100366295
risk_parity_spy_cash,2022-08-31,9949.64568724756,-0.0072854616026498675,0.0,0.9692546962333165,0.030745303766683496
risk_parity_spy_cash,2022-09-01,9992.724128935999,0.004329645802729765,0.0,0.9693872386470185,0.03061276135298152
risk_parity_spy_cash,2022-09-02,9888.416273588491,-0.010438380365716537,0.03061276135298152,1.0,0.0
risk_parity_spy_cash,2022-09-06,9839.251610262914,-0.004971945149284784,0.0,1.0,0.0
risk_parity_spy_cash,2022-09-07,9969.411300636435,0.013228616924254366,0.0,1.0,0.0
risk_parity_spy_cash,2022-09-08,10029.606707020837,0.0060380101260903984,0.0,1.0,0.0
risk_parity_spy_cash,2022-09-09,10156.931047273387,0.01269484875846838,0.0,1.0,0.0
risk_parity_spy_cash,2022-09-12,10229.102634019502,0.007105648980997081,0.0,1.0,0.0
risk_parity_spy_cash,2022-09-13,9824.439117992531,-0.03956002109912926,0.0,1.0,0.0
risk_parity_spy_cash,2022-09-14,9834.838928324301,0.0010585652989312244,0.0,1.0,0.0
risk_parity_spy_cash,2022-09-15,9781.261583060117,-0.005447709480008056,0.0,1.0,0.0
risk_parity_spy_cash,2022-09-16,9708.46002537464,-0.007442961939752246,0.0,1.0,0.0
risk_parity_spy_cash,2022-09-19,9774.6435219399,0.006817095233670356,0.0,1.0,0.0
risk_parity_spy_cash,2022-09-20,9675.998728925219,-0.010091906962465425,0.0,1.0,0.0
risk_parity_spy_cash,2022-09-21,9511.80137207233,-0.016969551304511943,0.0,1.0,0.0
risk_parity_spy_cash,2022-09-22,9471.14564447275,-0.0042742405995723765,0.0,1.0,0.0
risk_parity_spy_cash,2022-09-23,9324.28162543538,-0.015506468229963044,0.0,1.0,0.0
risk_parity_spy_cash,2022-09-26,9225.322327844864,-0.010613074718868298,0.0,1.0,0.0
risk_parity_spy_cash,2022-09-27,9180.569384670202,-0.004851098052106484,0.0,1.0,0.0
risk_parity_spy_cash,2022-09-28,9351.701230794528,0.018640657126352433,0.0,1.0,0.0
risk_parity_spy_cash,2022-09-29,9209.24893190807,-0.015232768388426687,0.0,1.0,0.0
risk_parity_spy_cash,2022-09-30,9054.505948084066,-0.016802997179048207,0.0,1.0,0.0
risk_parity_spy_cash,2022-10-03,9290.560387107234,0.026070383119370266,0.0,1.0,0.0
risk_parity_spy_cash,2022-10-04,9553.71800333833,0.028325268365543055,0.0,1.0,0.0
risk_parity_spy_cash,2022-10-05,9542.687260279505,-0.00115460211982088,0.0,1.0,0.0
risk_parity_spy_cash,2022-10-06,9430.49087866086,-0.011757315162747917,0.0,1.0,0.0
risk_parity_spy_cash,2022-10-07,9233.201292631496,-0.02092039413089153,0.0,1.0,0.0
risk_parity_spy_cash,2022-10-10,9201.369967121436,-0.003447485276364848,0.0,1.0,0.0
risk_parity_spy_cash,2022-10-11,9211.770739240901,0.001130350388760526,0.0,1.0,0.0
risk_parity_spy_cash,2022-10-12,9207.67352366582,-0.00044478045438400837,0.0,1.0,0.0
risk_parity_spy_cash,2022-10-13,9472.406548139163,0.028751347861424303,0.0,1.0,0.0
risk_parity_spy_cash,2022-10-14,9354.53754270319,-0.012443406523670264,0.0,1.0,0.0
risk_parity_spy_cash,2022-10-17,9519.680336858964,0.0176537635775047,0.0,1.0,0.0
risk_parity_spy_cash,2022-10-18,9627.14953196317,0.011289160066446646,0.0,1.0,0.0
risk_parity_spy_cash,2022-10-19,9591.851923605083,-0.0036664651609383814,0.0,1.0,0.0
risk_parity_spy_cash,2022-10-20,9559.075160792132,-0.0034171464565970755,0.0,1.0,0.0
risk_parity_spy_cash,2022-10-21,9797.650445360441,0.024957988147939147,0.0,1.0,0.0
risk_parity_spy_cash,2022-10-24,9929.071039400378,0.013413480586273563,0.0,1.0,0.0
risk_parity_spy_cash,2022-10-25,10037.48567180747,0.010918909933958831,0.0,1.0,0.0
risk_parity_spy_cash,2022-10-26,10034.019388959443,-0.0003453337779363297,0.0,1.0,0.0
risk_parity_spy_cash,2022-10-27,10099.571952797649,0.00653303141015793,0.0,1.0,0.0
risk_parity_spy_cash,2022-10-28,10355.480575181471,0.02533856123604661,0.0,1.0,0.0
risk_parity_spy_cash,2022-10-31,10318.923024944663,-0.003530261099076726,0.0,1.0,0.0
risk_parity_spy_cash,2022-11-01,10287.091699434603,-0.0030847526852474383,0.0,1.0,0.0
risk_parity_spy_cash,2022-11-02,10140.034214407087,-0.01429534112499431,0.08118777508375818,0.9176414731349772,0.08235852686502276
risk_parity_spy_cash,2022-11-03,10096.891836682638,-0.00425465800333813,0.0,0.9172895685357887,0.08271043146421131
risk_parity_spy_cash,2022-11-04,10220.529422525766,0.012245113431238686,0.0,0.9182901153418807,0.08170988465811935
risk_parity_spy_cash,2022-11-07,10344.455955557076,0.012125255738531404,0.0,0.9192689993705404,0.08073100062945959
risk_parity_spy_cash,2022-11-08,10439.71663008112,0.009208862692568154,0.0,0.9200056562978751,0.07999434370212488
risk_parity_spy_cash,2022-11-09,10255.274659181983,-0.01766733498950379,0.0,0.9185669513481259,0.08143304865187406
risk_parity_spy_cash,2022-11-10,10600.416331869203,0.0336550393975259,0.0,0.9212183508539387,0.07878164914606134
risk_parity_spy_cash,2022-11-11,10615.76234354257,0.0014476800903782117,0.0,0.9213322366087547,0.07866776339124526
risk_parity_spy_cash,2022-11-14,10557.27307051421,-0.0055096630025764926,0.0,0.9208964024439295,0.07910359755607055
risk_parity_spy_cash,2022-11-15,10570.01325571065,0.0012067685576897524,0.0,0.920991747119304,0.07900825288069602
risk_parity_spy_cash,2022-11-16,10565.96004240117,-0.00038346340836337145,0.0,0.9209614387232047,0.07903856127679532
risk_parity_spy_cash,2022-11-17,10566.828651226813,8.220822548610229e-05,0.0,0.9209679358089582,0.0790320641910418
risk_parity_spy_cash,2022-11-18,10603.600936353041,0.0034799736363624323,0.0,0.9212420115324781,0.07875798846752191
risk_parity_spy_cash,2022-11-21,10594.335186459166,-0.0008738304986666279,0.0,0.9211731302095407,0.07882686979045928
risk_parity_spy_cash,2022-11-22,10707.548582764046,0.010686219976273836,0.0,0.9220065849989428,0.07799341500105716
risk_parity_spy_cash,2022-11-23,10736.214441271311,0.002677163524936965,0.0,0.9222148286225357,0.07778517137746432
risk_parity_spy_cash,2022-11-25,10781.672814653957,0.004234115630915358,0.0,0.9225427914001952,0.07745720859980476
risk_parity_spy_cash,2022-11-28,10636.030177351058,-0.013508352535512635,0.0,0.921482144528149,0.07851785547185097
risk_parity_spy_cash,2022-11-29,10635.741230162874,-2.716682666059622e-05,0.0,0.9214800113892291,0.07851998861077092
risk_parity_spy_cash,2022-11-30,10857.82409501388,0.020880807462782425,0.0,0.923086037040976,0.07691396295902397
risk_parity_spy_cash,2022-12-01,10807.44301586557,-0.004640071409099944,0.0,0.9227274870629877,0.07727251293701232
risk_parity_spy_cash,2022-12-02,10816.32432416405,0.0008217770184346662,0.031806365291808136,0.8910141532380297,0.10898584676197032
risk_parity_spy_cash,2022-12-05,10684.6525286331,-0.012173432636149006,0.0,0.8896710714586127,0.11032892854138732
risk_parity_spy_cash,2022-12-06,10584.849953846746,-0.00934074126593254,0.0,0.8886308005818537,0.11136919941814627
risk_parity_spy_cash,2022-12-07,10584.291144059898,-5.2793359309188936e-05,0.0,0.8886249207172751,0.11137507928272494
risk_parity_spy_cash,2022-12-08,10640.761645741213,0.00533531257905806,0.0,0.8892159880497915,0.11078401195020848
risk_parity_spy_cash,2022-12-09,10554.378184141628,-0.008118165266314259,0.0,0.8883092641978333,0.11169073580216671
risk_parity_spy_cash,2022-12-12,10701.146375364602,0.013905906028978565,0.0,0.8898411231870519,0.11015887681294811
risk_parity_spy_cash,2022-12-13,10734.413900293384,0.003108781411061523,0.0,0.8901825217221319,0.10981747827786814
risk_parity_spy_cash,2022-12-14,10689.96420761465,-0.004140858838834194,0.0,0.8897258922081875,0.11027410779181246
risk_parity_spy_cash,2022-12-15,10482.531455302505,-0.019404438432486626,0.0,0.8875437416670173,0.11245625833298267
risk_parity_spy_cash,2022-12-16,10375.460940708275,-0.010214184908557522,0.0,0.8863832390620862,0.11361676093791384
risk_parity_spy_cash,2022-12-19,10331.01124802954,-0.004284117393217435,0.0,0.8858943972647445,0.1141056027352555
risk_parity_spy_cash,2022-12-20,10358.967093976773,0.002706012536049185,0.0,0.8862023351723413,0.11379766482765874
risk_parity_spy_cash,2022-12-21,10504.89664394712,0.014087268416481225,0.0,0.8877831638638396,0.1122168361361604
risk_parity_spy_cash,2022-12-22,10411.524220860727,-0.00888846661239584,0.0,0.8867767830805027,0.11322321691949733
risk_parity_spy_cash,2022-12-23,10458.210005831568,0.004484049019191749,0.0,0.8872822151530909,0.11271778484690909
risk_parity_spy_cash,2022-12-27,10470.510646299927,0.0011761707272563982,0.0,0.8874146347639991,0.11258536523600093
risk_parity_spy_cash,2022-12-28,10364.278772958323,-0.01014581589477137,0.0,0.8862606563230607,0.11373934367693928
risk_parity_spy_cash,2022-12-29,10461.844402307857,0.009413643871109878,0.0,0.8873213727914873,0.11267862720851274
risk_parity_spy_cash,2022-12-30,10441.436327634281,-0.001950714796434383,0.0,0.8871011393134454,0.11289886068655464
cppi_spy_cash,2020-01-02,10000.0,0.0,0.0,0.0,1.0
cppi_spy_cash,2020-01-03,9946.215206724823,-0.005378479327517782,0.6,0.5980782722962651,0.4019217277037349
cppi_spy_cash,2020-01-06,9959.563901521691,0.0013420878715597606,0.011056425410542192,0.5875799169393324,0.4124200830606676
cppi_spy_cash,2020-01-07,9934.135897809876,-0.0025531242093772555,0.002676018229363697,0.5892082292363332,0.4107917707636668
cppi_spy_cash,2020-01-08,9967.793888687573,0.0033881146003968965,0.00512041796440843,0.5854943336163891,0.41450566638361086
cppi_spy_cash,2020-01-09,10012.094165891373,0.004444341215168679,0.006751225630422075,0.5940524813772531,0.4059475186227469
cppi_spy_cash,2020-01-10,9984.488440249053,-0.002757237914957411,0.008846612224780559,0.6018046873862697,0.3981953126137303
cppi_spy_cash,2020-01-13,10000.543622939036,0.0016080125472690554,0.005533245301385437,0.5969218307676862,0.40307816923231377
cppi_spy_cash,2020-01-14,10004.66486554693,0.00041210185798723487,0.0032086316454463804,0.6002964640170078,0.39970353598299224
cppi_spy_cash,2020-01-15,10028.153757947219,0.002347794025682637,0.0008225816944771314,0.6020536698401477,0.39794633015985226
cppi_spy_cash,2020-01-16,10082.171720669972,0.0053866308820749165,0.004684262256254068,0.608846772295042,0.391153227704958
cppi_spy_cash,2020-01-17,10089.313795659938,0.0007083865647043996,0.010713708826661006,0.6198338616247151,0.3801661383752849
cppi_spy_cash,2020-01-21,10058.52300370307,-0.0030518222131333816,0.0014116971838591397,0.6200866655419878,0.37991333445801223
cppi_spy_cash,2020-01-22,10058.038421202325,-4.817630785025617e-05,0.006122865008285072,0.6139475656003144,0.3860524343996856
cppi_spy_cash,2020-01-23,10052.32500189022,-0.0005680450872072029,9.872101925234578e-05,0.6136294067849805,0.38637059321501954
cppi_spy_cash,2020-01-24,10015.566466941746,-0.0036567197082826297,0.0011367740345556987,0.611070868438231,0.388929131561769
cppi_spy_cash,2020-01-27,9922.852627452183,-0.009256974110808613,0.007340722890947005,0.6000305475883869,0.3999694524116131
cppi_spy_cash,2020-01-28,9961.68189938135,0.003913115853574567,0.018689868760055073,0.5829803497208592,0.4170196502791408
cppi_spy_cash,2020-01-29,9961.604318480715,-7.787931939562398e-06,0.007787931939442494,0.5907682816603017,0.4092317183396983
cppi_spy_cash,2020-01-30,9987.208976282973,0.0025703347556935707,1.8763078774464148e-05,0.5917987401458472,0.4082012598541528
cppi_spy_cash,2020-01-31,9860.711036823726,-0.012665995050233358,0.005127482486144808,0.5917574917975388,0.4082425082024612
cppi_spy_cash,2020-02-03,9891.291141782676,0.00310120688505644,0.025659054309073226,0.5674509949448242,0.4325490050551758
cppi_spy_cash,2020-02-04,9972.347667181522,0.00819473658564629,0.00617213918581716,0.5770913904431237,0.42290860955687626
cppi_spy_cash,2020-02-05,10071.198028540282,0.009912446362462024,0.01625364715692379,0.5973429635030646,0.4026570364969354
cppi_spy_cash,2020-02-06,10089.67104218442,0.0018342419235315433,0.019623763594589727,0.6176755192430475,0.38232448075695247
cppi_spy_cash,2020-02-07,10035.21240750364,-0.005397463847244377,0.0036542644875442454,0.6192762246786321,0.3807237753213679
cppi_spy_cash,2020-02-10,10072.006750424624,0.003666523579856751,0.010854900388022393,0.6098560468419211,0.3901439531580789
cppi_spy_cash,2020-02-11,10071.720811668534,-2.838945238770041e-05,0.0073020235705923975,0.6171499970313762,0.3828500029686238
cppi_spy_cash,2020-02-12,10130.702060508294,0.005856124285278819,5.957611690221576e-05,0.6193197545570044,0.3806802454429956
cppi_spy_cash,2020-02-13,10111.130596485904,-0.0019318961218576236,0.011644036831424565,0.630253777165669,0.369746222834331
cppi_spy_cash,2020-02-14,10105.07643460634,-0.000598762108924511,0.0038755765261812014,0.6261558049006963,0.37384419509930367
cppi_spy_cash,2020-02-18,10070.97325735911,-0.0033748559417561275,0.0011996905469663366,0.6236865606435595,0.37631343935644046
cppi_spy_cash,2020-02-19,10095.294092805512,0.002414943901139832,0.006773019786185608,0.6178390328065192,0.3821609671934808
cppi_spy_cash,2020-02-20,10067.032724742507,-0.002799459609913346,0.0048156635926890345,0.6215971901848936,0.37840280981510643
cppi_spy_cash,2020-02-21,10002.5889794875,-0.006401463769618809,0.005616459439217847,0.6135087780195418,0.38649122198045816
cppi_spy_cash,2020-02-24,9791.380352949145,-0.02111539592114442,0.012887583768459221,0.592011502625563,0.407988497374437
cppi_spy_cash,2020-02-25,9620.644688340619,-0.017437343709878594,0.04314700496270241,0.5408780963702939,0.45912190362970606
cppi_spy_cash,2020-02-26,9603.061070157562,-0.001827696454102079,0.03551341213929893,0.504476584028527,0.495523415971473
cppi_spy_cash,2020-02-27,9384.800253607431,-0.022728254559204908,0.003679684442239095,0.48918889159261736,0.5108111084073826
cppi_spy_cash,2020-02-28,9336.933111457847,-0.005100496638826613,0.046515563598728604,0.43984216922506586,0.5601578307749342
cppi_spy_cash,2020-03-02,9533.310102754698,0.021032279973802748,0.010279347418869544,0.44131902030903075,0.5586809796909693
cppi_spy_cash,2020-03-03,9399.763648193833,-0.014008403494844446,0.04119232765760272,0.47518078520606644,0.5248192147939336
cppi_spy_cash,2020-03-04,9587.188265343948,0.019939290408235832,0.028436473141539687,0.4575756022953818,0.5424243977046181
cppi_spy_cash,2020-03-05,9421.063964085894,-0.017327739547846943,0.039083549923844885,0.487803619080456,0.512196380919544
cppi_spy_cash,2020-03-06,9378.17635161851,-0.004552310931214998,0.03528658825363801,0.4500327276070019,0.549967272392998
cppi_spy_cash,2020-03-09,9056.563157538096,-0.03429378826139351,0.009165665628371067,0.42101665454839177,0.5789833454516082
cppi_spy_cash,2020-03-10,9211.923593445481,0.01715445839717611,0.07102853902622003,0.36099605156572284,0.6390039484342771
cppi_spy_cash,2020-03-11,8999.254316522347,-0.0230863049140414,0.03368490116421369,0.38039699903631385,0.6196030009636861
cppi_spy_cash,2020-03-12,8697.211000923051,-0.0335631492316818,0.04728462726310567,0.3099848229465655,0.6900151770534345
cppi_spy_cash,2020-03-13,8893.814461250526,0.022605345587983106,0.06949013993299205,0.2573356455329352,0.7426643544670648
cppi_spy_cash,2020-03-16,8551.252774606246,-0.03851684652707643,0.0441596684782084,0.2735454201869564,0.7264545798130436
cppi_spy_cash,2020-03-17,8640.235031701593,0.010405756845311531,0.08015173069975867,0.20176458402295191,0.7982354159770481
cppi_spy_cash,2020-03-18,8513.374827083073,-0.01468249464893745,0.020533199319467177,0.21072522946208078,0.7892747705379193
cppi_spy_cash,2020-03-19,8527.95094020252,0.001712142765413871,0.029818771972423913,0.18233084817602266,0.8176691518239774
cppi_spy_cash,2020-03-20,8453.886873771151,-0.008684860753855328,0.0033940500689883524,0.17859386402214625,0.8214061359778537
cppi_spy_cash,2020-03-23,8412.797453764028,-0.004860417535820893,0.017524684644064897,0.1569864836985855,0.8430135163014145
cppi_spy_cash,2020-03-24,8549.17446066756,0.01621066091904022,0.009783086957112191,0.16081547549997555,0.8391845245000245
cppi_spy_cash,2020-03-25,8592.113589284048,0.005022605260196711,0.03189592483259343,0.19677144949198402,0.803228550508016
cppi_spy_cash,2020-03-26,8701.006430681375,0.012673580285662789,0.009969388998276402,0.21667626306907747,0.7833237369309225
cppi_spy_cash,2020-03-27,8619.312410762137,-0.00938903109313527,0.025022132260051927,0.23453035131986527,0.7654696486801347
cppi_spy_cash,2020-03-30,8677.114367193351,0.0067060983146454145,0.01897519520711352,0.22079546333687444,0.7792045366631255
cppi_spy_cash,2020-03-31,8641.76261167633,-0.004074137325039806,0.01330806643336882,0.2309806318599322,0.7690193681400678
cppi_spy_cash,2020-04-01,8555.18945888074,-0.010017997101495868,0.00819184194019601,0.21493033104304027,0.7850696689569597
cppi_spy_cash,2020-04-02,8591.448350402623,0.004238233612026354,0.020245177120087193,0.19810009678792337,0.8018999032120766
cppi_spy_cash,2020-04-03,8563.512118843479,-0.0032516323697430183,0.008424458658506967,0.2039427545400035,0.7960572454599966
cppi_spy_cash,2020-04-06,8691.329195174241,0.014925777479722235,0.006531186357538327,0.20921981905326717,0.7907801809467329
cppi_spy_cash,2020-04-07,8691.714536702313,4.433631719824582e-05,0.029407385019762422,0.23868334803255284,0.7613166519674471
cppi_spy_cash,2020-04-08,8762.503235749966,0.008144388399864644,6.627971284489664e-05,0.24489950987337314,0.7551004901266268
cppi_spy_cash,2020-04-09,8789.792174669738,0.0031142857452464145,0.01615713635040586,0.26336268452330686,0.7366373154766932
cppi_spy_cash,2020-04-13,8757.96510582229,-0.0036209125557219446,0.006197332019204638,0.26691008885788153,0.7330899111421185
cppi_spy_cash,2020-04-14,8813.494480489166,0.006340442556680204,0.007272685649322819,0.26430740427555743,0.7356925957244426
cppi_spy_cash,2020-04-15,8766.545766838155,-0.00532691246984307,0.012595638764874073,0.2730396970053904,0.7269603029946097
cppi_spy_cash,2020-04-16,8768.99512184143,0.0002793979599742258,0.01072003750923295,0.26253361406085834,0.7374663859391417
cppi_spy_cash,2020-04-17,8838.491903061009,0.007925284511389297,0.000550734085048521,0.26887909517344893,0.731120904826551
cppi_spy_cash,2020-04-20,8778.2763595298,-0.006812875340232449,0.015725533848369777,0.279708623640156,0.720291376359844
cppi_spy_cash,2020-04-21,8714.813229987589,-0.007229566140659838,0.01373054514702643,0.2606429261472786,0.7393570738527214
cppi_spy_cash,2020-04-22,8757.06769764167,0.004848579830567745,0.01457457868301279,0.24971714203281747,0.7502828579671825
cppi_spy_cash,2020-04-23,8759.885534663317,0.0003217786043159254,0.009639433860350544,0.25960195952457127,0.7403980404754287
cppi_spy_cash,2020-04-24,8786.645756827733,0.003054859799083376,0.0006362131055656639,0.26249162795355857,0.7375083720464415
cppi_spy_cash,2020-04-27,8821.222622755642,0.003935161025587108,0.006090642891876441,0.27145367276191,0.72854632723809
cppi_spy_cash,2020-04-28,8818.805313987552,-0.00027403330257802505,0.00783503512213457,0.2790968031984725,0.7209031968015275
cppi_spy_cash,2020-04-29,8873.412333228292,0.006192110756105151,0.0005538651809474104,0.28298318513908,0.71701681486092
cppi_spy_cash,2020-04-30,8838.96248463199,-0.003882367605898218,0.012307611826690268,0.2925529005513057,0.7074470994486943
cppi_spy_cash,2020-05-01,8777.425697439554,-0.006961992122879512,0.007803705351982604,0.27974033468953724,0.7202596653104627
cppi_spy_cash,2020-05-04,8778.67863989943,0.00014274600584096575,0.014027223270205502,0.26582821151586966,0.7341717884841303
cppi_spy_cash,2020-05-05,8792.25444071996,0.0015464515079555152,0.00027515272859846007,0.267236749012594,0.732763250987406
cppi_spy_cash,2020-05-06,8772.918612706311,-0.002199188859241641,0.0030879257548093175,0.26871870226768824,0.7312812977323118
cppi_spy_cash,2020-05-07,8792.948466236196,0.0022831459419758726,0.004410330050425293,0.26598747457893107,0.734012525421069
cppi_spy_cash,2020-05-08,8839.805970968542,0.005328986620616982,0.00455265287013229,0.2744101072571273,0.7255898927428728
cppi_spy_cash,2020-05-11,8828.750342023235,-0.0012506642093293996,0.010598174732300125,0.28412053477123145,0.7158794652287686
cppi_spy_cash,2020-05-12,8782.808118817404,-0.005203706235428873,0.002512047754036517,0.27785244793138236,0.7221475520686176
cppi_spy_cash,2020-05-13,8730.832104421508,-0.005917926669095186,0.010463666953616446,0.26303514279492834,0.7369648572050717
cppi_spy_cash,2020-05-14,8767.7368966994,0.004226950173420674,0.011914025467040401,0.2542821516782543,0.7457178483217457
cppi_spy_cash,2020-05-15,8769.219739652504,0.00016912493732146316,0.008409431934985723,0.26282245906358814,0.7371775409364119
cppi_spy_cash,2020-05-18,8857.077423366009,0.01001887127040857,0.0003319933813403231,0.2704638260863211,0.729536173913679
cppi_spy_cash,2020-05-19,8818.114003119357,-0.004399128333671509,0.019838736169126014,0.28718085887516887,0.7128191411248311
cppi_spy_cash,2020-05-20,8853.60134946194,0.004024369193914801,0.008851274058068237,0.2812285741035688,0.7187714258964313
cppi_spy_cash,2020-05-21,8846.131519850613,-0.0008437052128827949,0.008010115025058884,0.288644207818405,0.711355792181595
cppi_spy_cash,2020-05-22,8844.666145814113,-0.00016565139611712798,0.0016945333922774863,0.28683274556235194,0.7131672544376481
cppi_spy_cash,2020-05-26,8900.231460009854,0.006282352920922607,0.0003325661698717064,0.29095488830689387,0.7090451116931061
cppi_spy_cash,2020-05-27,8959.691393924237,0.006680717707347794,0.012486026928199667,0.30807218688387455,0.6919278131161255
cppi_spy_cash,2020-05-28,8943.588558929181,-0.0017972533078511876,0.013264124289194823,0.32012340258896105,0.679876597411039
cppi_spy_cash,2020-05-29,8942.888367724987,-7.828973790335869e-05,0.0036099965735045814,0.3164623594169906,0.6835376405830094
cppi_spy_cash,2020-06-01,8953.78836691994,0.0012188454945150085,0.00015905931278109575,0.31713571490978415,0.6828642850902158
cppi_spy_cash,2020-06-02,8982.686178904358,0.0032274396937035377,0.0024346148213971186,0.32176096190869663,0.6782390380913034
cppi_spy_cash,2020-06-03,9043.452876497928,0.006764869258850448,0.006432462418708318,0.33271186270473996,0.66728813729526
cppi_spy_cash,2020-06-04,9045.234207319289,0.0001969746341012879,0.013434534279197552,0.34628394668298923,0.6537160533170108
cppi_spy_cash,2020-06-05,9142.994666014032,0.010807952171723478,0.0003850891967556169,0.3536549538160278,0.6463450461839721
cppi_spy_cash,2020-06-08,9202.654058556072,0.006525147910651619,0.021384529777698502,0.37910428446147804,0.620895715538522
cppi_spy_cash,2020-06-09,9164.664104714659,-0.0041281519004936484,0.012952414911432952,0.3895445207599919,0.6104554792400081
cppi_spy_cash,2020-06-10,9127.268498509982,-0.004080412089018992,0.00829843533646496,0.3787161258822135,0.6212838741177865
cppi_spy_cash,2020-06-11,8896.748709265452,-0.025256163909516016,0.008199415862997661,0.3542117371983286,0.6457882628016713
cppi_spy_cash,2020-06-12,8946.560921949913,0.005598923192310146,0.05182642592224196,0.30630540888663876,0.6936945911133612
cppi_spy_cash,2020-06-15,8964.269065410557,0.001979324079401046,0.01109954600309182,0.31876092429121444,0.6812390757087856
cppi_spy_cash,2020-06-16,9025.48239553662,0.006828591341848433,0.003943266661043998,0.3273004520192484,0.6726995479807516
cppi_spy_cash,2020-06-17,9002.037990098308,-0.0025975792108248186,0.013561903230733141,0.3391546963887034,0.6608453036112967
cppi_spy_cash,2020-06-18,8997.742904893017,-0.0004771236480023422,0.005217650843964972,0.33362257640138115,0.6663774235986188
cppi_spy_cash,2020-06-19,8967.395323024819,-0.003372799399691151,0.0009581797501588829,0.3304066319689516,0.6695933680310484
cppi_spy_cash,2020-06-22,8984.38002281655,0.0018940505219080528,0.006769068938496103,0.32492077553185184,0.6750792244681482
cppi_spy_cash,2020-06-23,8997.73219770661,0.0014861542873465527,0.003776370064161816,0.3296958560613577,0.6703041439386423
cppi_spy_cash,2020-06-24,8919.070009433386,-0.00874244604582397,0.002965366494560362,0.3267775908713222,0.6732224091286778
cppi_spy_cash,2020-06-25,8949.339626449288,0.003393808657616404,0.01764109733736019,0.31148536804315724,0.6885146319568427
cppi_spy_cash,2020-06-26,8871.176063647488,-0.00873400340856334,0.006752512987829418,0.3122355475667084,0.6877644524332915
cppi_spy_cash,2020-06-29,8928.74216784611,0.006489117540403377,0.01762656086738662,0.299169193794357,0.700830806205643
cppi_spy_cash,2020-06-30,8949.966326553673,0.002377060319200819,0.012882207305788707,0.31369165971903107,0.6863083402809689
cppi_spy_cash,2020-07-01,8943.735067824577,-0.0006962326451004364,0.004734005325724211,0.31795402895078323,0.6820459710492168
cppi_spy_cash,2020-07-02,8955.936164495106,0.0013642059584728639,0.001396664269991521,0.31748940424215477,0.6825105957578452
cppi_spy_cash,2020-07-06,9006.737898593972,0.005672409133538059,0.002723741632472132,0.32404926655261146,0.6759507334473885
cppi_spy_cash,2020-07-07,8961.161461780948,-0.005060260143701867,0.011278987670640395,0.33195527093095933,0.6680447290690407
cppi_spy_cash,2020-07-08,8979.770763221044,0.002076661771966082,0.010179528172522434,0.3231881560445271,0.6768118439554729
cppi_spy_cash,2020-07-09,8940.500725666694,-0.004373167042881598,0.004137826674524003,0.3243741413893484,0.6756258586106516
cppi_spy_cash,2020-07-10,8979.688750680072,0.00438320248673274,0.008787546904766852,0.31857941321001365,0.6814205867899863
cppi_spy_cash,2020-07-13,8982.089504029,0.0002673537374828783,0.00872215966662171,0.3274872390598665,0.6725127609401336
cppi_spy_cash,2020-07-14,9044.725519446776,0.006973434788161592,0.0005286987422922218,0.33266987617992233,0.6673301238200777
cppi_spy_cash,2020-07-15,9071.875136999803,0.003001707182230362,0.013849932696713585,0.3484845182342522,0.6515154817657478
cppi_spy_cash,2020-07-16,9054.601475552869,-0.0019040894176864942,0.005976424232253197,0.35323329885040083,0.6467667011495992
cppi_spy_cash,2020-07-17,9045.931894320789,-0.0009574779470401529,0.0038193091567875204,0.3487929581011444,0.6512070418988556
cppi_spy_cash,2020-07-20,9046.855811831703,0.00010213624441446356,0.0019192783498812038,0.34694163421133434,0.6530583657886657
cppi_spy_cash,2020-07-21,9064.744788987842,0.0019773695445375328,0.00020299822414643343,0.3484331534026531,0.651566846597347
cppi_spy_cash,2020-07-22,9084.231150371317,0.0021496867079091597,0.003946802273980032,0.35377170009148473,0.6462282999085153
cppi_spy_cash,2020-07-23,9044.554661261938,-0.004367622141336347,0.004287600389987267,0.35524601106889536,0.6447539889311047
cppi_spy_cash,2020-07-24,9020.975066151654,-0.0026070487706019163,0.008776328353904572,0.3447671944314289,0.6552328055685711
cppi_spy_cash,2020-07-27,9035.508290418153,0.0016110480474589295,0.005233477067813075,0.3405994997871213,0.6594005002128787
cppi_spy_cash,2020-07-28,9011.883765543997,-0.0026146315309354407,0.00321346251725968,0.3420948914957723,0.6579051085042277
cppi_spy_cash,2020-07-29,9029.894201771216,0.0019985206973129888,0.005245085660671833,0.3381759531702436,0.6618240468297564
cppi_spy_cash,2020-07-30,9004.023666791616,-0.0028649876068896907,0.003985597815326758,0.3402740662408919,0.6597259337591082
cppi_spy_cash,2020-07-31,9016.213316196776,0.0013538002404545058,0.005749068102128385,0.33542852102790105,0.6645714789720989
cppi_spy_cash,2020-08-03,9043.521076949784,0.0030287394270001045,0.002700119197783679,0.3401290046575773,0.6598709953424227
cppi_spy_cash,2020-08-04,9063.302363628118,0.0021873434594796848,0.006037405992867673,0.3475973866984282,0.6524026133015718
cppi_spy_cash,2020-08-05,9105.92780704112,0.004703080809050686,0.004361200017794498,0.3549949239493597,0.6450050760506403
cppi_spy_cash,2020-08-06,9129.017983427511,0.002535730227131383,0.009359317752172136,0.36596792520917976,0.6340320747908202
cppi_spy_cash,2020-08-07,9137.875364773205,0.0009702447034032335,0.005052698962146107,0.37163347151082776,0.6283665284891722
cppi_spy_cash,2020-08-10,9181.612713185805,0.004786380495099385,0.0019354335192462435,0.3765541664233949,0.6234458335766051
cppi_spy_cash,2020-08-11,9169.417651785494,-0.00132820472625661,0.009525953735304127,0.3852694803494975,0.6147305196505025
cppi_spy_cash,2020-08-12,9205.46419030147,0.0039311698828505826,0.002665798350854398,0.3850229072782801,0.61497709272172
cppi_spy_cash,2020-08-13,9197.385655697004,-0.0008775803628651158,0.007829913192686166,0.39232429011068826,0.6076757098893117
cppi_spy_cash,2020-08-14,9202.254305962888,0.0005293515405508931,0.0017614604585496352,0.3908863384067511,0.6091136615932489
cppi_spy_cash,2020-08-17,9191.287976256976,-0.0011917003531195514,0.0010570700199807326,0.39121856613541606,0.6087814338645839
cppi_spy_cash,2020-08-18,9181.657177917643,-0.0010478181473816406,0.0023868879198093995,0.3881920735578529,0.6118079264421471
cppi_spy_cash,2020-08-19,9171.825927828328,-0.0010707489834144157,0.0020992947641981785,0.38543602381312475,0.6145639761868753
cppi_spy_cash,2020-08-20,9177.38176995049,0.0006057509339885137,0.0021450835851122285,0.38366560825394297,0.6163343917460571
cppi_spy_cash,2020-08-21,9195.421153685378,0.001965635100193097,0.0012094463522387966,0.3860825362821085,0.6139174637178915
cppi_spy_cash,2020-08-24,9245.33478563934,0.0054280963448809505,0.003922815416091574,0.39330096540672876,0.6066990345932712
cppi_spy_cash,2020-08-25,9237.84699115791,-0.0008098997662107088,0.010795202394691006,0.4036195923511688,0.5963804076488313
cppi_spy_cash,2020-08-26,9248.475060894747,0.0011504920732081647,0.00162755058773828,0.40268022671596804,0.597319773284032
cppi_spy_cash,2020-08-27,9269.729544202048,0.0022981608500163286,0.0022973677548212557,0.4063432800881278,0.5936567199118722
cppi_spy_cash,2020-08-28,9291.870734033337,0.0023885475542420043,0.00458441898251899,0.41233406765031055,0.5876659323496894
cppi_spy_cash,2020-08-31,9259.112878856831,-0.0035254316503267047,0.004763017859586216,0.41503761698756625,0.5849623830124338
cppi_spy_cash,2020-09-01,9292.398574837518,0.003594911998177963,0.00707859477972167,0.41008390945782763,0.5899160905421723
cppi_spy_cash,2020-09-02,9352.08662096837,0.0064233196251910485,0.007159893989373167,0.4209672881017533,0.5790327118982467
cppi_spy_cash,2020-09-03,9242.34763150202,-0.01173417162543211,0.012760501994902251,0.4270114702670291,0.5729885297329709
cppi_spy_cash,2020-09-04,9221.476763436604,-0.002258178213755846,0.02375430627520475,0.40192076971599133,0.5980792302840087
cppi_spy_cash,2020-09-08,9138.853572139884,-0.008959865476679707,0.00454078554259163,0.3919345357812402,0.6080654642187597
cppi_spy_cash,2020-09-09,9193.640970980487,0.005994996900664296,0.018084502026989357,0.3775926872753197,0.6224073127246803
cppi_spy_cash,2020-09-10,9141.580937393406,-0.005662613294494134,0.011907286048041477,0.38603057127228446,0.6139694287277155
cppi_spy_cash,2020-09-11,9157.619732367697,0.0017544881004865065,0.011397032977896626,0.3757359294998289,0.6242640705001711
cppi_spy_cash,2020-09-14,9200.70224053079,0.004704553084992069,0.0034957156872097994,0.3821405677149627,0.6178594322850373
cppi_spy_cash,2020-09-15,9201.257950731795,6.039867245744013e-05,0.009362887936979591,0.3915459027566218,0.6084540972433782
cppi_spy_cash,2020-09-16,9207.036855077156,0.0006280559002154185,0.00011509310848917265,0.3920428969264012,0.6079571030735988
cppi_spy_cash,2020-09-17,9188.213128856607,-0.002044493414856796,0.001255253415490043,0.392055974349416,0.6079440256505839
cppi_spy_cash,2020-09-18,9149.286571581008,-0.004236575352540073,0.004098126987922668,0.3853563715410318,0.6146436284589682
cppi_spy_cash,2020-09-21,9085.868131749088,-0.0069315174834403415,0.008511719472468537,0.3725004319653894,0.6274995680346106
cppi_spy_cash,2020-09-22,9102.182595257475,0.0017955866486085714,0.01396513869340188,0.35969397636265094,0.640306023637349
cppi_spy_cash,2020-09-23,9038.760804059073,-0.0069677564182734075,0.003575794504749541,0.35880435259628873,0.6411956474037113
cppi_spy_cash,2020-09-24,9044.69009139139,0.0006559845382405616,0.014035586198822225,0.3452074967098401,0.6547925032901599
cppi_spy_cash,2020-09-25,9086.762080096958,0.004651567746429608,0.0013019184836263742,0.34953594360985385,0.6504640563901462
cppi_spy_cash,2020-09-28,9137.075496662115,0.005537001642792028,0.009259214836298157,0.36233186501052683,0.6376681349894732
cppi_spy_cash,2020-09-29,9118.676652224958,-0.0020136469753235797,0.011007119791832332,0.37208147629922267,0.6279185237007774
cppi_spy_cash,2020-09-30,9156.306451788043,0.004126673309981177,0.004042331512133124,0.37063886717155164,0.6293611328284483
cppi_spy_cash,2020-10-01,9164.231723443414,0.0008655533426169537,0.008216883630314364,0.3793980187911495,0.6206019812088506
cppi_spy_cash,2020-10-02,9147.388792975322,-0.0018378987978888706,0.001724510159687609,0.3799840696783134,0.6200159303216866
cppi_spy_cash,2020-10-05,9205.926702361481,0.0063994119754824386,0.0036836350046112187,0.3802686483883389,0.6197313516116612
cppi_spy_cash,2020-10-06,9157.103588445216,-0.005303443693913112,0.012715156941809969,0.3897551242985485,0.6102448757014515
cppi_spy_cash,2020-10-07,9222.0017866554,0.00708719712334327,0.010671199801300268,0.38346009029126377,0.6165399097087363
cppi_spy_cash,2020-10-08,9239.62384843352,0.0019108716508404733,0.014068065176137734,0.3986856655954348,0.6013143344045653
cppi_spy_cash,2020-10-09,9261.041659795725,0.0023180393177839598,0.0038059949207081,0.40387577402394415,0.5961242259760559
cppi_spy_cash,2020-10-12,9294.472973733828,0.0036098870047454046,0.0046230880220581305,0.4106291587486375,0.5893708412513625
cppi_spy_cash,2020-10-13,9271.250629774411,-0.0024985111070894295,0.007191080459763133,0.4163662102036236,0.5836337897963764
cppi_spy_cash,2020-10-14,9249.790830625687,-0.0023146606650678025,0.005013735589739665,0.40998975242488284,0.5900102475751172
cppi_spy_cash,2020-10-15,9248.564464799205,-0.00013258308743824276,0.004643019668176762,0.4052706426891392,0.5947293573108607
cppi_spy_cash,2020-10-16,9260.782960373532,0.0013211234695753582,0.0002679626890125797,0.40578786703197905,0.594212132968021
cppi_spy_cash,2020-10-19,9208.646679416559,-0.005629791906371362,0.002638601583589806,0.4050787466855879,0.5949212533144121
cppi_spy_cash,2020-10-20,9220.37048075472,0.001273129673263096,0.011324901578848634,0.3945315506338885,0.6054684493661115
cppi_spy_cash,2020-10-21,9207.666692837141,-0.0013777958211218522,0.00253616480182417,0.3962373829606443,0.6037626170393557
cppi_spy_cash,2020-10-22,9229.227244014617,0.0023415868424352393,0.002760924768490103,0.39489503857399083,0.6051049614260091
cppi_spy_cash,2020-10-23,9225.153935548999,-0.00044134881046087315,0.004670562591090943,0.3993032887525666,0.6006967112474334
cppi_spy_cash,2020-10-26,9142.90395443861,-0.008915838335600945,0.0008858929751740519,0.3930060689553101,0.6069939310446899
cppi_spy_cash,2020-10-27,9113.7754465063,-0.003185914243162169,0.017992628980225023,0.37302720356413704,0.6269727964358629
cppi_spy_cash,2020-10-28,9002.04026988841,-0.012260031780871206,0.006403474558417943,0.358766238519842,0.641233761480158
cppi_spy_cash,2020-10-29,9014.385193636368,0.0013713473143694976,0.024828517787729154,0.3348663872647828,0.6651336127352172
cppi_spy_cash,2020-10-30,8996.895587531357,-0.0019401884575952488,0.0027224239008855067,0.33630291711015864,0.6636970828898414
cppi_spy_cash,2020-11-02,9043.572426966215,0.0051881050503184145,0.0038897270828328057,0.3358614075434558,0.6641385924565442
cppi_spy_cash,2020-11-03,9106.86013304422,0.006998086938441839,0.010320071753756543,0.350731861629934,0.649268138370066
cppi_spy_cash,2020-11-04,9153.401433169714,0.005110575922498306,0.013892207546657542,0.3678634776417884,0.6321365223582116
cppi_spy_cash,2020-11-05,9220.39719471394,0.007319220295686879,0.010160399577252732,0.382549453317835,0.6174505466821649
cppi_spy_cash,2020-11-06,9211.365390572159,-0.0009795461031720798,0.014525803509580548,0.3964928517184302,0.6035071482815698
cppi_spy_cash,2020-11-09,9320.413542661061,0.011838435179274631,0.0019697796626873543,0.40160828622719613,0.5983917137728039
cppi_spy_cash,2020-11-10,9358.079855240263,0.00404127053019665,0.023398674016781806,0.4273347096801134,0.5726652903198866
cppi_spy_cash,2020-11-11,9352.470770918628,-0.000599384105329559,0.008036608875084505,0.43503722654856075,0.5649627734514393
cppi_spy_cash,2020-11-12,9310.24517741444,-0.004514913175188817,0.0012040275855286775,0.4312660964491603,0.5687339035508396
cppi_spy_cash,2020-11-13,9365.532285402069,0.005938308490709643,0.009071464907252025,0.42561077350370663,0.5743892264962933
cppi_spy_cash,2020-11-16,9432.460214083843,0.007146195928030119,0.01180129570580507,0.4414104984971237,0.5585895015028763
cppi_spy_cash,2020-11-17,9408.4028877814,-0.002550482669041454,0.014184388172528262,0.4542105822722416,0.5457894177277585
cppi_spy_cash,2020-11-18,9358.07357502855,-0.005349400249240244,0.00512175032697737,0.4461287747040743,0.5538712252959257
cppi_spy_cash,2020-11-19,9365.85111707957,0.0008311050333880132,0.010759177273524212,0.43584454482755236,0.5641554551724477
cppi_spy_cash,2020-11-20,9326.987276648759,-0.004149525755319683,0.0016547598289577414,0.4351564024041128,0.5648435975958872
cppi_spy_cash,2020-11-23,9372.634708591575,0.004894123964026331,0.008334566813847144,0.42961813234908947,0.5703818676509105
cppi_spy_cash,2020-11-24,9435.725760190988,0.006731410490326661,0.00973582241455695,0.44310808121804723,0.5568919187819528
cppi_spy_cash,2020-11-25,9411.37088047298,-0.002581134757091097,0.013367381299610959,0.45507620627344286,0.5449237937265572
cppi_spy_cash,2020-11-27,9418.408683859414,0.0007477979006265123,0.005182912810317963,0.45030720373725586,0.5496927962627441
cppi_spy_cash,2020-11-30,9381.138067742604,-0.003957209478569479,0.001491629208965728,0.449621688387583,0.550378311612417
cppi_spy_cash,2020-12-01,9406.486566462352,0.0027020707441574032,0.007946683360730455,0.4431839980874466,0.5568160019125534
cppi_spy_cash,2020-12-02,9416.89812168911,0.0011068484660232691,0.005385153590397818,0.44918179350457416,0.5508182064954259
cppi_spy_cash,2020-12-03,9429.380246585803,0.0013255028073355657,0.0022082831574086748,0.4521175079293663,0.5478824920706338
cppi_spy_cash,2020-12-04,9465.511269935121,0.003831749532255957,0.0026462864684745346,0.4568464655506037,0.5431535344493963
cppi_spy_cash,2020-12-07,9443.790115316804,-0.0022947682379618195,0.007632809200235846,0.4632516492111895,0.5367483507888104
cppi_spy_cash,2020-12-08,9459.570320081675,0.0016709609777623147,0.004604189551386306,0.4595530179670396,0.5404469820329604
cppi_spy_cash,2020-12-09,9440.412671247706,-0.0020252134278551104,0.003333858717991356,0.4617986948341886,0.5382013051658114
cppi_spy_cash,2020-12-10,9435.491332130145,-0.0005213055073906014,0.00406044077415757,0.457457625553943,0.542542374446057
cppi_spy_cash,2020-12-11,9441.069592426928,0.0005911997690875026,0.0010453577872563957,0.4567340147353971,0.5432659852646029
cppi_spy_cash,2020-12-14,9414.768590273925,-0.002785807465512158,0.001181133008944013,0.4564014270559042,0.5435985729440957
cppi_spy_cash,2020-12-15,9464.665249685588,0.005299828554810038,0.005587821801026072,0.45371190724372973,0.5462880927562703
cppi_spy_cash,2020-12-16,9457.741211811115,-0.000731567117463805,0.010540724322160022,0.46386606077071024,0.5361339392292898
cppi_spy_cash,2020-12-17,9477.121965792778,0.0020491947863259252,0.0014698566990730688,0.4634963946630796,0.5365036053369203
cppi_spy_cash,2020-12-18,9453.867201466877,-0.0024537791546671572,0.004089219764289609,0.4662781560517268,0.5337218439482732
cppi_spy_cash,2020-12-21,9457.288275695384,0.0003618703495196218,0.004921812509702139,0.46155384234437963,0.5384461576556203
cppi_spy_cash,2020-12-22,9427.32916745217,-0.0031678328258436528,0.0007208287494011034,0.4605662226744765,0.5394337773255236
cppi_spy_cash,2020-12-23,9444.535667503702,0.0018251722991637909,0.006356188602465895,0.455207842770149,0.5447921572298511
cppi_spy_cash,2020-12-24,9455.145256940432,0.0011233574428899384,0.003640231404844041,0.45945726679577337,0.5405427332042266
cppi_spy_cash,2020-12-28,9483.74332568586,0.0030246038498917827,0.0022422261461147452,0.4633239324334659,0.5366760675665341
cppi_spy_cash,2020-12-29,9475.77927343016,-0.0008397583087398353,0.006029763063735871,0.46891090869158136,0.5310890913084186
cppi_spy_cash,2020-12-30,9485.538477692427,0.0010299104675888238,0.0016841305515901683,0.46777581865512213,0.5322241813448778
cppi_spy_cash,2020-12-31,9509.844034713125,0.002562380309547807,0.0020568053501578976,0.471188730041983,0.528811269958017
cppi_spy_cash,2021-01-04,9458.396103794441,-0.005409965792381843,0.005110574931425527,0.47345338219463073,0.5265466178053693
cppi_spy_cash,2021-01-05,9480.290290314848,0.0023147884990377676,0.010881476411564506,0.46381889963871425,0.5361811003612857
cppi_spy_cash,2021-01-06,9544.117327174416,0.006732603633959888,0.00461305075012336,0.4719892893683956,0.5280107106316043
cppi_spy_cash,2021-01-07,9578.407736175703,0.0035928318801838888,0.013372721881593663,0.4872112571039589,0.5127887428960411
cppi_spy_cash,2021-01-08,9586.574463243789,0.0008526184406665305,0.007153081829236685,0.49479869973131274,0.5052013002686873
cppi_spy_cash,2021-01-11,9573.244992641385,-0.0013904310297188083,0.0017001704314116295,0.49579866902464387,0.5042013309753561
cppi_spy_cash,2021-01-12,9581.891413996202,0.0009031860525310353,0.002785591269708343,0.493471979057012,0.506528020942988
cppi_spy_cash,2021-01-13,9580.194422614906,-0.00017710400879900057,0.0018033311032170651,0.49518681590736335,0.5048131840926366
cppi_spy_cash,2021-01-14,9571.339272522171,-0.0009243184117256886,0.00035518110732757346,0.4943644459740859,0.5056355540259141
cppi_spy_cash,2021-01-15,9541.977895341055,-0.0030676351913893063,0.0018505267256347935,0.4909532887595441,0.509046711240456
cppi_spy_cash,2021-01-19,9559.935335258855,0.0018819410519246293,0.006155091073316632,0.4857691210015962,0.5142308789984038
cppi_spy_cash,2021-01-20,9596.965905169121,0.003873516777220365,0.0037536468477377682,0.49149438901604425,0.5085056109839557
cppi_spy_cash,2021-01-21,9598.42862128282,0.0001524144326603416,0.0077152323213504626,0.49928980051249267,0.5007101994875074
cppi_spy_cash,2021-01-22,9569.211601163513,-0.0030439378435884734,0.00030091928676267976,0.49806300536900483,0.5019369946309952
cppi_spy_cash,2021-01-25,9564.293119830083,-0.000513990236440387,0.006106614424724488,0.4916982312243956,0.5083017687756044
cppi_spy_cash,2021-01-26,9560.343159485205,-0.00041299030627661715,0.0010316131383930616,0.49045670708040706,0.5095432929195929
cppi_spy_cash,2021-01-27,9467.589178470813,-0.009701951014422172,0.0008268475275756137,0.4846301888894133,0.5153698111105867
cppi_spy_cash,2021-01-28,9508.198770376908,0.004289327635639495,0.019594428209780024,0.4673310347114749,0.532668965288525
cppi_spy_cash,2021-01-29,9415.577464311822,-0.009741204228255196,0.00853157821866768,0.4707111741004366,0.5292888258995634
cppi_spy_cash,2021-02-01,9446.695530266177,0.003304955651663777,0.019678573175852032,0.4528517046706653,0.5471482953293347
cppi_spy_cash,2021-02-02,9515.610148515003,0.007295103142472392,0.006577370490418233,0.4633475655572511,0.5366524344427489
cppi_spy_cash,2021-02-03,9521.992747488803,0.0006707503643152979,0.01448101028605231,0.47818614424691896,0.521813855753081
cppi_spy_cash,2021-02-04,9572.653689853867,0.005320413878536545,0.0013330450184346754,0.48227439757014723,0.5177256024298528
cppi_spy_cash,2021-02-05,9585.764334127012,0.0013695935001849513,0.01058382361069482,0.4935572094341491,0.5064427905658508
cppi_spy_cash,2021-02-08,9621.623240819088,0.0037408500190654337,0.0027300804008653645,0.4981659509232686,0.5018340490767315
cppi_spy_cash,2021-02-09,9622.016473136082,4.086964404570459e-05,0.007452446377758826,0.5056422858772192,0.49435771412278084
cppi_spy_cash,2021-02-10,9631.006047624966,0.0009342713675435377,7.805174575992169e-05,0.506181736466759,0.493818263533241
cppi_spy_cash,2021-02-11,9633.788405203677,0.000288895839640535,0.0018667600951893792,0.5081914963479888,0.49180850365201123
cppi_spy_cash,2021-02-12,9639.390349910002,0.0005814892823781115,0.0005767067156746686,0.5090539662172103,0.49094603378278967
cppi_spy_cash,2021-02-16,9647.808875589451,0.0008733462774985767,0.0011620195661564692,0.5106439322221396,0.48935606777786045
cppi_spy_cash,2021-02-17,9663.77018943333,0.001654397806766461,0.0017445997766689647,0.5131947522199164,0.4868052477800836
cppi_spy_cash,2021-02-18,9647.342228272164,-0.0016999536246348201,0.00330248130884081,0.5156755011002022,0.4843244988997978
cppi_spy_cash,2021-02-19,9637.286515303034,-0.001042329869843428,0.0034072962537357032,0.5117609605587518,0.48823903944124825
cppi_spy_cash,2021-02-22,9641.789213661621,0.0004672164048913352,0.0020884984907653115,0.5099024677233857,0.49009753227661434
cppi_spy_cash,2021-02-23,9644.593198711937,0.0002908158421823792,0.0009329728612335053,0.5109781122740025,0.48902188772599753
cppi_spy_cash,2021-02-24,9709.351082941283,0.006714423604511799,0.0005810063412575728,0.5148171257459059,0.4851828742540941
cppi_spy_cash,2021-02-25,9620.152457760685,-0.009186878136203558,0.013338999727145917,0.5237875133162634,0.4762124866837366
cppi_spy_cash,2021-02-26,9549.850243888568,-0.007307806625809099,0.018550471115225342,0.5016040389807829,0.4983959610192171
cppi_spy_cash,2021-03-01,9641.962729377157,0.009645437691291114,0.014732453257102374,0.491781138724035,0.508218861275965
cppi_spy_cash,2021-03-02,9619.927181540439,-0.0022853799019135757,0.01909909659602721,0.5097692134788803,0.49023078652111973
cppi_spy_cash,2021-03-03,9601.321734652121,-0.0019340527778650696,0.0045905927979781325,0.5042220314470783,0.49577796855292167
cppi_spy_cash,2021-03-04,9548.945845963255,-0.0054550706805123195,0.0038778770981642285,0.4976054944154099,0.5023945055845901
cppi_spy_cash,2021-03-05,9633.797565175943,0.00888597763370469,0.010971931627515252,0.49116072978363684,0.5088392702163631
cppi_spy_cash,2021-03-08,9680.427117824544,0.004840204740979459,0.01760984198395804,0.5111453786958897,0.4888546213041103
cppi_spy_cash,2021-03-09,9686.03628289736,0.0005794336349569384,0.009625171210026484,0.5210526807575638,0.47894731924243616
cppi_spy_cash,2021-03-10,9760.957639576276,0.007734986168821845,0.0011535861777752787,0.5258741748116981,0.47412582518830193
cppi_spy_cash,2021-03-11,9793.4852032619,0.0033324152082925274,0.015350683834257306,0.5427556292530846,0.4572443707469154
cppi_spy_cash,2021-03-12,9842.704669878347,0.0050257355369316414,0.006635675079885717,0.5516475950405366,0.4483524049594634
cppi_spy_cash,2021-03-15,9872.577744128417,0.003035047301733096,0.009998232508545701,0.5629765970160404,0.4370234029839596
cppi_spy_cash,2021-03-16,9851.584865668241,-0.002126382693989015,0.0060473578194960576,0.5681081938395981,0.4318918061604019
cppi_spy_cash,2021-03-17,9883.804475694395,0.0032705001748942752,0.004264439484654603,0.5652674073371948,0.4347325926628052
cppi_spy_cash,2021-03-18,9859.649411887189,-0.00244390344493417,0.006517823843851911,0.5707389496497501,0.42926105035024986
cppi_spy_cash,2021-03-19,9802.8569352681,-0.0057600908761133995,0.004902579348858627,0.563323200775513,0.436676799224487
cppi_spy_cash,2021-03-22,9823.14871309025,0.0020699861230397687,0.011589064337625521,0.552665308024564,0.44733469197543596
cppi_spy_cash,2021-03-23,9769.95842060295,-0.005414790515837153,0.00412623601285933,0.554380436232556,0.44561956376744405
cppi_spy_cash,2021-03-24,9770.179547863941,2.263338813457416e-05,0.010890378934937162,0.5435053608842308,0.45649463911576915
cppi_spy_cash,2021-03-25,9804.754940482411,0.0035388697258924573,4.0294298008891616e-05,0.5451553096793061,0.45484469032069386
cppi_spy_cash,2021-03-26,9878.050359677869,0.007475497311292489,0.007052762252458211,0.5555338357178234,0.44446616428217656
cppi_spy_cash,2021-03-29,9895.797615130228,0.001796635449926809,0.01483692307402995,0.5711476245483772,0.4288523754516228
cppi_spy_cash,2021-03-30,9881.35775735328,-0.0014591908948168308,0.0035804637357765845,0.5741081534501493,0.4258918465498507
cppi_spy_cash,2021-03-31,9870.409695264068,-0.0011079511903173689,0.002924171384550589,0.5707096031909912,0.4292903968090088
cppi_spy_cash,2021-04-01,9891.971028840178,0.0021844416029108693,0.002219615537840891,0.5694314971899199,0.4305685028100801
cppi_spy_cash,2021-04-05,9956.144480789944,0.006487428214525526,0.0043584047388597336,0.576538932799997,0.423461067200003
cppi_spy_cash,2021-04-06,9941.485015365406,-0.001472403845969028,0.01288937990606942,0.5888281937716782,0.41117180622832183
cppi_spy_cash,2021-04-07,9941.455643746496,-2.954449849768004e-06,0.0029544498497158234,0.5858737439219623,0.41412625607803766
cppi_spy_cash,2021-04-08,9954.694128270492,0.0013316444792794702,7.132436026902056e-06,0.5864173594796902,0.4135826405203098
cppi_spy_cash,2021-04-09,10002.436539717513,0.004795969703522696,0.002659744171136791,0.591039558488036,0.408960441511964
cppi_spy_cash,2021-04-12,9996.829215833568,-0.0005605957970020725,0.009545068597455852,0.600364405498015,0.39963559450198505
cppi_spy_cash,2021-04-13,9983.330653504407,-0.0013502843789490182,0.0011256350674252458,0.5986973488403918,0.40130265115960817
cppi_spy_cash,2021-04-14,9996.376854533994,0.0013067984505759078,0.0027046719450694034,0.5965210352885197,0.40347896471148026
cppi_spy_cash,2021-04-15,10047.98572834444,0.005162757923340866,0.0026090946330556974,0.6011901346213919,0.3988098653786081
cppi_spy_cash,2021-04-16,10073.508841489294,0.002540122352369112,0.010271440975972213,0.6124499908876642,0.38755000911233584
cppi_spy_cash,2021-04-19,10053.260507053596,-0.0020100577419759347,0.005063392219489926,0.6167449550165939,0.3832550449834061
cppi_spy_cash,2021-04-20,10005.677246376068,-0.004733117245309781,0.004030153003958814,0.6108745866266133,0.3891254133733867
cppi_spy_cash,2021-04-21,10062.171248823472,0.005646194760865919,0.009512820604478445,0.6036036889707009,0.39639631102929906
cppi_spy_cash,2021-04-22,10004.417372094553,-0.005739703221178227,0.011225217583019087,0.6126097249736285,0.38739027502637147
cppi_spy_cash,2021-04-23,10045.383204580474,0.004094774434360016,0.011550023780383833,0.6026911988845367,0.3973088011154633
cppi_spy_cash,2021-04-26,10035.207611449132,-0.0010129621662120503,0.008151562289917313,0.6104513353547428,0.38954866464525717
cppi_spy_cash,2021-04-27,10034.468493018896,-7.365253005753303e-05,0.0020311540541075868,0.6083921337494317,0.3916078662505683
cppi_spy_cash,2021-04-28,10008.245311015524,-0.0026133105128204326,0.00014811132782532876,0.6072176181172796,0.3927823818827204
cppi_spy_cash,2021-04-29,10047.364254350967,0.003908671512316664,0.00524037377301112,0.6035290050158326,0.3964709949841674
cppi_spy_cash,2021-04-30,10017.889546044651,-0.0029335761658637605,0.007784828897682949,0.610173273374769,0.389826726625231
cppi_spy_cash,2021-05-03,10056.587514518602,0.0038628863191279006,0.005887449468463868,0.6058108614838437,0.39418913851615633
cppi_spy_cash,2021-05-04,10063.38335570752,0.0006757601601046215,0.007693722914052459,0.6137685578077446,0.38623144219225536
cppi_spy_cash,2021-05-05,10077.690169333897,0.0014216703389584584,0.0013476360528192899,0.6156631128964198,0.38433688710358016
cppi_spy_cash,2021-05-06,10136.481325850526,0.005833792816485772,0.0028387861765178934,0.6207156483902991,0.37928435160970086
cppi_spy_cash,2021-05-07,10180.328254208229,0.004325655713080856,0.011598837426974984,0.6339023628773426,0.3660976371226574
cppi_spy_cash,2021-05-10,10177.608012503513,-0.00026720569678995165,0.008609803655288406,0.6424196969386484,0.3575803030613516
cppi_spy_cash,2021-05-11,10086.86395351723,-0.008916049711759522,0.0005376329522226442,0.638660535897672,0.361339464102328
cppi_spy_cash,2021-05-12,9960.527105346686,-0.012524888682224233,0.017992715909016632,0.6158633767599584,0.3841366232400416
cppi_spy_cash,2021-05-13,10038.1685429414,0.007794912535606269,0.025374414295020298,0.593666686208967,0.406333313791033
cppi_spy_cash,2021-05-14,10106.440123876515,0.006801198908253259,0.015458932938339665,0.6117720769743827,0.38822792302561726
cppi_spy_cash,2021-05-17,10095.10619310098,-0.0011214562829851005,0.013504508467420795,0.6248609438458113,0.37513905615418874
cppi_spy_cash,2021-05-18,10048.627116599122,-0.004604119621210434,0.002250496855333406,0.6208657167117191,0.3791342832882809
cppi_spy_cash,2021-05-19,10018.44584314435,-0.0030035220836203136,0.009251684418182138,0.6104475962706141,0.38955240372938593
cppi_spy_cash,2021-05-20,10055.490513807585,0.003697646445689262,0.006028744859969737,0.6058785580175768,0.39412144198242316
cppi_spy_cash,2021-05-21,10064.805831481912,0.0009263911752028786,0.007365672381261734,0.6136050320036237,0.3863949679963763
cppi_spy_cash,2021-05-24,10099.558465164147,0.0034528866491922994,0.0018482214580666234,0.6167771891166041,0.38322281088339594
cppi_spy_cash,2021-05-25,10085.205546204188,-0.0014211432122964718,0.006881302214291063,0.6231254883964993,0.3768745116035007
cppi_spy_cash,2021-05-26,10086.817297330432,0.00015981341370374658,0.002848924874497727,0.6203383203546218,0.3796616796453782
cppi_spy_cash,2021-05-27,10111.07051734549,0.002404447240407226,0.0003184941242307948,0.6215668578218171,0.3784331421781829
cppi_spy_cash,2021-05-28,10130.135658139194,0.0018855709453313718,0.004797238954273753,0.6270690769099947,0.3729309230900053
cppi_spy_cash,2021-06-01,10134.349551535593,0.0004159760084767594,0.0037622554703493627,0.6309862221655598,0.3690137778344402
cppi_spy_cash,2021-06-02,10143.412259195222,0.0008942564703873224,0.0008302177594443627,0.6321457016839633,0.36785429831603667
cppi_spy_cash,2021-06-03,10137.082053661898,-0.0006240706156437348,0.0017866095810665783,0.6337043709463388,0.3662956290536612
cppi_spy_cash,2021-06-04,10171.903093942756,0.0034350161216540886,0.0012495750744134781,0.6337134553333261,0.3662865446666739
cppi_spy_cash,2021-06-07,10147.299093291409,-0.002418819804329231,0.0068460566530093026,0.6396904488582893,0.3603095511417107
cppi_spy_cash,2021-06-08,10142.603256135913,-0.00046276719670168553,0.004851836075790428,0.6346713223576635,0.36532867764233645
cppi_spy_cash,2021-06-09,10113.827265843618,-0.002837140482142675,0.0009277354221157719,0.632701850274995,0.36729814972500496
cppi_spy_cash,2021-06-10,10117.264272721326,0.0003398324677064135,0.005690766256654656,0.6271399165733376,0.37286008342666244
cppi_spy_cash,2021-06-11,10119.834814709575,0.0002540748090549272,0.0006773121700095475,0.6279120190099893,0.3720879809900107
cppi_spy_cash,2021-06-14,10104.719460458462,-0.0014936364602653462,0.0005077685229986084,0.6278641405218348,0.3721358594781652
cppi_spy_cash,2021-06-15,10088.367751961297,-0.0016182248860200366,0.002991930453678626,0.6242653091972168,0.3757346908027832
cppi_spy_cash,2021-06-16,10039.989236635309,-0.004795474998082194,0.0032428197399027026,0.6191975899765897,0.3808024100234103
cppi_spy_cash,2021-06-17,10001.9974556042,-0.0037840459920494007,0.009638399656490826,0.6080799098985127,0.3919200901014873
cppi_spy_cash,2021-06-18,9901.00942450939,-0.010096786321238782,0.007600616290275086,0.5964073413768886,0.40359265862311144
cppi_spy_cash,2021-06-21,10000.492034777806,0.010047724025204152,0.02040261004003674,0.5802311039686646,0.4197688960313354
cppi_spy_cash,2021-06-22,10012.162184145274,0.0011669575183785863,0.01988697856793742,0.6005921270000213,0.3994078729999787
cppi_spy_cash,2021-06-23,10000.22400953022,-0.0011923672824595277,0.0023232514578787056,0.6024422661505952,0.39755773384940485
cppi_spy_cash,2021-06-24,10056.880500432077,0.005665522177089377,0.0023885050676417663,0.6023078500517579,0.3976921499482421
cppi_spy_cash,2021-06-25,10101.335065991107,0.004420313590990821,0.011266259835609138,0.6152790507027697,0.38472094929723033
cppi_spy_cash,2021-06-28,10071.048289172668,-0.0029982944452964233,0.008797386400823615,0.6229492350342418,0.3770507649657582
cppi_spy_cash,2021-06-29,10072.075113056053,0.00010195799423273755,0.0060179395902786315,0.616972653428279,0.383027346571721
cppi_spy_cash,2021-06-30,10109.966321365244,0.0037620061292109597,0.00020159015041509853,0.6186091155973438,0.3813908844026562
cppi_spy_cash,2021-07-01,10135.76362374328,0.00255167045646032,0.0074957360794465355,0.6270592761232707,0.3729407238767293
cppi_spy_cash,2021-07-02,10164.940542285705,0.0028786107910092618,0.005087556525884662,0.6332045654190153,0.36679543458098474
cppi_spy_cash,2021-07-06,10125.309548276693,-0.0038987925058832085,0.005738830249552018,0.6375322812857823,0.3624677187142177
cppi_spy_cash,2021-07-07,10145.51106263229,0.001995150297309678,0.007830185322182937,0.630442318582765,0.369557681417235
cppi_spy_cash,2021-07-08,10098.34517413278,-0.004648941606621326,0.0039794614696719854,0.6327157518341224,0.36728424816587757
cppi_spy_cash,2021-07-09,10177.76527883817,0.007864665282864891,0.009342772019244605,0.6263154028333416,0.37368459716665836
cppi_spy_cash,2021-07-12,10201.960765583786,0.0023772887350748118,0.015603098676874816,0.6427733196542259,0.3572266803457741
cppi_spy_cash,2021-07-13,10182.474044794673,-0.001910095641109666,0.004737727343350984,0.6468381440725144,0.3531618559274856
cppi_spy_cash,2021-07-14,10190.126907534133,0.0007515720350272925,0.003829175369953197,0.6432784376343906,0.35672156236560937
cppi_spy_cash,2021-07-15,10200.077811601794,0.0009765240568597733,0.001500649242785368,0.6451261627783675,0.35487383722163246
cppi_spy_cash,2021-07-16,10139.702465106238,-0.005919106462784374,0.0019506102339059694,0.6449760367928693,0.3550239632071307
cppi_spy_cash,2021-07-19,10012.586092486203,-0.012536499276727398,0.011909394314079447,0.62841260735368,0.37158739264632
cppi_spy_cash,2021-07-20,10104.70393119669,0.009200204408690738,0.025395742211361316,0.6066458850858832,0.39335411491411676
cppi_spy_cash,2021-07-21,10157.76470875066,0.005251096708549063,0.01822267480296591,0.6268349217014894,0.37316507829851064
cppi_spy_cash,2021-07-22,10162.681494988321,0.0004840421469327616,0.01044053326897254,0.6374547291993805,0.3625452708006195
cppi_spy_cash,2021-07-23,10205.706650939703,0.0042336420729705004,0.0009638307214938635,0.6399432597881919,0.3600567402118081
cppi_spy_cash,2021-07-26,10221.475667488647,0.001545117559056175,0.008431240786918148,0.6489199252025666,0.3510800747974334
cppi_spy_cash,2021-07-27,10206.461837083441,-0.0014688515527125912,0.0030825076421763242,0.6514915984431429,0.34850840155685714
cppi_spy_cash,2021-07-28,10182.644034052446,-0.002333600361337562,0.002943098785806786,0.6477274707121846,0.3522725292878154
cppi_spy_cash,2021-07-29,10209.96094139327,0.0026826929478700468,0.004679154355453519,0.6440050118329891,0.3559949881670109
cppi_spy_cash,2021-07-30,10184.582879526643,-0.002485617918844274,0.005349364960061109,0.6484825143633749,0.3515174856366251
cppi_spy_cash,2021-08-02,10163.341390024827,-0.002085651396142696,0.004985503626246723,0.6427536968331071,0.3572463031668929
cppi_spy_cash,2021-08-03,10214.346766573015,0.005018563737143378,0.004181801920244532,0.640378191301825,0.35962180869817495
cppi_spy_cash,2021-08-04,10155.58955441688,-0.0057524199539045195,0.009985503169439802,0.648344314584011,0.351655685415989
cppi_spy_cash,2021-08-05,10204.159342141289,0.004782567025198858,0.011574914974107897,0.6385024900440255,0.3614975099559745
cppi_spy_cash,2021-08-06,10231.974875855403,0.002725901544798681,0.009515421545766789,0.6489781119546211,0.3510218880453789
cppi_spy_cash,2021-08-09,10214.042737845595,-0.001752558839068552,0.005433642257825055,0.6538069082523754,0.3461930917476246
cppi_spy_cash,2021-08-10,10243.893339912933,0.0029225060863249386,0.0035131524874781883,0.6513140212314263,0.34868597876857366
cppi_spy_cash,2021-08-11,10286.01001327434,0.004111393194353941,0.00582675487470341,0.6585466229533629,0.34145337704663714
cppi_spy_cash,2021-08-12,10291.529201012032,0.0005365722695749309,0.008187128129181986,0.666915203641169,0.33308479635883104
cppi_spy_cash,2021-08-13,10294.614657726546,0.0002998054666367711,0.0010698419981198803,0.668084910801032,0.33191508919896795
cppi_spy_cash,2021-08-16,10317.464733662206,0.0022196144970330067,0.000599076123434461,0.6694179501183555,0.3305820498816445
cppi_spy_cash,2021-08-17,10263.994407513628,-0.005182506316122715,0.004429199395365235,0.6721495068582779,0.3278504931417221
cppi_spy_cash,2021-08-18,10192.672636655494,-0.006948734384142341,0.01042046133493868,0.6593655924425245,0.34063440755747554
cppi_spy_cash,2021-08-19,10180.506170222616,-0.0011936483066398162,0.013998263925544152,0.6449484861204,0.3550515138796
cppi_spy_cash,2021-08-20,10211.927581927439,0.0030864292186894016,0.0023951197856880713,0.6436540589865221,0.35634594101347794
cppi_spy_cash,2021-08-23,10255.13820017904,0.0042313870623282845,0.006153011475473313,0.6512847742975837,0.3487152257024163
cppi_spy_cash,2021-08-24,10260.602246508866,0.0005328105992497001,0.00842497007417009,0.6598938234826925,0.34010617651730746
cppi_spy_cash,2021-08-25,10269.026945813672,0.0008210725942203734,0.0010621883180850222,0.6612345229783916,0.3387654770216084
cppi_spy_cash,2021-08-26,10230.187449947136,-0.0037821982619656858,0.0016404381410772828,0.6615956016248649,0.33840439837513514
cppi_spy_cash,2021-08-27,10275.896217895983,0.004468028388774359,0.007593670323402635,0.6555435996720884,0.3444564003279116
cppi_spy_cash,2021-08-30,10266.368949123469,-0.0009271472356757737,0.008893692113438711,0.6641288741911016,0.33587112580889844
cppi_spy_cash,2021-08-31,10263.278036869271,-0.000301071612516135,0.0018590024317287623,0.6621687882128114,0.33783121178718856
cppi_spy_cash,2021-09-01,10256.173037945451,-0.0006922738425575448,0.000602952598072859,0.6613315883918405,0.3386684116081595
cppi_spy_cash,2021-09-02,10281.429601506603,0.0024625719035460403,0.0013857110363776348,0.660781698031809,0.339218301968191
cppi_spy_cash,2021-09-03,10267.300211722422,-0.0013742631454783938,0.004912575021120524,0.6652358613367002,0.3347641386632998
cppi_spy_cash,2021-09-07,10215.413452380631,-0.0050535932788398075,0.0027539532493751073,0.660768499565806,0.33923150043419403
cppi_spy_cash,2021-09-08,10201.882837173505,-0.0013245293761431354,0.010159457834554853,0.650149203696989,0.34985079630301097
cppi_spy_cash,2021-09-09,10175.111279907836,-0.0026241780750626553,0.002656126492560751,0.6465665411737593,0.35343345882624067
cppi_spy_cash,2021-09-10,10126.30179062704,-0.00479694894120497,0.005263103774634015,0.6395763916097049,0.3604236083902951
cppi_spy_cash,2021-09-13,10174.040430878238,0.004714321302905056,0.009642038104117234,0.6316743272580663,0.36832567274193373
cppi_spy_cash,2021-09-14,10121.104041609211,-0.005203084224863597,0.009380850077386427,0.6391811738003871,0.3608188261996129
cppi_spy_cash,2021-09-15,10164.158194037243,0.004253898808967094,0.010463980629838998,0.6302937711532062,0.3697062288467938
cppi_spy_cash,2021-09-16,10152.159839165817,-0.0011804573130773655,0.00846789097052092,0.6383377942549512,0.3616622057450488
cppi_spy_cash,2021-09-17,10105.035812398484,-0.004641773525425941,0.002366767420924565,0.6342742724060277,0.36572572759397226
cppi_spy_cash,2021-09-20,9990.932667108536,-0.011291711123868287,0.009327705720231116,0.6206667435220264,0.37933325647797356
cppi_spy_cash,2021-09-21,9985.600940146687,-0.0005336565803713,0.022844878403382896,0.5976163181295673,0.4023836818704327
cppi_spy_cash,2021-09-22,10045.139086262407,0.005962399906884741,0.0010770756598439402,0.5989310107317524,0.40106898926824763
cppi_spy_cash,2021-09-23,10135.661848908969,0.009011598731406334,0.011853688822874187,0.6142653986359946,0.3857346013640054
cppi_spy_cash,2021-09-24,10141.19530025022,0.0005459388270581123,0.017857657779563718,0.6323303509730565,0.36766964902694355
cppi_spy_cash,2021-09-27,10154.848558842512,0.0013463165029428126,0.0010847160449474202,0.6339083399021419,0.3660916600978581
cppi_spy_cash,2021-09-28,10049.307972029323,-0.010393122674516642,0.0026886156377238235,0.6327813844714192,0.3672186155285808
cppi_spy_cash,2021-09-29,10064.335056782618,0.0014953352803119824,0.02100553550751516,0.6123636501299854,0.3876363498700146
cppi_spy_cash,2021-09-30,9965.583708664708,-0.009812009194920313,0.002978062502507539,0.6115311987188039,0.3884688012811961
cppi_spy_cash,2021-10-01,10050.622078449765,0.008533205105800246,0.01981963436085099,0.5951741187621995,0.4048258812378005
cppi_spy_cash,2021-10-04,9993.627729526785,-0.005670728486069199,0.01691398755909368,0.6098824165649354,0.39011758343506464
cppi_spy_cash,2021-10-05,10048.394745570122,0.005480193732004368,0.011412736639849874,0.6006627082083138,0.3993372917916862
cppi_spy_cash,2021-10-06,10066.014998272129,0.0017535390625229574,0.010896092207991148,0.6122429799887901,0.38775702001120993
cppi_spy_cash,2021-10-07,10129.199382699613,0.006277000822900725,0.003496714009311952,0.6181379858237164,0.3818620141762836
cppi_spy_cash,2021-10-08,10127.23546791264,-0.000193886477378169,0.012474356451693591,0.6305453178818544,0.3694546821181456
cppi_spy_cash,2021-10-11,10080.405990291445,-0.004624112648468626,0.0003924569201574357,0.6284348469869884,0.37156515301301163
cppi_spy_cash,2021-10-12,10058.602468641016,-0.0021629606656148326,0.009291334623962144,0.6183214954358135,0.3816785045641865
cppi_spy_cash,2021-10-13,10060.53518834974,0.00019214594818217634,0.004338844746821557,0.6140584826571329,0.3859415173428671
cppi_spy_cash,2021-10-14,10154.722909801885,0.00936209850557601,0.0003825435228280716,0.6180173330286576,0.3819826669713424
cppi_spy_cash,2021-10-15,10223.409365139174,0.006763991095314781,0.018550379042155507,0.6390161454552037,0.3609838545447963
cppi_spy_cash,2021-10-18,10216.655682200311,-0.0006606096555119567,0.013430397296214203,0.6522214646740143,0.3477785353259857
cppi_spy_cash,2021-10-19,10253.617620149298,0.003617811845551655,0.0013267635648581688,0.6521536070900489,0.3478463929099511
cppi_spy_cash,2021-10-20,10283.489286525328,0.0029132807056633236,0.007209079417998643,0.6603546245086799,0.3396453754913201
cppi_spy_cash,2021-10-21,10282.082546657419,-0.00013679596766369428,0.0058071877618200984,0.6661180772308275,0.3338819227691725
cppi_spy_cash,2021-10-22,10297.0815770986,0.0014587541359563083,0.0002755682929966863,0.6663293444698422,0.33367065553015784
cppi_spy_cash,2021-10-25,10312.6984805279,0.0015166339425760622,0.0029131665948840535,0.669744351542572,0.33025564845742805
cppi_spy_cash,2021-10-26,10311.697269115752,-9.708529867713533e-05,0.0030277124020868795,0.672741282686424,0.32725871731357603
cppi_spy_cash,2021-10-27,10262.81035646922,-0.0047409181408915035,0.00019518029857212849,0.6709863394685869,0.3290136605314131
cppi_spy_cash,2021-10-28,10307.078045124448,0.004313408035190314,0.009527067240241327,0.6629164763082448,0.3370835236917552
cppi_spy_cash,2021-10-29,10325.004805152916,0.0017392669338471833,0.008586553461408686,0.6720761974530416,0.3279238025469584
cppi_spy_cash,2021-11-01,10342.492494728647,0.0016937221730883856,0.003469678513787655,0.6760956057727955,0.3239043942272045
cppi_spy_cash,2021-11-02,10370.635489891307,0.002721103754922183,0.0033805928096739546,0.6803470908742218,0.31965290912577815
cppi_spy_cash,2021-11-03,10390.105741452902,0.0018774405464905275,0.005426358265533726,0.6863639872128433,0.3136360127871567
cppi_spy_cash,2021-11-04,10385.902365383294,-0.00040455565845098906,0.0037461428267037133,0.6899858729619676,0.31001412703803244
cppi_spy_cash,2021-11-05,10424.5196175984,0.0037182375547664126,0.0008106001414893704,0.6903269626920628,0.30967303730793716
cppi_spy_cash,2021-11-08,10444.863848343804,0.0019515748918597087,0.007408675937862097,0.698326616209973,0.30167338379002695
cppi_spy_cash,2021-11-09,10423.885523947394,-0.002008482322125915,0.0038933123144592185,0.7016218005363208,0.29837819946367916
cppi_spy_cash,2021-11-10,10379.607059264361,-0.00424778884815169,0.0040262105678214866,0.6963067828512672,0.30369321714873276
cppi_spy_cash,2021-11-11,10347.68666458305,-0.003075298949088756,0.008533041799933416,0.6868132624461847,0.3131867375538153
cppi_spy_cash,2021-11-12,10383.28279157706,0.0034400082016248223,0.006172243632252106,0.6817378145037447,0.3182621854962553
cppi_spy_cash,2021-11-15,10382.419843064537,-8.310941056344223e-05,0.006854465823162181,0.6885685319747399,0.3114314680252601
cppi_spy_cash,2021-11-16,10396.070032296439,0.0013147406325528799,0.00016836734760949934,0.6888093520796594,0.31119064792034057
cppi_spy_cash,2021-11-17,10354.732695934208,-0.003976246430989039,0.002625976324094781,0.6902043146992634,0.30979568530073665
cppi_spy_cash,2021-11-18,10344.834615366572,-0.0009558991871922995,0.007985053686723087,0.6819177439387726,0.3180822560612274
cppi_spy_cash,2021-11-19,10277.474696576175,-0.006511454391966542,0.0019161675336338835,0.6779048819043739,0.3220951180956261
cppi_spy_cash,2021-11-22,10282.907207543669,0.0005285842220854597,0.013108879827650743,0.6649774838417344,0.3350225161582656
cppi_spy_cash,2021-11-23,10317.88937186491,0.0034019721869684716,0.001052218109353853,0.6671623577623524,0.33283764223764756
cppi_spy_cash,2021-11-24,10318.013825199976,1.206189857061446e-05,0.00678052580414279,0.6739490271989496,0.32605097280105044
cppi_spy_cash,2021-11-26,10143.011558922442,-0.016960848206087897,2.1912694140757694e-05,0.6683458106752145,0.3316541893247855
cppi_spy_cash,2021-11-29,10182.632360015485,0.003906216695394482,0.034506971054457436,0.635276165066545,0.36472383493345495
cppi_spy_cash,2021-11-30,10065.277674079694,-0.011524985071307392,0.007769449126335148,0.6388865605329144,0.36111343946708563
cppi_spy_cash,2021-12-01,9985.283955115887,-0.007947492513774246,0.023321523693968782,0.6124943038286813,0.3875056961713187
cppi_spy_cash,2021-12-02,10092.707341971785,0.010758170457522143,0.01603135974823544,0.6007644573487051,0.3992355426512949
cppi_spy_cash,2021-12-03,10085.791007157113,-0.0006852804287615921,0.021280927818365103,0.6217942513943826,0.3782057486056174
cppi_spy_cash,2021-12-06,10204.69335306885,0.011789094759881547,0.0013795494606462233,0.6248380454232374,0.3751619545767626
cppi_spy_cash,2021-12-07,10296.685024429176,0.009014643378055354,0.023302945233527494,0.6512926623006601,0.3487073376993399
cppi_spy_cash,2021-12-08,10301.31602678521,0.00044975662992974286,0.017860085106945256,0.6693073875626065,0.33069261243739345
cppi_spy_cash,2021-12-09,10303.620966637176,0.00022375197945301295,0.0008932025759901263,0.6702746614134636,0.3297253385865364
cppi_spy_cash,2021-12-10,10344.52893010498,0.00397025119618255,0.0004471093396241077,0.6720240648254053,0.32797593517459467
cppi_spy_cash,2021-12-13,10282.161962059276,-0.006028980968307063,0.00790895463240382,0.677994183916184,0.32200581608381595
cppi_spy_cash,2021-12-14,10265.35465411234,-0.001634608364364798,0.012133646857824365,0.6653175166018352,0.33468248339816475
cppi_spy_cash,2021-12-15,10334.77514312536,0.006762600158700893,0.003278630335544319,0.6643101306793924,0.3356898693206076
cppi_spy_cash,2021-12-16,10327.433813834543,-0.0007103521062769014,0.013433248578870627,0.6775186328931962,0.32248136710680375
cppi_spy_cash,2021-12-17,10214.557145077519,-0.010929788637891402,0.0014260461607403796,0.672513692516784,0.32748630748321605
cppi_spy_cash,2021-12-20,10132.421276739817,-0.008041060143002321,0.022101605054509865,0.6475860320043617,0.3524139679956383
cppi_spy_cash,2021-12-21,10235.55831929814,0.010178913779975485,0.016220274946358915,0.635086162891822,0.36491383710817804
cppi_spy_cash,2021-12-22,10282.215514301502,0.004558343917145713,0.020146775916180526,0.6568042888351066,0.34319571116489345
cppi_spy_cash,2021-12-23,10319.861352233487,0.0036612574283843013,0.009068404980883571,0.6670945762732866,0.3329054237267134
cppi_spy_cash,2021-12-27,10388.731258013837,0.006673530140542505,0.007292784095099147,0.6765482996622788,0.3234517003377212
cppi_spy_cash,2021-12-28,10409.720951509502,0.0020204289604155434,0.013256219875516506,0.6904340874920771,0.30956591250792287
cppi_spy_cash,2021-12-29,10426.560819174832,0.0016177059638557978,0.004028606388320588,0.6949573940128765,0.3050426059871235
cppi_spy_cash,2021-12-30,10411.163547734628,-0.0014767353979164843,0.0032289575343078525,0.6977409694809311,0.3022590305190689
cppi_spy_cash,2021-12-31,10396.231482774772,-0.0014342359421589679,0.0029588147257285646,0.6943446759866454,0.3056553240133546
cppi_spy_cash,2022-01-03,10442.89643612651,0.004488641237842428,0.002873496238958384,0.6928507490978634,0.30714925090213663
cppi_spy_cash,2022-01-04,10486.693140521758,0.004193923080931583,0.008936284145750317,0.7030351459151922,0.29696485408480777
cppi_spy_cash,2022-01-05,10409.951169814769,-0.007318033404682178,0.008350161311801108,0.7092600727062243,0.29073992729377574
cppi_spy_cash,2022-01-06,10376.041068920475,-0.0032574697365173044,0.014746391373274048,0.6935198362956546,0.3064801637043454
cppi_spy_cash,2022-01-07,10374.399295476032,-0.00015822734639703295,0.006540750590952826,0.6869315971138026,0.3130684028861974
cppi_spy_cash,2022-01-10,10344.512247058281,-0.002880846164344586,0.0003185524882393098,0.6857077167370363,0.31429228326296366
cppi_spy_cash,2022-01-11,10378.568212053071,0.003292176970883798,0.005778438952575904,0.6809813930048222,0.3190186069951778
cppi_spy_cash,2022-01-12,10386.569975736265,0.0007709891691902726,0.006560904773036724,0.6877850621186546,0.31221493788134536
cppi_spy_cash,2022-01-13,10352.032784856949,-0.0033251777015894657,0.0015387419797499025,0.6882877836377485,0.31171221636225155
cppi_spy_cash,2022-01-14,10311.721601699373,-0.0038940354996308546,0.006673022439100285,0.6803722439618108,0.31962775603818916
cppi_spy_cash,2022-01-18,10209.48917066481,-0.009914196191809,0.007820649477801145,0.669275285639562,0.33072471436043804
cppi_spy_cash,2022-01-19,10143.722516858043,-0.00644171835704932,0.0200295299321972,0.6469787174739224,0.35302128252607756
cppi_spy_cash,2022-01-20,10088.154921277353,-0.005478027961464904,0.012974037250656267,0.6319934786462009,0.3680065213537991
cppi_spy_cash,2022-01-21,9998.225497196227,-0.008914357955730146,0.011021178684845978,0.6175673356291985,0.3824326643708015
cppi_spy_cash,2022-01-24,10023.610131965737,0.0025389140079536965,0.017993291888161678,0.6005953029024509,0.3994046970975491
cppi_spy_cash,2022-01-25,10008.550514611119,-0.0015024145149652446,0.005057781761832358,0.6050617181777943,0.3949382818222057
cppi_spy_cash,2022-01-26,9982.166134881005,-0.002636183900115885,0.0030113478432760576,0.6009997306129773,0.3990002693870227
cppi_spy_cash,2022-01-27,9983.680624857472,0.0001517195722855469,0.005287505000544979,0.5957756920251744,0.40422430797482556
cppi_spy_cash,2022-01-28,10080.552948817327,0.009703067195344861,0.00030125576454653746,0.5999586971166592,0.40004130288334083
cppi_spy_cash,2022-01-31,10151.745561401585,0.007062371771244136,0.019219524370116203,0.6218561332700906,0.3781438667299094
cppi_spy_cash,2022-02-01,10204.189045938514,0.005165957343959304,0.014018421028089034,0.6377510215326396,0.36224897846736037
cppi_spy_cash,2022-02-02,10243.13065657395,0.003816237670639433,0.010273736539388234,0.6493664750394753,0.3506335249605247
cppi_spy_cash,2022-02-03,10147.60273820994,-0.00932604704233675,0.007599856382157766,0.6537396985682019,0.3462603014317981
cppi_spy_cash,2022-02-04,10145.392173715585,-0.00021784105580235913,0.018830313480631355,0.6348367123021657,0.36516328769783435
cppi_spy_cash,2022-02-07,10145.937964570085,5.379692033136152e-05,0.0004426533103967234,0.6344138882353777,0.3655861117646223
cppi_spy_cash,2022-02-08,10212.718677899653,0.006582014749426657,0.00010742622478265851,0.6369112094966005,0.3630887905033995
cppi_spy_cash,2022-02-09,10271.18834520045,0.00572518142767664,0.013077911232235784,0.6519861406243174,0.34801385937568263
cppi_spy_cash,2022-02-10,10173.536771716866,-0.009507329648882679,0.01138062927677308,0.6601394345688751,0.33986056543112486
cppi_spy_cash,2022-02-11,10076.057022562016,-0.009581697234913533,0.019201041022360865,0.6374716510241899,0.3625283489758101
cppi_spy_cash,2022-02-14,10050.755504122037,-0.0025110535185861593,0.019355749760421093,0.6171619661248107,0.38283803387518933
cppi_spy_cash,2022-02-15,10127.720918254412,0.0076576745002712165,0.005042159823390846,0.6150694350271166,0.38493056497288336
cppi_spy_cash,2022-02-16,10117.542998654466,-0.0010049565624977719,0.01519701941853191,0.6299001390094381,0.3700998609905619
cppi_spy_cash,2022-02-17,10008.699120124014,-0.010757935849141087,0.002017559532559665,0.6238365883950877,0.3761634116049123
cppi_spy_cash,2022-02-18,9961.140878366108,-0.004751690623038374,0.02175061417935209,0.6001948788449518,0.3998051211550482
cppi_spy_cash,2022-02-22,9875.291856059528,-0.00861839254708563,0.009557450166866266,0.5870826573923691,0.4129173426076309
cppi_spy_cash,2022-02-23,9799.944207540448,-0.00762991611967867,0.01739057637032626,0.56639116528716,0.43360883471283995
cppi_spy_cash,2022-02-24,9813.149598831347,0.0013474965786783866,0.015384699508864341,0.5516175672030345,0.44838243279696555
cppi_spy_cash,2022-02-25,9947.33348407999,0.013673885626346083,0.0026844682150161114,0.5603154284234763,0.43968457157652374
cppi_spy_cash,2022-02-28,9926.479345017828,-0.0020964552053611696,0.026977685011363772,0.5864372314924465,0.41356276850755347
cppi_spy_cash,2022-03-01,9821.183990767802,-0.010607522626123633,0.004212876393755338,0.5777470574942666,0.4222529425057334
cppi_spy_cash,2022-03-02,9916.742499331785,0.009729835898992567,0.021444275931544188,0.5605877058424573,0.4394122941575427
cppi_spy_cash,2022-03-03,9901.794621835033,-0.0015073374646724647,0.019262733793624864,0.5792242818610417,0.4207757181389583
cppi_spy_cash,2022-03-04,9873.754917900407,-0.002831779996001371,0.0030273313684693326,0.5749947120121192,0.42500528798788084
cppi_spy_cash,2022-03-07,9740.046903197112,-0.013541759524625552,0.005680930128565076,0.5634039498614895,0.43659605013851055
cppi_spy_cash,2022-03-08,9708.94922701838,-0.003192764520315028,0.02745779257164571,0.5344725797534019,0.4655274202465981
cppi_spy_cash,2022-03-09,9816.75201211054,0.011103445138240575,0.006418764538467903,0.5332394941952691,0.46676050580473094
cppi_spy_cash,2022-03-10,9795.448485773832,-0.00217011963941105,0.021960028987944247,0.5542419427000056,0.4457580572999944
cppi_spy_cash,2022-03-11,9761.509201276995,-0.00346480148878614,0.004359467676609219,0.5483194538675016,0.4516805461324984
cppi_spy_cash,2022-03-14,9762.242228621615,7.509364889246584e-05,0.006955665249685716,0.5414014165787796,0.4585985834212204
cppi_spy_cash,2022-03-15,9860.26465540256,0.01004097465370779,0.00014698614010144606,0.5461060081723238,0.4538939918276762
cppi_spy_cash,2022-03-16,9945.889235158262,0.008683801373301714,0.01988224480523637,0.5697332332453926,0.4302667667546074
cppi_spy_cash,2022-03-17,10015.661262479773,0.00701516231197008,0.017209529483041774,0.5898272993203443,0.4101727006796557
cppi_spy_cash,2022-03-18,10045.979296277703,0.0030270626175734616,0.013925526276130418,0.6049541720050657,0.39504582799493426
cppi_spy_cash,2022-03-21,10014.980824247756,-0.0030856595574940693,0.006030353028484203,0.6097827934814047,0.39021720651859526
cppi_spy_cash,2022-03-22,10062.166711555852,0.004711530469819092,0.00619277380732175,0.6054514022913546,0.39454859770864537
cppi_spy_cash,2022-03-23,9978.02014974737,-0.008362668222525516,0.009376428732623232,0.6115832420848566,0.3884167579151434
cppi_spy_cash,2022-03-24,10040.92196616612,0.0063040378226078,0.0168700264182845,0.5972589476917984,0.40274105230820156
cppi_spy_cash,2022-03-25,10066.905973699071,0.0025878109221950663,0.012522297409958472,0.6107933248220774,0.3892066751779226
cppi_spy_cash,2022-03-28,10083.754662891255,0.0016736710600260274,0.0051573890613431095,0.6165943894496376,0.3834056105503624
cppi_spy_cash,2022-03-29,10145.967102113551,0.006169570889228426,0.0033397717491412404,0.6222658879137263,0.3777341120862737
cppi_spy_cash,2022-03-30,10130.339422665578,-0.001540284853152829,0.012262219810922792,0.6339687969034159,0.3660312030965841
cppi_spy_cash,2022-03-31,10034.294157123006,-0.00948095236845481,0.0030898103911281005,0.6273470218908148,0.3726529781091852
cppi_spy_cash,2022-04-01,10054.865556670176,0.002050109277748069,0.019144553854058333,0.609011537899352,0.39098846210064797
cppi_spy_cash,2022-04-04,10076.61208811383,0.0021627868936773265,0.004084344414168495,0.613932444412491,0.38606755558750905
cppi_spy_cash,2022-04-05,10024.837968124064,-0.005138048337777978,0.0043146618435969675,0.6162771669260894,0.38372283307391064
cppi_spy_cash,2022-04-06,9996.847485273196,-0.002792113243113681,0.010330824083711332,0.6048471021021142,0.39515289789788577
cppi_spy_cash,2022-04-07,10017.99067496228,0.002114985721271667,0.005603944232143276,0.6000912050800316,0.39990879491996845
cppi_spy_cash,2022-04-08,10042.4461654574,0.00244115724286309,0.004218802915622266,0.6052752624856661,0.3947247375143339
cppi_spy_cash,2022-04-11,9968.84235058897,-0.007329271539597948,0.004868759739532602,0.6072674770370609,0.39273252296293915
cppi_spy_cash,2022-04-12,9951.829227312634,-0.0017066297848847833,0.014768684896171447,0.5918081780765823,0.40819182192341774
cppi_spy_cash,2022-04-13,10012.365550039585,0.006082934236935067,0.0034251232440485335,0.590873156355753,0.409126843644247
cppi_spy_cash,2022-04-14,9986.578041016037,-0.002575566073238944,0.012090910422141166,0.6019436468654265,0.39805635313457355
cppi_spy_cash,2022-04-18,9983.237451794537,-0.000334507897277625,0.005169246408053607,0.5966415582456545,0.40335844175434554
cppi_spy_cash,2022-04-19,10070.029558512844,0.008693783668614063,0.0006713247304613867,0.5994527756677752,0.4005472243322248
cppi_spy_cash,2022-04-20,10112.723984219914,0.004239751776197842,0.017237437549001755,0.6183150698558154,0.3816849301441846
cppi_spy_cash,2022-04-21,10043.763575604447,-0.006819172432973919,0.008437124958355913,0.624192648823291,0.37580735117670905
cppi_spy_cash,2022-04-22,9877.169076192571,-0.01658685991141029,0.01373515640423506,0.6038926659871705,0.3961073340128295
cppi_spy_cash,2022-04-25,9914.958531277143,0.003825939881464402,0.03373868916079281,0.5718067210108004,0.42819327898919957
cppi_spy_cash,2022-04-26,9778.077531918565,-0.013805503969258281,0.007608268543516372,0.573530563986368,0.42646943601363196
cppi_spy_cash,2022-04-27,9787.10948804072,0.0009236944678205905,0.028000772640045968,0.5459619093358327,0.45403809066416734
cppi_spy_cash,2022-04-28,9887.868977461032,0.010295122328347839,0.0018329703141183318,0.5524037665060406,0.4475962334939594
cppi_spy_cash,2022-04-29,9727.422391004613,-0.016226609274672787,0.020379605249091104,0.565745601816235,0.434254398183765
cppi_spy_cash,2022-05-02,9743.605211318776,0.0016636288282421141,0.032997360328735126,0.5335396764037057,0.4664603235962943
cppi_spy_cash,2022-05-03,9751.63902430031,0.0008245216023532453,0.0033063390608667476,0.5372291114032709,0.4627708885967291
cppi_spy_cash,2022-05-04,9899.791501171176,0.015192571884755202,0.0016461545705919178,0.5457768430205816,0.4542231569794184
cppi_spy_cash,2022-05-05,9726.305162739744,-0.017524241637908,0.029929675933809907,0.5681513986802602,0.4318486013197398
cppi_spy_cash,2022-05-06,9707.61072132252,-0.0019220496482917904,0.03568656218109223,0.5315811970263432,0.4684188029736568
cppi_spy_cash,2022-05-09,9606.851131062303,-0.010379442805519723,0.003868218928098077,0.5227613335649982,0.4772386664350018
cppi_spy_cash,2022-05-10,9595.143573304947,-0.0012186675527323665,0.020978457217473823,0.5011854390538824,0.49881456094611765
cppi_spy_cash,2022-05-11,9545.01025039973,-0.005224864278706165,0.0024507736103562827,0.4961031010237681,0.5038968989762319
cppi_spy_cash,2022-05-12,9532.975732541317,-0.001260817698745642,0.0105058486787451,0.4849532765578531,0.515046723442147
cppi_spy_cash,2022-05-13,9599.40736249217,0.006968614188755717,0.0025302297934234885,0.4860061809732595,0.5139938190267406
cppi_spy_cash,2022-05-16,9607.464087374356,0.0008392939874253269,0.013839476814390461,0.5002719983691895,0.49972800163081055
cppi_spy_cash,2022-05-17,9671.989632709483,0.006716189074276402,0.0016702642576791327,0.5052658227905509,0.4947341772094491
cppi_spy_cash,2022-05-18,9494.747295271534,-0.01832532334800452,0.013341939273735948,0.5096279585498981,0.49037204145010194
cppi_spy_cash,2022-05-19,9460.71429835889,-0.0035844026022254782,0.03734136193370441,0.4704080313227422,0.5295919686772578
cppi_spy_cash,2022-05-20,9450.012180671069,-0.001131216666132362,0.0072143699480593515,0.46258960650052067,0.5374103934994794
cppi_spy_cash,2022-05-23,9539.380329755424,0.009456934803443673,0.0022688726383238156,0.4653778451882485,0.5346221548117516
cppi_spy_cash,2022-05-24,9547.168028766728,0.0008163736785933295,0.01873546507167223,0.4845437805270223,0.5154562194729777
cppi_spy_cash,2022-05-25,9574.618510182432,0.002875248590261892,0.0016217580195698744,0.4876395355648239,0.512360464435176
cppi_spy_cash,2022-05-26,9650.579107085807,0.007933537698926685,0.005733179548949252,0.4973633068529081,0.5026366931470919
cppi_spy_cash,2022-05-27,9735.67242896197,0.00881743167243565,0.015739302463218308,0.5173658662386529,0.4826341337613471
cppi_spy_cash,2022-05-31,9706.180406589252,-0.0030292743092901198,0.01747313177404941,0.5334337687342305,0.46656623126576946
cppi_spy_cash,2022-06-01,9677.598643093967,-0.002944697326652035,0.006085109905169084,0.5259556177392617,0.4740443822607383
cppi_spy_cash,2022-06-02,9745.133479625429,0.006978470488611999,0.00590967298690781,0.5233748953507951,0.47662510464920493
cppi_spy_cash,2022-06-03,9691.193309224778,-0.005535087899352531,0.013857401140798808,0.5346630282076069,0.4653369717923931
cppi_spy_cash,2022-06-06,9692.625925973669,0.00014782666109103282,0.011138239692147778,0.5236005201550231,0.4763994798449769
cppi_spy_cash,2022-06-07,9734.547013320045,0.004325049544524173,0.0002903033124997956,0.5259412890952703,0.47405871090472973
cppi_spy_cash,2022-06-08,9690.756403847785,-0.004498474290826282,0.0086127104734669,0.5324547681149466,0.46754523188505337
cppi_spy_cash,2022-06-09,9592.421138758416,-0.010147326069441132,0.00904163087734422,0.5185318318659841,0.48146816813401594
cppi_spy_cash,2022-06-10,9464.586775856204,-0.01332660034969635,0.020507053015043353,0.4912552347164794,0.5087447652835206
cppi_spy_cash,2022-06-13,9341.48166608577,-0.013006918599390849,0.027023627819818707,0.4571857444659937,0.5428142555340063
cppi_spy_cash,2022-06-14,9324.37836135893,-0.0018308984953570029,0.026371325285784786,0.42978542434971995,0.5702145756502801
cppi_spy_cash,2022-06-15,9362.600128669781,0.004099122303878877,0.00368355137748827,0.42844685320733805,0.571553146792662
cppi_spy_cash,2022-06-16,9264.996116282917,-0.010424883156975318,0.008162670838428199,0.4306790181016704,0.5693209818983296
cppi_spy_cash,2022-06-17,9249.869340771611,-0.0016326801783241862,0.02107405969492193,0.4086519181353482,0.5913480818646518
cppi_spy_cash,2022-06-21,9332.307073138181,0.008912313172165787,0.003283162731712863,0.4106234163644776,0.5893765836355225
cppi_spy_cash,2022-06-22,9323.239365847781,-0.0009716469056724186,0.017665235958071457,0.4277427197227757,0.5722572802772243
cppi_spy_cash,2022-06-23,9350.97959061509,0.0029753848076587985,0.0019552930816740255,0.42749198105680014,0.5725080189431999
cppi_spy_cash,2022-06-24,9460.326644216522,0.011693646910658995,0.005931996888025648,0.43997606107532694,0.5600239389246731
cppi_spy_cash,2022-06-27,9450.929529160432,-0.0009933182446543176,0.023113650031829802,0.4625682803312698,0.5374317196687302
cppi_spy_cash,2022-06-28,9381.401430030637,-0.0073567471765892956,0.002001034109513855,0.45657045185107625,0.5434295481489237
cppi_spy_cash,2022-06-29,9390.773923896553,0.0009990505081589607,0.014823627455952004,0.4423122579543104,0.5576877420456896
cppi_spy_cash,2022-06-30,9360.74661944818,-0.0031975324602334654,0.001987839726927454,0.44251863757123877,0.5574813624287612
cppi_spy_cash,2022-07-01,9400.869460463184,0.00428628640921036,0.006416687128188436,0.438512266043403,0.561487733956597
cppi_spy_cash,2022-07-05,9385.376689078199,-0.0016480147341840778,0.008532382227086577,0.4461365912385406,0.5538634087614593
cppi_spy_cash,2022-07-06,9394.73938958286,0.0009975838812690263,0.0033061961547606877,0.4433875048490607,0.5566124951509392
cppi_spy_cash,2022-07-07,9442.438662207176,0.005077232123884778,0.001991339122721647,0.4481816582220126,0.5518183417779874
cppi_spy_cash,2022-07-08,9435.589163096376,-0.0007253951395220781,0.010102069258406676,0.45789596030020907,0.5421040396997909
cppi_spy_cash,2022-07-11,9411.394302976374,-0.002564212970890156,0.0014573198670956855,0.4550420443173304,0.5449579556826696
cppi_spy_cash,2022-07-12,9387.84528019744,-0.002502182144412668,0.005142404304367354,0.448522571877728,0.5514774281222721
cppi_spy_cash,2022-07-13,9357.979114284897,-0.003181365374176126,0.00501975346477318,0.4417295496113181,0.558270450388682
cppi_spy_cash,2022-07-14,9340.04833978326,-0.001916094733986573,0.00638583991700481,0.4342633104072396,0.5657366895927605
cppi_spy_cash,2022-07-15,9422.147075248915,0.008789969010755794,0.003843159129621243,0.4353852861017959,0.5646147138982041
cppi_spy_cash,2022-07-18,9394.55553622718,-0.002928370657067636,0.01742458745178943,0.4512123544776875,0.5487876455223125
cppi_spy_cash,2022-07-19,9494.966814544316,0.010688241495824924,0.005883504959630637,0.45119784291685583,0.5488021570831442
cppi_spy_cash,2022-07-20,9503.648011759597,0.0009142946347093783,0.021147193272529452,0.4728381758383408,0.5271618241616591
cppi_spy_cash,2022-07-21,9527.265453383496,0.0024850922082420013,0.0018157706985101885,0.4759571951359745,0.5240428048640255
cppi_spy_cash,2022-07-22,9507.91351697684,-0.0020312162499663833,0.004956912124815249,0.4798601638364751,0.5201398361635249
cppi_spy_cash,2022-07-25,9520.635154453776,0.001338005173713519,0.00407327927414064,0.47648947961352345,0.5235105203864765
cppi_spy_cash,2022-07-26,9486.106343324458,-0.003626733990868769,0.0026703022028458645,0.4772653531050524,0.5227346468949476
cppi_spy_cash,2022-07-27,9548.796439381245,0.006608622525184238,0.007281265997408637,0.47346760017222955,0.5265323998277704
cppi_spy_cash,2022-07-28,9595.132952354923,0.004852602447631638,0.01312663687538923,0.48908026668705645,0.5109197333129436
cppi_spy_cash,2022-07-29,9645.5083941538,0.005250103573240628,0.00965163008049108,0.5013546744274195,0.49864532557258046
cppi_spy_cash,2022-08-01,9636.095362301028,-0.000975897948362836,0.01044055509655828,0.511323428188939,0.48867657181106094
cppi_spy_cash,2022-08-02,9576.226757226845,-0.006212952738969935,0.0019588046189391584,0.506298238920106,0.49370176107989405
cppi_spy_cash,2022-08-03,9636.228895402204,0.006265739074116761,0.012504556756934126,0.4969519796858434,0.5030480203141565
cppi_spy_cash,2022-08-04,9624.142257735071,-0.0012542912583676236,0.012447157620735727,0.5087891223830359,0.49121087761696414
cppi_spy_cash,2022-08-05,9633.197480350706,0.0009408861977655558,0.002517847216756075,0.5067366230030548,0.4932633769969452
cppi_spy_cash,2022-08-08,9639.902168274752,0.0006959981810528149,0.0018787615612136932,0.5089580720474712,0.49104192795252877
cppi_spy_cash,2022-08-09,9632.248871406582,-0.0007939185206004007,0.00139010565656994,0.5099598063862605,0.4900401936137395
cppi_spy_cash,2022-08-10,9711.230203552901,0.008199677271709227,0.001589779864646923,0.5123692231033515,0.48763077689664847
cppi_spy_cash,2022-08-11,9718.929490307415,0.0007928230093543487,0.016265203540197448,0.529015500848518,0.470984499151482
cppi_spy_cash,2022-08-12,9782.579954943698,0.006549122997523638,0.001576729094610596,0.5336471721021628,0.46635282789783716
cppi_spy_cash,2022-08-15,9806.830183191107,0.002478919503760668,0.01301228679943034,0.5477863591129931,0.4522136408870069
cppi_spy_cash,2022-08-16,9844.635625175837,0.00385501138273292,0.004939694904341985,0.5544458796198558,0.4455541203801442
cppi_spy_cash,2022-08-17,9819.622862076156,-0.002540750521605517,0.0076782137671627115,0.5610120967476662,0.43898790325233383
cppi_spy_cash,2022-08-18,9825.669862467958,0.0006158078041016424,0.005097815425226138,0.5561898469452575,0.4438101530547425
cppi_spy_cash,2022-08-19,9768.729989479682,-0.005795011819578311,0.0012285951626872516,0.5548392741938472,0.44516072580615285
cppi_spy_cash,2022-08-22,9669.748085172156,-0.0101325253553044,0.01165812637284247,0.5385104185880476,0.4614895814119524
cppi_spy_cash,2022-08-23,9644.561540446728,-0.0026046743414184226,0.020477868888249984,0.5167837985247129,0.4832162014752871
cppi_spy_cash,2022-08-24,9655.75425586401,0.0011605209184828436,0.0052328482145694855,0.5121197015819107,0.48788029841808933
cppi_spy_cash,2022-08-25,9705.275034084125,0.005128628681704495,0.002315798324829088,0.5169141921062838,0.48308580789371625
cppi_spy_cash,2022-08-26,9548.240069857153,-0.01618037239289749,0.010203801385504918,0.5193456523485969,0.48065434765140314
cppi_spy_cash,2022-08-29,9521.606019417546,-0.00278941985588399,0.03289786976357584,0.48502820480825815,0.5149717951917419
cppi_spy_cash,2022-08-30,9478.051333487918,-0.004574300369161066,0.00561138700005015,0.4770275057283008,0.5229724942716991
cppi_spy_cash,2022-08-31,9444.642616314468,-0.003524850836733706,0.009193576110619883,0.46595639808990746,0.5340436019100925
cppi_spy_cash,2022-09-01,9463.935204415526,0.002042701760650134,0.007079548535317448,0.45998377256076695,0.540016227439233
cppi_spy_cash,2022-09-02,9418.186550105966,-0.004833999105173015,0.004073252174305375,0.4614558860007933,0.5385441139992067
cppi_spy_cash,2022-09-06,9396.941800472749,-0.0022557155265711115,0.00971715395475753,0.4505045541762593,0.5494954458237407
cppi_spy_cash,2022-09-07,9452.337833659622,0.005895112938135494,0.0045269701491441605,0.44922696133625695,0.550773038663743
cppi_spy_cash,2022-09-08,9478.534448509365,0.002771442928801937,0.011718635155608836,0.4624417255522866,0.5375582744477134
cppi_spy_cash,2022-09-09,9534.791117715193,0.005935165347705773,0.00552126699933686,0.47110500929142374,0.5288949907085763
cppi_spy_cash,2022-09-12,9567.39530706966,0.0034194969718728263,0.011797373812792278,0.4846706506477277,0.5153293493522724
cppi_spy_cash,2022-09-13,9381.312849315469,-0.019449646615593452,0.00680960811553083,0.4813970780170326,0.5186029219829674
cppi_spy_cash,2022-09-14,9385.327106780616,0.00042789932812437037,0.0396744092917507,0.44198359289430394,0.5580164071056961
cppi_spy_cash,2022-09-15,9362.678726084085,-0.0024131690285114082,0.0008332927674943869,0.4414695215062771,0.5585304784937228
cppi_spy_cash,2022-09-16,9332.20647450291,-0.0032546509896019815,0.004838478419950443,0.4347942213881794,0.5652057786118205
cppi_spy_cash,2022-09-19,9359.390661699585,0.002912943179187888,0.006533291411101039,0.4299252606386837,0.5700747393613164
cppi_spy_cash,2022-09-20,9318.180034857161,-0.004403131393058035,0.005805240684165547,0.4332382505918966,0.5667617494081034
cppi_spy_cash,2022-09-21,9250.991405548693,-0.007210488427689787,0.008848499612793104,0.4202143062307055,0.5797856937692945
cppi_spy_cash,2022-09-22,9234.81609915492,-0.0017484943704597633,0.014530844629490836,0.40465113338075154,0.5953488666192485
cppi_spy_cash,2022-09-23,9177.340960543119,-0.006223744793040331,0.0035117649634688886,0.3973909867667167,0.6026090132332833
cppi_spy_cash,2022-09-26,9139.740837696483,-0.004097060685474441,0.012527560986322683,0.38234054366578407,0.6176594563342159
cppi_spy_cash,2022-09-27,9123.078719659008,-0.0018230405361990831,0.008235569158519307,0.3729670225736513,0.6270329774263488
cppi_spy_cash,2022-09-28,9185.849894594554,0.006880481563781959,0.0036579041817674796,0.37362121309394847,0.6263787869060515
cppi_spy_cash,2022-09-29,9131.533783433139,-0.005913019675335418,0.013664636838904731,0.3836497311827856,0.6163502688172144
cppi_spy_cash,2022-09-30,9074.386276432924,-0.006258259385065634,0.011904805214482006,0.3677959080307416,0.6322040919692584
cppi_spy_cash,2022-10-03,9158.299839649873,0.009247299008515952,0.012602870054208237,0.3611091788518393,0.6388908211481608
cppi_spy_cash,2022-10-04,9256.557744778771,0.010728836885586679,0.018317088008895754,0.3860248729543015,0.6139751270456986
cppi_spy_cash,2022-10-05,9252.008952718077,-0.0004914129189395045,0.021218655177160206,0.406964680409208,0.593035319590792
cppi_spy_cash,2022-10-06,9207.83899115799,-0.004774094122240391,0.0009958927276119134,0.40311981710009637,0.5968801828999036
cppi_spy_cash,2022-10-07,9131.945969857818,-0.008242218545855384,0.009594585289079083,0.38849085869951944,0.6115091413004805
cppi_spy_cash,2022-10-10,9120.087223699293,-0.0012986001228727506,0.016627301821036833,0.37105725596802724,0.6289427440319728
cppi_spy_cash,2022-10-11,9123.861673999814,0.0004138612063613323,0.002611035150537344,0.3687091366248881,0.631290863375112
cppi_spy_cash,2022-10-12,9122.354526258521,-0.00016518748257532412,0.0008257316653029201,0.36943122681698143,0.6305687731830185
cppi_spy_cash,2022-10-13,9219.159091399608,0.010611795985612682,0.00033095022900886395,0.37572516259784366,0.6242748374021563
cppi_spy_cash,2022-10-14,9173.454963365222,-0.004957515927566769,0.02100052983660189,0.39373278212556695,0.606267217874433
cppi_spy_cash,2022-10-17,9235.510507729567,0.006764686218242444,0.009977162879114154,0.387902415709681,0.612097584290319
cppi_spy_cash,2022-10-18,9277.229518640643,0.004517239288089225,0.013432358376337994,0.4040349323896193,0.5959650676103807
cppi_spy_cash,2022-10-19,9263.09752852812,-0.0015232985326197879,0.008985845874296183,0.4121305521013773,0.5878694478986227
cppi_spy_cash,2022-10-20,9250.12068746092,-0.0014009181083579625,0.003056527574025858,0.40824683298153525,0.5917531670184648
cppi_spy_cash,2022-10-21,9343.695946158117,0.010116112195600158,0.0028075755817270065,0.41139531767924337,0.5886046823207567
cppi_spy_cash,2022-10-24,9397.578646614991,0.005766743777555039,0.020027950126450755,0.43469462647731005,0.56530537352269
cppi_spy_cash,2022-10-25,9443.25056926022,0.004859967057756931,0.011456036103757838,0.4488356480927524,0.5511643519072476
cppi_spy_cash,2022-10-26,9441.66408998063,-0.00016800139612471732,0.009666609792357672,0.4584165055493007,0.5415834944506993
cppi_spy_cash,2022-10-27,9469.91616829671,0.002992277425550416,0.0003412945775913001,0.45969214691932225,0.5403078530806777
cppi_spy_cash,2022-10-28,9581.595681734341,0.01179308364011833,0.005966516422708235,0.4718898981012742,0.5281101018987258
cppi_spy_cash,2022-10-31,9564.622406188568,-0.0017714456035887727,0.023308104695706877,0.49431397348631845,0.5056860265136816
cppi_spy_cash,2022-11-01,9550.108978954679,-0.0015174072344453782,0.003560965241199976,0.4899809150066812,0.5100190849933188
cppi_spy_cash,2022-11-02,9478.13310562522,-0.007536654658922726,0.003041242683377021,0.48304512227662505,0.516954877723375
cppi_spy_cash,2022-11-03,9457.429294505497,-0.002184376489441364,0.015189346518014013,0.46669892835894394,0.533301071641056
cppi_spy_cash,2022-11-04,9515.75424992121,0.006167104569272164,0.004386417489138372,0.465610505286232,0.534389494713768
cppi_spy_cash,2022-11-07,9575.67970167596,0.006297498882471109,0.01225626494916815,0.4811406855912519,0.5188593144087481
cppi_spy_cash,2022-11-08,9622.912873129215,0.004932618145632839,0.012509817798135647,0.4961421759749373,0.5038578240250626
cppi_spy_cash,2022-11-09,9529.32252891229,-0.009725781107118303,0.009810510449460297,0.5011053935428054,0.49889460645719463
cppi_spy_cash,2022-11-10,9697.22886942195,0.017619966162361056,0.019647496319071145,0.49044640242497134,0.5095535975750287
cppi_spy_cash,2022-11-11,9704.894381912487,0.0007904848481723459,0.03461974552594976,0.5254577085312439,0.47454229146875615
cppi_spy_cash,2022-11-14,9674.29291873593,-0.00315319899138633,0.001563291848725279,0.5255256276719201,0.4744743723280799
cppi_spy_cash,2022-11-15,9680.813788642576,0.0006740409827798999,0.006327087954343336,0.5195254413344284,0.48047455866557165
cppi_spy_cash,2022-11-16,9678.701312184709,-0.00021821269409660893,0.0013441338911032163,0.5207656442210957,0.4792343557789043
cppi_spy_cash,2022-11-17,9679.146620977474,4.600914713681625e-05,0.0004371647985439431,0.5203507573706336,0.47964924262936637
cppi_spy_cash,2022-11-18,9698.180223848742,0.0019664546490096857,9.180437492872784e-05,0.5213837828563268,0.4786162171436732
cppi_spy_cash,2022-11-21,9693.309824754779,-0.0005021972144821918,0.003925146649671474,0.525072285362692,0.474927714637308
cppi_spy_cash,2022-11-22,9752.230561570117,0.006078495155995789,0.0010067632547314798,0.5269414851523088,0.47305851484769124
cppi_spy_cash,2022-11-23,9767.376013988527,0.00155302444120764,0.012083064310765002,0.5397449068679129,0.4602550931320871
cppi_spy_cash,2022-11-25,9791.689079013528,0.0024892115333923215,0.003095671233313224,0.5439771307022442,0.4560228692977558
cppi_spy_cash,2022-11-28,9712.936320576751,-0.008042816494813643,0.004964649788001818,0.5452868453759205,0.45471315462407946
cppi_spy_cash,2022-11-29,9712.627294952521,-3.181588080380937e-05,0.016218313253070882,0.5290611865037602,0.4709388134962398
cppi_spy_cash,2022-11-30,9829.05139048413,0.011986879759312119,7.127174324750296e-05,0.5345690136004521,0.46543098639954794
cppi_spy_cash,2022-12-01,9801.236948914195,-0.0028298195283487093,0.023689759648480968,0.5570156722911186,0.4429843277088814
cppi_spy_cash,2022-12-02,9806.358598379607,0.0005225513363371626,0.0056861947050043105,0.5515663584127332,0.44843364158726684
cppi_spy_cash,2022-12-05,9732.31062752866,-0.007551016017625978,0.0010420069426052558,0.549204870295461,0.45079512970453905
cppi_spy_cash,2022-12-06,9677.600274799122,-0.005621517317252911,0.015217405090022673,0.5313600893335901,0.46863991066640986
cppi_spy_cash,2022-12-07,9677.191790875955,-4.2209216290056695e-05,0.011313726445158823,0.5200315338597882,0.4799684661402118
cppi_spy_cash,2022-12-08,9707.400545621531,0.0031216447290067784,8.985228933122702e-05,0.5214356326396566,0.47856436736034336
cppi_spy_cash,2022-12-09,9660.576888585487,-0.004823501082085624,0.006223817775720897,0.5253730264564117,0.4746269735435883
cppi_spy_cash,2022-12-12,9738.468222625479,0.008062803592197909,0.009696714036326881,0.519554744500282,0.48044525549971795
cppi_spy_cash,2022-12-13,9756.532921957052,0.0018549836502625983,0.01599197071715186,0.5364140870298153,0.4635859129701847
cppi_spy_cash,2022-12-14,9731.984381830576,-0.0025161130826739653,0.0036956843431626973,0.5389514206197686,0.46104857938023136
cppi_spy_cash,2022-12-15,9618.61492426304,-0.01164916147822792,0.005046623650255322,0.5284135626165664,0.47158643738343364
cppi_spy_cash,2022-12-16,9562.506604434626,-0.005833305550769108,0.023575307730178352,0.5019446192598433,0.49805538074015665
cppi_spy_cash,2022-12-19,9539.738556878208,-0.002380970649040748,0.011746807408917814,0.4889870936677883,0.5110129063322117
cppi_spy_cash,2022-12-20,9553.802541149307,0.00147425258954903,0.0047793092412284355,0.48496953455444214,0.5150304654455579
cppi_spy_cash,2022-12-21,9627.872985767546,0.007752980480725702,0.002941703234983828,0.49185240260651353,0.5081475973934865
cppi_spy_cash,2022-12-22,9578.830919873079,-0.005093759126960307,0.015385173597687984,0.5047223322994047,0.49527766770059534
cppi_spy_cash,2022-12-23,9602.682925270714,0.002490074790666874,0.010247296750703794,0.495735871207969,0.504264128792031
cppi_spy_cash,2022-12-27,9609.008731392856,0.0006587540348224064,0.004962612041866654,0.5010296598144092,0.49897034018559083
cppi_spy_cash,2022-12-28,9553.808761821532,-0.005744606037351607,0.0013141645187461082,0.49946912565258683,0.5005308743474132
cppi_spy_cash,2022-12-29,9603.210313022506,0.00517087503346203,0.011556252192908345,0.490553077639366,0.5094469223606339
cppi_spy_cash,2022-12-30,9592.538033517178,-0.0011113241465571244,0.01028266189925281,0.5002855275162861,0.4997144724837139
