baseline,date,portfolio_value,daily_returns,turnover,weight_spy,weight_cash,reward,drawdown,lambda_rrc,vix_zscore_t,nav_after_cost
ppo_variance_penalized,2020-01-02,10000.0,0.0,0.0,0.0,1.0,0.0,0.0,,,10000.0
ppo_variance_penalized,2020-01-03,9982.361210962872,-0.0017638789037127678,0.19670021533966064,0.19543907654064402,0.804560923459356,-0.0017654363698301266,0.0017638789037127936,,-1.121252637682178,9998.032997846603
ppo_variance_penalized,2020-01-06,9975.605043355496,-0.0006768105726284723,0.3411176563479255,-0.1460634364659127,1.1460634364659126,-0.0009731915333303921,0.002439495664450442,,-0.5150265874899304,9978.95605130177
ppo_variance_penalized,2020-01-07,9975.09589454751,-5.103939117201417e-05,0.12820303876941763,-0.017781851866532427,1.0177818518665325,-0.0005527778703508612,0.0024904105452489603,,-0.577966289820798,9974.326140475374
ppo_variance_penalized,2020-01-08,9971.942603291433,-0.00031611638518702634,0.031253704747866526,-0.0493344821902045,1.0493344821902044,-0.0007422000695523323,0.0028057396708567467,,-0.5971291346020252,9974.78413584559
ppo_variance_penalized,2020-01-09,9972.855061271639,9.150253029988065e-05,0.07095137321670139,0.02177581863940563,0.9782241813605944,-0.00035017783620209993,0.0027144938728361013,,-0.7317163457422727,9971.235080270091
ppo_variance_penalized,2020-01-10,9962.797897850469,-0.0010084537837340424,0.1635866097873369,0.18467347310425491,0.815326526895745,-0.0014070994277863669,0.003720210214953113,,-1.1033644571672967,9971.223635722265
ppo_variance_penalized,2020-01-13,9966.334940279834,0.00035502501060746816,0.03904393301846237,0.14596610146268976,0.8540338985373103,-0.00010297671003153857,0.0033665059720166027,,-1.0880230504530377,9962.40891103667
ppo_variance_penalized,2020-01-14,9967.169014474393,8.368915951129097e-05,0.05622978133455145,0.2023075013630587,0.7976924986369414,-0.0003519786754390692,0.0032830985525606595,,-1.17942901770067,9965.774535445435
ppo_variance_penalized,2020-01-15,9973.703085981673,0.0006555594169006529,0.02748129658629478,0.1753894628254859,0.824610537174514,0.00015576901672029859,0.0026296914018326786,,-1.14220809996923,9966.895103746581
ppo_variance_penalized,2020-01-16,9988.883814422197,0.0015220754327307517,0.0036811770169226654,0.17297013673399678,0.8270298632660033,0.0007753127186786091,0.0011116185577802753,,-1.1213026307072285,9973.666371015099
ppo_variance_penalized,2020-01-17,9990.925608187159,0.0002044065986646082,0.022715205220234486,0.19586798201742348,0.8041320179825765,-0.00048166967263760447,0.0009074391812840986,,-1.1555691481782835,9988.656914876432
ppo_variance_penalized,2020-01-21,9979.028308335734,-0.0011908105733142715,0.03876582135019127,0.2337510160249521,0.7662489839750479,-0.0019143515014132606,0.0020971691664266475,,-1.2387623873728912,9990.53830174991
ppo_variance_penalized,2020-01-22,9977.180812726545,-0.00018513782625961817,0.18156389734566705,0.05218373063616862,0.9478162693638313,-0.0008523913027920538,0.00228191872734551,,-0.9143686757330924,9977.216477064349
ppo_variance_penalized,2020-01-23,9976.343185574955,-8.395429203023053e-05,0.018529796864460803,0.07065272429761199,0.929347275702388,-0.0007040930593582208,0.0023656814425045015,,-0.8850059128587179,9976.995937592805
ppo_variance_penalized,2020-01-24,9973.239604833432,-0.0003110940235105941,0.022257098050682822,0.04812068223192022,0.9518793177680798,-0.0008911893470045494,0.002676039516656783,,-0.8491585386417684,9976.121141126487
ppo_variance_penalized,2020-01-27,10007.437802116328,0.003428995856704642,0.2909960943384342,-0.23826772531624135,1.2382677253162413,0.002119213508274362,0.0,,-0.1627746539082402,9970.337431060525
ppo_variance_penalized,2020-01-28,9983.88155532937,-0.0023538739138581066,0.09564974346999827,-0.3369368607234723,1.3369368607234722,-0.0039035861508269513,0.002353873913858052,,1.4216818453097495,10006.480593257764
ppo_variance_penalized,2020-01-29,9982.497165634608,-0.00013866247181415492,0.13866247181413238,-0.1982743889093399,1.19827438890934,-0.0015997692062089807,0.0024922099916969923,,0.5866366623582641,9982.497165634608
ppo_variance_penalized,2020-01-30,9968.685455514107,-0.001383592691420743,0.09736962616443634,-0.29731281122448316,1.2973128112244832,-0.0028513662573354213,0.003872354479587777,,0.6428733357594455,9981.525173617403
ppo_variance_penalized,2020-01-31,10005.105111857069,0.0036534061091089143,0.11941404661419264,-0.17347094104742206,1.173470941047422,0.0015631000098350356,0.00023309565399112723,,0.2542215121852175,9967.49505444444
ppo_variance_penalized,2020-02-03,9981.177087421946,-0.002391581514397667,0.21979332282090985,-0.39629739271923753,1.3962973927192375,-0.0046444618521189265,0.0026241197011316266,,1.7092973316129427,10002.90605655936
ppo_variance_penalized,2020-02-04,9949.253389130854,-0.0031983901308916263,0.1855205421380684,-0.21443646821798432,1.2144364682179842,-0.00577194139033251,0.005814116873468834,,1.3230229086231358,9979.325374037511
ppo_variance_penalized,2020-02-05,9904.485557635297,-0.004499617181774052,0.05140093293367279,-0.2714935702434784,1.2714935702434784,-0.007727821796409338,0.010287572755062233,,0.4879083594053889,9948.74198822466
ppo_variance_penalized,2020-02-06,9898.355859388375,-0.00061888103236174,0.09819586697733462,-0.1739090002949504,1.1739090002949504,-0.003704664077034396,0.010900087003776813,,0.0975880082047145,9903.512978089
ppo_variance_penalized,2020-02-07,9915.333689904257,0.001715217229715904,0.026759364468309482,-0.1985804098706715,1.1985804098706714,-0.0014241832218179892,0.009203565791095264,,0.0157457249951368,9898.090985676297
ppo_variance_penalized,2020-02-10,9900.820165622894,-0.0014637454205036482,0.03741230489201619,-0.23775823637658555,1.2377582363765856,-0.004528840816370269,0.01065383953431991,,0.2391059158775173,9914.962734417144
ppo_variance_penalized,2020-02-11,9900.27850953329,-5.470820402186938e-05,0.06075580641442735,-0.1769953115300101,1.17699531153001,-0.0030091028044289996,0.010707964885914911,,0.0532871418176267,9900.218633309567
ppo_variance_penalized,2020-02-12,9878.98328163898,-0.0021509726088819736,0.044936429111583825,-0.22451072041143874,1.2245107204114387,-0.005111541344519884,0.012835904955630363,,0.1155957632010759,9899.83362636986
ppo_variance_penalized,2020-02-13,9877.421237736358,-0.00015811788096919965,0.20808809105505446,-0.01637183047184732,1.0163718304718474,-0.0030169229835332392,0.012991993250507613,,-0.5079166457394809,9876.92758286634
ppo_variance_penalized,2020-02-14,9877.505895032662,8.570789304940263e-06,0.13839978062262748,-0.1546018951072562,1.1546018951072563,-0.002760994322237989,0.012983533812839582,,-0.3269810390372755,9876.054204803939
ppo_variance_penalized,2020-02-18,9877.953538060829,4.5319439231361613e-05,0.12335231979035022,-0.03107564051967437,1.0310756405196744,-0.002641401463073241,0.012938802780079937,,-0.5270928769657132,9876.287481766767
ppo_variance_penalized,2020-02-19,9866.010440712056,-0.0012090659571089013,0.22074525157589142,-0.2530595902706372,1.2530595902706372,-0.0038326004890141454,0.014132224871221663,,-0.0266714102394479,9875.773026722014
ppo_variance_penalized,2020-02-20,9868.664472703076,0.0002690076203515357,0.15792353641044965,-0.09466863189797077,1.0946686318979708,-0.002288363847609584,0.013867018927052941,,-0.2215493742151412,9864.452365452997
ppo_variance_penalized,2020-02-21,9897.426869429079,0.002914517643756165,0.2059192308320555,-0.2965412543161411,1.296541254316141,0.0001152280544897983,0.010992916954626007,,0.2891102737620407,9866.632324905517
ppo_variance_penalized,2020-02-24,9988.201579172724,0.009171546396975927,0.03451205352382847,-0.2505164756959577,1.2505164756959577,0.003944867772128702,0.0019221926055374477,,0.9442302755974517,9897.085288903212
ppo_variance_penalized,2020-02-25,10124.750984423134,0.013671070229013038,0.18682476733268305,-0.41769135402144275,1.4176913540214429,0.0035335901466586276,0.0,,4.22184436454829,9986.335535736624
ppo_variance_penalized,2020-02-26,10139.467184054743,0.001453487562731226,0.006119463905704836,-0.4095145401988382,1.4095145401988383,-0.008353244704896057,0.0,,5.095597825897003,10124.68902637493
ppo_variance_penalized,2020-02-27,10324.365332446567,0.018235489600734844,0.007480287316834422,-0.37691504527377884,1.3769150452737788,0.0004988973788107622,0.0,,4.734416174629932,10139.391337926967
ppo_variance_penalized,2020-02-28,10390.746187462384,0.006429533717409397,0.20422076414776047,-0.5707139503541108,1.5707139503541108,-0.011487604494870171,0.0,,7.883651998287038,10322.256882669033
ppo_variance_penalized,2020-03-02,10135.01098266697,-0.024611822883710444,0.0696808826508637,-0.5388011764010288,1.5388011764010288,-0.05872316506992088,0.024611822883710437,,7.25629335652188,10390.02215109664
ppo_variance_penalized,2020-03-03,10223.30505094208,0.008711788120023822,0.22984517917240632,-0.29735287662485144,1.2973528766248514,-0.02595949578920437,0.016114447749897093,,5.011807423017717,10132.681499251745
ppo_variance_penalized,2020-03-04,10006.543983043706,-0.02120264110463943,0.1732133365060995,-0.5021612779073781,1.502161277907378,-0.06645765150156004,0.03697542000229603,,5.553507894223165,10221.534238164086
ppo_variance_penalized,2020-03-05,10100.81463401652,0.009420900076245964,0.2250073388986653,-0.2649496061584275,1.2649496061584276,-0.036593637009943704,0.027902861663169014,,4.134371804762353,10004.29243721051
ppo_variance_penalized,2020-03-06,10146.218191719996,0.0044950391971920745,0.20609174539835046,-0.4641567401393231,1.4641567401393232,-0.040842188118373514,0.02353324692286671,,5.629034102683704,10098.73293949865
ppo_variance_penalized,2020-03-09,10443.954331503852,0.029344543371522258,0.08568354768593872,-0.3390609479166143,1.3390609479166142,-0.03316107228652242,0.0,,5.7327036136449925,10145.348827749734
ppo_variance_penalized,2020-03-10,10166.370079808894,-0.02657846280097509,0.1970256709836848,-0.5777172701794413,1.5777172701794413,-0.10422978770383864,0.026578462800975096,,7.443963267849547,10441.896604393964
ppo_variance_penalized,2020-03-11,10354.77925522313,0.018532590682335037,0.2559692221123484,-0.29736616514368197,1.297366165143682,-0.06403440737989959,0.008538439890696248,,5.643705476690732,10163.767801967859
ppo_variance_penalized,2020-03-12,10872.060415855662,0.04995578832562808,0.20121837355451444,-0.42699627223733677,1.4269962722373368,-0.07894501074292237,0.0,,6.253245263583844,10352.695683382877
ppo_variance_penalized,2020-03-13,10308.009210686783,-0.051880801209150174,0.12199868616338955,-0.6335561868445894,1.6335561868445894,-0.23887420839754714,0.051880801209150194,,8.326319460410785,10870.734038769038
ppo_variance_penalized,2020-03-16,10690.100192781521,0.03706738850200164,0.34031984179187025,-0.24658845259010492,1.246588452590105,-0.17057927572195536,0.016736498521363254,,5.461591493098656,10304.501190623014
ppo_variance_penalized,2020-03-17,10356.01891326212,-0.03125146383052513,0.3239528696411878,-0.6206812007903784,1.6206812007903784,-0.2557101117393518,0.04746492227369837,,7.637808953676683,10686.637104147318
ppo_variance_penalized,2020-03-18,10590.01440971911,0.022595120616990316,0.2738645120143621,-0.31669691780690556,1.3166969178069055,-0.20615618459504445,0.025942277300558415,,6.268315464708368,10353.182767196027
ppo_variance_penalized,2020-03-19,10538.771740969614,-0.004838772334669006,0.16839867254610652,-0.49206526635937275,1.4920652663593728,-0.2296950346267134,0.030655520861527206,,5.854942756782667,10588.231065350268
ppo_variance_penalized,2020-03-20,10721.40480317186,0.017329634485986345,0.11874444841198506,-0.349766778806327,1.349766778806327,-0.20826428827975818,0.01385713534704868,,5.105067223695603,10537.520320332293
ppo_variance_penalized,2020-03-23,10861.038667577073,0.013023840342629711,0.08629147424352346,-0.4174733863918016,1.4174733863918016,-0.21082944628002945,0.0010137681227851147,,4.3536582146712695,10720.479637345432
ppo_variance_penalized,2020-03-24,10390.144671100277,-0.04335625817101019,0.024221818312806842,-0.4563601475393345,1.4563601475393346,-0.30092827071228795,0.044326073101338286,,3.820195907751789,10860.775593471779
ppo_variance_penalized,2020-03-25,10298.50621685701,-0.008819747668976752,0.12482054645176432,-0.34322026135595674,1.3432202613559567,-0.2625305376368958,0.05275487599040462,,3.70585945184924,10388.847767564717
ppo_variance_penalized,2020-03-26,10045.538846024423,-0.02456350129871443,0.05626422403184539,-0.4346456651379997,1.4346456651379997,-0.28508806439002576,0.07602253282421527,,3.772196338990945,10297.926779396032
ppo_variance_penalized,2020-03-27,10171.236067666252,0.012512740587487192,0.10883746787809673,-0.3092812035961494,1.3092812035961494,-0.24591636878108544,0.06446104246876122,,3.430434764329368,10044.44551501295
ppo_variance_penalized,2020-03-30,10037.71720285578,-0.013127103129079942,0.10804870382114795,-0.4360276498132222,1.436027649813222,-0.27024731022973586,0.07674195884554572,,3.6779857984602273,10170.13707879288
ppo_variance_penalized,2020-03-31,10090.281523265769,0.005236680746000033,0.12679264324240613,-0.3022495401105232,1.3022495401105232,-0.24802598295255954,0.07190715123784243,,2.9486714335617124,10036.44449415951
ppo_variance_penalized,2020-04-01,10266.738072978154,0.017487772695491177,0.08898903010279469,-0.3672053881856711,1.3672053881856712,-0.23651652027209177,0.05567687445837898,,2.6272499166680947,10089.383598899549
ppo_variance_penalized,2020-04-02,10187.59194009698,-0.007708985299769711,0.015482700702837249,-0.36220296177263844,1.3622029617726383,-0.25860359423665674,0.06295664755141193,,2.836512062548897,10266.579116145376
ppo_variance_penalized,2020-04-03,10240.050092681719,0.005149220040731262,0.03224413546915639,-0.32310299447581214,1.3231029944758121,-0.24216942639263941,0.05813160514194973,,2.3395096860096287,10187.26345000236
ppo_variance_penalized,2020-04-06,9974.950401691593,-0.025888515055173977,0.0189086062569912,-0.37765157880246447,1.3776515788024644,-0.2804484606281904,0.08251517926222487,,2.0094354870390974,10239.856467606463
ppo_variance_penalized,2020-04-07,9973.191056885042,-0.00017637629619216,0.0863638884013872,-0.29140394281941173,1.2914039428194117,-0.2505438127772998,0.08267700183671914,,1.8728963918113288,9974.088926188291
ppo_variance_penalized,2020-04-08,9852.310088955173,-0.012120590815957288,0.062105006460373424,-0.37003046830951997,1.37003046830952,-0.2609970920313584,0.09379549854352341,,1.955665725318066,9972.571671790023
ppo_variance_penalized,2020-04-09,9817.619080656477,-0.003521103983276541,0.08332491477787324,-0.29114459327140857,1.2911445932714085,-0.24882919955312333,0.09698633882326498,,1.6949970867492063,9851.489146056647
ppo_variance_penalized,2020-04-13,9861.727086584817,0.004492739590522987,0.04744432994445752,-0.3325386655427463,1.3325386655427462,-0.23758681465984552,0.09292933359691313,,1.558747995557223,9817.153290297545
ppo_variance_penalized,2020-04-14,9787.509293160534,-0.007525841343271722,0.025760979662085293,-0.3166529431616587,1.3166529431616587,-0.24692690435134346,0.09975580351939851,,1.5086692019686287,9861.473038833907
ppo_variance_penalized,2020-04-15,9844.394980802492,0.005812069847198842,0.01313011792056984,-0.2959734217851526,1.2959734217851526,-0.23072296552734972,0.09452352136991779,,1.2542637659562617,9787.380782009366
ppo_variance_penalized,2020-04-16,9840.449169563239,-0.00040081805402447657,0.034895448234760096,-0.3313560602994546,1.3313560602994545,-0.233634577530596,0.09488645269004718,,1.460685022932264,9844.051456227036
ppo_variance_penalized,2020-04-17,9751.028384220723,-0.00908706338518539,0.030737978014527212,-0.31250491931004687,1.3125049193100469,-0.2402387594665462,0.10311127686524271,,1.396367074412422,9840.146694053012
ppo_variance_penalized,2020-04-20,9822.219718975031,0.007300905294205906,0.0065365750984685,-0.2964942260922361,1.296494226092236,-0.22148666524838886,0.09656317723819463,,1.2471320181479757,9750.964645891401
ppo_variance_penalized,2020-04-21,9910.884914706761,0.009027001866028561,0.037639428740603886,-0.32214840270581635,1.3221484027058164,-0.2178448930794493,0.08840785135328492,,1.632263957264105,9821.850016235845
ppo_variance_penalized,2020-04-22,9850.413552797902,-0.0061015098479376695,0.014136543050436101,-0.31602309677449886,1.3160230967744988,-0.23043455518769124,0.09396993982555547,,1.7250882541303527,9910.744809055497
ppo_variance_penalized,2020-04-23,9846.488010877913,-0.0003985154429251292,0.019111767743508257,-0.29740357812447504,1.297403578124475,-0.22180029068210927,0.09433100679628938,,1.4713639749323046,9850.225293981903
ppo_variance_penalized,2020-04-24,9811.03510129241,-0.0036005639316614158,0.008533890881109674,-0.3106453867845814,1.3106453867845813,-0.2223171088507421,0.09759192590724274,,1.4168224608610036,9846.403982023665
ppo_variance_penalized,2020-04-27,9771.760657944258,-0.004003088659113807,0.04060705026915479,-0.27509106659286714,1.2750910665928672,-0.22012999516944912,0.10120434543453619,,1.0301204122785588,9810.636704096858
ppo_variance_penalized,2020-04-28,9774.322444742602,0.0002621622538678814,0.0007887933314492668,-0.2755444539098455,1.2755444539098455,-0.2131590526823998,0.10096871513996868,,0.8405986968556356,9771.752950044614
ppo_variance_penalized,2020-04-29,9714.021842934855,-0.006169287144827229,0.0018635200948999842,-0.28533519542725977,1.2853351954272598,-0.21739963590844064,0.10651509728845318,,0.853677813219134,9774.304230096312
ppo_variance_penalized,2020-04-30,9746.065852787333,0.0032987376774105126,0.031247985725721683,-0.24992484781289856,1.2499248478128986,-0.20550280589926626,0.10356772497568115,,0.6863267549098547,9713.718299318967
ppo_variance_penalized,2020-05-01,9815.395508410562,0.007113604265602369,0.043128153352491455,-0.28386433139301087,1.283864331393011,-0.19984425658152047,0.09719086052024456,,0.8822878370494066,9745.64552296465
ppo_variance_penalized,2020-05-04,9813.735900398833,-0.00016908213329835942,0.003897261767156379,-0.2801785365770979,1.280178536577098,-0.20463832677870922,0.09734350941550902,,1.0843558520255343,9815.357255244917
ppo_variance_penalized,2020-05-05,9798.414333124656,-0.001561236967213886,0.013980348510615359,-0.2681603850480233,1.2681603850480232,-0.20364700025195384,0.09875277009730513,,0.992510122868216,9813.598700950755
ppo_variance_penalized,2020-05-06,9818.715876298702,0.002071921280713207,0.011681270753971185,-0.25386652428647827,1.2538665242864782,-0.19772623743769127,0.09688545678248593,,0.8239180749247235,9798.29987519387
ppo_variance_penalized,2020-05-07,9796.085446238701,-0.0023048258392553977,0.011150627546102299,-0.26792539330622145,1.2679253933062213,-0.19985685246615006,0.098966978517501,,0.8538177738861711,9818.606391454985
ppo_variance_penalized,2020-05-08,9750.456564534667,-0.004657868896147166,0.033342715822662794,-0.2403187552957838,1.2403187552957837,-0.2001939073300114,0.1031638722026658,,0.6655475635101678,9795.758818145492
ppo_variance_penalized,2020-05-11,9759.581263128232,0.0009358227005240582,0.020517821100265315,-0.2186354797925189,1.218635479792519,-0.1924094648258252,0.102324592595623,,0.4250931855870794,9750.25650641123
ppo_variance_penalized,2020-05-12,9800.30848056587,0.004173049676988283,0.007725601211623856,-0.2212552478100955,1.2212552478100955,-0.18724859880618827,0.09857854852671388,,0.393766307387475,9759.5058644954
ppo_variance_penalized,2020-05-13,9859.25346575941,0.006014605082118596,0.053412492058068556,-0.26697927669110666,1.2669792766911065,-0.18373350862030222,0.09315685448355203,,0.7654796519762199,9799.785021666985
ppo_variance_penalized,2020-05-14,9816.886573619682,-0.0042971703980291265,0.013184725795415742,-0.25918896952369574,1.2591889695236957,-0.19215946985541948,0.09705371400412093,,0.9131913732833082,9859.123474205917
ppo_variance_penalized,2020-05-15,9815.108403052775,-0.00018113386088070005,0.018410866052893438,-0.2409800431778346,1.2409800431778346,-0.18601426933159593,0.09721726815107125,,0.7251961389028778,9816.705836235918
ppo_variance_penalized,2020-05-18,9722.961438717413,-0.009388277801058331,0.005460978383788007,-0.25824698703073634,1.2582469870307365,-0.1941858424934151,0.10569284323166732,,0.6710434353959198,9815.054802957951
ppo_variance_penalized,2020-05-19,9754.791437714011,0.0032736938428912232,0.038666873142949476,-0.2155536061819733,1.2155536061819734,-0.1796726379733241,0.10276515539890127,,0.4900177434505237,9722.585482200888
ppo_variance_penalized,2020-05-20,9718.594125202579,-0.0037107213150131546,0.037911658853655966,-0.25808615118544304,1.258086151185443,-0.1848761135810728,0.10609454386133504,,0.5701742451217557,9754.421617388836
ppo_variance_penalized,2020-05-21,9723.706941320683,0.0005260859803626339,0.056455543938090436,-0.20093097558816767,1.2009309755881676,-0.1787718450381309,0.10562427273309079,,0.3928691522351087,9718.045456684928
ppo_variance_penalized,2020-05-22,9724.613965356491,9.327965572003549e-05,0.050209827510510924,-0.2509612942959125,1.2509612942959125,-0.17737642283670965,0.10554084567316699,,0.4942890652188644,9723.218715672396
ppo_variance_penalized,2020-05-26,9680.146774704981,-0.004572643275087662,0.044460018994932904,-0.2119896304645821,1.211989630464582,-0.18044492953796787,0.10963088831004014,,0.3974360107349571,9724.181608834873
ppo_variance_penalized,2020-05-27,9630.70484260575,-0.005107560169276271,0.0187179106435493,-0.23700256988960922,1.2370025698896092,-0.17945119339155882,0.11417850212086166,,0.3839041790246172,9679.965582582636
ppo_variance_penalized,2020-05-28,9642.29611194756,0.001203574352162784,0.01712626562077224,-0.218388990603178,1.218388990603178,-0.1714260948115476,0.11311235008541988,,0.3544471098927093,9630.5399045965
ppo_variance_penalized,2020-05-29,9642.620928081948,3.3686596077942e-05,0.023349179782182705,-0.24166734927111982,1.2416673492711199,-0.17090432836419303,0.11308247385939069,,0.4178809736110189,9642.070972242129
ppo_variance_penalized,2020-06-01,9634.312186479881,-0.0008616683849791418,0.02441408150607466,-0.21827329722903896,1.2182732972290389,-0.17014291625552175,0.11384670265174994,,0.3411927855090347,9642.385512348677
ppo_variance_penalized,2020-06-02,9610.791488666706,-0.0024413468608773803,0.02118675383068394,-0.24246708404010303,1.242467084040103,-0.17013881217349947,0.11601011022248724,,0.3878253609395267,9634.108066679259
ppo_variance_penalized,2020-06-03,9568.31817711123,-0.00441933545281481,0.029704206695017887,-0.21811009029336945,1.2181100902933695,-0.17068104859376698,0.11991675808231085,,0.290520623450909,9610.506007729824
ppo_variance_penalized,2020-06-04,9567.019534729086,-0.0001357231603408282,0.008011659779033814,-0.21025299497870167,1.2102529949787018,-0.16481999360079544,0.1200362057612669,,0.2074530345701913,9568.241519001338
ppo_variance_penalized,2020-06-05,9501.839558068516,-0.0068129866803304795,0.008012925898754991,-0.2266130574250641,1.2266130574250642,-0.17036290510333918,0.12603138737058847,,0.2151460629702627,9566.942874910483
ppo_variance_penalized,2020-06-08,9469.548272932007,-0.003398424582857662,0.03386062162165071,-0.1967792123600336,1.1967792123600336,-0.16549525475894233,0.12900150378839423,,0.1245367615942675,9501.51781987453
ppo_variance_penalized,2020-06-09,9491.776702336956,0.002347359004281957,0.029686668510785497,-0.22355734283880593,1.223557342838806,-0.1583331574463613,0.1269569576255959,,0.2103730175758235,9469.267153591481
ppo_variance_penalized,2020-06-10,9516.226844585959,0.002575928934672733,0.01943253998799918,-0.23977216338812887,1.239772163388129,-0.1567283039983127,0.12470806079152888,,0.3278701658763039,9491.592253006631
ppo_variance_penalized,2020-06-11,9666.07972290563,0.015747089762254474,0.008556209561224576,-0.21211808696726267,1.2121180869672628,-0.14454844380399726,0.1109247600566353,,0.3247931332388614,9516.145421754845
ppo_variance_penalized,2020-06-12,9604.409731585176,-0.006380041659941549,0.12274858578702505,-0.3432729571855094,1.3432729571855093,-0.16547187496661014,0.11659709712629647,,1.221107989128025,9664.89322528954
ppo_variance_penalized,2020-06-15,9590.160811471187,-0.0014835810333173605,0.1269039988315131,-0.2180216300576505,1.2180216300576505,-0.1591594523491096,0.11790769691777742,,0.8932550960760133,9603.190893583822
ppo_variance_penalized,2020-06-16,9531.739827153015,-0.0060917627416938736,0.06656924008433254,-0.29237821737673053,1.2923782173767306,-0.16268853594030677,0.12328119394442862,,0.7721637529695902,9589.52240175368
ppo_variance_penalized,2020-06-17,9548.463415499855,0.0017545158229350655,0.05382688383009204,-0.23631553102656375,1.2363155310265637,-0.15350434316604694,0.12174297692693939,,0.717040415116921,9531.22676330064
ppo_variance_penalized,2020-06-18,9551.770493066533,0.0003463465714608205,0.030023800838746922,-0.2658628842755079,1.265862884275508,-0.1535773924287447,0.12143879561813656,,0.6981737760064307,9548.176734335952
ppo_variance_penalized,2020-06-19,9574.89580666172,0.0024210499626191595,0.02457307492930888,-0.23826141428793038,1.2382614142879305,-0.15025704401330706,0.11931175504710911,,0.6569115223597698,9551.5357766945
ppo_variance_penalized,2020-06-22,9559.380612504387,-0.001620403445700025,0.032162683488482585,-0.27244511197216387,1.2724451119721638,-0.1530161667037132,0.12073882531381826,,0.7995690514026287,9574.587852318455
ppo_variance_penalized,2020-06-23,9549.389351058815,-0.0010451787464662576,0.053702190023730945,-0.2199525412522627,1.2199525412522627,-0.1511716241833822,0.12165781040619325,,0.5668256573088222,9558.867252830225
ppo_variance_penalized,2020-06-24,9610.99299981629,0.00645105634431431,0.026620802620761275,-0.23855020195203,1.23855020195203,-0.1428286375588527,0.11599157545153527,,0.5352392917034265,9549.135138649752
ppo_variance_penalized,2020-06-25,9584.592660750775,-0.00274688984437077,0.009502529204319182,-0.25147854520509483,1.251478545205095,-0.1508241000426052,0.11841984921526569,,0.6984696901367211,9610.901671074627
ppo_variance_penalized,2020-06-26,9643.87802157907,0.006185485698424031,0.025009639398553385,-0.21889875146645105,1.218898751466451,-0.14103856018977226,0.11296684780057212,,0.5836973034311527,9584.352953544549
ppo_variance_penalized,2020-06-29,9587.344686948696,-0.005862095570254633,0.04451378372413123,-0.27080588144651746,1.2708058814465175,-0.15213882481071367,0.11816672091274934,,0.7491052555145135,9643.448736078555
ppo_variance_penalized,2020-06-30,9571.561559876933,-0.001646245919712186,0.06423425776354169,-0.20848358161556382,1.208483581615564,-0.14674119339176542,0.11961843535031312,,0.5438638308565273,9586.728850978807
ppo_variance_penalized,2020-07-01,9576.18411518234,0.00048294682915517306,0.02578573934924941,-0.2336417110651436,1.2336417110651436,-0.143455557921295,0.11919325786521887,,0.4477604903790185,9571.314750085385
ppo_variance_penalized,2020-07-02,9567.699290644226,-0.0008860339813914209,0.03676832933124924,-0.1978907466067149,1.1978907466067148,-0.14368474249513388,0.11997368256978898,,0.3205436819003172,9575.832014891055
ppo_variance_penalized,2020-07-06,9532.740512923876,-0.0036538332422858533,0.007831928120724974,-0.21013486258267133,1.2101348625826713,-0.145420022833298,0.12318915198250188,,0.2526521753771651,9567.6243571111
ppo_variance_penalized,2020-07-07,9562.304948214694,0.0031013573956761853,0.0039005713868018876,-0.2025002032941191,1.202500203294119,-0.13764895888418965,0.12046984817439371,,0.2666694112611186,9532.703329788994
ppo_variance_penalized,2020-07-08,9548.242648225687,-0.0014705973157269625,0.02101696129385544,-0.2252933631058456,1.2252933631058456,-0.14113582968396599,0.1217632828547694,,0.3644895923270537,9562.103977621719
ppo_variance_penalized,2020-07-09,9572.269120899624,0.002516324056595076,0.03420310713012234,-0.18805997309711467,1.1880599730971146,-0.13613958693356767,0.1195533546760318,,0.2686409262625371,9547.916068659486
ppo_variance_penalized,2020-07-10,9542.441736337738,-0.0031160202649089808,0.03344410421821584,-0.22528122633714506,1.225281226337145,-0.14077395728526862,0.12229684426503244,,0.3452632419350072,9571.94898493354
ppo_variance_penalized,2020-07-13,9540.553792438262,-0.00019784704498493344,0.05003215640802214,-0.17542282361609804,1.175422823616098,-0.13680830408348943,0.12247049524076857,,0.2067203001504579,9541.96430740027
ppo_variance_penalized,2020-07-14,9485.64958292478,-0.005754824165133843,0.09099584203140867,-0.27363296055356634,1.2736329605535663,-0.14157355917048436,0.1275205232403749,,0.5375716487308452,9539.685641712473
ppo_variance_penalized,2020-07-15,9469.284633424224,-0.0017252323478208487,0.08515733682672155,-0.1904281815143508,1.190428181514351,-0.13652848204489224,0.12902575305649047,,0.3502176105609451,9484.841810268226
ppo_variance_penalized,2020-07-16,9479.759639097505,0.0011062087664264197,0.019861430898101884,-0.20892824730380097,1.208928247303801,-0.1327144520512733,0.1280622737091899,,0.2255767859205059,9469.096559881822
ppo_variance_penalized,2020-07-17,9484.96642644057,0.0005492530972610599,0.005624522776441959,-0.20263640474796685,1.2026364047479667,-0.13229349218399564,0.12758335921240593,,0.2384681701347573,9479.7063199735
ppo_variance_penalized,2020-07-20,9484.163154500153,-8.468895980240365e-05,0.034146948571209035,-0.1685485189859433,1.1685485189859433,-0.13195830319505553,0.1276572432702286,,0.0756133020464162,9484.642543779806
ppo_variance_penalized,2020-07-21,9475.312192832378,-0.0009332359137638191,0.0057330375616116425,-0.1638950035766874,1.1638950035766875,-0.13185382960019934,0.1284713448599205,,-0.0111685309584925,9484.108781436547
ppo_variance_penalized,2020-07-22,9465.207414776365,-0.0010664322030103923,0.009106688122340612,-0.17424326036547624,1.1742432603654762,-0.13104855589697625,0.1294007710836082,,0.011951226922505,9475.225904119376
ppo_variance_penalized,2020-07-23,9483.607662373577,0.0019439877850417897,0.01360026393507921,-0.15837534386035312,1.158375343860353,-0.12714976387029098,0.12770833681692795,,-0.0271886768743657,9465.078685457323
ppo_variance_penalized,2020-07-24,9497.055420789868,0.0014180002900840982,0.03544060271862637,-0.19208326261011197,1.1920832626101119,-0.1267820307260558,0.12647142698549632,,0.0907628090025317,9483.271557602076
ppo_variance_penalized,2020-07-27,9489.253666943347,-0.0008214918730959919,0.024696477460537686,-0.16831771831894027,1.1683177183189404,-0.12811949909978274,0.12718902360914486,,0.0706463112433853,9496.820876974727
ppo_variance_penalized,2020-07-28,9500.643990804936,0.0012003392744435182,0.009086696318627463,-0.15783069875917566,1.1578306987591755,-0.12522494727732195,0.1261413543150175,,-0.009083740695794,9489.167440976984
ppo_variance_penalized,2020-07-29,9490.70628037358,-0.0010460038752081458,0.01542072150030005,-0.1744618194905453,1.1744618194905452,-0.126596437085053,0.12705541384478816,,0.0360930690044777,9500.497484019881
ppo_variance_penalized,2020-07-30,9501.546679128398,0.0011422120161104221,0.033811129888647096,-0.13931078844063335,1.1393107884406333,-0.12355796837149811,0.12605832604908315,,-0.0599446699725481,9490.3853888708
ppo_variance_penalized,2020-07-31,9494.82349475487,-0.0007075884169781554,0.02792744703299946,-0.1680321234908771,1.168032123490877,-0.12455411938574866,0.12667671705468528,,-0.0164030963185681,9501.281325186785
ppo_variance_penalized,2020-08-03,9482.144215116268,-0.001335388661580228,0.021474583789415302,-0.14806603221767503,1.148066032217675,-0.12434657500106273,0.12784294306462451,,-0.0391417109474953,9494.619597372166
ppo_variance_penalized,2020-08-04,9472.663525033176,-0.0009998466452322274,0.008406591130561053,-0.1576203441733121,1.1576203441733122,-0.12318222708506259,0.12871496637211693,,-0.0535592244669842,9482.06450260681
ppo_variance_penalized,2020-08-05,9454.211649880852,-0.0019479077984310145,0.01294917226970188,-0.14689038608641622,1.1468903860864161,-0.12332839630484597,0.13041214928377687,,-0.0895879326774309,9472.540861881338
ppo_variance_penalized,2020-08-06,9445.074588895917,-0.0009664540337479544,0.009958728295278524,-0.13802017959071952,1.1380201795907194,-0.12153862673644451,0.1312525659697998,,-0.1440868148157872,9454.117497955785
ppo_variance_penalized,2020-08-07,9441.699566520907,-0.0003573314687189688,0.003365344724195779,-0.13505660780660828,1.1350566078066082,-0.12013061614234245,0.13156299676634764,,-0.1687147993537758,9445.04280296398
ppo_variance_penalized,2020-08-10,9426.253282712854,-0.001635964340871765,0.008051328742429809,-0.12884295199008253,1.1288429519900824,-0.12063286723918072,0.13298372873593145,,-0.2009895924136115,9441.62354829381
ppo_variance_penalized,2020-08-11,9430.372106112536,0.0004369523368563666,0.0007070473203208694,-0.12764238105075495,1.127642381050755,-0.11778538327132869,0.13260488395011008,,-0.2078100878188198,9426.24661790573
ppo_variance_penalized,2020-08-12,9413.487859958908,-0.0017904114454491138,0.04237761809570653,-0.1720689020628818,1.1720689020628818,-0.119259381449435,0.13415787809361246,,-0.0759644289774409,9429.972469404924
ppo_variance_penalized,2020-08-13,9415.478487238017,0.00021146543223116154,0.05273038219164691,-0.11904285784166155,1.1190428578416616,-0.11650040610822121,0.1339747824150596,,-0.1995946398481177,9412.991483146296
ppo_variance_penalized,2020-08-14,9413.632055035649,-0.00019610604016262467,0.014503390236684705,-0.13375214345813838,1.1337521434581384,-0.11616005748656659,0.13414461519116114,,-0.2100840463371293,9415.34193087925
ppo_variance_penalized,2020-08-17,9417.223245467214,0.0003814882938455444,0.006147211865197094,-0.12716799856987474,1.1271679985698748,-0.11484763323213124,0.13381430149769344,,-0.2159277552541653,9413.574187444985
ppo_variance_penalized,2020-08-18,9419.940246963037,0.000288514079469282,0.014474726038842173,-0.11235623616522826,1.1123562361652282,-0.11421410947924074,0.13356439472824055,,-0.2657164113769925,9417.08693374069
ppo_variance_penalized,2020-08-19,9422.99126479789,0.00032388929811277833,0.00729979764872514,-0.11928533600960234,1.1192853360096024,-0.11346168333251828,0.1332837655081891,,-0.2559544369874821,9419.871483305371
ppo_variance_penalized,2020-08-20,9420.7295970695,-0.00024001589992350691,0.019657561310191363,-0.13919393313701015,1.1391939331370102,-0.11331451649596835,0.13349179118518892,,-0.1854157550206676,9422.806031769378
ppo_variance_penalized,2020-08-21,9414.190696269816,-0.0006940970688424919,0.0041918565111861705,-0.13578566436044484,1.135785664360445,-0.11306712149763397,0.13409323199305523,,-0.1748827283481915,9420.690106722797
ppo_variance_penalized,2020-08-24,9396.710275619627,-0.0018568160784245835,0.002662236730974016,-0.13522832118612246,1.1352283211861225,-0.11355116921180605,0.13570106160230716,,-0.1892365983022615,9414.165633465553
ppo_variance_penalized,2020-08-25,9399.116345192313,0.0002560544597112191,0.003816217413959072,-0.13111815820872116,1.131118158208721,-0.11075387306521715,0.13547975400460685,,-0.2018840559825389,9396.67441573024
ppo_variance_penalized,2020-08-26,9395.687848389265,-0.00036476799277007643,0.005904803382747653,-0.1256172998254342,1.1256172998254341,-0.11069784111045405,0.13579510331944764,,-0.2265208448500457,9399.060845258324
ppo_variance_penalized,2020-08-27,9387.207059268785,-0.0009026256786440756,0.0283041404182868,-0.15493125009264677,1.1549312500926467,-0.11056900234271344,0.13657515685080143,,-0.140448248779633,9395.421911521078
ppo_variance_penalized,2020-08-28,9377.819755453887,-0.0010000103071795552,0.014323857548573321,-0.17040878024147518,1.170408780241475,-0.11000812270775463,0.13743859059342556,,-0.0577552491510467,9387.072598252089
ppo_variance_penalized,2020-08-31,9388.07112881948,0.0010931510343468176,0.036565850043759424,-0.13256340740688694,1.1325634074068869,-0.10727534720921203,0.1364956806965451,,-0.1651573469920713,9377.476847502972
ppo_variance_penalized,2020-09-01,9370.153420887755,-0.001908561160846034,0.07510655106536496,-0.20988840055710736,1.2098884005571073,-0.10964713105433875,0.1381437315025905,,0.0748953227090401,9387.366023175839
ppo_variance_penalized,2020-09-02,9344.618198997072,-0.0027251658263951484,0.035354154231614504,-0.1777021553279696,1.1777021553279696,-0.10986039030258359,0.14049243275276407,,0.0527546644477299,9369.822147038538
ppo_variance_penalized,2020-09-03,9394.026087805863,0.005287309524758754,0.018635052823847725,-0.19002289495755806,1.190022894957558,-0.10141623381738124,0.1359479502058555,,0.0818299597598005,9344.444061543314
ppo_variance_penalized,2020-09-04,9407.232488110081,0.001405829639046896,0.07773812689493523,-0.2658828528512045,1.2658828528512045,-0.10467912286770267,0.1347332402245756,,0.5710534596248475,9393.295813813795
ppo_variance_penalized,2020-09-08,9445.280781412685,0.004044578822803846,0.08272520023470364,-0.17829407241047215,1.1782940724104722,-0.1015423634856184,0.13123360061191175,,0.366671654116638,9406.454272918849
ppo_variance_penalized,2020-09-09,9410.325044768879,-0.0037008679204746375,0.0487737706690948,-0.23156585692584197,1.231565856925842,-0.10874173338445857,0.13444879030979337,,0.4123786139458149,9444.820099453947
ppo_variance_penalized,2020-09-10,9432.430632718639,0.002349078044020292,0.06514590381800811,-0.1636105536224524,1.1636105536224524,-0.10212561629900425,0.132415542967135,,0.2222786791681557,9409.712000638616
ppo_variance_penalized,2020-09-11,9422.472913916994,-0.001055689587273978,0.04979809534529053,-0.21463049629547318,1.2146304962954733,-0.1049341532015088,0.1333314428445053,,0.281758672686571,9431.960915638652
ppo_variance_penalized,2020-09-14,9405.42225969687,-0.0018095731742502341,0.0748926220259877,-0.14171853955337912,1.141718539553379,-0.10511113244838616,0.13489974301650004,,0.0780287037670524,9421.767240214502
ppo_variance_penalized,2020-09-15,9404.905856863352,-5.490480057779301e-05,0.025167954010272914,-0.16692119499354774,1.1669211949935479,-0.10277169449987439,0.1349472411735895,,0.0026098690543933,9405.18554446199
ppo_variance_penalized,2020-09-16,9402.485491604184,-0.0002573513542829531,0.017161902391008677,-0.15003552374529572,1.1500355237452957,-0.10239715655419408,0.13516986367259973,,-0.0188647166618576,9404.74445078704
ppo_variance_penalized,2020-09-17,9410.475601006636,0.0008497869429935356,0.016768253472569272,-0.16579353583140016,1.1657935358314002,-0.10072767335002107,0.13443494231484135,,0.0097513886705692,9402.327828344189
ppo_variance_penalized,2020-09-18,9427.176668761407,0.0017747315292953036,0.002856267216631181,-0.1608737077844387,1.1608737077844387,-0.09926428099404504,0.1328987967163111,,0.0360604682945794,9410.448722173684
ppo_variance_penalized,2020-09-21,9452.682885364518,0.002705605028876734,0.012895103944564446,-0.14486624466748788,1.144866244667488,-0.09782770199499234,0.1305527633401616,,-0.0120053411430832,9427.05510433836
ppo_variance_penalized,2020-09-22,9443.36145779408,-0.0009861144908256403,0.042167781120819314,-0.1881556286801225,1.1881556286801225,-0.10096638805001751,0.13141013785924022,,0.123263872051966,9452.284286701604
ppo_variance_penalized,2020-09-23,9469.056123152244,0.002720923632225869,0.043927960037124764,-0.1410726335609539,1.1410726335609538,-0.09676617859821651,0.12904677117662955,,0.0544702513124791,9442.946630189346
ppo_variance_penalized,2020-09-24,9464.742744798665,-0.0004555235809652336,0.0616239133512394,-0.2031705045811572,1.2031705045811572,-0.09939849798806123,0.12944351091027645,,0.1739263529601876,9468.472602858194
ppo_variance_penalized,2020-09-25,9444.205150330823,-0.002169905196750088,0.044910591255847454,-0.16072656178620026,1.1607265617862002,-0.10059917329465701,0.1313325359600168,,0.1655465878012666,9464.317677605912
ppo_variance_penalized,2020-09-28,9421.464500475124,-0.0024078945230137094,0.005300074459578252,-0.15820920909128153,1.1582092090912814,-0.10033215199802202,0.13342419558899885,,0.0105644105670897,9444.155095340315
ppo_variance_penalized,2020-09-29,9429.517858156245,0.0008547883060765482,0.001403461449528104,-0.1586206676712262,1.1586206676712263,-0.09655062838898658,0.13268345672505946,,-0.0055633201582145,9421.4512778129
ppo_variance_penalized,2020-09-30,9412.59652154571,-0.0017945070856297818,0.0011625615606082051,-0.16186685922386918,1.1618668592238692,-0.09869467918345486,0.13423986240745028,,-0.0026907383436588,9429.506895761248
ppo_variance_penalized,2020-10-01,9409.067875344977,-0.0003748855262898365,0.00047260460612502664,-0.1627748219540946,1.1627748219540945,-0.09676083981912757,0.13456442335227242,,0.002251794724036,9412.59207310924
ppo_variance_penalized,2020-10-02,9416.622816530924,0.0008029425747626551,0.004905352158225351,-0.1667376229188388,1.1667376229188389,-0.09508259446004014,0.13386952828206766,,0.0241575945326884,9409.021720553568
ppo_variance_penalized,2020-10-05,9387.831502636067,-0.00305749889910778,0.012229852972274469,-0.18256875997396368,1.1825687599739636,-0.09848464795839021,0.13651772124582898,,0.0884369439531869,9416.507652618382
ppo_variance_penalized,2020-10-06,9410.925586067953,0.002460001910494558,0.0001647757926378779,-0.17983095447866745,1.1798309544786674,-0.09250875737728383,0.1343935531904155,,0.1090885157229678,9387.82995574869
ppo_variance_penalized,2020-10-07,9375.136432834533,-0.0038029365874917564,0.022098853184296413,-0.2064914568965344,1.2064914568965344,-0.09834679931178567,0.13768539961735635,,0.2150132458046228,9410.717615405098
ppo_variance_penalized,2020-10-08,9367.006446881647,-0.0008671858816275968,0.03453295078920407,-0.1729351877567989,1.1729351877567988,-0.09491833129627354,0.1384331866643295,,0.1108551145615472,9374.812681709456
ppo_variance_penalized,2020-10-09,9358.211613829617,-0.0009389160882832259,0.01230606430747333,-0.16170558473605254,1.1617055847360525,-0.09450966541787699,0.1392421256065013,,-0.0134909087892714,9366.891175897943
ppo_variance_penalized,2020-10-12,9346.39720840325,-0.0012624640170465495,0.021448092074576403,-0.14167435911134746,1.1416743591113474,-0.09436049570304629,0.1403288014503125,,-0.1134734716438392,9358.01089804527
ppo_variance_penalized,2020-10-13,9354.750971916425,0.0008937950449681153,0.0098820880369756,-0.15051674120369216,1.150516741203692,-0.09173900719437222,0.13956043159274706,,-0.1112827051799082,9346.304846483208
ppo_variance_penalized,2020-10-14,9363.367106936528,0.0009210437611828493,0.01645556814727525,-0.1658792803211726,1.1658792803211726,-0.09125191035105071,0.1387679290963906,,-0.0425970032373333,9354.597034174305
ppo_variance_penalized,2020-10-15,9363.820874476323,4.846200459862615e-05,0.0029603699369944447,-0.1628591132303037,1.1628591132303037,-0.09166161541976757,0.13872619206380998,,-0.0225110661449376,9363.339387906035
ppo_variance_penalized,2020-10-16,9358.401606137126,-0.0005787454087219368,0.011118723736210895,-0.17464460400271922,1.1746446040027192,-0.09183074628761509,0.13922465032580547,,0.014899810288873,9363.716760738904
ppo_variance_penalized,2020-10-19,9381.241145112535,0.002440538452681107,0.0026881250984618077,-0.17446324158118348,1.1744632415811835,-0.08839823847625534,0.13712389498580566,,0.0429189051726926,9358.376449582887
ppo_variance_penalized,2020-10-20,9374.965064557373,-0.0006690032222902431,0.023439020629662466,-0.1986761027302186,1.1986761027302186,-0.09105595700687176,0.13770116188049744,,0.1672665013817332,9381.021258007804
ppo_variance_penalized,2020-10-21,9380.923551686736,0.0006355743288994908,0.011771419021074009,-0.18613683403450013,1.1861368340345002,-0.08931057219645767,0.13715310687514878,,0.1754866682814751,9374.85470791529
ppo_variance_penalized,2020-10-22,9370.909528704862,-0.0010674879639194224,0.008373565682945255,-0.17901198737931254,1.1790119873793126,-0.09057585891335639,0.13807418554826478,,0.1206462286333273,9380.844999907209
ppo_variance_penalized,2020-10-23,9372.631124103276,0.00018371700133701374,0.005696387818574927,-0.1730933986985519,1.173093398698552,-0.08888870152162509,0.13791583512225875,,0.0773470369063149,9370.856148369974
ppo_variance_penalized,2020-10-26,9406.922494269893,0.003658670624349103,0.009172757753117322,-0.15966712454077064,1.1596671245407706,-0.08506408037563662,0.13476175311250405,,0.0325097388969624,9372.545151228465
ppo_variance_penalized,2020-10-27,9424.832979043165,0.001903968570399428,0.07456129273656548,-0.2317911000711786,1.2317911000711785,-0.08640858245353945,0.13311436668452284,,0.38669047503396,9406.221101968047
ppo_variance_penalized,2020-10-28,9484.384671765907,0.006318593958657859,0.04149312393497101,-0.1827751112821658,1.1827751112821658,-0.08179491727433366,0.12763686835900834,,0.4468070371546322,9424.4419132803
ppo_variance_penalized,2020-10-29,9471.709070360263,-0.0013364706139955551,0.11048224440783663,-0.29484499600158404,1.294844996001584,-0.08901508000669638,0.12880275604917962,,0.9480484338748182,9483.336815660543
ppo_variance_penalized,2020-10-30,9480.846884989809,0.0009647482372681093,0.10792085137592028,-0.18565219489641774,1.1856521948964178,-0.08630301933825617,0.12796227004376523,,0.7441066275110758,9470.686875453404
ppo_variance_penalized,2020-11-02,9439.675908322182,-0.004342542092184765,0.08683833630971324,-0.2779294928590157,1.2779294928590157,-0.09128493023296233,0.13174913059207338,,0.7692720511842686,9480.02358401951
ppo_variance_penalized,2020-11-03,9400.680106705593,-0.00413105301445893,0.07769992258943104,-0.20511470526082165,1.2051147052608218,-0.09073265927445229,0.13533592096344754,,0.6975803335674434,9438.942446234836
ppo_variance_penalized,2020-11-04,9367.622259371892,-0.0035165378417801874,0.042110117379597356,-0.2515735074574825,1.2515735074574825,-0.0897580325156923,0.13837654491780765,,0.5754284469913702,9400.28424296285
ppo_variance_penalized,2020-11-05,9339.78883342598,-0.0029712370092704887,0.10366006639550895,-0.15121498083514076,1.1512149808351408,-0.08884111961554726,0.14093663241560336,,0.1292090200194876,9366.651211026518
ppo_variance_penalized,2020-11-06,9343.465335272555,0.0003936386477407794,0.018275103216945116,-0.16900854455741168,1.1690085445574117,-0.08507487600116487,0.14059847187326383,,-0.0225662145092899,9339.618147821026
ppo_variance_penalized,2020-11-09,9314.134592844253,-0.003139171750075942,0.0666244466832471,-0.1057818914188989,1.1057818914188988,-0.08825372044729177,0.14329628087233134,,-0.2285682265501054,9342.842832064487
ppo_variance_penalized,2020-11-10,9300.634808927858,-0.0014493868197660298,0.04143770687440554,-0.14883716959553883,1.1488371695955388,-0.08617360853376961,0.1445379759512795,,-0.1668460079291394,9313.748636465207
ppo_variance_penalized,2020-11-11,9301.700954515163,0.00011463148582957494,0.03711367208558247,-0.11155481818822995,1.11155481818823,-0.08422082648193037,0.14443991306839207,,-0.2419036577753682,9300.289628217372
ppo_variance_penalized,2020-11-12,9310.171613198507,0.0009106569566970091,0.02191884252933636,-0.08862073205667688,1.088620732056677,-0.08304713031162719,0.1436607913233556,,-0.3468931205130146,9301.497071996686
ppo_variance_penalized,2020-11-13,9290.741473080867,-0.002086979802831457,0.05559090293687628,-0.14654083480096414,1.1465408348009642,-0.08567896932620336,0.14544795395623641,,-0.2086429548016839,9309.654052352033
ppo_variance_penalized,2020-11-16,9280.292121000983,-0.001124705935490744,0.08287173439717843,-0.06477851501643249,1.0647785150164324,-0.08433973114036591,0.1464090737146076,,-0.381599334607038,9289.971533221156
ppo_variance_penalized,2020-11-17,9283.790656175794,0.00037698545791386984,0.003582044625882422,-0.06795412955055397,1.067954129550554,-0.08246492994846162,0.1460872823483907,,-0.4347828906758582,9280.258878580464
ppo_variance_penalized,2020-11-18,9292.224706257948,0.0009084705153863393,0.009155892755888295,-0.07612253480877502,1.076122534808775,-0.0815691934727596,0.14531152782169082,,-0.419256523453908,9283.705654784177
ppo_variance_penalized,2020-11-19,9290.05657405306,-0.00023332756938476695,0.029360751273969574,-0.10570882061450557,1.1057088206145056,-0.08234244516707927,0.14551095020548535,,-0.3378472851732919,9291.951879559565
ppo_variance_penalized,2020-11-20,9296.153417770247,0.0006562762743786976,0.0330042446586378,-0.07196566651771251,1.0719656665177124,-0.08109239137933728,0.14495016931538882,,-0.3973333639141337,9289.749962752998
ppo_variance_penalized,2020-11-23,9285.16554482948,-0.001181980594227583,0.028464695408843124,-0.101701227983598,1.101701227983598,-0.0825726585197637,0.14596082162235557,,-0.3564991790476827,9295.888805594735
ppo_variance_penalized,2020-11-24,9276.681881152033,-0.0009136793131460097,0.045088877936963326,-0.057530952735883364,1.0575309527358834,-0.08194703534924898,0.14674113955225546,,-0.4400794052908536,9284.746887133606
ppo_variance_penalized,2020-11-25,9278.440477204047,0.0001895716673854242,0.02023337234471477,-0.037079991379814485,1.0370799913798145,-0.08048915921260717,0.14657938584736904,,-0.5224196484838053,9276.49418259341
ppo_variance_penalized,2020-11-27,9277.904261582791,-5.7791567728782134e-05,0.006336310485439638,-0.03079672114090639,1.0307967211409064,-0.0803845159072933,0.14662870636259298,,-0.5567981268513753,9278.381686124363
ppo_variance_penalized,2020-11-30,9278.986218551117,0.00011661652651517862,0.01568572179512697,-0.01497671353822589,1.014976713538226,-0.07986171932290637,0.14652918916650123,,-0.5926353906666775,9277.758730957703
ppo_variance_penalized,2020-12-01,9278.42415037262,-6.057430900940908e-05,0.0060983036757075795,-0.008933372857500548,1.0089333728575005,-0.07969298085595079,0.14658088757112717,,-0.6172616092891968,9278.929632475354
ppo_variance_penalized,2020-12-02,9278.148794671608,-2.96769900308691e-05,0.002163082299302583,-0.011124275196993029,1.011124275196993,-0.0793192113365721,0.1466062144816189,,-0.6045089312570557,9278.404080377575
ppo_variance_penalized,2020-12-03,9277.475780600287,-7.253753806013563e-05,0.010102361868417585,-0.021290402155790082,1.02129040215579,-0.07902204359947049,0.1466681175658162,,-0.5758775967396791,9278.055063455015
ppo_variance_penalized,2020-12-04,9275.958577231064,-0.00016353622527320866,0.0021497935470673954,-0.01930511097706976,1.0193051109770697,-0.0787757686473319,0.14680766824077476,,-0.5702801289175281,9277.455835942721
ppo_variance_penalized,2020-12-07,9275.80887047902,-1.6139221709177143e-05,0.018770696197674894,-0.0005317818561142712,1.0005317818561144,-0.07829423262445785,0.1468214381009776,,-0.611235386242582,9275.78446103067
ppo_variance_penalized,2020-12-08,9274.881637064704,-9.9962539899634e-05,0.02106497025102913,-0.02167736166598185,1.0216773616659818,-0.07804657805383035,0.146906723997013,,-0.5751569358585644,9275.61347584111
ppo_variance_penalized,2020-12-09,9274.342477699307,-5.813113164077066e-05,0.028468469488191445,0.006761644889680284,0.9932383551103198,-0.07767614053174399,0.14695631527454217,,-0.625687096117064,9274.617595379812
ppo_variance_penalized,2020-12-10,9274.344708289509,2.4051195079977106e-07,0.06065013717588558,-0.053824320347236755,1.0538243203472368,-0.07729206449497175,0.14695611010734141,,-0.5045341371837958,9273.779987555818
ppo_variance_penalized,2020-12-11,9273.731159796505,-6.615545489219166e-05,0.012388400645183685,-0.041491918348258446,1.0414919183482585,-0.07703532506406979,0.14701254361392024,,-0.488234237778244,9274.229813991542
ppo_variance_penalized,2020-12-14,9277.302996297993,0.0003851563561569904,0.026145979679638436,-0.06719894513210797,1.067198945132108,-0.07626541677063872,0.1466840100733709,,-0.4303334766316055,9273.488689010046
ppo_variance_penalized,2020-12-15,9266.40353340084,-0.00117485253004046,0.030077630731253385,-0.09853418805387364,1.0985341880538737,-0.07751106771111055,0.14768653052306016,,-0.3245016703691909,9277.023957004289
ppo_variance_penalized,2020-12-16,9266.245619669235,-1.7041534079109688e-05,0.06661388166931019,-0.031869150800680396,1.0318691508006803,-0.07603749826968528,0.14770105525209637,,-0.4732096198096684,9265.786262292366
ppo_variance_penalized,2020-12-17,9264.516869277722,-0.00018656427451513302,0.008322216467881921,-0.040376807715189485,1.0403768077151896,-0.07589426437017559,0.14786006378639324,,-0.5086512096640364,9266.168503967343
ppo_variance_penalized,2020-12-18,9265.125922958945,6.574046869545214e-05,0.023367884721052674,-0.016918304960871013,1.016918304960871,-0.07533225672706936,0.1478040437075925,,-0.5582023180192586,9264.300377115525
ppo_variance_penalized,2020-12-21,9264.989188518412,-1.4757968933243326e-05,0.006378594439173015,-0.010548178337341101,1.0105481783373411,-0.0751053673258209,0.1478166203890405,,-0.5912206650117584,9265.066824478254
ppo_variance_penalized,2020-12-22,9271.726669887332,0.0007271979742047296,0.11194798699783727,-0.12155491168931654,1.1215549116893166,-0.07406279572486882,0.14719691436173638,,-0.3106368249343207,9263.951991629201
ppo_variance_penalized,2020-12-23,9269.21825928427,-0.00027054406286686206,0.07241717408732107,-0.0493456562490033,1.0493456562490033,-0.07475752311880064,0.1474276351733504,,-0.3897607878577951,9271.055237642988
ppo_variance_penalized,2020-12-24,9268.118264382925,-0.0001186718092696104,0.001736453685240634,-0.04773171965770308,1.0477317196577032,-0.0743054135055925,0.14752881147841762,,-0.4682084089829041,9269.202163716063
ppo_variance_penalized,2020-12-28,9268.252529334317,1.4486754221554321e-05,0.0589311418383557,0.011272016787038612,0.9887279832129614,-0.07387472135934205,0.1475164619378286,,-0.6156661669193918,9267.572083590912
ppo_variance_penalized,2020-12-29,9268.220316415287,-3.4756194793317263e-06,0.021314959847436712,-0.010024924497924831,1.010024924497925,-0.07359748945187485,0.14751942484621927,,-0.6061212804122721,9268.054976903799
ppo_variance_penalized,2020-12-30,9266.824394680434,-0.00015061378422143168,0.04005221583334348,-0.05019325599545125,1.0501932559954512,-0.07345152902817209,0.1476478201716184,,-0.4984645761930652,9267.849103654782
ppo_variance_penalized,2020-12-31,9265.29197824768,-0.0001653658650997425,0.024358628545938767,-0.025979301479636428,1.0259793014796363,-0.07317548209180473,0.1477887701272054,,-0.5277852380797079,9266.598667547203
ppo_variance_penalized,2021-01-04,9268.47663840926,0.0003437193527258131,0.004727320226849321,-0.030347598816477094,1.0303475988164772,-0.07237951015312076,0.14749584863488777,,-0.5343949912150368,9265.248178245503
ppo_variance_penalized,2021-01-05,9260.06070833108,-0.0009080165389102612,0.12534274337140439,-0.1565956928078057,1.1565956928078056,-0.07334673823003116,0.14826993650381698,,-0.1958075701443868,9267.314902120528
ppo_variance_penalized,2021-01-06,9251.416961703384,-0.0009334438401596978,0.09854022490419165,-0.058939667589658025,1.058939667589658,-0.07308967356219538,0.14906497868506632,,-0.3335479297679812,9259.148219866254
ppo_variance_penalized,2021-01-07,9245.115624706854,-0.0006811212836492775,0.028851246290213343,-0.08850093090761585,1.088500930907616,-0.07255583931866712,0.14964456863908648,,-0.3603959788345364,9251.150046794088
ppo_variance_penalized,2021-01-08,9244.332494979568,-8.470740216526274e-05,0.09363429199759049,0.005142242907213874,0.9948577570927861,-0.07167972052622675,0.14971660003859416,,-0.586597085360177,9244.249964850898
ppo_variance_penalized,2021-01-11,9243.941913873141,-4.225087172482489e-05,0.007339379490685753,0.01244714520103738,0.9875528547989626,-0.07136002930784652,0.14975252525345567,,-0.6582237723302314,9244.264647315249
ppo_variance_penalized,2021-01-12,9241.825586969018,-0.00022894203834689097,0.0887458737862806,-0.07644965609256364,1.0764496560925636,-0.0712714096463833,0.14994718264342347,,-0.4554975549183051,9243.121552170765
ppo_variance_penalized,2021-01-13,9241.448066820627,-4.0849088184913285e-05,0.050155387424865736,-0.02628471727595993,1.02628471727596,-0.0708103173284495,0.14998190652592147,,-0.5231216848907005,9241.362059626192
ppo_variance_penalized,2021-01-14,9241.180130607387,-2.8992881992428998e-05,0.02722925764621564,0.0009427783606382053,0.9990572216393618,-0.0705276007403569,0.15000655100019697,,-0.6215768967412542,9241.196429050191
ppo_variance_penalized,2021-01-15,9243.144497432811,0.00021256666331170848,0.041809592914375845,-0.040602099019919236,1.0406020990199192,-0.07001799277228082,0.14982587072890635,,-0.5403016595238772,9240.793760628078
ppo_variance_penalized,2021-01-19,9240.670556252273,-0.000267651466578922,0.022376980763043564,-0.06323987123140326,1.0632398712314033,-0.07023119192803494,0.1500534210814532,,-0.4547566807247573,9242.937663766203
ppo_variance_penalized,2021-01-20,9239.02365883213,-0.00017822271772571785,0.04662426438697806,-0.016749415733709822,1.0167494157337098,-0.0698767861553996,0.15020490087066973,,-0.5530337311145016,9240.239716785145
ppo_variance_penalized,2021-01-21,9238.668261066337,-3.846702626986165e-05,0.048722494580641276,0.031983006798244,0.968016993201756,-0.06947425868847358,0.15023758996107195,,-0.6982003151956254,9238.573510551982
ppo_variance_penalized,2021-01-22,9236.874234248593,-0.0001941867341751502,0.00013002385995435767,0.03166507102305602,0.968334928976944,-0.06936900069418288,0.15040260254830223,,-0.7252433202538535,9238.667059819029
ppo_variance_penalized,2021-01-25,9236.578817374115,-3.19823424014265e-05,0.021860345376083362,0.009794702572789707,0.9902052974272103,-0.06894796122094614,0.15042977466317087,,-0.6803240407508724,9236.672312987637
ppo_variance_penalized,2021-01-26,9236.445363790192,-1.4448378188758326e-05,0.038800066156354465,-0.02898030520398086,1.0289803052039808,-0.06867357536007013,0.1504420495750844,,-0.5758005709743513,9236.220437504942
ppo_variance_penalized,2021-01-27,9238.002974159941,0.00016863742580630614,0.01948530019242233,-0.009305128079690675,1.0093051280796907,-0.06823606608894925,0.1502987823092515,,-0.5927094334622085,9236.265388879567
ppo_variance_penalized,2021-01-28,9203.463147630238,-0.0037388845431546303,0.35592045523520494,-0.3698614253131505,1.3698614253131505,-0.07194118206115861,0.1534757170583751,,0.6149059939431424,9234.714979935914
ppo_variance_penalized,2021-01-29,9206.347940640268,0.00031344646724340564,0.33799957245866025,-0.031189861170348127,1.031189861170348,-0.0676316669025904,0.1532103770124513,,0.0104230393710318,9200.352381021201
ppo_variance_penalized,2021-02-01,9185.077374256716,-0.0023104239075796285,0.24859040749878028,-0.28242507311924525,1.2824250731192453,-0.07002313197331846,0.15516682000209203,,0.2526377708930529,9204.059330854128
ppo_variance_penalized,2021-02-02,9173.75512040501,-0.0012326792024026645,0.2186049717985017,-0.0649002253178789,1.064900225317879,-0.06869854758864594,0.1562082282925752,,0.0031282757989204,9183.06947067635
ppo_variance_penalized,2021-02-03,9172.873714812416,-9.607904080999319e-05,0.0012355686064527693,-0.06623691966093159,1.0662369196609316,-0.06731514433746483,0.15628929899664418,,-0.4043358252961432,9173.74378560118
ppo_variance_penalized,2021-02-04,9174.57289050114,0.00018523918910817727,0.09114271302974797,0.025175241847990883,0.9748247581520091,-0.06679031261194529,0.15613301071054841,,-0.6373405755443162,9172.03767421577
ppo_variance_penalized,2021-02-05,9175.498861430344,0.0001009279603807478,0.016901748160363304,0.04218985040665669,0.9578101495933433,-0.0666325661249512,0.15604784093648671,,-0.7401848096245571,9174.417824180666
ppo_variance_penalized,2021-02-08,9180.387411669848,0.0005327830468220274,0.03279063950299221,0.07550337801797369,0.9244966219820263,-0.0659624975206787,0.15559819753380888,,-0.8222409328640775,9175.197990954919
ppo_variance_penalized,2021-02-09,9180.257991787053,-1.4097431512483105e-05,0.019454019918274668,0.056054414526045614,0.9439455854739544,-0.06627035619109602,0.15561010143038823,,-0.7936617201162512,9180.208816230284
ppo_variance_penalized,2021-02-10,9180.916167338502,7.169466828038651e-05,0.011191466167986684,0.04494211030064873,0.9550578896993512,-0.0659476028858324,0.155549563176711,,-0.7637361250673007,9180.155251240325
ppo_variance_penalized,2021-02-11,9181.008069185726,1.0010095457646528e-05,0.009992084920990983,0.034969328290100306,0.9650306717098996,-0.06577385779817223,0.1555411101472292,,-0.7364032572859182,9180.824430844506
ppo_variance_penalized,2021-02-12,9181.42032663915,4.49032884317635e-05,0.03400171702516535,0.06904450486144043,0.9309554951385596,-0.06550529384734113,0.1555031911661294,,-0.8063032239411334,9180.695899147351
ppo_variance_penalized,2021-02-16,9182.825055629863,0.00015299691559000905,0.048549893696699375,0.11777221738587514,0.8822277826141248,-0.06516550109693388,0.15537398575915212,,-0.9231312556263124,9180.974569658307
ppo_variance_penalized,2021-02-17,9183.582189825123,8.245111832949625e-05,0.07046022220741406,0.04745765996816688,0.9525423400318331,-0.06500575246220647,0.15530434539970778,,-0.7969472731990006,9182.178031735952
ppo_variance_penalized,2021-02-18,9181.566128011216,-0.00021952891281795672,0.014851333222360083,0.06211702672265459,0.9378829732773454,-0.0650785926357383,0.15548978051842427,,-0.7977878175303572,9183.445801385848
ppo_variance_penalized,2021-02-19,9180.820744238466,-8.118263947098914e-05,0.04357074347756792,0.018509365912923202,0.9814906340870768,-0.06471281840003647,0.15555834008710206,,-0.7150456858550434,9181.16608034873
ppo_variance_penalized,2021-02-22,9180.955640611463,1.4693280345312587e-05,0.02965630561446251,0.04820788436551074,0.9517921156344893,-0.06439129937563101,0.1555459324690576,,-0.7582869940144594,9180.548475012683
ppo_variance_penalized,2021-02-23,9180.312007625003,-7.010522778394535e-05,0.06214559608120898,-0.013945782852281744,1.0139457828522818,-0.06425187068837088,0.1556051331138149,,-0.6370409557544483,9180.385084650581
ppo_variance_penalized,2021-02-24,9181.852719682136,0.00016782785332924988,0.02893597103368204,0.015183969957029236,0.9848160300429708,-0.06379184665929805,0.15546342013594316,,-0.6664729092961816,9180.04636638267
ppo_variance_penalized,2021-02-25,9168.503317858998,-0.001453889779186035,0.06479566581806002,0.07869978013393036,0.9213002198660696,-0.06519792296045383,0.15669128323755627,,-0.8212301645001946,9181.25777542172
ppo_variance_penalized,2021-02-26,9195.491413281981,0.002943566085689575,0.3038508123433267,-0.2211841328751026,1.2211841328751025,-0.060619995098067155,0.15420894829912787,,-0.1482765672569006,9165.717460677894
ppo_variance_penalized,2021-03-01,9185.571695292327,-0.0010787588769128886,0.17566075387706145,-0.046468608874324094,1.046468608874324,-0.0644222999053493,0.1551213529041637,,-0.2284064752891423,9193.876126328054
ppo_variance_penalized,2021-03-02,9184.28007830409,-0.0001406136744759312,0.06378795285845114,0.01724383821646559,0.9827561617835344,-0.06326673250247321,0.15524015439521813,,-0.6336766953462498,9184.98576647805
ppo_variance_penalized,2021-03-03,9185.063291180952,8.527754708964608e-05,0.053609526063603044,-0.03622176232365149,1.0362217623236516,-0.0628258701753839,0.1551681153477051,,-0.5630744824258629,9183.787713401856
ppo_variance_penalized,2021-03-04,9195.06089532872,0.0010884632833576546,0.07012794432612879,-0.10506929326785902,1.105069293267859,-0.06161572604827653,0.15424854686065115,,-0.3300759907554155,9184.419161573836
ppo_variance_penalized,2021-03-05,9173.596418035333,-0.002334348574492884,0.021440417878495655,-0.1291213210536346,1.1291213210536346,-0.06484234042766614,0.1562228255596623,,-0.1590849258276594,9194.863749380705
ppo_variance_penalized,2021-03-08,9172.223048445589,-0.0001497089611490754,0.126712593515794,-0.0024317827490296117,1.0024317827490297,-0.06244388528913731,0.156349146563889,,-0.5035952037945599,9172.434007841337
ppo_variance_penalized,2021-03-09,9170.661025098423,-0.00017029931990475422,0.0786226290794883,-0.08115353620040967,1.0811535362004097,-0.06225478389504267,0.1564928197304663,,-0.4260780098672345,9171.501904155017
ppo_variance_penalized,2021-03-10,9168.967429531225,-0.00018467540808264626,0.07365915410581782,-0.00760625100623161,1.0076062510062316,-0.062060863540806324,0.15664859476320325,,-0.5491292449321689,9169.985521964723
ppo_variance_penalized,2021-03-11,9170.108370131726,0.00012443501509507016,0.03307016736756355,0.02561739174728992,0.9743826082527101,-0.061545375742335984,0.1565436523183621,,-0.6757808419421294,9168.664210243744
ppo_variance_penalized,2021-03-12,9173.375042540532,0.00035623051298361297,0.01489977823490498,0.040873136318247905,0.959126863681752,-0.06110945599921478,0.15624318743094825,,-0.7293437251122816,9169.97173755062
ppo_variance_penalized,2021-03-15,9177.565171163667,0.00045677066550786627,0.05319125583120049,0.09452617388428708,0.9054738261157129,-0.06080658616200683,0.15585778407014422,,-0.8499149195779911,9172.88709920181
ppo_variance_penalized,2021-03-16,9173.501736890254,-0.00044275733243293036,0.019155306404218475,0.11330586766260463,0.8866941323373954,-0.06150333157158891,0.15623153422586336,,-0.9097374694819284,9177.389372090769
ppo_variance_penalized,2021-03-17,9180.321301401726,0.0007433981817486224,0.017749010572258653,0.1317157820598739,0.8682842179401261,-0.06011931591345106,0.15560427828259005,,-0.9581946044722924,9173.33891631094
ppo_variance_penalized,2021-03-18,9173.34119964046,-0.0007603330572101274,0.037790469752107314,0.1689057281122771,0.8310942718877229,-0.06142360505598927,0.15624630026317862,,-1.0370217287941854,9179.97437274727
ppo_variance_penalized,2021-03-19,9168.060410262227,-0.0005756669531096215,0.12454742620449932,0.043926944959103306,0.9560730550408967,-0.06104019913415996,0.1567320213846811,,-0.8059444577610255,9172.198683604349
ppo_variance_penalized,2021-03-22,9171.152747354761,0.0003372945807678107,0.061882751059592525,0.10616651616488354,0.8938334838351165,-0.059930793028731305,0.15644759166535907,,-0.8943151488098354,9167.49306546216
ppo_variance_penalized,2021-03-23,9150.020228347492,-0.002304238037400985,0.11875888266171558,0.2232275772573263,0.7767724227426737,-0.06239191714855077,0.15839133721118495,,-1.155683118743034,9170.063591501765
ppo_variance_penalized,2021-03-24,9149.054616457035,-0.00010553112084554783,0.11236848120706386,0.11086517606866621,0.8891348239313338,-0.05999558506185981,0.15848015311668237,,-0.9945494687315648,9148.992054471419
ppo_variance_penalized,2021-03-25,9154.008773879761,0.0005414939171763944,0.0240070823301103,0.08737419693249801,0.912625803067502,-0.059157104831364264,0.15802447523841184,,-0.8922383520135697,9148.834974349615
ppo_variance_penalized,2021-03-26,9177.354410359476,0.002550318342094071,0.10889421255808732,0.1984002657146075,0.8015997342853924,-0.05698461363065436,0.15587716961401815,,-1.0944894518030022,9153.01195530258
ppo_variance_penalized,2021-03-29,9184.41941198805,0.0007698298782707891,0.06422951147846195,0.2632443146618182,0.7367556853381818,-0.05857424131647583,0.15522733863825658,,-1.2466140842952032,9176.764953369035
ppo_variance_penalized,2021-03-30,9180.098846706594,-0.000470423342799009,0.1280433969410235,0.13490468850468776,0.8650953114953123,-0.059624228605917026,0.15562473941751961,,-1.0147510412977032,9183.243407727608
ppo_variance_penalized,2021-03-31,9174.694821871552,-0.0005886673907635753,0.11167668709421971,0.24622179024292362,0.7537782097570764,-0.059553861163831684,0.15612179559899206,,-1.2035915949010692,9179.073643680196
ppo_variance_penalized,2021-04-01,9183.60156190439,0.0009707941469188075,0.008334418606029625,0.2552853862776825,0.7447146137223175,-0.05781183527988644,0.15530256357744726,,-1.2521028451836504,9174.618356124323
ppo_variance_penalized,2021-04-05,9226.850328634222,0.00470934702886483,0.17664771871423035,0.4346956669940391,0.5653043330059608,-0.05397540728524172,0.15132459021494105,,-1.6204213633674094,9181.979299638899
ppo_variance_penalized,2021-04-06,9217.511261097707,-0.00101216202754828,0.04347867366212993,0.3906266778723285,0.6093733221276715,-0.059502507146259605,0.1521835872384395,,-1.54398921514429,9226.449157419855
ppo_variance_penalized,2021-04-07,9217.387802235946,-1.3393947483564261e-05,0.013393947483687163,0.37723273038864136,0.6227672696113586,-0.0583189039770736,0.1521949428469478,,-1.516648279795646,9217.387802235946
ppo_variance_penalized,2021-04-08,9226.191151646026,0.0009550807234066649,0.07676976919174194,0.4545653498027514,0.5454346501972487,-0.0571721368857062,0.15138522057965415,,-1.6878759907015009,9216.680185501817
ppo_variance_penalized,2021-04-09,9261.28833038186,0.003804081029642692,0.014165934338789155,0.47075211191034594,0.5292478880896541,-0.05419894305525292,0.14815702119578678,,-1.7364056840185984,9226.060454027975
ppo_variance_penalized,2021-04-12,9256.88344866623,-0.000475622997415881,0.022791214944359872,0.4933138780455305,0.5066861219544695,-0.058290478393300586,0.14856217730669333,,-1.7845792035787733,9261.07725436886
ppo_variance_penalized,2021-04-13,9246.852476362244,-0.0010836230530083535,0.021597980723829457,0.47115423773208814,0.5288457622679119,-0.058721051084816074,0.14948481495956706,,-1.7426509138213129,9256.683518675944
ppo_variance_penalized,2021-04-14,9256.581373382565,0.0010521306623190174,0.014143442169034903,0.48584591683967115,0.5141540831603288,-0.05641146258506365,0.14858996185461812,,-1.7867954584809362,9246.721694038999
ppo_variance_penalized,2021-04-15,9292.821794855327,0.0039150978110527035,0.028425448509287854,0.4595517989657793,0.5404482010342206,-0.053430770022018466,0.14525660827796685,,-1.7141418181535928,9256.318250905364
ppo_variance_penalized,2021-04-16,9311.730212435617,0.002034733689906698,0.03721509608999157,0.49780745102235197,0.502192548977648,-0.05514429937704811,0.14351743310260495,,-1.7883367996114012,9292.475961599284
ppo_variance_penalized,2021-04-19,9295.944484644939,-0.0016952518415532802,0.018590442406450525,0.5155856795370727,0.4844143204629273,-0.058704415176281256,0.14496938675139603,,-1.842551543751521,9311.557103251398
ppo_variance_penalized,2021-04-20,9264.556708974262,-0.003376502056625208,0.08970137310625603,0.42399090951820495,0.576009090481795,-0.06024555969070766,0.1478563993755074,,-1.640361041290418,9295.110625660347
ppo_variance_penalized,2021-04-21,9289.420162825485,0.002683717595159063,0.1252803546800244,0.3006752028913352,0.6993247971086648,-0.05403522358323365,0.14556948660090926,,-1.3863247137068526,9263.396042023809
ppo_variance_penalized,2021-04-22,9250.458539316494,-0.004194193267832547,0.13504139633466272,0.4334164398908928,0.5665835601091072,-0.06079353607528209,0.14915313330803842,,-1.6288186049055848,9288.165706555557
ppo_variance_penalized,2021-04-23,9267.805116360065,0.0018752126686307768,0.13860775411132126,0.2962261563912407,0.7037738436087593,-0.05455856197867351,0.14755761448455282,,-1.3962620378677255,9249.17635403386
ppo_variance_penalized,2021-04-26,9259.521240519556,-0.0008938336247366063,0.15374984081830823,0.44956856919145566,0.5504314308085443,-0.057156574290559085,0.14831955615187722,,-1.6761943114770432,9266.38019279869
ppo_variance_penalized,2021-04-27,9258.606903039417,-9.874565394785151e-05,0.0519404108605383,0.3975999613861134,0.6024000386138866,-0.05619116901728876,0.14840365589425958,,-1.6045490822666568,9259.040297181951
ppo_variance_penalized,2021-04-28,9242.41777767868,-0.001748548732036892,0.00762367643317674,0.404186363022358,0.595813636977642,-0.057680458603629005,0.1498927136019529,,-1.607766995881305,9258.536318416167
ppo_variance_penalized,2021-04-29,9267.130867744016,0.002673877188826168,0.00835416217562479,0.41411202542014336,0.5858879745798566,-0.05311742314732485,0.14761963112079832,,-1.6513960617545282,9242.34056502167
ppo_variance_penalized,2021-04-30,9249.673294255248,-0.0018838164409150648,0.02591588489241814,0.38705732447663477,0.6129426755233652,-0.05751449200073539,0.1492253592736062,,-1.570048104966696,9266.890701847164
ppo_variance_penalized,2021-05-03,9265.229068719016,0.0016817647465916519,0.10754623038331201,0.28079810834625124,0.7192018916537488,-0.05379339181858912,0.14779455647553844,,-1.3585901379539385,9248.678526760174
ppo_variance_penalized,2021-05-04,9268.181748401132,0.00031868393757084057,0.05162998937866331,0.332675230140436,0.667324769859564,-0.0549908964327455,0.1475229722891767,,-1.4152400852917872,9264.750705040607
ppo_variance_penalized,2021-05-05,9271.313198269374,0.0003378710035313315,0.13028375470136433,0.20276475354520343,0.7972352464547966,-0.05480853352793769,0.14723494502033674,,-1.170502511149699,9266.974254883695
ppo_variance_penalized,2021-05-06,9293.029966872822,0.0023423616632325395,0.05085405305536725,0.2554008835342656,0.7445991164657344,-0.052662964439673186,0.14523746084780798,,-1.230458555042488,9270.841714416096
ppo_variance_penalized,2021-05-07,9313.25381054746,0.0021762378628638057,0.0724477595302333,0.32935681800949324,0.6706431819905068,-0.05268327560762853,0.1433772942463473,,-1.3790695263015285,9292.356707672476
ppo_variance_penalized,2021-05-10,9310.105513522525,-0.0003380448003434955,0.14653575558555376,0.4757921683409914,0.5242078316590086,-0.05503395450901517,0.14366687109788345,,-1.7154865124604768,9311.889085863371
ppo_variance_penalized,2021-05-11,9286.580108484986,-0.002526867714159553,0.3166120785096392,0.15731695499106033,0.8426830450089396,-0.057081255185055114,0.14583071163387143,,-1.0922801198484522,9307.157821664745
ppo_variance_penalized,2021-05-12,9293.196703319674,0.0007124899325039458,0.2027448324470101,-0.04447174675175422,1.0444717467517541,-0.05368196461273682,0.1452221246152564,,-0.6370393474399949,9284.697302356886
ppo_variance_penalized,2021-05-13,9249.478262785828,-0.004704348990937635,0.2890068530350042,-0.33939419305360385,1.3393941930536037,-0.05900996137618263,0.14924329805079842,,0.5579331104402602,9290.510905785812
ppo_variance_penalized,2021-05-14,9250.194236064526,7.740688267565687e-05,0.3803099653724439,0.04135472735040634,0.9586452726495936,-0.054059544728347425,0.1491774436265851,,-0.3612020558429238,9245.960594027994
ppo_variance_penalized,2021-05-17,9243.22427961885,-0.0007534929827205383,0.24543573299772292,0.28642783583591225,0.7135721641640878,-0.054734610229682616,0.14981853245235285,,-1.2573931573464463,9247.923907861827
ppo_variance_penalized,2021-05-18,9232.481039983537,-0.0011622826959852839,0.14936482430885079,0.1361879101140771,0.863812089885923,-0.054990296530526055,0.1508066836605309,,-1.058536452824842,9241.843667048277
ppo_variance_penalized,2021-05-19,9231.622408442308,-9.300117027155608e-05,0.14727561828925945,-0.011032826843895557,1.0110328268438955,-0.05376527590612249,0.15088565963273726,,-0.7116301422291762,9231.121320630029
ppo_variance_penalized,2021-05-20,9229.017251929774,-0.0002821992058679168,0.030108020064196942,-0.04140338342637517,1.0414033834263752,-0.05380028647905322,0.15112527902527992,,-0.5290608912222639,9231.34446256961
ppo_variance_penalized,2021-05-21,9229.151517948785,1.4548246616730154e-05,0.14850097190589406,0.10724317340192908,0.8927568265980709,-0.053350324106417595,0.15111292938649246,,-0.8412905490119578,9227.646733898126
ppo_variance_penalized,2021-05-24,9234.962735450987,0.0006296589118619522,0.0059981787389743885,0.11380467186378292,0.886195328136217,-0.05258504415755968,0.1505784200773162,,-0.9434657255266268,9229.096159848372
ppo_variance_penalized,2021-05-25,9227.185255676999,-0.0008421777105966921,0.17878657211853216,0.2921215597246783,0.7078784402753218,-0.05390650415492631,0.1512937839988269,,-1.3016812274868417,9233.311648119872
ppo_variance_penalized,2021-05-26,9226.877605188809,-3.334174828673042e-05,0.08710190688120295,0.20506239253803404,0.794937607461966,-0.05294667260919355,0.15132208134785022,,-1.1991630056426097,9226.381550246084
ppo_variance_penalized,2021-05-27,9238.48020629137,0.001257478596663697,0.16113212388233034,0.36709251046581926,0.6329074895341807,-0.0515129773065399,0.15025488702968404,,-1.4962253910221917,9225.390858803483
ppo_variance_penalized,2021-05-28,9249.292135066376,0.0011703146549628674,0.03095144986705123,0.3987662244436465,0.6012337755563535,-0.05145644269234225,0.1492604178709918,,-1.6102040363741736,9238.194261934417
ppo_variance_penalized,2021-06-01,9251.603818875297,0.00024993088932245833,0.009244804441662868,0.38967960167699617,0.6103203983230039,-0.052228552356925674,0.14904779177064845,,-1.590348913894112,9249.206627169364
ppo_variance_penalized,2021-06-02,9254.106847614063,0.0002705507918161487,0.11646469522290986,0.2734961074618823,0.7265038925381178,-0.052061197981447885,0.14881756597691437,,-1.3418309176338956,9250.52633365621
ppo_variance_penalized,2021-06-03,9250.627022448894,-0.0003760303638665752,0.05428703009800845,0.3275667749066268,0.6724332250933732,-0.05256129587780195,0.14913763641729688,,-1.4162357204598155,9253.604469637095
ppo_variance_penalized,2021-06-04,9262.7813722997,0.0013138947037114601,0.07239747268151386,0.2562005003084753,0.7437994996915247,-0.05073292477962232,0.1480196928641982,,-1.2902126401976055,9249.95730043175
ppo_variance_penalized,2021-06-07,9246.539842403761,-0.001753418249135108,0.16556128066877385,0.4208420086461501,0.5791579913538498,-0.053662536221582534,0.1495135706826338,,-1.608056426490088,9261.247814353146
ppo_variance_penalized,2021-06-08,9243.64284742647,-0.00031330584485300683,0.035009281690736305,0.3856617527469,0.6143382472531,-0.05207677123012737,0.14978003305190704,,-1.593359785069718,9246.216127685753
ppo_variance_penalized,2021-06-09,9229.733461675192,-0.0015047515336608086,0.0636262612803778,0.3210569872738129,0.6789430127261871,-0.053130490662222814,0.15105940285112127,,-1.4480085427851028,9243.054708991478
ppo_variance_penalized,2021-06-10,9230.092415817082,3.889106260546171e-05,0.08898487232935487,0.2321703106217879,0.7678296893782122,-0.05144329369163809,0.15102638664920923,,-1.2708095130754715,9228.912155021471
ppo_variance_penalized,2021-06-11,9229.968264339906,-1.3450729589914445e-05,0.18112516700692,0.41339385430266434,0.5866061456973357,-0.051353929320792,0.1510378059637114,,-1.617220821692743,9228.420613786779
ppo_variance_penalized,2021-06-14,9220.489969779026,-0.0010269043499856467,0.013237924175958093,0.4260499769082766,0.5739500230917234,-0.05222864806572078,0.15190960893374067,,-1.7170388341618743,9229.846078719876
ppo_variance_penalized,2021-06-15,9211.472346613025,-0.000977998262083335,0.07775345381409937,0.34770925607643904,0.652290743923561,-0.05204097517083842,0.15273903986229306,,-1.5608221774389248,9219.773044838017
ppo_variance_penalized,2021-06-16,9190.311170527339,-0.0022972631615690853,0.057435619496925494,0.288680311636694,0.711319688363306,-0.05323461972725036,0.15468542125425308,,-1.4239211997301666,9210.94327999232
ppo_variance_penalized,2021-06-17,9180.086356871025,-0.0011125644677956181,0.12997500260330014,0.15787774101015045,0.8421222589898496,-0.0519112271893046,0.15562588821867523,,-1.1828023041439797,9189.116659809024
ppo_variance_penalized,2021-06-18,9144.704491958004,-0.0038541973939644203,0.06750858053449676,0.2224417516400579,0.7775582483599421,-0.05455732996255159,0.15888027271983385,,-1.2596603785632985,9179.466622271888
ppo_variance_penalized,2021-06-21,9118.300400566863,-0.0028873640929962807,0.3667006680180791,-0.14715156009283642,1.1471515600928364,-0.05346879912767599,0.16130889161829343,,-0.6340766827268104,9141.351122711974
ppo_variance_penalized,2021-06-22,9119.79250449454,0.00016363838238819817,0.4653217797526417,0.31859899326518115,0.6814010067348188,-0.05027739972536774,0.16117164956199453,,-1.2244523204914382,9114.057456796152
ppo_variance_penalized,2021-06-23,9114.185880128869,-0.0006147754307905817,0.014451481544523803,0.30372951783442925,0.6962704821655707,-0.05092038954929946,0.1616873406224944,,-1.4765026445802332,9119.660709981472
ppo_variance_penalized,2021-06-24,9142.36418072345,0.003091696939824029,0.02638541303371955,0.3321972497816391,0.6678027502183609,-0.047113120660425285,0.15909553193888124,,-1.537663839599695,9113.945398569957
ppo_variance_penalized,2021-06-25,9166.96460948869,0.002690816978950572,0.046861319888084396,0.38075394560204406,0.6192460543979559,-0.047401186903273815,0.15683281191854706,,-1.6048006575770777,9141.935757471045
ppo_variance_penalized,2021-06-28,9148.59031641276,-0.002004403186733339,0.031178433405295414,0.41076965886099936,0.5892303411390006,-0.05196926346390933,0.15852285891728649,,-1.6684466353679055,9166.678797893084
ppo_variance_penalized,2021-06-29,9148.902123161131,3.408249113667772e-05,0.032177376327353735,0.37863345552336797,0.6213665444766321,-0.04979572937875029,0.15849417928008386,,-1.63302434785893,9148.295938779283
ppo_variance_penalized,2021-06-30,9168.58077412688,0.0021509303193800733,0.022142277249213305,0.35788656827367915,0.6421134317263208,-0.04756376326032106,0.15668415889636253,,-1.5660659418197924,9148.699545633794
ppo_variance_penalized,2021-07-01,9182.790365046614,0.0015498135720015682,0.02818070295892583,0.38703455445514445,0.6129654455448555,-0.04804028368165061,0.1553771765603362,,-1.5943910277829916,9168.32239707553
ppo_variance_penalized,2021-07-02,9199.90207400031,0.001863454165177414,0.02749771955265279,0.4156373061309982,0.5843626938690019,-0.04760749152070086,0.15380326064199373,,-1.654548701003993,9182.537859252445
ppo_variance_penalized,2021-07-06,9174.531042028053,-0.0027577502204026993,0.03177259191168064,0.44589938416704417,0.5541006158329558,-0.05211723622109649,0.1561368598864623,,-1.7254767881335145,9199.609769266086
ppo_variance_penalized,2021-07-07,9181.49234130704,0.0007587634994199455,0.15772743716463328,0.2888238363315613,0.7111761636684387,-0.04846986787373139,0.15549656733723827,,-1.4177841383124885,9173.083966759606
ppo_variance_penalized,2021-07-08,9158.256042634426,-0.0025307758051569262,0.05002022456626587,0.33719973318747376,0.6628002668125262,-0.05164707883049853,0.1576338161919931,,-1.4574510914001937,9181.033080998273
ppo_variance_penalized,2021-07-09,9154.704854731015,-0.0003877580935583991,0.34090986481404995,-0.0037571719086656142,1.0037571719086655,-0.049372424574396966,0.1579604504975045,,-0.8484397155139476,9155.133902804999
ppo_variance_penalized,2021-07-12,9164.097398605274,0.0010259799767771138,0.3814545205033311,0.37857230113022033,0.6214276988697797,-0.04783535255578618,0.15709653478006047,,-1.4435594379049326,9151.212751180305
ppo_variance_penalized,2021-07-13,9154.864646424401,-0.0010074917124165417,0.05479429767601196,0.3231331187903541,0.6768668812096459,-0.04974314505339428,0.15794575303563674,,-1.4328913342878564,9163.595258324483
ppo_variance_penalized,2021-07-14,9156.263371364348,0.0001527848847544533,0.10428734902736125,0.2190465521493743,0.7809534478506257,-0.0484561669382791,0.15781709987455725,,-1.2223578975397402,9153.909909859722
ppo_variance_penalized,2021-07-15,9159.76390681369,0.00038231048052739247,0.09693257096616525,0.3163068100896986,0.6836931899103014,-0.0481017380861543,0.15749512452531828,,-1.3820525642775596,9155.375831215319
ppo_variance_penalized,2021-07-16,9140.08789798053,-0.0021480912645056582,0.09137200863038614,0.22333727831540479,0.7766627216845952,-0.050518626635066365,0.15930490188862892,,-1.2252906319008718,9158.926960786945
ppo_variance_penalized,2021-07-19,9127.766503783127,-0.0013480607992977234,0.16345103884635342,0.058771068213738134,0.9412289317862619,-0.04959574008001236,0.16043820999455458,,-0.9074211584990032,9138.593941118457
ppo_variance_penalized,2021-07-20,9088.33351176888,-0.00432011401670962,0.32029038107231966,-0.2665870608721929,1.266587060872193,-0.05249519640983917,0.16406521265145094,,-0.0303619679642356,9124.84296797129
ppo_variance_penalized,2021-07-21,9092.998595460744,0.0005133046323424484,0.3715564655100065,0.10576097607575127,0.8942390239242487,-0.0475305219568712,0.1636361234527688,,-0.6245408767526351,9084.95668269187
ppo_variance_penalized,2021-07-22,9093.65447940795,7.213065528599572e-05,0.044311494231598886,0.150171430557774,0.8498285694422261,-0.047848947549748916,0.16357579597829588,,-1.0100772040486092,9092.595671105933
ppo_variance_penalized,2021-07-23,9103.200434804474,0.0010497380803440315,0.009527100473834593,0.16058769972483974,0.8394123002751602,-0.046753889087408046,0.16269776964001295,,-1.0498208939776936,9093.567843248049
ppo_variance_penalized,2021-07-26,9107.348227880506,0.000455641189682332,0.050773872421575966,0.21176076863447202,0.788239231365528,-0.04722712958545049,0.16231626025564797,,-1.1459924476791212,9102.738230066969
ppo_variance_penalized,2021-07-27,9103.63508020797,-0.0004077089817613455,0.054749408704433566,0.1567136976599663,0.8432863023400337,-0.04796951017438286,0.1626577914402172,,-1.0559989142993251,9106.849605950165
ppo_variance_penalized,2021-07-28,9102.852896013146,-8.591998558082903e-05,0.1840155455946892,-0.027201065525423257,1.0272010655254233,-0.047527290994360226,0.16272973587070283,,-0.6690728958210704,9101.959869831791
ppo_variance_penalized,2021-07-29,9106.204804333738,0.0003682261329367442,0.15160793225468275,0.12486186232591245,0.8751381376740875,-0.046954332937032515,0.1624214310791195,,-0.8875937577735988,9101.472831307963
ppo_variance_penalized,2021-07-30,9100.784569468491,-0.0005952243532527657,0.024548549389595054,0.14892471171798866,0.8510752882820114,-0.04779901638658545,0.16291997824110382,,-1.0111078491247143,9105.981260215347
ppo_variance_penalized,2021-08-02,9097.840419485154,-0.000323505073750896,0.07074834741535346,0.07794329177807338,0.9220567082219266,-0.04740858881205183,0.1631907778752784,,-0.8890531002326078,9100.140704000018
ppo_variance_penalized,2021-08-03,9094.730815491828,-0.00034179583834703653,0.10770744111608035,-0.0300052875973048,1.0300052875973047,-0.04730890525979669,0.16347679578489102,,-0.6237751410476433,9096.860514373888
ppo_variance_penalized,2021-08-04,9081.795488035825,-0.0014222881048848723,0.17166809386981152,0.14058782366685976,0.8594121763331403,-0.04827643851621696,0.16466657278770633,,-0.92065745178312,9093.169540388473
ppo_variance_penalized,2021-08-05,9087.87150933912,0.000669033046526879,0.045657659150887625,0.09557657704403887,0.9044234229559611,-0.04606954600471754,0.16410770712003267,,-0.9292565144695858,9081.380834512955
ppo_variance_penalized,2021-08-06,9094.116808971323,0.0006872125806118845,0.08811145260283461,0.18432050129361688,0.8156794987063831,-0.045937239605964166,0.163533271420329,,-1.069041455338986,9087.070763779364
ppo_variance_penalized,2021-08-09,9086.340451840624,-0.0008550975640677638,0.09893713215403022,0.28271519739443646,0.7172848026055636,-0.047364935870215785,0.16424853208236115,,-1.299400564126869,9093.217063134769
ppo_variance_penalized,2021-08-10,9093.584969358815,0.0007972976091517037,0.08631930846983776,0.19710540141959923,0.8028945985804008,-0.04560001370740346,0.16358218943514538,,-1.1708086514118423,9085.5561252163
ppo_variance_penalized,2021-08-11,9105.258937177623,0.0012837585900549175,0.009273416138689344,0.20740367947269253,0.7925963205273074,-0.045005174449730914,0.1625084308859579,,-1.14851243337466,9093.500640761202
ppo_variance_penalized,2021-08-12,9106.697423437306,0.0001579841133139137,0.06266684355091282,0.2702315572202991,0.7297684427797009,-0.04601650054852132,0.16237612052300357,,-1.2688677788477092,9104.688339340317
ppo_variance_penalized,2021-08-13,9107.576276483876,9.650623115109447e-05,0.045863735347907664,0.31619265066282976,0.6838073493371702,-0.04596478186744924,0.16229528459927303,,-1.3798951861712525,9106.279756276785
ppo_variance_penalized,2021-08-16,9117.206383421964,0.0010573731853285029,0.003245300186703326,0.3201590051159556,0.6798409948840445,-0.04489562015693457,0.16140951809598506,,-1.3981750034648208,9107.546719664886
ppo_variance_penalized,2021-08-17,9099.091693924704,-0.0019868684260783143,0.07079494197222541,0.2479229261793707,0.7520770738206293,-0.04783650146162618,0.16307568704688996,,-1.2496662156968676,9116.5609313251
ppo_variance_penalized,2021-08-18,9092.429536474343,-0.0007321782958631395,0.19685823001643163,0.05055633984614303,0.949443660153857,-0.046468891712821585,0.16368846486411442,,-0.8734852502604865,9097.30046283908
ppo_variance_penalized,2021-08-19,9093.620950234419,0.000131033598368413,0.2700253506760686,-0.21897999594742945,1.2189799959474295,-0.04549445930911902,0.1635788799543085,,-0.1139056612295378,9089.974350000259
ppo_variance_penalized,2021-08-20,9088.803068388173,-0.0005298089586768251,0.13732173691327265,-0.08208302112190205,1.0820830211219021,-0.04604490835654918,0.16402202335693522,,-0.0924338390767193,9092.372198410701
ppo_variance_penalized,2021-08-23,9091.941260147809,0.00034528108223086384,0.15950085671512562,0.07788337766413991,0.9221166223358601,-0.04506033630519959,0.1637333759764388,,-0.7337230460006157,9087.35339651225
ppo_variance_penalized,2021-08-24,9092.38117994028,4.838568352827366e-05,0.08631269634480174,0.16430864999659806,0.835691350003402,-0.04524768543110274,0.16369291264422361,,-1.0195284036964052,9091.156510182636
ppo_variance_penalized,2021-08-25,9093.623857430246,0.00013667239256398567,0.030170915225823214,0.13428217835374626,0.8657178216462538,-0.045050582603981544,0.16357861255367642,,-0.9988327793265296,9092.106854478498
ppo_variance_penalized,2021-08-26,9083.704777854682,-0.0010907730219630318,0.04847984843305794,0.18190929508944415,0.8180907049105559,-0.04617177444504621,0.16449095843809575,,-1.080808705669999,9093.18299992393
ppo_variance_penalized,2021-08-27,9078.532431661564,-0.0005694093235755204,0.23132329649468325,-0.049768995752828456,1.0497689957528284,-0.04554214531374478,0.1649667050762927,,-0.6543792078519346,9081.603505321084
ppo_variance_penalized,2021-08-30,9072.577814124159,-0.0006559008939196476,0.3042758519559077,0.2542445500982993,0.7457554499017007,-0.045521529655800655,0.16551440416088584,,-1.1496983503863034,9075.770053471411
ppo_variance_penalized,2021-08-31,9071.310617512583,-0.00013967327010444563,0.045257150162576976,0.2089127051623358,0.7910872948376642,-0.044898039894712326,0.16563095949291176,,-1.1820554709608029,9072.167215107664
ppo_variance_penalized,2021-09-01,9069.340459366766,-0.00021718561174766116,0.027003248313237582,0.18175383665763195,0.8182461633423681,-0.04486899911720097,0.1658121724433976,,-1.1136583954099324,9071.065662659452
ppo_variance_penalized,2021-09-02,9076.432811675386,0.0007820141211365428,0.03784508249558155,0.22023823820534363,0.7797617617946564,-0.04376645802974882,0.16515982578256808,,-1.1797262002251907,9068.9972294289
ppo_variance_penalized,2021-09-03,9072.692341858163,-0.0004121079167149766,0.03870792650166169,0.18122456913114748,0.8187754308688525,-0.044854873339919436,0.16550387002755482,,-1.1094603731810753,9076.081481781215
ppo_variance_penalized,2021-09-07,9060.008986850811,-0.0013979703630899731,0.0018891101586703263,0.18197164307892183,0.8180283569210782,-0.04573978285463045,0.1666704708853696,,-1.105640497292259,9072.675202542894
ppo_variance_penalized,2021-09-08,9058.484611883629,-0.0001682531407413146,0.19542326029002527,-0.01342407697577594,1.0134240769757759,-0.04440453424872064,0.16681068119591566,,-0.742878506079017,9058.238450356344
ppo_variance_penalized,2021-09-09,9055.064537818493,-0.0003775547690006986,0.08555215680737613,0.07185703647341786,0.9281429635265821,-0.04450985663251581,0.16712525579671056,,-0.7744975243544296,9057.709638987675
ppo_variance_penalized,2021-09-10,9057.139389874139,0.00022913719134520782,0.11837174874749241,-0.04615112236759041,1.0461511223675903,-0.04380002415114352,0.16693441321708138,,-0.5929902037662343,9053.99267399413
ppo_variance_penalized,2021-09-13,9045.50478288903,-0.0012845785500571472,0.11043515213707114,-0.15794601934204783,1.1579460193420479,-0.04521401703752519,0.16800455140065346,,-0.1357691290413482,9056.139163307691
ppo_variance_penalized,2021-09-14,9043.240266091516,-0.00025034720027972135,0.16809941725979533,0.010071964842654118,0.9899280351573458,-0.04407635486193189,0.1682128391318558,,-0.4635552653262839,9043.984238806204
ppo_variance_penalized,2021-09-15,9037.25645713145,-0.0006616885965644581,0.0938049796050557,-0.08434885648208647,1.0843488564820865,-0.044386149368615166,0.16876322321097098,,-0.4397344007926204,9042.391965122792
ppo_variance_penalized,2021-09-16,9034.70751147561,-0.00028204861375036305,0.15409611818510083,0.06962819996244397,0.930371800037556,-0.04390465080894094,0.1689976723915627,,-0.7046042927773577,9035.863850992364
ppo_variance_penalized,2021-09-17,9036.744377017854,0.00022544897437537514,0.11650927218563047,-0.04652316329757135,1.0465231632975713,-0.04329641941086443,0.16881032376909974,,-0.5911737025972323,9033.654884279038
ppo_variance_penalized,2021-09-20,9061.548884613685,0.002744849977046382,0.1117224747153147,-0.15494608221661704,1.154946082216617,-0.04070046335895859,0.16652883280537623,,-0.1375612525884669,9035.734769572684
ppo_variance_penalized,2021-09-21,9062.576657817463,0.00011342136061553987,0.13017869653094155,-0.28481175778127926,1.2848117577812792,-0.043228080031318825,0.16643429937155915,,0.9030527569568776,9060.369263991335
ppo_variance_penalized,2021-09-22,9047.39280238307,-0.0016754457377521348,0.1302195417664172,-0.15637931634235613,1.1563793163423561,-0.04492331078014191,0.16783089347181343,,0.6210176562956203,9061.39653323786
ppo_variance_penalized,2021-09-23,9033.635326574054,-0.0015206011399651054,0.057327922773840356,-0.10066205521097095,1.100662055210971,-0.04467262438938153,0.16909629076384394,,-0.1174419786936952,9046.87413414719
ppo_variance_penalized,2021-09-24,9032.70419638937,-0.00010307369636075592,0.12295401354303272,0.02231139748170676,0.9776886025182933,-0.043155014097622804,0.16918193508047474,,-0.5896318871837872,9032.524604853768
ppo_variance_penalized,2021-09-27,9033.431436794395,8.051192524560769e-05,0.029324136089536525,0.05173968980312731,0.9482603101968727,-0.04287313426782281,0.16911504431853924,,-0.771808938120422,9032.439320142259
ppo_variance_penalized,2021-09-28,9040.88802337445,0.0008254434244867603,0.10899667898416904,-0.05626986066941488,1.056269860669415,-0.042033020772613464,0.16842919579536697,,-0.5489950059816147,9032.446822767954
ppo_variance_penalized,2021-09-29,9032.093730078828,-0.0009727245014963248,0.23958420117254983,-0.29680502970778244,1.2968050297077824,-0.043734949548080035,0.16923808509134586,,0.421866317953839,9038.721969439479
ppo_variance_penalized,2021-09-30,9046.255657842998,0.0015679562444095296,0.18671075065695542,-0.1081494826136821,1.1081494826136822,-0.041105173207259794,0.1679354867592472,,0.2766722718232056,9030.40734107848
ppo_variance_penalized,2021-10-01,9011.83470140389,-0.0038049948775508158,0.1450807911099202,-0.25783450794357937,1.2578345079435793,-0.04641646041516551,0.17110148796992006,,0.405781391545174,9044.943219915574
ppo_variance_penalized,2021-10-04,9016.0861759335,0.0004717657025985478,0.18655220312018078,-0.07057739305325024,1.0705773930532503,-0.04203729425895793,0.17071044208100924,,-0.03178353905376,9010.153523786188
ppo_variance_penalized,2021-10-05,8991.392964641656,-0.002738794950491563,0.20554699492625722,-0.27936600560238045,1.2793660056023803,-0.04516971325891927,0.17298169613473321,,0.3779783587114854,9014.232946514041
ppo_variance_penalized,2021-10-06,8987.631664147582,-0.0004183223343552367,0.205632772686979,-0.07396170033908496,1.073961700339085,-0.04275008566706017,0.17332765636216063,,0.0216435864596108,8989.54403957602
ppo_variance_penalized,2021-10-07,8970.308484594598,-0.001927446539903066,0.10475317106747022,-0.18086745617848643,1.1808674561784864,-0.044172250432132916,0.17492102311053895,,-0.0369652356087516,8986.690181230377
ppo_variance_penalized,2021-10-08,8969.068535478369,-0.0001382281465970303,0.1477530750439764,-0.033104539433552,1.033104539433552,-0.042286491671030775,0.1750350722483105,,-0.3531014147091992,8968.983093931905
ppo_variance_penalized,2021-10-11,8971.35355773868,0.00025476695280812756,0.0018720696176755675,-0.03471106131883382,1.0347110613188337,-0.04179978317715404,0.17482489844749372,,-0.5181320778909795,8969.051744757666
ppo_variance_penalized,2021-10-12,8974.70204295677,0.0003732419190192182,0.10189558724550486,-0.13606680560775675,1.1360668056077567,-0.04158831884677909,0.1745169085090634,,-0.2409660352724011,8970.439416399526
ppo_variance_penalized,2021-10-13,8973.93106563671,-8.590561740862146e-05,0.06230053681798853,-0.07379161730665854,1.0737916173066586,-0.04195399876969025,0.1745878221436983,,-0.2700940997555754,8974.142914201711
ppo_variance_penalized,2021-10-14,8972.166988219877,-0.00019657799953343158,0.06516680285591772,-0.008757385105080371,1.0087573851050804,-0.04197165098144214,0.17475008001841186,,-0.5339554750894331,8973.346263240113
ppo_variance_penalized,2021-10-15,8984.005746445553,0.0013194982038586822,0.14635053524393535,0.13885564227620992,0.86114435772379,-0.040369179213797596,0.17366116423126163,,-0.9236554198282542,8970.853906778853
ppo_variance_penalized,2021-10-18,8982.32766466091,-0.0001867854754330489,0.024625727338391218,0.16334569462210335,0.8366543053778966,-0.0417823865909731,0.17381551232356945,,-1.0407191995650136,8983.784508769635
ppo_variance_penalized,2021-10-19,8989.773094341932,0.0008288975818946387,0.012093529185358665,0.15196536365288388,0.8480346363471161,-0.04067770993277959,0.1731306899995357,,-1.030742528682774,8982.219036619144
ppo_variance_penalized,2021-10-20,8997.986967799901,0.0009136908542373146,0.07017792877417911,0.22290790274184855,0.7770920972581514,-0.040504465319493026,0.1723751870733387,,-1.1603238296638814,8989.142210686021
ppo_variance_penalized,2021-10-21,8997.474214093925,-5.6985379931262514e-05,0.01099316582638113,0.2338658319741791,0.7661341680258209,-0.04138376562178129,0.17242234958774383,,-1.200541013431558,8997.888051437061
ppo_variance_penalized,2021-10-22,9002.593633171684,0.0005689840232872001,0.04747420084175413,0.28178280473290934,0.7182171952670906,-0.04066873144090681,0.17195147112662962,,-1.3006160321611966,8997.047066196017
ppo_variance_penalized,2021-10-25,9006.662887609944,0.00045200912137866034,0.05741070092259898,0.2247670455181049,0.7752329544818951,-0.0406964278403576,0.17157718563863458,,-1.1972379836015148,9002.076787961083
ppo_variance_penalized,2021-10-26,9006.121328155332,-6.012875816163721e-05,0.025184764126594206,0.24992559838915912,0.7500744016108409,-0.04111868395213881,0.17162699767369488,,-1.2315764613415112,9006.436056929551
ppo_variance_penalized,2021-10-27,8995.22843548685,-0.001209498769956463,0.09127327788497058,0.15771036478699996,0.842289635213,-0.042181426944238334,0.17262891380107365,,-1.0612052355882178,9005.299309940681
ppo_variance_penalized,2021-10-28,8997.082898585544,0.0002061607564494139,0.10941828298391654,0.048592358968361345,0.9514076410316387,-0.04067640275572916,0.17245834235207858,,-0.8289604411857717,8994.244193036391
ppo_variance_penalized,2021-10-29,8999.495151341458,0.00026811498605772144,0.08837902531851916,0.13727896635266718,0.8627210336473328,-0.040526317342793765,0.17223646603207618,,-0.952282641761229,8996.287745168258
ppo_variance_penalized,2021-11-01,9002.923283946959,0.00038092499055242257,0.023833237841401733,0.16145162163953325,0.8385483783604668,-0.04032604678475603,0.17192115021571985,,-1.0324312267271103,8999.280664233063
ppo_variance_penalized,2021-11-02,9008.172201482246,0.000583023687944495,0.012843235122962204,0.14911540701266338,0.8508845929873367,-0.04003754029145087,0.17143836063080986,,-1.0119938235009551,9002.807657286428
ppo_variance_penalized,2021-11-03,9012.864742343902,0.0005209204216680696,0.06389842078808736,0.2134738325171545,0.7865261674828455,-0.04001326338333951,0.1710067459522516,,-1.1327244686023616,9007.596593504384
ppo_variance_penalized,2021-11-04,9009.888055889707,-0.00033027084498549186,0.13051226148080083,0.3438550062948866,0.6561449937051134,-0.04077722783695935,0.17128053825475328,,-1.4103131648115306,9011.688452983957
ppo_variance_penalized,2021-11-05,9023.103363754331,0.0014667560554191272,0.06077237208430003,0.28417614195789065,0.7158238580421094,-0.03890054019957626,0.1700650089659948,,-1.312792191697161,9009.340503620337
ppo_variance_penalized,2021-11-08,9025.283653189908,0.00024163409723709783,0.14606818650211062,0.13844203224544294,0.8615579677545571,-0.04003863587267222,0.1698644683736709,,-1.0102282272831846,9021.785375409367
ppo_variance_penalized,2021-11-09,9023.21748822691,-0.00022893075080998582,0.08964528909091718,0.048664224032005224,0.9513357759679948,-0.040423129036500506,0.1700545119242002,,-0.7904921219773613,9024.47457902769
ppo_variance_penalized,2021-11-10,9023.398612285007,2.0073112316554287e-05,0.06218705016716376,-0.013439455256312696,1.0134394552563126,-0.040088519550229997,0.1700378523352015,,-0.6226382672681363,9022.6563609483
ppo_variance_penalized,2021-11-11,9026.961870071149,0.0003948908764033199,0.09685184694781938,-0.10974554005196764,1.1097455400519676,-0.039629242322455537,0.16971010785532856,,-0.3412536592064396,9022.52467946366
ppo_variance_penalized,2021-11-12,9027.621724716702,7.30981979375489e-05,0.15475447881153298,0.04522652012433482,0.9547734798756652,-0.039866162248608394,0.16964941516044701,,-0.6470745841846213,9025.564907291695
ppo_variance_penalized,2021-11-15,9026.180800547327,-0.00015961282088616802,0.1391928585139327,0.1844027218540314,0.8155972781459686,-0.04001427326923253,0.16978194975961777,,-1.039219989385372,9026.365144243257
ppo_variance_penalized,2021-11-16,9027.800049224914,0.00017939466462824072,0.059385615320980856,0.12522599771933887,0.8747740022806612,-0.03959134141542308,0.16963301307092665,,-0.9729676118564252,9025.644775246488
ppo_variance_penalized,2021-11-17,9019.718217892003,-0.0008952160314632529,0.02602272554917004,0.15051033332187017,0.8494896666781299,-0.04058340421227368,0.1703763709096234,,-1.0001963248913306,9027.56512126192
ppo_variance_penalized,2021-11-18,9018.259267069267,-0.00016175126400763684,0.1216355188115247,0.028835850797421056,0.971164149202579,-0.03976600491075245,0.17051056358027936,,-0.7776181311477254,9018.621099787037
ppo_variance_penalized,2021-11-19,9018.242737918168,-1.8328538367029523e-06,0.03198579189536603,-0.0031196931244674075,1.0031196931244675,-0.039522968783208885,0.17051208391317543,,-0.6313302858973215,9017.970810905092
ppo_variance_penalized,2021-11-22,9017.705595055722,-5.956181021693485e-05,0.0314191645143685,-0.034567974033597085,1.0345679740335971,-0.039497897891493904,0.1705614897150106,,-0.532279738140675,9017.959392265955
ppo_variance_penalized,2021-11-23,9009.419922697703,-0.0009188226728716886,0.12150035100912752,-0.1569909318359192,1.1569909318359193,-0.04027610261318271,0.17132359662401334,,-0.1578296976752609,9016.609940660626
ppo_variance_penalized,2021-11-24,9009.034919302061,-4.273342778404743e-05,0.03944718977525788,-0.11754741473232859,1.1175474147323285,-0.03931749143977105,0.17135900880725333,,-0.0923751648439715,9009.064526400247
ppo_variance_penalized,2021-11-26,9023.145966714957,0.0015663217580235145,0.053189605009905036,-0.06263676586368729,1.0626367658636873,-0.037634447347180314,0.17006109039315795,,-0.3245846911828484,9008.555732293184
ppo_variance_penalized,2021-11-29,8993.591817155599,-0.00327537088155061,0.4000140994527037,-0.4668703287093528,1.4668703287093527,-0.042418304739362894,0.17277944813115007,,2.591171396527735,9019.536581106851
ppo_variance_penalized,2021-11-30,9001.597560804601,0.0008901608847458053,0.39508295647786934,-0.07041108922552,1.07041108922552,-0.038169147165145634,0.1720430887528185,,0.9411110238047814,8990.038602311122
ppo_variance_penalized,2021-12-01,9049.197814984189,0.005287978479159294,0.3692017464201557,-0.4315115259307959,1.4315115259307958,-0.03376632269872393,0.1676648704244722,,2.142231600699738,8998.27415526458
ppo_variance_penalized,2021-12-02,9005.461754569007,-0.004833142264031531,0.17351243359032653,-0.263889370992507,1.263889370992507,-0.04384891930707327,0.17168766451706183,,3.194849203268089,9047.62766664927
ppo_variance_penalized,2021-12-03,9008.019874035632,0.0002840631092932977,0.03528899090019322,-0.29876358437729444,1.2987635843772944,-0.038640131469070096,0.17145237153957857,,2.270670618072056,9005.143960911098
ppo_variance_penalized,2021-12-06,8955.576632149714,-0.005821839052229216,0.007204253194803334,-0.313606031945154,1.3136060319451541,-0.04474784982269067,0.17627604247958137,,2.966909929747352,9007.954977979676
ppo_variance_penalized,2021-12-07,8921.793039650238,-0.0037723525672479497,0.046399452498361415,-0.2719460105536165,1.2719460105536164,-0.04263444962876087,0.1793834196654372,,1.98736282621478,8955.161098297174
ppo_variance_penalized,2021-12-08,8919.9060579017,-0.00021150252422930116,0.07128257807471178,-0.20083182505621192,1.200831825056212,-0.03898686891874036,0.17955698214360236,,0.5471955039792189,8921.157071241323
ppo_variance_penalized,2021-12-09,8918.91899539191,-0.00011065839745205697,0.06519813291086432,-0.13568532406692002,1.13568532406692,-0.038806744518399286,0.17964777105315907,,0.0067360503887155,8919.324496680985
ppo_variance_penalized,2021-12-10,8903.640309774291,-0.0017130647363781115,0.13150358260269668,-0.26919648252630635,1.2691964825263065,-0.040336106608024606,0.1810530875279771,,0.4646960774991172,8917.746125591073
ppo_variance_penalized,2021-12-13,8902.916386729024,-8.130641176873343e-05,0.25012763045931263,-0.018896797632329414,1.0188967976323293,-0.03862427286813654,0.18111967316285926,,-0.3179459523526494,8901.413263321145
ppo_variance_penalized,2021-12-14,8906.347418711319,0.00038538292771228555,0.23629643585766083,-0.25441320636857273,1.2544132063685727,-0.03808009981183146,0.18080409066505687,,0.1267665588056623,8900.812659318102
ppo_variance_penalized,2021-12-15,8887.35918841262,-0.0021319885028071583,0.05075562396634342,-0.2061680263752784,1.2061680263752783,-0.04052894864933465,0.18255060692530561,,0.5625649125174047,8905.89537149082
ppo_variance_penalized,2021-12-16,8887.20047931879,-1.785784623598019e-05,0.11332162533949272,-0.09274207192526991,1.0927420719252698,-0.03833491922397495,0.1825652048108728,,-0.1451944298588444,8886.352058424412
ppo_variance_penalized,2021-12-17,8920.078743409385,0.0036995074171113362,0.1451448486460573,-0.23314521778203987,1.23314521778204,-0.034578134388196784,0.1795410987230657,,0.2078470257515069,8885.910547950332
ppo_variance_penalized,2021-12-20,8941.10660342217,0.0023573625993291714,0.03879159260370277,-0.1914985002973269,1.1914985002973268,-0.035852518005115255,0.17760697959490881,,0.4826244603819318,8919.732719348778
ppo_variance_penalized,2021-12-21,8903.092087484198,-0.0042516567158948915,0.06762419920180335,-0.26441340407598685,1.264413404075987,-0.04242364575502387,0.18110351240321917,,0.8370725726284668,8940.501968248134
ppo_variance_penalized,2021-12-22,8892.504980735646,-0.001189149415115498,0.10995477697122763,-0.15570599597305027,1.1557059959730502,-0.039277981520773525,0.18207730268248504,,0.3331392309385471,8902.113149979365
ppo_variance_penalized,2021-12-23,8888.858440902628,-0.00041006891094441666,0.09932568680852619,-0.05670870685339016,1.0567087068533902,-0.03842200948251595,0.18241270735221077,,-0.3166076124778934,8891.621726570986
ppo_variance_penalized,2021-12-27,8885.670253315126,-0.000358672332189669,0.02280441143870396,-0.03425167529619478,1.0342516752961948,-0.038294599474151106,0.1827059532932334,,-0.4963445974001821,8888.65573571752
ppo_variance_penalized,2021-12-28,8885.146446221657,-5.8949643474859315e-05,0.021574221837885606,-0.012715304936445621,1.0127153049364457,-0.03791915654710375,0.1827541324859009,,-0.5694066032443946,8885.478551893902
ppo_variance_penalized,2021-12-29,8884.959746131657,-2.1012606953640933e-05,0.00650117100698438,-0.006228735848238963,1.006228735848239,-0.037805891091302835,0.18277130495209948,,-0.6034429585505241,8885.088682365189
ppo_variance_penalized,2021-12-30,8883.2247546184,-0.0001952728614230681,0.06700793112712194,0.06065870265889428,0.9393412973411057,-0.0379050543599848,0.18293088753781855,,-0.7601499655219154,8884.36438336092
ppo_variance_penalized,2021-12-31,8882.743931394025,-5.4127103350176675e-05,0.06682113700959347,-0.006149661399527811,1.0061496613995278,-0.03768913512947907,0.182975113122113,,-0.6495276926996184,8882.631167439986
ppo_variance_penalized,2022-01-03,8883.850245386504,0.00012454642405801408,0.029932406403228067,0.0239335311236561,0.9760664688763439,-0.03743619869392113,0.18287335559408588,,-0.6742428660378282,8882.478049492694
ppo_variance_penalized,2022-01-04,8888.209134817544,0.0004906531864721231,0.0696268516001522,0.09406799368614956,0.9059320063138504,-0.03699701021621193,0.1824724298022569,,-0.8401422730088052,8883.231690863831
ppo_variance_penalized,2022-01-05,8884.432291179044,-0.0004249274045211582,0.05839491926188274,0.0353194670221575,0.9646805329778425,-0.03783869349390981,0.18281981967078553,,-0.7474145188561339,8887.690108562732
ppo_variance_penalized,2022-01-06,8892.471216506647,0.0009048327528573541,0.2916479603788622,-0.25482667943533915,1.254826679435339,-0.03643814623351476,0.18208040827863775,,0.0476136236107935,8881.841164622198
ppo_variance_penalized,2022-01-07,8891.341713674408,-0.0001270178789155585,0.15013150086697596,-0.10466964181801033,1.1046696418180104,-0.03739625246395986,0.18218429869030167,,0.0169855551671133,8891.136176456495
ppo_variance_penalized,2022-01-10,8895.405980170759,0.0004571038463294652,0.005629826222455975,-0.10978592983027853,1.1097859298302786,-0.03674007612052793,0.18181047198764433,,-0.2192089591024337,8891.291656965675
ppo_variance_penalized,2022-01-11,8888.02960628312,-0.0008292340905049489,0.05072425255039774,-0.16141440078343075,1.1614144007834308,-0.03795456419236642,0.1824889426367663,,-0.0338874826255193,8894.954767351282
ppo_variance_penalized,2022-01-12,8886.530253329798,-0.00016869351473158822,0.10576374932850521,-0.05571709451128175,1.0557170945112817,-0.037221191591196454,0.1826268514503648,,-0.3086901884942477,8887.089574947817
ppo_variance_penalized,2022-01-13,8887.01929000873,5.503122872374533e-05,0.03669282671858003,-0.018930803897698682,1.0189308038976987,-0.03692538575053781,0.18258187040167434,,-0.5274999680896054,8886.204181415083
ppo_variance_penalized,2022-01-14,8898.800652860491,0.0013256821513829564,0.25899924719063444,-0.2759076202082152,1.2759076202082151,-0.03558835895489707,0.18149823377704893,,0.2382985344011492,8884.717558702849
ppo_variance_penalized,2022-01-18,8903.731088604603,0.0005540562078472089,0.22313231916899628,-0.0519575492341891,1.051957549234189,-0.036288766085927994,0.18104473779233918,,-0.0741234484077969,8896.815042832995
ppo_variance_penalized,2022-01-19,8933.278133240117,0.003318501462081347,0.3155622764627561,-0.3625666087443391,1.362566608744339,-0.03348247902364358,0.1783270335573238,,0.952735329704676,8900.921406953272
ppo_variance_penalized,2022-01-20,8944.014192867115,0.001201805145532031,0.1999209856564561,-0.16101786858043152,1.1610178685804315,-0.03552712265976601,0.17733954275830838,,1.2494003600377594,8931.492183470576
ppo_variance_penalized,2022-01-21,8986.457903338434,0.004745487826391059,0.18276735776463074,-0.33719398847600385,1.3371939884760038,-0.03197025204578874,0.17343561757321463,,1.7300526599813428,8942.379519025275
ppo_variance_penalized,2022-01-24,8975.243299120271,-0.0012479448898321532,0.058196388397421084,-0.2805211869090141,1.280521186909014,-0.03788460783014395,0.1744671243703814,,2.610788116764616,8985.934923943974
ppo_variance_penalized,2022-01-25,8982.006210461093,0.0007535072995163983,0.04075446454591142,-0.3202270028895371,1.320227002889537,-0.035813981001659514,0.1738450793226038,,2.8552121208324053,8974.877517885447
ppo_variance_penalized,2022-01-26,8994.22853247337,0.0013607563528559297,0.007407671005152938,-0.31102562050882016,1.3110256205088202,-0.03514188638241441,0.17272088376584888,,3.13579207924774,8981.93967471412
ppo_variance_penalized,2022-01-27,8993.168921211076,-0.00011781013329470458,0.028362422179549596,-0.33950786199901206,1.339507861999012,-0.03654962218031394,0.17281834562880433,,3.437309074752985,8993.973434366551
ppo_variance_penalized,2022-01-28,8948.901053521276,-0.004922388101194275,0.039543434051014015,-0.3063433518616508,1.3063433518616507,-0.04133940753775276,0.17689005476180727,,3.027389362861251,8992.81330042893
ppo_variance_penalized,2022-01-31,8920.611873183892,-0.0031611904264213786,0.032810007592851964,-0.277530075474158,1.277530075474158,-0.039518206690338474,0.17949206204058651,,2.2921751003452178,8948.607440009762
ppo_variance_penalized,2022-02-01,8901.013205884872,-0.0021970093058230056,0.008931101723089863,-0.2713808793878483,1.2713808793878483,-0.03848965760668896,0.181294725615785,,1.5223006328905455,8920.53220229182
ppo_variance_penalized,2022-02-02,8889.167258501746,-0.0013308538150796911,0.05536551068782081,-0.21756844900361227,1.2175684490036123,-0.03755531657851186,0.18238430265362507,,0.7105246965458858,8900.52039674309
ppo_variance_penalized,2022-02-03,8921.712309633791,0.0036612035959744382,0.043638624923313385,-0.2565515455473906,1.2565515455473906,-0.032528811466610366,0.17939084512237535,,0.7493661482647109,8888.779347465872
ppo_variance_penalized,2022-02-04,8922.319992566858,6.811281421970072e-05,0.017919528795337036,-0.27436143607786795,1.274361436077868,-0.0360468427714455,0.17933495112346226,,1.391228873116218,8921.552436753154
ppo_variance_penalized,2022-02-07,8921.796922752064,-5.862486609187201e-05,0.03845614642790457,-0.23593021773868733,1.2359302177386873,-0.03610535632528163,0.17938306250205896,,1.062966501130047,8921.976874522747
ppo_variance_penalized,2022-02-08,8898.29166793652,-0.002634587518530185,0.016462998156011766,-0.2556807987070268,1.2556807987070269,-0.03862783202022717,0.1815450496430855,,0.9569826544463482,8921.650043225776
ppo_variance_penalized,2022-02-09,8881.715626676929,-0.0018628341122286507,0.05037014108659682,-0.20749931687051157,1.2074993168705115,-0.037791644250600706,0.18306969544393276,,0.552047459003096,8897.843459729776
ppo_variance_penalized,2022-02-10,8902.390353908255,0.0023277853176506547,0.0419496213787208,-0.16279406616868833,1.1627940661686884,-0.033546645191236735,0.18116805707544334,,0.1320802005243396,8881.343042069197
ppo_variance_penalized,2022-02-11,8945.091722352568,0.004796618295396016,0.1701608472090735,-0.3263660250980329,1.326366025098033,-0.03106615822220371,0.17724043279715673,,1.2541706567289637,8900.875515623447
ppo_variance_penalized,2022-02-14,8953.599995605617,0.0009511666863948331,0.07242898929900643,-0.2526547309572376,1.2526547309572376,-0.034835972070965227,0.17645785130592073,,2.207141858518654,8944.443838399931
ppo_variance_penalized,2022-02-15,8917.769671708256,-0.004001778493002317,0.062077820617469415,-0.31993301539642743,1.3199330153964275,-0.03975658296500429,0.17975348456464563,,2.4449454980718386,8953.044175631208
ppo_variance_penalized,2022-02-16,8920.462413753827,0.00030195241015396057,0.07798099844677381,-0.24148030032250803,1.2414803003225081,-0.03537867316972646,0.1795058091523895,,1.697847239112846,8917.074255125339
ppo_variance_penalized,2022-02-17,8961.966270485713,0.00465265754249411,0.03199716459181387,-0.2675392910035777,1.2675392910035777,-0.031016080433822424,0.17568833066676984,,1.3018789715638073,8920.176984249738
ppo_variance_penalized,2022-02-18,8982.743789614953,0.002318410770822288,0.031602801462776664,-0.2960961526563943,1.2960961526563943,-0.033287721758896396,0.17377723761407318,,2.329609362502605,8961.683047244951
ppo_variance_penalized,2022-02-22,9018.17176780123,0.003944004083388908,0.023863649957495958,-0.26720428371831645,1.2672042837183164,-0.031632820886477,0.17051861166543428,,2.209357526823967,8982.5294285615
ppo_variance_penalized,2022-02-23,9055.143131140081,0.004099651713316721,0.04280942773416768,-0.30460918722555486,1.3046091872255547,-0.031445835765149116,0.16711802687058414,,2.465655454073319,9017.785705028642
ppo_variance_penalized,2022-02-24,9047.837990777818,-0.0008067393586680405,0.015346996207977859,-0.32100163007884,1.32100163007884,-0.036279200649948204,0.16778994553943272,,2.996520337730776,9055.004161892784
ppo_variance_penalized,2022-02-25,8981.575239681999,-0.007323600529027918,0.025195609580564216,-0.30533311013160863,1.3053331101316086,-0.042851797840950986,0.17388471953454246,,2.798882301453319,9047.610024984255
ppo_variance_penalized,2022-02-28,8989.712346570708,0.0009059777011897197,0.03756428007064977,-0.26657371969060917,1.266573719690609,-0.03453254012061923,0.1731362775118287,,2.081681291610752,8981.23785327422
ppo_variance_penalized,2022-03-01,9042.040607107252,0.005820904887630318,0.056150265027713586,-0.3149952511315003,1.3149952511315002,-0.029634993763363413,0.1683231824281931,,2.713946430917946,8989.207571839925
ppo_variance_penalized,2022-03-02,8990.681920572948,-0.005679988485556509,0.008551545905624347,-0.3310960891253328,1.3310960891253327,-0.04112580387178053,0.1730470971757053,,3.4535025933692824,9041.96328368192
ppo_variance_penalized,2022-03-03,8996.710735265884,0.0006705625609044752,0.05022270107334609,-0.2799507720631596,1.2799507720631595,-0.03469576529270549,0.17249257351944014,,2.7665963153178468,8990.230384242406
ppo_variance_penalized,2022-03-04,9010.272854512301,0.0015074530731831182,0.03405284450826679,-0.31198112103772135,1.3119811210377215,-0.03380040388186065,0.1712451449063101,,2.686480857622913,8996.40437167413
ppo_variance_penalized,2022-03-07,9075.1601729898,0.0072014820777601685,0.008726129267930705,-0.2939254385426407,1.2939254385426406,-0.028165454024283235,0.16527688167049623,,3.0092530983827364,9010.194229706633
ppo_variance_penalized,2022-03-08,9094.044645392747,0.0020808968704655317,0.07033419189902496,-0.36133088716025813,1.361330887160258,-0.03320727302435441,0.16353990894585915,,3.9873711217771888,9074.521878932677
ppo_variance_penalized,2022-03-09,9034.781868982998,-0.006516657738179554,0.05415218122954829,-0.3156817671212192,1.315681767121219,-0.04183336190179254,0.16899083307090548,,3.5725370966346115,9093.552183039
ppo_variance_penalized,2022-03-10,9045.003986373074,0.0011314182830655106,0.018485945120715663,-0.29570585681385275,1.2957058568138526,-0.03410367660690483,0.16805061410604685,,2.887797975700156,9034.61485250119
ppo_variance_penalized,2022-03-11,9061.358280048804,0.0018081024287406322,0.007237883343164886,-0.2861331871504338,1.2861331871504338,-0.03337130627486835,0.16654636440082277,,2.3427243509747577,9044.938519689382
ppo_variance_penalized,2022-03-14,9060.847592462054,-5.635883395915808e-05,0.011282575989290944,-0.2974742490835579,1.297474249083558,-0.03517055081643113,0.16659333687588415,,2.423621841905461,9061.256044585443
ppo_variance_penalized,2022-03-15,9011.037085084443,-0.005497334202933746,0.0010421413965614468,-0.30359706535565284,1.3035970653556528,-0.04061457449296851,0.17117485183002923,,2.6072687671155883,9060.83814977769
ppo_variance_penalized,2022-03-16,8971.94049284774,-0.0043387450154230844,0.0229458834193888,-0.28620230008184844,1.2862023000818485,-0.03941814034791423,0.17477091281030901,,2.1465726436486494,9010.830318878001
ppo_variance_penalized,2022-03-17,8942.631917307051,-0.003266693037481949,0.014789361248611743,-0.2755610016910958,1.2755610016910959,-0.03829591386196322,0.1774666829237592,,1.4372489578755987,8971.80780357869
ppo_variance_penalized,2022-03-18,8930.290411927175,-0.0013800752948347483,0.001954403313868036,-0.27536420787147126,1.2753642078714713,-0.036344517983789126,0.1786018408338346,,1.2107138026941635,8942.614439797597
ppo_variance_penalized,2022-03-21,8940.918021233445,0.001190063124047569,0.03275594378284058,-0.24109058514320655,1.2410905851432066,-0.03371494401133947,0.17762432517445043,,0.8128325495862658,8929.997891836478
ppo_variance_penalized,2022-03-22,8923.45081703744,-0.0019536253608996024,0.007853712289692921,-0.25137921475376707,1.251379214753767,-0.036802894632096794,0.1792309391489765,,0.7337314506852712,8940.8478018357
ppo_variance_penalized,2022-03-23,8951.384585867252,0.003130377406964424,0.019533761372228675,-0.2279773582279438,1.2279773582279438,-0.03167940038489038,0.176661622224553,,0.6020379841794518,8923.276508478562
ppo_variance_penalized,2022-03-24,8927.385014156887,-0.002681101619547932,0.022191948765540703,-0.25350233042849435,1.2535023304284945,-0.03743855437025677,0.1788690760826427,,0.7368711703114761,8951.185937199141
ppo_variance_penalized,2022-03-25,8919.88864779402,-0.0008397046112584849,0.07391203070296182,-0.18049438038585702,1.180494380385857,-0.035532792481720574,0.17955858350590306,,0.320582683445726,8926.725173001623
ppo_variance_penalized,2022-03-28,8915.456449680983,-0.0004968893994132806,0.0013243581938930382,-0.1824046977885675,1.1824046977885674,-0.03512827968028061,0.17996625214859863,,0.1312793310317312,8919.8768346664
ppo_variance_penalized,2022-03-29,8904.514169132148,-0.0012273382311488445,0.06574025089821334,-0.1179631560118355,1.1179631560118355,-0.03579981242073429,0.1809727109181689,,-0.1252437434845637,8914.870345337109
ppo_variance_penalized,2022-03-30,8906.372471270552,0.00020869214233454336,0.022116428521410395,-0.09559384944703667,1.0955938494470367,-0.03430216453024679,0.18080178635858002,,-0.2838834559111311,8904.317233081008
ppo_variance_penalized,2022-03-31,8924.166103194426,0.0019978540063614325,0.040061821911071854,-0.13334591524548398,1.133345915245484,-0.03246254345835131,0.17916514792545246,,-0.1900038492989381,8906.015665762734
ppo_variance_penalized,2022-04-01,8917.970884835055,-0.0006942069755014879,0.054643528295089144,-0.1887497659854736,1.1887497659854735,-0.035092507764687426,0.1797349772054973,,0.0756146589280775,8923.678455271456
ppo_variance_penalized,2022-04-04,8913.89010046913,-0.00045759112903853705,0.08265746944473645,-0.10650719762838476,1.1065071976283847,-0.034795310538602256,0.18011032320338863,,-0.1289968325413248,8917.233747929133
ppo_variance_penalized,2022-04-05,8918.659086608437,0.0005350061629159075,0.037552595744496514,-0.0683428898336861,1.0683428898336862,-0.033743357939301936,0.17967167717339128,,-0.3609987514496152,8913.555360757677
ppo_variance_penalized,2022-04-06,8927.013516546813,0.0009367361009369191,0.173545514058831,-0.2405108484357262,1.2405108484357261,-0.03328405188586899,0.17890324601877852,,0.1732569190723647,8917.111293332537
ppo_variance_penalized,2022-04-07,8920.68916847326,-0.000708450599053112,0.05618107047971729,-0.18510282784961185,1.1851028278496119,-0.03486957459077564,0.17948495250601706,,0.4030437427015956,8926.511987371267
ppo_variance_penalized,2022-04-08,8913.490545892573,-0.0008069581222633904,0.011479981241002468,-0.19753543328700207,1.197535433287002,-0.0349090785773966,0.1801470737880317,,0.2787686050458334,8920.58675912895
ppo_variance_penalized,2022-04-11,8931.83845055736,0.002058442152411466,0.02405411791262768,-0.17104256493850872,1.1710425649385088,-0.03199483158901544,0.1784594539659391,,0.1898366938173375,8913.27613973997
ppo_variance_penalized,2022-04-12,8938.10182156921,0.0007012409647264572,0.1147506202955611,-0.2847447240387801,1.2847447240387802,-0.03329224313576675,0.17788335608087627,,0.8867250240579007,8930.813516554777
ppo_variance_penalized,2022-04-13,8918.855442200918,-0.002153296052395115,0.08475787878388202,-0.20247442033774496,1.2024744203377449,-0.03609640709203275,0.17965361660483567,,0.8559490190300765,8937.344247018458
ppo_variance_penalized,2022-04-14,8925.847975625808,0.0007840169033128674,0.014623021154471644,-0.1869034768187081,1.1869034768187081,-0.03309982829918743,0.1790104511736823,,0.317097676555998,8918.725021589113
ppo_variance_penalized,2022-04-18,8926.610895903139,8.547314265427985e-05,0.03942555178770671,-0.22617587480232262,1.2261758748023226,-0.033739483213155064,0.17894027861685777,,0.5051039642452173,8925.496069144196
ppo_variance_penalized,2022-04-19,8902.618721423327,-0.0026877137089982295,0.04502184722110772,-0.1842838658265679,1.184283865826568,-0.0364685114736714,0.18114705208592555,,0.3846935997359747,8926.20900339118
ppo_variance_penalized,2022-04-20,8891.244236429273,-0.0012776560863695385,0.0006997899837882515,-0.18649876393787806,1.1864987639378781,-0.03499931649717429,0.1821932645386696,,0.2065783671397651,8902.612491459917
ppo_variance_penalized,2022-04-21,8903.754323575791,0.001407011978735495,0.05220927574150508,-0.13263663445148538,1.1326366344514853,-0.03226113690112148,0.181042600665585,,-0.0267046520401094,8890.780031007249
ppo_variance_penalized,2022-04-22,8966.274763412033,0.007021806483439974,0.13085672463741232,-0.2545190326095496,1.2545190326095497,-0.02670095375308324,0.17529204028927736,,0.4889192289287737,8902.589207448033
ppo_variance_penalized,2022-04-25,8949.310613649852,-0.0018919953057211503,0.021751207935723216,-0.2786617020637985,1.2786617020637985,-0.03553910087118611,0.1768523838776409,,1.6876927513864766,8966.079736105245
ppo_variance_penalized,2022-04-26,9001.517285164928,0.005833596996337231,0.03232784965348201,-0.23906535319425815,1.2390653531942581,-0.02783275083891668,0.17205047241668744,,1.414485241765549,8949.02130168183
ppo_variance_penalized,2022-04-27,8995.295102742979,-0.0006912370686887881,0.09991567917726285,-0.3397733481741654,1.3397733481741654,-0.03428370198082979,0.1726227818211564,,2.7776511131524044,9000.617892451755
ppo_variance_penalized,2022-04-28,8952.763867565413,-0.00472816452287339,0.09317055960662235,-0.2524082340686027,1.2524082340686027,-0.03830963477260021,0.1765347574311833,,2.329425508122001,8994.45700606443
ppo_variance_penalized,2022-04-29,9028.351576612735,0.008442946800056417,0.04768792014434897,-0.28914993104624964,1.2891499310462495,-0.025231362232519476,0.16958228419647922,,1.962649781419904,8952.336928877025
ppo_variance_penalized,2022-05-02,9019.610425414017,-0.0009681890569437357,0.011308380988357292,-0.30170390142929987,1.3017039014293,-0.03455129113322778,0.17038628554161242,,2.635011256326345,9028.24948057341
ppo_variance_penalized,2022-05-03,9015.525233586784,-0.0004529233120448284,0.02269682421219782,-0.2795575892795929,1.279557589279593,-0.03397867616896925,0.17076203693288275,,2.3763922781649285,9019.40570890173
ppo_variance_penalized,2022-05-04,8948.315639544648,-0.007454872822245773,0.015718225227774052,-0.27331187684497726,1.2733118768449772,-0.04104201374061677,0.17694390048692624,,1.72093071753001,9015.383525530617
ppo_variance_penalized,2022-05-05,9010.70509371934,0.006972200879792334,0.042468750071143035,-0.22226894975786182,1.2222689497578618,-0.02664050608273751,0.17120538802578278,,0.9288607664182716,8947.935615764194
ppo_variance_penalized,2022-05-06,9020.257918599813,0.0010601639695357878,0.10729359506483105,-0.32801198082421396,1.328011980824214,-0.03247465905819593,0.1703267298400224,,2.085069107058948,9009.738302775766
ppo_variance_penalized,2022-05-09,9061.99885753574,0.004627466233516175,0.08815038817380044,-0.23404181155601714,1.2340418115560172,-0.028899535177472995,0.16648744479750618,,1.8588647966015772,9019.46277936286
ppo_variance_penalized,2022-05-10,9068.50529200372,0.0007179910933854394,0.11496606317123201,-0.3478850151669074,1.3478850151669075,-0.03274339010693983,0.16588899020664585,,2.727116275298084,9060.957035202628
ppo_variance_penalized,2022-05-11,9091.607812375785,0.0025475554822067537,0.09545681134572515,-0.2491264321282683,1.2491264321282682,-0.030872811472213338,0.16376404613087775,,2.3420846911819413,9067.639641404874
ppo_variance_penalized,2022-05-12,9098.465077047389,0.0007542411433838492,0.07165578227488417,-0.3196922065615727,1.3196922065615726,-0.032608409883004924,0.16313332256889282,,2.238250561131708,9090.956346105853
ppo_variance_penalized,2022-05-13,9063.373720234766,-0.0038568436011419127,0.056696993291385334,-0.26781336309595233,1.2678133630959523,-0.03719368963262985,0.16636098645875189,,2.060078956372082,9097.949221433953
ppo_variance_penalized,2022-05-16,9059.237111858853,-0.00045640933537560713,0.0009885513989461026,-0.26740201348619547,1.2674020134861954,-0.033730216730891764,0.1667414670868654,,1.4839876916571286,9063.364760623996
ppo_variance_penalized,2022-05-17,9028.876096625205,-0.00335138763438525,0.018362229412365816,-0.2532168644213942,1.2532168644213941,-0.03659208232241464,0.1695340394303165,,1.2043219997061985,9059.070764068703
ppo_variance_penalized,2022-05-18,9106.07379611614,0.008550089586431442,0.010768176867988422,-0.23190243248668485,1.231902432486685,-0.02479154011743778,0.16243348106896388,,0.9351460084910984,9028.778872090477
ppo_variance_penalized,2022-05-19,9126.90791728785,0.0022879367813377627,0.08392222519191928,-0.31271083135106087,1.312710831351061,-0.030974372045591538,0.16051718182348448,,1.8503752790209056,9105.309594140408
ppo_variance_penalized,2022-05-20,9131.473363559193,0.00050021828999669,0.07546109933354378,-0.23653782895427308,1.236537828954273,-0.03270496859478012,0.16009725716369463,,1.5291664185750724,9126.219190782895
ppo_variance_penalized,2022-05-23,9075.996181321814,-0.00607538126966134,0.05638520428318419,-0.30075270009874705,1.300752700098747,-0.039302382531529,0.1651999865558595,,1.530332507264872,9130.958483568182
ppo_variance_penalized,2022-05-24,9071.714835706822,-0.0004717218396150802,0.06491647733091715,-0.2363392048377843,1.2363392048377844,-0.03362539199762426,0.16559377995391203,,1.3390121135349409,9075.406999621455
ppo_variance_penalized,2022-05-25,9055.334128889273,-0.0018056902266231356,0.05887410707284496,-0.29747990416561343,1.2974799041656135,-0.03491046819005361,0.16710045911048285,,1.5079009564998824,9071.18074659625
ppo_variance_penalized,2022-05-26,9019.846080545562,-0.003919021411975754,0.0574996684697745,-0.24478728526769658,1.2447872852676967,-0.03699851018125011,0.17036461024525365,,1.2939275980678984,9054.81345017898
ppo_variance_penalized,2022-05-27,8976.996285072993,-0.004750612714444102,0.02945955640138606,-0.28029147186682607,1.2802914718668261,-0.037813878123452264,0.17430588667617528,,1.1217416198572123,9019.58035988122
ppo_variance_penalized,2022-05-31,8988.253723942713,0.0012540318066565082,0.04890689649985219,-0.22978216621729916,1.2297821662172992,-0.03174761748674085,0.17327043999549813,,0.78193854880351,8976.557248044799
ppo_variance_penalized,2022-06-01,9001.343652791385,0.0014563372653582096,0.03847872998860294,-0.26636783646542633,1.2663678364654263,-0.03149567617776351,0.17206644292889037,,0.8633653914719718,8987.907867354601
ppo_variance_penalized,2022-06-02,8973.349570260145,-0.0031099893094914677,0.03759494291741455,-0.23255994615707637,1.2325599461570764,-0.03602586979512035,0.1746413074403508,,0.7636332585931843,9001.00524779058
ppo_variance_penalized,2022-06-03,8994.840580766711,0.002394981978389943,0.0005271762832617655,-0.23014030851626435,1.2301403085162643,-0.030475773226583874,0.17266458824596292,,0.5771355736797558,8973.34483972307
ppo_variance_penalized,2022-06-06,8994.203018073655,-7.088093305618326e-05,0.0014355430772308442,-0.22879009936918712,1.2287900993691871,-0.032884998908732685,0.1727232305518985,,0.5847433241716076,8994.827668285585
ppo_variance_penalized,2022-06-07,8976.66862547794,-0.0019495215485441086,0.006546994103293652,-0.23774201044872229,1.2377420104487222,-0.03471707861918272,0.17433602444054752,,0.631541481906686,8994.144133079531
ppo_variance_penalized,2022-06-08,8991.90763001045,0.0016976236027315128,0.03183171520069067,-0.203828261784116,1.203828261784116,-0.03102172970796999,0.17293435778771274,,0.4296956319911874,8976.382882718803
ppo_variance_penalized,2022-06-09,9029.643329409857,0.004196628897016774,0.013532339045008446,-0.21225673544615747,1.2122567354461575,-0.02850770660164719,0.16946347021387492,,0.4141778337631167,8991.78594846774
ppo_variance_penalized,2022-06-10,9090.683634511144,0.0067599907188444774,0.04234900486260412,-0.2461287899496204,1.2461287899496205,-0.025982513142432835,0.16384905098085936,,0.8081842687611117,9029.260933000593
ppo_variance_penalized,2022-06-13,9154.783800857631,0.007051193169141046,0.006279565524851649,-0.24363140562188965,1.2436314056218896,-0.025723778559270775,0.15795318912076486,,1.111947474026112,9090.626548967595
ppo_variance_penalized,2022-06-14,9166.639339025865,0.0012950101745847764,0.08612071177351135,-0.3279179309649554,1.3279179309649554,-0.03140631998476865,0.15686272993319958,,2.2610663702361435,9153.995384360569
ppo_variance_penalized,2022-06-15,9143.217916740925,-0.002555071866439329,0.06978878128958615,-0.26126396645214406,1.2612639664521441,-0.035215360619529484,0.15901700625149368,,1.9884957765763485,9165.999610437873
ppo_variance_penalized,2022-06-16,9201.514758612922,0.006375965486424384,0.006241232264973251,-0.259466969990822,1.259466969990822,-0.02631669519415886,0.15365492770868333,,1.4060008819590597,9143.160851794257
ppo_variance_penalized,2022-06-17,9212.35717235127,0.001178329223261665,0.05366665718546276,-0.3115177559853723,1.3115177559853723,-0.031444859404973206,0.15265765457703886,,1.9976200330633085,9201.020944074786
ppo_variance_penalized,2022-06-21,9159.634737025344,-0.005723012508043079,0.05373771071445249,-0.2649517899667558,1.2649517899667557,-0.03835996078669268,0.157507005418489,,1.646668201598336,9211.862121366545
ppo_variance_penalized,2022-06-22,9165.154018739171,0.0006025656996471174,0.010102694639033405,-0.27427376945424997,1.27427376945425,-0.03196656817877598,0.15699934803776128,,1.4613449837240462,9159.54220003259
ppo_variance_penalized,2022-06-23,9148.704711889017,-0.0017947660035523283,0.020537869529018038,-0.25596431291138383,1.2559643129113838,-0.03431744926655713,0.15851233694887557,,1.2251902060221345,9164.965786001721
ppo_variance_penalized,2022-06-24,9081.989216584905,-0.007292343277558566,0.0136838515993431,-0.27895738713804036,1.2789573871380404,-0.03987041349522425,0.16464875385167485,,1.2332999117826624,9148.579522371414
ppo_variance_penalized,2022-06-27,9086.148958679589,0.0004580210343223534,0.04084075026574879,-0.23749927056404835,1.2374992705640484,-0.032041951531512305,0.16426614540989162,,0.8948603384590061,9081.618301331395
ppo_variance_penalized,2022-06-28,9123.699473943305,0.004132720631642828,0.022727664584190788,-0.2550116804683328,1.255011680468333,-0.028352928869043295,0.16081229086646462,,0.8369780813194766,9085.942451733694
ppo_variance_penalized,2022-06-29,9118.086286871243,-0.000615231473602651,0.009085652486073958,-0.26486403196762554,1.2648640319676256,-0.03304110654709378,0.16132858555738408,,1.0857298341303832,9123.616579180498
ppo_variance_penalized,2022-06-30,9134.535040764955,0.0018039699753000793,0.012328122553334153,-0.2502650274274507,1.2502650274274507,-0.030577750484170264,0.15981564750658706,,1.0410010570893526,9117.973877986047
ppo_variance_penalized,2022-07-01,9110.337924863701,-0.002648970724100197,0.017112170315011443,-0.2707216145233548,1.2707216145233549,-0.03499108894388545,0.16204127125918918,,1.132552366241277,9134.37872904559
ppo_variance_penalized,2022-07-05,9117.249466171117,0.0007586481823635971,0.050168842239800726,-0.21956631679456787,1.2195663167945678,-0.03153021407974869,0.16140555539273427,,0.7587429282238657,9109.880869757597
ppo_variance_penalized,2022-07-06,9111.256020950641,-0.0006573742709041763,0.04942506413537903,-0.2697633707196048,1.2697633707196048,-0.032895407585769296,0.16195682580434229,,0.9054324393983412,9116.798845531514
ppo_variance_penalized,2022-07-07,9088.234493569433,-0.0025267128185479937,0.052826111879997584,-0.21995544984901183,1.219955449849012,-0.03472568487702314,0.1640743202350791,,0.7503615822287254,9110.774708720712
ppo_variance_penalized,2022-07-08,9091.456693742472,0.0003545463285876682,0.020045617670176097,-0.23953673773236514,1.2395367377323652,-0.03179083228980572,0.1637779458543463,,0.6249605595354227,9088.052314295477
ppo_variance_penalized,2022-07-11,9100.290786394855,0.0009716916606403725,0.056415950588657865,-0.18190559245198956,1.1819055924519897,-0.031125374924338502,0.16296539585788933,,0.3558884717944307,9090.943790570858
ppo_variance_penalized,2022-07-12,9112.592901602076,0.0013518375946419692,0.07523215316683063,-0.2553461443271998,1.2553461443271998,-0.030698660273514665,0.16183386101199385,,0.6318556944192438,9099.60615192455
ppo_variance_penalized,2022-07-13,9127.164671775165,0.0015990805614203296,0.028137693890607718,-0.2252147026063697,1.2252147026063698,-0.030406164707314658,0.16049356583189744,,0.8318379949970478,9112.336494252462
ppo_variance_penalized,2022-07-14,9136.413009232192,0.001013276059938617,0.007480727910826962,-0.23143842198579723,1.2314384219857972,-0.030943059233763566,0.15964291405999045,,0.7386076448685983,9127.096393939657
ppo_variance_penalized,2022-07-15,9096.140138605744,-0.004407952068908538,0.016492196700267137,-0.22030523513933478,1.2203052351393349,-0.036352042978557396,0.16334716781558167,,0.6547746047027228,9136.26232971171
ppo_variance_penalized,2022-07-18,9105.75540537292,0.0010570710895676516,0.04834742938658057,-0.17066366988445458,1.1706636698844546,-0.030830127741696432,0.16246276629467465,,0.247388694949008,9095.700363612703
ppo_variance_penalized,2022-07-19,9053.96656382367,-0.005687484370455631,0.06354410928462806,-0.24118859326003747,1.2411885932600375,-0.037588714392571256,0.16722624622104837,,0.4417388130979574,9105.176788256322
ppo_variance_penalized,2022-07-20,9050.18958432338,-0.00041716296097016325,0.06168524181007104,-0.17992281359515197,1.179922813595152,-0.032252609004682485,0.16757364858599302,,0.29130534080969,9053.40806770684
ppo_variance_penalized,2022-07-21,9041.078486388005,-0.001006730063551009,0.010265162169122627,-0.1913751514736478,1.1913751514736477,-0.03279413609902358,0.16841167721965358,,0.1729648417697721,9050.096682659636
ppo_variance_penalized,2022-07-22,9046.536539612338,0.0006036949278285242,0.03886440416014836,-0.15177063757808892,1.151770637578089,-0.03113484901279546,0.1679096515671496,,0.0257702530926703,9040.727110259666
ppo_variance_penalized,2022-07-25,9042.240326740688,-0.00047490140042416584,0.012248187118451909,-0.16455761761964866,1.1645576176196486,-0.03216425076553472,0.16830481243889975,,0.0069057628723514,9046.425735940027
ppo_variance_penalized,2022-07-26,9054.036067101728,0.0013045152456472309,0.009128424808368008,-0.17214624587535707,1.172146245875357,-0.030339740531114472,0.16721985338699483,,0.0641696281753185,9042.157785329766
ppo_variance_penalized,2022-07-27,9025.73867716003,-0.0031253895756520045,0.046576693615914905,-0.2224869232927469,1.2224869232927469,-0.0347383964659004,0.1698226157760291,,0.3086476332459689,9053.614360037844
ppo_variance_penalized,2022-07-28,9012.31677968907,-0.0014870691420442173,0.08196019645082034,-0.14213167782157704,1.142131677821577,-0.033050162968892044,0.1710571469465316,,0.0336110239375911,9024.998925844937
ppo_variance_penalized,2022-07-29,8999.61858137656,-0.0014089826870186117,0.009425154879987685,-0.13429404768234968,1.1342940476823498,-0.03292566114655972,0.1722251130750118,,-0.1405821009893909,9012.231837207593
ppo_variance_penalized,2022-08-01,9000.404073275573,8.728057660545296e-05,0.05752699795252561,-0.07661113931293947,1.0766111393129394,-0.03137994386887388,0.1721528644055814,,-0.3320774923526572,8999.100860336855
ppo_variance_penalized,2022-08-02,9019.96015279843,0.0021728001724861112,0.11067760692481535,-0.18458347677792533,1.1845834767779253,-0.029256725234816504,0.17035411800656974,,-0.050933534019929,8999.407930091387
ppo_variance_penalized,2022-08-03,8998.43758634397,-0.00238610438293152,0.0028605693617917705,-0.1902807835682511,1.1902807835682512,-0.03377547771879665,0.17233373968187532,,0.151685938430985,9019.934350576772
ppo_variance_penalized,2022-08-04,8999.44901268974,0.00011240021793379462,0.1022317592247605,-0.08781552047603568,1.0878155204760356,-0.031226104707824085,0.1722407098138391,,-0.2258746170516185,8997.517660239244
ppo_variance_penalized,2022-08-05,8997.840903863014,-0.00017868969805356905,0.005256476689644254,-0.09326160604448427,1.0932616060444842,-0.031469213141801816,0.17238862187146345,,-0.3255979134808168,8999.401707295785
ppo_variance_penalized,2022-08-08,8996.766353202791,-0.00011942316736923697,0.022950409896088736,-0.07041446435345838,1.0704144643534583,-0.03136209569293677,0.17248745784359035,,-0.3843515708456047,8997.63439972609
ppo_variance_penalized,2022-08-09,8997.82836394313,0.00011804360574085848,0.015730564118488333,-0.08599974747190924,1.0859997474719092,-0.03107704927469144,0.17238977527931848,,-0.3628127454268405,8996.624828992813
ppo_variance_penalized,2022-08-10,8981.516680305482,-0.0018128467201057319,0.02483584199656992,-0.1128253827765117,1.1128253827765118,-0.03296618460004169,0.17389010576072933,,-0.2758938046126559,8997.604895299572
ppo_variance_penalized,2022-08-11,8980.722706492636,-8.84008615813503e-05,0.1588827299847732,0.04612458881299594,0.953875411187004,-0.03119269102271662,0.17396313458714094,,-0.6677997799058171,8980.08967241591
ppo_variance_penalized,2022-08-12,8977.106742955088,-0.00040263614140245707,0.07283930864493945,-0.027053463485127112,1.0270534634851272,-0.031459819264464534,0.17429572688328698,,-0.5844353283642059,8980.068556859564
ppo_variance_penalized,2022-08-15,8978.446821410515,0.0001492773221705157,0.076609890189057,0.049771087709186826,0.9502289122908132,-0.030860856924794438,0.1741724679604914,,-0.7186028044930198,8976.419007793294
ppo_variance_penalized,2022-08-16,8978.169798503535,-3.0854212592634767e-05,0.04740149713989929,0.0023860991529047774,0.9976139008470952,-0.030994019385279032,0.17419794821872978,,-0.643424960724028,8978.021229589189
ppo_variance_penalized,2022-08-17,8976.439777606349,-0.00019269193343551816,0.03304310286726353,0.03527517974141985,0.9647248202585802,-0.031109033590925247,0.17435707361272257,,-0.6984959953479226,8977.873131915323
ppo_variance_penalized,2022-08-18,8976.3295902207,-1.2275176838438817e-05,0.024410169420279564,0.010877013614245033,0.989122986385755,-0.03088193137752615,0.17436720852564938,,-0.6601223094973319,8976.220661190586
ppo_variance_penalized,2022-08-19,8971.894620744866,-0.0004940738228534913,0.03344171453469219,0.04387829306235677,0.9561217069376432,-0.031317456539476,0.17477513207520629,,-0.7240709405322424,8976.029406368974
ppo_variance_penalized,2022-08-22,8980.008729699359,0.0009043919146944912,0.09766261133065587,-0.05272932305186758,1.0527293230518675,-0.029874570835371966,0.17402880537685028,,-0.5210626534907583,8971.01840208762
ppo_variance_penalized,2022-08-23,8988.658080713454,0.0009631784639017038,0.17558451042324533,-0.22691642111818752,1.2269164211181876,-0.029771455042151368,0.17323324771038612,,0.0963959823881194,8978.431979262958
ppo_variance_penalized,2022-08-24,8985.000185429426,-0.00040694564763532615,0.08612308270018063,-0.14115947966248493,1.1411594796624849,-0.03109514225954524,0.17356969684183995,,0.1517433401755043,8987.883949770205
ppo_variance_penalized,2022-08-25,8973.809233974833,-0.0012455148829869644,0.01809471581847172,-0.12444495523310818,1.1244449552331082,-0.031890160020678425,0.1745990280841749,,-0.1044849307339439,8984.837604404442
ppo_variance_penalized,2022-08-26,8992.567088223446,0.002090288946370311,0.054524840060245175,-0.06763012250581998,1.06763012250582,-0.028517457649168597,0.17287370155625592,,-0.3127380609585847,8973.319938461618
ppo_variance_penalized,2022-08-29,9005.18008665638,0.0014026026505213895,0.21850185552915316,-0.2840499439565216,1.2840499439565216,-0.029161831772173553,0.1717135720177427,,0.4241684437972159,8990.602195628699
ppo_variance_penalized,2022-08-30,9017.25909899823,0.0013413404535624895,0.12966986087241517,-0.15268425276092623,1.1526842527609262,-0.02918073305695733,0.17060255792475326,,0.5459400559912172,9004.012386207412
ppo_variance_penalized,2022-08-31,9032.922870854522,0.0017370879204339218,0.09054091940112974,-0.2409569580703035,1.2409569580703035,-0.0287454231644896,0.1691618216468856,,0.5399917172246588,9016.442668068928
ppo_variance_penalized,2022-09-01,9025.457682814123,-0.000826442132533356,0.07206680966904314,-0.1697726596288144,1.1697726596288145,-0.03126310669631067,0.16984846132279383,,0.4669696717099568,9032.271896921233
ppo_variance_penalized,2022-09-02,9044.84114022047,0.002147642600247801,0.040467600137764265,-0.20759779577749862,1.2075977957774986,-0.028253592788968312,0.16806559251366937,,0.3996118687200717,9025.092444201555
ppo_variance_penalized,2022-09-06,9052.705154581745,0.0008694474827541931,0.027242872767626186,-0.17929742956932673,1.1792974295693268,-0.02948629650618234,0.16734226923726384,,0.3759336506142725,9044.594732764082
ppo_variance_penalized,2022-09-07,9022.655760784864,-0.0033193828014681515,0.06660819327060094,-0.2499717701134397,1.2499717701134396,-0.03365023274138367,0.17010617898826713,,0.6577104995912809,9052.102170247186
ppo_variance_penalized,2022-09-08,9014.710988600684,-0.0008805358859761414,0.12479170448157326,-0.12603116334167747,1.1260311633416775,-0.03116217644145734,0.17083693027921784,,0.1975666777226014,9021.529808193525
ppo_variance_penalized,2022-09-09,8996.155443592941,-0.0020583627174743935,0.033478569977605066,-0.16186244893926588,1.161862448939266,-0.03230237213741773,0.17254364862863775,,-0.0141139881706934,9014.409188968024
ppo_variance_penalized,2022-09-12,8989.319791211768,-0.0007598415149707716,0.06391650546449629,-0.09871061254322316,1.098710612543223,-0.03095795091912943,0.173172384316236,,-0.1829840502824177,8995.58044077437
ppo_variance_penalized,2022-09-13,9057.968556491633,0.007636702984688215,0.09679604958713267,-0.18633128216486902,1.186331282164869,-0.02263432126840514,0.1668581473957211,,0.0328623200643394,8988.449660567503
ppo_variance_penalized,2022-09-14,9054.839374989942,-0.00034546173153227056,0.0720101494528678,-0.2586856459859004,1.2586856459859004,-0.030543118740650438,0.16714596602273377,,0.7141363742818002,9057.31629082214
ppo_variance_penalized,2022-09-15,9062.523843989005,0.0008486587868459239,0.0869307344439616,-0.17065955950531075,1.1706595595053106,-0.029306405048825552,0.16643915712863896,,0.4847760263624702,9054.052231152802
ppo_variance_penalized,2022-09-16,9077.773970174096,0.0016827681170963338,0.06404933081355979,-0.23255570260181258,1.2325557026018126,-0.028434016247181865,0.16503646751859505,,0.5015738728030542,9061.943395401317
ppo_variance_penalized,2022-09-19,9065.69268504932,-0.0013308642806562077,0.04373897639407942,-0.19034892144207363,1.1903489214420737,-0.03140509787962505,0.16614769065962512,,0.5023565770344456,9077.376917632704
ppo_variance_penalized,2022-09-20,9083.965339589913,0.0020155828324874836,0.010407091951328468,-0.19832818729316568,1.1983281872931657,-0.028022619288662662,0.16446699226008857,,0.3888168052920775,9065.598337551944
ppo_variance_penalized,2022-09-21,9120.232950242078,0.003992486683552565,0.03926877158249045,-0.23262711263040414,1.232627112630404,-0.026032591305470615,0.16113113785301844,,0.6718287861658783,9083.60862342993
ppo_variance_penalized,2022-09-22,9129.34986062506,0.0009996356927197692,0.001628797289334627,-0.2330213274382662,1.2330213274382662,-0.028976106459004763,0.16029257459690505,,0.8363724335067033,9120.21809523137
ppo_variance_penalized,2022-09-23,9160.009676846827,0.003358378930574446,0.01544284183016531,-0.2134843424877387,1.2134843424877386,-0.026596516942398757,0.15747251887158428,,0.7011433702337387,9129.20887751915
ppo_variance_penalized,2022-09-26,9187.544735742402,0.0030060076208406894,0.0770325704494256,-0.2865501216319332,1.2865501216319333,-0.0269184513927283,0.15493987484254462,,1.2125229680918972,9159.304057756077
ppo_variance_penalized,2022-09-27,9199.887384647007,0.0013434110265160282,0.007974731054616935,-0.2768498601011782,1.2768498601011782,-0.02853712868970544,0.15380461175233912,,1.671057336516146,9187.471467544083
ppo_variance_penalized,2022-09-28,9149.597645376944,-0.005466342920021794,0.015567934364840497,-0.29950119333838765,1.2995011933383878,-0.03535925380942738,0.15843020592184184,,1.72230389691595,9199.744161404038
ppo_variance_penalized,2022-09-29,9180.629938866865,0.003391656627174333,0.07209650951003377,-0.2231676276444484,1.2231676276444483,-0.026466610687419297,0.15557589015252693,,1.225634194928241,9148.937991323291
ppo_variance_penalized,2022-09-30,9227.922761313543,0.0051513700869763035,0.08871418278226365,-0.30504267013085334,1.3050426701308533,-0.02471119458096835,0.15122594905233708,,1.544554640243038,9179.815486784411
ppo_variance_penalized,2022-10-03,9165.581399322215,-0.006755730797041726,0.04772676622879951,-0.2658073499771952,1.2658073499771951,-0.0366488847452605,0.15696003804805406,,1.4873554313287944,9227.482342401136
ppo_variance_penalized,2022-10-04,9099.381897124496,-0.007222618982208107,0.011211772260367792,-0.26370879863392804,1.2637087986339282,-0.03714902335244058,0.16304899448000817,,1.1752781306362612,9165.478636910932
ppo_variance_penalized,2022-10-05,9101.91077021955,0.0002779170193805136,0.01232623909604047,-0.2510194550991099,1.2510194550991098,-0.029579540814564903,0.16281639155118652,,0.964158015067476,9099.269735967606
ppo_variance_penalized,2022-10-06,9128.642132572328,0.0029368956725261963,0.0011300068140070452,-0.24622799429807438,1.2462279942980743,-0.02689543356138774,0.16035767063442335,,0.8546461573225558,9101.90048499836
ppo_variance_penalized,2022-10-07,9181.967017720051,0.005841491469739335,0.034663394356634486,-0.2734083843964298,1.2734083843964297,-0.02401154736003726,0.1554529071298023,,1.2347919559628366,9128.325702850147
ppo_variance_penalized,2022-10-10,9190.320657435774,0.000909787597755507,0.007369787766333347,-0.26487849542652847,1.2648784954265284,-0.028885447531738214,0.1546845486589885,,1.388676280273794,9181.899348571853
ppo_variance_penalized,2022-10-11,9187.263175917793,-0.0003326849662755871,0.015623913316376192,-0.280908541299133,1.280908541299133,-0.03008500098726013,0.1549657724014101,,1.5888020029971168,9190.177068662471
ppo_variance_penalized,2022-10-12,9188.39463007755,0.0001231546476998524,0.0012374385369107177,-0.27951194140551344,1.2795119414055134,-0.029586695594538595,0.15486170250881584,,1.8012870788684383,9187.25180724429
ppo_variance_penalized,2022-10-13,9114.927144567775,-0.007995682430670059,0.001464826794841445,-0.2883464515805323,1.2883464515805323,-0.037784338199925674,0.16161915994555254,,1.770574000229859,9188.381170670895
ppo_variance_penalized,2022-10-14,9144.916203586656,0.0032901040834707462,0.02215470081568549,-0.26201154931364934,1.2620115493136494,-0.026446034827473736,0.15886079972018577,,1.4403821838964752,9114.725206083931
ppo_variance_penalized,2022-10-17,9099.659783123525,-0.004948806468601741,0.017337092320338088,-0.2856890879234035,1.2856890879234035,-0.03468272868226337,0.16302343483552503,,1.44466259855168,9144.757657330172
ppo_variance_penalized,2022-10-18,9072.463598931743,-0.0029887034064967066,0.02297741394841263,-0.2664677566246025,1.2664677566246025,-0.03268419048291865,0.16552490954698998,,1.3088618186108631,9099.450696473898
ppo_variance_penalized,2022-10-19,9081.435505828611,0.000988916273847007,0.004472576980210141,-0.2696790429581897,1.2696790429581897,-0.02866226753169899,0.16469968354992107,,1.131349809748192,9072.423021639897
ppo_variance_penalized,2022-10-20,9089.810416246188,0.0009222011665668273,0.00027662191493349475,-0.26878523834862733,1.2687852383486273,-0.028688505391263313,0.16392936862365715,,1.1745698471454054,9081.432993704531
ppo_variance_penalized,2022-10-21,9031.950041872831,-0.006365410467741195,0.014309942804956677,-0.26249363426897376,1.2624936342689739,-0.03600933931741125,0.1692513013723911,,1.0149045435710684,9089.680341579024
ppo_variance_penalized,2022-10-24,8999.127208698841,-0.0036340804612315925,0.00785068269040734,-0.2749676790202704,1.2749676790202704,-0.03323968692472279,0.1722703089862673,,0.951683440069362,9031.879134898976
ppo_variance_penalized,2022-10-25,8972.041004662275,-0.003009870113891089,0.0006313238178643488,-0.2794491733512146,1.2794491733512146,-0.03258321307122551,0.1747616678456298,,0.977075355560386,8999.121527335494
ppo_variance_penalized,2022-10-26,8972.538581942255,5.5458649790285364e-05,0.030506902476237496,-0.2488349108169562,1.248834910816956,-0.02947176198641332,0.17471590124197342,,0.6941810993608485,8971.767295482332
ppo_variance_penalized,2022-10-27,8958.86766021647,-0.0015236403389000674,0.0184308020542151,-0.23225895087368786,1.2322589508736879,-0.03101313640649621,0.17597333738589396,,0.451286305536192,8972.373210859729
ppo_variance_penalized,2022-10-28,8903.403307609095,-0.006191000326266183,0.01161659736983478,-0.25160981541770944,1.2516098154177095,-0.0357085931195736,0.18107488672298996,,0.4674180445892433,8958.763588657972
ppo_variance_penalized,2022-10-31,8908.244857216156,0.0005437863971549106,0.07602537995475778,-0.17485619039462685,1.1748561903946269,-0.02891403794417884,0.18062956638610145,,0.1281873335430924,8902.726422989743
ppo_variance_penalized,2022-11-01,8913.695279423919,0.0006118401879522395,0.03476410656048179,-0.20883862953191099,1.208838629531911,-0.02880560362813605,0.18012824262599667,,0.147880197791159,8907.935170042672
ppo_variance_penalized,2022-11-02,8939.826979309179,0.002931634868154065,0.018173116254857152,-0.18716354513115238,1.1871635451311524,-0.02646208924173115,0.17772467799466427,,0.1266596369249917,8913.533289803345
ppo_variance_penalized,2022-11-03,8947.728701075408,0.000883878601288135,0.0044262275701110465,-0.19053221250698016,1.1905322125069802,-0.028466409506546532,0.17699788643317646,,0.1298591553747276,8939.78740960053
ppo_variance_penalized,2022-11-04,8928.86247274373,-0.002108493558751867,0.035216157685965754,-0.1577164066148595,1.1577164066148595,-0.03142500847259905,0.1787331810884713,,0.0049088258900947,8947.41359645054
ppo_variance_penalized,2022-11-07,8913.951960964036,-0.0016699228849376135,0.033802842826922336,-0.12575549718197776,1.1257554971819776,-0.030947965071328673,0.18010463334401158,,-0.161576694434182,8928.56065180894
ppo_variance_penalized,2022-11-08,8903.111652838566,-0.0012161057377177986,0.004841179514493477,-0.1222736945993442,1.1222736945993441,-0.030454324464607257,0.18110171280373016,,-0.2120219917942902,8913.908806922409
ppo_variance_penalized,2022-11-09,8935.859388015871,0.0036782348075869997,0.07308620599441343,-0.19089215529613265,1.1908921552961327,-0.02554576230747219,0.1780896126198914,,0.0349727644108438,8902.460958186315
ppo_variance_penalized,2022-11-10,8874.78974449604,-0.006834221630852122,0.004483218318746179,-0.19456755748800533,1.1945675574880052,-0.0360966082388462,0.18370673036794663,,0.1466916431499088,8935.819326607369
ppo_variance_penalized,2022-11-11,8872.937046231398,-0.00020875967971978326,0.16972216597608822,-0.024885407281652554,1.0248854072816524,-0.02940721329456802,0.18387713948947246,,-0.4112346948645904,8873.283495958021
ppo_variance_penalized,2022-11-14,8871.644242713986,-0.0001457018697050838,0.04219472278429614,0.017207585171286035,0.9827924148287139,-0.029303759748021425,0.18399605011615794,,-0.6372142368483097,8872.56265511245
ppo_variance_penalized,2022-11-15,8869.469344053026,-0.00024515169921812685,0.11587288965326922,-0.09880737345310657,1.0988073734531065,-0.029362964207312253,0.18419609487104066,,-0.3832722323780335,8870.616259659608
ppo_variance_penalized,2022-11-16,8869.712050405116,2.7364247248140572e-05,0.023599980961356473,-0.12235015335517276,1.1223501533551727,-0.029050307465566312,0.18417377101127477,,-0.2143042485518335,8869.26002474537
ppo_variance_penalized,2022-11-17,8869.264577410362,-5.0449551486142497e-05,0.04340273591714251,-0.0789550209650843,1.0789550209650842,-0.029088088460829064,0.1842149290786179,,-0.3186477857824856,8869.327080635332
ppo_variance_penalized,2022-11-18,8866.751431535273,-0.000283354482567888,0.005392570258125534,-0.07386094475836856,1.0738609447583685,-0.02928110970540469,0.18444608543527538,,-0.3672624092944041,8869.21674927799
ppo_variance_penalized,2022-11-21,8866.1103687713,-7.22996205456683e-05,0.07305963528083069,-0.0008005487987989802,1.000800548798799,-0.029030197178421816,0.1845050496738329,,-0.5570648419748447,8866.10362990956
ppo_variance_penalized,2022-11-22,8871.65570860767,0.0006254535084406765,0.059881291098355716,0.05972518394212898,0.940274816057871,-0.02829377035553357,0.1839949954960358,,-0.7361085110098488,8865.579454635397
ppo_variance_penalized,2022-11-23,8875.009861950319,0.0003780752379056729,0.10753564169187371,0.1676650600059354,0.8323349399940646,-0.028501811668545256,0.18368648420982578,,-0.982864703541395,8870.701689418176
ppo_variance_penalized,2022-11-25,8884.790911280668,0.001102088840744031,0.09256056384011868,0.2611084219421228,0.7388915780578772,-0.027741012184958475,0.18278683419352482,,-1.19869807487687,8874.18838603341
ppo_variance_penalized,2022-11-28,8853.62194012259,-0.003508126580503368,0.023095333238967286,0.23534819171130825,0.7646518082886917,-0.03233271988814937,0.1856537214224278,,-1.1691166224702634,8884.585714073814
ppo_variance_penalized,2022-11-29,8851.744702815573,-0.00021203043451734072,0.2113222597569244,0.024025240647603925,0.9759747593523961,-0.02899116544208587,0.18582638761772224,,-0.7731840153922894,8851.75097272717
ppo_variance_penalized,2022-11-30,8872.038622372831,0.002292646279191013,0.08072104890365417,0.10686619526404793,0.893133804735952,-0.02645809126583375,0.1839597755146786,,-0.8445744561098272,8851.030180698534
ppo_variance_penalized,2022-12-01,8860.256245608442,-0.001328034881935447,0.13125076943378988,0.23720394266049014,0.7627960573395098,-0.030039764655695234,0.18504350539785752,,-1.1344074759529124,8870.874160477199
ppo_variance_penalized,2022-12-02,8862.24789689096,0.00022478483999899268,0.0589462946613635,0.29634989653328475,0.7036501034667153,-0.02844728401148087,0.18486031553261228,,-1.2922182733203118,8859.733966333013
ppo_variance_penalized,2022-12-05,8816.704278609173,-0.005139059391214285,0.07437856640120927,0.367524940354317,0.632475059645683,-0.033819165217680185,0.18904936678322587,,-1.4561488778144311,8861.588735597297
ppo_variance_penalized,2022-12-06,8801.145824874999,-0.0017646564115711971,0.2204086220092471,0.1457969263313445,0.8542030736686554,-0.03039767069326447,0.19048041601759957,,-1.0650943966094994,8814.761000968461
ppo_variance_penalized,2022-12-07,8800.021131091396,-0.0001277894726415818,0.1266522348044547,0.01914357591855728,0.9808564240814427,-0.02872051233371178,0.1905838640983297,,-0.7383383577221311,8800.031140087438
ppo_variance_penalized,2022-12-08,8800.3099665458,3.2822131913023966e-05,0.011724078678222529,0.007463711489233692,0.9925362885107664,-0.028521311455629108,0.1905572973351445,,-0.6239226376501441,8799.917958951286
ppo_variance_penalized,2022-12-09,8795.536209429389,-0.0005424532925042413,0.0468268327524331,0.053821571216193555,0.9461784287838064,-0.029058383331485617,0.1909963821942986,,-0.7159079530461435,8799.897875902827
ppo_variance_penalized,2022-12-12,8792.313253404598,-0.0003664308744855127,0.07259327922782075,-0.019071171172974164,1.019071171172974,-0.028843900198864906,0.19129282609743312,,-0.5949742747398588,8794.89771261338
ppo_variance_penalized,2022-12-13,8785.690833110677,-0.0007532056812644683,0.15280935715782876,-0.17258465144183244,1.1725846514418325,-0.02919301625743131,0.19190194893529586,,-0.108280319511607,8790.969705668414
ppo_variance_penalized,2022-12-14,8779.951845568296,-0.0006532198379611831,0.25764532986428346,0.08469851517816376,0.9153014848218363,-0.02905504310465687,0.19242981461326908,,-0.6706728289045408,8783.427240897894
ppo_variance_penalized,2022-12-15,8748.217007157444,-0.0036144661120061095,0.07749029791216064,0.15921474551899606,0.8407852544810039,-0.03200042022228014,0.19534874968141588,,-0.99175622944707,8779.271484484128
ppo_variance_penalized,2022-12-16,8752.350941740666,0.00047254595763224216,0.21934893285973245,-0.05940103236270042,1.0594010323627003,-0.027869498686299114,0.19496851498577408,,-0.6107970769967433,8746.298095092498
ppo_variance_penalized,2022-12-19,8749.185199409825,-0.00036170194178830606,0.11122950616908164,0.05159089704285405,0.948409102957146,-0.028665804228314405,0.1952596964371045,,-0.661907577685417,8751.377422067597
ppo_variance_penalized,2022-12-20,8749.450611651906,3.0335652524415835e-05,0.03138436367045186,0.02026700440660169,0.9797329955933983,-0.02823592048273582,0.19523528411488322,,-0.7090496312935853,8748.910611799707
ppo_variance_penalized,2022-12-21,8766.904089168518,0.001994808393268599,0.11230205532297442,0.13439319372943823,0.8656068062705617,-0.026241982371738807,0.1936299327050292,,-0.9228692677723788,8748.468030365271
ppo_variance_penalized,2022-12-22,8742.802104823826,-0.00274920132575307,0.1274969494266134,0.2599497026525496,0.7400502973474504,-0.030958989410959765,0.19584680636308413,,-1.2444585237730037,8765.786335641233
ppo_variance_penalized,2022-12-23,8740.204515545085,-0.0002971117552011959,0.2660868907108961,-0.006168412605444626,1.0061684126054447,-0.028465618587953816,0.19608572972989624,,-0.8147481318063508,8740.475759795652
ppo_variance_penalized,2022-12-27,8740.757204359075,6.323522670514947e-05,0.21952304486385985,0.21357704867838292,0.7864229513216171,-0.028067849511600997,0.19603489402876417,,-1.0745964053966588,8738.2858392371
ppo_variance_penalized,2022-12-28,8733.19364803068,-0.0008653204924424784,0.15109731425760656,0.06180955579778564,0.9381904442022143,-0.028960044606539274,0.19673058151016973,,-0.902500771192736,8739.436499420919
ppo_variance_penalized,2022-12-29,8737.996156301178,0.0005499143227611913,0.009173014371603845,0.053165909232593955,0.946834090767406,-0.027508031070250412,0.19628885215190614,,-0.7974663145748441,8733.113538319836
ppo_variance_penalized,2022-12-30,8734.384042374057,-0.0004133801231437362,0.09271054309418064,0.145602447619332,0.854397552380668,-0.0284341699602145,0.19662109036517564,,-0.9710910182648248,8737.186051931973
