baseline,date,portfolio_value,daily_returns,turnover,weight_spy,weight_cash,reward,drawdown,lambda_rrc,vix_zscore_t,nav_after_cost
ppo_hybrid_regime_aware_policy_seed_11,2020-01-02,10000.0,0.0,0.0,0.0,1.0,0.0,0.0,,,10000.0
ppo_hybrid_regime_aware_policy_seed_11,2020-01-03,9914.353387491616,-0.008564661250838435,1.0,1.0,0.0,-0.01028970306929445,0.008564661250838435,0.02196868405794555,-1.121252637682178,9990.0
ppo_hybrid_regime_aware_policy_seed_11,2020-01-06,9952.177162965203,0.0038150521769082513,0.0,1.0,0.0,0.00380779332143604,0.004782283703479697,0.03712433531275174,-0.5150265874899304,9914.353387491616
ppo_hybrid_regime_aware_policy_seed_11,2020-01-07,9924.193856654649,-0.0028117773480448305,0.0,1.0,0.0,-0.0029152208319304846,0.00758061433453513,0.035550842754480054,-0.577966289820798,9952.177162965203
ppo_hybrid_regime_aware_policy_seed_11,2020-01-08,9977.085205357462,0.005329536027487647,0.0,1.0,0.0,0.005315384309479369,0.0022914794642538254,0.035071771634949366,-0.5971291346020252,9924.193856654649
ppo_hybrid_regime_aware_policy_seed_11,2020-01-09,10044.736319366033,0.006780649119067839,0.0,1.0,0.0,0.006757763910630538,0.0,0.03170709135644319,-0.7317163457422727,9977.085205357462
ppo_hybrid_regime_aware_policy_seed_11,2020-01-10,10015.830527723869,-0.002877705369570993,0.0,1.0,0.0,-0.0029463602473626302,0.0028777053695709857,0.022415888570817583,-1.1033644571672967,10044.736319366033
ppo_hybrid_regime_aware_policy_seed_11,2020-01-13,10084.712873426308,0.006877347366428754,0.0,1.0,0.0,0.006853806284860935,0.0,0.02279942373867406,-1.0880230504530377,10015.830527723869
ppo_hybrid_regime_aware_policy_seed_11,2020-01-14,10069.337492273617,-0.0015246225991427664,0.0,1.0,0.0,-0.0015570625454407094,0.0015246225991427196,0.02051427455748325,-1.17942901770067,10084.712873426308
ppo_hybrid_regime_aware_policy_seed_11,2020-01-15,10092.092756079188,0.0022598570981489097,0.0,1.0,0.0,0.0022573074615838975,0.0,0.021444797500769254,-1.14220809996923,10069.337492273617
ppo_hybrid_regime_aware_policy_seed_11,2020-01-16,10176.04267501085,0.008318385587676502,0.0,1.0,0.0,0.008283978494246641,0.0,0.02196743423231929,-1.1213026307072285,10092.092756079188
ppo_hybrid_regime_aware_policy_seed_11,2020-01-17,10207.715922647845,0.0031125309364881115,0.0,1.0,0.0,0.0031076970399105484,0.0,0.021110771295542913,-1.1555691481782835,10176.04267501085
ppo_hybrid_regime_aware_policy_seed_11,2020-01-21,10187.727176398314,-0.001958199699227836,0.0,1.0,0.0,-0.001997385860478398,0.0019581996992277854,0.01903094031567772,-1.2387623873728912,10207.715922647845
ppo_hybrid_regime_aware_policy_seed_11,2020-01-22,10188.957469653391,0.00012076228915192111,0.0,1.0,0.0,0.00012075499797367417,0.0018376738867541288,0.02714078310667269,-0.9143686757330924,10187.727176398314
ppo_hybrid_regime_aware_policy_seed_11,2020-01-23,10200.642909479642,0.0011468729613461903,0.0,1.0,0.0,0.001146215804953398,0.0006929085039004807,0.027874852178532052,-0.8850059128587179,10188.957469653391
ppo_hybrid_regime_aware_policy_seed_11,2020-01-24,10109.927785303242,-0.008893079091328415,0.0,1.0,0.0,-0.009188544349684698,0.009579825505100613,0.028771036533955793,-0.8491585386417684,10200.642909479642
ppo_hybrid_regime_aware_policy_seed_11,2020-01-27,9947.87160579183,-0.016029410194896898,0.0,1.0,0.0,-0.016888458693326593,0.025455676747380772,0.045930633652293995,-0.1627746539082402,10109.927785303242
ppo_hybrid_regime_aware_policy_seed_11,2020-01-28,10017.837227013923,0.007033225195765214,0.30000000000000004,0.7021846027555861,0.29781539724441386,0.005758607428239833,0.018601487058690483,0.08554204613274374,1.4216818453097495,9944.887244310092
ppo_hybrid_regime_aware_policy_seed_11,2020-01-29,10006.581234924082,-0.001123595027027191,0.29781539724441386,1.0,0.0,-0.0016422565788129608,0.019704181547363173,0.06466591655895661,0.5866366623582641,10014.85376084063
ppo_hybrid_regime_aware_policy_seed_11,2020-01-30,10039.056134922424,0.003245354156022895,0.0,1.0,0.0,0.0032400993602699547,0.016522774438815988,0.06607183339398613,0.6428733357594455,10006.581234924082
ppo_hybrid_regime_aware_policy_seed_11,2020-01-31,9949.827747187994,-0.008888125191773288,0.54,0.45545158551911225,0.5445484144808878,-0.01282247909709244,0.025264043142861698,0.05635553780463044,0.2542215121852175,10033.635044609566
ppo_hybrid_regime_aware_policy_seed_11,2020-02-03,9956.119799449165,0.0006323780090513598,0.3263494365094076,0.12993657500907674,0.8700634249909233,-0.0009071019060467767,0.024647641559113562,0.09273243329032357,1.7092973316129427,9946.580626509332
ppo_hybrid_regime_aware_policy_seed_11,2020-02-04,10003.338853911779,0.004742716581737527,0.194032846377642,0.32729106136208674,0.6727089386379133,0.0034372100314259573,0.020021821755699085,0.0830755727155784,1.3230229086231358,9954.187985185601
ppo_hybrid_regime_aware_policy_seed_11,2020-02-05,10055.142846853383,0.005178670211831049,0.13270893863791328,0.46285336808892774,0.5371466319110723,0.0023742436071632193,0.014946837955780919,0.06219770898513473,0.4879083594053889,10002.01132142964
ppo_hybrid_regime_aware_policy_seed_11,2020-02-06,10070.677797032844,0.001544975582750796,0.0028533680889277213,0.4608345382921694,0.5391654617078305,-0.0010524967163212762,0.01342495487271104,0.05243970020511787,0.0975880082047145,10055.114155829655
ppo_hybrid_regime_aware_policy_seed_11,2020-02-07,10045.979716121443,-0.0024524745413538884,0.0008345382921693956,0.4586728596203528,0.5413271403796471,-0.005170668538811632,0.0158445050540208,0.05039364312487842,0.0157457249951368,10070.669392666594
ppo_hybrid_regime_aware_policy_seed_11,2020-02-10,10115.497442777681,0.006919954909393233,0.5413271403796471,1.0,0.0,0.006084131196546679,0.009034193405163118,0.05597764789693793,0.2391059158775173,10040.541554649402
ppo_hybrid_regime_aware_policy_seed_11,2020-02-11,10133.028103460962,0.001733049786473595,0.0,1.0,0.0,0.0017315497884897969,0.0073168003256413,0.05133217854544067,0.0532871418176267,10115.497442777681
ppo_hybrid_regime_aware_policy_seed_11,2020-02-12,10198.312888923545,0.006442771577855,0.0,1.0,0.0,0.006422105641496987,0.000921169220965266,0.0528898940800269,0.1155957632010759,10133.028103460962
ppo_hybrid_regime_aware_policy_seed_11,2020-02-13,10187.431630158908,-0.0010669665544832396,0.0,1.0,0.0,-0.0011072995817887497,0.0019871529186987484,0.03730208385651298,-0.5079166457394809,10198.312888923545
ppo_hybrid_regime_aware_policy_seed_11,2020-02-14,10203.753057118325,0.0016021140118476218,0.0,1.0,0.0,0.001600831996301532,0.000388222552385853,0.04182547402406811,-0.3269810390372755,10187.431630158908
ppo_hybrid_regime_aware_policy_seed_11,2020-02-18,10177.45798846848,-0.0025769997081123153,0.0,1.0,0.0,-0.002675181078891509,0.0029642218110940122,0.03682267807585717,-0.5270928769657132,10203.753057118325
ppo_hybrid_regime_aware_policy_seed_11,2020-02-19,10226.118807946916,0.00478123511131856,0.0,1.0,0.0,0.004769841309919101,0.0,0.04933321474401381,-0.0266714102394479,10177.45798846848
ppo_hybrid_regime_aware_policy_seed_11,2020-02-20,10184.107390387126,-0.00410824657416875,0.0,1.0,0.0,-0.004299366445413106,0.004108246574168703,0.044461265644621474,-0.2215493742151412,10226.118807946916
ppo_hybrid_regime_aware_policy_seed_11,2020-02-21,10079.228732437407,-0.010298267087080704,0.0,1.0,0.0,-0.010938586676455619,0.014364205840769037,0.057227756844051014,0.2891102737620407,10184.107390387126
ppo_hybrid_regime_aware_policy_seed_11,2020-02-24,9842.278014555946,-0.023508814431296265,0.30000000000000004,0.6928697315118785,0.3071302684881215,-0.026745083748184708,0.03753533482250169,0.0736057568899363,0.9442302755974517,10076.204963817676
ppo_hybrid_regime_aware_policy_seed_11,2020-02-25,9870.034518899101,0.002820130085952277,0.8128594032190318,-0.11593220358977155,1.1159322035897716,0.0006289627616295126,0.034821059263568724,0.125,4.22184436454829,9834.277626322719
ppo_hybrid_regime_aware_policy_seed_11,2020-02-26,9891.257565415961,0.002150250485570382,0.6443204438101308,-0.7553440512344017,1.7553440512344016,0.0011498642991199896,0.032745682777587874,0.125,5.095597825897003,9863.675053877463
ppo_hybrid_regime_aware_policy_seed_11,2020-02-27,10231.851795577142,0.03443386525006109,0.01162539590152356,-0.7081313409914507,1.7081313409914507,0.03381502852481258,0.0,0.125,4.734416174629932,9891.1425756308
ppo_hybrid_regime_aware_policy_seed_11,2020-02-28,10264.959523856509,0.003235751351840177,0.08145454024176457,-0.7836686032438552,1.7836686032438553,0.0031061766862092114,0.0,0.125,7.883651998287038,10231.018364793312
ppo_hybrid_regime_aware_policy_seed_11,2020-03-02,9915.196995147468,-0.03407344450761529,0.0030604512071336076,-0.8497509733989124,1.8497509733989124,-0.03893477077117565,0.03407344450761524,0.125,7.25629335652188,10264.928108448743
ppo_hybrid_regime_aware_policy_seed_11,2020-03-03,10130.843927725407,0.021749132436146068,0.0870472876384143,-0.725032291422956,1.725032291422956,0.02135760313329891,0.013065379928620969,0.125,5.011807423017717,9914.333904142639
ppo_hybrid_regime_aware_policy_seed_11,2020-03-04,9800.449348048174,-0.03261274006729409,0.0497073602570367,-0.8344788148028884,1.8344788148028885,-0.03726704109216524,0.04525202215642248,0.125,5.553507894223165,10130.340350216584
ppo_hybrid_regime_aware_policy_seed_11,2020-03-05,10034.012369497912,0.023831868637355313,0.11403889914584497,-0.6802013800103065,1.6802013800103066,0.023254667863569025,0.022498593766673798,0.125,4.134371804762353,9799.331715593387
ppo_hybrid_regime_aware_policy_seed_11,2020-03-06,10160.418057538336,0.012597720969996118,0.08720186973029409,-0.7452627951599159,1.745262795159916,0.01236697611245162,0.010184303803167545,0.125,5.629034102683704,10033.137384858395
ppo_hybrid_regime_aware_policy_seed_11,2020-03-09,10773.991496365392,0.060388601665049224,0.02839910917510602,-0.6726052422027086,1.6726052422027085,0.058578973715614095,0.0,0.125,5.7327036136449925,10160.129510716655
ppo_hybrid_regime_aware_policy_seed_11,2020-03-10,10339.111735057906,-0.04036384857498654,0.10549286894994037,-0.8526923270257353,1.8526923270257352,-0.0464143895245711,0.04036384857498658,0.125,7.443963267849547,10772.854917092398
ppo_hybrid_regime_aware_policy_seed_11,2020-03-11,10729.113740636121,0.037721035962479776,0.07725811434110386,-0.7107652099763458,1.710765209976346,0.03689904041267237,0.004165378796188032,0.125,5.643705476690732,10338.312954781293
ppo_hybrid_regime_aware_policy_seed_11,2020-03-12,11531.626981341775,0.0747977195605789,0.07181350153335875,-0.6584057314704863,1.6584057314704863,0.07201868574505742,0.0,0.125,6.253245263583844,10728.343245410057
ppo_hybrid_regime_aware_policy_seed_11,2020-03-13,10760.530355565194,-0.0668679820310022,0.12246430560837118,-0.908252969330164,1.908252969330164,-0.07775810310760244,0.06686798203100214,0.125,8.326319460410785,11530.21476865097
ppo_hybrid_regime_aware_policy_seed_11,2020-03-16,11672.230939587505,0.08472636142425771,0.13264189774355506,-0.6367036095936045,1.6367036095936045,0.08111689448879301,0.0,0.125,5.461591493098656,10759.103058398105
ppo_hybrid_regime_aware_policy_seed_11,2020-03-17,11178.721170290719,-0.04228067212267028,0.14383514486959137,-0.8588772290513182,1.8588772290513182,-0.04870893263520411,0.04228067212267024,0.125,7.637808953676683,11670.552062559358
ppo_hybrid_regime_aware_policy_seed_11,2020-03-18,11622.673883080239,0.039714087687364064,0.073024553613391,-0.7175128100028593,1.7175128100028592,0.03883221990554472,0.00424572275546649,0.125,6.268315464708368,11177.90484916729
ppo_hybrid_regime_aware_policy_seed_11,2020-03-19,11602.674399701407,-0.0017207299783181806,0.06276389860004594,-0.783233434725558,1.7832334347255578,-0.002038316176509321,0.005959146991359667,0.125,5.854942756782667,11621.94439875518
ppo_hybrid_regime_aware_policy_seed_11,2020-03-20,12036.674910823935,0.03740521333027291,0.014660241175448063,-0.704779620456287,1.704779620456287,0.03668086505852229,0.0,0.125,5.105067223695603,11602.504301696428
ppo_hybrid_regime_aware_policy_seed_11,2020-03-23,12268.90534886357,0.019293570671315985,0.05188096494715544,-0.7233204433932559,1.7233204433932559,0.018994422035609512,0.0,0.125,4.3536582146712695,12036.050436514806
ppo_hybrid_regime_aware_policy_seed_11,2020-03-24,11447.319643123175,-0.06696487440230325,0.015618751286004429,-0.8637155096455138,1.8637155096455138,-0.07778103669492688,0.06696487440230324,0.125,3.820195907751789,12268.713723882376
ppo_hybrid_regime_aware_policy_seed_11,2020-03-25,11322.517406989722,-0.010902310761316647,0.1450307838841003,-0.7373768862922737,1.7373768862922736,-0.012583495978880362,0.07713711329279345,0.125,3.70585945184924,11445.659429381962
ppo_hybrid_regime_aware_policy_seed_11,2020-03-26,10851.00480314599,-0.04164379588877054,0.02457704631882407,-0.7871828210272226,1.7871828210272227,-0.04752863168259146,0.11556862698014997,0.125,3.772196338990945,11322.239132954965
ppo_hybrid_regime_aware_policy_seed_11,2020-03-27,11069.239316281148,0.020111917476240082,0.10825336813110442,-0.6456505157602845,1.6456505157602845,0.019456802693254217,0.09778101619257698,0.125,3.430434764329368,10849.830145328442
ppo_hybrid_regime_aware_policy_seed_11,2020-03-30,10818.510267423737,-0.022650973720355516,0.050309557710784825,-0.7351782268872339,1.7351782268872338,-0.025757915644178852,0.11821715468480483,0.125,3.6779857984602273,11068.682427746951
ppo_hybrid_regime_aware_policy_seed_11,2020-03-31,10920.966783152615,0.009470482829543547,0.09347385352755377,-0.6261504866633498,1.6261504866633498,0.00878455805852267,0.10986624538886114,0.1237167858390428,2.9486714335617124,10817.499019579613
ppo_hybrid_regime_aware_policy_seed_11,2020-04-01,11219.715932168268,0.02735555880240592,0.017906241611012175,-0.5653932406001891,1.5653932406001891,0.026225817378293634,0.08551613912258973,0.11568124791670238,2.6272499166680947,10920.77122968277
ppo_hybrid_regime_aware_policy_seed_11,2020-04-02,11053.508211518078,-0.014813897397674136,0.07344879850808717,-0.663362550284609,1.663362550284609,-0.01719234416634298,0.09906320920945662,0.12091280156372242,2.836512062548897,11218.891857513448
ppo_hybrid_regime_aware_policy_seed_11,2020-04-03,11145.962438773078,0.008364242870753102,0.07916678860400594,-0.570930700081031,1.570930700081031,0.007279276863127161,0.09152755508008767,0.10848774215024073,2.3395096860096287,11052.633140770164
ppo_hybrid_regime_aware_policy_seed_11,2020-04-06,11142.427792642173,-0.00031712345616830007,0.5747688434297248,0.004094881273643991,0.995905118726356,-0.0013931468198437056,0.09181565300165431,0.10023588717597742,2.0094354870390974,11139.556086833234
ppo_hybrid_regime_aware_policy_seed_11,2020-04-07,11142.512520859802,7.6041073997501485e-06,0.1777390153633189,0.18198553694440997,0.81801446305559,-0.00039294017733208883,0.09180874707034097,0.09682240979528323,1.8728963918113288,11140.447348497552
ppo_hybrid_regime_aware_policy_seed_11,2020-04-08,11216.145417747979,0.006608284868455883,0.015334504712084168,0.20260178491497752,0.7973982150850225,0.006374120305869935,0.08580716055594198,0.09889164313295165,1.955665725318066,11142.341655949047
ppo_hybrid_regime_aware_policy_seed_11,2020-04-09,11267.222307266682,0.0045538719066429145,0.10348540857409719,0.30930434288833225,0.6906956571116678,0.0035388676646013317,0.08164404346714367,0.09237492716873016,1.6949970867492063,11214.984710356797
ppo_hybrid_regime_aware_policy_seed_11,2020-04-13,11198.481095698051,-0.006100990083802382,0.32367378649856965,0.630844711993983,0.36915528800601705,-0.0074573325079166026,0.08724692405135148,0.08896869988893058,1.558747995557223,11263.575402759168
ppo_hybrid_regime_aware_policy_seed_11,2020-04-14,11428.88342287623,0.020574426586002614,0.069155288006017,0.7060682243262939,0.2939317756737061,0.01946189916682998,0.06846755289909785,0.08771673004921572,1.5086692019686287,11197.706661512648
ppo_hybrid_regime_aware_policy_seed_11,2020-04-15,11258.825652460113,-0.014879648704415604,0.006068224326293947,0.6954705289174479,0.30452947108255213,-0.01692823718223716,0.08232842846872386,0.08135659414890656,1.2542637659562617,11428.81406984782
ppo_hybrid_regime_aware_policy_seed_11,2020-04-16,11296.795614295941,0.003372462014058497,0.004529471082552083,0.701009692296626,0.298990307703374,0.0025599938107300287,0.07923361595235334,0.0865171255733066,1.460685022932264,11258.774655934896
ppo_hybrid_regime_aware_policy_seed_11,2020-04-17,11510.415499004717,0.018909776896241626,0.0010096922966260635,0.7055679473346924,0.2944320526653076,0.01793169495414644,0.06182212905645328,0.08490917686031055,1.396367074412422,11296.784208008432
ppo_hybrid_regime_aware_policy_seed_11,2020-04-20,11368.399003511513,-0.012338085927956599,0.005567947334692458,0.6962540264624227,0.30374597353757726,-0.014162848690010705,0.07339744824386218,0.08117830045369939,1.2471320181479757,11510.351409617419
ppo_hybrid_regime_aware_policy_seed_11,2020-04-21,11126.730234673749,-0.021257942192486112,0.0037459735375772185,0.6934852509761682,0.3065147490238318,-0.024081443126268975,0.09309511172450427,0.09080659893160263,1.632263957264105,11368.35641778968
ppo_hybrid_regime_aware_policy_seed_11,2020-04-22,11287.5029875576,0.014449236163095014,0.040602746512972354,0.657840541212337,0.34215945878766296,0.013817475426768937,0.07999102881634627,0.09312720635325883,1.7250882541303527,11126.278458866513
ppo_hybrid_regime_aware_policy_seed_11,2020-04-23,11286.460388459818,-9.236755896602222e-05,0.04215945878766292,0.6999849361785382,0.3000150638214618,-0.0009629858377894,0.0800760077992413,0.08678409937330762,1.4713639749323046,11287.02711254058
ppo_hybrid_regime_aware_policy_seed_11,2020-04-24,11396.58329563848,0.009757080908312066,1.5063821461769322e-05,0.7028988445310104,0.29710115546898963,0.008909765377150521,0.07110023497784104,0.08542056152152509,1.4168224608610036,11286.460218442595
ppo_hybrid_regime_aware_policy_seed_11,2020-04-27,11511.574608567198,0.010089981351930843,0.002898844531010414,0.7029976181477278,0.29700238185227223,0.009235069065509626,0.06172765367095459,0.07575301030696398,1.0301204122785588,11396.55025871532
ppo_hybrid_regime_aware_policy_seed_11,2020-04-28,11474.485662620924,-0.0032218829488949163,0.0029976181477278097,0.699031213082726,0.300968786917274,-0.004246259323705003,0.06475065734501176,0.07101496742139089,0.8405986968556356,11511.540101262242
ppo_hybrid_regime_aware_policy_seed_11,2020-04-29,11684.743644867372,0.018323957032024607,0.0009687869172739783,0.7053985548584218,0.29460144514157816,0.01735664323549027,0.047613188575972465,0.07134194533047836,0.853677813219134,11474.474546289332
ppo_hybrid_regime_aware_policy_seed_11,2020-04-30,11572.540600839933,-0.009602525090631753,0.29460144514157816,1.0,0.0,-0.010705011616846675,0.056758506828658496,0.06715816887274638,0.6863267549098547,11681.301302503485
ppo_hybrid_regime_aware_policy_seed_11,2020-05-01,11354.677779122047,-0.018825842071539034,0.30000000000000004,0.6943356104759263,0.3056643895240737,-0.02153484650961723,0.07451582221442489,0.07205719592623516,0.8822878370494066,11569.068838659681
ppo_hybrid_regime_aware_policy_seed_11,2020-05-04,11376.536475561341,0.001925082936257816,0.005664389524073665,0.7005781112855635,0.29942188871443653,0.0011147357544711292,0.07273418841599322,0.07710889630063836,1.0843558520255343,11354.613461804185
ppo_hybrid_regime_aware_policy_seed_11,2020-05-05,11450.107909062448,0.006466944808655173,0.0005781112855635095,0.701927789964678,0.298072210035322,0.005645256671315916,0.06673761158952664,0.07481275307170542,0.992510122868216,11376.529898657214
ppo_hybrid_regime_aware_policy_seed_11,2020-05-06,11395.75397221128,-0.00474702398290483,0.0019277899646780172,0.6985696813853508,0.3014303186146492,-0.0058739829540074675,0.07116783052965425,0.07059795187311808,0.8239180749247235,11450.085835659327
ppo_hybrid_regime_aware_policy_seed_11,2020-05-07,11491.994867820671,0.008445329360749376,0.0014303186146491509,0.7025128064259224,0.2974871935740776,0.007607721609321065,0.06332353693761787,0.07134544434715427,0.8538177738861711,11395.737672652245
ppo_hybrid_regime_aware_policy_seed_11,2020-05-08,11678.668388047077,0.016243787294851764,0.2974871935740776,1.0,0.0,0.015667037707836007,0.048108363707538536,0.0666386890877542,0.6655475635101678,11488.576146518875
ppo_hybrid_regime_aware_policy_seed_11,2020-05-11,11681.064406324533,0.00020516194122843778,0.0,1.0,0.0,0.00020514089839544992,0.04791307177159762,0.060627329639676986,0.4250931855870794,11678.668388047077
ppo_hybrid_regime_aware_policy_seed_11,2020-05-12,11448.242359696698,-0.01993157802483958,0.0,1.0,0.0,-0.02126852975000546,0.06688966666801191,0.05984415768468687,0.393766307387475,11681.064406324533
ppo_hybrid_regime_aware_policy_seed_11,2020-05-13,11245.770284159138,-0.01768586558320595,0.0,1.0,0.0,-0.018985087660818356,0.08339253059762194,0.0691369912994055,0.7654796519762199,11448.242359696698
ppo_hybrid_regime_aware_policy_seed_11,2020-05-14,11336.575439678007,0.008074605227067266,0.30000000000000004,0.7024922575721011,0.2975077424278989,0.006792180032431434,0.07599128713401665,0.0728297843320827,0.9131913732833082,11242.39655307389
ppo_hybrid_regime_aware_policy_seed_11,2020-05-15,11385.301074333813,0.004298091157693529,0.2975077424278989,1.0,0.0,0.0038426191322802217,0.07201981345561555,0.06812990347257196,0.7251961389028778,11333.202720712085
ppo_hybrid_regime_aware_policy_seed_11,2020-05-18,11538.591551452691,0.013463893147669603,0.54,0.467461639581707,0.5325383604182929,0.009972060372655439,0.05952558738082742,0.066776085884898,0.6710434353959198,11379.153011753673
ppo_hybrid_regime_aware_policy_seed_11,2020-05-19,11413.994945256683,-0.010798250864536563,0.5325383604182929,1.0,0.0,-0.012287965694810858,0.0696810660199669,0.062250443586263096,0.4900177434505237,11532.446808826344
ppo_hybrid_regime_aware_policy_seed_11,2020-05-20,11607.896089758113,0.016988017379665044,0.0,1.0,0.0,0.016845334676130815,0.05387679180088265,0.0642543561280439,0.5701742451217557,11413.994945256683
ppo_hybrid_regime_aware_policy_seed_11,2020-05-21,11527.755834906739,-0.006903943163488857,0.0,1.0,0.0,-0.007318640028339034,0.06040877265594707,0.059821728805877716,0.3928691522351087,11607.896089758113
ppo_hybrid_regime_aware_policy_seed_11,2020-05-22,11549.6478418815,0.0018990692801170717,0.0,1.0,0.0,0.001897268327780096,0.05862442382023046,0.06235722663047161,0.4942890652188644,11527.755834906739
ppo_hybrid_regime_aware_policy_seed_11,2020-05-26,11691.945887217458,0.012320552737543622,0.0,1.0,0.0,0.012245272426979939,0.04702615638807211,0.059935900268373934,0.3974360107349571,11549.6478418815
ppo_hybrid_regime_aware_policy_seed_11,2020-05-27,11865.910392560561,0.014879003633885723,0.0,1.0,0.0,0.014769397145406274,0.03284685510597224,0.059597604475615434,0.3839041790246172,11691.945887217458
ppo_hybrid_regime_aware_policy_seed_11,2020-05-28,11844.0183855858,-0.0018449496288533984,0.0,1.0,0.0,-0.001951682518606963,0.034631203941688844,0.05886117774731773,0.3544471098927093,11865.910392560561
ppo_hybrid_regime_aware_policy_seed_11,2020-05-29,11896.794228231172,0.004455906849114788,0.0,1.0,0.0,0.004446008688818559,0.030329610511410945,0.06044702434027547,0.4178809736110189,11844.0183855858
ppo_hybrid_regime_aware_policy_seed_11,2020-06-01,11944.877903932034,0.004041733830006056,0.0,1.0,0.0,0.004033587965397369,0.02641046089425983,0.05852981963772587,0.3411927855090347,11896.794228231172
ppo_hybrid_regime_aware_policy_seed_11,2020-06-02,12043.783247486734,0.008280146883890893,0.0,1.0,0.0,0.008246054531519834,0.01834899650584472,0.05969563402348817,0.3878253609395267,11944.877903932034
ppo_hybrid_regime_aware_policy_seed_11,2020-06-03,12204.064950214386,0.01330825201965502,0.0,1.0,0.0,0.013220475147309174,0.005284937555997269,0.057263015586272725,0.290520623450909,12043.783247486734
ppo_hybrid_regime_aware_policy_seed_11,2020-06-04,12172.008371063876,-0.002626713253435109,0.0,1.0,0.0,-0.002774361673853004,0.007897768793910423,0.05518632586425479,0.2074530345701913,12204.064950214386
ppo_hybrid_regime_aware_policy_seed_11,2020-06-05,12483.9712599916,0.025629532893630236,0.0,1.0,0.0,0.02530660249279807,0.0,0.05537865157425657,0.2151460629702627,12172.008371063876
ppo_hybrid_regime_aware_policy_seed_11,2020-06-08,12634.871014880042,0.012087480157219055,0.0,1.0,0.0,0.01201500997240837,0.0,0.053113419039856696,0.1245367615942675,12483.9712599916
ppo_hybrid_regime_aware_policy_seed_11,2020-06-09,12540.656645244946,-0.007456694217466864,0.0,1.0,0.0,-0.007896686234889524,0.007456694217466878,0.055259325439395594,0.2103730175758235,12634.871014880042
ppo_hybrid_regime_aware_policy_seed_11,2020-06-10,12470.679769544417,-0.0055800009265912776,0.0,1.0,0.0,-0.0059179437594800745,0.012995086783415353,0.058196754146907594,0.3278701658763039,12540.656645244946
ppo_hybrid_regime_aware_policy_seed_11,2020-06-11,11751.758190742237,-0.057648948741183426,0.0,1.0,0.0,-0.06268441430381393,0.06989488243273444,0.05811982833097154,0.3247931332388614,12470.679769544417
ppo_hybrid_regime_aware_policy_seed_11,2020-06-12,11846.717736795528,0.00808045438920768,0.30000000000000004,0.7024939837944637,0.2975060162055363,0.006797982326369623,0.06237921045306346,0.08052769972820062,1.221107989128025,11748.232663285014
ppo_hybrid_regime_aware_policy_seed_11,2020-06-15,11924.105720010437,0.006532440878079138,0.00249398379446375,0.7019477568520809,0.2980522431479191,0.0057074559767450305,0.05625425807929019,0.07233137740190033,0.8932550960760133,11846.688191273475
ppo_hybrid_regime_aware_policy_seed_11,2020-06-16,12149.994824063664,0.01894390316199157,0.2980522431479191,1.0,0.0,0.01831962348906018,0.0383760301348024,0.06930409382423976,0.7721637529695902,11920.551713553055
ppo_hybrid_regime_aware_policy_seed_11,2020-06-17,12099.52560950854,-0.004153846588902832,0.0,1.0,0.0,-0.004433824042496717,0.04237046858183412,0.06792601037792304,0.717040415116921,12149.994824063664
ppo_hybrid_regime_aware_policy_seed_11,2020-06-18,12095.1336419136,-0.0003629867597031433,0.54,0.4600956218592291,0.5399043781407709,-0.003788500246885702,0.042718075422439584,0.06745434440016078,0.6981737760064307,12092.991865679405
ppo_hybrid_regime_aware_policy_seed_11,2020-06-19,11966.857249285576,-0.010605620113489644,0.5399043781407709,1.0,0.0,-0.012146478998125149,0.05287064385601943,0.06642278805899425,0.6569115223597698,12088.603426306134
ppo_hybrid_regime_aware_policy_seed_11,2020-06-22,12043.626762314838,0.006415177471415401,0.0,1.0,0.0,0.0063946878036367834,0.046794640947968355,0.06998922628506572,0.7995690514026287,11966.857249285576
ppo_hybrid_regime_aware_policy_seed_11,2020-06-23,12099.07167355906,0.00460367232715253,0.0,1.0,0.0,0.0045931078389241774,0.04240639581440708,0.06417064143272055,0.5668256573088222,12043.626762314838
ppo_hybrid_regime_aware_policy_seed_11,2020-06-24,11790.440009071368,-0.025508706189596775,0.0,1.0,0.0,-0.027387899681303157,0.06683336971261444,0.06338098229258567,0.5352392917034265,12099.07167355906
ppo_hybrid_regime_aware_policy_seed_11,2020-06-25,11842.185734447863,0.0043887866217615645,0.54,0.46264991486484364,0.5373500851351564,0.0009771839834579565,0.06273790048973482,0.06746174225341804,0.6984696901367211,11784.073171466469
ppo_hybrid_regime_aware_policy_seed_11,2020-06-26,11712.770741252541,-0.010928302941480172,0.0026499148648436166,0.4540349595970461,0.5459650404029539,-0.014246030247362191,0.07298058464875076,0.06459243258577882,0.5836973034311527,11842.154353663853
ppo_hybrid_regime_aware_policy_seed_11,2020-06-29,11780.993796668172,0.00582467265199238,0.05403495959704607,0.4035067986129767,0.5964932013870232,0.0025267223912796817,0.06758100001228837,0.06872763138786285,0.7491052555145135,11712.137842158769
ppo_hybrid_regime_aware_policy_seed_11,2020-06-30,11841.315938483167,0.005120293148109134,0.0035067986129767026,0.4030586189424197,0.5969413810575803,0.0019019688250190478,0.0628067413954846,0.06359659577141319,0.5438638308565273,11780.952483095467
ppo_hybrid_regime_aware_policy_seed_11,2020-07-01,11878.794752175718,0.003165088566782437,0.05694138105758034,0.4617344066212663,0.5382655933787337,0.00048267814641222376,0.05984044172780995,0.06119401225947546,0.4477604903790185,11840.641677600091
ppo_hybrid_regime_aware_policy_seed_11,2020-07-02,11904.226237935594,0.0021409146542596957,0.06173440662126628,0.40131876607092193,0.5986812339290781,-0.001153975447721916,0.05782764035216267,0.05801359204750794,0.3205436819003172,11878.061421830316
ppo_hybrid_regime_aware_policy_seed_11,2020-07-06,11988.056311674127,0.007042043057900571,0.05868123392907809,0.46380757798944017,0.5361924220105598,0.004337341816275716,0.05119282202755879,0.05631630438442913,0.2526521753771651,11903.52768325098
ppo_hybrid_regime_aware_policy_seed_11,2020-07-07,11931.135391796051,-0.004748135844394152,0.0038075779894401474,0.45742584027608707,0.5425741597239129,-0.007612442764655969,0.05569788739870819,0.05666673528152797,0.2666694112611186,11988.01066621478
ppo_hybrid_regime_aware_policy_seed_11,2020-07-08,11973.082836197542,0.003515796529333981,0.00257415972391295,0.46189326384164764,0.5381067361583524,0.0009137693250887159,0.052377913308581825,0.05911223980817635,0.3644895923270537,11931.104679147866
ppo_hybrid_regime_aware_policy_seed_11,2020-07-09,11941.705791317407,-0.00262063207190677,0.0018932638416476189,0.45858216542087415,0.5414178345791258,-0.0053597586391691395,0.054861282141012525,0.05671602315656343,0.2686409262625371,11973.060167992735
ppo_hybrid_regime_aware_policy_seed_11,2020-07-10,11997.777194319966,0.004695426598378294,0.001417834579125865,0.4625244426585918,0.5374755573414083,0.0020903107167145143,0.05042345266602032,0.05863158104837518,0.3452632419350072,11941.688859954002
ppo_hybrid_regime_aware_policy_seed_11,2020-07-13,11887.49621199122,-0.009191784489960053,0.5374755573414083,1.0,0.0,-0.010522026027057102,0.059151755645834574,0.055168007503761454,0.2067203001504579,11991.32868233559
ppo_hybrid_regime_aware_policy_seed_11,2020-07-14,12041.54648598603,0.012959017714715637,0.0,1.0,0.0,0.012875768095466747,0.04695928658038981,0.06343929121827113,0.5375716487308452,11887.49621199122
ppo_hybrid_regime_aware_policy_seed_11,2020-07-15,12152.174986937767,0.009187233639839087,0.0,1.0,0.0,0.009145287724412185,0.03820347887792486,0.05875544026402363,0.3502176105609451,12041.54648598603
ppo_hybrid_regime_aware_policy_seed_11,2020-07-16,12112.15238145857,-0.0032934520381920906,0.0,1.0,0.0,-0.0034751325232015157,0.04137110959074037,0.055639419648012646,0.2255767859205059,12152.174986937767
ppo_hybrid_regime_aware_policy_seed_11,2020-07-17,12147.266358523493,0.0028990699554503063,0.0,1.0,0.0,0.002894875756376014,0.03859197737612822,0.05596170425336893,0.2384681701347573,12112.15238145857
ppo_hybrid_regime_aware_policy_seed_11,2020-07-20,12245.435470028391,0.008081580547216305,0.0,1.0,0.0,0.008049099456827503,0.030822281002553485,0.051890332551160406,0.0756133020464162,12147.266358523493
ppo_hybrid_regime_aware_policy_seed_11,2020-07-21,12271.488072950158,0.0021275358467678362,0.0,1.0,0.0,0.002125275847297115,0.028760320663497776,0.04972078672603769,-0.0111685309584925,12245.435470028391
ppo_hybrid_regime_aware_policy_seed_11,2020-07-22,12341.338085737309,0.005692057260856531,0.0,1.0,0.0,0.005675918714983156,0.023231968794698472,0.05029878067306263,0.011951226922505,12271.488072950158
ppo_hybrid_regime_aware_policy_seed_11,2020-07-23,12194.084994610057,-0.011931695745166393,0.0,1.0,0.0,-0.012578252950673979,0.0348864677566453,0.04932028307814086,-0.0271886768743657,12341.338085737309
ppo_hybrid_regime_aware_policy_seed_11,2020-07-24,12115.550396762254,-0.006440384652273368,0.0,1.0,0.0,-0.006786102392040312,0.04110217013740674,0.0522690702250633,0.0907628090025317,12194.084994610057
ppo_hybrid_regime_aware_policy_seed_11,2020-07-27,12203.902251438603,0.0072924342504456785,0.0,1.0,0.0,0.007265973018451793,0.03410947076023872,0.051766157781084635,0.0706463112433853,12115.550396762254
ppo_hybrid_regime_aware_policy_seed_11,2020-07-28,12126.500325358695,-0.006342391514221113,0.0,1.0,0.0,-0.006667501535976311,0.04023552665655557,0.049772906482605156,-0.009083740695794,12203.902251438603
ppo_hybrid_regime_aware_policy_seed_11,2020-07-29,12275.640818679041,0.012298725050001957,0.0,1.0,0.0,0.012223710163119286,0.02843164728614455,0.05090232672511195,0.0360930690044777,12126.500325358695
ppo_hybrid_regime_aware_policy_seed_11,2020-07-30,12231.842256553466,-0.0035679247032814887,0.0,1.0,0.0,-0.00374243413450578,0.03189813001271883,0.0485013832506863,-0.0599446699725481,12275.640818679041
ppo_hybrid_regime_aware_policy_seed_11,2020-07-31,12328.500754947774,0.007902202821698623,0.0,1.0,0.0,0.007871143932114598,0.024247992684013682,0.0495899225920358,-0.0164030963185681,12231.842256553466
ppo_hybrid_regime_aware_policy_seed_11,2020-08-03,12414.21047700583,0.006952160993595191,0.0,1.0,0.0,0.006928106146781003,0.017464407639329313,0.04902145722631262,-0.0391417109474953,12328.500754947774
ppo_hybrid_regime_aware_policy_seed_11,2020-08-04,12462.161784860287,0.0038626143759423748,0.0,1.0,0.0,0.0038551736353533476,0.01366925153540195,0.0486610193883254,-0.0535592244669842,12414.21047700583
ppo_hybrid_regime_aware_policy_seed_11,2020-08-05,12539.563710940198,0.0062109550025215565,0.0,1.0,0.0,0.006191746515834142,0.007543195639084963,0.04776030168306423,-0.0895879326774309,12462.161784860287
ppo_hybrid_regime_aware_policy_seed_11,2020-08-06,12623.38487854497,0.006684536203731106,0.0,1.0,0.0,0.006662293756877345,0.0009090821996951731,0.04639782962960532,-0.1440868148157872,12539.563710940198
ppo_hybrid_regime_aware_policy_seed_11,2020-08-07,12632.447404948316,0.0007179157167860328,0.0,1.0,0.0,0.0007176581385700891,0.00019181912730819342,0.04578213001615561,-0.1687147993537758,12623.38487854497
ppo_hybrid_regime_aware_policy_seed_11,2020-08-10,12670.204666891725,0.0029889110742402636,0.0,1.0,0.0,0.002984453160198847,0.0,0.044975260189659715,-0.2009895924136115,12632.447404948316
ppo_hybrid_regime_aware_policy_seed_11,2020-08-11,12565.616313861963,-0.008254669579494611,0.0,1.0,0.0,-0.008658776411493721,0.008254669579494589,0.044804747804529504,-0.2078100878188198,12670.204666891725
ppo_hybrid_regime_aware_policy_seed_11,2020-08-12,12740.810562364266,0.013942352219447729,0.0,1.0,0.0,0.013846051698275444,0.0,0.04810088927556398,-0.0759644289774409,12565.616313861963
ppo_hybrid_regime_aware_policy_seed_11,2020-08-13,12717.778033403489,-0.001807775796370037,0.0,1.0,0.0,-0.0018907800258549225,0.0018077757963699866,0.04501013400379706,-0.1995946398481177,12740.810562364266
ppo_hybrid_regime_aware_policy_seed_11,2020-08-14,12718.155974746185,2.9717560858788516e-05,0.0,1.0,0.0,2.9717119300824814e-05,0.0017781119581984303,0.044747898841571765,-0.2100840463371293,12717.778033403489
ppo_hybrid_regime_aware_policy_seed_11,2020-08-17,12758.556521568078,0.0031766041320859806,0.0,1.0,0.0,0.003171569384628661,0.0,0.04460180611864587,-0.2159277552541653,12718.155974746185
ppo_hybrid_regime_aware_policy_seed_11,2020-08-18,12786.119737600435,0.002160371040858866,0.0,1.0,0.0,0.0021580407948689,0.0,0.04335708971557519,-0.2657164113769925,12758.556521568078
ppo_hybrid_regime_aware_policy_seed_11,2020-08-19,12732.881859989007,-0.0041637243123001655,0.0,1.0,0.0,-0.004353959872184875,0.004163724312300122,0.04360113907531295,-0.2559544369874821,12786.119737600435
ppo_hybrid_regime_aware_policy_seed_11,2020-08-20,12772.52652412551,0.0031135656933312106,0.0,1.0,0.0,0.003108728585502381,0.0010631226481441147,0.045364606124483314,-0.1854157550206676,12732.881859989007
ppo_hybrid_regime_aware_policy_seed_11,2020-08-21,12817.835699361674,0.0035473933172565086,0.0,1.0,0.0,0.0035411161582373403,0.0,0.04562793179129521,-0.1748827283481915,12772.52652412551
ppo_hybrid_regime_aware_policy_seed_11,2020-08-24,12947.720772627812,0.010133151673383134,0.0,1.0,0.0,0.010082155503900299,0.0,0.045269085042443466,-0.1892365983022615,12817.835699361674
ppo_hybrid_regime_aware_policy_seed_11,2020-08-25,12993.028795603786,0.0034993049179556923,0.0,1.0,0.0,0.0034931965962736824,0.0,0.04495289860043653,-0.2018840559825389,12947.720772627812
ppo_hybrid_regime_aware_policy_seed_11,2020-08-26,13123.291810212619,0.010025608090155735,0.0,1.0,0.0,0.009975685076455696,0.0,0.04433697887874886,-0.2265208448500457,12993.028795603786
ppo_hybrid_regime_aware_policy_seed_11,2020-08-27,13151.986545752678,0.002186550139632537,0.0,1.0,0.0,0.002184163117804633,0.0,0.04648879378050918,-0.140448248779633,13123.291810212619
ppo_hybrid_regime_aware_policy_seed_11,2020-08-28,13236.940385125345,0.006459392204906322,0.0,1.0,0.0,0.006438619734780553,0.0,0.04855611877122384,-0.0577552491510467,13151.986545752678
ppo_hybrid_regime_aware_policy_seed_11,2020-08-31,13188.989077270884,-0.0036225371165337084,0.0,1.0,0.0,-0.0037952840335423645,0.0036225371165337066,0.04587106632519822,-0.1651573469920713,13236.940385125345
ppo_hybrid_regime_aware_policy_seed_11,2020-09-01,13313.210791697551,0.009418592562241423,0.0,1.0,0.0,0.009374514174085805,0.0,0.051872383067726006,0.0748953227090401,13188.989077270884
ppo_hybrid_regime_aware_policy_seed_11,2020-09-02,13505.773058060966,0.01446399890877581,0.0,1.0,0.0,0.014360393117624624,0.0,0.05131886661119325,0.0527546644477299,13313.210791697551
ppo_hybrid_regime_aware_policy_seed_11,2020-09-03,13040.981255718434,-0.03441430567094561,0.0,1.0,0.0,-0.036811542941196575,0.034414305670945604,0.052045748993995014,0.0818299597598005,13505.773058060966
ppo_hybrid_regime_aware_policy_seed_11,2020-09-04,12934.50550049558,-0.00816470426074456,0.0,1.0,0.0,-0.00870495474755651,0.042298027303548064,0.06427633649062119,0.5710534596248475,13040.981255718434
ppo_hybrid_regime_aware_policy_seed_11,2020-09-08,12581.096929529986,-0.027322928654060497,0.0,1.0,0.0,-0.029251372163102633,0.06846524997538621,0.05916679135291595,0.366671654116638,12934.50550049558
ppo_hybrid_regime_aware_policy_seed_11,2020-09-09,12688.525401112842,0.008538879573426028,0.54,0.4648610867354204,0.5351389132645796,0.0051006295514501015,0.06051098692646454,0.060309465348645376,0.4123786139458149,12574.303137188039
ppo_hybrid_regime_aware_policy_seed_11,2020-09-10,12461.53409771365,-0.017889494344179968,0.5351389132645796,1.0,0.0,-0.019787899131976032,0.0773179703122628,0.0555569669792039,0.2222786791681557,12681.73527741876
ppo_hybrid_regime_aware_policy_seed_11,2020-09-11,12456.593314053807,-0.0003964827782118041,0.6,0.4001221587669202,0.5998778412330799,-0.00451742965203112,0.07768379784679946,0.057043966817164275,0.281758672686571,12454.057177255021
ppo_hybrid_regime_aware_policy_seed_11,2020-09-14,12522.219438013819,0.005268384565944695,0.00012215876692017735,0.40314453740250866,0.5968554625974913,0.0020543719409141323,0.07282468140245477,0.05195071759417631,0.0780287037670524,12456.591792371728
ppo_hybrid_regime_aware_policy_seed_11,2020-09-15,12550.60854092119,0.0022670983405057576,0.05685546259749136,0.4612520964279418,0.5387479035720582,-0.00041275084333069475,0.0707226837763043,0.05006524672635984,0.0026098690543933,12521.507481434923
ppo_hybrid_regime_aware_policy_seed_11,2020-09-16,12527.680890920406,-0.0018268158014831393,0.0012520964279417734,0.45901239142031114,0.5409876085796889,-0.004506444906052467,0.07242030226154154,0.04952838208345356,-0.0188647166618576,12550.592826349068
ppo_hybrid_regime_aware_policy_seed_11,2020-09-17,12476.983815845218,-0.004046804473757937,0.0009876085796888812,0.45780638174865057,0.5421936182513494,-0.006837098144548323,0.07617403593211654,0.05024378471676423,0.0097513886705692,12527.668518475275
ppo_hybrid_regime_aware_policy_seed_11,2020-09-18,12399.140325147726,-0.006238967032932696,0.05780638174865055,0.39626801990853144,0.6037319800914686,-0.009838602338569287,0.08193775566610328,0.05090151170736449,0.0360604682945794,12476.262566555688
ppo_hybrid_regime_aware_policy_seed_11,2020-09-21,12343.895411380414,-0.004455543877930457,0.0037319800914685786,0.3973169584519531,0.6026830415480469,-0.007874393010633404,0.08602822227840423,0.049699866471422924,-0.0120053411430832,12399.094051802882
ppo_hybrid_regime_aware_policy_seed_11,2020-09-22,12394.148123348192,0.004071057821945612,0.0026830415480469383,0.4024343342027986,0.5975656657972014,0.0008587689258562335,0.08230739032367326,0.05308159680129915,0.123263872051966,12343.86229219616
ppo_hybrid_regime_aware_policy_seed_11,2020-09-23,12279.145364298784,-0.009278794952657154,0.0024343342027985937,0.394382055877358,0.605617944122642,-0.012963112171540685,0.09082247187842872,0.05136175628281198,0.0544702513124791,12394.117951849501
ppo_hybrid_regime_aware_policy_seed_11,2020-09-24,12292.168155279756,0.0010605616754759684,0.005617944122642049,0.4006390300409881,0.5993609699590119,-0.0021484272389209937,0.08985823303589907,0.05434815882400469,0.1739263529601876,12279.076380746254
ppo_hybrid_regime_aware_policy_seed_11,2020-09-25,12371.651037050686,0.006466140128158715,0.0006390300409880867,0.40385513962191094,0.596144860378089,0.003244365782754459,0.0839731288342192,0.054138664695031674,0.1655465878012666,12292.160300215037
ppo_hybrid_regime_aware_policy_seed_11,2020-09-28,12453.797053287552,0.006639858818427324,0.003855139621910919,0.40395993496572685,0.5960400650342732,0.003412129341822097,0.07789083973579276,0.05026411026417724,0.0105644105670897,12371.603342608585
ppo_hybrid_regime_aware_policy_seed_11,2020-09-29,12426.618365230943,-0.0021823615673449703,0.00395993496572683,0.39869010034591024,0.6013098996540898,-0.005491025183495976,0.0799032153280501,0.04986091699604464,-0.0055633201582145,12453.747737061145
ppo_hybrid_regime_aware_policy_seed_11,2020-09-30,12464.289340281544,0.003031474367636733,0.0013098996540897856,0.40181417094764826,0.5981858290523517,-0.00017507613507581333,0.07711396550957211,0.04993273154140854,-0.0026907383436588,12426.602087607846
ppo_hybrid_regime_aware_policy_seed_11,2020-10-01,12496.27496492361,0.0025661811731774176,0.0018141709476482415,0.4015368533623108,0.5984631466376892,-0.0006398271039579702,0.07474567274287446,0.050056294868100905,0.002251794724036,12464.26672792994
ppo_hybrid_regime_aware_policy_seed_11,2020-10-02,12448.797689769792,-0.003799314218603911,0.0015368533623107972,0.3977126431936176,0.6022873568063825,-0.007186744871077349,0.07826100466424725,0.05060393986331722,0.0241575945326884,12496.255759981414
ppo_hybrid_regime_aware_policy_seed_11,2020-10-05,12549.563539020546,0.008094424197572225,0.06228735680638242,0.46436925761480186,0.5356307423851981,0.005376409025936072,0.07080005823655558,0.05221092359882967,0.0884369439531869,12448.022287066278
ppo_hybrid_regime_aware_policy_seed_11,2020-10-06,12467.443141936894,-0.006543685509724284,0.004369257614801836,0.45644550975756704,0.543554490242433,-0.009484345300496234,0.07688045043110964,0.05272721289307419,0.1090885157229678,12549.508706744491
ppo_hybrid_regime_aware_policy_seed_11,2020-10-07,12677.565161284268,0.01685365771916647,0.543554490242433,1.0,0.0,0.015897878929012413,0.06132250950880437,0.05537533114511557,0.2150132458046228,12460.666407235252
ppo_hybrid_regime_aware_policy_seed_11,2020-10-08,12789.920210028165,0.008862510057295214,0.0,1.0,0.0,0.008823468516178457,0.053003470808769534,0.05277137786403868,0.1108551145615472,12677.565161284268
ppo_hybrid_regime_aware_policy_seed_11,2020-10-09,12904.136129687204,0.00893015107080064,0.0,1.0,0.0,0.008890513079114816,0.04454664873956794,0.049662727280268215,-0.0134909087892714,12789.920210028165
ppo_hybrid_regime_aware_policy_seed_11,2020-10-12,13111.732799899899,0.016087606959996226,0.0,1.0,0.0,0.015959572761759168,0.02917569075587885,0.04716316320890402,-0.1134734716438392,12904.136129687204
ppo_hybrid_regime_aware_policy_seed_11,2020-10-13,13026.164528154706,-0.006526084160733192,0.0,1.0,0.0,-0.006846629915912838,0.035511371903291664,0.0472179323705023,-0.1112827051799082,13111.732799899899
ppo_hybrid_regime_aware_policy_seed_11,2020-10-14,12944.31572750042,-0.006283415235342593,0.0,1.0,0.0,-0.006599799353127456,0.0415716544433892,0.04893507491906667,-0.0425970032373333,13026.164528154706
ppo_hybrid_regime_aware_policy_seed_11,2020-10-15,12928.318368626527,-0.0012358597557926565,0.0,1.0,0.0,-0.0012951816119042918,0.042756137464473584,0.04943722334637656,-0.0225110661449376,12944.31572750042
ppo_hybrid_regime_aware_policy_seed_11,2020-10-16,12920.505889818063,-0.0006042919570593552,0.0,1.0,0.0,-0.0006336128250445623,0.04333459223154827,0.05037249525722183,0.014899810288873,12928.318368626527
ppo_hybrid_regime_aware_policy_seed_11,2020-10-19,12724.06990361746,-0.015203428401004304,0.0,1.0,0.0,-0.016063021087811914,0.05787918626227357,0.051072972629317315,0.0429189051726926,12920.505889818063
ppo_hybrid_regime_aware_policy_seed_11,2020-10-20,12775.038919555484,0.004005716435394158,0.0,1.0,0.0,0.003997714914079781,0.05410531743455746,0.05418166253454333,0.1672665013817332,12724.06990361746
ppo_hybrid_regime_aware_policy_seed_11,2020-10-21,12750.856680616162,-0.0018929287880528056,0.0,1.0,0.0,-0.00199210347707631,0.05589582870965168,0.05438716670703689,0.1754866682814751,12775.038919555484
ppo_hybrid_regime_aware_policy_seed_11,2020-10-22,12820.798859374741,0.005485292518808249,0.0,1.0,0.0,0.005470303091080673,0.05071714116189709,0.05301615571583318,0.1206462286333273,12750.856680616162
ppo_hybrid_regime_aware_policy_seed_11,2020-10-23,12864.327797761267,0.003395181444149742,0.0,1.0,0.0,0.0033894308282106864,0.04749415361432052,0.05193367592265788,0.0773470369063149,12820.798859374741
ppo_hybrid_regime_aware_policy_seed_11,2020-10-26,12626.596145346242,-0.018479912526513487,0.0,1.0,0.0,-0.01954721670813464,0.06509637833652061,0.050812743472424066,0.0325097388969624,12864.327797761267
ppo_hybrid_regime_aware_policy_seed_11,2020-10-27,12583.067206959715,-0.0034474008581141247,0.0,1.0,0.0,-0.0036456636788466936,0.06831936588409732,0.059667261875849004,0.38669047503396,12626.596145346242
ppo_hybrid_regime_aware_policy_seed_11,2020-10-28,12378.544329005128,-0.01625381749860355,0.54,0.4513743386249595,0.5486256613750404,-0.020715682238891506,0.08346273287800046,0.061170175928865804,0.4468070371546322,12576.272350667956
ppo_hybrid_regime_aware_policy_seed_11,2020-10-29,12407.825299389142,0.0023654615280896962,0.19900298929024268,0.2542840919624256,0.7457159080375744,-0.0004191476125102076,0.08129469923356296,0.07370121084687047,0.9480484338748182,12376.080961680595
ppo_hybrid_regime_aware_policy_seed_11,2020-10-30,12359.969443544613,-0.0038569092238013303,0.10559618853226438,0.3574696936320717,0.6425303063679283,-0.006856121030821321,0.08483806218204419,0.0686026656877769,0.7441066275110758,12406.515080329553
ppo_hybrid_regime_aware_policy_seed_11,2020-11-02,12408.310792337192,0.0039111220309551165,0.007824460477774797,0.35218400922299953,0.6478159907770005,0.0014467210054503088,0.08125875216515283,0.06923180127960671,0.7692720511842686,12359.872733452195
ppo_hybrid_regime_aware_policy_seed_11,2020-11-03,12495.345367162143,0.007014216220204483,0.047815990777000494,0.4042077055699305,0.5957922944300695,0.003718007049025784,0.07481450240241865,0.06743950833918609,0.6975803335674434,12407.717476662787
ppo_hybrid_regime_aware_policy_seed_11,2020-11-04,12623.101242359853,0.010224277236342338,0.0557922944300695,0.4654950545851101,0.5345049454148899,0.007496674430235793,0.06535514937993772,0.06438571117478425,0.5754284469913702,12494.648223174412
ppo_hybrid_regime_aware_policy_seed_11,2020-11-05,12736.276556537117,0.00896572973664167,0.005495054585110071,0.4648014132140317,0.5351985867859683,0.006325533630665501,0.056975376249534415,0.0532302255004872,0.1292090200194876,12623.031877729492
ppo_hybrid_regime_aware_policy_seed_11,2020-11-06,12734.87742453553,-0.00010985408454156076,0.004801413214031658,0.45994326532494734,0.5400567346750527,-0.0027141835503665854,0.05707897135627668,0.04943584463726775,-0.0225662145092899,12736.215404410561
ppo_hybrid_regime_aware_policy_seed_11,2020-11-09,12887.935672275027,0.01201882378896002,0.5400567346750527,1.0,0.0,0.011137086172248846,0.045746169666102926,0.04428579433624737,-0.2285682265501054,12727.99986821715
ppo_hybrid_regime_aware_policy_seed_11,2020-11-10,12869.034541282706,-0.0014665755224850807,0.0,1.0,0.0,-0.0015317887990456732,0.047145654975908245,0.045828849801771515,-0.1668460079291394,12887.935672275027
ppo_hybrid_regime_aware_policy_seed_11,2020-11-11,12964.632843349636,0.007428552760524454,0.0,1.0,0.0,0.007401096949917688,0.04006732620080182,0.0439524085556158,-0.2419036577753682,12869.034541282706
ppo_hybrid_regime_aware_policy_seed_11,2020-11-12,12838.864169739234,-0.009700905157134287,0.0,1.0,0.0,-0.010133117679577478,0.04937954202656212,0.04132767198717464,-0.3468931205130146,12964.632843349636
ppo_hybrid_regime_aware_policy_seed_11,2020-11-13,13016.611785543326,0.01384449694724843,0.0,1.0,0.0,0.013749537340944966,0.03621867999815698,0.04478392612995791,-0.2086429548016839,12838.864169739234
ppo_hybrid_regime_aware_policy_seed_11,2020-11-16,13179.092292605867,0.012482549970722623,0.0,1.0,0.0,0.01240528525322262,0.024188231510385027,0.04046001663482405,-0.381599334607038,13016.611785543326
ppo_hybrid_regime_aware_policy_seed_11,2020-11-17,13108.211110133449,-0.0053783053414221405,0.0,1.0,0.0,-0.005598185338431422,0.029436445157075344,0.039130427733103545,-0.4347828906758582,13179.092292605867
ppo_hybrid_regime_aware_policy_seed_11,2020-11-18,12950.45616314059,-0.012034818913688627,0.0,1.0,0.0,-0.012569422763005399,0.04111700178383589,0.0395185869136523,-0.419256523453908,13108.211110133449
ppo_hybrid_regime_aware_policy_seed_11,2020-11-19,13004.979808338941,0.004210171789433614,0.0,1.0,0.0,0.004201333813765502,0.03707993963537869,0.041553817870667704,-0.3378472851732919,12950.45616314059
ppo_hybrid_regime_aware_policy_seed_11,2020-11-20,12915.924077467076,-0.006847817696322922,0.0,1.0,0.0,-0.007135567219564927,0.04367384066488785,0.040066665902146664,-0.3973333639141337,13004.979808338941
ppo_hybrid_regime_aware_policy_seed_11,2020-11-23,12993.347831134557,0.00599444168323604,0.0,1.0,0.0,0.005976546496514336,0.0379411992726004,0.04108752052380793,-0.3564991790476827,12915.924077467076
ppo_hybrid_regime_aware_policy_seed_11,2020-11-24,13202.718983667868,0.016113718747035932,0.0,1.0,0.0,0.015985270793455963,0.02243885433956844,0.038998014867728664,-0.4400794052908536,12993.347831134557
ppo_hybrid_regime_aware_policy_seed_11,2020-11-25,13182.363578203396,-0.0015417585945479706,0.0,1.0,0.0,-0.0015986221992329319,0.023946017637586595,0.03693950878790487,-0.5224196484838053,13202.718983667868
ppo_hybrid_regime_aware_policy_seed_11,2020-11-27,13219.076520941935,0.0027850045646777843,0.0,1.0,0.0,0.0027811336248563354,0.021227702841335325,0.03608004682871562,-0.5567981268513753,13182.363578203396
ppo_hybrid_regime_aware_policy_seed_11,2020-11-30,13160.553898266777,-0.004427133966767305,0.0,1.0,0.0,-0.00458942100688029,0.02556085892381732,0.03518411523333306,-0.5926353906666775,13219.076520941935
ppo_hybrid_regime_aware_policy_seed_11,2020-12-01,13304.496010990228,0.010937390161245952,0.0,1.0,0.0,0.010878009496786719,0.014903037849477663,0.03456845976777008,-0.6172616092891968,13160.553898266777
ppo_hybrid_regime_aware_policy_seed_11,2020-12-02,13332.485525468677,0.002103763604072606,0.0,1.0,0.0,0.002101553792160207,0.012830626714022967,0.034887276718573605,-0.6045089312570557,13304.496010990228
ppo_hybrid_regime_aware_policy_seed_11,2020-12-03,13328.850393931509,-0.00027265220203875895,0.0,1.0,0.0,-0.00028227208100236613,0.01309978061743458,0.03560306008150802,-0.5758775967396791,13332.485525468677
ppo_hybrid_regime_aware_policy_seed_11,2020-12-04,13443.713672930398,0.008617643352887061,0.0,1.0,0.0,0.008580723421316779,0.004595026501909654,0.035742996777061796,-0.5702801289175281,13328.850393931509
ppo_hybrid_regime_aware_policy_seed_11,2020-12-07,13416.088004391586,-0.0020549134867724472,0.0,1.0,0.0,-0.0021280446655850592,0.006640497606751302,0.03471911534393545,-0.611235386242582,13443.713672930398
ppo_hybrid_regime_aware_policy_seed_11,2020-12-08,13455.345650134783,0.00292616191324524,0.0,1.0,0.0,0.0029218890348672224,0.0037337668646879405,0.03562107660353589,-0.5751569358585644,13416.088004391586
ppo_hybrid_regime_aware_policy_seed_11,2020-12-09,13334.666382533698,-0.008968871609766116,0.0,1.0,0.0,-0.009316334391468522,0.012669150798823924,0.0343578225970734,-0.625687096117064,13455.345650134783
ppo_hybrid_regime_aware_policy_seed_11,2020-12-10,13330.304668403654,-0.0003270958571379712,0.0,1.0,0.0,-0.00033922345059858973,0.012992102629222145,0.0373866465704051,-0.5045341371837958,13334.666382533698
ppo_hybrid_regime_aware_policy_seed_11,2020-12-11,13314.673713722465,-0.0011725879542903161,0.0,1.0,0.0,-0.0012170171610350398,0.014149456200468518,0.037794144055543905,-0.488234237778244,13330.304668403654
ppo_hybrid_regime_aware_policy_seed_11,2020-12-14,13255.061771801194,-0.004477161303609867,0.0,1.0,0.0,-0.004660419125676291,0.01856326810631055,0.03924166308420987,-0.4303334766316055,13314.673713722465
ppo_hybrid_regime_aware_policy_seed_11,2020-12-15,13434.262552791035,0.01351942254777505,0.0,1.0,0.0,0.013428850562282912,0.005294810223932325,0.041887458240770226,-0.3245016703691909,13255.061771801194
ppo_hybrid_regime_aware_policy_seed_11,2020-12-16,13455.345650134781,0.0015693527844120592,0.0,1.0,0.0,0.0015681226371862288,0.003733766864688075,0.03816975950475829,-0.4732096198096684,13434.262552791035
ppo_hybrid_regime_aware_policy_seed_11,2020-12-17,13530.58743745084,0.00559196242686677,0.0,1.0,0.0,0.0055763854485796,0.0,0.03728371975839909,-0.5086512096640364,13455.345650134781
ppo_hybrid_regime_aware_policy_seed_11,2020-12-18,13419.359289989121,-0.008220496558327905,0.0,1.0,0.0,-0.008550778482401239,0.0082204965583279,0.03604494204951854,-0.5582023180192586,13530.58743745084
ppo_hybrid_regime_aware_policy_seed_11,2020-12-21,13371.378215985835,-0.003575511540188092,0.0,1.0,0.0,-0.0037068114406094183,0.011766615618205606,0.03521948337470604,-0.5912206650117584,13419.359289989121
ppo_hybrid_regime_aware_policy_seed_11,2020-12-22,13348.84195345634,-0.0016854105960858456,0.0,1.0,0.0,-0.0017571766948393866,0.013432194635648511,0.04223407937664198,-0.3106368249343207,13371.378215985835
ppo_hybrid_regime_aware_policy_seed_11,2020-12-23,13360.837776600365,0.000898641484096574,0.0,1.0,0.0,0.0008982379475764469,0.012545623878873959,0.04025598030355512,-0.3897607878577951,13348.84195345634
ppo_hybrid_regime_aware_policy_seed_11,2020-12-24,13412.816718794053,0.003890395427502469,0.0,1.0,0.0,0.003882847409394495,0.008704035889145083,0.0382947897754274,-0.4682084089829041,13360.837776600365
ppo_hybrid_regime_aware_policy_seed_11,2020-12-28,13528.043843732583,0.008590822297383172,0.0,1.0,0.0,0.008554131171718198,0.00018798841735555944,0.03460834582701521,-0.6156661669193918,13412.816718794053
ppo_hybrid_regime_aware_policy_seed_11,2020-12-29,13502.235186319154,-0.0019077893087540154,0.0,1.0,0.0,-0.001976079632039065,0.0020954190838167737,0.0348469679896932,-0.6061212804122721,13528.043843732583
ppo_hybrid_regime_aware_policy_seed_11,2020-12-30,13521.500163251114,0.0014267990940848296,0.0,1.0,0.0,0.0014257821834272697,0.0006716097317825264,0.03753838559517337,-0.4984645761930652,13502.235186319154
ppo_hybrid_regime_aware_policy_seed_11,2020-12-31,13590.200488658507,0.005080821253407031,0.0,1.0,0.0,0.005067957435210907,0.0,0.036805369048007304,-0.5277852380797079,13521.500163251114
ppo_hybrid_regime_aware_policy_seed_11,2021-01-04,13405.183719066476,-0.013613983822124975,0.0,1.0,0.0,-0.01420632192868668,0.01361398382212497,0.036640125219624085,-0.5343949912150368,13590.200488658507
ppo_hybrid_regime_aware_policy_seed_11,2021-01-05,13497.509626249472,0.006887328746690624,0.0,1.0,0.0,0.0068637194394418535,0.006820419057569412,0.045104810746390334,-0.1958075701443868,13405.183719066476
ppo_hybrid_regime_aware_policy_seed_11,2021-01-06,13578.204665514488,0.005978513184986545,0.0,1.0,0.0,0.005960712786412728,0.0008826818378456245,0.041661301755800476,-0.3335479297679812,13497.509626249472
ppo_hybrid_regime_aware_policy_seed_11,2021-01-07,13779.94281832022,0.0148574983052141,0.0,1.0,0.0,0.01474820687893387,0.0,0.0409901005291366,-0.3603959788345364,13578.204665514488
ppo_hybrid_regime_aware_policy_seed_11,2021-01-08,13858.457000520213,0.005697714659280706,0.0,1.0,0.0,0.00568154407760871,0.0,0.035335072865995576,-0.586597085360177,13779.94281832022
ppo_hybrid_regime_aware_policy_seed_11,2021-01-11,13765.039555518306,-0.006740825836411668,0.0,1.0,0.0,-0.006989764816607969,0.006740825836411701,0.03354440569174422,-0.6582237723302314,13858.457000520213
ppo_hybrid_regime_aware_policy_seed_11,2021-01-12,13767.946995176198,0.0002112191284424636,0.0,1.0,0.0,0.00021119682482293237,0.006531030499327387,0.03861256112704237,-0.4554975549183051,13765.039555518306
ppo_hybrid_regime_aware_policy_seed_11,2021-01-13,13805.023783854373,0.0026929787492038226,0.0,1.0,0.0,0.002689359178759961,0.0038556396764686546,0.03692195787773249,-0.5231216848907005,13767.946995176198
ppo_hybrid_regime_aware_policy_seed_11,2021-01-14,13756.678863911451,-0.003501980199372312,0.0,1.0,0.0,-0.00362834144642406,0.0073441175020380325,0.03446057758146864,-0.6215768967412542,13805.023783854373
ppo_hybrid_regime_aware_policy_seed_11,2021-01-15,13656.356111061243,-0.007292657904037436,0.0,1.0,0.0,-0.007583551874339798,0.01458321726952604,0.036492458511903074,-0.5403016595238772,13756.678863911451
ppo_hybrid_regime_aware_policy_seed_11,2021-01-19,13763.585281046155,0.007851960589842832,0.0,1.0,0.0,0.007821294369327474,0.006845763526956656,0.038631082981881074,-0.4547566807247573,13656.356111061243
ppo_hybrid_regime_aware_policy_seed_11,2021-01-20,13954.055302587143,0.013838692292137411,0.0,1.0,0.0,0.013743811934587761,0.0,0.03617415672213747,-0.5530337311145016,13763.585281046155
ppo_hybrid_regime_aware_policy_seed_11,2021-01-21,13966.776599037636,0.0009116558716901757,0.0,1.0,0.0,0.0009112405658674767,0.0,0.03254499212010936,-0.6982003151956254,13954.055302587143
ppo_hybrid_regime_aware_policy_seed_11,2021-01-22,13917.342359848604,-0.0035394164744095846,0.0,1.0,0.0,-0.003658492398050661,0.0035394164744095334,0.03186891699365366,-0.7252433202538535,13966.776599037636
ppo_hybrid_regime_aware_policy_seed_11,2021-01-25,13972.229850986592,0.003943819855746211,0.0,1.0,0.0,0.003936063384946354,0.0,0.032991898981228195,-0.6803240407508724,13917.342359848604
ppo_hybrid_regime_aware_policy_seed_11,2021-01-26,13950.420171049973,-0.001560930514972858,0.0,1.0,0.0,-0.0016177269449373166,0.001560930514972843,0.03560498572564121,-0.5758005709743513,13972.229850986592
ppo_hybrid_regime_aware_policy_seed_11,2021-01-27,13609.465465590467,-0.024440461382450596,0.0,1.0,0.0,-0.02560261540227157,0.0259632420354515,0.03518226416344479,-0.5927094334622085,13950.420171049973
ppo_hybrid_regime_aware_policy_seed_11,2021-01-28,13726.50960165438,0.008600200820512827,0.0,1.0,0.0,0.008563429768650509,0.017586330310395113,0.06537264984857856,0.6149059939431424,13609.465465590467
ppo_hybrid_regime_aware_policy_seed_11,2021-01-29,13451.71051859761,-0.02001958917681801,0.0,1.0,0.0,-0.021211197259560898,0.037253848379271204,0.050260575984275795,0.0104230393710318,13726.50960165438
ppo_hybrid_regime_aware_policy_seed_11,2021-02-01,13547.389837454102,0.007112799426081118,0.54,0.464103325558407,0.535896674441593,0.0036856227820270485,0.0304060281045614,0.05631594427232633,0.2526377708930529,13444.446594917568
ppo_hybrid_regime_aware_policy_seed_11,2021-02-02,13635.45292781525,0.0065003732392554525,0.004103325558406978,0.46348973277942784,0.5365102672205722,0.0038811819381705664,0.024103305396708935,0.05007820689497301,0.0031282757989204,13547.334248103132
ppo_hybrid_regime_aware_policy_seed_11,2021-02-03,13640.337333891053,0.00035821370229949245,0.0034897327794278232,0.4601952499137481,0.539804750086252,-0.0022390850400803796,0.023753725828673206,0.03989160436759642,-0.4043358252961432,13635.405343728205
ppo_hybrid_regime_aware_policy_seed_11,2021-02-04,13711.649429613473,0.005228030214856627,0.00019524991374808565,0.46280855852216196,0.537191441477838,0.002622118635399648,0.01864988081016425,0.0340664856113921,-0.6373405755443162,13640.334670616365
ppo_hybrid_regime_aware_policy_seed_11,2021-02-05,13736.435718317556,0.0018076810402218868,0.0028085585221619414,0.4609759002669121,0.539024099733088,-0.0007901636866056553,0.016875912805885202,0.03149537975938607,-0.7401848096245571,13711.610919643615
ppo_hybrid_regime_aware_policy_seed_11,2021-02-08,13828.181690325682,0.006679023138861373,0.539024099733088,1.0,0.0,0.005848281134989174,0.010309604279143654,0.029443976678398067,-0.8222409328640775,13729.031448420948
ppo_hybrid_regime_aware_policy_seed_11,2021-02-09,13818.97459654983,-0.0006658210010571652,0.0,1.0,0.0,-0.000685915874091547,0.01096856092915915,0.03015845699709372,-0.7936617201162512,13828.181690325682
ppo_hybrid_regime_aware_policy_seed_11,2021-02-10,13812.954324316815,-0.00043565260149747154,0.0,1.0,0.0,-0.00044906437837363006,0.011399435048553128,0.030906596873317482,-0.7637361250673007,13818.97459654983
ppo_hybrid_regime_aware_policy_seed_11,2021-02-11,13835.2631557615,0.0016150658954552366,0.0,1.0,0.0,0.0016137630790994486,0.00980277999187227,0.03158991856785205,-0.7364032572859182,13812.954324316815
ppo_hybrid_regime_aware_policy_seed_11,2021-02-12,13903.60637544064,0.004939784585931806,0.0,1.0,0.0,0.004927623881120012,0.004911419027443657,0.029842419401471667,-0.8063032239411334,13835.2631557615
ppo_hybrid_regime_aware_policy_seed_11,2021-02-16,13891.565830974616,-0.0008660015352055517,0.0,1.0,0.0,-0.0008895764747609365,0.005773167266231355,0.026921718609342195,-0.9231312556263124,13903.60637544064
ppo_hybrid_regime_aware_policy_seed_11,2021-02-17,13894.753733162263,0.00022948472666328712,0.0,1.0,0.0,0.00022945839907117775,0.005545007393280115,0.030076318170024985,-0.7969472731990006,13891.565830974616
ppo_hybrid_regime_aware_policy_seed_11,2021-02-18,13835.617607258973,-0.004256003887434856,0.0,1.0,0.0,-0.004392292652123678,0.009777411707693362,0.030055304561741072,-0.7977878175303572,13894.753733162263
ppo_hybrid_regime_aware_policy_seed_11,2021-02-19,13811.184228119062,-0.0017659767589335296,0.0,1.0,0.0,-0.0018237132481040723,0.01152612178478861,0.03212385785362392,-0.7150456858550434,13835.617607258973
ppo_hybrid_regime_aware_policy_seed_11,2021-02-22,13704.952520778512,-0.007691716045917785,0.0,1.0,0.0,-0.00795747033558213,0.019129182174827144,0.031042825149638516,-0.7582869940144594,13811.184228119062
ppo_hybrid_regime_aware_policy_seed_11,2021-02-23,13721.595531487657,0.0012143793044092632,0.0,1.0,0.0,0.0012136425422739111,0.017938032953361226,0.03407397610613879,-0.6370409557544483,13704.952520778512
ppo_hybrid_regime_aware_policy_seed_11,2021-02-24,13872.798272570242,0.011019326486895187,0.0,1.0,0.0,0.010959056064222558,0.007116371508111789,0.03333817726759546,-0.6664729092961816,13721.595531487657
ppo_hybrid_regime_aware_policy_seed_11,2021-02-25,13538.522413687062,-0.024095777385022665,0.0,1.0,0.0,-0.025095861115279616,0.031040674389485927,0.029469245887495134,-0.8212301645001946,13872.798272570242
ppo_hybrid_regime_aware_policy_seed_11,2021-02-26,13468.763549307643,-0.0051526202230823825,0.0,1.0,0.0,-0.005397067284126374,0.03603335380597098,0.04629308581857749,-0.1482765672569006,13538.522413687062
ppo_hybrid_regime_aware_policy_seed_11,2021-03-01,13611.592643603299,0.010604469651039228,0.54,0.46595486542191844,0.5340451345780816,0.007146636635571349,0.025810998761792388,0.04428983811777144,-0.2284064752891423,13461.490416991017
ppo_hybrid_regime_aware_policy_seed_11,2021-03-02,13562.653328521095,-0.003595414318044665,0.0059548654219184205,0.4580546977279418,0.5419453022720582,-0.0063224681998597845,0.02931361184532592,0.03415808261634375,-0.6336766953462498,13611.511588400928
ppo_hybrid_regime_aware_policy_seed_11,2021-03-03,13479.989526392717,-0.006094957979538074,0.001945302272058247,0.45668959638333756,0.5433104036166625,-0.008921057809345035,0.035229904592438216,0.03592313793935343,-0.5630744824258629,13562.62694506076
ppo_hybrid_regime_aware_policy_seed_11,2021-03-04,13412.504195679901,-0.005006334061364415,0.05668959638333754,0.3970152707694003,0.6029847292305996,-0.008505583841423331,0.04005986598246293,0.04174810023111462,-0.3300759907554155,13479.225351227215
ppo_hybrid_regime_aware_policy_seed_11,2021-03-05,13511.161561873398,0.007355626119787129,0.0029847292305997253,0.40438292733462705,0.5956170726653729,0.004124228339865123,0.03299890525925167,0.04602287685430852,-0.1590849258276594,13412.464162986573
ppo_hybrid_regime_aware_policy_seed_11,2021-03-08,13484.194901756791,-0.001995880220446944,0.004382927334627029,0.3988027119806566,0.6011972880193435,-0.005276651252768296,0.03492892361739529,0.037410119905136006,-0.5035952037945599,13511.102343434066
ppo_hybrid_regime_aware_policy_seed_11,2021-03-09,13561.186971264353,0.005709800998020986,0.0011972880193434343,0.40340714485254475,0.5965928551474553,0.0024917659377439788,0.029418559822304617,0.03934804975331914,-0.4260780098672345,13484.178757291786
ppo_hybrid_regime_aware_policy_seed_11,2021-03-10,13594.905762510889,0.002486418874541263,0.00340714485254473,0.4014901903741634,0.5985098096258366,-0.000721777867771986,0.02700528781016726,0.036271768876695774,-0.5491292449321689,13561.14076633597
ppo_hybrid_regime_aware_policy_seed_11,2021-03-11,13650.021768765975,0.0040541661132416085,0.0014901903741633693,0.4024235682339624,0.5975764317660376,0.0008437348407041,0.023060605619643862,0.03310547895144677,-0.6757808419421294,13594.885503513184
ppo_hybrid_regime_aware_policy_seed_11,2021-03-12,13657.691814573602,0.0005619072216556109,0.057576431766037606,0.46033433330854723,0.5396656666914528,-0.0021166152367424213,0.022511656318821634,0.03176640687219296,-0.7293437251122816,13649.235849219001
ppo_hybrid_regime_aware_policy_seed_11,2021-03-15,13731.725933091402,0.005420690371619186,0.5396656666914528,1.0,0.0,0.004596552808254096,0.017212994665859148,0.028752127010550223,-0.8499149195779911,13650.321227215023
ppo_hybrid_regime_aware_policy_seed_11,2021-03-16,13714.40582788942,-0.001261320338490135,0.0,1.0,0.0,-0.0012959039601352538,0.01845260390409096,0.027256563262951797,-0.9097374694819284,13731.725933091402
ppo_hybrid_regime_aware_policy_seed_11,2021-03-17,13761.17032336184,0.0034098812634899556,0.0,1.0,0.0,0.0034040808005609087,0.015105643828916116,0.02604513488819269,-0.9581946044722924,13714.40582788942
ppo_hybrid_regime_aware_policy_seed_11,2021-03-18,13560.949949512344,-0.014549661776192768,0.0,1.0,0.0,-0.015001530197197972,0.02943552359648648,0.024074456780145366,-1.0370217287941854,13761.17032336184
ppo_hybrid_regime_aware_policy_seed_11,2021-03-19,13491.669528704417,-0.005108817676184874,0.0,1.0,0.0,-0.005269928531067527,0.03439396054941386,0.029851388555974363,-0.8059444577610255,13560.949949512344
ppo_hybrid_regime_aware_policy_seed_11,2021-03-22,13533.913318479488,0.0031311017280104547,0.54,0.46197620722726157,0.5380237927727385,-0.0002757899627440502,0.03137054981071286,0.027642121279754118,-0.8943151488098354,13484.384027158916
ppo_hybrid_regime_aware_policy_seed_11,2021-03-23,13420.166372555199,-0.008404586555832094,0.5380237927727385,1.0,0.0,-0.00941897804708462,0.039511479865356754,0.02110792203142415,-1.155683118743034,13526.631751104822
ppo_hybrid_regime_aware_policy_seed_11,2021-03-24,13351.94537934336,-0.005083468514321399,0.0,1.0,0.0,-0.005219163946080348,0.04439409301582832,0.025136263281710883,-0.9945494687315648,13420.166372555199
ppo_hybrid_regime_aware_policy_seed_11,2021-03-25,13379.268368014307,0.002046367618700584,0.54,0.461393786314916,0.538606213685084,-0.0013577233394214423,0.042438572031536934,0.02769404119966076,-0.8922383520135697,13344.735328838515
ppo_hybrid_regime_aware_policy_seed_11,2021-03-26,13587.55241296616,0.015567670759172092,0.538606213685084,1.0,0.0,0.014639828369724037,0.02753157098924114,0.022637763704924947,-1.0944894518030022,13372.062210936734
ppo_hybrid_regime_aware_policy_seed_11,2021-03-29,13580.68924747581,-0.0005051068273195236,0.0,1.0,0.0,-0.0005144860241314674,0.028022771432087167,0.018834647892619922,-1.2466140842952032,13587.55241296616
ppo_hybrid_regime_aware_policy_seed_11,2021-03-30,13544.660246581545,-0.002652958199523048,0.0,1.0,0.0,-0.0027199979721065667,0.03060138639036605,0.02463122396755742,-1.0147510412977032,13580.68924747581
ppo_hybrid_regime_aware_policy_seed_11,2021-03-31,13599.56138181623,0.0040533416294838975,0.0,1.0,0.0,0.004045148971267885,0.02667208263425817,0.019910210127473273,-1.2035915949010692,13544.660246581545
ppo_hybrid_regime_aware_policy_seed_11,2021-04-01,13746.424117630275,0.010799078859294209,0.0,1.0,0.0,0.010741185232806828,0.01616103769867292,0.01869742887040874,-1.2521028451836504,13599.56138181623
ppo_hybrid_regime_aware_policy_seed_11,2021-04-05,13943.728082999509,0.01435311202978129,0.0,1.0,0.0,0.014251081264420035,0.0020398868534982554,0.009489465915814767,-1.6204213633674094,13746.424117630275
ppo_hybrid_regime_aware_policy_seed_11,2021-04-06,13935.493122148713,-0.0005905853012750928,0.0,1.0,0.0,-0.000597478862922333,0.0026292674275813686,0.01140026962139275,-1.54398921514429,13943.728082999509
ppo_hybrid_regime_aware_policy_seed_11,2021-04-07,13951.620618596211,0.0011572964304984446,0.0,1.0,0.0,0.0011566272792055982,0.0014750138388917255,0.012083793005108852,-1.516648279795646,13935.493122148713
ppo_hybrid_regime_aware_policy_seed_11,2021-04-08,14017.845872172771,0.004746778556197873,0.0,1.0,0.0,0.004735548127749245,0.0,0.007803100232462479,-1.6878759907015009,13951.620618596211
ppo_hybrid_regime_aware_policy_seed_11,2021-04-09,14119.7577013895,0.007270149076117116,0.0,1.0,0.0,0.007243848936019295,0.0,0.00658985789953504,-1.7364056840185984,14017.845872172771
ppo_hybrid_regime_aware_policy_seed_11,2021-04-12,14124.90559909328,0.0003645882466716266,0.0,1.0,0.0,0.0003645218005266528,0.0,0.005385519910530667,-1.7845792035787733,14119.7577013895
ppo_hybrid_regime_aware_policy_seed_11,2021-04-13,14166.767348199515,0.002963683460576405,0.0,1.0,0.0,0.002959300408599511,0.0,0.006433727154467179,-1.7426509138213129,14124.90559909328
ppo_hybrid_regime_aware_policy_seed_11,2021-04-14,14118.385906029058,-0.003415136352656112,0.0,1.0,0.0,-0.0034391843065072346,0.0034151363526560828,0.005330113537976595,-1.7867954584809362,14166.767348199515
ppo_hybrid_regime_aware_policy_seed_11,2021-04-15,14270.052019948722,0.01074245419619091,0.0,1.0,0.0,0.010685163961720182,0.0,0.0071464545461601805,-1.7141418181535928,14118.385906029058
ppo_hybrid_regime_aware_policy_seed_11,2021-04-16,14317.74861161099,0.0033424259137662116,0.0,1.0,0.0,0.0033368524241360826,0.0,0.005291580009714969,-1.7883367996114012,14270.052019948722
ppo_hybrid_regime_aware_policy_seed_11,2021-04-19,14247.404830437003,-0.004913047650308866,0.0,1.0,0.0,-0.004944495139794793,0.004913047650308819,0.003936211406211976,-1.842551543751521,14317.74861161099
ppo_hybrid_regime_aware_policy_seed_11,2021-04-20,14143.09183575348,-0.007321543531961572,0.0,1.0,0.0,-0.007413981970339442,0.012198620090024002,0.008990973967739553,-1.640361041290418,14247.404830437003
ppo_hybrid_regime_aware_policy_seed_11,2021-04-21,14276.915185439077,0.009462100030157128,0.0,1.0,0.0,0.009417614757574543,0.0028519446233886132,0.015341882157328686,-1.3863247137068526,14143.09183575348
ppo_hybrid_regime_aware_policy_seed_11,2021-04-22,14146.522371326624,-0.009133122416069228,0.0,1.0,0.0,-0.009259594496551912,0.01195901988008856,0.00927953487736038,-1.6288186049055848,14276.915185439077
ppo_hybrid_regime_aware_policy_seed_11,2021-04-23,14299.904800204893,0.010842412350696051,0.0,1.0,0.0,0.01078405484306848,0.0012462721542426613,0.015093449053306862,-1.3962620378677255,14146.522371326624
ppo_hybrid_regime_aware_policy_seed_11,2021-04-26,14329.757580461062,0.002087620908898691,0.0,1.0,0.0,0.002085444856357964,0.0,0.00809514221307392,-1.6761943114770432,14299.904800204893
ppo_hybrid_regime_aware_policy_seed_11,2021-04-27,14326.669470142015,-0.00021550331899955477,0.0,1.0,0.0,-0.00021765706780827948,0.00021550331899950677,0.00988627294333358,-1.6045490822666568,14329.757580461062
ppo_hybrid_regime_aware_policy_seed_11,2021-04-28,14322.551989716616,-0.00028739969425417566,0.0,1.0,0.0,-0.0002902585852679051,0.0005028410776656428,0.009805825102967375,-1.607766995881305,14326.669470142015
ppo_hybrid_regime_aware_policy_seed_11,2021-04-29,14413.826645443722,0.006372792767143753,0.0,1.0,0.0,0.006352572384720713,0.0,0.008715098456136794,-1.6513960617545282,14322.551989716616
ppo_hybrid_regime_aware_policy_seed_11,2021-04-30,14319.12040697144,-0.006570513216364926,0.0,1.0,0.0,-0.006662819175242148,0.006570513216364951,0.010748797375832604,-1.570048104966696,14413.826645443722
ppo_hybrid_regime_aware_policy_seed_11,2021-05-03,14350.00360450599,0.0021567803508037997,0.0,1.0,0.0,0.0021544578388955128,0.0044279040193609355,0.01603524655115154,-1.3585901379539385,14319.12040697144
ppo_hybrid_regime_aware_policy_seed_11,2021-05-04,14261.473586671804,-0.00616933767224892,0.0,1.0,0.0,-0.006278236853358138,0.010569924456534058,0.014618997867705319,-1.4152400852917872,14350.00360450599
ppo_hybrid_regime_aware_policy_seed_11,2021-05-05,14265.934539523327,0.00031279746965928723,0.0,1.0,0.0,0.0003127485587299854,0.010260433232499316,0.020737437221257527,-1.170502511149699,14261.473586671804
ppo_hybrid_regime_aware_policy_seed_11,2021-05-06,14379.856384762155,0.007985585867032574,0.0,1.0,0.0,0.007953869811847956,0.0023567829360778697,0.0192385361239378,-1.230458555042488,14265.934539523327
ppo_hybrid_regime_aware_policy_seed_11,2021-05-07,14484.512851871805,0.007277991122397465,0.0,1.0,0.0,0.007251634350647923,0.0,0.01552326184246179,-1.3790695263015285,14379.856384762155
ppo_hybrid_regime_aware_policy_seed_11,2021-05-10,14341.081698802938,-0.009902380186043391,0.0,1.0,0.0,-0.010022168860099337,0.00990238018604341,0.0071128371884880805,-1.7154865124604768,14484.512851871805
ppo_hybrid_regime_aware_policy_seed_11,2021-05-11,14213.09109732931,-0.008924752271951109,0.0,1.0,0.0,-0.009165340280429979,0.018738756167931404,0.022692997003788698,-1.0922801198484522,14341.081698802938
ppo_hybrid_regime_aware_policy_seed_11,2021-05-12,13911.130664850425,-0.021245233032779476,0.0,1.0,0.0,-0.022184506460554684,0.03958587995917879,0.03407401631400013,-0.6370393474399949,14213.09109732931
ppo_hybrid_regime_aware_policy_seed_11,2021-05-13,13969.586965675246,0.004202124344394376,0.6,0.40286921779668394,0.5971307822033161,9.332007569511319e-05,0.03555010040465505,0.06394832776100651,0.5579331104402602,13902.783986451515
ppo_hybrid_regime_aware_policy_seed_11,2021-05-14,14055.34972595035,0.006139248102741357,0.0028692177966839205,0.40366278365471986,0.5963372163452801,0.002916175869179151,0.029629103188375135,0.04096994860392691,-0.3612020558429238,13969.546883887711
ppo_hybrid_regime_aware_policy_seed_11,2021-05-17,14040.99262966502,-0.0010214684490434944,0.0036627836547198367,0.39938869216910494,0.600611307830895,-0.004245886536950039,0.030620306443338224,0.018565171066338843,-1.2573931573464463,14055.298244245112
ppo_hybrid_regime_aware_policy_seed_11,2021-05-18,13984.497528561242,-0.004023583132179542,0.06061130783089508,0.45785134994272436,0.5421486500572756,-0.006806418117825133,0.03452068622701018,0.023536588679378953,-1.058536452824842,14040.141586738491
ppo_hybrid_regime_aware_policy_seed_11,2021-05-19,13969.023630570891,-0.0011065036808614037,0.05785134994272434,0.3993701116276462,0.6006298883723538,-0.004428302677513355,0.03558899264149555,0.032209246444270596,-0.7116301422291762,13983.688506500945
ppo_hybrid_regime_aware_policy_seed_11,2021-05-20,14029.126047465255,0.0043025495899964294,0.0006298883723538373,0.4025708464924991,0.5974291535075009,0.0010923752550748395,0.031439566457197116,0.036773477719443406,-0.5290608912222639,13969.014831645334
ppo_hybrid_regime_aware_policy_seed_11,2021-05-21,14023.037170523014,-0.00043401683908472766,0.05742915350750094,0.4597965543509508,0.5402034456490492,-0.0031244319937603782,0.03185993799502587,0.028967736274701058,-0.8412905490119578,14028.320366631899
ppo_hybrid_regime_aware_policy_seed_11,2021-05-24,14079.37708046854,0.004017668159929988,0.05979655435095077,0.4024366890206746,0.5975633109793255,0.0007199240520266785,0.02797027249355581,0.026413356861834332,-0.9434657255266268,14022.198641218682
ppo_hybrid_regime_aware_policy_seed_11,2021-05-25,14064.1978465771,-0.0010781182863903727,0.05756331097932543,0.45944830552137217,0.5405516944786278,-0.003775340146746537,0.029018235517695543,0.017457969312828957,-1.3016812274868417,14078.56662490726
ppo_hybrid_regime_aware_policy_seed_11,2021-05-26,14077.029171369419,0.0009123396109960158,0.000551694478627851,0.4604925119667803,0.5395074880332197,-0.0016809038595451524,0.02813237039240348,0.02002092485893476,-1.1991630056426097,14064.190087436802
ppo_hybrid_regime_aware_policy_seed_11,2021-05-27,14076.820608210171,-1.4815850468696823e-05,0.5395074880332197,1.0,0.0,-0.0008242585391119271,0.028146769437879162,0.012594365224445209,-1.4962253910221917,14069.434508722203
ppo_hybrid_regime_aware_policy_seed_11,2021-05-28,14080.795553089163,0.0002823751889451387,0.54,0.46044395723952114,0.5395560427604789,-0.003119664671424984,0.027872342198272136,0.009744899090645659,-1.6102040363741736,14069.219125081738
ppo_hybrid_regime_aware_policy_seed_11,2021-06-01,14060.801701802027,-0.0014199376172853162,0.5395560427604789,1.0,0.0,-0.002244417403949143,0.02925270282838833,0.0102412771526472,-1.590348913894112,14073.19817476162
ppo_hybrid_regime_aware_policy_seed_11,2021-06-02,14082.913721286035,0.0015726001939970757,0.0,1.0,0.0,0.0015713649531690686,0.02772610544053415,0.01645422705915261,-1.3418309176338956,14060.801701802027
ppo_hybrid_regime_aware_policy_seed_11,2021-06-03,14030.646903012494,-0.0037113639483952188,0.0,1.0,0.0,-0.0037709304321133182,0.03133456772076798,0.014594106988504614,-1.4162357204598155,14082.913721286035
ppo_hybrid_regime_aware_policy_seed_11,2021-06-04,14158.969416157881,0.00914587289042501,0.0,1.0,0.0,0.009104302666706848,0.02247527680379354,0.01774468399505986,-1.2902126401976055,14030.646903012494
ppo_hybrid_regime_aware_policy_seed_11,2021-06-07,14145.232479980705,-0.0009701932233500132,0.0,1.0,0.0,-0.000979957028616818,0.02342366466589558,0.009798589337747798,-1.608056426490088,14158.969416157881
ppo_hybrid_regime_aware_policy_seed_11,2021-06-08,14148.247755364888,0.00021316548797978285,0.0,1.0,0.0,0.00021314277144534677,0.023215492294824544,0.010166005373257049,-1.593359785069718,14145.232479980705
ppo_hybrid_regime_aware_policy_seed_11,2021-06-09,14127.139805201756,-0.0014919126755557066,0.0,1.0,0.0,-0.0015131367993817626,0.024672769483156377,0.01379978643037243,-1.4480085427851028,14148.247755364888
ppo_hybrid_regime_aware_policy_seed_11,2021-06-10,14192.808188229616,0.004648384877148359,0.0,1.0,0.0,0.004637614499841,0.020139073134550933,0.01822976217311321,-1.2708095130754715,14127.139805201756
ppo_hybrid_regime_aware_policy_seed_11,2021-06-11,14216.261693405062,0.0016524922245406692,0.0,1.0,0.0,0.0016511283615731592,0.01851986057177457,0.009569479457681425,-1.617220821692743,14192.808188229616
ppo_hybrid_regime_aware_policy_seed_11,2021-06-14,14248.091304361189,0.002238957866883773,0.0,1.0,0.0,0.0022364551356958834,0.016322367892411614,0.007074029145953143,-1.7170388341618743,14216.261693405062
ppo_hybrid_regime_aware_policy_seed_11,2021-06-15,14221.95789522442,-0.0018341691233246804,0.0,1.0,0.0,-0.0018556627287553825,0.018126599032528463,0.01097944556402688,-1.5608221774389248,14248.091304361189
ppo_hybrid_regime_aware_policy_seed_11,2021-06-16,14142.551553545529,-0.005583362168830042,0.0,1.0,0.0,-0.005677961226905074,0.023608753834070777,0.014401970006745835,-1.4239211997301666,14221.95789522442
ppo_hybrid_regime_aware_policy_seed_11,2021-06-17,14137.86146599475,-0.00033162951770204785,0.0,1.0,0.0,-0.0003382997375079085,0.02393255399212525,0.02042994239640051,-1.1828023041439797,14142.551553545529
ppo_hybrid_regime_aware_policy_seed_11,2021-06-18,13901.655691969087,-0.01670731988666041,0.0,1.0,0.0,-0.017150288102236434,0.04024002504353446,0.01850849053591754,-1.2596603785632985,14137.86146599475
ppo_hybrid_regime_aware_policy_seed_11,2021-06-21,13985.646415516385,0.006041778433328648,0.54,0.4635328158633055,0.5364671841366945,0.0026216000730136684,0.03444136792567051,0.03414808293182974,-0.6340766827268104,13894.148797895423
ppo_hybrid_regime_aware_policy_seed_11,2021-06-22,14019.991088934363,0.002455708688579028,0.003532815863305505,0.4613247372436396,0.5386752627563605,-0.00014460086048345976,0.032070237203553086,0.01938869198771405,-1.2244523204914382,13985.59700680287
ppo_hybrid_regime_aware_policy_seed_11,2021-06-23,14012.199237708523,-0.0005557672024477656,0.0013247372436395732,0.45970043458015436,0.5402995654198457,-0.0031569491056642356,0.03260818081998844,0.013087433885494172,-1.4765026445802332,14019.972516130012
ppo_hybrid_regime_aware_policy_seed_11,2021-06-24,14050.325717051159,0.0027209489885093863,0.0002995654198456599,0.4614654867045555,0.5385345132954444,0.00012480455991326905,0.029975957028098243,0.011558404010007623,-1.537663839599695,14012.195040138175
ppo_hybrid_regime_aware_policy_seed_11,2021-06-25,14073.262566330252,0.0016324781176608738,0.0014654867045554854,0.46088089151024275,0.5391191084897573,-0.0009630511563950415,0.02839241400434176,0.009879983560573059,-1.6048006575770777,14050.305126485626
ppo_hybrid_regime_aware_policy_seed_11,2021-06-28,14094.03081861942,0.001475724068337625,0.5391191084897573,1.0,0.0,0.0006659575949141564,0.026958589304708565,0.008288834115802363,-1.6684466353679055,14065.67540156195
ppo_hybrid_regime_aware_policy_seed_11,2021-06-29,14101.614466409143,0.0005380751530430494,0.0,1.0,0.0,0.000537930442515654,0.026435019898731423,0.009174391303526753,-1.63302434785893,14094.03081861942
ppo_hybrid_regime_aware_policy_seed_11,2021-06-30,14113.483473882612,0.0008416772066590639,0.0,1.0,0.0,0.0008413231950273803,0.025615592445778754,0.01084835145450519,-1.5660659418197924,14101.614466409143
ppo_hybrid_regime_aware_policy_seed_11,2021-07-01,14191.624124983819,0.005536595642444242,0.0,1.0,0.0,0.005521325035644419,0.020220819980848494,0.010140224305425211,-1.5943910277829916,14113.483473882612
ppo_hybrid_regime_aware_policy_seed_11,2021-07-02,14300.098361054736,0.007643539253548326,0.0,1.0,0.0,0.00761447541383626,0.012731839358562737,0.008636282474900175,-1.654548701003993,14191.624124983819
ppo_hybrid_regime_aware_policy_seed_11,2021-07-06,14274.051141957945,-0.001821471324122359,0.0,1.0,0.0,-0.0018354739646252967,0.014530120002390137,0.006863080296662139,-1.7254767881335145,14300.098361054736
ppo_hybrid_regime_aware_policy_seed_11,2021-07-07,14324.496436098543,0.003534055863952723,0.0,1.0,0.0,0.0035278257625641373,0.011047414394235767,0.014555396542187788,-1.4177841383124885,14274.051141957945
ppo_hybrid_regime_aware_policy_seed_11,2021-07-08,14207.780504519384,-0.008147995435639155,0.0,1.0,0.0,-0.008290667996268914,0.019105395547815027,0.013563722714995159,-1.4574510914001937,14324.496436098543
ppo_hybrid_regime_aware_policy_seed_11,2021-07-09,14359.445410800437,0.010674778247933281,0.0,1.0,0.0,0.010618205050717838,0.00863456316069374,0.02878900711215131,-0.8484397155139476,14207.780504519384
ppo_hybrid_regime_aware_policy_seed_11,2021-07-12,14410.879788897159,0.003581919539736189,0.0,1.0,0.0,0.003575519743758136,0.005083571931459937,0.013911014052376686,-1.4435594379049326,14359.445410800437
ppo_hybrid_regime_aware_policy_seed_11,2021-07-13,14361.753608761115,-0.0034089646750015135,0.0,1.0,0.0,-0.003462874073560585,0.00847520688932425,0.01417771664280359,-1.4328913342878564,14410.879788897159
ppo_hybrid_regime_aware_policy_seed_11,2021-07-14,14383.184431936554,0.0014922149313552069,0.0,1.0,0.0,0.0014911026849908,0.006995638788235574,0.019441052561506494,-1.2223578975397402,14361.753608761115
ppo_hybrid_regime_aware_policy_seed_11,2021-07-15,14334.058251800509,-0.0034155287633637066,0.0,1.0,0.0,-0.0034737713006414996,0.010387273746100014,0.01544868589306101,-1.3820525642775596,14383.184431936554
ppo_hybrid_regime_aware_policy_seed_11,2021-07-16,14221.627679905101,-0.007843596692603483,0.0,1.0,0.0,-0.008024854237808849,0.018149396852703368,0.019367734202478205,-1.2252906319008718,14334.058251800509
ppo_hybrid_regime_aware_policy_seed_11,2021-07-19,14011.603801645297,-0.014767921294730812,0.0,1.0,0.0,-0.015274109555496749,0.03264928928316667,0.027314471037524924,-0.9074211584990032,14221.627679905101
ppo_hybrid_regime_aware_policy_seed_11,2021-07-20,14212.39589425157,0.014330414665499891,0.0,1.0,0.0,0.014228704817839114,0.018786752471628372,0.049240950800894114,-0.0303619679642356,14011.603801645297
ppo_hybrid_regime_aware_policy_seed_11,2021-07-21,14327.463687966914,0.008096298088761111,0.0,1.0,0.0,0.008063698904327666,0.01084255753099735,0.03438647808118413,-0.6245408767526351,14212.39589425157
ppo_hybrid_regime_aware_policy_seed_11,2021-07-22,14357.467242888195,0.002094128840576248,0.0,1.0,0.0,0.00209193920915645,0.008771134402852349,0.02474806989878477,-1.0100772040486092,14327.463687966914
ppo_hybrid_regime_aware_policy_seed_11,2021-07-23,14417.623924775236,0.004189922976619576,0.54,0.46254350133269967,0.5374564986673003,0.0007791696912209017,0.0046179618037982114,0.02375447765055766,-1.0498208939776936,14349.714210577034
ppo_hybrid_regime_aware_policy_seed_11,2021-07-26,14445.249156264526,0.0019160738019958767,0.5374564986673003,1.0,0.0,0.001108055726075094,0.0027107363574332692,0.02135018880802197,-1.1459924476791212,14409.875079101525
ppo_hybrid_regime_aware_policy_seed_11,2021-07-27,14379.413929380835,-0.00455756949371422,0.0,1.0,0.0,-0.004675254077881235,0.007255951481819301,0.023600027142516872,-1.0559989142993251,14445.249156264526
ppo_hybrid_regime_aware_policy_seed_11,2021-07-28,14373.517416871735,-0.0004100662612578354,0.0,1.0,0.0,-0.00042369556725153744,0.00766304232218111,0.033273177604473236,-0.6690728958210704,14379.413929380835
ppo_hybrid_regime_aware_policy_seed_11,2021-07-29,14433.13026871404,0.00414740874577646,0.0,1.0,0.0,0.004138831952258488,0.0035474153451508757,0.02781015605566003,-0.8875937577735988,14373.517416871735
ppo_hybrid_regime_aware_policy_seed_11,2021-07-30,14363.036838187567,-0.004856426098946209,0.0,1.0,0.0,-0.004987892986513759,0.008386613683631047,0.024722303771882143,-1.0111078491247143,14433.13026871404
ppo_hybrid_regime_aware_policy_seed_11,2021-08-02,14332.902550577488,-0.0020980443028566498,0.0,1.0,0.0,-0.002158029985091384,0.010467062499428446,0.02777367249418481,-0.8890531002326078,14363.036838187567
ppo_hybrid_regime_aware_policy_seed_11,2021-08-03,14449.507359907311,0.008135463763766726,0.0,1.0,0.0,0.008102549274361074,0.002416753143338878,0.03440562147380892,-0.6237751410476433,14332.902550577488
ppo_hybrid_regime_aware_policy_seed_11,2021-08-04,14378.431343892375,-0.004918923133127029,0.0,1.0,0.0,-0.005063470154791109,0.00732378845352203,0.026983563705422,-0.92065745178312,14449.507359907311
ppo_hybrid_regime_aware_policy_seed_11,2021-08-05,14469.487930943827,0.006332859605726826,0.0,1.0,0.0,0.006312891310267438,0.001037309371853376,0.026768587138260358,-0.9292565144695858,14378.431343892375
ppo_hybrid_regime_aware_policy_seed_11,2021-08-06,14493.397844355877,0.0016524367362660275,0.0,1.0,0.0,0.001651072964839652,0.0,0.023273963616525353,-1.069041455338986,14469.487930943827
ppo_hybrid_regime_aware_policy_seed_11,2021-08-09,14481.606818494314,-0.0008135446213639597,0.0,1.0,0.0,-0.0008281249509514664,0.0008135446213639062,0.01751498589682827,-1.299400564126869,14493.397844355877
ppo_hybrid_regime_aware_policy_seed_11,2021-08-10,14499.621218975586,0.001243950392180615,0.0,1.0,0.0,0.0012431773269283135,0.0,0.020729783714703943,-1.1708086514118423,14481.606818494314
ppo_hybrid_regime_aware_policy_seed_11,2021-08-11,14535.651019516445,0.002484878742467167,0.0,1.0,0.0,0.002481796536168155,0.0,0.021287189165633505,-1.14851243337466,14499.621218975586
ppo_hybrid_regime_aware_policy_seed_11,2021-08-12,14579.213642276083,0.0029969502364324274,0.0,1.0,0.0,0.002992468333533074,0.0,0.01827830552880727,-1.2688677788477092,14535.651019516445
ppo_hybrid_regime_aware_policy_seed_11,2021-08-13,14605.745449621236,0.0018198380239258238,0.0,1.0,0.0,0.0018181841249573095,0.0,0.015502620345718688,-1.3798951861712525,14579.213642276083
ppo_hybrid_regime_aware_policy_seed_11,2021-08-16,14640.136941295776,0.002354655008411921,0.0,1.0,0.0,0.0023518871523535295,0.0,0.01504562491337948,-1.3981750034648208,14605.745449621236
ppo_hybrid_regime_aware_policy_seed_11,2021-08-17,14544.167426802005,-0.00655523338877162,0.0,1.0,0.0,-0.006699778617277868,0.006555233388771592,0.01875834460757831,-1.2496662156968676,14640.136941295776
ppo_hybrid_regime_aware_policy_seed_11,2021-08-18,14384.981580622687,-0.010944995440988259,0.0,1.0,0.0,-0.011311554435889734,0.017428481830205147,0.028162868743487834,-0.8734852502604865,14544.167426802005
ppo_hybrid_regime_aware_policy_seed_11,2021-08-19,14407.254184746736,0.0015483234371360677,0.0,1.0,0.0,0.0015471260202361639,0.015907143319960442,0.04715235846926156,-0.1139056612295378,14384.981580622687
ppo_hybrid_regime_aware_policy_seed_11,2021-08-20,14521.893823099632,0.00795707751684338,0.0,1.0,0.0,0.007925586914016684,0.008076640175585561,0.04768915402308202,-0.0924338390767193,14407.254184746736
ppo_hybrid_regime_aware_policy_seed_11,2021-08-23,14649.6359340698,0.008796518727259395,0.0,1.0,0.0,0.008758054757839811,0.0,0.03165692384998461,-0.7337230460006157,14521.893823099632
ppo_hybrid_regime_aware_policy_seed_11,2021-08-24,14672.891123682317,0.0015874244054374653,0.0,1.0,0.0,0.0015861657791226762,0.0,0.02451178990758987,-1.0195284036964052,14649.6359340698
ppo_hybrid_regime_aware_policy_seed_11,2021-08-25,14703.680135091934,0.0020983602447592897,0.0,1.0,0.0,0.0020961617618364863,0.0,0.02502918051683676,-0.9988327793265296,14672.891123682317
ppo_hybrid_regime_aware_policy_seed_11,2021-08-26,14616.881751683262,-0.005903174076911433,0.0,1.0,0.0,-0.006056320339755843,0.005903174076911394,0.022979782358250024,-1.080808705669999,14703.680135091934
ppo_hybrid_regime_aware_policy_seed_11,2021-08-27,14747.570619540504,0.008940954033659798,0.0,1.0,0.0,0.008901220366445443,0.0,0.033640519803701634,-0.6543792078519346,14616.881751683262
ppo_hybrid_regime_aware_policy_seed_11,2021-08-30,14812.42426051405,0.004397581313332788,0.0,1.0,0.0,0.0043879402073269185,0.0,0.021257541240342417,-1.1496983503863034,14747.570619540504
ppo_hybrid_regime_aware_policy_seed_11,2021-08-31,14790.478518500606,-0.0014815766566952382,0.0,1.0,0.0,-0.0015129714646680062,0.001481576656695251,0.02044861322597993,-1.1820554709608029,14812.42426051405
ppo_hybrid_regime_aware_policy_seed_11,2021-09-01,14798.339202408315,0.0005314692082394323,0.0,1.0,0.0,0.000531328028499354,0.0009508948608285394,0.02215854011475169,-1.1136583954099324,14790.478518500606
ppo_hybrid_regime_aware_policy_seed_11,2021-09-02,14843.867995723203,0.0030766150641741152,0.0,1.0,0.0,0.0030718919689984346,0.0,0.020506844994370235,-1.1797262002251907,14798.339202408315
ppo_hybrid_regime_aware_policy_seed_11,2021-09-03,14840.264515879955,-0.00024275881759971973,0.0,1.0,0.0,-0.00024819294696189773,0.00024275881759973757,0.02226349067047312,-1.1094603731810753,14843.867995723203
ppo_hybrid_regime_aware_policy_seed_11,2021-09-07,14787.202900346289,-0.003575516829695813,0.0,1.0,0.0,-0.0036618497968286517,0.0038174076590576783,0.022358987567693524,-1.105640497292259,14840.264515879955
ppo_hybrid_regime_aware_policy_seed_11,2021-09-08,14769.188499865018,-0.0012182425981892564,0.0,1.0,0.0,-0.0012571260758127158,0.005030999728622049,0.03142803734802457,-0.742878506079017,14787.202900346289
ppo_hybrid_regime_aware_policy_seed_11,2021-09-09,14705.97316775779,-0.004280217028024724,0.0,1.0,0.0,-0.004419879051221849,0.009289682985940339,0.03063756189113926,-0.7744975243544296,14769.188499865018
ppo_hybrid_regime_aware_policy_seed_11,2021-09-10,14590.023082227503,-0.007884557125706015,0.0,1.0,0.0,-0.00819056941874648,0.01710099507546405,0.03517524490584414,-0.5929902037662343,14705.97316775779
ppo_hybrid_regime_aware_policy_seed_11,2021-09-13,14627.362330367432,0.0025592316015876637,0.0,1.0,0.0,0.002555962345060828,0.014585528880892137,0.0466057717739663,-0.1357691290413482,14590.023082227503
ppo_hybrid_regime_aware_policy_seed_11,2021-09-14,14548.425630444786,-0.005396509510041225,0.0,1.0,0.0,-0.005615385856837841,0.019903327445618596,0.038411118366842904,-0.4635552653262839,14627.362330367432
ppo_hybrid_regime_aware_policy_seed_11,2021-09-15,14588.27450551855,0.002739050677096788,0.6,0.40199795789832393,0.5980020421016761,-0.0013646936864331312,0.017218792991038123,0.03900663998018449,-0.4397344007926204,14539.696575066519
ppo_hybrid_regime_aware_policy_seed_11,2021-09-16,14576.791138893954,-0.0007871641447555477,0.05800204210167609,0.45960594227645596,0.540394057723544,-0.003491530465263822,0.01799240311933517,0.03238489268056606,-0.7046042927773577,14587.428355806489
ppo_hybrid_regime_aware_policy_seed_11,2021-09-17,14490.263862501748,-0.005935961870327744,0.0003940577235440612,0.4567756537850048,0.5432243462149953,-0.00875154764480832,0.023821562770790967,0.03522065743506919,-0.5911737025972323,14576.785394796821
ppo_hybrid_regime_aware_policy_seed_11,2021-09-20,14379.075359743041,-0.007673324917598201,0.003224346214995233,0.455826118139772,0.544173881860228,-0.010648519402413913,0.03131209709720389,0.046560968685288334,-0.1375612525884669,14490.217140874309
ppo_hybrid_regime_aware_policy_seed_11,2021-09-21,14372.726066937872,-0.00044156474921508426,0.19917122140362692,0.256474635096998,0.743525364903002,-0.003315517087837947,0.03173983552811681,0.07257631892392194,0.9030527569568776,14376.211461740986
ppo_hybrid_regime_aware_policy_seed_11,2021-09-22,14418.258578512958,0.0031679801982607003,0.07611406138279936,0.33474700418230524,0.6652529958176947,0.0008364968093322415,0.028672406500305163,0.06552544140739051,0.6210176562956203,14371.632100383775
ppo_hybrid_regime_aware_policy_seed_11,2021-09-23,14487.386020161794,0.004794437641162386,0.06525299581769478,0.40290190139689985,0.5970980986031001,0.0014851014356883816,0.02401543692413049,0.04706395053265763,-0.1174419786936952,14417.317743946236
ppo_hybrid_regime_aware_policy_seed_11,2021-09-24,14496.889464499833,0.0006559806113273225,0.002901901396899831,0.40039507034914534,0.5996049296508547,-0.0025485873020037186,0.023375209973798054,0.03525920282040532,-0.5896318871837872,14487.343979196065
ppo_hybrid_regime_aware_policy_seed_11,2021-09-27,14480.293993407566,-0.0011447608214787408,0.00039507034914532113,0.39931259363344535,0.6006874063665546,-0.004380337161515583,0.024493211770704924,0.030704776546989457,-0.771808938120422,14496.883737208651
ppo_hybrid_regime_aware_policy_seed_11,2021-09-28,14363.562257710739,-0.00806142028262491,0.000687406366554677,0.39512425484334623,0.6048757451566538,-0.011580386832281768,0.032357181979174816,0.03627512485045963,-0.5489950059816147,14480.284039561286
ppo_hybrid_regime_aware_policy_seed_11,2021-09-29,14373.162525385442,0.0006683765142974085,0.004875745156653788,0.4004036815444089,0.599596318455591,-0.002539160367542554,0.0317104322453811,0.06054665794884598,0.421866317953839,14363.492224641628
ppo_hybrid_regime_aware_policy_seed_11,2021-09-30,14302.88725609481,-0.004889339361919487,0.0004036815444088959,0.3970522259239549,0.6029477740760452,-0.008371397835962805,0.03644472854273972,0.056916806795580144,0.2766722718232056,14373.156723204995
ppo_hybrid_regime_aware_policy_seed_11,2021-10-01,14370.836107418276,0.004750708728023634,0.0029477740760451288,0.40283870802626304,0.597161291973737,0.001535038063291192,0.031867158104694614,0.060144534788629356,0.405781391545174,14302.845094414542
ppo_hybrid_regime_aware_policy_seed_11,2021-10-04,14296.664781572383,-0.005161239422082464,0.002838708026263015,0.396888902452257,0.603111097547743,-0.008624730584757535,0.036863923494097374,0.049205411523656005,-0.03178353905376,14370.795312810473
ppo_hybrid_regime_aware_policy_seed_11,2021-10-05,14356.122731594405,0.0041588685844169415,0.0031110975477430247,0.4024868453461942,0.5975131546538057,0.0009455777471267108,0.03285836712299832,0.05944945896778714,0.3779783587114854,14296.62030325364
ppo_hybrid_regime_aware_policy_seed_11,2021-10-06,14379.952909652413,0.0016599313410412542,0.0024868453461941997,0.40099579795559664,0.5990042020444033,-0.0015451750903258806,0.03125297841536001,0.05054108966149027,0.0216435864596108,14356.087030137402
ppo_hybrid_regime_aware_policy_seed_11,2021-10-07,14429.6683765462,0.003457276056892722,0.0009957979555966223,0.402067814108701,0.5979321858912989,0.00024981972013498574,0.02790375253244921,0.04907586910978121,-0.0369652356087516,14379.938590124704
ppo_hybrid_regime_aware_policy_seed_11,2021-10-08,14419.111957769648,-0.0007315773655415247,0.002067814108700994,0.39956197381910086,0.6004380261808991,-0.003964227178665415,0.028614916144224366,0.04117246463227003,-0.3531014147091992,14429.638538674348
ppo_hybrid_regime_aware_policy_seed_11,2021-10-11,14377.349537136079,-0.0028963240424155767,0.0004380261808991648,0.398257421317726,0.601742578682274,-0.0062054124280332456,0.03142836211703968,0.037046698052725514,-0.5181320778909795,14419.105641821105
ppo_hybrid_regime_aware_policy_seed_11,2021-10-12,14363.168333192758,-0.000986357318968345,0.0017425786822740097,0.3994086478713283,0.6005913521286717,-0.0042314706246080955,0.03238371984101072,0.043975849118189976,-0.2409660352724011,14377.324483473267
ppo_hybrid_regime_aware_policy_seed_11,2021-10-13,14383.82908403525,0.0014384535753677596,0.0005913521286717294,0.4008621867408977,0.5991378132591023,-0.0017634670361138301,0.030991848743231885,0.04324764750611062,-0.2700940997555754,14363.15983950259
ppo_hybrid_regime_aware_policy_seed_11,2021-10-14,14480.594700998658,0.006727389236765191,0.0008621867408976636,0.40400997419685203,0.595990025803148,0.003503568053225723,0.024472953736129403,0.03665111312276417,-0.5339554750894331,14383.81668248853
ppo_hybrid_regime_aware_policy_seed_11,2021-10-15,14530.510550271505,0.003447085586160803,0.05599002580314799,0.4618851625139312,0.5381148374860688,0.0007651729659516158,0.021110228516043293,0.02690861450429365,-0.9236554198282542,14479.783932127704
ppo_hybrid_regime_aware_policy_seed_11,2021-10-18,14565.686194814298,0.002420812704487796,0.5381148374860688,1.0,0.0,0.0016107150015380908,0.01874051972094167,0.023982020010874662,-1.0407191995650136,14522.691466948156
ppo_hybrid_regime_aware_policy_seed_11,2021-10-19,14678.058553099476,0.007714868821297571,0.0,1.0,0.0,0.007685261401572473,0.011170231550934056,0.02423143678293065,-1.030742528682774,14565.686194814298
ppo_hybrid_regime_aware_policy_seed_11,2021-10-20,14735.709896825103,0.003927722696912994,0.0,1.0,0.0,0.003920029332475949,0.007286382426013409,0.020991904258402968,-1.1603238296638814,14678.058553099476
ppo_hybrid_regime_aware_policy_seed_11,2021-10-21,14774.14412597552,0.0026082373648450563,0.0,1.0,0.0,0.0026048418167514496,0.004697149676066434,0.01998647466421105,-1.200541013431558,14735.709896825103
ppo_hybrid_regime_aware_policy_seed_11,2021-10-22,14758.835442296175,-0.001036180745822679,0.0,1.0,0.0,-0.0010547500580305577,0.00572846332583449,0.017484599195970087,-1.3006160321611966,14774.14412597552
ppo_hybrid_regime_aware_policy_seed_11,2021-10-25,14837.984149954875,0.005362801690428354,0.0,1.0,0.0,0.005348473074299051,0.0003963822482134663,0.02006905040996213,-1.1972379836015148,14758.835442296175
ppo_hybrid_regime_aware_policy_seed_11,2021-10-26,14851.338618186288,0.0009000190387353779,0.0,1.0,0.0,0.0008996142644518357,0.0,0.01921058846646222,-1.2315764613415112,14837.984149954875
ppo_hybrid_regime_aware_policy_seed_11,2021-10-27,14785.544378759008,-0.004430189164679743,0.0,1.0,0.0,-0.0045440074923174,0.004430189164679798,0.023469869110294556,-1.0612052355882178,14851.338618186288
ppo_hybrid_regime_aware_policy_seed_11,2021-10-28,14928.20807049295,0.00964886297584644,0.0,1.0,0.0,0.009602609985319628,0.0,0.029275988970355705,-0.8289604411857717,14785.544378759008
ppo_hybrid_regime_aware_policy_seed_11,2021-10-29,14958.49940394171,0.0020291339259019825,0.0,1.0,0.0,0.002027078014334198,0.0,0.026192933955969278,-0.952282641761229,14928.20807049295
ppo_hybrid_regime_aware_policy_seed_11,2021-11-01,14984.231232680575,0.0017202145779464662,0.0,1.0,0.0,0.00171873670344748,0.0,0.024189219331822245,-1.0324312267271103,14958.49940394171
ppo_hybrid_regime_aware_policy_seed_11,2021-11-02,15044.8138995781,0.004043094767878008,0.0,1.0,0.0,0.004034943423944309,0.0,0.024700154412476125,-1.0119938235009551,14984.231232680575
ppo_hybrid_regime_aware_policy_seed_11,2021-11-03,15136.666001654172,0.006105233516956243,0.0,1.0,0.0,0.0060866720883999866,0.0,0.02168188828494096,-1.1327244686023616,15044.8138995781
ppo_hybrid_regime_aware_policy_seed_11,2021-11-04,15207.997847521143,0.004712520303954415,0.0,1.0,0.0,0.004701451142290312,0.0,0.014742170879711736,-1.4103131648115306,15136.666001654172
ppo_hybrid_regime_aware_policy_seed_11,2021-11-05,15260.763652626942,0.0034696089278050124,0.0,1.0,0.0,0.0034636037212191872,0.0,0.017180195207570977,-1.312792191697161,15207.997847521143
ppo_hybrid_regime_aware_policy_seed_11,2021-11-08,15273.79208694843,0.0008537209944434743,0.0,1.0,0.0,0.0008533567819511243,0.0,0.024744294317920384,-1.0102282272831846,15260.763652626942
ppo_hybrid_regime_aware_policy_seed_11,2021-11-09,15223.306531200491,-0.003305371414023539,0.0,1.0,0.0,-0.0034107930407527884,0.0033053714140235625,0.030237696950565968,-0.7904921219773613,15273.79208694843
ppo_hybrid_regime_aware_policy_seed_11,2021-11-10,15100.837061765724,-0.008044866546158214,0.0,1.0,0.0,-0.008353502731372775,0.011323646688270508,0.034434043318296595,-0.6226382672681363,15223.306531200491
ppo_hybrid_regime_aware_policy_seed_11,2021-11-11,15105.722600385552,0.0003235276693500655,0.0,1.0,0.0,0.00032347534555880655,0.011003782531942027,0.04146865851983901,-0.3412536592064396,15100.837061765724
ppo_hybrid_regime_aware_policy_seed_11,2021-11-12,15219.723140208733,0.007546844519723317,0.0,1.0,0.0,0.0075185095590189445,0.0035399818481161097,0.03382313539538447,-0.6470745841846213,15105.722600385552
ppo_hybrid_regime_aware_policy_seed_11,2021-11-15,15224.934712738492,0.00034242229518555156,0.0,1.0,0.0,0.00034236368205134573,0.0031987717216399006,0.0240195002653657,-1.039219989385372,15219.723140208733
ppo_hybrid_regime_aware_policy_seed_11,2021-11-16,15285.192339731906,0.003957824984497149,0.0,1.0,0.0,0.003950013399666602,0.0,0.02567580970358937,-0.9729676118564252,15224.934712738492
ppo_hybrid_regime_aware_policy_seed_11,2021-11-17,15248.061252215382,-0.002429219514628267,0.0,1.0,0.0,-0.0024928934203971814,0.0024292195146282916,0.024995091877716737,-1.0001963248913306,15285.192339731906
ppo_hybrid_regime_aware_policy_seed_11,2021-11-18,15299.849949597214,0.0033964119454403807,0.0,1.0,0.0,0.0033906571651105342,0.0,0.030559546721306865,-0.7776181311477254,15248.061252215382
ppo_hybrid_regime_aware_policy_seed_11,2021-11-19,15272.48993932035,-0.0017882535035962377,0.0,1.0,0.0,-0.0018510425479299534,0.0017882535035961926,0.03421674285256696,-0.6313302858973215,15299.849949597214
ppo_hybrid_regime_aware_policy_seed_11,2021-11-22,15229.495211454212,-0.0028151747381705006,0.0,1.0,0.0,-0.0029222572987331005,0.004598393995677966,0.03669300654648313,-0.532279738140675,15272.48993932035
ppo_hybrid_regime_aware_policy_seed_11,2021-11-23,15249.689433753385,0.0013259941986774049,0.0,1.0,0.0,0.0013251158447456824,0.0032784972407621095,0.04605425755811848,-0.1578296976752609,15229.495211454212
ppo_hybrid_regime_aware_policy_seed_11,2021-11-24,15290.403912261663,0.00266985624101701,0.0,1.0,0.0,0.0026662985058638765,0.0006173941160644637,0.04769062087890072,-0.0923751648439715,15249.689433753385
ppo_hybrid_regime_aware_policy_seed_11,2021-11-26,14949.379400516083,-0.022303172218498757,0.0,1.0,0.0,-0.02348924919716727,0.02290679648726599,0.04188538272042879,-0.3245846911828484,15290.403912261663
ppo_hybrid_regime_aware_policy_seed_11,2021-11-29,15027.159204252917,0.005202878437492009,0.5322140693664551,0.47082242902281807,0.529177570977182,0.0043703142008948625,0.0178230993272895,0.11477928491319339,2.591171396527735,14941.423130470832
ppo_hybrid_regime_aware_policy_seed_11,2021-11-30,14892.497390079248,-0.008961228955074785,0.010822429022818048,0.45512307725461437,0.5448769227453856,-0.01225701151288151,0.02662461140860335,0.07352777559511954,0.9411110238047814,15026.996573889015
ppo_hybrid_regime_aware_policy_seed_11,2021-12-01,14940.389866372347,0.0032158794484666853,0.818656686168036,-0.35805001786522744,1.3580500178652275,-0.0018273236726513058,0.023494353500789086,0.10355579001749345,2.142231600699738,14880.30554751712
ppo_hybrid_regime_aware_policy_seed_11,2021-12-02,14786.67354321705,-0.010288642032111883,0.2946492190045846,-0.6693880059361975,1.6693880059361974,-0.012473724727655273,0.033541270539955446,0.125,3.194849203268089,14935.987692166596
ppo_hybrid_regime_aware_policy_seed_11,2021-12-03,14855.237728249398,0.004636890429206675,0.1223629881978553,-0.5396963160227043,1.5396963160227042,0.0031627018545461105,0.029059907307098825,0.10676676545180142,2.270670618072056,14784.864201656796
ppo_hybrid_regime_aware_policy_seed_11,2021-12-06,14746.318224403536,-0.007332060640048543,0.07325213025109945,-0.6247430086278837,1.6247430086278838,-0.009052700938551086,0.036178898944577556,0.12417274824368381,2.966909929747352,14854.149550440417
ppo_hybrid_regime_aware_policy_seed_11,2021-12-07,14598.588452860538,-0.010018078363351779,0.1474823703014772,-0.4919896375320177,1.4919896375320176,-0.013335547493563752,0.04583453426320281,0.09968407065536951,1.98736282621478,14744.143402438582
ppo_hybrid_regime_aware_policy_seed_11,2021-12-08,14601.015506043483,0.00016625259289826388,0.8919896375320178,0.40063483979449627,0.5993651602055037,-0.004371745681830541,0.045675901780469985,0.06367988759948047,0.5471955039792189,14585.566663237993
ppo_hybrid_regime_aware_policy_seed_11,2021-12-09,14554.804911009007,-0.003164889114414593,0.05936516020550375,0.4583176927488208,0.5416823072511792,-0.006002480833356408,0.0486962317305485,0.05016840125971789,0.0067360503887155,14600.148714418803
ppo_hybrid_regime_aware_policy_seed_11,2021-12-10,14617.805657389545,0.004328518778900614,0.001682307251179238,0.46232823079580077,0.5376717692041992,0.0017246542263074439,0.04457849550515524,0.06161740193747794,0.4646960774991172,14554.780425355166
ppo_hybrid_regime_aware_policy_seed_11,2021-12-13,14480.525957170448,-0.00939126592846029,0.5376717692041992,1.0,0.0,-0.010619460256134016,0.053551112927635945,0.04205135119118377,-0.3179459523526494,14609.946075959853
ppo_hybrid_regime_aware_policy_seed_11,2021-12-14,14426.902961730779,-0.00370311103327825,0.54,0.45828557132227765,0.5417144286777223,-0.007298332091589239,0.0570559182437875,0.053169163970141556,0.1267665588056623,14472.706473153576
ppo_hybrid_regime_aware_policy_seed_11,2021-12-15,14530.571715590226,0.007185794077525953,0.0017144286777223683,0.4638535636782932,0.5361464363217068,0.004565527634513373,0.05028011624566554,0.06406412281293512,0.5625649125174047,14426.87822783461
ppo_hybrid_regime_aware_policy_seed_11,2021-12-16,14394.711816383544,-0.009349934872893817,0.5361464363217068,1.0,0.0,-0.010609898000947866,0.05915993530626087,0.0463701392535289,-0.1451944298588444,14522.781201347196
ppo_hybrid_regime_aware_policy_seed_11,2021-12-17,14293.58140341389,-0.007025525363734686,0.54,0.45647303753935914,0.5435269624606409,-0.010817161534318458,0.06576983104398455,0.055196175643787676,0.2078470257515069,14386.938672002696
ppo_hybrid_regime_aware_policy_seed_11,2021-12-20,14223.616091470862,-0.004894876236288592,0.003526962460640881,0.45734567881845795,0.542654321181542,-0.007788008207053551,0.07034277209723126,0.06206561150954829,0.4826244603819318,14293.53099048885
ppo_hybrid_regime_aware_policy_seed_11,2021-12-21,14307.819944368115,0.005920003208448987,0.11734567881845792,0.343961199949188,0.6560388000508119,0.0018545303239529643,0.06483919832528913,0.07092681431571167,0.8370725726284668,14221.947011585355
ppo_hybrid_regime_aware_policy_seed_11,2021-12-22,14371.959559414836,0.004482836329790851,0.11603880005081202,0.4624723096107729,0.5375276903892271,0.0017067601470946545,0.06064702550934531,0.05832848077346368,0.3331392309385471,14306.159682110427
ppo_hybrid_regime_aware_policy_seed_11,2021-12-23,14406.828856509697,0.0024262033963224905,0.06247230961077288,0.40148959137191437,0.5985104086280857,-0.0008704435476142213,0.05836796413229048,0.04208480968805267,-0.3166076124778934,14371.061709907526
ppo_hybrid_regime_aware_policy_seed_11,2021-12-27,14601.971848268031,0.013545173174605907,0.5985104086280857,1.0,0.0,0.012556491763594836,0.045613395139705616,0.03759138506499545,-0.4963445974001821,14398.206219483753
ppo_hybrid_regime_aware_policy_seed_11,2021-12-28,14590.039185148627,-0.0008171953242616103,0.0,1.0,0.0,-0.0008454231301253582,0.04639331541073531,0.03576483491889013,-0.5694066032443946,14601.971848268031
ppo_hybrid_regime_aware_policy_seed_11,2021-12-29,14608.702878661441,0.0012792079086265673,0.0,1.0,0.0,0.0012783904192747832,0.04517345419808957,0.0349139260362369,-0.6034429585505241,14590.039185148627
ppo_hybrid_regime_aware_policy_seed_11,2021-12-30,14568.31669630098,-0.0027645289726202504,0.0,1.0,0.0,-0.002850176458968452,0.04781309984778585,0.030996250861952113,-0.7601499655219154,14608.702878661441
ppo_hybrid_regime_aware_policy_seed_11,2021-12-31,14531.601815300888,-0.0025201869073463445,0.0,1.0,0.0,-0.0026043857611339344,0.05021278880689615,0.03376180768250954,-0.6495276926996184,14568.31669630098
ppo_hybrid_regime_aware_policy_seed_11,2022-01-03,14615.73922836941,0.005789961364061735,0.0,1.0,0.0,0.0057732639583171685,0.04471355755000812,0.033143928349054295,-0.6742428660378282,14531.601815300888
ppo_hybrid_regime_aware_policy_seed_11,2022-01-04,14610.843848656184,-0.00033493890638958135,0.0,1.0,0.0,-0.00034427278819550654,0.045033520146331114,0.028996443174779875,-0.8401422730088052,14615.73922836941
ppo_hybrid_regime_aware_policy_seed_11,2022-01-05,14330.284343222329,-0.01920214248677088,0.0,1.0,0.0,-0.019963127331072174,0.06337092256257125,0.03131463702859665,-0.7474145188561339,14610.843848656184
ppo_hybrid_regime_aware_policy_seed_11,2022-01-06,14316.82228243551,-0.0009394133755054046,0.0,1.0,0.0,-0.0009848963540704594,0.06425080444580324,0.051190340590269834,0.0476136236107935,14330.284343222329
ppo_hybrid_regime_aware_policy_seed_11,2022-01-07,14283.068467452958,-0.0023576331616522728,0.54,0.4590161585554925,0.5409838414445075,-0.0058736612399035455,0.06645695778023125,0.050424638879177835,0.0169855551671133,14309.091198402995
ppo_hybrid_regime_aware_policy_seed_11,2022-01-10,14274.878675031618,-0.0005733916658037241,0.0009838414445075272,0.4596907224376694,0.5403092775623306,-0.0031908626837657073,0.06699224358030907,0.04451977602243916,-0.2192089591024337,14283.054415178245
ppo_hybrid_regime_aware_policy_seed_11,2022-01-11,14326.031264872276,0.003583399271205767,0.059690722437669375,0.4021780491763547,0.5978219508236453,0.00028745810912255717,0.0636489042659255,0.04915281293436202,-0.0338874826255193,14274.026597210795
ppo_hybrid_regime_aware_policy_seed_11,2022-01-12,14343.01815037842,0.0011857356159621357,0.05782195082364533,0.46067072578261525,0.5393292742173847,-0.0014936997395400451,0.0625386394226685,0.04228274528764381,-0.3086901884942477,14325.20290579698
ppo_hybrid_regime_aware_policy_seed_11,2022-01-13,14252.100385623477,-0.00633881682374815,0.0006707257826152335,0.45655556748029447,0.5434444325197055,-0.009170752968363477,0.06848103526670994,0.03681250079775986,-0.5274999680896054,14343.008530146346
ppo_hybrid_regime_aware_policy_seed_11,2022-01-14,14253.62598044362,0.00010704350789447759,0.056555567480294444,0.4000981489390181,0.5999018510609819,-0.0031777955720734426,0.06838132220905456,0.05595746336002873,0.2382985344011492,14251.294349998381
ppo_hybrid_regime_aware_policy_seed_11,2022-01-18,14152.654116159516,-0.007083942319143222,9.814893901805011e-05,0.3957193697601691,0.6042806302398309,-0.010627046936415988,0.07498085518596206,0.04814691378980508,-0.0741234484077969,14253.624581465352
ppo_hybrid_regime_aware_policy_seed_11,2022-01-19,14108.528255746845,-0.0031178505494801056,0.10558962236942199,0.28798474516913874,0.7120152548308613,-0.006538027493109154,0.07786492663490019,0.0738183832426169,0.952735329704676,14151.159742755866
ppo_hybrid_regime_aware_policy_seed_11,2022-01-20,14084.016974227248,-0.0017373379473236694,0.14400651660010796,0.1426119284501823,0.8573880715498177,-0.003275509543627382,0.07946698689041547,0.08123500900094399,1.2494003600377594,14106.49653573838
ppo_hybrid_regime_aware_policy_seed_11,2022-01-21,14089.933709738216,0.0004201028386854322,0.17282115446241222,-0.029598646750246253,1.0295986467502463,6.33678458243989e-05,0.07908026835850442,0.09325131649953358,1.7300526599813428,14081.582958154295
ppo_hybrid_regime_aware_policy_seed_11,2022-01-24,14044.27857016635,-0.003240266456350338,0.5939200395443094,-0.6278290458661835,1.6278290458661835,-0.005103288340213482,0.08206429367393354,0.11526970291911541,2.610788116764616,14081.565415752151
ppo_hybrid_regime_aware_policy_seed_11,2022-01-25,14160.847072755822,0.00830007052388515,0.05668633976156312,-0.6705541791156323,1.6705541791156322,0.007914050927608968,0.07444536257503478,0.12138030302081014,2.8552121208324053,14043.482451419615
ppo_hybrid_regime_aware_policy_seed_11,2022-01-26,14185.455279003363,0.0017377637171780425,0.03681467636074709,-0.7043442516424514,1.7043442516424514,0.0015094229595228944,0.07283696730785182,0.125,3.13579207924774,14160.325745753844
ppo_hybrid_regime_aware_policy_seed_11,2022-01-27,14235.835238139754,0.003551522185612388,0.01868038367249003,-0.7168948583737984,1.7168948583737984,0.00339870571230693,0.06954412722756609,0.125,3.437309074752985,14185.190289256183
ppo_hybrid_regime_aware_policy_seed_11,2022-01-28,13986.416125649515,-0.017520511323565358,0.011900699628986433,-0.73537858832895,1.7353785883289499,-0.019911943200616847,0.08584618988255345,0.125,3.027389362861251,14235.665821740618
ppo_hybrid_regime_aware_policy_seed_11,2022-01-31,13835.137411616975,-0.010816117057686592,0.1426902257305308,-0.6098736837479483,1.6098736837479484,-0.013009616314219898,0.09573378450151392,0.10730437750863045,2.2921751003452178,13984.420400775385
ppo_hybrid_regime_aware_policy_seed_11,2022-02-01,13827.001123796323,-0.0005880886888641745,0.613660548028649,0.0038123542930930637,0.996187645706907,-0.00177101476160619,0.09626557323457055,0.08805751582226365,1.5223006328905455,13826.64733361091
ppo_hybrid_regime_aware_policy_seed_11,2022-02-02,13875.228404132737,0.0034879060111896454,0.39618764570690695,0.40232235603456484,0.5976776439654352,-0.00031244409441235656,0.09311343249493645,0.06776311741364714,0.7105246965458858,13821.523036773899
ppo_hybrid_regime_aware_policy_seed_11,2022-02-03,13744.741730750098,-0.009404290119200742,0.002322356034564821,0.39430526439633135,0.6056947356036686,-0.01323848097987788,0.10164205688096016,0.06873415370661777,0.7493661482647109,13875.19618091232
ppo_hybrid_regime_aware_policy_seed_11,2022-02-04,13758.466292989127,0.0009985318391485531,0.1500122756191707,0.24516008579341092,0.7548399142065891,-0.0015977380180003105,0.1007450178718037,0.08478072182790546,1.391228873116218,13742.679850765271
ppo_hybrid_regime_aware_policy_seed_11,2022-02-07,13744.083090210182,-0.0010454074220667131,0.061455066565597904,0.30593218072128453,0.6940678192787155,-0.004516840922433569,0.10168510570445095,0.07657416252825118,1.062966501130047,13757.620765527252
ppo_hybrid_regime_aware_policy_seed_11,2022-02-08,13781.815574235088,0.002745362042505528,0.03158371226119838,0.3393505386445036,0.6606494613554964,-0.0011341782813979603,0.09921890609143455,0.07392456636115871,0.9569826544463482,13743.649001044567
ppo_hybrid_regime_aware_policy_seed_11,2022-02-09,13872.92918912115,0.006611147449716137,0.12064946135549642,0.46361129552478,0.53638870447522,0.003816415465716149,0.09326370945968843,0.0638011864750774,0.552047459003096,13780.152805609556
ppo_hybrid_regime_aware_policy_seed_11,2022-02-10,13758.23089031791,-0.008267778004171222,0.003611295524779956,0.4555001461849368,0.5444998538150632,-0.011299151424721357,0.10076040381820146,0.05330200501310849,0.1320802005243396,13872.879089874054
ppo_hybrid_regime_aware_policy_seed_11,2022-02-11,13638.469861859263,-0.008704682267174801,0.014801727567688217,0.4357954761329188,0.5642045238670812,-0.011723308401513182,0.10858799878502655,0.0813542664182241,1.2541706567289637,13758.027244732457
ppo_hybrid_regime_aware_policy_seed_11,2022-02-14,13627.90900430315,-0.0007743432850665366,0.28654883950381416,0.14883132226802173,0.8511686777319782,-0.0013255715548350455,0.10927825768239507,0.10517854646296634,2.207141858518654,13634.56177414774
ppo_hybrid_regime_aware_policy_seed_11,2022-02-15,13636.57458957301,0.0006358704968696394,0.10300986953116718,0.04652602851251958,0.9534739714874805,0.0004224473129175253,0.10871187400553499,0.11112363745179597,2.4449454980718386,13626.505195174634
ppo_hybrid_regime_aware_policy_seed_11,2022-02-16,13637.563055195156,7.24863576004875e-05,0.16866975605626705,0.21538503118556349,0.7846149688144365,-0.0004459222791413507,0.10864726777570907,0.09244618097782116,1.697847239112846,13634.274511863545
ppo_hybrid_regime_aware_policy_seed_11,2022-02-17,13568.843570415967,-0.005038985667825013,0.01959423116642625,0.23111987642218615,0.7688801235778139,-0.007696098498912458,0.11313878141836398,0.08254697428909519,1.3018789715638073,13637.295837632106
ppo_hybrid_regime_aware_policy_seed_11,2022-02-18,13599.612933714177,0.002267648170496628,0.6878830503599836,-0.452467406185714,1.452467406185714,-0.0011229740141382018,0.11112769219856283,0.10824023406256514,2.329609362502605,13559.509792910892
ppo_hybrid_regime_aware_policy_seed_11,2022-02-22,13678.076612672126,0.0057695523644965,0.09395966371670605,-0.5374115914523016,1.5374115914523014,0.004326048126809252,0.10599929687335151,0.10523393817059917,2.209357526823967,13598.335118656249
ppo_hybrid_regime_aware_policy_seed_11,2022-02-23,13822.770506148245,0.010578526321607606,0.06250390585070742,-0.5830689596765383,1.5830689596765382,0.009628533181876944,0.0965420869037905,0.11164138635183299,2.465655454073319,13677.22167945931
ppo_hybrid_regime_aware_policy_seed_11,2022-02-24,13682.128600745273,-0.010174653868442296,0.08728584054776589,-0.6873774837440523,1.6873774837440523,-0.01184210256834296,0.1057344584542497,0.12491300844326941,2.996520337730776,13821.563974005916
ppo_hybrid_regime_aware_policy_seed_11,2022-02-25,13488.114904285401,-0.014180081339777995,0.04678864707413044,-0.6641092806964036,1.6641092806964037,-0.016381337328630133,0.1184152165727291,0.11997205753633298,2.798882301453319,13681.48843245895
ppo_hybrid_regime_aware_policy_seed_11,2022-02-28,13477.857777529971,-0.0007604566559683557,0.6911978161244507,0.027021101428105966,0.972978898571894,-0.001972274001722088,0.11908562358908682,0.10204203229026881,2.081681291610752,13478.791948719923
ppo_hybrid_regime_aware_policy_seed_11,2022-03-01,13576.16536477859,0.007294006871961134,0.5417881718407418,-0.5029836147166046,1.5029836147166047,0.004827695513354517,0.11266022807393625,0.11784866077294867,2.713946430917946,13470.555633604354
ppo_hybrid_regime_aware_policy_seed_11,2022-03-02,13408.30192531336,-0.012364569446150608,0.1605228502415863,-0.6840621374086625,1.6840621374086626,-0.01442648750226518,0.12363180230624747,0.125,3.4535025933692824,13573.986080018884
ppo_hybrid_regime_aware_policy_seed_11,2022-03-03,13446.448471751537,0.0028449945899682305,0.09372197131674354,-0.5856798656373291,1.5856798656373292,0.0018212273762462806,0.12113853952498858,0.11916490788294616,2.7665963153178468,13407.045272824911
ppo_hybrid_regime_aware_policy_seed_11,2022-03-04,13509.81024385775,0.004712156688758684,0.005068226614502014,-0.5731905079501223,1.5731905079501223,0.0037308618339690893,0.11699720661551904,0.11716202144057282,2.686480857622913,13446.380322103521
ppo_hybrid_regime_aware_policy_seed_11,2022-03-07,13757.818572693857,0.018357647099363605,0.051314718661968794,-0.5951388691491056,1.5951388691491055,0.017498239321353387,0.1007873529468145,0.125,3.0092530983827364,13509.11699174591
ppo_hybrid_regime_aware_policy_seed_11,2022-03-08,13830.577973748343,0.005288585590080164,0.11806358827887287,-0.7039885015633761,1.703988501563376,0.004946878481940771,0.09603178989919123,0.125,3.9873711217771888,13756.194275266274
ppo_hybrid_regime_aware_policy_seed_11,2022-03-09,13571.024857238186,-0.018766613875632054,0.004177181258505525,-0.7323138856890018,1.7323138856890017,-0.021272515364099173,0.11299621225399932,0.125,3.5725370966346115,13830.520200917237
ppo_hybrid_regime_aware_policy_seed_11,2022-03-10,13607.754160784756,0.0027064502447640137,0.1087915992739017,-0.6189640152737026,1.6189640152737026,0.0019167193362966354,0.1105955806355476,0.12219494939250392,2.887797975700156,13569.548443740181
ppo_hybrid_regime_aware_policy_seed_11,2022-03-11,13704.41876256355,0.0071036411032001645,0.05586000087703513,-0.5519919059103935,1.5519919059103935,0.0058723449378326265,0.10427757084478242,0.10856810877436894,2.3427243509747577,13606.9940316254
ppo_hybrid_regime_aware_policy_seed_11,2022-03-14,13762.06452273915,0.004206363011401315,0.027320018070319363,-0.5726536251119936,1.5726536251119936,0.003182496431873309,0.1005098371503014,0.11059054604763655,2.423621841905461,13704.044357595312
ppo_hybrid_regime_aware_policy_seed_11,2022-03-15,13578.702242798565,-0.013323748020336312,0.031807382006231455,-0.6260753922018241,1.626075392201824,-0.015606131122711454,0.11249441742688203,0.11518171917788972,2.6072687671155883,13761.626787495681
ppo_hybrid_regime_aware_policy_seed_11,2022-03-16,13421.63253446277,-0.011567357876125284,0.10928931577531809,-0.5343689021188418,1.5343689021188418,-0.014467144385435796,0.1227605121175643,0.10366431609121625,2.1465726436486494,13577.218235721333
ppo_hybrid_regime_aware_policy_seed_11,2022-03-17,13427.301670773983,0.0004223879842228939,0.6175419649202029,0.08412609604174585,0.9158739039582542,-0.0011750615625709608,0.12238997669859684,0.08593122394688997,1.4372489578755987,13413.344113135001
ppo_hybrid_regime_aware_policy_seed_11,2022-03-18,13457.167653615246,0.0022242728713148807,0.22967613670056375,0.3154823899444896,0.6845176100555104,-0.0015473571230827327,0.1204379325321735,0.0802678450673541,1.2107138026941635,13424.217739999925
ppo_hybrid_regime_aware_policy_seed_11,2022-03-21,13449.239851187675,-0.0005891137445583894,0.38451761005551033,0.6999385849792162,0.30006141502078376,-0.0020025013360671015,0.12095609463531103,0.07032081373965664,0.8128325495862658,13451.993135670962
ppo_hybrid_regime_aware_policy_seed_11,2022-03-22,13602.531856530662,0.011397819284890698,0.30006141502078376,1.0,0.0,0.010883261403721582,0.1109369110584797,0.06834328626713178,0.7337314506852712,13445.204253246973
ppo_hybrid_regime_aware_policy_seed_11,2022-03-23,13427.352745955674,-0.01287841943122403,0.0,1.0,0.0,-0.01370688083850405,0.12238663841868827,0.0650509496044863,0.6020379841794518,13602.531856530662
ppo_hybrid_regime_aware_policy_seed_11,2022-03-24,13629.761545241108,0.015074363734608909,0.0,1.0,0.0,0.014961874573180461,0.10915717538785878,0.0684217792577869,0.7368711703114761,13427.352745955674
ppo_hybrid_regime_aware_policy_seed_11,2022-03-25,13696.32382726397,0.004883598425542646,0.0,1.0,0.0,0.004871712340953125,0.10480665677217693,0.05801456708614316,0.320582683445726,13629.761545241108
ppo_hybrid_regime_aware_policy_seed_11,2022-03-28,13793.74630004907,0.007113038068738531,0.0,1.0,0.0,0.007087859739227152,0.09843911244291607,0.05328198327579328,0.1312793310317312,13696.32382726397
ppo_hybrid_regime_aware_policy_seed_11,2022-03-29,13964.386359737331,0.012370827763278136,0.0,1.0,0.0,0.01229493434210343,0.08728605798483928,0.04686890641288591,-0.1252437434845637,13793.74630004907
ppo_hybrid_regime_aware_policy_seed_11,2022-03-30,13878.159166041247,-0.006174792896356585,0.0,1.0,0.0,-0.006435728852793716,0.09292187755040006,0.042902913602221725,-0.2838834559111311,13964.386359737331
ppo_hybrid_regime_aware_policy_seed_11,2022-03-31,13664.55601098878,-0.015391317572948537,0.0,1.0,0.0,-0.016142733142580235,0.10688300499649576,0.04524990376752655,-0.1900038492989381,13878.159166041247
ppo_hybrid_regime_aware_policy_seed_11,2022-04-01,13703.2829050779,0.0028341128726010467,0.0,1.0,0.0,0.0028301043466709796,0.1043518106242176,0.051890366473201936,0.0756146589280775,13664.55601098878
ppo_hybrid_regime_aware_policy_seed_11,2022-04-04,13820.673139147873,0.008566577431344813,0.0,1.0,0.0,0.008530092526005388,0.09667917105868619,0.04677507918646688,-0.1289968325413248,13703.2829050779
ppo_hybrid_regime_aware_policy_seed_11,2022-04-05,13646.099727796172,-0.01263132479829887,0.0,1.0,0.0,-0.013179308980919518,0.10808930984611247,0.04097503121375962,-0.3609987514496152,13820.673139147873
ppo_hybrid_regime_aware_policy_seed_11,2022-04-06,13509.647511310304,-0.00999935653466788,0.0,1.0,0.0,-0.0105342424768306,0.11700784283404286,0.054331422976809124,0.1732569190723647,13646.099727796172
ppo_hybrid_regime_aware_policy_seed_11,2022-04-07,13577.722194747415,0.005038968143330047,0.0,1.0,0.0,0.005026315031306617,0.1125584734832733,0.060076093567539894,0.4030437427015956,13509.647511310304
ppo_hybrid_regime_aware_policy_seed_11,2022-04-08,13541.416250907483,-0.002673934796955657,0.0,1.0,0.0,-0.0028127018592744696,0.11493143426128982,0.056969215126145833,0.2787686050458334,13577.722194747415
ppo_hybrid_regime_aware_policy_seed_11,2022-04-11,13309.9625118857,-0.017092284494708787,0.0,1.0,0.0,-0.018068231386659625,0.13005927798421968,0.05474591734543344,0.1898366938173375,13541.416250907483
ppo_hybrid_regime_aware_policy_seed_11,2022-04-12,13280.101804322183,-0.0022434854746473665,0.54,0.45907804946104785,0.5409219505389522,-0.005788856344053787,0.13201097735786638,0.07216812560144752,0.8867250240579007,13302.775132129282
ppo_hybrid_regime_aware_policy_seed_11,2022-04-13,13350.057652860558,0.005267719296820905,0.0009219505389521654,0.46283015779673553,0.5371698422032645,0.0026605104704385454,0.12743865483386563,0.07139872547575192,0.8559490190300765,13280.089560725168
ppo_hybrid_regime_aware_policy_seed_11,2022-04-14,13273.553507559667,-0.005730622840006805,0.0028301577967355107,0.4568891649290977,0.5431108350709023,-0.008633006842758936,0.13243897480778177,0.05792744191389995,0.317097676555998,13350.019870090804
ppo_hybrid_regime_aware_policy_seed_11,2022-04-18,13274.98117377721,0.00010755719760568994,0.05688916492909768,0.4000986572062282,0.5999013427937718,-0.003177782333648609,0.1323456623751601,0.06262759910613043,0.5051039642452173,13272.79838618498
ppo_hybrid_regime_aware_policy_seed_11,2022-04-19,13360.697337544832,0.006456970646176341,9.865720622820318e-05,0.4038493862082769,0.5961506137917232,0.003236065728756289,0.126743243786089,0.05961733999339937,0.3846935997359747,13274.979864104655
ppo_hybrid_regime_aware_policy_seed_11,2022-04-20,13355.38990669884,-0.0003972420534577026,0.05615061379172315,0.45981573742573706,0.540184262574263,-0.0030926831325107694,0.1270901380931232,0.055164459178494135,0.2065783671397651,13359.947126188645
ppo_hybrid_regime_aware_policy_seed_11,2022-04-21,13274.711616584602,-0.006040878677287531,0.05981573742573704,0.39638955195748743,0.6036104480425126,-0.009609058899902824,0.13236328066511044,0.04933238369899727,-0.0267046520401094,13354.591044202962
ppo_hybrid_regime_aware_policy_seed_11,2022-04-22,13128.965553886826,-0.01097922628433523,0.003610448042512593,0.3933415256010903,0.6066584743989096,-0.014838093346052362,0.1418892605392864,0.06222298072321935,0.4889192289287737,13274.66368892803
ppo_hybrid_regime_aware_policy_seed_11,2022-04-25,13131.446708526442,0.00018898325457805676,0.30765256266468893,0.08614295674827935,0.9138570432517207,-0.0009621212636326511,0.1417270919789548,0.09219231878466193,1.6876927513864766,13124.926393989037
ppo_hybrid_regime_aware_policy_seed_11,2022-04-26,13094.730801027537,-0.0027960291286919237,0.010055997833935015,0.093673929109266,0.906326070890734,-0.0037897582025456346,0.14412684803014872,0.08536213104413873,1.414485241765549,13131.314658726786
ppo_hybrid_regime_aware_policy_seed_11,2022-04-27,13063.34638566933,-0.002396720928065532,0.6981767906090524,-0.6072347279502135,1.6072347279502135,-0.004456254060935926,0.14617813712524427,0.11944127782881012,2.7776511131524044,13085.588363902987
ppo_hybrid_regime_aware_policy_seed_11,2022-04-28,12856.393125631721,-0.01584228527114917,0.019199817566754263,-0.6525840258423482,1.6525840258423483,-0.018064462862724413,0.1597046266476502,0.10823563770305003,2.329425508122001,13063.095571801914
ppo_hybrid_regime_aware_policy_seed_11,2022-04-29,13107.838805435114,0.019558026683400564,0.12004217980543719,-0.5029628881033829,1.502962888103383,0.01775848566622748,0.14327010731368686,0.0990662445354976,1.962649781419904,12854.849816176484
ppo_hybrid_regime_aware_policy_seed_11,2022-05-02,13056.540262513463,-0.0039135774923002575,0.12629188694391935,-0.6354494716294123,1.6354494716294123,-0.005082287820430612,0.14662298613868488,0.11587528140815864,2.635011256326345,13106.18339173862
ppo_hybrid_regime_aware_policy_seed_11,2022-05-03,13019.79544805872,-0.002814284160731373,0.027501473582537406,-0.6124416460921854,1.6124416460921855,-0.003859946904504186,0.14902463155192702,0.10940980695412322,2.3763922781649285,13056.181188416354
ppo_hybrid_regime_aware_policy_seed_11,2022-05-04,12978.48272360454,-0.003173070162199698,0.5254547103574366,-0.08987402006288824,1.0898740200628882,-0.0042208657377002246,0.15172483610231655,0.09302326793825025,1.72093071753001,13012.954135212647
ppo_hybrid_regime_aware_policy_seed_11,2022-05-05,12852.115679109622,-0.009736657757773881,0.3539507202734596,0.25710385528190804,0.742896144718092,-0.013571095163418048,0.15998420105760786,0.0732215191604568,0.9288607664182716,12973.888980296464
ppo_hybrid_regime_aware_policy_seed_11,2022-05-06,12875.409800249703,0.0018124736597215918,0.6739453193245716,-0.41332497607797897,1.413324976077979,-0.0021362941411868785,0.15846169454827477,0.10212672767647371,2.085069107058948,12843.454055904267
ppo_hybrid_regime_aware_policy_seed_11,2022-05-09,13079.737999545066,0.01586964628429932,0.08503219951062879,-0.4748248187770178,1.4748248187770179,0.013797723854101673,0.14510677930606727,0.09647161991503944,1.8588647966015772,12874.314975834786
ppo_hybrid_regime_aware_policy_seed_11,2022-05-10,13058.25917535379,-0.0016421448344012823,0.16471459467513055,-0.6419657028794553,1.6419657028794554,-0.0025714235783328046,0.1465106377923945,0.1181779068824521,2.727116275298084,13077.583575802015
ppo_hybrid_regime_aware_policy_seed_11,2022-05-11,13186.032372771639,0.009784856901830175,0.02447303425076275,-0.6017798965987656,1.6017798965987655,0.009034407122736765,0.13815936651595878,0.10855211727954855,2.3420846911819413,13057.939600129737
ppo_hybrid_regime_aware_policy_seed_11,2022-05-12,13194.32713339729,0.0006290565949753635,0.019413898605396995,-0.6201431597727434,1.6201431597727434,-3.9695203566396546e-05,0.1376172199816479,0.10595626402829271,2.238250561131708,13185.776380476145
ppo_hybrid_regime_aware_policy_seed_11,2022-05-13,13005.27985315799,-0.014327921259492338,0.021741715814460938,-0.621600861425155,1.6216008614251551,-0.01653118304311945,0.14997337254929294,0.10150197390930205,2.060078956372082,13194.040266086393
ppo_hybrid_regime_aware_policy_seed_11,2022-05-16,13000.876375340064,-0.0003385915464830802,0.5656178307781157,-0.05574321354326899,1.055743213543269,-0.0012508938213912717,0.1502611843796333,0.08709969229142822,1.4839876916571286,12997.923834978785
ppo_hybrid_regime_aware_policy_seed_11,2022-05-17,13027.40248993204,0.0020403328072782223,0.16286595905718504,0.10908592603785919,0.8909140739621408,0.0009359585824735103,0.14852743439650526,0.08010804999265497,1.2043219997061985,12998.75897514061
ppo_hybrid_regime_aware_policy_seed_11,2022-05-18,12880.957844322447,-0.011241277432148755,0.16570871450321747,0.2666712615915261,0.7333287384084739,-0.015065275624036855,0.15809907373231766,0.07337865021227746,0.9351460084910984,13025.243735812117
ppo_hybrid_regime_aware_policy_seed_11,2022-05-19,12903.972823546479,0.0017867443944921124,0.6676873646207772,-0.39758353772775873,1.3975835377277588,-0.0024001439822209474,0.1565948119715912,0.09625938197552264,1.8503752790209056,12872.35739152558
ppo_hybrid_regime_aware_policy_seed_11,2022-05-20,12899.215010434758,-0.00036870917017428617,0.3463528688551639,-0.0512541791706466,1.0512541791706467,-0.0009633121468549254,0.15690578319858978,0.08822916046437682,1.5291664185750724,12899.503495539415
ppo_hybrid_regime_aware_policy_seed_11,2022-05-23,12901.038795795972,0.00014138731385893166,0.062132398775138785,0.01107949692693825,0.9889205030730618,-0.0001977008702012481,0.1567865803719463,0.0882583126816218,1.530332507264872,12898.413551263844
ppo_hybrid_regime_aware_policy_seed_11,2022-05-24,12888.573974544566,-0.0009661874093013223,0.10212184947046168,0.11243435316311157,0.8875656468368884,-0.002096941037527552,0.1576012825613448,0.08347530283837352,1.3390121135349409,12899.721317854055
ppo_hybrid_regime_aware_policy_seed_11,2022-05-25,12897.659680617751,0.0007049426950669346,0.02932234935985839,0.0837847683480637,0.9162152316519363,-9.88930310067745e-06,0.15700743973915265,0.08769752391249706,1.5079009564998824,12888.196051275734
ppo_hybrid_regime_aware_policy_seed_11,2022-05-26,12937.801442695549,0.0031123291412411547,0.07578136229005888,0.1622372133958529,0.837762786604147,0.001646332303864383,0.15438376942800336,0.08234818995169746,1.2939275980678984,12896.6822783968
ppo_hybrid_regime_aware_policy_seed_11,2022-05-27,13024.241446338789,0.006681197267256023,0.11461955711958904,0.2817385036189359,0.7182614963810641,0.0036466271405944687,0.14873404057915832,0.07804354049643031,1.1217416198572123,12936.318517624086
ppo_hybrid_regime_aware_policy_seed_11,2022-05-31,12988.30946789168,-0.002758853833841446,0.17826149638106414,0.4586026249843522,0.5413973750156478,-0.005785394573292809,0.1510825589349252,0.06954846372008776,0.78193854880351,13021.919725569336
ppo_hybrid_regime_aware_policy_seed_11,2022-06-01,12939.96547800241,-0.0037221156462879934,0.0013973750156477949,0.4579833057643447,0.5420166942356552,-0.006549345340393336,0.15424232782472028,0.0715841347867993,0.8633653914719718,12988.291318352534
ppo_hybrid_regime_aware_policy_seed_11,2022-06-02,13053.29325277079,0.0087579657736363,0.002016694235655314,0.46468932161445,0.53531067838555,0.006124812207195792,0.14683521107901887,0.06909083146482961,0.7636332585931843,12939.939382048622
ppo_hybrid_regime_aware_policy_seed_11,2022-06-03,12954.689265456169,-0.007553954807051566,0.004689321614449959,0.45589236776963166,0.5441076322303684,-0.010596890445481528,0.15327997933749565,0.0644283893419939,0.5771355736797558,13053.232041680601
ppo_hybrid_regime_aware_policy_seed_11,2022-06-06,12972.780241900206,0.0013964809246544974,0.004107632230368363,0.46075526311019144,0.5392447368898086,-0.0012026546963406343,0.15209755098011735,0.06461858310429018,0.5847433241716076,12954.636052357007
ppo_hybrid_regime_aware_policy_seed_11,2022-06-07,13090.155440108658,0.009047805945971987,0.5392447368898086,1.0,0.0,0.008198252673962889,0.14442589416027107,0.06578853704766716,0.631541481906686,12965.784738431932
ppo_hybrid_regime_aware_policy_seed_11,2022-06-08,12947.837260076969,-0.010872153557139663,0.0,1.0,0.0,-0.011496708971671045,0.15372782721847308,0.060742390799779694,0.4296956319911874,13090.155440108658
ppo_hybrid_regime_aware_policy_seed_11,2022-06-09,12639.900310944664,-0.023782886898168654,0.0,1.0,0.0,-0.02528500694040632,0.17385462258880363,0.060354445844077925,0.4141778337631167,12947.837260076969
ppo_hybrid_regime_aware_policy_seed_11,2022-06-10,12379.63379993725,-0.020590867380659184,0.30000000000000004,0.6937847626579529,0.30621523734204714,-0.02325006911740966,0.19086567249222217,0.0702046067190278,0.8081842687611117,12636.10834085138
ppo_hybrid_regime_aware_policy_seed_11,2022-06-13,12164.237004021703,-0.017399286553745896,0.2417835867775207,0.44243239445979765,0.5575676055402023,-0.021488483027334918,0.20494403251700252,0.0777986868506528,1.111947474026112,12376.64060767411
ppo_hybrid_regime_aware_policy_seed_11,2022-06-14,12170.635107560965,0.0005259765603997657,0.9240932831018703,-0.47951350634191303,1.4795135063419131,-0.002887097437842268,0.20452585171390053,0.1065266592559036,2.2610663702361435,12152.996114312227
ppo_hybrid_regime_aware_policy_seed_11,2022-06-15,12068.001509213043,-0.008432887638227027,0.10472061688806744,-0.5975400973941882,1.5975400973941882,-0.010225709914055433,0.2112339958255115,0.09971239441440871,1.9884957765763485,12169.360591144583
ppo_hybrid_regime_aware_policy_seed_11,2022-06-16,12090.4332253319,0.001858776376662874,0.5254622241940101,-0.06952652613542223,1.0695265261354223,0.001053264750003758,0.2097678562102372,0.0851500220489765,1.4060008819590597,12061.660230298436
ppo_hybrid_regime_aware_policy_seed_11,2022-06-17,12098.758813226188,0.0006886095592375518,0.4670985420522914,-0.5348504002011041,1.534850400201104,-0.0013996023307597898,0.20922369480200673,0.09994050082658272,1.9976200330633085,12084.785801599568
ppo_hybrid_regime_aware_policy_seed_11,2022-06-21,12054.344902874942,-0.003670947659746182,0.4050634641564111,-0.13349028414053066,1.1334902841405308,-0.004567690235425337,0.21212659322895605,0.09116670503995841,1.646668201598336,12093.858048069309
ppo_hybrid_regime_aware_policy_seed_11,2022-06-22,12051.819336468827,-0.00020951502769039898,0.1605195326165591,0.02698156730244285,0.9730184326975572,-0.0007873290968404345,0.21229166454759218,0.08653362459310115,1.4613449837240462,12052.409945065134
ppo_hybrid_regime_aware_policy_seed_11,2022-06-23,12063.618590120452,0.0009790433562109069,0.08118551119258281,0.10911170067723458,0.8908882993227654,-9.884512324431958e-06,0.2115204639351355,0.08062975515055337,1.2251902060221345,12050.840903355194
ppo_hybrid_regime_aware_policy_seed_11,2022-06-24,12120.780431574873,0.004738366106935343,0.041225103712719036,0.15437869517340616,0.8456213048265938,0.003411967418603599,0.2077843592254337,0.08083249779456657,1.2332999117826624,12063.121266192924
ppo_hybrid_regime_aware_policy_seed_11,2022-06-27,12103.000670502666,-0.0014668825305910183,0.1820517257021432,0.3355765937750452,0.6644234062249548,-0.005634569299613984,0.20894644650934685,0.07237150846147515,0.8948603384590061,12118.573822580447
ppo_hybrid_regime_aware_policy_seed_11,2022-06-28,12018.86590074184,-0.006951562843905301,0.004423406224954851,0.3353827911536723,0.6646172088463277,-0.011244490339699877,0.21444550499933174,0.07092445203298692,0.8369780813194766,12102.947134014159
ppo_hybrid_regime_aware_policy_seed_11,2022-06-29,12015.45084561556,-0.0002841412121977749,0.05938344537425333,0.27583657475924256,0.7241634252407574,-0.003217985937528687,0.2146687134057886,0.07714324585325959,1.0857298341303832,12018.152179075161
ppo_hybrid_regime_aware_policy_seed_11,2022-06-30,11989.06530244961,-0.0021959678005406547,0.0063160631320452465,0.2679174957751457,0.7320825042248543,-0.005069874626678625,0.21639327562390664,0.07602502642723381,1.0410010570893526,12015.374955269459
ppo_hybrid_regime_aware_policy_seed_11,2022-07-01,12017.333524476378,0.0023578336854159776,0.041091910409850274,0.22867601026444093,0.771323989735559,0.00015712122662190449,0.21454566129305414,0.07831380915603192,1.132552366241277,11988.572648852303
ppo_hybrid_regime_aware_policy_seed_11,2022-07-05,12024.351377315988,0.000583977537555791,0.1713239897355591,0.4004529164233571,0.5995470835766429,-0.002873178895574221,0.21408697360247356,0.06896857320559664,0.7587429282238657,12015.274666950982
ppo_hybrid_regime_aware_policy_seed_11,2022-07-06,12037.431143006706,0.0010877730765082028,0.060452916423357095,0.34075700570491035,0.6592429942950897,-0.0028754974945736107,0.2132320785718813,0.07263581098495853,0.9054324393983412,12023.62447020713
ppo_hybrid_regime_aware_policy_seed_11,2022-07-07,12108.8282705506,0.005931259476850581,0.05924299429508967,0.40357310844933536,0.5964268915506646,0.0026248743115571756,0.20856555388182876,0.06875903955571815,0.7503615822287254,12036.718009542174
ppo_hybrid_regime_aware_policy_seed_11,2022-07-08,12103.563424428807,-0.0004347940200455369,0.05642689155066466,0.45979559287561733,0.5402044071243827,-0.003134110850442401,0.20890966484625903,0.06562401398838556,0.6249605595354227,12108.145007010973
ppo_hybrid_regime_aware_policy_seed_11,2022-07-11,12039.958599732601,-0.005255049481364349,0.00020440712438268838,0.4571473930693389,0.5428526069306612,-0.008106061029129316,0.21306688370172108,0.05889721179486077,0.3558884717944307,12103.560950374213
ppo_hybrid_regime_aware_policy_seed_11,2022-07-12,11990.915649696452,-0.004073348727066106,0.002852606930661139,0.4577929419781429,0.5422070580218571,-0.006888853563781446,0.21627233670928084,0.0657963923604811,0.6318556944192438,12039.924254463254
ppo_hybrid_regime_aware_policy_seed_11,2022-07-13,11961.92188090049,-0.0024179778795037077,0.002207058021857111,0.45869232181948577,0.5413076781805142,-0.0051503773804686065,0.21816737286267293,0.0707959498749262,0.8318379949970478,11990.889185049877
ppo_hybrid_regime_aware_policy_seed_11,2022-07-14,11926.413178456638,-0.0029684780420233814,0.5413076781805142,1.0,0.0,-0.00394375187223364,0.22048822584886757,0.06846519112171497,0.7386076448685983,11955.446800740563
ppo_hybrid_regime_aware_policy_seed_11,2022-07-15,12154.26826795582,0.019105080973613298,0.0,1.0,0.0,0.018924870585949317,0.20559559028382526,0.06636936511756807,0.6547746047027228,11926.413178456638
ppo_hybrid_regime_aware_policy_seed_11,2022-07-18,12053.911288282581,-0.00825693307575126,0.0,1.0,0.0,-0.008659745252954643,0.21215493432993346,0.056184717373725206,0.247388694949008,12154.26826795582
ppo_hybrid_regime_aware_policy_seed_11,2022-07-19,12197.137212840657,0.011882112049165672,0.54,0.46662917194273273,0.5333708280572673,0.008410074009784234,0.2027936709822595,0.06104347032744894,0.4417388130979574,12047.402176186908
ppo_hybrid_regime_aware_policy_seed_11,2022-07-20,12268.324480000598,0.005836391434950627,0.5333708280572673,1.0,0.0,0.0050193694408801155,0.1981408627916919,0.05728263352024226,0.29130534080969,12190.631615665516
ppo_hybrid_regime_aware_policy_seed_11,2022-07-21,12393.255212826914,0.010183194374258298,0.0,1.0,0.0,0.01013169497427413,0.1899753753367247,0.054324121044244306,0.1729648417697721,12268.324480000598
ppo_hybrid_regime_aware_policy_seed_11,2022-07-22,12278.269394251301,-0.009278096561475158,0.0,1.0,0.0,-0.009702022428928373,0.19749086202152322,0.05064425632731676,0.0257702530926703,12393.255212826914
ppo_hybrid_regime_aware_policy_seed_11,2022-07-25,12293.18676562736,0.001214940876199,0.0,1.0,0.0,0.0012142034327723445,0.19651586086626993,0.050172644071808783,0.0069057628723514,12278.269394251301
ppo_hybrid_regime_aware_policy_seed_11,2022-07-26,12147.745951207897,-0.011831009907547041,0.0,1.0,0.0,-0.012392104655577765,0.20602188967691804,0.051604240704382964,0.0641696281753185,12293.18676562736
ppo_hybrid_regime_aware_policy_seed_11,2022-07-27,12463.178790728489,0.025966367817333857,0.0,1.0,0.0,0.025634966306172267,0.18540516202535723,0.05771619083114923,0.3086476332459689,12147.745951207897
ppo_hybrid_regime_aware_policy_seed_11,2022-07-28,12619.49679583471,0.0125423864754719,0.0,1.0,0.0,0.012464382307969712,0.17518819874655486,0.05084027559843978,0.0336110239375911,12463.178790728489
ppo_hybrid_regime_aware_policy_seed_11,2022-07-29,12803.47296747662,0.014578724858715031,0.0,1.0,0.0,0.014473476936627172,0.1631634944358597,0.04648544747526523,-0.1405821009893909,12619.49679583471
ppo_hybrid_regime_aware_policy_seed_11,2022-08-01,12765.558811745132,-0.002961239956361661,0.0,1.0,0.0,-0.003068963974697693,0.16564156813307834,0.04169806269118357,-0.3320774923526572,12803.47296747662
ppo_hybrid_regime_aware_policy_seed_11,2022-08-02,12681.340012357683,-0.006597345296781021,0.0,1.0,0.0,-0.006887422350127171,0.17114611880938518,0.048726661649501776,-0.050933534019929,12765.558811745132
ppo_hybrid_regime_aware_policy_seed_11,2022-08-03,12879.923428829785,0.01565949783529086,0.0,1.0,0.0,0.015538153058459705,0.15816668325110836,0.053792148460774625,0.151685938430985,12681.340012357683
ppo_hybrid_regime_aware_policy_seed_11,2022-08-04,12871.221865960222,-0.0006755911956809468,0.0,1.0,0.0,-0.0007010446980935794,0.15873541842813485,0.04435313457370954,-0.2258746170516185,12879.923428829785
ppo_hybrid_regime_aware_policy_seed_11,2022-08-05,12849.46748458671,-0.00169015666112049,0.0,1.0,0.0,-0.0017511060951595043,0.16015728736444323,0.04186005216297958,-0.3255979134808168,12871.221865960222
ppo_hybrid_regime_aware_policy_seed_11,2022-08-08,12834.550113210655,-0.0011609330420851993,0.0,1.0,0.0,-0.0012009889239817286,0.1611322885196963,0.040391210728859886,-0.3843515708456047,12849.46748458671
ppo_hybrid_regime_aware_policy_seed_11,2022-08-09,12783.584087374436,-0.003971002129927292,0.0,1.0,0.0,-0.004115250216595419,0.16446343398871183,0.040929681364328986,-0.3628127454268405,12834.550113210655
ppo_hybrid_regime_aware_policy_seed_11,2022-08-10,13052.09013334889,0.021003972292843898,0.0,1.0,0.0,0.020786429765404738,0.1469138471065528,0.0431026548846836,-0.2758938046126559,12783.584087374436
ppo_hybrid_regime_aware_policy_seed_11,2022-08-11,13052.09013334889,0.0,0.0,1.0,0.0,0.0,0.1469138471065528,0.03330500550235457,-0.6677997799058171,13052.09013334889
ppo_hybrid_regime_aware_policy_seed_11,2022-08-12,13273.04913268546,0.016929012677594724,0.0,1.0,0.0,0.01678731391991028,0.13247194080913915,0.035389116790894855,-0.5844353283642059,13052.09013334889
ppo_hybrid_regime_aware_policy_seed_11,2022-08-15,13327.744264265888,0.004120766150540245,0.0,1.0,0.0,0.0041122990463738915,0.12889706054818162,0.0320349298876745,-0.7186028044930198,13273.04913268546
ppo_hybrid_regime_aware_policy_seed_11,2022-08-16,13353.849901273792,0.0019587438421893033,0.0,1.0,0.0,0.0019568280048181492,0.12719079302961742,0.0339143759818993,-0.643424960724028,13327.744264265888
ppo_hybrid_regime_aware_policy_seed_11,2022-08-17,13259.064037745457,-0.0070980177423810575,0.0,1.0,0.0,-0.007324905948302384,0.13338600826640679,0.03253760011630193,-0.6984959953479226,13353.849901273792
ppo_hybrid_regime_aware_policy_seed_11,2022-08-18,13297.600343367129,0.002906412210693654,0.0,1.0,0.0,0.0029021967606395493,0.13086727077887433,0.033496942262566706,-0.6601223094973319,13259.064037745457
ppo_hybrid_regime_aware_policy_seed_11,2022-08-19,13118.906755396438,-0.013438032679318979,0.0,1.0,0.0,-0.013901693396204041,0.1425467047968135,0.03189822648669394,-0.7240709405322424,13297.600343367129
ppo_hybrid_regime_aware_policy_seed_11,2022-08-22,12845.738378842503,-0.020822495475209313,0.0,1.0,0.0,-0.0217024762267246,0.16040102215638513,0.036973433662731044,-0.5210626534907583,13118.906755396438
ppo_hybrid_regime_aware_policy_seed_11,2022-08-23,12814.66123310847,-0.0024192572522898637,0.0,1.0,0.0,-0.0025286436815620504,0.16243222807254842,0.05240989955970299,0.0963959823881194,12845.738378842503
ppo_hybrid_regime_aware_policy_seed_11,2022-08-24,12855.683293093207,0.003201181774415529,0.0,1.0,0.0,0.0031960689006255184,0.15975102138621644,0.053793583504387614,0.1517433401755043,12814.66123310847
ppo_hybrid_regime_aware_policy_seed_11,2022-08-25,13037.173710372055,0.014117523988503633,0.0,1.0,0.0,0.014018799822279613,0.1478887862743207,0.0473878767316514,-0.1044849307339439,12855.683293093207
ppo_hybrid_regime_aware_policy_seed_11,2022-08-26,12827.247164017132,-0.01610215151063843,0.54,0.4514589082305167,0.5485410917694833,-0.020213965426677413,0.16160961014164563,0.042181548476035384,-0.3127380609585847,13030.133636568455
ppo_hybrid_regime_aware_policy_seed_11,2022-08-29,12792.662280048606,-0.0026962046903986625,0.05145890823051669,0.3984088624983041,0.6015911375016959,-0.0061140284876366035,0.16387008224316688,0.060604211094930395,0.4241684437972159,12826.587087882468
ppo_hybrid_regime_aware_policy_seed_11,2022-08-30,12736.467622802233,-0.004392725768584849,0.0015911375016959273,0.39735369472799026,0.6026463052720097,-0.007838562750543223,0.16754297167878204,0.06364850139978044,0.5459400559912172,12792.641925163905
ppo_hybrid_regime_aware_policy_seed_11,2022-08-31,12697.669065451764,-0.0030462572904442764,0.0026463052720097635,0.3981682534375766,0.6018317465624234,-0.006415903780848449,0.17007884997028713,0.06349979293061647,0.5399917172246588,12736.433918220815
ppo_hybrid_regime_aware_policy_seed_11,2022-09-01,12713.583196684222,0.0012533112298347415,0.0018317465624234086,0.40075214311642415,0.5992478568835758,-0.0019502211289153552,0.16903870047307742,0.06167424179274892,0.4669696717099568,12697.645806540102
ppo_hybrid_regime_aware_policy_seed_11,2022-09-02,12659.950677929504,-0.004218521082923754,0.000752143116424131,0.397458617761563,0.602541382238437,-0.007638864012773298,0.17254412823422544,0.059990296718001795,0.3996118687200717,12713.573634250135
ppo_hybrid_regime_aware_policy_seed_11,2022-09-06,12640.811393622773,-0.0015117976991882998,0.002541382238437029,0.39909307512288755,0.6009069248771124,-0.004791057802219017,0.17379507411734083,0.05939834126535681,0.3759336506142725,12659.918504155712
ppo_hybrid_regime_aware_policy_seed_11,2022-09-07,12727.953213272513,0.006893688778055962,0.014548034992272307,0.38876763945557746,0.6112323605444225,0.003890716136587979,0.16809947449140894,0.06644276248978202,0.6577104995912809,12640.627494656288
ppo_hybrid_regime_aware_policy_seed_11,2022-09-08,12761.087320495197,0.0026032549513250736,0.01123236054442256,0.40156461928422305,0.598435380715777,-0.0006169761884225214,0.16593382532936884,0.05493916694306503,0.1975666777226014,12727.810248313028
ppo_hybrid_regime_aware_policy_seed_11,2022-09-09,12840.36587421085,0.006212523410001669,0.0015646192842230233,0.40370543272999226,0.5962945672700077,0.0029909583119941885,0.16075216969373698,0.04964715029573267,-0.0141139881706934,12761.067354251887
ppo_hybrid_regime_aware_policy_seed_11,2022-09-12,12895.519600962534,0.0042953391898636895,0.003705432729992242,0.4025683946473722,0.5974316053526278,0.0010805824028303644,0.1571473155982145,0.04542539874293956,-0.1829840502824177,12840.318295098874
ppo_hybrid_regime_aware_policy_seed_11,2022-09-13,12671.195383748547,-0.017395515974187092,0.0025683946473721853,0.3893794820628463,0.6106205179371538,-0.02149758685346892,0.17180917293361225,0.05082155800160848,0.0328623200643394,12895.486480179015
ppo_hybrid_regime_aware_policy_seed_11,2022-09-14,12690.401018623661,0.001515692426284021,0.01062051793715374,0.40091440181462773,0.5990855981853722,-0.001701385853026458,0.17055389036950977,0.06785340935704501,0.7141363742818002,12671.060809090688
ppo_hybrid_regime_aware_policy_seed_11,2022-09-15,12632.758311488968,-0.004542228968974271,0.0009144018146277078,0.39726277817141986,0.6027372218285801,-0.0079879848018894,0.1743214245168764,0.062119400659061755,0.4847760263624702,12690.38941449794
ppo_hybrid_regime_aware_policy_seed_11,2022-09-16,12573.659660130475,-0.004678206445598243,0.002737221828580161,0.3971815330956998,0.6028184669043002,-0.00813485974665802,0.17818411935069392,0.06253934682007636,0.5015738728030542,12632.723732827162
ppo_hybrid_regime_aware_policy_seed_11,2022-09-19,12612.627244688829,0.0030991442119205903,0.0028184669043002097,0.4018554273702998,0.5981445726297002,-0.00010987593675302956,0.17563719342091516,0.06255891442586115,0.5023565770344456,12573.624221686858
ppo_hybrid_regime_aware_policy_seed_11,2022-09-20,12554.694068449317,-0.004593267930272593,0.001855427370299756,0.39723244035529753,0.6027675596447024,-0.008032765061245183,0.1794237126632844,0.05972042013230194,0.3888168052920775,12612.603842875027
ppo_hybrid_regime_aware_policy_seed_11,2022-09-21,12467.059032672772,-0.006980260554239726,0.0027675596447024886,0.3957840759549315,0.6042159240450685,-0.010591482825144173,0.18515154895352537,0.06679571965414696,0.6718287861658783,12554.659322584661
ppo_hybrid_regime_aware_policy_seed_11,2022-09-22,12438.073917691834,-0.0023249360498716065,0.13504204104282208,0.25911936572128574,0.7408806342787142,-0.005267237886960297,0.18704601949254535,0.07090931083766759,0.8363724335067033,12465.375455575198
ppo_hybrid_regime_aware_policy_seed_11,2022-09-23,12374.990489900612,-0.005071800361428291,0.04114425370162689,0.2967255419033213,0.7032744580966788,-0.007228016624700528,0.19116915978470767,0.06752858425584347,0.7011433702337387,12437.562162423004
ppo_hybrid_regime_aware_policy_seed_11,2022-09-26,12361.892928944957,-0.0010583895774581853,0.21105482990915014,0.08489514816907286,0.9151048518309272,-0.002133757238145178,0.1920252179159183,0.08031307420229744,1.2125229680918972,12372.378688387638
ppo_hybrid_regime_aware_policy_seed_11,2022-09-27,12362.129501344298,1.9137230899968216e-05,0.1519106409361684,-0.06683298553052469,1.0668329855305247,-0.00023048846796670198,0.19200975551595229,0.09177643341290365,1.671057336516146,12360.015025866936
ppo_hybrid_regime_aware_policy_seed_11,2022-09-28,12336.908437851396,-0.002040187614129052,0.03507525478777365,-0.10412220705733966,1.1041222070573395,-0.00224835829534911,0.19365820720508573,0.09305759742289876,1.72230389691595,12361.695896502319
ppo_hybrid_regime_aware_policy_seed_11,2022-09-29,12322.404707992931,-0.0011756373107192353,0.15308164347396563,0.047985799855084936,0.9520142001449151,-0.0019261744015801208,0.19460617270188765,0.08064085487320603,1.225634194928241,12335.019883632342
ppo_hybrid_regime_aware_policy_seed_11,2022-09-30,12325.798401746293,0.00027540839907325143,0.07034676010021737,-0.02200757099495763,1.0220075709949576,4.929393111041195e-05,0.19438436047728794,0.08861386600607596,1.544554640243038,12321.53786674508
ppo_hybrid_regime_aware_policy_seed_11,2022-10-03,12311.737882292064,-0.0011407390414756025,0.02042736040248042,-0.0436041171636915,1.0436041171636914,-0.0013184277105601767,0.19530335768971482,0.08718388578321987,1.4873554313287944,12325.546618220093
ppo_hybrid_regime_aware_policy_seed_11,2022-10-04,12349.108459946872,0.003035361702149242,0.14629752231505871,0.1055396894536753,0.8944603105463247,0.0019896256793591215,0.19286081231979815,0.07938195326590654,1.1752781306362612,12309.936705544493
ppo_hybrid_regime_aware_policy_seed_11,2022-10-05,12338.681425122179,-0.0008443552713552904,0.17990081748144432,0.28496531346528375,0.7150346865347162,-0.004136353602314428,0.19354232454763332,0.0741039503766869,0.964158015067476,12346.88684523976
ppo_hybrid_regime_aware_policy_seed_11,2022-10-06,12294.728415103624,-0.0035622128900308914,0.05503468653471627,0.3376769873199801,0.6623230126800199,-0.007728143534213431,0.19641509847439406,0.07136615393306389,0.8546461573225558,12338.002369657695
ppo_hybrid_regime_aware_policy_seed_11,2022-10-07,12209.762313054638,-0.006910775023269977,0.09324483361819785,0.23924520123777898,0.760754798762221,-0.009896404333394884,0.20196849294093408,0.08086979889907092,1.2347919559628366,12293.581995198176
ppo_hybrid_regime_aware_policy_seed_11,2022-10-10,12197.209876895538,-0.0010280655623966517,0.12034678328810244,0.11809780241208438,0.8819021975879157,-0.002236949089560515,0.202788921651049,0.08471690700684485,1.388676280273794,12208.292907435549
ppo_hybrid_regime_aware_policy_seed_11,2022-10-11,12193.672728138414,-0.00028999654780270667,0.08586135507779483,0.032038835428183456,0.9679611645718166,-0.000789302437882292,0.20302011011164026,0.08972005007492792,1.5888020029971168,12196.16260792734
ppo_hybrid_regime_aware_policy_seed_11,2022-10-12,12206.007790472184,0.0010115953256073507,0.4864131118277959,-0.4521978131624145,1.4521978131624145,-0.002107678476169526,0.20221388898042617,0.09503217697171096,1.8012870788684383,12187.74156584211
ppo_hybrid_regime_aware_policy_seed_11,2022-10-13,12165.657326539938,-0.003305787168491059,0.33977260745486443,-0.11573561858615881,1.1157356185861589,-0.004072614396449484,0.2048512000694351,0.09426435000574647,1.770574000229859,12201.8605233786
ppo_hybrid_regime_aware_policy_seed_11,2022-10-14,12141.627697612363,-0.001975201855731523,0.19391594600162515,0.07653505327283996,0.9234649467271601,-0.0030380784733686646,0.20642177945464066,0.08600955459741189,1.4403821838964752,12163.29821159073
ppo_hybrid_regime_aware_policy_seed_11,2022-10-17,12165.922758527175,0.002000972317705685,0.001387102584246236,0.07976480003455592,0.9202351999654441,0.001363766514380987,0.2048338514033952,0.08611656496379201,1.44466259855168,12141.610855929206
ppo_hybrid_regime_aware_policy_seed_11,2022-10-18,12190.785026431904,0.0020435990264120463,0.10294438365837623,0.1844599560321392,0.8155400439678608,0.00028860749208652455,0.2032088506362874,0.08272154546527158,1.3088618186108631,12164.670345107163
ppo_hybrid_regime_aware_policy_seed_11,2022-10-19,12164.360916931391,-0.002167547819375115,0.1064240285335957,0.2894192337584383,0.7105807662415617,-0.005520544701039177,0.20493593355458808,0.07828374524370481,1.131349809748192,12189.487633978404
ppo_hybrid_regime_aware_policy_seed_11,2022-10-20,12134.38113558763,-0.002464558684873719,0.004015948812972847,0.29169235433987695,0.708307645660123,-0.005724962305538946,0.20689541560457714,0.07936424617863513,1.1745698471454054,12164.312065480606
ppo_hybrid_regime_aware_policy_seed_11,2022-10-21,12261.429042745462,0.010470077191264915,0.14518655095644878,0.44279464597387624,0.5572053540261237,0.007928117776036896,0.19859154938521092,0.07537261358927672,1.0149045435710684,12132.619386642562
ppo_hybrid_regime_aware_policy_seed_11,2022-10-24,12363.273907144407,0.008306117014900583,0.2572053540261237,0.7025478341024882,0.2974521658975118,0.007086003029200542,0.19193495701767427,0.07379208600173405,0.951683440069362,12258.275337547657
ppo_hybrid_regime_aware_policy_seed_11,2022-10-25,12501.4388621233,0.0111754342754673,0.0025478341024882667,0.7033163331694996,0.2966836668305004,0.010309628728395432,0.1829044792395226,0.07442688388900966,0.977075355560386,12363.242407573527
ppo_hybrid_regime_aware_policy_seed_11,2022-10-26,12403.570790016016,-0.007828544632874412,0.2966836668305004,1.0,0.0,-0.008735218661959709,0.18930114799311779,0.06735452748402121,0.6941810993608485,12497.729889401027
ppo_hybrid_regime_aware_policy_seed_11,2022-10-27,12337.33600492646,-0.00533997718970336,0.0,1.0,0.0,-0.005619583237598401,0.19363026137055325,0.061282157638404805,0.451286305536192,12403.570790016016
ppo_hybrid_regime_aware_policy_seed_11,2022-10-28,12630.849461360633,0.023790667313994707,0.0,1.0,0.0,0.02351207926820392,0.17444618718674726,0.06168545111473109,0.4674180445892433,12337.33600492646
ppo_hybrid_regime_aware_policy_seed_11,2022-10-31,12539.61338827509,-0.007223272936998093,0.0,1.0,0.0,-0.0075667572789027615,0.18040938770087683,0.05320468333857731,0.1281873335430924,12630.849461360633
ppo_hybrid_regime_aware_policy_seed_11,2022-11-01,12484.741744067664,-0.004375864112264538,0.0,1.0,0.0,-0.004578046086851073,0.18399580484798553,0.05369700494477897,0.147880197791159,12539.61338827509
ppo_hybrid_regime_aware_policy_seed_11,2022-11-02,12171.422059599574,-0.025096208707478418,0.0,1.0,0.0,-0.02650526436755702,0.2044744164356984,0.05316649092312479,0.1266596369249917,12484.741744067664
ppo_hybrid_regime_aware_policy_seed_11,2022-11-03,12107.229983408231,-0.005273999691820297,0.54,0.45743008644311,0.54256991355689,-0.008913357337726531,0.20867001811825164,0.05324647888436819,0.1298591553747276,12164.84949168739
ppo_hybrid_regime_aware_policy_seed_11,2022-11-04,12187.358708563424,0.006618254155987824,0.0025699135568900133,0.46355173868822,0.53644826131178,0.0040005947938554975,0.20343279517690493,0.05012272064725237,0.0049088258900947,12107.19886887376
ppo_hybrid_regime_aware_policy_seed_11,2022-11-07,12297.337437597502,0.009024000332147564,0.53644826131178,1.0,0.0,0.008178854952460696,0.1962445724560035,0.04596058263914546,-0.161576694434182,12180.820821174233
ppo_hybrid_regime_aware_policy_seed_11,2022-11-08,12363.686669925874,0.00539541446797398,0.0,1.0,0.0,0.005380911362787851,0.19190797879352,0.044699450205142745,-0.2120219917942902,12297.337437597502
ppo_hybrid_regime_aware_policy_seed_11,2022-11-09,12108.968990023379,-0.020602081458606092,0.0,1.0,0.0,-0.021664239831776982,0.20855635644046552,0.0508743191102711,0.0349727644108438,12363.686669925874
ppo_hybrid_regime_aware_policy_seed_11,2022-11-10,12774.40712549169,0.054954153075837286,0.0,1.0,0.0,0.05349730918360149,0.16506324130139644,0.05366729107874773,0.1466916431499088,12108.968990023379
ppo_hybrid_regime_aware_policy_seed_11,2022-11-11,12898.044229244208,0.009678500343534235,0.0,1.0,0.0,0.009631963688169676,0.1569823055955027,0.039719132628385244,-0.4112346948645904,12774.40712549169
ppo_hybrid_regime_aware_policy_seed_11,2022-11-14,12788.324127360072,-0.0085067239601615,0.0,1.0,0.0,-0.008787436928842492,0.16415362441533357,0.03406964407879226,-0.6372142368483097,12898.044229244208
ppo_hybrid_regime_aware_policy_seed_11,2022-11-15,12897.396283663964,0.008529042212070292,0.0,1.0,0.0,0.008492875431373566,0.15702465539516597,0.040418194190549164,-0.3832722323780335,12788.324127360072
ppo_hybrid_regime_aware_policy_seed_11,2022-11-16,12799.005352214914,-0.007628743762310708,0.0,1.0,0.0,-0.007945079693016477,0.16345549829710176,0.04464239378620416,-0.2143042485518335,12897.396283663964
ppo_hybrid_regime_aware_policy_seed_11,2022-11-17,12759.84217804306,-0.0030598607543418366,0.0,1.0,0.0,-0.003172146038673859,0.16601520798712294,0.04203380535543786,-0.3186477857824856,12799.005352214914
ppo_hybrid_regime_aware_policy_seed_11,2022-11-18,12817.77700732553,0.004540403280391958,0.0,1.0,0.0,0.004530126744089201,0.16222858070167065,0.0408184397676399,-0.3672624092944041,12759.84217804306
ppo_hybrid_regime_aware_policy_seed_11,2022-11-21,12771.170360756223,-0.0036360943510462818,0.0,1.0,0.0,-0.0037526083118615194,0.16527479662684935,0.036073378950628884,-0.5570648419748447,12817.77700732553
ppo_hybrid_regime_aware_policy_seed_11,2022-11-22,12943.03199958482,0.01345699994392846,0.0,1.0,0.0,0.013367258722167092,0.15404189961186118,0.03159728722475378,-0.7361085110098488,12771.170360756223
ppo_hybrid_regime_aware_policy_seed_11,2022-11-23,13024.594124942068,0.006301624330362854,0.0,1.0,0.0,0.006281852116995351,0.14871098946398778,0.025428382411465125,-0.982864703541395,12943.03199958482
ppo_hybrid_regime_aware_policy_seed_11,2022-11-25,13021.680345274804,-0.00022371366349793753,0.0,1.0,0.0,-0.0002275537894248639,0.14890143444723028,0.02003254812807825,-1.19869807487687,13024.594124942068
ppo_hybrid_regime_aware_policy_seed_11,2022-11-28,12813.893284731741,-0.015957008238069892,0.0,1.0,0.0,-0.01636779747434977,0.16248242126916534,0.020772084438243417,-1.1691166224702634,13021.680345274804
ppo_hybrid_regime_aware_policy_seed_11,2022-11-29,12791.884864885658,-0.0017175435565947028,0.0,1.0,0.0,-0.0017631387649193646,0.16392089419004927,0.03067039961519277,-0.7731840153922894,12813.893284731741
ppo_hybrid_regime_aware_policy_seed_11,2022-11-30,13194.836887541976,0.03150059798946758,0.0,1.0,0.0,0.031014633257035917,0.13758390239053647,0.02888563859725432,-0.8445744561098272,12791.884864885658
ppo_hybrid_regime_aware_policy_seed_11,2022-12-01,13185.127581057504,-0.0007358413421266752,0.0,1.0,0.0,-0.0007498448623457675,0.1382185038092731,0.021639813101177192,-1.1344074759529124,13194.836887541976
ppo_hybrid_regime_aware_policy_seed_11,2022-12-02,13169.915675750552,-0.0011537169597666264,0.0,1.0,0.0,-0.0011719758371662732,0.1392127557370414,0.017694543166992205,-1.2922182733203118,13185.127581057504
ppo_hybrid_regime_aware_policy_seed_11,2022-12-05,12932.998720310228,-0.017989253786685477,0.0,1.0,0.0,-0.01836356477740265,0.15469767593042935,0.013596278054639222,-1.4561488778144311,13169.915675750552
ppo_hybrid_regime_aware_policy_seed_11,2022-12-06,12746.572134033002,-0.014414799715742554,0.0,1.0,0.0,-0.014804494694736521,0.16688253963114388,0.023372640084762517,-1.0650943966094994,12932.998720310228
ppo_hybrid_regime_aware_policy_seed_11,2022-12-07,12724.887686977041,-0.0017011983165312605,0.0,1.0,0.0,-0.0017473507613373102,0.16829983765219617,0.031541541056946724,-0.7383383577221311,12746.572134033002
ppo_hybrid_regime_aware_policy_seed_11,2022-12-08,12824.573521864662,0.007833926502128774,0.0,1.0,0.0,0.007803400621268784,0.16178435970855493,0.0344019340587464,-0.6239226376501441,12724.887686977041
ppo_hybrid_regime_aware_policy_seed_11,2022-12-09,12773.603077752387,-0.00397443579900536,0.54,0.45813800428611423,0.5418619957138857,-0.007491301564030843,0.16511579395661546,0.032102301173846416,-0.7159079530461435,12817.648252162855
ppo_hybrid_regime_aware_policy_seed_11,2022-12-12,12846.520220640477,0.005708424040127724,0.05813800428611421,0.40344029854373603,0.596559701456264,0.002404985722032363,0.16034992088411448,0.035125643131503535,-0.5949742747398588,12772.860445961904
ppo_hybrid_regime_aware_policy_seed_11,2022-12-13,12890.524320966437,0.003425371195482141,0.05655970145626399,0.4618738241411084,0.5381261758588916,0.0007426784218799308,0.15747380768882674,0.04729299201220982,-0.108280319511607,12845.793625292046
ppo_hybrid_regime_aware_policy_seed_11,2022-12-14,12852.588897688292,-0.0029428921844895095,0.0018738241411083711,0.4584071625364893,0.5415928374635107,-0.005624442205655121,0.159953271435407,0.03323317927738648,-0.6706728289045408,12890.500166390773
ppo_hybrid_regime_aware_policy_seed_11,2022-12-15,12707.946620525872,-0.01125394100082322,0.0015928374635107434,0.4538545717043214,0.5461454282956786,-0.014150429295419665,0.16940710775660753,0.025206094263823253,-0.99175622944707,12852.568425603193
ppo_hybrid_regime_aware_policy_seed_11,2022-12-16,12624.292870118312,-0.006582790509400027,0.0538545717043214,0.3960566803904815,0.6039433196095185,-0.010075225296338005,0.17487472676484248,0.034730073075081414,-0.6107970769967433,12707.262239503383
ppo_hybrid_regime_aware_policy_seed_11,2022-12-19,12581.423362231966,-0.003395794784499806,0.003943319609518547,0.39795795475447143,0.6020420452455286,-0.006701220466745433,0.1776766828642534,0.03345231055786457,-0.661907577685417,12624.243088496682
ppo_hybrid_regime_aware_policy_seed_11,2022-12-20,12588.284226586064,0.0005453170246771943,0.00204204524552859,0.4003282364490301,0.5996717635509698,-0.0026578946744881373,0.17722825595963018,0.03227375921766037,-0.7090496312935853,12581.397670396207
ppo_hybrid_regime_aware_policy_seed_11,2022-12-21,12663.570306312942,0.005980646637122833,0.00032823644903007265,0.40356725045967773,0.5964327495403223,0.0027623412025568946,0.17230754889551544,0.02692826830569053,-0.9228692677723788,12588.28009465235
ppo_hybrid_regime_aware_policy_seed_11,2022-12-22,12591.261304766225,-0.005710001192212766,0.0035672504596777066,0.39655647711517034,0.6034435228848296,-0.009020986032461532,0.17703367377810755,0.018888536905674908,-1.2444585237730037,12663.525132185945
ppo_hybrid_regime_aware_policy_seed_11,2022-12-23,12620.189156760418,0.0022974546627225756,0.003443522884829686,0.4013773744559981,0.5986226255440019,-0.0009103457353039044,0.17514294595466545,0.029631296704841232,-0.8147481318063508,12591.217946469773
ppo_hybrid_regime_aware_policy_seed_11,2022-12-27,12600.264660153276,-0.0015787795539077276,0.0013773744559980594,0.39905206210736577,0.6009479378926342,-0.004812221275839408,0.17644521340648883,0.02313508986508353,-1.0745964053966588,12620.171774034243
ppo_hybrid_regime_aware_policy_seed_11,2022-12-28,12537.614985649261,-0.00497209195153947,0.0009479378926342541,0.39700240929519454,0.6029975907048055,-0.00829826655895641,0.1805400035325622,0.027437480720181602,-0.902500771192736,12600.252715884948
ppo_hybrid_regime_aware_policy_seed_11,2022-12-29,12627.849540919355,0.007197106895799443,0.002997590704805486,0.4042891929120181,0.595710807087982,0.003966834935061027,0.17464226234115468,0.030063342135628904,-0.7974663145748441,12537.57740301112
ppo_hybrid_regime_aware_policy_seed_11,2022-12-30,12614.490353050214,-0.0010579147166626113,0.004289192912018069,0.39936715518991167,0.6006328448100884,-0.004287368498001429,0.1755154204383354,0.025722724543379386,-0.9710910182648248,12627.79537763661
