baseline,date,portfolio_value,daily_returns,turnover,weight_spy,weight_cash,reward,drawdown,lambda_rrc,vix_zscore_t,nav_after_cost
ppo_hybrid_regime_aware_policy_seed_19,2020-01-02,10000.0,0.0,0.0,0.0,1.0,0.0,0.0,,,10000.0
ppo_hybrid_regime_aware_policy_seed_19,2020-01-03,9914.353387491616,-0.008564661250838435,1.0,1.0,0.0,-0.01028970306929445,0.008564661250838435,0.02196868405794555,-1.121252637682178,9990.0
ppo_hybrid_regime_aware_policy_seed_19,2020-01-06,9952.177162965203,0.0038150521769082513,0.0,1.0,0.0,0.00380779332143604,0.004782283703479697,0.03712433531275174,-0.5150265874899304,9914.353387491616
ppo_hybrid_regime_aware_policy_seed_19,2020-01-07,9924.193856654649,-0.0028117773480448305,0.0,1.0,0.0,-0.0029152208319304846,0.00758061433453513,0.035550842754480054,-0.577966289820798,9952.177162965203
ppo_hybrid_regime_aware_policy_seed_19,2020-01-08,9977.085205357462,0.005329536027487647,0.0,1.0,0.0,0.005315384309479369,0.0022914794642538254,0.035071771634949366,-0.5971291346020252,9924.193856654649
ppo_hybrid_regime_aware_policy_seed_19,2020-01-09,10044.736319366033,0.006780649119067839,0.0,1.0,0.0,0.006757763910630538,0.0,0.03170709135644319,-0.7317163457422727,9977.085205357462
ppo_hybrid_regime_aware_policy_seed_19,2020-01-10,10015.830527723869,-0.002877705369570993,0.0,1.0,0.0,-0.0029463602473626302,0.0028777053695709857,0.022415888570817583,-1.1033644571672967,10044.736319366033
ppo_hybrid_regime_aware_policy_seed_19,2020-01-13,10084.712873426308,0.006877347366428754,0.0,1.0,0.0,0.006853806284860935,0.0,0.02279942373867406,-1.0880230504530377,10015.830527723869
ppo_hybrid_regime_aware_policy_seed_19,2020-01-14,10069.337492273617,-0.0015246225991427664,0.0,1.0,0.0,-0.0015570625454407094,0.0015246225991427196,0.02051427455748325,-1.17942901770067,10084.712873426308
ppo_hybrid_regime_aware_policy_seed_19,2020-01-15,10092.092756079188,0.0022598570981489097,0.0,1.0,0.0,0.0022573074615838975,0.0,0.021444797500769254,-1.14220809996923,10069.337492273617
ppo_hybrid_regime_aware_policy_seed_19,2020-01-16,10176.04267501085,0.008318385587676502,0.0,1.0,0.0,0.008283978494246641,0.0,0.02196743423231929,-1.1213026307072285,10092.092756079188
ppo_hybrid_regime_aware_policy_seed_19,2020-01-17,10207.715922647845,0.0031125309364881115,0.0,1.0,0.0,0.0031076970399105484,0.0,0.021110771295542913,-1.1555691481782835,10176.04267501085
ppo_hybrid_regime_aware_policy_seed_19,2020-01-21,10187.727176398314,-0.001958199699227836,0.0,1.0,0.0,-0.001997385860478398,0.0019581996992277854,0.01903094031567772,-1.2387623873728912,10207.715922647845
ppo_hybrid_regime_aware_policy_seed_19,2020-01-22,10188.957469653391,0.00012076228915192111,0.0,1.0,0.0,0.00012075499797367417,0.0018376738867541288,0.02714078310667269,-0.9143686757330924,10187.727176398314
ppo_hybrid_regime_aware_policy_seed_19,2020-01-23,10200.642909479642,0.0011468729613461903,0.0,1.0,0.0,0.001146215804953398,0.0006929085039004807,0.027874852178532052,-0.8850059128587179,10188.957469653391
ppo_hybrid_regime_aware_policy_seed_19,2020-01-24,10109.927785303242,-0.008893079091328415,0.0,1.0,0.0,-0.009188544349684698,0.009579825505100613,0.028771036533955793,-0.8491585386417684,10200.642909479642
ppo_hybrid_regime_aware_policy_seed_19,2020-01-27,9947.87160579183,-0.016029410194896898,0.0,1.0,0.0,-0.016888458693326593,0.025455676747380772,0.045930633652293995,-0.1627746539082402,10109.927785303242
ppo_hybrid_regime_aware_policy_seed_19,2020-01-28,10017.837227013923,0.007033225195765214,0.30000000000000004,0.7021846027555861,0.29781539724441386,0.005758607428239833,0.018601487058690483,0.08554204613274374,1.4216818453097495,9944.887244310092
ppo_hybrid_regime_aware_policy_seed_19,2020-01-29,10006.581234924082,-0.001123595027027191,0.29781539724441386,1.0,0.0,-0.0016422565788129608,0.019704181547363173,0.06466591655895661,0.5866366623582641,10014.85376084063
ppo_hybrid_regime_aware_policy_seed_19,2020-01-30,10039.056134922424,0.003245354156022895,0.0,1.0,0.0,0.0032400993602699547,0.016522774438815988,0.06607183339398613,0.6428733357594455,10006.581234924082
ppo_hybrid_regime_aware_policy_seed_19,2020-01-31,9949.827747187994,-0.008888125191773288,0.54,0.45545158551911225,0.5445484144808878,-0.01282247909709244,0.025264043142861698,0.05635553780463044,0.2542215121852175,10033.635044609566
ppo_hybrid_regime_aware_policy_seed_19,2020-02-03,9973.806436910883,0.002409960285962409,0.11545158551911222,0.34166276463843426,0.6583372353615657,-0.0016381163894132688,0.022914968197536457,0.09273243329032357,1.7092973316129427,9948.679023798939
ppo_hybrid_regime_aware_policy_seed_19,2020-02-04,10042.544118188658,0.0068918202606571555,0.11833723536156576,0.4637595747345233,0.5362404252654767,0.004098674367482428,0.016181073778975437,0.0830755727155784,1.3230229086231358,9972.626164231107
ppo_hybrid_regime_aware_policy_seed_19,2020-02-05,10095.853000981493,0.005308304565601496,0.0037595747345232633,0.46285336808892785,0.5371466319110721,0.0026966258164647016,0.010958663281191243,0.06219770898513473,0.4879083594053889,10042.506362493521
ppo_hybrid_regime_aware_policy_seed_19,2020-02-06,10111.450847355052,0.001544975582751018,0.0028533680889278323,0.46083453829216925,0.5391654617078308,-0.0010524967163210545,0.009430618565629337,0.05243970020511787,0.0975880082047145,10095.82419379671
ppo_hybrid_regime_aware_policy_seed_19,2020-02-07,10086.652771575764,-0.0024524745413537774,0.000834538292169229,0.4586728596203528,0.5413271403796471,-0.005171162195347892,0.011859964755041696,0.05039364312487842,0.0157457249951368,10111.442408962132
ppo_hybrid_regime_aware_policy_seed_19,2020-02-10,10156.451953941774,0.006919954909393233,0.5413271403796471,1.0,0.0,0.006084131196546679,0.00502208026698036,0.05597764789693793,0.2391059158775173,10081.192592674925
ppo_hybrid_regime_aware_policy_seed_19,2020-02-11,10174.053590831882,0.001733049786473595,0.0,1.0,0.0,0.0017315497884897969,0.003297733995641185,0.05133217854544067,0.0532871418176267,10156.451953941774
ppo_hybrid_regime_aware_policy_seed_19,2020-02-12,10239.602694138466,0.006442771577855,0.0,1.0,0.0,0.006422105641496987,0.0,0.0528898940800269,0.1155957632010759,10174.053590831882
ppo_hybrid_regime_aware_policy_seed_19,2020-02-13,10228.677380532625,-0.0010669665544831286,0.0,1.0,0.0,-0.001107336244393534,0.0010669665544831635,0.03730208385651298,-0.5079166457394809,10239.602694138466
ppo_hybrid_regime_aware_policy_seed_19,2020-02-14,10245.064887886645,0.0016021140118476218,0.0,1.0,0.0,0.001600831996301532,0.0,0.04182547402406811,-0.3269810390372755,10228.677380532625
ppo_hybrid_regime_aware_policy_seed_19,2020-02-18,10218.663358660968,-0.0025769997081124263,0.0,1.0,0.0,-0.0026752179181179668,0.0025769997081124723,0.03682267807585717,-0.5270928769657132,10245.064887886645
ppo_hybrid_regime_aware_policy_seed_19,2020-02-19,10267.521190702142,0.00478123511131856,0.0,1.0,0.0,0.004769841309919101,0.0,0.04933321474401381,-0.0266714102394479,10218.663358660968
ppo_hybrid_regime_aware_policy_seed_19,2020-02-20,10225.339681945235,-0.00410824657416875,0.0,1.0,0.0,-0.004299366445413106,0.004108246574168702,0.044461265644621474,-0.2215493742151412,10267.521190702142
ppo_hybrid_regime_aware_policy_seed_19,2020-02-21,10120.036402844438,-0.010298267087080704,0.0,1.0,0.0,-0.01093858667645562,0.014364205840769065,0.057227756844051014,0.2891102737620407,10225.339681945235
ppo_hybrid_regime_aware_policy_seed_19,2020-02-24,9882.126345012004,-0.023508814431296376,0.30000000000000004,0.6928697315118786,0.3071302684881214,-0.026745083748184836,0.037535334822501876,0.0736057568899363,0.9442302755974517,10117.000391923584
ppo_hybrid_regime_aware_policy_seed_19,2020-02-25,9742.110324664087,-0.014168612650716672,0.23286973151187856,0.45236654333292764,0.5476334566670724,-0.018915848974101503,0.05117212385340352,0.125,4.22184436454829,9879.825096903274
ppo_hybrid_regime_aware_policy_seed_19,2020-02-26,9740.882527406757,-0.00012602990691057414,0.5743112855356864,-0.1214417318726377,1.1214417318726377,-0.010197631016292936,0.051291704542308456,0.125,5.095597825897003,9736.515320759698
ppo_hybrid_regime_aware_policy_seed_19,2020-02-27,9799.778517160634,0.006046268352807749,0.01348609405509664,-0.12809177458857043,1.1280917745885704,-0.0028385860572400666,0.04555555959943647,0.125,4.734416174629932,9740.751160948812
ppo_hybrid_regime_aware_policy_seed_19,2020-02-28,9807.908077827029,0.0008295657552015445,0.09103962838078991,-0.21800999431870677,1.2180099943187068,-0.006055504127189265,0.044763785176437754,0.125,7.883651998287038,9798.886348966218
ppo_hybrid_regime_aware_policy_seed_19,2020-03-02,9716.496022108404,-0.009320239850665213,0.002859728625042246,-0.22657879929887234,1.2265787992988724,-0.0173220977169247,0.05366681581263496,0.125,7.25629335652188,9807.880029871547
ppo_hybrid_regime_aware_policy_seed_19,2020-03-03,9747.74644923035,0.003216223940280649,0.11038290124284209,-0.11249465716464041,1.1124946571646404,-0.006306272393546521,0.050623196370169626,0.125,5.011807423017717,9715.42348708757
ppo_hybrid_regime_aware_policy_seed_19,2020-03-04,9691.142501385417,-0.005806875275197854,0.02506283032315254,-0.14417304725616076,1.1441730472561606,-0.015327110709038727,0.05613610905801401,0.125,5.553507894223165,9747.50214311506
ppo_hybrid_regime_aware_policy_seed_19,2020-03-05,9716.290931895936,0.0025949913033394,0.0641730472561608,-0.07713553576114515,1.0771355357611452,-0.007872629443917123,0.0536867904694834,0.125,4.134371804762353,9690.520591239709
ppo_hybrid_regime_aware_policy_seed_19,2020-03-06,9735.34066733904,0.00196059747249544,0.04414041848537578,-0.11903248838828852,1.1190324883882885,-0.007320859223683523,0.05183145118268892,0.125,5.629034102683704,9715.862050748075
ppo_hybrid_regime_aware_policy_seed_19,2020-03-09,9834.261778105169,0.010161032278818816,0.011224765258562017,-0.11887563532794551,1.1188756353279454,0.0011218119703765468,0.04219707995239552,0.125,5.7327036136449925,9735.231390425337
ppo_hybrid_regime_aware_policy_seed_19,2020-03-10,9741.061145067199,-0.009477135665177272,0.06306814366375366,-0.1931771375972401,1.1931771375972402,-0.01839145506941434,0.051274308166189594,0.125,7.443963267849547,9833.64154947052
ppo_hybrid_regime_aware_policy_seed_19,2020-03-11,9801.100169736315,0.006163499415001716,0.06539257071796767,-0.12080275104681878,1.1208027510468188,-0.002990977885296097,0.045426837919574886,0.125,5.643705476690732,9740.424152037402
ppo_hybrid_regime_aware_policy_seed_19,2020-03-12,9940.760519635762,0.01424945643660358,0.028431334036189,-0.13305597901168847,1.1330559790116885,0.0056363146564220885,0.03182468923095886,0.125,6.253245263583844,9800.821511383467
ppo_hybrid_regime_aware_policy_seed_19,2020-03-13,9772.20713884056,-0.016955783258460144,0.06454675078567479,-0.21818063525343323,1.2181806352534332,-0.026507669310655717,0.04824085995655101,0.125,8.326319460410785,9940.11887584388
ppo_hybrid_regime_aware_policy_seed_19,2020-03-16,9905.501061946086,0.01364010414553496,0.09266814974928289,-0.11026406881689135,1.1102640688168914,0.004310244920528925,0.035258766164893506,0.125,5.461591493098656,9771.301566486038
ppo_hybrid_regime_aware_policy_seed_19,2020-03-17,9812.294594868365,-0.009409566108249945,0.06285941484094551,-0.184192479220233,1.184192479220233,-0.018542612766805296,0.04433656258201956,0.125,7.637808953676683,9904.878407945625
ppo_hybrid_regime_aware_policy_seed_19,2020-03-18,9882.121496826943,0.0071162663619064315,0.0427949982555724,-0.13328388487304113,1.133283884873041,-0.001648272832509099,0.037535807009018055,0.125,6.268315464708368,9811.874677738295
ppo_hybrid_regime_aware_policy_seed_19,2020-03-19,9879.067554211806,-0.00030903714512287017,0.00826067651306725,-0.14188801726866843,1.1418880172686685,-0.009029926862826245,0.03783324419550302,0.125,5.854942756782667,9882.039863817996
ppo_hybrid_regime_aware_policy_seed_19,2020-03-20,9939.015268479845,0.006068155110699802,0.01690563163329248,-0.11817808901205928,1.1181780890120594,-0.0030885160398007932,0.03199466707892252,0.125,5.105067223695603,9878.900542334854
ppo_hybrid_regime_aware_policy_seed_19,2020-03-23,9968.115372594972,0.0029278659232381266,0.0035277393950549074,-0.11139240945805662,1.1113924094580567,-0.006475786402938981,0.02916047725115001,0.125,4.3536582146712695,9938.980206224134
ppo_hybrid_regime_aware_policy_seed_19,2020-03-24,9878.46739219158,-0.008993473395167317,0.012264420642749019,-0.10908907170657656,1.1090890717065767,-0.019968389375661567,0.037891696669968764,0.125,3.820195907751789,9967.993119435027
ppo_hybrid_regime_aware_policy_seed_19,2020-03-25,9866.349785391882,-0.0012266687046289526,0.029089071706576597,-0.08129497450825862,1.0812949745082587,-0.011786578804343417,0.03907188481612732,0.125,3.70585945184924,9878.180036745258
ppo_hybrid_regime_aware_policy_seed_19,2020-03-26,9820.24953132071,-0.00467247311051433,0.0012949745082586617,-0.08506855507417992,1.0850685550741799,-0.015614604544936015,0.04356179559546119,0.125,3.772196338990945,9866.33700872042
ppo_hybrid_regime_aware_policy_seed_19,2020-03-27,9843.599845174213,0.0023777719475488457,0.005068555074179956,-0.07743263686121782,1.077432636861218,-0.008000653311607328,0.04128760366346415,0.125,3.430434764329368,9820.199756845117
ppo_hybrid_regime_aware_policy_seed_19,2020-03-30,9818.000403000528,-0.0026006179219317804,0.0025673631387821416,-0.08281321068963388,1.082813210689634,-0.013287512027718183,0.043780848303355116,0.125,3.6779857984602273,9843.574573078817
ppo_hybrid_regime_aware_policy_seed_19,2020-03-31,9829.680036043364,0.0011896142354268502,0.002813210689633916,-0.07871370854881535,1.0787137085488154,-0.009183312610948815,0.042643316388308906,0.1237167858390428,2.9486714335617124,9817.972782896843
ppo_hybrid_regime_aware_policy_seed_19,2020-04-01,9865.058027087223,0.0035990989446386124,0.0012862914511846124,-0.0761255285511256,1.0761255285511255,-0.006777291750647527,0.039197694958679356,0.11568124791670238,2.6272499166680947,9829.667392209965
ppo_hybrid_regime_aware_policy_seed_19,2020-04-02,9846.808668201309,-0.0018498987878029505,0.0038744714488743587,-0.08199740125181693,1.081997401251817,-0.01244033251484655,0.04097508197809356,0.12091280156372242,2.836512062548897,9865.019805201557
ppo_hybrid_regime_aware_policy_seed_19,2020-04-03,9858.175191076742,0.0011543357100192164,0.001997401251816966,-0.07875260015800938,1.0787526001580094,-0.009217326125053741,0.03986804526842252,0.10848774215024073,2.3395096860096287,9846.789000173349
ppo_hybrid_regime_aware_policy_seed_19,2020-04-06,10157.282680631188,0.030341060465753023,0.5387526001580094,0.47618405758580007,0.5238159424141999,0.026489745196751735,0.01073662357481005,0.10023588717597742,2.0094354870390974,9852.864073559736
ppo_hybrid_regime_aware_policy_seed_19,2020-04-07,10161.881586199024,0.0004527692801743477,0.01618405758580005,0.4602531201973407,0.5397468798026592,-0.0021636092752861523,0.010288715507963198,0.09682240979528323,1.8728963918113288,10157.11829458337
ppo_hybrid_regime_aware_policy_seed_19,2020-04-08,10318.7933707015,0.015441213634646012,0.0002531201973406949,0.4682115950541039,0.5317884049458961,0.012730831597825027,0.0,0.09889164313295165,1.955665725318066,10161.879014021551
ppo_hybrid_regime_aware_policy_seed_19,2020-04-09,10390.939453763593,0.006991717003166142,0.008211595054103904,0.463753716519425,0.536246283480575,0.004363070891113595,0.0,0.09237492716873016,1.6949970867492063,10318.708636948893
ppo_hybrid_regime_aware_policy_seed_19,2020-04-13,10322.090718467618,-0.006625843178312163,0.23624628348057497,0.6980703352757005,0.3019296647242995,-0.00839175360223997,0.006625843178312202,0.08896869988893058,1.558747995557223,10388.48463293577
ppo_hybrid_regime_aware_policy_seed_19,2020-04-14,10535.170050908497,0.020643040082921393,0.0019296647242994514,0.7060682243262939,0.2939317756737061,0.01962996561450966,0.0,0.08771673004921572,1.5086692019686287,10322.070800293277
ppo_hybrid_regime_aware_policy_seed_19,2020-04-15,10378.4104215097,-0.014879648704415493,0.006068224326293947,0.6954705289174479,0.30452947108255213,-0.017011121094693923,0.014879648704415462,0.08135659414890656,1.2542637659562617,10535.106121133313
ppo_hybrid_regime_aware_policy_seed_19,2020-04-16,10413.41121642255,0.003372462014058497,0.004529471082552083,0.7010096922966259,0.2989903077033741,0.0025599938107300287,0.011557367740395138,0.0865171255733066,1.460685022932264,10378.363412799812
ppo_hybrid_regime_aware_policy_seed_19,2020-04-17,10610.326499253919,0.018909776896241404,0.0010096922966259525,0.7055679473346925,0.2944320526653075,0.017931694954146222,0.0,0.08490917686031055,1.396367074412422,10413.400702081462
ppo_hybrid_regime_aware_policy_seed_19,2020-04-20,10479.415379182448,-0.01233808592795671,0.005567947334692569,0.6962540264624228,0.30374597353757715,-0.014224768797651093,0.012338085927956674,0.08117830045369939,1.2471320181479757,10610.267421514767
ppo_hybrid_regime_aware_policy_seed_19,2020-04-21,10256.64457284074,-0.02125794219248589,0.0037459735375771075,0.6934852509761682,0.3065147490238318,-0.02419930976427164,0.033333745803020176,0.09080659893160263,1.632263957264105,10479.37612356975
ppo_hybrid_regime_aware_policy_seed_19,2020-04-22,10415.9257754231,0.015529562465694813,0.006514749023831756,0.7045895494692437,0.2954104505307563,0.014600440732494911,0.01832184182498891,0.09312720635325883,1.7250882541303527,10256.57775337552
ppo_hybrid_regime_aware_policy_seed_19,2020-04-23,10415.354987523171,-5.479953604081711e-05,0.0045895494692437255,0.6999849361785382,0.3000150638214618,-0.0008663539564723286,0.018375637332598345,0.08678409937330762,1.4713639749323046,10415.877971016485
ppo_hybrid_regime_aware_policy_seed_19,2020-04-24,10516.978448825226,0.009757080908312066,1.5063821461769322e-05,0.7028988445310103,0.29710115546898974,0.008909765377150521,0.008797849004482244,0.08542056152152509,1.4168224608610036,10415.354830628123
ppo_hybrid_regime_aware_policy_seed_19,2020-04-27,10623.094565252532,0.010089981351930843,0.002898844531010303,0.7029976181477277,0.29700238185227235,0.009235069065509626,0.0,0.07575301030696398,1.0301204122785588,10516.947961739766
ppo_hybrid_regime_aware_policy_seed_19,2020-04-28,10588.868198008246,-0.0032218829488949163,0.0029976181477276986,0.6990312130827261,0.3009687869172739,-0.0042603827289283995,0.0032218829488949684,0.07101496742139089,0.8405986968556356,10623.062721271477
ppo_hybrid_regime_aware_policy_seed_19,2020-04-29,10782.89816388632,0.018323957032024607,0.0009687869172738672,0.705398554858422,0.29460144514157804,0.01735664323549027,0.0,0.07134194533047836,0.853677813219134,10588.857939651267
ppo_hybrid_regime_aware_policy_seed_19,2020-04-30,10679.355113717875,-0.009602525090631753,0.29460144514157804,1.0,0.0,-0.010735716790879212,0.009602525090631796,0.06715816887274638,0.6863267549098547,10779.721506504426
ppo_hybrid_regime_aware_policy_seed_19,2020-05-01,10478.30726092114,-0.018825842071539034,0.30000000000000004,0.6943356104759263,0.3056643895240737,-0.0215988153620365,0.028247591541326583,0.07205719592623516,0.8822878370494066,10676.15130718376
ppo_hybrid_regime_aware_policy_seed_19,2020-05-04,10498.478871430007,0.001925082936258038,0.005664389524073665,0.7005781112855634,0.29942188871443665,0.0011147357544713508,0.026376887561535216,0.07710889630063836,1.0843558520255343,10478.24790770726
ppo_hybrid_regime_aware_policy_seed_19,2020-05-05,10566.371954866376,0.006466944808654951,0.0005781112855633985,0.7019277899646779,0.29807221003532214,0.005645256671315695,0.0200805206289647,0.07481275307170542,0.992510122868216,10498.47280214089
ppo_hybrid_regime_aware_policy_seed_19,2020-05-06,10516.21313378433,-0.004747023982905052,0.0019277899646779062,0.6985696813853509,0.3014303186146491,-0.0058896191528650145,0.024732221898854875,0.07059795187311808,0.8239180749247235,10566.351585120558
ppo_hybrid_regime_aware_policy_seed_19,2020-05-07,10605.026017326976,0.008445329360749376,0.0014303186146490399,0.7025128064259224,0.2974871935740776,0.007607721609321065,0.01649576429786448,0.07134544434715427,0.8538177738861711,10516.19809224893
ppo_hybrid_regime_aware_policy_seed_19,2020-05-08,10777.291804208804,0.016243787294851764,0.2974871935740776,1.0,0.0,0.015667037707836007,0.0005199306895332837,0.0666386890877542,0.6655475635101678,10601.8711578993
ppo_hybrid_regime_aware_policy_seed_19,2020-05-11,10779.502894316542,0.00020516194122843778,0.0,1.0,0.0,0.00020514089839544992,0.0003148754182943399,0.060627329639676986,0.4250931855870794,10777.291804208804
ppo_hybrid_regime_aware_policy_seed_19,2020-05-12,10564.650391309486,-0.01993157802483969,0.0,1.0,0.0,-0.021325304331151967,0.02024017747916624,0.05984415768468687,0.393766307387475,10779.502894316542
ppo_hybrid_regime_aware_policy_seed_19,2020-05-13,10377.805404555222,-0.01768586558320595,0.0,1.0,0.0,-0.01904212820873063,0.03756807800409545,0.0691369912994055,0.7654796519762199,10564.650391309486
ppo_hybrid_regime_aware_policy_seed_19,2020-05-14,10461.60208632033,0.008074605227067266,0.30000000000000004,0.7024922575721011,0.2975077424278989,0.006792180032431434,0.029796820176050922,0.0728297843320827,0.9131913732833082,10374.692062933855
ppo_hybrid_regime_aware_policy_seed_19,2020-05-15,10506.567005742852,0.004298091157693529,0.2975077424278989,1.0,0.0,0.0038426191322802217,0.02562679846768341,0.06812990347257196,0.7251961389028778,10458.48967870145
ppo_hybrid_regime_aware_policy_seed_19,2020-05-18,10648.026301257005,0.013463893147669603,0.54,0.4674616395817069,0.5325383604182932,0.009972060372655439,0.012507941796299582,0.066776085884898,0.6710434353959198,10500.893459559751
ppo_hybrid_regime_aware_policy_seed_19,2020-05-19,10533.046242043849,-0.010798250864536563,0.5325383604182932,1.0,0.0,-0.012319570763695378,0.02317112876752063,0.062250443586263096,0.4900177434505237,10642.355818788843
ppo_hybrid_regime_aware_policy_seed_19,2020-05-20,10711.981814664505,0.016988017379665044,0.0,1.0,0.0,0.016845334676130815,0.0065767429260647405,0.0642543561280439,0.5701742451217557,10533.046242043849
ppo_hybrid_regime_aware_policy_seed_19,2020-05-21,10638.026901047735,-0.006903943163488857,0.0,1.0,0.0,-0.007338175223603322,0.01343528063019115,0.059821728805877716,0.3928691522351087,10711.981814664505
ppo_hybrid_regime_aware_policy_seed_19,2020-05-22,10658.229251136574,0.0018990692801170717,0.0,1.0,0.0,0.001897268327780096,0.011561725878788605,0.06235722663047161,0.4942890652188644,10638.026901047735
ppo_hybrid_regime_aware_policy_seed_19,2020-05-26,10789.544526714033,0.012320552737543622,0.0,1.0,0.0,0.012245272426979939,0.0,0.059935900268373934,0.3974360107349571,10658.229251136574
ppo_hybrid_regime_aware_policy_seed_19,2020-05-27,10950.082198934982,0.014879003633885723,0.0,1.0,0.0,0.014769397145406274,0.0,0.059597604475615434,0.3839041790246172,10789.544526714033
ppo_hybrid_regime_aware_policy_seed_19,2020-05-28,10929.879848846143,-0.0018449496288533984,0.0,1.0,0.0,-0.0019552495526634146,0.001844949628853372,0.05886117774731773,0.3544471098927093,10950.082198934982
ppo_hybrid_regime_aware_policy_seed_19,2020-05-29,10978.582375324619,0.004455906849114788,0.0,1.0,0.0,0.004446008688818559,0.0,0.06044702434027547,0.4178809736110189,10929.879848846143
ppo_hybrid_regime_aware_policy_seed_19,2020-06-01,11022.954883116476,0.004041733830006056,0.0,1.0,0.0,0.004033587965397369,0.0,0.05852981963772587,0.3411927855090347,10978.582375324619
ppo_hybrid_regime_aware_policy_seed_19,2020-06-02,11114.226568643182,0.008280146883890893,0.0,1.0,0.0,0.008246054531519834,0.0,0.05969563402348817,0.3878253609395267,11022.954883116476
ppo_hybrid_regime_aware_policy_seed_19,2020-06-03,11262.137496822232,0.01330825201965502,0.0,1.0,0.0,0.013220475147309174,0.0,0.057263015586272725,0.290520623450909,11114.226568643182
ppo_hybrid_regime_aware_policy_seed_19,2020-06-04,11232.55509099732,-0.002626713253435109,0.0,1.0,0.0,-0.002775127771285249,0.0026267132534350587,0.05518632586425479,0.2074530345701913,11262.137496822232
ppo_hybrid_regime_aware_policy_seed_19,2020-06-05,11520.44023118155,0.025629532893630236,0.0,1.0,0.0,0.02530660249279807,0.0,0.05537865157425657,0.2151460629702627,11232.55509099732
ppo_hybrid_regime_aware_policy_seed_19,2020-06-08,11659.693323878386,0.012087480157219055,0.0,1.0,0.0,0.01201500997240837,0.0,0.053113419039856696,0.1245367615942675,11520.44023118155
ppo_hybrid_regime_aware_policy_seed_19,2020-06-09,11572.750556092786,-0.007456694217466753,0.0,1.0,0.0,-0.007896686234889408,0.007456694217466795,0.055259325439395594,0.2103730175758235,11659.693323878386
ppo_hybrid_regime_aware_policy_seed_19,2020-06-10,11508.174597266578,-0.0055800009265912776,0.0,1.0,0.0,-0.00591794375948008,0.012995086783415353,0.058196754146907594,0.3278701658763039,11572.750556092786
ppo_hybrid_regime_aware_policy_seed_19,2020-06-11,10844.740429804167,-0.057648948741183426,0.0,1.0,0.0,-0.06268441430381393,0.06989488243273444,0.05811982833097154,0.3247931332388614,11508.174597266578
ppo_hybrid_regime_aware_policy_seed_19,2020-06-12,10932.370860209998,0.008080454389207903,0.30000000000000004,0.7024939837944637,0.2975060162055363,0.006797982326369844,0.0623792104530634,0.08052769972820062,1.221107989128025,10841.487007675227
ppo_hybrid_regime_aware_policy_seed_19,2020-06-15,11003.785926511555,0.006532440878079138,0.00249398379446375,0.7019477568520809,0.2980522431479191,0.0057074559767450305,0.05625425807929014,0.07233137740190033,0.8932550960760133,10932.343595054237
ppo_hybrid_regime_aware_policy_seed_19,2020-06-16,11212.240581518674,0.01894390316199135,0.2980522431479191,1.0,0.0,0.018319623489059966,0.03837603013480245,0.06930409382423976,0.7721637529695902,11000.506223433038
ppo_hybrid_regime_aware_policy_seed_19,2020-06-17,11165.666654225175,-0.004153846588902832,0.0,1.0,0.0,-0.004433824042496717,0.04237046858183417,0.06792601037792304,0.717040415116921,11212.240581518674
ppo_hybrid_regime_aware_policy_seed_19,2020-06-18,11161.613665066432,-0.0003629867597031433,0.54,0.4600956218592291,0.5399043781407709,-0.003788500246885708,0.04271807542243972,0.06745434440016078,0.6981737760064307,11159.637194231893
ppo_hybrid_regime_aware_policy_seed_19,2020-06-19,11043.237830681202,-0.010605620113489644,0.5399043781407709,1.0,0.0,-0.01214647899812515,0.05287064385601959,0.06642278805899425,0.6569115223597698,11155.587460981547
ppo_hybrid_regime_aware_policy_seed_19,2020-06-22,11114.08216122407,0.006415177471415401,0.0,1.0,0.0,0.0063946878036367834,0.04679464094796856,0.06998922628506572,0.7995690514026287,11043.237830681202
ppo_hybrid_regime_aware_policy_seed_19,2020-06-23,11165.247753711397,0.00460367232715253,0.0,1.0,0.0,0.0045931078389241774,0.04240639581440725,0.06417064143272055,0.5668256573088222,11114.08216122407
ppo_hybrid_regime_aware_policy_seed_19,2020-06-24,10880.436729227917,-0.025508706189596886,0.0,1.0,0.0,-0.027387899681303274,0.06683336971261467,0.06338098229258567,0.5352392917034265,11165.247753711397
ppo_hybrid_regime_aware_policy_seed_19,2020-06-25,10928.188644384076,0.0043887866217615645,0.54,0.4626499148648436,0.5373500851351565,0.0009771839834579565,0.06273790048973503,0.06746174225341804,0.6984696901367211,10874.561293394134
ppo_hybrid_regime_aware_policy_seed_19,2020-06-26,10808.762088276602,-0.010928302941480283,0.002649914864843561,0.4540349595970461,0.5459650404029539,-0.014246030247362308,0.07298058464875101,0.06459243258577882,0.5836973034311527,10928.15968561454
ppo_hybrid_regime_aware_policy_seed_19,2020-06-29,10871.719589214079,0.00582467265199238,0.05403495959704607,0.4035067986129768,0.5964932013870232,0.0025267223912796817,0.06758100001228863,0.06872763138786285,0.7491052555145135,10808.178037253869
ppo_hybrid_regime_aware_policy_seed_19,2020-06-30,10927.385980534895,0.005120293148109134,0.003506798612976758,0.40305861894241957,0.5969413810575804,0.0019019688250190478,0.06280674139548487,0.06359659577141319,0.5438638308565273,10871.681464282903
ppo_hybrid_regime_aware_policy_seed_19,2020-07-01,10961.972124966702,0.003165088566782215,0.056941381057580454,0.46173440662126636,0.5382655933787337,0.0004826781464120024,0.05984044172781036,0.06119401225947546,0.4477604903790185,10926.763760085814
ppo_hybrid_regime_aware_policy_seed_19,2020-07-02,10985.44077172863,0.0021409146542596957,0.061734406621266336,0.40131876607092193,0.5986812339290781,-0.0011539754477219162,0.05782764035216302,0.05801359204750794,0.3205436819003172,10961.295394122168
ppo_hybrid_regime_aware_policy_seed_19,2020-07-06,11062.800718653161,0.007042043057900793,0.05868123392907809,0.46380757798944017,0.5361924220105598,0.004337341816275936,0.051192822027559044,0.05631630438442913,0.2526521753771651,10984.79613250889
ppo_hybrid_regime_aware_policy_seed_19,2020-07-07,11010.273038021534,-0.004748135844394152,0.0038075779894401474,0.45742584027608707,0.5425741597239129,-0.007612442764655971,0.05569788739870849,0.05666673528152797,0.2666694112611186,11062.758596176644
ppo_hybrid_regime_aware_policy_seed_19,2020-07-08,11048.98291775563,0.003515796529333981,0.00257415972391295,0.46189326384164775,0.5381067361583523,0.0009137693250887159,0.05237791330858218,0.05911223980817635,0.3644895923270537,11010.24469582013
ppo_hybrid_regime_aware_policy_seed_19,2020-07-09,11020.027598759409,-0.00262063207190677,0.0018932638416477299,0.4585821654208742,0.5414178345791258,-0.005359758639169144,0.05486128214101295,0.05671602315656343,0.2686409262625371,11048.961999115783
ppo_hybrid_regime_aware_policy_seed_19,2020-07-10,11071.771329461488,0.004695426598378516,0.0014178345791258096,0.4625244426585917,0.5374755573414083,0.0020903107167147355,0.05042345266602059,0.05863158104837518,0.3452632419350072,11020.011974183217
ppo_hybrid_regime_aware_policy_seed_19,2020-07-13,10970.00199347896,-0.009191784489960053,0.5374755573414083,1.0,0.0,-0.010522026027057102,0.05915175564583484,0.055168007503761454,0.2067203001504579,11065.82052299543
ppo_hybrid_regime_aware_policy_seed_19,2020-07-14,11112.16244364292,0.012959017714715637,0.0,1.0,0.0,0.012875768095466747,0.04695928658039013,0.06343929121827113,0.5375716487308452,10970.00199347896
ppo_hybrid_regime_aware_policy_seed_19,2020-07-15,11214.252476256512,0.009187233639839087,0.0,1.0,0.0,0.009145287724412185,0.038203478877925266,0.05875544026402363,0.3502176105609451,11112.16244364292
ppo_hybrid_regime_aware_policy_seed_19,2020-07-16,11177.318873581784,-0.0032934520381920906,0.0,1.0,0.0,-0.0034751325232015187,0.041371109590740834,0.055639419648012646,0.2255767859205059,11214.252476256512
ppo_hybrid_regime_aware_policy_seed_19,2020-07-17,11209.722702910673,0.0028990699554503063,0.0,1.0,0.0,0.002894875756376014,0.03859197737612868,0.05596170425336893,0.2384681701347573,11177.318873581784
ppo_hybrid_regime_aware_policy_seed_19,2020-07-20,11300.314979846204,0.008081580547216305,0.0,1.0,0.0,0.008049099456827503,0.030822281002553978,0.051890332551160406,0.0756133020464162,11209.722702910673
ppo_hybrid_regime_aware_policy_seed_19,2020-07-21,11324.356805045594,0.0021275358467678362,0.0,1.0,0.0,0.002125275847297115,0.028760320663498207,0.04972078672603769,-0.0111685309584925,11300.314979846204
ppo_hybrid_regime_aware_policy_seed_19,2020-07-22,11388.815692422284,0.005692057260856531,0.0,1.0,0.0,0.005675918714983156,0.02323196879469891,0.05029878067306263,0.011951226922505,11324.356805045594
ppo_hybrid_regime_aware_policy_seed_19,2020-07-23,11252.927808682525,-0.011931695745166393,0.0,1.0,0.0,-0.012578252950673979,0.034886467756645716,0.04932028307814086,-0.0271886768743657,11388.815692422284
ppo_hybrid_regime_aware_policy_seed_19,2020-07-24,11180.454625130345,-0.006440384652273479,0.0,1.0,0.0,-0.0067861023920404275,0.04110217013740721,0.0522690702250633,0.0907628090025317,11252.927808682525
ppo_hybrid_regime_aware_policy_seed_19,2020-07-27,11261.9873553742,0.0072924342504456785,0.0,1.0,0.0,0.007265973018451793,0.03410947076023919,0.051766157781084635,0.0706463112433853,11180.454625130345
ppo_hybrid_regime_aware_policy_seed_19,2020-07-28,11190.559422338209,-0.006342391514221113,0.0,1.0,0.0,-0.006667501535976311,0.04023552665655604,0.049772906482605156,-0.009083740695794,11261.9873553742
ppo_hybrid_regime_aware_policy_seed_19,2020-07-29,11328.189035829255,0.012298725050001957,0.0,1.0,0.0,0.012223710163119286,0.028431647286145095,0.05090232672511195,0.0360930690044777,11190.559422338209
ppo_hybrid_regime_aware_policy_seed_19,2020-07-30,11287.770910324878,-0.0035679247032813777,0.0,1.0,0.0,-0.003742434134505664,0.03189813001271928,0.0485013832506863,-0.0599446699725481,11328.189035829255
ppo_hybrid_regime_aware_policy_seed_19,2020-07-31,11376.969165463135,0.007902202821698623,0.0,1.0,0.0,0.007871143932114598,0.024247992684014064,0.0495899225920358,-0.0164030963185681,11287.770910324878
ppo_hybrid_regime_aware_policy_seed_19,2020-08-03,11456.063686720603,0.006952160993595191,0.0,1.0,0.0,0.006928106146781003,0.017464407639329667,0.04902145722631262,-0.0391417109474953,11376.969165463135
ppo_hybrid_regime_aware_policy_seed_19,2020-08-04,11500.314043008642,0.0038626143759423748,0.0,1.0,0.0,0.0038551736353533476,0.01366925153540221,0.0486610193883254,-0.0535592244669842,11456.063686720603
ppo_hybrid_regime_aware_policy_seed_19,2020-08-05,11571.741976044636,0.0062109550025215565,0.0,1.0,0.0,0.006191746515834142,0.0075431956390852066,0.04776030168306423,-0.0895879326774309,11500.314043008642
ppo_hybrid_regime_aware_policy_seed_19,2020-08-06,11649.09370422374,0.006684536203731106,0.0,1.0,0.0,0.006662293756877345,0.0009090821996954505,0.04639782962960532,-0.1440868148157872,11571.741976044636
ppo_hybrid_regime_aware_policy_seed_19,2020-08-07,11657.456771680316,0.0007179157167860328,0.0,1.0,0.0,0.0007176581385700891,0.000191819127308411,0.04578213001615561,-0.1687147993537758,11649.09370422374
ppo_hybrid_regime_aware_policy_seed_19,2020-08-10,11692.299873322669,0.0029889110742402636,0.0,1.0,0.0,0.002984453160198847,0.0,0.044975260189659715,-0.2009895924136115,11657.456771680316
ppo_hybrid_regime_aware_policy_seed_19,2020-08-11,11595.783801244022,-0.008254669579494722,0.0,1.0,0.0,-0.008658776411493839,0.008254669579494684,0.044804747804529504,-0.2078100878188198,11692.299873322669
ppo_hybrid_regime_aware_policy_seed_19,2020-08-12,11757.456303261533,0.013942352219447729,0.0,1.0,0.0,0.013846051698275444,0.0,0.04810088927556398,-0.0759644289774409,11595.783801244022
ppo_hybrid_regime_aware_policy_seed_19,2020-08-13,11736.201458329619,-0.001807775796370037,0.0,1.0,0.0,-0.0018907800258549253,0.001807775796370052,0.04501013400379706,-0.1995946398481177,11757.456303261533
ppo_hybrid_regime_aware_policy_seed_19,2020-08-14,11736.550229610708,2.9717560858788516e-05,0.0,1.0,0.0,2.9717119300824814e-05,0.0017781119581984793,0.044747898841571765,-0.2100840463371293,11736.201458329619
ppo_hybrid_regime_aware_policy_seed_19,2020-08-17,11773.832603566523,0.0031766041320859806,0.0,1.0,0.0,0.003171569384628661,0.0,0.04460180611864587,-0.2159277552541653,11736.550229610708
ppo_hybrid_regime_aware_policy_seed_19,2020-08-18,11799.268450563188,0.002160371040858866,0.0,1.0,0.0,0.0021580407948689,0.0,0.04335708971557519,-0.2657164113769925,11773.832603566523
ppo_hybrid_regime_aware_policy_seed_19,2020-08-19,11750.139549648222,-0.0041637243123001655,0.0,1.0,0.0,-0.004353959872184875,0.004163724312300138,0.04360113907531295,-0.2559544369874821,11799.268450563188
ppo_hybrid_regime_aware_policy_seed_19,2020-08-20,11786.72438104186,0.0031135656933312106,0.0,1.0,0.0,0.003108728585502381,0.00106312264814423,0.045364606124483314,-0.1854157550206676,11750.139549648222
ppo_hybrid_regime_aware_policy_seed_19,2020-08-21,11828.536528343513,0.0035473933172565086,0.0,1.0,0.0,0.0035411161582373403,0.0,0.04562793179129521,-0.1748827283481915,11786.72438104186
ppo_hybrid_regime_aware_policy_seed_19,2020-08-24,11948.396883059371,0.010133151673383134,0.0,1.0,0.0,0.010082155503900299,0.0,0.045269085042443466,-0.1892365983022615,11828.536528343513
ppo_hybrid_regime_aware_policy_seed_19,2020-08-25,11990.207967033948,0.0034993049179556923,0.0,1.0,0.0,0.0034931965962736824,0.0,0.04495289860043653,-0.2018840559825389,11948.396883059371
ppo_hybrid_regime_aware_policy_seed_19,2020-08-26,12110.417093030894,0.010025608090155735,0.0,1.0,0.0,0.009975685076455696,0.0,0.04433697887874886,-0.2265208448500457,11990.207967033948
ppo_hybrid_regime_aware_policy_seed_19,2020-08-27,12136.89712721667,0.002186550139632537,0.0,1.0,0.0,0.002184163117804633,0.0,0.04648879378050918,-0.140448248779633,12110.417093030894
ppo_hybrid_regime_aware_policy_seed_19,2020-08-28,12215.294105911962,0.006459392204906322,0.0,1.0,0.0,0.006438619734780553,0.0,0.04855611877122384,-0.0577552491510467,12136.89712721667
ppo_hybrid_regime_aware_policy_seed_19,2020-08-31,12171.043749623921,-0.0036225371165337084,0.0,1.0,0.0,-0.003795284033542363,0.003622537116533672,0.04587106632519822,-0.1651573469920713,12215.294105911962
ppo_hybrid_regime_aware_policy_seed_19,2020-09-01,12285.677851758845,0.009418592562241423,0.0,1.0,0.0,0.009374514174085805,0.0,0.051872383067726006,0.0748953227090401,12171.043749623921
ppo_hybrid_regime_aware_policy_seed_19,2020-09-02,12463.377882800256,0.01446399890877581,0.0,1.0,0.0,0.014360393117624624,0.0,0.05131886661119325,0.0527546644477299,12285.677851758845
ppo_hybrid_regime_aware_policy_seed_19,2020-09-03,12034.459386649065,-0.03441430567094561,0.0,1.0,0.0,-0.036811542941196575,0.03441430567094562,0.052045748993995014,0.0818299597598005,12463.377882800256
ppo_hybrid_regime_aware_policy_seed_19,2020-09-04,11936.201584819133,-0.00816470426074467,0.0,1.0,0.0,-0.008704954747556623,0.042298027303548105,0.06427633649062119,0.5710534596248475,12034.459386649065
ppo_hybrid_regime_aware_policy_seed_19,2020-09-08,11610.069600516636,-0.027322928654060497,0.0,1.0,0.0,-0.029251372163102637,0.0684652499753863,0.05916679135291595,0.366671654116638,11936.201584819133
ppo_hybrid_regime_aware_policy_seed_19,2020-09-09,11709.206586674543,0.00853887957342625,0.54,0.46486108673542037,0.5351389132645796,0.005100629551450322,0.06051098692646446,0.060309465348645376,0.4123786139458149,11603.800162932357
ppo_hybrid_regime_aware_policy_seed_19,2020-09-10,11499.734801667395,-0.017889494344179857,0.5351389132645796,1.0,0.0,-0.019787899131975917,0.07731797031226263,0.0555569669792039,0.2222786791681557,11702.94053458656
ppo_hybrid_regime_aware_policy_seed_19,2020-09-11,11495.17535486453,-0.00039648277821191513,0.6,0.40012215876692014,0.5998778412330799,-0.004517429652031237,0.07768379784679941,0.057043966817164275,0.281758672686571,11492.834960786395
ppo_hybrid_regime_aware_policy_seed_19,2020-09-14,11555.736359286928,0.005268384565944917,0.00012215876692012184,0.4031445374025086,0.5968554625974913,0.002054371940914353,0.07282468140245463,0.05195071759417631,0.0780287037670524,11495.173950628083
ppo_hybrid_regime_aware_policy_seed_19,2020-09-15,11581.93435001039,0.0022670983405057576,0.05685546259749141,0.46125209642794185,0.5387479035720582,-0.00041275084333069486,0.07072268377630421,0.05006524672635984,0.0026098690543933,11555.079352550565
ppo_hybrid_regime_aware_policy_seed_19,2020-09-16,11560.77628932805,-0.0018268158014831393,0.001252096427941829,0.45901239142031125,0.5409876085796888,-0.004506444906052467,0.07242030226154147,0.04952838208345356,-0.0188647166618576,11581.919848311762
ppo_hybrid_regime_aware_policy_seed_19,2020-09-17,11513.992088120283,-0.004046804473757937,0.0009876085796887701,0.45780638174865057,0.5421936182513494,-0.006837098144548323,0.07617403593211648,0.05024378471676423,0.0097513886705692,11560.7648718062
ppo_hybrid_regime_aware_policy_seed_19,2020-09-18,11442.156671065055,-0.006238967032932474,0.05780638174865055,0.39626801990853133,0.6037319800914687,-0.009838602338569058,0.08193775566610312,0.05090151170736449,0.0360604682945794,11513.326505898187
ppo_hybrid_regime_aware_policy_seed_19,2020-09-21,11391.17563995897,-0.004455543877930457,0.0037319800914686896,0.397316958451953,0.6026830415480471,-0.007874393010633404,0.08602822227840408,0.049699866471422924,-0.0120053411430832,11442.113969164155
ppo_hybrid_regime_aware_policy_seed_19,2020-09-22,11437.549774649182,0.004071057821945612,0.0026830415480470493,0.40243433420279856,0.5975656657972015,0.0008587689258562334,0.08230739032367301,0.05308159680129915,0.123263872051966,11391.145076961448
ppo_hybrid_regime_aware_policy_seed_19,2020-09-23,11331.423095529402,-0.009278794952657154,0.002434334202798538,0.39438205587735786,0.6056179441226421,-0.012963112171540685,0.09082247187842847,0.05136175628281198,0.0544702513124791,11437.52193183057
ppo_hybrid_regime_aware_policy_seed_19,2020-09-24,11343.440768593122,0.0010605616754757463,0.00561794412264216,0.40063903004098816,0.5993609699590119,-0.0021484272389212153,0.08985823303589893,0.05434815882400469,0.1739263529601876,11331.359436227622
ppo_hybrid_regime_aware_policy_seed_19,2020-09-25,11416.789046138314,0.006466140128158715,0.0006390300409881422,0.40385513962191094,0.596144860378089,0.003244365782754459,0.08397312883421904,0.054138664695031674,0.1655465878012666,11343.433519793703
ppo_hybrid_regime_aware_policy_seed_19,2020-09-28,11492.594913564439,0.006639858818427102,0.003855139621910919,0.40395993496572685,0.5960400650342732,0.0034121293418218766,0.07789083973579264,0.05026411026417724,0.0105644105670897,11416.745032822508
ppo_hybrid_regime_aware_policy_seed_19,2020-09-29,11467.513916116011,-0.0021823615673449703,0.00395993496572683,0.3986901003459101,0.6013098996540899,-0.005491025183495976,0.07990321532804999,0.04986091699604464,-0.0055633201582145,11492.549403635994
ppo_hybrid_regime_aware_policy_seed_19,2020-09-30,11502.277390613233,0.003031474367636733,0.0013098996540898966,0.4018141709476482,0.5981858290523518,-0.0001750761350758135,0.0771139655095721,0.04993273154140854,-0.0026907383436588,11467.498894823499
ppo_hybrid_regime_aware_policy_seed_19,2020-10-01,11531.794318301689,0.0025661811731774176,0.001814170947648186,0.4015368533623108,0.5984631466376892,-0.0006398271039579701,0.07474567274287444,0.050056294868100905,0.002251794724036,11502.25652351576
ppo_hybrid_regime_aware_policy_seed_19,2020-10-02,11487.98140818215,-0.003799314218603911,0.0015368533623107972,0.39771264319361765,0.6022873568063823,-0.0071867448710773475,0.07826100466424721,0.05060393986331722,0.0241575945326884,11531.776595624817
ppo_hybrid_regime_aware_policy_seed_19,2020-10-05,11580.9700028738,0.008094424197572447,0.062287356806382366,0.4643692576148019,0.535630742385198,0.005376409025936293,0.07080005823655545,0.05221092359882967,0.0884369439531869,11487.265852185194
ppo_hybrid_regime_aware_policy_seed_19,2020-10-06,11505.187777277444,-0.006543685509724284,0.004369257614801891,0.4564455097575671,0.543554490242433,-0.009484345300496235,0.07688045043110953,0.05272721289307419,0.1090885157229678,11580.91940263243
ppo_hybrid_regime_aware_policy_seed_19,2020-10-07,11699.092274070417,0.016853657719166693,0.543554490242433,1.0,0.0,0.01589787892901263,0.061322509508804204,0.05537533114511557,0.2150132458046228,11498.934080800023
ppo_hybrid_regime_aware_policy_seed_19,2020-10-08,11802.775597010592,0.008862510057295214,0.0,1.0,0.0,0.008823468516178457,0.05300347080876929,0.05277137786403868,0.1108551145615472,11699.092274070417
ppo_hybrid_regime_aware_policy_seed_19,2020-10-09,11908.176166146655,0.00893015107080064,0.0,1.0,0.0,0.008890513079114816,0.044546648739567755,0.049662727280268215,-0.0134909087892714,11802.775597010592
ppo_hybrid_regime_aware_policy_seed_19,2020-10-12,12099.750223918018,0.016087606959996226,0.0,1.0,0.0,0.015959572761759168,0.029175690755878694,0.04716316320890402,-0.1134734716438392,11908.176166146655
ppo_hybrid_regime_aware_policy_seed_19,2020-10-13,12020.786235632879,-0.006526084160733192,0.0,1.0,0.0,-0.006846629915912835,0.03551137190329146,0.0472179323705023,-0.1112827051799082,12099.750223918018
ppo_hybrid_regime_aware_policy_seed_19,2020-10-14,11945.254644259106,-0.006283415235342593,0.0,1.0,0.0,-0.006599799353127457,0.041571654443389006,0.04893507491906667,-0.0425970032373333,12020.786235632879
ppo_hybrid_regime_aware_policy_seed_19,2020-10-15,11930.491984771572,-0.0012358597557926565,0.0,1.0,0.0,-0.0012951816119042882,0.042756137464473314,0.04943722334637656,-0.0225110661449376,11945.254644259106
ppo_hybrid_regime_aware_policy_seed_19,2020-10-16,11923.282484421414,-0.0006042919570593552,0.0,1.0,0.0,-0.0006336128250445584,0.043334592231547925,0.05037249525722183,0.014899810288873,11930.491984771572
ppo_hybrid_regime_aware_policy_seed_19,2020-10-19,11742.007712864564,-0.015203428401004304,0.0,1.0,0.0,-0.01606302108781191,0.05787918626227315,0.051072972629317315,0.0429189051726926,11923.282484421414
ppo_hybrid_regime_aware_policy_seed_19,2020-10-20,11789.042866144511,0.004005716435394158,0.0,1.0,0.0,0.003997714914079781,0.054105317434556995,0.05418166253454333,0.1672665013817332,11742.007712864564
ppo_hybrid_regime_aware_policy_seed_19,2020-10-21,11766.727047519598,-0.0018929287880528056,0.0,1.0,0.0,-0.0019921034770763067,0.05589582870965115,0.05438716670703689,0.1754866682814751,11789.042866144511
ppo_hybrid_regime_aware_policy_seed_19,2020-10-22,11831.270987364216,0.005485292518808249,0.0,1.0,0.0,0.005470303091080673,0.050717141161896545,0.05301615571583318,0.1206462286333273,11766.727047519598
ppo_hybrid_regime_aware_policy_seed_19,2020-10-23,11871.440299081223,0.003395181444149742,0.0,1.0,0.0,0.0033894308282106864,0.047494153614319926,0.05193367592265788,0.0773470369063149,11831.270987364216
ppo_hybrid_regime_aware_policy_seed_19,2020-10-26,11652.057120790474,-0.018479912526513598,0.0,1.0,0.0,-0.019547216708134755,0.06509637833652007,0.050812743472424066,0.0325097388969624,11871.440299081223
ppo_hybrid_regime_aware_policy_seed_19,2020-10-27,11611.887809073467,-0.0034474008581140136,0.0,1.0,0.0,-0.003645663678846577,0.06831936588409669,0.059667261875849004,0.38669047503396,11652.057120790474
ppo_hybrid_regime_aware_policy_seed_19,2020-10-28,11423.150303810527,-0.01625381749860355,0.54,0.4513743386249595,0.5486256613750404,-0.020715682238891506,0.08346273287799981,0.061170175928865804,0.4468070371546322,11605.617389656567
ppo_hybrid_regime_aware_policy_seed_19,2020-10-29,11461.347366304117,0.003343829108231944,0.11137433862495949,0.3422728343054169,0.6577271656945831,-0.0007008105647630963,0.08039798888541798,0.07370121084687047,0.9480484338748182,11421.878058000428
ppo_hybrid_regime_aware_policy_seed_19,2020-10-30,11412.895219905673,-0.004227438960701213,0.05772716569458314,0.3974875517011707,0.6025124482988293,-0.007789687665650324,0.08428555025554291,0.0686026656877769,0.7441066275110758,11460.68573520562
ppo_hybrid_regime_aware_policy_seed_19,2020-11-02,11464.034711528973,0.004480851759166793,0.002512448298829295,0.40267801871958847,0.5973219812804116,0.0012670739589485454,0.08018236955251104,0.06923180127960671,0.7692720511842686,11412.866545596493
ppo_hybrid_regime_aware_policy_seed_19,2020-11-03,11544.967047547128,0.0070596729733174435,0.0026780187195884486,0.4042077055699305,0.5957922944300695,0.0038308531188044528,0.07368875788645993,0.06743950833918609,0.6975803335674434,11464.004010629415
ppo_hybrid_regime_aware_policy_seed_19,2020-11-04,11663.005991325685,0.010224277236342116,0.0557922944300695,0.46549505458511015,0.5345049454148898,0.007496674430235573,0.06421789493995064,0.06438571117478425,0.5754284469913702,11544.322927346426
ppo_hybrid_regime_aware_policy_seed_19,2020-11-05,11767.573350960743,0.00896572973664167,0.005495054585110126,0.46480141321403157,0.5351985867859684,0.006325533630665501,0.05582792549359661,0.0532302255004872,0.1292090200194876,11662.941902471135
ppo_hybrid_regime_aware_policy_seed_19,2020-11-06,11766.280634963,-0.00010985408454144974,0.004801413214031547,0.4599432653249474,0.5400567346750527,-0.002714189781861089,0.055931646652491125,0.04943584463726775,-0.0225662145092899,11767.51684997856
ppo_hybrid_regime_aware_policy_seed_19,2020-11-09,11907.697488566071,0.01201882378896002,0.5400567346750527,1.0,0.0,0.011137086172248846,0.04458505546887384,0.04428579433624737,-0.2285682265501054,11759.926175864011
ppo_hybrid_regime_aware_policy_seed_19,2020-11-10,11890.233950900183,-0.0014665755224850807,0.0,1.0,0.0,-0.0015318668392369443,0.04598624364033963,0.045828849801771515,-0.1668460079291394,11907.697488566071
ppo_hybrid_regime_aware_policy_seed_19,2020-11-11,11978.561181139425,0.007428552760524454,0.0,1.0,0.0,0.007401096949917688,0.03889930211695574,0.0439524085556158,-0.2419036577753682,11890.233950900183
ppo_hybrid_regime_aware_policy_seed_19,2020-11-12,11862.35829520226,-0.009700905157134287,0.0,1.0,0.0,-0.010133585958918208,0.04822284883357472,0.04132767198717464,-0.3468931205130146,11978.561181139425
ppo_hybrid_regime_aware_policy_seed_19,2020-11-13,12026.586678407355,0.01384449694724843,0.0,1.0,0.0,0.013749537340944966,0.03504597296979037,0.04478392612995791,-0.2086429548016839,11862.35829520226
ppo_hybrid_regime_aware_policy_seed_19,2020-11-16,12176.709147597801,0.012482549970722623,0.0,1.0,0.0,0.01240528525322262,0.023000886107935794,0.04046001663482405,-0.381599334607038,12026.586678407355
ppo_hybrid_regime_aware_policy_seed_19,2020-11-17,12111.219087748332,-0.0053783053414221405,0.0,1.0,0.0,-0.005598435221669366,0.028255485660746222,0.039130427733103545,-0.4347828906758582,12176.709147597801
ppo_hybrid_regime_aware_policy_seed_19,2020-11-18,11965.462759203272,-0.012034818913688516,0.0,1.0,0.0,-0.012569984426204744,0.039950254921189386,0.0395185869136523,-0.419256523453908,12111.219087748332
ppo_hybrid_regime_aware_policy_seed_19,2020-11-19,12015.839412959589,0.004210171789433614,0.0,1.0,0.0,0.004201333813765502,0.03590828056800558,0.041553817870667704,-0.3378472851732919,11965.462759203272
ppo_hybrid_regime_aware_policy_seed_19,2020-11-20,11933.55713519135,-0.006847817696322922,0.0,1.0,0.0,-0.0071358886867538,0.042510204905210416,0.040066665902146664,-0.3973333639141337,12015.839412959589
ppo_hybrid_regime_aware_policy_seed_19,2020-11-23,12005.09214751182,0.00599444168323604,0.0,1.0,0.0,0.005976546496514336,0.03677058816622108,0.04108752052380793,-0.3564991790476827,11933.55713519135
ppo_hybrid_regime_aware_policy_seed_19,2020-11-24,12198.538825909074,0.016113718747035932,0.0,1.0,0.0,0.015985270793455963,0.021249380335058743,0.038998014867728664,-0.4400794052908536,12005.09214751182
ppo_hybrid_regime_aware_policy_seed_19,2020-11-25,12179.731623833302,-0.0015417585945479706,0.0,1.0,0.0,-0.0015986899419246675,0.022758377514846266,0.03693950878790487,-0.5224196484838053,12198.538825909074
ppo_hybrid_regime_aware_policy_seed_19,2020-11-27,12213.652232002229,0.0027850045646777843,0.0,1.0,0.0,0.0027811336248563354,0.020036755135431978,0.03608004682871562,-0.5567981268513753,12179.731623833302
ppo_hybrid_regime_aware_policy_seed_19,2020-11-30,12159.580757347649,-0.004427133966767305,0.0,1.0,0.0,-0.004589606514601554,0.024375183702955383,0.03518411523333306,-0.5926353906666775,12213.652232002229
ppo_hybrid_regime_aware_policy_seed_19,2020-12-01,12292.574836287939,0.010937390161245952,0.0,1.0,0.0,0.010878009496786719,0.013704394436120686,0.03456845976777008,-0.6172616092891968,12159.580757347649
ppo_hybrid_regime_aware_policy_seed_19,2020-12-02,12318.435507828859,0.002103763604072606,0.0,1.0,0.0,0.002101553792160207,0.011629461638278712,0.034887276718573605,-0.6045089312570557,12292.574836287939
ppo_hybrid_regime_aware_policy_seed_19,2020-12-03,12315.076859261977,-0.00027265220203875895,0.0,1.0,0.0,-0.0002822837410153288,0.011898943041993274,0.03560306008150802,-0.5758775967396791,12318.435507828859
ppo_hybrid_regime_aware_policy_seed_19,2020-12-04,12421.20379949849,0.008617643352887061,0.0,1.0,0.0,0.008580723421316779,0.003383840536518417,0.035742996777061796,-0.5702801289175281,12315.076859261977
ppo_hybrid_regime_aware_policy_seed_19,2020-12-07,12395.67930028895,-0.0020549134867725583,0.0,1.0,0.0,-0.002128131077379436,0.005431800523735356,0.03471911534393545,-0.611235386242582,12421.20379949849
ppo_hybrid_regime_aware_policy_seed_19,2020-12-08,12431.951064946257,0.00292616191324524,0.0,1.0,0.0,0.0029218890348672224,0.0025215329383030624,0.03562107660353589,-0.5751569358585644,12395.67930028895
ppo_hybrid_regime_aware_policy_seed_19,2020-12-09,12320.45049198586,-0.008968871609766116,0.0,1.0,0.0,-0.00931670794244354,0.011467789242885744,0.0343578225970734,-0.625687096117064,12431.951064946257
ppo_hybrid_regime_aware_policy_seed_19,2020-12-10,12316.420523671857,-0.0003270958571379712,0.0,1.0,0.0,-0.000339238142069727,0.011791134033671827,0.0373866465704051,-0.5045341371837958,12320.45049198586
ppo_hybrid_regime_aware_policy_seed_19,2020-12-11,12301.978437325826,-0.0011725879542902051,0.0,1.0,0.0,-0.00121707038430981,0.012949895846226779,0.037794144055543905,-0.488234237778244,12316.420523671857
ppo_hybrid_regime_aware_policy_seed_19,2020-12-14,12246.900495508387,-0.004477161303609867,0.0,1.0,0.0,-0.0046606298779409165,0.017369078377268195,0.03924166308420987,-0.4303334766316055,12301.978437325826
ppo_hybrid_regime_aware_policy_seed_19,2020-12-15,12412.471518207722,0.01351942254777505,0.0,1.0,0.0,0.013428850562282912,0.004084475739340802,0.041887458240770226,-0.3245016703691909,12246.900495508387
ppo_hybrid_regime_aware_policy_seed_19,2020-12-16,12431.951064946255,0.0015693527844120592,0.0,1.0,0.0,0.0015681226371862288,0.002521532938303208,0.03816975950475829,-0.4732096198096684,12412.471518207722
ppo_hybrid_regime_aware_policy_seed_19,2020-12-17,12501.470068194081,0.00559196242686677,0.0,1.0,0.0,0.0055763854485796,0.0,0.03728371975839909,-0.5086512096640364,12431.951064946255
ppo_hybrid_regime_aware_policy_seed_19,2020-12-18,12398.701776524453,-0.008220496558327905,0.0,1.0,0.0,-0.008550778482401237,0.008220496558327886,0.03604494204951854,-0.5582023180192586,12501.470068194081
ppo_hybrid_regime_aware_policy_seed_19,2020-12-21,12354.37007523914,-0.003575511540188092,0.0,1.0,0.0,-0.0037068114406094165,0.011766615618205545,0.03521948337470604,-0.5912206650117584,12398.701776524453
ppo_hybrid_regime_aware_policy_seed_19,2020-12-22,12333.547889006366,-0.0016854105960858456,0.0,1.0,0.0,-0.0017571766948393836,0.013432194635648377,0.04223407937664198,-0.3106368249343207,12354.37007523914
ppo_hybrid_regime_aware_policy_seed_19,2020-12-23,12344.631326785518,0.000898641484096574,0.0,1.0,0.0,0.0008982379475764469,0.012545623878873884,0.04025598030355512,-0.3897607878577951,12333.547889006366
ppo_hybrid_regime_aware_policy_seed_19,2020-12-24,12392.656824053449,0.003890395427502469,0.0,1.0,0.0,0.003882847409394495,0.008704035889144928,0.0382947897754274,-0.4682084089829041,12344.631326785518
ppo_hybrid_regime_aware_policy_seed_19,2020-12-28,12499.119936621344,0.008590822297383172,0.0,1.0,0.0,0.008554131171718198,0.0001879884173555156,0.03460834582701521,-0.6156661669193918,12392.656824053449
ppo_hybrid_regime_aware_policy_seed_19,2020-12-29,12475.274249237424,-0.0019077893087540154,0.0,1.0,0.0,-0.0019760796320390656,0.0020954190838167372,0.0348469679896932,-0.6061212804122721,12499.119936621344
ppo_hybrid_regime_aware_policy_seed_19,2020-12-30,12493.073959234696,0.0014267990940848296,0.0,1.0,0.0,0.0014257821834272697,0.0006716097317823534,0.03753838559517337,-0.4984645761930652,12475.274249237424
ppo_hybrid_regime_aware_policy_seed_19,2020-12-31,12556.549034927162,0.005080821253407031,0.0,1.0,0.0,0.005067957435210907,0.0,0.036805369048007304,-0.5277852380797079,12493.073959234696
ppo_hybrid_regime_aware_policy_seed_19,2021-01-04,12385.604379503944,-0.013613983822125086,0.0,1.0,0.0,-0.014206321928686797,0.013613983822125038,0.036640125219624085,-0.5343949912150368,12556.549034927162
ppo_hybrid_regime_aware_policy_seed_19,2021-01-05,12470.908108592039,0.006887328746690624,0.0,1.0,0.0,0.0068637194394418535,0.006820419057569519,0.045104810746390334,-0.1958075701443868,12385.604379503944
ppo_hybrid_regime_aware_policy_seed_19,2021-01-06,12545.465597148012,0.005978513184986545,0.0,1.0,0.0,0.005960712786412728,0.0008826818378458227,0.041661301755800476,-0.3335479297679812,12470.908108592039
ppo_hybrid_regime_aware_policy_seed_19,2021-01-07,12731.85983099576,0.0148574983052141,0.0,1.0,0.0,0.01474820687893387,0.0,0.0409901005291366,-0.3603959788345364,12545.465597148012
ppo_hybrid_regime_aware_policy_seed_19,2021-01-08,12804.402335394732,0.005697714659280706,0.0,1.0,0.0,0.00568154407760871,0.0,0.035335072865995576,-0.586597085360177,12731.85983099576
ppo_hybrid_regime_aware_policy_seed_19,2021-01-11,12718.090089312494,-0.006740825836411557,0.0,1.0,0.0,-0.006989764816607853,0.0067408258364115995,0.03354440569174422,-0.6582237723302314,12804.402335394732
ppo_hybrid_regime_aware_policy_seed_19,2021-01-12,12720.776393216613,0.0002112191284424636,0.0,1.0,0.0,0.00021119682482293237,0.006531030499327219,0.03861256112704237,-0.4554975549183051,12718.090089312494
ppo_hybrid_regime_aware_policy_seed_19,2021-01-13,12755.033173716918,0.0026929787492038226,0.0,1.0,0.0,0.002689359178759961,0.0038556396764685263,0.03692195787773249,-0.5231216848907005,12720.776393216613
ppo_hybrid_regime_aware_policy_seed_19,2021-01-14,12710.365300100224,-0.003501980199372312,0.0,1.0,0.0,-0.003628341446424062,0.00734411750203797,0.03446057758146864,-0.6215768967412542,12755.033173716918
ppo_hybrid_regime_aware_policy_seed_19,2021-01-15,12617.672954131245,-0.007292657904037436,0.0,1.0,0.0,-0.007583551874339797,0.014583217269525967,0.036492458511903074,-0.5403016595238772,12710.365300100224
ppo_hybrid_regime_aware_policy_seed_19,2021-01-19,12716.746424902609,0.007851960589842832,0.0,1.0,0.0,0.007821294369327474,0.006845763526956621,0.038631082981881074,-0.4547566807247573,12617.672954131245
ppo_hybrid_regime_aware_policy_seed_19,2021-01-20,12892.729565633974,0.013838692292137411,0.0,1.0,0.0,0.013743811934587761,0.0,0.03617415672213747,-0.5530337311145016,12716.746424902609
ppo_hybrid_regime_aware_policy_seed_19,2021-01-21,12904.483298244597,0.0009116558716901757,0.0,1.0,0.0,0.0009112405658674767,0.0,0.03254499212010936,-0.6982003151956254,12892.729565633974
ppo_hybrid_regime_aware_policy_seed_19,2021-01-22,12858.808957465048,-0.0035394164744094736,0.0,1.0,0.0,-0.0036584923980505493,0.0035394164744095113,0.03186891699365366,-0.7252433202538535,12904.483298244597
ppo_hybrid_regime_aware_policy_seed_19,2021-01-25,12909.521783552746,0.003943819855746211,0.0,1.0,0.0,0.003936063384946354,0.0,0.032991898981228195,-0.6803240407508724,12858.808957465048
ppo_hybrid_regime_aware_policy_seed_19,2021-01-26,12889.370917067092,-0.001560930514972858,0.0,1.0,0.0,-0.0016177269449373156,0.0015609305149728143,0.03560498572564121,-0.5758005709743513,12909.521783552746
ppo_hybrid_regime_aware_policy_seed_19,2021-01-27,12574.348744924433,-0.024440461382450485,0.0,1.0,0.0,-0.02560261540227145,0.025963242035451424,0.03518226416344479,-0.5927094334622085,12889.370917067092
ppo_hybrid_regime_aware_policy_seed_19,2021-01-28,12682.490669317947,0.008600200820512827,0.0,1.0,0.0,0.008563429768650509,0.017586330310395006,0.06537264984857856,0.6149059939431424,12574.348744924433
ppo_hybrid_regime_aware_policy_seed_19,2021-01-29,12428.592416379375,-0.020019589176817898,0.0,1.0,0.0,-0.02121119725956078,0.037253848379271016,0.050260575984275795,0.0104230393710318,12682.490669317947
ppo_hybrid_regime_aware_policy_seed_19,2021-02-01,12516.994501385596,0.007112799426081118,0.54,0.464103325558407,0.535896674441593,0.0036856227820270485,0.03040602810456119,0.05631594427232633,0.2526377708930529,12421.880976474531
ppo_hybrid_regime_aware_policy_seed_19,2021-02-02,12598.359637478308,0.0065003732392552305,0.004103325558406978,0.4634897327794279,0.5365102672205722,0.003881181938170346,0.02410330539670884,0.05007820689497301,0.0031282757989204,12516.943140082143
ppo_hybrid_regime_aware_policy_seed_19,2021-02-03,12602.87254252695,0.00035821370229949245,0.0034897327794278787,0.46019524991374805,0.539804750086252,-0.0022390850400803796,0.023753725828673192,0.03989160436759642,-0.4043358252961432,12598.315672569714
ppo_hybrid_regime_aware_policy_seed_19,2021-02-04,12668.760740973268,0.005228030214856627,0.00019524991374803013,0.46280855852216196,0.537191441477838,0.002622118635399648,0.018649880810164225,0.0340664856113921,-0.6373405755443162,12602.870081817173
ppo_hybrid_regime_aware_policy_seed_19,2021-02-05,12691.661819567833,0.0018076810402218868,0.0028085585221619414,0.46097590026691215,0.5390240997330878,-0.0007901636866056553,0.016875912805885268,0.03149537975938607,-0.7401848096245571,12668.725160017324
ppo_hybrid_regime_aware_policy_seed_19,2021-02-08,12776.429722531331,0.006679023138861373,0.5390240997330878,1.0,0.0,0.005848281134989174,0.010309604279143712,0.029443976678398067,-0.8222409328640775,12684.820707981424
ppo_hybrid_regime_aware_policy_seed_19,2021-02-09,12767.922907303539,-0.0006658210010571652,0.0,1.0,0.0,-0.0006859158740915486,0.01096856092915926,0.03015845699709372,-0.7936617201162512,12776.429722531331
ppo_hybrid_regime_aware_policy_seed_19,2021-02-10,12762.360528473253,-0.00043565260149747154,0.0,1.0,0.0,-0.00044906437837362973,0.011399435048553229,0.030906596873317482,-0.7637361250673007,12767.922907303539
ppo_hybrid_regime_aware_policy_seed_19,2021-02-11,12782.972581708294,0.0016150658954552366,0.0,1.0,0.0,0.0016137630790994486,0.00980277999187235,0.03158991856785205,-0.7364032572859182,12762.360528473253
ppo_hybrid_regime_aware_policy_seed_19,2021-02-12,12846.117712629806,0.004939784585931806,0.0,1.0,0.0,0.004927623881120012,0.004911419027443659,0.029842419401471667,-0.8063032239411334,12782.972581708294
ppo_hybrid_regime_aware_policy_seed_19,2021-02-16,12834.992954969237,-0.0008660015352055517,0.0,1.0,0.0,-0.000889576474760939,0.005773167266231452,0.026921718609342195,-0.9231312556263124,12846.117712629806
ppo_hybrid_regime_aware_policy_seed_19,2021-02-17,12837.938389819234,0.00022948472666328712,0.0,1.0,0.0,0.00022945839907117775,0.005545007393280211,0.030076318170024985,-0.7969472731990006,12834.992954969237
ppo_hybrid_regime_aware_policy_seed_19,2021-02-18,12783.300074125515,-0.004256003887434745,0.0,1.0,0.0,-0.004392292652123563,0.009777411707693352,0.030055304561741072,-0.7977878175303572,12837.938389819234
ppo_hybrid_regime_aware_policy_seed_19,2021-02-19,12760.725063292135,-0.0017659767589335296,0.0,1.0,0.0,-0.001823713248104073,0.01152612178478862,0.03212385785362392,-0.7150456858550434,12783.300074125515
ppo_hybrid_regime_aware_policy_seed_19,2021-02-22,12662.573189565266,-0.007691716045917785,0.0,1.0,0.0,-0.007957470335582128,0.019129182174827106,0.031042825149638516,-0.7582869940144594,12760.725063292135
ppo_hybrid_regime_aware_policy_seed_19,2021-02-23,12677.950356387242,0.0012143793044092632,0.0,1.0,0.0,0.0012136425422739111,0.017938032953361195,0.03407397610613879,-0.6370409557544483,12662.573189565266
ppo_hybrid_regime_aware_policy_seed_19,2021-02-24,12817.652830548923,0.011019326486895187,0.0,1.0,0.0,0.010959056064222558,0.007116371508111751,0.03333817726759546,-0.6664729092961816,12677.950356387242
ppo_hybrid_regime_aware_policy_seed_19,2021-02-25,12508.80152134551,-0.024095777385022776,0.0,1.0,0.0,-0.025095861115279734,0.031040674389485927,0.029469245887495134,-0.8212301645001946,12817.652830548923
ppo_hybrid_regime_aware_policy_seed_19,2021-02-26,12444.3484176601,-0.005152620223082494,0.0,1.0,0.0,-0.005397067284126487,0.03603335380597101,0.04629308581857749,-0.1482765672569006,12508.80152134551
ppo_hybrid_regime_aware_policy_seed_19,2021-03-01,12576.314132782134,0.010604469651039228,0.54,0.4659548654219184,0.5340451345780817,0.007146636635571349,0.025810998761792367,0.04428983811777144,-0.2284064752891423,12437.628469514562
ppo_hybrid_regime_aware_policy_seed_19,2021-03-02,12531.097072880899,-0.003595414318044887,0.005954865421918365,0.4580546977279418,0.5419453022720582,-0.0063224681998600134,0.02931361184532607,0.03415808261634375,-0.6336766953462498,12576.239242523969
ppo_hybrid_regime_aware_policy_seed_19,2021-03-03,12454.720562784178,-0.006094957979538074,0.001945302272058247,0.45668959638333756,0.5433104036166625,-0.008921057809345033,0.035229904592438355,0.03592313793935343,-0.5630744824258629,12531.072696109291
ppo_hybrid_regime_aware_policy_seed_19,2021-03-04,12392.368071005936,-0.005006334061364415,0.05668959638333754,0.39701527076940035,0.6029847292305996,-0.008505583841423326,0.04005986598246298,0.04174810023111462,-0.3300759907554155,12454.014509702407
ppo_hybrid_regime_aware_policy_seed_19,2021-03-05,12483.521697275044,0.007355626119787129,0.0029847292305996698,0.40438292733462694,0.5956170726653731,0.004124228339865123,0.032998905259251574,0.04602287685430852,-0.1590849258276594,12392.331083142719
ppo_hybrid_regime_aware_policy_seed_19,2021-03-08,12458.606083237932,-0.001995880220447055,0.004382927334626918,0.3988027119806566,0.6011972880193435,-0.005276651252768409,0.03492892361739525,0.037410119905136006,-0.5035952037945599,12483.466982906564
ppo_hybrid_regime_aware_policy_seed_19,2021-03-09,12529.742244685953,0.005709800998020986,0.0011972880193434343,0.4034071448525448,0.5965928551474552,0.0024917659377439788,0.029418559822304752,0.03934804975331914,-0.4260780098672345,12458.59116669813
ppo_hybrid_regime_aware_policy_seed_19,2021-03-10,12560.896432296278,0.002486418874541485,0.0034071448525447856,0.4014901903741634,0.5985098096258366,-0.000721777867771765,0.027005287810167377,0.036271768876695774,-0.5491292449321689,12529.69955403916
ppo_hybrid_regime_aware_policy_seed_19,2021-03-11,12611.820392964033,0.0040541661132418305,0.0014901903741633693,0.40242356823396236,0.5975764317660377,0.0008437348407043212,0.023060605619643952,0.03310547895144677,-0.6757808419421294,12560.877714169324
ppo_hybrid_regime_aware_policy_seed_19,2021-03-12,12618.907065921065,0.000561907221655833,0.05757643176603766,0.4603343333085472,0.5396656666914528,-0.0021166152367421993,0.022511656318821644,0.03176640687219296,-0.7293437251122816,12611.094249347732
ppo_hybrid_regime_aware_policy_seed_19,2021-03-15,12687.31025395366,0.005420690371619186,0.5396656666914528,1.0,0.0,0.004596552808254096,0.01721299466585917,0.028752127010550223,-0.8499149195779911,12612.097075026417
ppo_hybrid_regime_aware_policy_seed_19,2021-03-16,12671.307491489611,-0.001261320338490246,0.0,1.0,0.0,-0.0012959039601353674,0.018452603904091067,0.027256563262951797,-0.9097374694819284,12687.31025395366
ppo_hybrid_regime_aware_policy_seed_19,2021-03-17,12714.515145488762,0.0034098812634899556,0.0,1.0,0.0,0.0034040808005609087,0.015105643828916271,0.02604513488819269,-0.9581946044722924,12671.307491489611
ppo_hybrid_regime_aware_policy_seed_19,2021-03-18,12529.52325047362,-0.014549661776192768,0.0,1.0,0.0,-0.015001530197197974,0.029435523596486705,0.024074456780145366,-1.0370217287941854,12714.515145488762
ppo_hybrid_regime_aware_policy_seed_19,2021-03-19,12465.51220061743,-0.005108817676184985,0.0,1.0,0.0,-0.0052699285310676405,0.03439396054941416,0.029851388555974363,-0.8059444577610255,12529.52325047362
ppo_hybrid_regime_aware_policy_seed_19,2021-03-22,12504.542987409319,0.0031311017280104547,0.54,0.4619762072272614,0.5380237927727386,-0.0002757899627440502,0.031370549810713064,0.027642121279754118,-0.8943151488098354,12458.780824029096
ppo_hybrid_regime_aware_policy_seed_19,2021-03-23,12399.447473530514,-0.008404586555832094,0.5380237927727386,1.0,0.0,-0.009418978047084622,0.03951147986535698,0.02110792203142415,-1.155683118743034,12497.815245764343
ppo_hybrid_regime_aware_policy_seed_19,2021-03-24,12336.415272703842,-0.005083468514321177,0.0,1.0,0.0,-0.005219163946080122,0.04439409301582842,0.025136263281710883,-0.9945494687315648,12399.447473530514
ppo_hybrid_regime_aware_policy_seed_19,2021-03-25,12361.660113448746,0.002046367618700584,0.54,0.46139378631491595,0.538606213685084,-0.0013577233394214423,0.042438572031536996,0.02769404119966076,-0.8922383520135697,12329.753608456582
ppo_hybrid_regime_aware_policy_seed_19,2021-03-26,12554.102368131707,0.015567670759172092,0.538606213685084,1.0,0.0,0.014639828369724037,0.027531570989241205,0.022637763704924947,-1.0944894518030022,12355.00204650018
ppo_hybrid_regime_aware_policy_seed_19,2021-03-29,12547.761205314697,-0.0005051068273194126,0.0,1.0,0.0,-0.000514486024131355,0.02802277143208716,0.018834647892619922,-1.2466140842952032,12554.102368131707
ppo_hybrid_regime_aware_policy_seed_19,2021-03-30,12514.4725193394,-0.002652958199523048,0.0,1.0,0.0,-0.0027199979721065667,0.030601386390366043,0.02463122396755742,-1.0147510412977032,12547.761205314697
ppo_hybrid_regime_aware_policy_seed_19,2021-03-31,12565.19795177307,0.0040533416294838975,0.0,1.0,0.0,0.004045148971267885,0.026672082634258187,0.019910210127473273,-1.2035915949010692,12514.4725193394
ppo_hybrid_regime_aware_policy_seed_19,2021-04-01,12700.89051533691,0.010799078859294209,0.0,1.0,0.0,0.010741185232806828,0.016161037698672907,0.01869742887040874,-1.2521028451836504,12565.19795177307
ppo_hybrid_regime_aware_policy_seed_19,2021-04-05,12883.187819781528,0.01435311202978129,0.0,1.0,0.0,0.014251081264420035,0.0020398868534982012,0.009489465915814767,-1.6204213633674094,12700.89051533691
ppo_hybrid_regime_aware_policy_seed_19,2021-04-06,12875.579198421598,-0.0005905853012752038,0.0,1.0,0.0,-0.0005974788629224453,0.002629267427581418,0.01140026962139275,-1.54398921514429,12883.187819781528
ppo_hybrid_regime_aware_policy_seed_19,2021-04-07,12890.48006026853,0.0011572964304984446,0.0,1.0,0.0,0.0011566272792055982,0.0014750138388918076,0.012083793005108852,-1.516648279795646,12875.579198421598
ppo_hybrid_regime_aware_policy_seed_19,2021-04-08,12951.66831459771,0.004746778556197873,0.0,1.0,0.0,0.004735548127749245,0.0,0.007803100232462479,-1.6878759907015009,12890.48006026853
ppo_hybrid_regime_aware_policy_seed_19,2021-04-09,13045.828874029257,0.007270149076117116,0.0,1.0,0.0,0.007243848936019295,0.0,0.00658985789953504,-1.7364056840185984,12951.66831459771
ppo_hybrid_regime_aware_policy_seed_19,2021-04-12,13050.585229904818,0.0003645882466716266,0.0,1.0,0.0,0.0003645218005266528,0.0,0.005385519910530667,-1.7845792035787733,13045.828874029257
ppo_hybrid_regime_aware_policy_seed_19,2021-04-13,13089.26303350153,0.002963683460576405,0.0,1.0,0.0,0.002959300408599511,0.0,0.006433727154467179,-1.7426509138213129,13050.585229904818
ppo_hybrid_regime_aware_policy_seed_19,2021-04-14,13044.56141548634,-0.003415136352656112,0.0,1.0,0.0,-0.003439184306507235,0.0034151363526561604,0.005330113537976595,-1.7867954584809362,13089.26303350153
ppo_hybrid_regime_aware_policy_seed_19,2021-04-15,13184.6920190016,0.01074245419619091,0.0,1.0,0.0,0.010685163961720182,0.0,0.0071464545461601805,-1.7141418181535928,13044.56141548634
ppo_hybrid_regime_aware_policy_seed_19,2021-04-16,13228.760875270938,0.0033424259137662116,0.0,1.0,0.0,0.0033368524241360826,0.0,0.005291580009714969,-1.7883367996114012,13184.6920190016
ppo_hybrid_regime_aware_policy_seed_19,2021-04-19,13163.767342736191,-0.004913047650308755,0.0,1.0,0.0,-0.004944495139794681,0.004913047650308804,0.003936211406211976,-1.842551543751521,13228.760875270938
ppo_hybrid_regime_aware_policy_seed_19,2021-04-20,13067.388247091734,-0.007321543531961572,0.0,1.0,0.0,-0.0074139819703394425,0.01219862009002405,0.008990973967739553,-1.640361041290418,13163.767342736191
ppo_hybrid_regime_aware_policy_seed_19,2021-04-21,13191.033181818615,0.009462100030157128,0.0,1.0,0.0,0.009417614757574543,0.0028519446233886713,0.015341882157328686,-1.3863247137068526,13067.388247091734
ppo_hybrid_regime_aware_policy_seed_19,2021-04-22,13070.557860974635,-0.009133122416069117,0.0,1.0,0.0,-0.0092595944965518,0.011959019880088574,0.00927953487736038,-1.6288186049055848,13191.033181818615
ppo_hybrid_regime_aware_policy_seed_19,2021-04-23,13212.274238956954,0.010842412350696051,0.0,1.0,0.0,0.01078405484306848,0.0012462721542426268,0.015093449053306862,-1.3962620378677255,13070.557860974635
ppo_hybrid_regime_aware_policy_seed_19,2021-04-26,13239.856458912303,0.002087620908898691,0.0,1.0,0.0,0.002085444856357964,0.0,0.00809514221307392,-1.6761943114770432,13212.274238956954
ppo_hybrid_regime_aware_policy_seed_19,2021-04-27,13237.00322590233,-0.00021550331899955477,0.0,1.0,0.0,-0.00021765706780828,0.00021550331899955805,0.00988627294333358,-1.6045490822666568,13239.856458912303
ppo_hybrid_regime_aware_policy_seed_19,2021-04-28,13233.198915222365,-0.00028739969425406464,0.0,1.0,0.0,-0.00029025858526779397,0.0005028410776656813,0.009805825102967375,-1.607766995881305,13237.00322590233
ppo_hybrid_regime_aware_policy_seed_19,2021-04-29,13317.53134955547,0.006372792767143753,0.0,1.0,0.0,0.006352572384720713,0.0,0.008715098456136794,-1.6513960617545282,13233.198915222365
ppo_hybrid_regime_aware_policy_seed_19,2021-04-30,13230.028333813862,-0.006570513216364815,0.0,1.0,0.0,-0.006662819175242036,0.006570513216364868,0.010748797375832604,-1.570048104966696,13317.53134955547
ppo_hybrid_regime_aware_policy_seed_19,2021-05-03,13258.562598964809,0.0021567803508037997,0.0,1.0,0.0,0.0021544578388955128,0.004427904019360823,0.01603524655115154,-1.3585901379539385,13230.028333813862
ppo_hybrid_regime_aware_policy_seed_19,2021-05-04,13176.766049243144,-0.00616933767224892,0.0,1.0,0.0,-0.00627823685335814,0.010569924456534034,0.014618997867705319,-1.4152400852917872,13258.562598964809
ppo_hybrid_regime_aware_policy_seed_19,2021-05-05,13180.88770832164,0.00031279746965928723,0.0,1.0,0.0,0.0003127485587299854,0.010260433232499274,0.020737437221257527,-1.170502511149699,13176.766049243144
ppo_hybrid_regime_aware_policy_seed_19,2021-05-06,13286.144818920156,0.007985585867032574,0.0,1.0,0.0,0.007953869811847956,0.002356782936077744,0.0192385361239378,-1.230458555042488,13180.88770832164
ppo_hybrid_regime_aware_policy_seed_19,2021-05-07,13382.841262963144,0.007277991122397465,0.0,1.0,0.0,0.007251634350647923,0.0,0.01552326184246179,-1.3790695263015285,13286.144818920156
ppo_hybrid_regime_aware_policy_seed_19,2021-05-10,13250.319280807813,-0.009902380186043502,0.0,1.0,0.0,-0.010022168860099448,0.009902380186043454,0.0071128371884880805,-1.7154865124604768,13382.841262963144
ppo_hybrid_regime_aware_policy_seed_19,2021-05-11,13132.063463702345,-0.00892475227195122,0.0,1.0,0.0,-0.009165340280430093,0.01873875616793151,0.022692997003788698,-1.0922801198484522,13250.319280807813
ppo_hybrid_regime_aware_policy_seed_19,2021-05-12,12853.069715214739,-0.021245233032779587,0.0,1.0,0.0,-0.0221845064605548,0.03958587995917891,0.03407401631400013,-0.6370393474399949,13132.063463702345
ppo_hybrid_regime_aware_policy_seed_19,2021-05-13,12907.079912365241,0.004202124344394376,0.6,0.4028692177966839,0.5971307822033161,9.332007569511319e-05,0.035550100404655206,0.06394832776100651,0.5579331104402602,12845.35787338561
ppo_hybrid_regime_aware_policy_seed_19,2021-05-14,12986.319678229163,0.006139248102741579,0.002869217796683865,0.4036627836547198,0.5963372163452803,0.002916175869179372,0.0296291031883752,0.04096994860392691,-0.3612020558429238,12907.042879141854
ppo_hybrid_regime_aware_policy_seed_19,2021-05-17,12973.054562408659,-0.0010214684490434944,0.003662783654719781,0.3993886921691049,0.6006113078308951,-0.00424588653695004,0.030620306443338366,0.018565171066338843,-1.2573931573464463,12986.27211214971
ppo_hybrid_regime_aware_policy_seed_19,2021-05-18,12920.856398898506,-0.004023583132179542,0.060611307830895134,0.4578513499427244,0.5421486500572756,-0.006806418117825134,0.034520686227010364,0.023536588679378953,-1.058536452824842,12972.268248605069
ppo_hybrid_regime_aware_policy_seed_19,2021-05-19,12906.55942373324,-0.0011065036808616258,0.057851349942724395,0.3993701116276463,0.6006298883723538,-0.004428302677513584,0.03558899264149591,0.032209246444270596,-0.7116301422291762,12920.108909913413
ppo_hybrid_regime_aware_policy_seed_19,2021-05-20,12962.09053569009,0.0043025495899964294,0.0006298883723537263,0.402570846492499,0.5974291535075009,0.0010923752550748398,0.03143956645719748,0.036773477719443406,-0.5290608912222639,12906.551294041532
ppo_hybrid_regime_aware_policy_seed_19,2021-05-21,12956.46477012786,-0.00043401683908461663,0.057429153507500996,0.4597965543509508,0.5402034456490492,-0.003124431993760264,0.031859937995026136,0.028967736274701058,-0.8412905490119578,12961.346133802937
ppo_hybrid_regime_aware_policy_seed_19,2021-05-24,13008.519546100059,0.004017668159929988,0.05979655435095077,0.4024366890206746,0.5975633109793255,0.0007199240520266785,0.027970272493556082,0.026413356861834332,-0.9434657255266268,12955.690018178038
ppo_hybrid_regime_aware_policy_seed_19,2021-05-25,12994.49482329854,-0.0010781182863903727,0.05756331097932543,0.4594483055213722,0.5405516944786277,-0.0037753401467465384,0.029018235517695886,0.017457969312828957,-1.3016812274868417,13007.770732644045
ppo_hybrid_regime_aware_policy_seed_19,2021-05-26,13006.35021565072,0.0009123396109962378,0.0005516944786277955,0.46049251196678026,0.5395074880332198,-0.0016809038595449308,0.02813237039240376,0.02002092485893476,-1.1991630056426097,12994.487654307493
ppo_hybrid_regime_aware_policy_seed_19,2021-05-27,13006.15751551078,-1.4815850468807845e-05,0.5395074880332198,1.0,0.0,-0.000824258539112039,0.02814676943787949,0.012594365224445209,-1.4962253910221917,12999.333192317394
ppo_hybrid_regime_aware_policy_seed_19,2021-05-28,13009.830131696675,0.00028237518894536073,0.54,0.4604439572395211,0.5395560427604789,-0.003119664671424762,0.027872342198272382,0.009744899090645659,-1.6102040363741736,12999.134190452405
ppo_hybrid_regime_aware_policy_seed_19,2021-06-01,12991.356984498187,-0.0014199376172853162,0.5395560427604789,1.0,0.0,-0.002244417403949143,0.02925270282838857,0.0102412771526472,-1.590348913894112,13002.810599233831
ppo_hybrid_regime_aware_policy_seed_19,2021-06-02,13011.787195012294,0.0015726001939970757,0.0,1.0,0.0,0.0015713649531690686,0.027726105440534377,0.01645422705915261,-1.3418309176338956,12991.356984498187
ppo_hybrid_regime_aware_policy_seed_19,2021-06-03,12963.495717112535,-0.0037113639483951077,0.0,1.0,0.0,-0.0037709304321132055,0.031334567720768126,0.014594106988504614,-1.4162357204598155,13011.787195012294
ppo_hybrid_regime_aware_policy_seed_19,2021-06-04,13082.058201156815,0.00914587289042501,0.0,1.0,0.0,0.009104302666706848,0.022475276803793718,0.01774468399505986,-1.2902126401976055,12963.495717112535
ppo_hybrid_regime_aware_policy_seed_19,2021-06-07,13069.366076942582,-0.0009701932233500132,0.0,1.0,0.0,-0.000979957028616818,0.023423664665895755,0.009798589337747798,-1.608056426490088,13082.058201156815
ppo_hybrid_regime_aware_policy_seed_19,2021-06-08,13072.15201473996,0.00021316548797978285,0.0,1.0,0.0,0.00021314277144534677,0.023215492294824728,0.010166005373257049,-1.593359785069718,13069.366076942582
ppo_hybrid_regime_aware_policy_seed_19,2021-06-09,13052.649505452378,-0.0014919126755557066,0.0,1.0,0.0,-0.0015131367993817626,0.02467276948315656,0.01379978643037243,-1.4480085427851028,13072.15201473996
ppo_hybrid_regime_aware_policy_seed_19,2021-06-10,13113.323244020241,0.004648384877148359,0.0,1.0,0.0,0.004637614499841,0.020139073134551096,0.01822976217311321,-1.2708095130754715,13052.649505452378
ppo_hybrid_regime_aware_policy_seed_19,2021-06-11,13134.992908718872,0.0016524922245406692,0.0,1.0,0.0,0.0016511283615731592,0.018519860571774786,0.009569479457681425,-1.617220821692743,13113.323244020241
ppo_hybrid_regime_aware_policy_seed_19,2021-06-14,13164.40160442331,0.002238957866883773,0.0,1.0,0.0,0.0022364551356958834,0.016322367892411812,0.007074029145953143,-1.7170388341618743,13134.992908718872
ppo_hybrid_regime_aware_policy_seed_19,2021-06-15,13140.255865473431,-0.0018341691233246804,0.0,1.0,0.0,-0.001855662728755383,0.018126599032528685,0.01097944556402688,-1.5608221774389248,13164.40160442331
ppo_hybrid_regime_aware_policy_seed_19,2021-06-16,13066.8890579854,-0.005583362168830042,0.0,1.0,0.0,-0.005677961226905073,0.023608753834070968,0.014401970006745835,-1.4239211997301666,13140.255865473431
ppo_hybrid_regime_aware_policy_seed_19,2021-06-17,13062.555691869235,-0.0003316295177019368,0.0,1.0,0.0,-0.00033829973750779693,0.023932553992125415,0.02042994239640051,-1.1828023041439797,13066.8890579854
ppo_hybrid_regime_aware_policy_seed_19,2021-06-18,12844.31539538786,-0.01670731988666041,0.0,1.0,0.0,-0.017150288102236434,0.04024002504353458,0.01850849053591754,-1.2596603785632985,13062.555691869235
ppo_hybrid_regime_aware_policy_seed_19,2021-06-21,12921.917903134583,0.006041778433328426,0.54,0.46353281586330564,0.5364671841366944,0.002621600073013448,0.03444136792567068,0.03414808293182974,-0.6340766827268104,12837.37946507435
ppo_hybrid_regime_aware_policy_seed_19,2021-06-22,12953.650369202416,0.002455708688579028,0.003532815863305616,0.4613247372436396,0.5386752627563605,-0.00014460086048345992,0.03207023720355322,0.01938869198771405,-1.2244523204914382,12921.87225237803
ppo_hybrid_regime_aware_policy_seed_19,2021-06-23,12946.451155175238,-0.0005557672024477656,0.0013247372436395732,0.45970043458015436,0.5402995654198457,-0.0031569491056642348,0.0326081808199885,0.013087433885494172,-1.4765026445802332,12953.633209019332
ppo_hybrid_regime_aware_policy_seed_19,2021-06-24,12981.6777883507,0.0027209489885096083,0.0002995654198456599,0.4614654867045555,0.5385345132954444,0.00012480455991349023,0.029975957028098278,0.011558404010007623,-1.537663839599695,12946.447276866164
ppo_hybrid_regime_aware_policy_seed_19,2021-06-25,13002.870093270705,0.0016324781176606518,0.0014654867045554854,0.46088089151024275,0.5391191084897573,-0.0009630511563952631,0.028392414004341848,0.009879983560573059,-1.6048006575770777,12981.658763874499
ppo_hybrid_regime_aware_policy_seed_19,2021-06-28,13022.05874162481,0.001475724068337625,0.5391191084897573,1.0,0.0,0.0006659575949141564,0.026958589304708742,0.008288834115802363,-1.6684466353679055,12995.859997538213
ppo_hybrid_regime_aware_policy_seed_19,2021-06-29,13029.065587875146,0.0005380751530430494,0.0,1.0,0.0,0.000537930442515654,0.026435019898731673,0.009174391303526753,-1.63302434785893,13022.05874162481
ppo_hybrid_regime_aware_policy_seed_19,2021-06-30,13040.031855404526,0.0008416772066590639,0.0,1.0,0.0,0.0008413231950273803,0.025615592445778965,0.01084835145450519,-1.5660659418197924,13029.065587875146
ppo_hybrid_regime_aware_policy_seed_19,2021-07-01,13112.229238952494,0.005536595642444242,0.0,1.0,0.0,0.005521325035644419,0.020220819980848598,0.010140224305425211,-1.5943910277829916,13040.031855404526
ppo_hybrid_regime_aware_policy_seed_19,2021-07-02,13212.45307784195,0.007643539253548326,0.0,1.0,0.0,0.00761447541383626,0.012731839358562886,0.008636282474900175,-1.654548701003993,13112.229238952494
ppo_hybrid_regime_aware_policy_seed_19,2021-07-06,13188.386973439348,-0.001821471324122359,0.0,1.0,0.0,-0.0018354739646252972,0.014530120002390337,0.006863080296662139,-1.7254767881335145,13212.45307784195
ppo_hybrid_regime_aware_policy_seed_19,2021-07-07,13234.99546975891,0.003534055863952723,0.0,1.0,0.0,0.0035278257625641373,0.011047414394236016,0.014555396542187788,-1.4177841383124885,13188.386973439348
ppo_hybrid_regime_aware_policy_seed_19,2021-07-08,13127.15678708061,-0.008147995435639044,0.0,1.0,0.0,-0.008290667996268802,0.019105395547815204,0.013563722714995159,-1.4574510914001937,13234.99546975891
ppo_hybrid_regime_aware_policy_seed_19,2021-07-09,13267.286274808548,0.010674778247933281,0.0,1.0,0.0,0.010618205050717838,0.008634563160693899,0.02878900711215131,-0.8484397155139476,13127.15678708061
ppo_hybrid_regime_aware_policy_seed_19,2021-07-12,13314.808626755559,0.003581919539736189,0.0,1.0,0.0,0.003575519743758136,0.00508357193146005,0.013911014052376686,-1.4435594379049326,13267.286274808548
ppo_hybrid_regime_aware_policy_seed_19,2021-07-13,13269.418914492544,-0.0034089646750015135,0.0,1.0,0.0,-0.0034628740735605855,0.008475206889324386,0.01417771664280359,-1.4328913342878564,13314.808626755559
ppo_hybrid_regime_aware_policy_seed_19,2021-07-14,13289.219739527158,0.0014922149313552069,0.0,1.0,0.0,0.0014911026849908,0.006995638788235691,0.019441052561506494,-1.2223578975397402,13269.418914492544
ppo_hybrid_regime_aware_policy_seed_19,2021-07-15,13243.830027264143,-0.0034155287633637066,0.0,1.0,0.0,-0.003473771300641498,0.010387273746100026,0.01544868589306101,-1.3820525642775596,13289.219739527158
ppo_hybrid_regime_aware_policy_seed_19,2021-07-16,13139.95076586489,-0.007843596692603483,0.0,1.0,0.0,-0.008024854237808849,0.01814939685270344,0.019367734202478205,-1.2252906319008718,13243.830027264143
ppo_hybrid_regime_aware_policy_seed_19,2021-07-19,12945.901007137958,-0.014767921294731035,0.0,1.0,0.0,-0.015274109555496978,0.03264928928316686,0.027314471037524924,-0.9074211584990032,13139.95076586489
ppo_hybrid_regime_aware_policy_seed_19,2021-07-20,13131.421136788758,0.014330414665499891,0.0,1.0,0.0,0.014228704817839114,0.018786752471628566,0.049240950800894114,-0.0303619679642356,12945.901007137958
ppo_hybrid_regime_aware_policy_seed_19,2021-07-21,13237.737036641258,0.008096298088761111,0.0,1.0,0.0,0.008063698904327666,0.010842557530997566,0.03438647808118413,-0.6245408767526351,13131.421136788758
ppo_hybrid_regime_aware_policy_seed_19,2021-07-22,13265.458563553653,0.002094128840576248,0.0,1.0,0.0,0.00209193920915645,0.008771134402852548,0.02474806989878477,-1.0100772040486092,13237.737036641258
ppo_hybrid_regime_aware_policy_seed_19,2021-07-23,13321.039813184483,0.004189922976619798,0.54,0.4625435013326997,0.5374564986673003,0.0007791696912211229,0.004617961803798387,0.02375447765055766,-1.0498208939776936,13258.295215929335
ppo_hybrid_regime_aware_policy_seed_19,2021-07-26,13346.56390858587,0.0019160738019958767,0.5374564986673003,1.0,0.0,0.001108055726075094,0.0027107363574334366,0.02135018880802197,-1.1459924476791212,13313.880333767882
ppo_hybrid_regime_aware_policy_seed_19,2021-07-27,13285.736016070192,-0.004557569493714109,0.0,1.0,0.0,-0.004675254077881122,0.007255951481819456,0.023600027142516872,-1.0559989142993251,13346.56390858587
ppo_hybrid_regime_aware_policy_seed_19,2021-07-28,13280.287983974024,-0.0004100662612578354,0.0,1.0,0.0,-0.0004236955672515375,0.007663042322181267,0.033273177604473236,-0.6690728958210704,13285.736016070192
ppo_hybrid_regime_aware_policy_seed_19,2021-07-29,13335.366766505187,0.00414740874577646,0.0,1.0,0.0,0.004138831952258488,0.0035474153451510995,0.02781015605566003,-0.8875937577735988,13280.287983974024
ppo_hybrid_regime_aware_policy_seed_19,2021-07-30,13270.604543301311,-0.004856426098946209,0.0,1.0,0.0,-0.00498789298651376,0.008386613683631312,0.024722303771882143,-1.0111078491247143,13335.366766505187
ppo_hybrid_regime_aware_policy_seed_19,2021-08-02,13242.762227043775,-0.0020980443028566498,0.0,1.0,0.0,-0.002158029985091384,0.010467062499428722,0.02777367249418481,-0.8890531002326078,13270.604543301311
ppo_hybrid_regime_aware_policy_seed_19,2021-08-03,13350.498239274068,0.008135463763766726,0.0,1.0,0.0,0.008102549274361074,0.002416753143339242,0.03440562147380892,-0.6237751410476433,13242.762227043775
ppo_hybrid_regime_aware_policy_seed_19,2021-08-04,13284.828164646131,-0.004918923133127029,0.0,1.0,0.0,-0.00506347015479111,0.007323788453522423,0.026983563705422,-0.92065745178312,13350.498239274068
ppo_hybrid_regime_aware_policy_seed_19,2021-08-05,13368.95911629904,0.006332859605726826,0.0,1.0,0.0,0.006312891310267438,0.001037309371853833,0.026768587138260358,-0.9292565144695858,13284.828164646131
ppo_hybrid_regime_aware_policy_seed_19,2021-08-06,13391.050475468452,0.0016524367362660275,0.0,1.0,0.0,0.001651072964839652,0.0,0.023273963616525353,-1.069041455338986,13368.95911629904
ppo_hybrid_regime_aware_policy_seed_19,2021-08-09,13380.156258379722,-0.0008135446213638486,0.0,1.0,0.0,-0.0008281249509513546,0.0008135446213638675,0.01751498589682827,-1.299400564126869,13391.050475468452
ppo_hybrid_regime_aware_policy_seed_19,2021-08-10,13396.800509004772,0.001243950392180615,0.0,1.0,0.0,0.0012431773269283135,0.0,0.020729783714703943,-1.1708086514118423,13380.156258379722
ppo_hybrid_regime_aware_policy_seed_19,2021-08-11,13430.089933806672,0.002484878742467167,0.0,1.0,0.0,0.002481796536168155,0.0,0.021287189165633505,-1.14851243337466,13396.800509004772
ppo_hybrid_regime_aware_policy_seed_19,2021-08-12,13470.339245009103,0.0029969502364324274,0.0,1.0,0.0,0.002992468333533074,0.0,0.01827830552880727,-1.2688677788477092,13430.089933806672
ppo_hybrid_regime_aware_policy_seed_19,2021-08-13,13494.85308056235,0.0018198380239258238,0.0,1.0,0.0,0.0018181841249573095,0.0,0.015502620345718688,-1.3798951861712525,13470.339245009103
ppo_hybrid_regime_aware_policy_seed_19,2021-08-16,13526.628803956279,0.002354655008411921,0.0,1.0,0.0,0.0023518871523535295,0.0,0.01504562491337948,-1.3981750034648208,13494.85308056235
ppo_hybrid_regime_aware_policy_seed_19,2021-08-17,13437.958595183065,-0.00655523338877162,0.0,1.0,0.0,-0.006699778617277868,0.006555233388771592,0.01875834460757831,-1.2496662156968676,13526.628803956279
ppo_hybrid_regime_aware_policy_seed_19,2021-08-18,13290.880199622598,-0.010944995440988259,0.0,1.0,0.0,-0.011311554435889732,0.01742848183020512,0.028162868743487834,-0.8734852502604865,13437.958595183065
ppo_hybrid_regime_aware_policy_seed_19,2021-08-19,13311.45878093584,0.0015483234371360677,0.0,1.0,0.0,0.0015471260202361639,0.015907143319960525,0.04715235846926156,-0.1139056612295378,13290.880199622598
ppo_hybrid_regime_aware_policy_seed_19,2021-08-20,13417.379090318012,0.00795707751684338,0.0,1.0,0.0,0.007925586914016684,0.00807664017558557,0.04768915402308202,-0.0924338390767193,13311.45878093584
ppo_hybrid_regime_aware_policy_seed_19,2021-08-23,13535.405316756733,0.008796518727259395,0.0,1.0,0.0,0.008758054757839811,0.0,0.03165692384998461,-0.7337230460006157,13417.379090318012
ppo_hybrid_regime_aware_policy_seed_19,2021-08-24,13556.89174949404,0.0015874244054374653,0.0,1.0,0.0,0.0015861657791226762,0.0,0.02451178990758987,-1.0195284036964052,13535.405316756733
ppo_hybrid_regime_aware_policy_seed_19,2021-08-25,13585.338992183682,0.0020983602447592897,0.0,1.0,0.0,0.0020961617618364863,0.0,0.02502918051683676,-0.9988327793265296,13556.89174949404
ppo_hybrid_regime_aware_policy_seed_19,2021-08-26,13505.14237121897,-0.005903174076911433,0.0,1.0,0.0,-0.006056320339755844,0.005903174076911415,0.022979782358250024,-1.080808705669999,13585.338992183682
ppo_hybrid_regime_aware_policy_seed_19,2021-08-27,13625.89122837807,0.008940954033659798,0.0,1.0,0.0,0.008901220366445443,0.0,0.033640519803701634,-0.6543792078519346,13505.14237121897
ppo_hybrid_regime_aware_policy_seed_19,2021-08-30,13685.812193021491,0.004397581313332788,0.0,1.0,0.0,0.0043879402073269185,0.0,0.021257541240342417,-1.1496983503863034,13625.89122837807
ppo_hybrid_regime_aware_policy_seed_19,2021-08-31,13665.535613148395,-0.0014815766566952382,0.0,1.0,0.0,-0.0015129714646680067,0.0014815766566952688,0.02044861322597993,-1.1820554709608029,13685.812193021491
ppo_hybrid_regime_aware_policy_seed_19,2021-09-01,13672.798424540882,0.0005314692082394323,0.0,1.0,0.0,0.000531328028499354,0.0009508948608285346,0.02215854011475169,-1.1136583954099324,13665.535613148395
ppo_hybrid_regime_aware_policy_seed_19,2021-09-02,13714.86436214324,0.0030766150641741152,0.0,1.0,0.0,0.0030718919689984346,0.0,0.020506844994370235,-1.1797262002251907,13672.798424540882
ppo_hybrid_regime_aware_policy_seed_19,2021-09-03,13711.534957887146,-0.00024275881759971973,0.0,1.0,0.0,-0.00024819294696189627,0.00024275881759967157,0.02226349067047312,-1.1094603731810753,13714.86436214324
ppo_hybrid_regime_aware_policy_seed_19,2021-09-07,13662.509133884258,-0.003575516829695924,0.0,1.0,0.0,-0.003661849796828764,0.003817407659057664,0.022358987567693524,-1.105640497292259,13711.534957887146
ppo_hybrid_regime_aware_policy_seed_19,2021-09-08,13645.86488325921,-0.0012182425981892564,0.0,1.0,0.0,-0.0012571260758127152,0.0050309997286220156,0.03142803734802457,-0.742878506079017,13662.509133884258
ppo_hybrid_regime_aware_policy_seed_19,2021-09-09,13587.457620023759,-0.004280217028024724,0.0,1.0,0.0,-0.0044198790512218495,0.009289682985940325,0.03063756189113926,-0.7744975243544296,13645.86488325921
ppo_hybrid_regime_aware_policy_seed_19,2021-09-10,13480.326534225573,-0.007884557125706015,0.0,1.0,0.0,-0.008190569418746477,0.017100995075463945,0.03517524490584414,-0.5929902037662343,13587.457620023759
ppo_hybrid_regime_aware_policy_seed_19,2021-09-13,13514.825811891684,0.0025592316015876637,0.0,1.0,0.0,0.002555962345060828,0.014585528880891983,0.0466057717739663,-0.1357691290413482,13480.326534225573
ppo_hybrid_regime_aware_policy_seed_19,2021-09-14,13441.892925871261,-0.005396509510041114,0.0,1.0,0.0,-0.005615385856837725,0.019903327445618364,0.038411118366842904,-0.4635552653262839,13514.825811891684
ppo_hybrid_regime_aware_policy_seed_19,2021-09-15,13478.710951791332,0.002739050677096788,0.6,0.401997957898324,0.5980020421016761,-0.0013646936864331312,0.017218792991037932,0.03900663998018449,-0.4397344007926204,13433.827790115738
ppo_hybrid_regime_aware_policy_seed_19,2021-09-16,13468.100993812557,-0.0007871641447556588,0.05800204210167603,0.45960594227645607,0.540394057723544,-0.003491530465263935,0.017992403119335046,0.03238489268056606,-0.7046042927773577,13477.92915903123
ppo_hybrid_regime_aware_policy_seed_19,2021-09-17,13388.154859847564,-0.005935961870327633,0.0003940577235439502,0.4567756537850048,0.5432243462149953,-0.008751547644808205,0.023821562770790766,0.03522065743506919,-0.5911737025972323,13468.09568660334
ppo_hybrid_regime_aware_policy_seed_19,2021-09-20,13285.423197560833,-0.007673324917598201,0.003224346214995233,0.4558261181397719,0.5441738818602281,-0.010648519402413913,0.03131209709720368,0.046560968685288334,-0.1375612525884669,13388.111691801116
ppo_hybrid_regime_aware_policy_seed_19,2021-09-21,13279.617994571996,-0.0004369603363408858,0.1158261181397719,0.3397879587623767,0.6602120412376233,-0.00451351498158377,0.0317353752890654,0.07257631892392194,0.9030527569568776,13283.884398564016
ppo_hybrid_regime_aware_policy_seed_19,2021-09-22,13330.631368346627,0.003841479009071058,0.060212041237623304,0.4023320560856842,0.5976679439143158,0.0005438013086361351,0.02801580705801225,0.06552544140739051,0.6210176562956203,13278.818401665687
ppo_hybrid_regime_aware_policy_seed_19,2021-09-23,13395.387101469565,0.004857664377150073,0.0023320560856841532,0.40290190139689985,0.5970980986031001,0.0016424059113683816,0.02329423406880489,0.04706395053265763,-0.1174419786936952,13330.600280566618
ppo_hybrid_regime_aware_policy_seed_19,2021-09-24,13404.17421568935,0.0006559806113271005,0.002901901396899831,0.40039507034914534,0.5996049296508547,-0.0025485873020039402,0.022653534023382615,0.03525920282040532,-0.5896318871837872,13395.348229377023
ppo_hybrid_regime_aware_policy_seed_19,2021-09-27,13388.829642202954,-0.0011447608214787408,0.00039507034914532113,0.39931259363344535,0.6006874063665546,-0.004380362528154773,0.02377236196664332,0.030704776546989457,-0.771808938120422,13404.168920097563
ppo_hybrid_regime_aware_policy_seed_19,2021-09-28,13280.89665936469,-0.00806142028262491,0.000687406366554677,0.3951242548433463,0.6048757451566538,-0.011580597629688745,0.03164214324834448,0.03627512485045963,-0.5489950059816147,13388.820438636218
ppo_hybrid_regime_aware_policy_seed_19,2021-09-29,13289.77329878062,0.0006683765142974085,0.004875745156653732,0.40040368154440886,0.5995963184555911,-0.002539160367542554,0.030994915599456302,0.06054665794884598,0.421866317953839,13280.831905097126
ppo_hybrid_regime_aware_policy_seed_19,2021-09-30,13224.795087079905,-0.004889339361919487,0.0004036815444088404,0.39705222592395495,0.602947774076045,-0.008371596953930352,0.035732710300515974,0.056916806795580144,0.2766722718232056,13289.76793394441
ppo_hybrid_regime_aware_policy_seed_19,2021-10-01,13287.622236526418,0.004750708728023634,0.0029477740760450732,0.40283870802626315,0.5971612919737368,0.001535038063291192,0.031151757271193025,0.060144534788629356,0.405781391545174,13224.756103371787
ppo_hybrid_regime_aware_policy_seed_19,2021-10-04,13219.04163681352,-0.005161239422082464,0.002838708026263126,0.396888902452257,0.603111097547743,-0.008624912268604037,0.036152215015580226,0.049205411523656005,-0.03178353905376,13287.584516846526
ppo_hybrid_regime_aware_policy_seed_19,2021-10-05,13274.017893792963,0.0041588685844169415,0.0031110975477430247,0.4024868453461943,0.5975131546538057,0.0009455777471267108,0.03214369874244862,0.05944945896778714,0.3779783587114854,13219.0005110855
ppo_hybrid_regime_aware_policy_seed_19,2021-10-06,13296.05185211641,0.0016599313410410321,0.0024868453461942552,0.4009957979555967,0.5990042020444033,-0.0015451750903261023,0.0305371237343671,0.05054108966149027,0.0216435864596108,13273.984883363339
ppo_hybrid_regime_aware_policy_seed_19,2021-10-07,13342.019973835939,0.003457276056892944,0.0009957979555966778,0.402067814108701,0.5979321858912989,0.0002498197201352068,0.027185422944207414,0.04907586910978121,-0.0369652356087516,13296.038611935159
ppo_hybrid_regime_aware_policy_seed_19,2021-10-08,13332.259254012477,-0.0007315773655415247,0.002067814108700994,0.39956197381910086,0.6004380261808991,-0.003964248815358315,0.027897112069650322,0.04117246463227003,-0.3531014147091992,13341.992385018799
ppo_hybrid_regime_aware_policy_seed_19,2021-10-11,13293.644710995364,-0.0028963240424154657,0.0004380261808991648,0.39825742131772607,0.6017425786822739,-0.006205489447866428,0.030712637035664524,0.037046698052725514,-0.5181320778909795,13332.253414133873
ppo_hybrid_regime_aware_policy_seed_19,2021-10-12,13280.532427238912,-0.000986357318968123,0.0017425786822739542,0.3994086478713283,0.6005913521286717,-0.004231501669827876,0.03166870072030774,0.043975849118189976,-0.2409660352724011,13293.621545773482
ppo_hybrid_regime_aware_policy_seed_19,2021-10-13,13299.63585659166,0.0014384535753677596,0.0005913521286717294,0.4008621867408977,0.5991378132591023,-0.0017634670361138301,0.03027580110071844,0.04324764750611062,-0.2700940997555754,13280.52457376779
ppo_hybrid_regime_aware_policy_seed_19,2021-10-14,13389.10768370619,0.006727389236765191,0.0008621867408976636,0.40400997419685203,0.595990025803148,0.003503568053225723,0.023752088962412727,0.03665111312276417,-0.5339554750894331,13299.624389821965
ppo_hybrid_regime_aware_policy_seed_19,2021-10-15,13435.261083814248,0.003447085586160803,0.05599002580314799,0.4618851625139312,0.5381148374860688,0.0007651729659516158,0.020386878859755493,0.02690861450429365,-0.9236554198282542,13388.358027221499
ppo_hybrid_regime_aware_policy_seed_19,2021-10-18,13467.785334534057,0.002420812704487796,0.5381148374860688,1.0,0.0,0.0016107150015380908,0.01801541897061617,0.023982020010874662,-1.0407191995650136,13428.031370479548
ppo_hybrid_regime_aware_policy_seed_19,2021-10-19,13571.687531703383,0.007714868821297571,0.0,1.0,0.0,0.007685261401572473,0.010439536743437615,0.02423143678293065,-1.030742528682774,13467.785334534057
ppo_hybrid_regime_aware_policy_seed_19,2021-10-20,13624.993356857065,0.003927722696912994,0.0,1.0,0.0,0.003920029332475949,0.006552817651937094,0.020991904258402968,-1.1603238296638814,13571.687531703383
ppo_hybrid_regime_aware_policy_seed_19,2021-10-21,13660.530573626185,0.0026082373648450563,0.0,1.0,0.0,0.0026048418167514496,0.003961671590936836,0.01998647466421105,-1.200541013431558,13624.993356857065
ppo_hybrid_regime_aware_policy_seed_19,2021-10-22,13646.375794868072,-0.001036180745822679,0.0,1.0,0.0,-0.001054763382837825,0.00499374732893568,0.017484599195970087,-1.3006160321611966,13660.530573626185
ppo_hybrid_regime_aware_policy_seed_19,2021-10-25,13719.558602049012,0.005362801690428354,0.0,1.0,0.0,0.005348473074299051,0.0,0.02006905040996213,-1.1972379836015148,13646.375794868072
ppo_hybrid_regime_aware_policy_seed_19,2021-10-26,13731.906465993901,0.0009000190387353779,0.0,1.0,0.0,0.0008996142644518357,0.0,0.01921058846646222,-1.2315764613415112,13719.558602049012
ppo_hybrid_regime_aware_policy_seed_19,2021-10-27,13671.071522757858,-0.004430189164679854,0.0,1.0,0.0,-0.0045440074923175115,0.004430189164679811,0.023469869110294556,-1.0612052355882178,13731.906465993901
ppo_hybrid_regime_aware_policy_seed_19,2021-10-28,13802.981818613946,0.00964886297584644,0.0,1.0,0.0,0.009602609985319628,0.0,0.029275988970355705,-0.8289604411857717,13671.071522757858
ppo_hybrid_regime_aware_policy_seed_19,2021-10-29,13830.989917300703,0.0020291339259019825,0.0,1.0,0.0,0.002027078014334198,0.0,0.026192933955969278,-0.952282641761229,13802.981818613946
ppo_hybrid_regime_aware_policy_seed_19,2021-11-01,13854.782187783874,0.0017202145779464662,0.0,1.0,0.0,0.00171873670344748,0.0,0.024189219331822245,-1.0324312267271103,13830.989917300703
ppo_hybrid_regime_aware_policy_seed_19,2021-11-02,13910.798385157392,0.004043094767878008,0.0,1.0,0.0,0.004034943423944309,0.0,0.024700154412476125,-1.0119938235009551,13854.782187783874
ppo_hybrid_regime_aware_policy_seed_19,2021-11-03,13995.727057706075,0.006105233516956243,0.0,1.0,0.0,0.0060866720883999866,0.0,0.02168188828494096,-1.1327244686023616,13910.798385157392
ppo_hybrid_regime_aware_policy_seed_19,2021-11-04,14061.682205634119,0.004712520303954415,0.0,1.0,0.0,0.004701451142290312,0.0,0.014742170879711736,-1.4103131648115306,13995.727057706075
ppo_hybrid_regime_aware_policy_seed_19,2021-11-05,14110.470743754744,0.0034696089278050124,0.0,1.0,0.0,0.0034636037212191872,0.0,0.017180195207570977,-1.312792191697161,14061.682205634119
ppo_hybrid_regime_aware_policy_seed_19,2021-11-08,14122.517148870167,0.0008537209944434743,0.0,1.0,0.0,0.0008533567819511243,0.0,0.024744294317920384,-1.0102282272831846,14110.470743754744
ppo_hybrid_regime_aware_policy_seed_19,2021-11-09,14075.836984392234,-0.003305371414023539,0.0,1.0,0.0,-0.0034107930407527892,0.0033053714140235933,0.030237696950565968,-0.7904921219773613,14122.517148870167
ppo_hybrid_regime_aware_policy_seed_19,2021-11-10,13962.59875432732,-0.008044866546158214,0.0,1.0,0.0,-0.008353502731372774,0.01132364668827048,0.034434043318296595,-0.6226382672681363,14075.836984392234
ppo_hybrid_regime_aware_policy_seed_19,2021-11-11,13967.116041360377,0.0003235276693500655,0.0,1.0,0.0,0.00032347534555880655,0.011003782531942055,0.04146865851983901,-0.3412536592064396,13962.59875432732
ppo_hybrid_regime_aware_policy_seed_19,2021-11-12,14072.523694513458,0.007546844519723317,0.0,1.0,0.0,0.0075185095590189445,0.003539981848116102,0.03382313539538447,-0.6470745841846213,13967.116041360377
ppo_hybrid_regime_aware_policy_seed_19,2021-11-15,14077.342440375987,0.00034242229518555156,0.0,1.0,0.0,0.00034236368205134573,0.00319877172163986,0.0240195002653657,-1.039219989385372,14072.523694513458
ppo_hybrid_regime_aware_policy_seed_19,2021-11-16,14133.05809800183,0.003957824984497149,0.0,1.0,0.0,0.003950013399666602,0.0,0.02567580970358937,-0.9729676118564252,14077.342440375987
ppo_hybrid_regime_aware_policy_seed_19,2021-11-17,14098.72579746879,-0.002429219514628267,0.0,1.0,0.0,-0.0024928934203971792,0.002429219514628212,0.024995091877716737,-1.0001963248913306,14133.05809800183
ppo_hybrid_regime_aware_policy_seed_19,2021-11-18,14146.6108781828,0.0033964119454403807,0.0,1.0,0.0,0.0033906571651105342,0.0,0.030559546721306865,-0.7776181311477254,14098.72579746879
ppo_hybrid_regime_aware_policy_seed_19,2021-11-19,14121.313151715878,-0.0017882535035962377,0.0,1.0,0.0,-0.0018510425479299536,0.0017882535035962021,0.03421674285256696,-0.6313302858973215,14146.6108781828
ppo_hybrid_regime_aware_policy_seed_19,2021-11-22,14081.559187661373,-0.0028151747381705006,0.0,1.0,0.0,-0.002922257298733099,0.004598393995677946,0.03669300654648313,-0.532279738140675,14121.313151715878
ppo_hybrid_regime_aware_policy_seed_19,2021-11-23,14100.231253452544,0.0013259941986774049,0.0,1.0,0.0,0.0013251158447456824,0.0032784972407620123,0.04605425755811848,-0.1578296976752609,14081.559187661373
ppo_hybrid_regime_aware_policy_seed_19,2021-11-24,14137.876843864358,0.00266985624101701,0.0,1.0,0.0,0.0026662985058638765,0.0006173941160643759,0.04769062087890072,-0.0923751648439715,14100.231253452544
ppo_hybrid_regime_aware_policy_seed_19,2021-11-26,13822.557341811726,-0.022303172218498757,0.0,1.0,0.0,-0.02348924919716727,0.022906796487265884,0.04188538272042879,-0.3245846911828484,14137.876843864358
ppo_hybrid_regime_aware_policy_seed_19,2021-11-29,13937.064088260597,0.00828404929835247,0.30000000000000004,0.7025540568565949,0.2974459431434051,0.006999924891282216,0.014812508220281326,0.11477928491319339,2.591171396527735,13818.410574609183
ppo_hybrid_regime_aware_policy_seed_19,2021-11-30,13808.97011452554,-0.009190886468187554,0.24255405685659487,0.4551230772546143,0.5448769227453857,-0.01285498970008452,0.023867254607107133,0.07352777559511954,0.9411110238047814,13933.683596825318
ppo_hybrid_regime_aware_policy_seed_19,2021-12-01,13813.84437300721,0.0003529776979198651,0.5351230772546143,-0.07904118960149857,1.0790411896014986,-0.010817769199934006,0.02352270151777411,0.10355579001749345,2.142231600699738,13801.580615944138
ppo_hybrid_regime_aware_policy_seed_19,2021-12-02,13796.90498378176,-0.0012262617681252364,0.000958810398501389,-0.08132495193224391,1.0813249519322439,-0.011746129555222789,0.024720118296345045,0.125,3.194849203268089,13813.831128149583
ppo_hybrid_regime_aware_policy_seed_19,2021-12-03,13806.49078580949,0.000694779158006753,0.0013249519322439535,-0.07924872952833167,1.0792487295283317,-0.009675449517194885,0.024042514161314123,0.10676676545180142,2.270670618072056,13796.886703545842
ppo_hybrid_regime_aware_policy_seed_19,2021-12-06,13793.39925593783,-0.0009482155947343474,0.0007512704716682861,-0.08102423266358794,1.081024232663588,-0.011432704050964105,0.024967932269184107,0.12417274824368381,2.966909929747352,13806.480413400646
ppo_hybrid_regime_aware_policy_seed_19,2021-12-07,13770.560029618933,-0.001655808397561187,0.0010242326635879762,-0.08179013101205183,1.081790131012052,-0.01218765368369557,0.02658239855482425,0.09968407065536951,1.98736282621478,13793.38512828777
ppo_hybrid_regime_aware_policy_seed_19,2021-12-08,13778.504080863424,0.0005768865774089527,0.48179013101205187,0.40063483979449627,0.5993651602055037,-0.0033459649542028087,0.026020847006336955,0.06367988759948047,0.5471955039792189,13763.925509698154
ppo_hybrid_regime_aware_policy_seed_19,2021-12-09,13734.896643284983,-0.003164889114414593,0.05936516020550375,0.4583176927488208,0.5416823072511792,-0.006005601612381664,0.029103383025313297,0.05016840125971789,0.0067360503887155,13777.686117761272
ppo_hybrid_regime_aware_policy_seed_19,2021-12-10,13794.348401331701,0.004328518778900614,0.001682307251179238,0.46232823079580077,0.5376717692041992,0.0017246542263074439,0.02490083878636728,0.06161740193747794,0.4646960774991172,13734.873536968766
ppo_hybrid_regime_aware_policy_seed_19,2021-12-13,13664.802007184964,-0.00939126592846029,0.5376717692041992,1.0,0.0,-0.010627231266234938,0.034058254315943066,0.04205135119118377,-0.3179459523526494,13786.931569621738
ppo_hybrid_regime_aware_policy_seed_19,2021-12-14,13614.199728104597,-0.003703111033278139,0.54,0.4582855713222776,0.5417144286777225,-0.007302170066207463,0.03763524385188959,0.053169163970141556,0.1267665588056623,13657.423014101085
ppo_hybrid_regime_aware_policy_seed_19,2021-12-15,13712.028563881067,0.007185794077525953,0.0017144286777224238,0.4638535636782932,0.5361464363217068,0.004565527634513373,0.030719888886740727,0.06406412281293512,0.5625649125174047,13614.176387530159
ppo_hybrid_regime_aware_policy_seed_19,2021-12-16,13583.82198983352,-0.009349934872893817,0.5361464363217068,1.0,0.0,-0.01061837848973834,0.03978259479924102,0.0463701392535289,-0.1451944298588444,13704.676908631802
ppo_hybrid_regime_aware_policy_seed_19,2021-12-17,13488.388503907487,-0.007025525363734686,0.54,0.45647303753935914,0.5435269624606409,-0.010824675720732112,0.04652862653417847,0.055196175643787676,0.2078470257515069,13576.486725959008
ppo_hybrid_regime_aware_policy_seed_19,2021-12-20,13422.364511553882,-0.004894876236288592,0.003526962460640881,0.4573456788184579,0.5426543211815421,-0.007793853752075182,0.05119575090213774,0.06206561150954829,0.4826244603819318,13488.340930867578
ppo_hybrid_regime_aware_policy_seed_19,2021-12-21,13501.824952527251,0.005920003208448765,0.11734567881845787,0.343961199949188,0.6560388000508119,0.001854530323952744,0.045578826703288465,0.07092681431571167,0.8370725726284668,13420.789455078924
ppo_hybrid_regime_aware_policy_seed_19,2021-12-22,13562.351423942919,0.004482836329791073,0.11603880005081202,0.46247230961077285,0.5375276903892272,0.0017067601470948757,0.04130031279371225,0.05832848077346368,0.3331392309385471,13500.258216961263
ppo_hybrid_regime_aware_policy_seed_19,2021-12-23,13595.25644702981,0.0024262033963224905,0.062472309610772825,0.40148959137191437,0.5985104086280857,-0.0008704435476142212,0.03897431235655896,0.04208480968805267,-0.3166076124778934,13561.504152525713
ppo_hybrid_regime_aware_policy_seed_19,2021-12-27,13779.406549958007,0.013545173174605907,0.5985104086280857,1.0,0.0,0.012556491763594836,0.025957052992183757,0.03759138506499545,-0.4963445974001821,13587.119544538295
ppo_hybrid_regime_aware_policy_seed_19,2021-12-28,13768.14608335428,-0.0008171953242616103,0.0,1.0,0.0,-0.0008459976232042127,0.026753036334108575,0.03576483491889013,-0.5694066032443946,13779.406549958007
ppo_hybrid_regime_aware_policy_seed_19,2021-12-29,13785.758404711234,0.0012792079086265673,0.0,1.0,0.0,0.0012783904192747832,0.025508051121140313,0.0349139260362369,-0.6034429585505241,13768.14608335428
ppo_hybrid_regime_aware_policy_seed_19,2021-12-30,13747.647276191867,-0.0027645289726202504,0.0,1.0,0.0,-0.0028518615880179,0.0282020623474011,0.030996250861952113,-0.7601499655219154,13785.758404711234
ppo_hybrid_regime_aware_policy_seed_19,2021-12-31,13713.000635519593,-0.0025201869073463445,0.0,1.0,0.0,-0.0026060543871589364,0.03065117478645932,0.03376180768250954,-0.6495276926996184,13747.647276191867
ppo_hybrid_regime_aware_policy_seed_19,2022-01-03,13792.398379384606,0.005789961364061735,0.0,1.0,0.0,0.0057732639583171685,0.025038682540174276,0.033143928349054295,-0.6742428660378282,13713.000635519593
ppo_hybrid_regime_aware_policy_seed_19,2022-01-04,13787.778768554925,-0.00033493890638958135,0.0,1.0,0.0,-0.00034446387130890706,0.025365235017616436,0.028996443174779875,-0.8401422730088052,13792.398379384606
ppo_hybrid_regime_aware_policy_seed_19,2022-01-05,13523.023876065059,-0.01920214248677088,0.0,1.0,0.0,-0.019974954030668724,0.04408031064736859,0.03131463702859665,-0.7474145188561339,13787.778768554925
ppo_hybrid_regime_aware_policy_seed_19,2022-01-06,13510.320166558604,-0.0009394133755054046,0.0,1.0,0.0,-0.0009858240181973706,0.04497831438945547,0.051190340590269834,0.0476136236107935,13523.023876065059
ppo_hybrid_regime_aware_policy_seed_19,2022-01-07,13478.467787709387,-0.0023576331616521617,0.54,0.4590161585554925,0.5409838414445075,-0.005875952407499446,0.047229905185547844,0.050424638879177835,0.0169855551671133,13503.024593668662
ppo_hybrid_regime_aware_policy_seed_19,2022-01-10,13470.739346612112,-0.0005733916658036131,0.0009838414445075272,0.45969072243766934,0.5403092775623306,-0.00319135349790031,0.04777621561734138,0.04451977602243916,-0.2192089591024337,13478.45452703417
ppo_hybrid_regime_aware_policy_seed_19,2022-01-11,13519.010384169364,0.003583399271205767,0.05969072243766932,0.4021780491763547,0.5978219508236453,0.0002874581091225572,0.044364017602359855,0.04915281293436202,-0.0338874826255193,13469.935268448744
ppo_hybrid_regime_aware_policy_seed_19,2022-01-12,13535.040356274436,0.0011857356159621357,0.05782195082364533,0.46067072578261525,0.5393292742173847,-0.0014936997395400451,0.043230885982135946,0.04228274528764381,-0.3086901884942477,13518.228688615745
ppo_hybrid_regime_aware_policy_seed_19,2022-01-13,13449.244214753973,-0.00633881682374815,0.0006707257826152335,0.45655556748029447,0.5434444325197055,-0.009175258388209043,0.049295670138515005,0.03681250079775986,-0.5274999680896054,13535.0312779739
ppo_hybrid_regime_aware_policy_seed_19,2022-01-14,13450.683869033252,0.00010704350789469963,0.056555567480294444,0.40009814893901813,0.5999018510609819,-0.0031777955720732206,0.04919390341207606,0.05595746336002873,0.2382985344011492,13448.483585115227
ppo_hybrid_regime_aware_policy_seed_19,2022-01-18,13355.40000035199,-0.007083942319143222,9.814893901810562e-05,0.3957193697601691,0.6042806302398309,-0.010633591188580104,0.05592935895699458,0.04814691378980508,-0.0741234484077969,13450.6825488629
ppo_hybrid_regime_aware_policy_seed_19,2022-01-19,13307.508439628988,-0.0035859323361142614,0.05571936976016906,0.33766167436469846,0.6623383256353015,-0.007797859051926587,0.05931473239628683,0.0738183832426169,0.952735329704676,13354.655845881076
ppo_hybrid_regime_aware_policy_seed_19,2022-01-20,13257.399377796357,-0.003765472857669483,0.0023383256353015636,0.3375069436729253,0.6624930563270748,-0.007935832129550806,0.06285685723905818,0.08123500900094399,1.2494003600377594,13307.477322340861
ppo_hybrid_regime_aware_policy_seed_19,2022-01-21,13168.88112122482,-0.006676894468442107,0.0024930563270747497,0.3355652849435747,0.6644347150564254,-0.011158516917653091,0.0691140631050972,0.09325131649953358,1.7300526599813428,13257.366326352958
ppo_hybrid_regime_aware_policy_seed_19,2022-01-24,13158.936470006129,-0.000755162957820521,0.41556528494357464,-0.0803670426637307,1.0803670426637306,-0.011827827374042072,0.06981703368259631,0.11526970291911541,2.610788116764616,13163.40859138929
ppo_hybrid_regime_aware_policy_seed_19,2022-01-25,13171.784204546315,0.0009763505257032179,0.000367042663730735,-0.07894617392980142,1.0789461739298014,-0.009392676358455154,0.0689088490544321,0.12138030302081014,2.8552121208324053,13158.931640115035
ppo_hybrid_regime_aware_policy_seed_19,2022-01-26,13174.70620952329,0.00022183820594068315,0.01576234505213213,-0.09444847332270938,1.0944484733227093,-0.009750551378027033,0.06870229746393901,0.125,3.13579207924774,13171.576586338731
ppo_hybrid_regime_aware_policy_seed_19,2022-01-27,13181.546933984731,0.0005192316513666917,0.013422086369673417,-0.10728075454333622,1.1072807545433363,-0.009081899475108703,0.06821873821993726,0.125,3.437309074752985,13174.529377478651
ppo_hybrid_regime_aware_policy_seed_19,2022-01-28,13149.727701516314,-0.0024139224802500747,0.010505957103761038,-0.0994171826229074,1.0994171826229073,-0.012604269301074448,0.07046798595442391,0.125,3.027389362861251,13181.408449218081
ppo_hybrid_regime_aware_policy_seed_19,2022-01-31,13130.525488205694,-0.001460274596287392,0.01941718262290744,-0.08155840170117266,1.0815584017011726,-0.01200411956633629,0.07182535794097047,0.10730437750863045,2.2921751003452178,13149.472370852092
ppo_hybrid_regime_aware_policy_seed_19,2022-02-01,13155.142964079265,0.0018748279263980372,0.4215584017011727,0.3415127787766485,0.6584872212233515,-0.0026312649724539346,0.07008519020146362,0.08805751582226365,1.5223006328905455,13124.99020486739
ppo_hybrid_regime_aware_policy_seed_19,2022-02-02,13205.486625579633,0.0038269186156192347,0.05848722122335154,0.40232235603456484,0.5976776439654352,0.0005318837594128173,0.0665264819049055,0.06776311741364714,0.7105246965458858,13154.3735563225
ppo_hybrid_regime_aware_policy_seed_19,2022-02-03,13081.298398187459,-0.009404290119200631,0.002322356034564821,0.39430526439633135,0.6056947356036686,-0.013255666676332326,0.07530513768766266,0.06873415370661777,0.7493661482647109,13205.455957738079
ppo_hybrid_regime_aware_policy_seed_19,2022-02-04,13101.500614146918,0.0015443586213321758,0.05430526439633132,0.34105349119636924,0.6589465088036308,-0.0024102905706707934,0.073877077204949,0.08478072182790546,1.391228873116218,13080.588014819297
ppo_hybrid_regime_aware_policy_seed_19,2022-02-07,13087.191071595522,-0.0010922063794696069,0.0010534911963692162,0.3392790516693736,0.6607209483306264,-0.005043839603376482,0.07488859456939882,0.07657416252825118,1.062966501130047,13101.486811831363
ppo_hybrid_regime_aware_policy_seed_19,2022-02-08,13123.792665150413,0.00279674938301544,0.0007209483306264142,0.3418411810965925,0.6581588189034075,-0.001080235666419153,0.07230128981704015,0.07392456636115871,0.9569826544463482,13087.181636406965
ppo_hybrid_regime_aware_policy_seed_19,2022-02-09,13210.58890030098,0.006613654860690543,0.11815881890340751,0.46361129552478,0.53638870447522,0.003822642369274944,0.0661658107331823,0.0638011864750774,0.552047459003096,13122.241973309565
ppo_hybrid_regime_aware_policy_seed_19,2022-02-10,13101.366683968923,-0.008267778004171222,0.003611295524779956,0.4555001461849368,0.5444998538150632,-0.011311093174532287,0.07388654450274554,0.05330200501310849,0.1320802005243396,13210.541192960405
ppo_hybrid_regime_aware_policy_seed_19,2022-02-11,12982.470855012478,-0.009075070702503796,0.004499853815063237,0.4550570339755562,0.5449429660244438,-0.012398995377158297,0.08229108958992319,0.0813542664182241,1.2541706567289637,13101.307729734068
ppo_hybrid_regime_aware_policy_seed_19,2022-02-14,12962.88263793469,-0.0015088204161247676,0.004942966024443829,0.4591866790216489,0.5408133209783511,-0.004255010590432265,0.08367574753000953,0.10517854646296634,2.207141858518654,12982.406683100127
ppo_hybrid_regime_aware_policy_seed_19,2022-02-15,13059.03533307318,0.007417539587769362,0.0008133209783511286,0.4639764153524297,0.5360235846475703,0.0047969449446126815,0.07687887611208016,0.11112363745179597,2.4449454980718386,12962.8720949503
ppo_hybrid_regime_aware_policy_seed_19,2022-02-16,13065.71634852925,0.0005116009939225563,0.0039764153524297075,0.4602782694380876,0.5397217305619124,-0.002086494452276972,0.0764066064275882,0.09244618097782116,1.697847239112846,13058.983404924593
ppo_hybrid_regime_aware_policy_seed_19,2022-02-17,12969.261491498148,-0.007382286164658636,0.12027826943808756,0.3351714288954946,0.6648285711045054,-0.012024911814086256,0.08322483715872794,0.08254697428909519,1.3018789715638073,13064.14482677788
ppo_hybrid_regime_aware_policy_seed_19,2022-02-18,12970.59236775803,0.00010261773661945917,0.4151714288954946,-0.0794408450804563,1.0794408450804562,-0.010888144671563545,0.0831307597665283,0.10824023406256514,2.329609362502605,12963.877024673004
ppo_hybrid_regime_aware_policy_seed_19,2022-02-22,12981.720775571575,0.0008579722111388133,0.0005591549195436557,-0.0790735809664436,1.0790735809664436,-0.009511234369010973,0.08234411143716006,0.10523393817059917,2.209357526823967,12970.585115187498
ppo_hybrid_regime_aware_policy_seed_19,2022-02-23,13000.130995601456,0.0014181648448734485,0.0009264190335563638,-0.07846955186272545,1.0784695518627254,-0.008952229429716876,0.08104272411630904,0.11164138635183299,2.465655454073319,12981.70874905836
ppo_hybrid_regime_aware_policy_seed_19,2022-02-24,12984.459882946,-0.0012054580573656049,0.001530448137274515,-0.08130181109664232,1.0813018110966424,-0.011714855068978736,0.0821504885688978,0.12491300844326941,2.996520337730776,13000.11109957519
ppo_hybrid_regime_aware_policy_seed_19,2022-02-25,12961.523876544261,-0.001766419751649595,0.0013018110966423607,-0.08190970070884912,1.0819097007088492,-0.012332446024716585,0.08377179607493168,0.11997205753633298,2.798882301453319,12984.44297963204
ppo_hybrid_regime_aware_policy_seed_19,2022-02-28,12939.253460695241,-0.0017181942540970274,0.5419097007088491,0.4593637130766348,0.5406362869233652,-0.005285177083186509,0.08534605411035737,0.10204203229026881,2.081681291610752,12954.499901019592
ppo_hybrid_regime_aware_policy_seed_19,2022-03-01,12948.031461933735,0.0006784009035110117,0.5393637130766348,-0.07868570583243611,1.0786857058324362,-0.010498874675976827,0.0847255520470659,0.11784866077294867,2.713946430917946,12932.274496904241
ppo_hybrid_regime_aware_policy_seed_19,2022-03-02,12928.958890375417,-0.0014730093616461826,0.0013142941675638453,-0.08159177537290285,1.0815917753729027,-0.012012592726511657,0.08607375987737612,0.125,3.4535025933692824,12948.014444411503
ppo_hybrid_regime_aware_policy_seed_19,2022-03-03,12934.08761900512,0.0003966853536458981,0.0015917753729028927,-0.07957003126296018,1.0795700312629601,-0.009973780968247171,0.08571121872360674,0.11916490788294616,2.7665963153178468,12928.938310377058
ppo_hybrid_regime_aware_policy_seed_19,2022-03-04,12942.488817695112,0.0006495393364776003,0.0004299687370397792,-0.07929848880948143,1.0792984888094814,-0.00971931647600008,0.08511735219526757,0.11716202144057282,2.686480857622913,12934.082057751802
ppo_hybrid_regime_aware_policy_seed_19,2022-03-07,12973.002441094837,0.002357631814833505,0.0007015111905185334,-0.07745899077209151,1.0774589907720915,-0.008014195305306868,0.08296039575796398,0.125,3.0092530983827364,12942.479738394373
ppo_hybrid_regime_aware_policy_seed_19,2022-03-08,12981.578381350288,0.0006610605597578978,0.011212483684695573,-0.08794007347168946,1.0879400734716895,-0.009475741995083598,0.0823541770438636,0.125,3.9873711217771888,12972.856981516625
ppo_hybrid_regime_aware_policy_seed_19,2022-03-09,12953.63178724805,-0.002152788611775147,0.007940073471689499,-0.08232143397799854,1.0823214339779985,-0.012781956487126713,0.08432967452116659,0.125,3.5725370966346115,12981.47530666416
ppo_hybrid_regime_aware_policy_seed_19,2022-03-10,12958.281130621688,0.0003589219957769174,0.0023214339779985826,-0.07960999707649236,1.0796099970764923,-0.010012624552281049,0.08400102030047207,0.12219494939250392,2.887797975700156,12953.601716247082
ppo_hybrid_regime_aware_policy_seed_19,2022-03-11,12971.457296976423,0.001016814361558982,0.0003900029235076041,-0.07890253520432437,1.0789025352043244,-0.009352287248384243,0.08306961938274021,0.10856810877436894,2.3427243509747577,12958.276076854163
ppo_hybrid_regime_aware_policy_seed_19,2022-03-14,12979.027020981484,0.0005835677389021132,0.0010974647956755873,-0.07936892985218569,1.0793689298521856,-0.009786248667728408,0.08253452839379279,0.11059054604763655,2.423621841905461,12971.443061258691
ppo_hybrid_regime_aware_policy_seed_19,2022-03-15,12956.185683647389,-0.0017598651499199924,0.0006310701478142722,-0.08190332239690934,1.0819033223969092,-0.01231633632727961,0.08414914390352748,0.11518171917788972,2.6072687671155883,12979.018830304984
ppo_hybrid_regime_aware_policy_seed_19,2022-03-16,12933.177617117735,-0.0017758364299064189,0.0019033223969093793,-0.08191925604090618,1.081919256040906,-0.012316869860230457,0.08577554521814462,0.10366431609121625,2.1465726436486494,12956.161023849
ppo_hybrid_regime_aware_policy_seed_19,2022-03-17,12982.71172559238,0.003830002953727707,0.4219192560409062,0.34279556164907404,0.6572044383509259,-0.0006821917179374613,0.08227406285596008,0.08593122394688997,1.4372489578755987,12927.720860439276
ppo_hybrid_regime_aware_policy_seed_19,2022-03-18,13017.201917674953,0.0026566246568182628,0.0027955616490740187,0.3417505667454093,0.6582494332545907,-0.0012230912755187904,0.07983600950314157,0.0802678450673541,1.2107138026941635,12982.67543162138
ppo_hybrid_regime_aware_policy_seed_19,2022-03-21,13009.875173284849,-0.0005628509441921725,0.35824943325459063,0.6999385849792162,0.30006141502078376,-0.0019368037703923187,0.0803539246740044,0.07032081373965664,0.8128325495862658,13012.538512465386
ppo_hybrid_regime_aware_policy_seed_19,2022-03-22,13158.159379428935,0.011397819284890698,0.30006141502078376,1.0,0.0,0.010883261403721582,0.06987196490137977,0.06834328626713178,0.7337314506852712,13005.971411731109
ppo_hybrid_regime_aware_policy_seed_19,2022-03-23,12988.703083997754,-0.01287841943122403,0.0,1.0,0.0,-0.013741283137318492,0.08185054386212008,0.0650509496044863,0.6020379841794518,13158.159379428935
ppo_hybrid_regime_aware_policy_seed_19,2022-03-24,13184.499518726772,0.015074363734608909,0.0,1.0,0.0,0.014961874573180461,0.06801002499756437,0.0684217792577869,0.7368711703114761,12988.703083997754
ppo_hybrid_regime_aware_policy_seed_19,2022-03-25,13248.887319817994,0.004883598425542646,0.0,1.0,0.0,0.004871712340953125,0.06345856022302099,0.05801456708614316,0.320582683445726,13184.499518726772
ppo_hybrid_regime_aware_policy_seed_19,2022-03-28,13343.127159692287,0.007113038068738531,0.0,1.0,0.0,0.007087859739227152,0.05679690530893608,0.05328198327579328,0.1312793310317312,13248.887319817994
ppo_hybrid_regime_aware_policy_seed_19,2022-03-29,13508.192687608358,0.012370827763278136,0.0,1.0,0.0,0.01229493434210343,0.04512870227872207,0.04686890641288591,-0.1252437434845637,13343.127159692287
ppo_hybrid_regime_aware_policy_seed_19,2022-03-30,13424.782395358297,-0.006174792896356585,0.0,1.0,0.0,-0.00644689703639139,0.05102483478482625,0.042902913602221725,-0.2838834559111311,13508.192687608358
ppo_hybrid_regime_aware_policy_seed_19,2022-03-31,13218.15730616361,-0.015391317572948426,0.0,1.0,0.0,-0.016171912574272942,0.06563081292149424,0.04524990376752655,-0.1900038492989381,13424.782395358297
ppo_hybrid_regime_aware_policy_seed_19,2022-04-01,13255.619055937073,0.0028341128726010467,0.0,1.0,0.0,0.0028301043466709796,0.0629827051806333,0.051890366473201936,0.0756146589280775,13218.15730616361
ppo_hybrid_regime_aware_policy_seed_19,2022-04-04,13369.174342980168,0.008566577431344813,0.0,1.0,0.0,0.008530092526005388,0.05495567397005394,0.04677507918646688,-0.1289968325413248,13255.619055937073
ppo_hybrid_regime_aware_policy_seed_19,2022-04-05,13200.303959568902,-0.01263132479829887,0.0,1.0,0.0,-0.013200903766575145,0.0668928358009276,0.04097503121375962,-0.3609987514496152,13369.174342980168
ppo_hybrid_regime_aware_policy_seed_19,2022-04-06,13068.309413911185,-0.00999935653466788,0.0,1.0,0.0,-0.01055662366715094,0.07622330702080697,0.054331422976809124,0.1732569190723647,13200.303959568902
ppo_hybrid_regime_aware_policy_seed_19,2022-04-07,13134.160208735064,0.005038968143330047,0.0,1.0,0.0,0.005026315031306617,0.07156842569333405,0.060076093567539894,0.4030437427015956,13068.309413911185
ppo_hybrid_regime_aware_policy_seed_19,2022-04-08,13099.040320724136,-0.002673934796955657,0.0,1.0,0.0,-0.0028189459538686644,0.074050991186465,0.056969215126145833,0.2787686050458334,13134.160208735064
ppo_hybrid_regime_aware_policy_seed_19,2022-04-11,12875.147796954658,-0.017092284494708787,0.0,1.0,0.0,-0.01810648455788584,0.08987757507269957,0.05474591734543344,0.1898366938173375,13099.040320724136
ppo_hybrid_regime_aware_policy_seed_19,2022-04-12,12846.26258988825,-0.0022434854746474775,0.54,0.4590780494610479,0.5409219505389521,-0.005795362088895389,0.09191942151317489,0.07216812560144752,0.8867250240579007,12868.195217144303
ppo_hybrid_regime_aware_policy_seed_19,2022-04-13,12913.933095225035,0.005267719296820905,0.0009219505389521099,0.46283015779673553,0.5371698422032645,0.0026605104704385454,0.08713590792681146,0.07139872547575192,0.8559490190300765,12846.250746269532
ppo_hybrid_regime_aware_policy_seed_19,2022-04-14,12839.928215275218,-0.005730622840006805,0.0028301577967355107,0.45688916492909776,0.5431108350709022,-0.00864638575558739,0.09236718774266814,0.05792744191389995,0.317097676555998,12913.8965467566
ppo_hybrid_regime_aware_policy_seed_19,2022-04-18,12841.309241971514,0.00010755719760591198,0.056889164929097735,0.4000986572062283,0.5999013427937717,-0.003177782333648387,0.09226956530092661,0.06262759910613043,0.5051039642452173,12839.197762481303
ppo_hybrid_regime_aware_policy_seed_19,2022-04-19,12924.225198805396,0.006456970646176341,9.865720622825869e-05,0.403849386208277,0.596150613791723,0.003236065728756289,0.08640837652943388,0.05961733999339937,0.3846935997359747,12841.30797508382
ppo_hybrid_regime_aware_policy_seed_19,2022-04-20,12919.091153048073,-0.00039724205345759156,0.056150613791723036,0.45981573742573706,0.540184262574263,-0.003093567016393864,0.08677129354196303,0.055164459178494135,0.2065783671397651,12923.4994956277
ppo_hybrid_regime_aware_policy_seed_19,2022-04-21,12841.048490771693,-0.00604087867728742,0.05981573742573704,0.39638955195748743,0.6036104480425126,-0.00962107435686012,0.09228799736229217,0.04933238369899727,-0.0267046520401094,12918.318388083884
ppo_hybrid_regime_aware_policy_seed_19,2022-04-22,12700.063713663389,-0.01097922628433523,0.003610448042512593,0.39334152560109037,0.6066584743989096,-0.014865471184025323,0.10225397284025868,0.06222298072321935,0.4889192289287737,12841.002128833305
ppo_hybrid_regime_aware_policy_seed_19,2022-04-25,12724.419015469737,0.0019177306787954151,0.053341525601090345,0.34129841763956037,0.6587015823604396,-0.0020361181075203333,0.10053233774220775,0.09219231878466193,1.6876927513864766,12699.386272889671
ppo_hybrid_regime_aware_policy_seed_19,2022-04-26,12599.10936533895,-0.009847966337672598,0.0012984176395603453,0.3334365626628223,0.6665634373371777,-0.014526857462166306,0.10939026500194751,0.08536213104413873,1.414485241765549,12724.402493859634
ppo_hybrid_regime_aware_policy_seed_19,2022-04-27,12591.067527691283,-0.0006382862005938073,0.41343656266282225,-0.08024299270785774,1.0802429927078578,-0.011694542891036719,0.10995872890591128,0.11944127782881012,2.7776511131524044,12593.900432870332
ppo_hybrid_regime_aware_policy_seed_19,2022-04-28,12565.621003619333,-0.0020209981414193168,0.0002429927078577837,-0.08218683515038279,1.0821868351503827,-0.012586098810895167,0.11175750066057892,0.10823563770305003,2.329425508122001,12591.064468153689
ppo_hybrid_regime_aware_policy_seed_19,2022-04-29,12602.74310118705,0.002954258890748296,0.0021868351503828293,-0.07681644366563439,1.0768164436656344,-0.007421376609197254,0.10913340235976488,0.0990662445354976,1.962649781419904,12565.593524677637
ppo_hybrid_regime_aware_policy_seed_19,2022-05-02,12596.634078314915,-0.00048473755460110013,0.003183556334365567,-0.08052033054188243,1.0805203305418825,-0.010907669587829377,0.10956523885578079,0.11587528140815864,2.635011256326345,12602.70297964442
ppo_hybrid_regime_aware_policy_seed_19,2022-05-03,12592.008046044442,-0.00036724352249273284,0.0005203305418824689,-0.0803962065515966,1.0803962065515966,-0.010771869175625684,0.10989224525401341,0.10940980695412322,2.3763922781649285,12596.62752390148
ppo_hybrid_regime_aware_policy_seed_19,2022-05-04,12717.037222601175,0.009929248464545681,0.4203962065515966,0.3467636079391793,0.6532363920608206,0.005377683064450736,0.10105414419692169,0.09302326793825025,1.72093071753001,12586.714413629019
ppo_hybrid_regime_aware_policy_seed_19,2022-05-05,12563.272487697874,-0.012091238879919697,0.006763607939179295,0.33192662926638666,0.6680733707336133,-0.01684294967142777,0.11192351327955055,0.0732215191604568,0.9288607664182716,12716.951209547253
ppo_hybrid_regime_aware_policy_seed_19,2022-05-06,12564.094009428305,6.539074363276498e-05,0.4119266292663866,-0.07948453094417375,1.0794845309441738,-0.010920501338148295,0.11186544129768114,0.10212672767647371,2.085069107058948,12558.09734120946
ppo_hybrid_regime_aware_policy_seed_19,2022-05-09,12596.268953664507,0.0025608646522428113,0.0005154690558262093,-0.07724077546956482,1.0772407754695648,-0.007811181977880602,0.10959104889986504,0.09647161991503944,1.8588647966015772,12564.087533026628
ppo_hybrid_regime_aware_policy_seed_19,2022-05-10,12593.905881723802,-0.00018760094353309498,0.002759224530435145,-0.0801996665141494,1.0801996665141493,-0.010579498001434045,0.10975809045922179,0.1181779068824521,2.727116275298084,12596.234197730219
ppo_hybrid_regime_aware_policy_seed_19,2022-05-11,12609.908839985252,0.0012706906349579938,0.00019966651414944636,-0.07862918036208598,1.078629180362086,-0.00909841550890037,0.10862686840192112,0.10855211727954855,2.3420846911819413,12593.903367142515
ppo_hybrid_regime_aware_policy_seed_19,2022-05-12,12610.944661998903,8.214349737145632e-05,0.0013708196379139809,-0.07990981194599193,1.079909811945992,-0.010287916105677752,0.10855364789542873,0.10595626402829271,2.238250561131708,12609.891554074582
ppo_hybrid_regime_aware_policy_seed_19,2022-05-13,12586.823483261473,-0.0019127178323219418,9.018805400802521e-05,-0.08206959640976805,1.082069596409768,-0.012455754222167987,0.11025873322965749,0.10150197390930205,2.060078956372082,12610.943524642345
ppo_hybrid_regime_aware_policy_seed_19,2022-05-16,12564.15386767312,-0.001801059307656172,0.42206959640976804,0.33908822462905913,0.6609117753709408,-0.006447362794960633,0.11186121001957997,0.08709969229142822,1.4839876916571286,12581.510967753811
ppo_hybrid_regime_aware_policy_seed_19,2022-05-17,12652.01521698222,0.0069930176145933665,0.0009117753709408927,0.344583937839322,0.6554160621606779,0.0030953122008622294,0.10565043981704324,0.08010804999265497,1.2043219997061985,12564.142411987066
ppo_hybrid_regime_aware_policy_seed_19,2022-05-18,12478.55031791328,-0.01371045608893251,0.004583937839321983,0.3308283772492907,0.6691716227507093,-0.01858395294581407,0.11791238019008773,0.07337865021227746,0.9351460084910984,12651.957220930923
ppo_hybrid_regime_aware_policy_seed_19,2022-05-19,12479.535374794355,7.894000953467817e-05,0.41082837724929067,-0.07947109189428393,1.079471091894284,-0.01090530567193785,0.11784274818496944,0.09625938197552264,1.8503752790209056,12473.423775335747
ppo_hybrid_regime_aware_policy_seed_19,2022-05-20,12476.152035414121,-0.0002711110052275867,0.41947109189428394,0.3400979442109536,0.6599020557890465,-0.0047934555103589785,0.11808191072427786,0.08822916046437682,1.5291664185750724,12474.300570464356
ppo_hybrid_regime_aware_policy_seed_19,2022-05-23,12555.516938399927,0.0063613286180326245,9.794421095354888e-05,0.3441720020550138,0.6558279979449861,0.0024690338504161457,0.11247173994420753,0.0882583126816218,1.530332507264872,12476.150813447255
ppo_hybrid_regime_aware_policy_seed_19,2022-05-24,12522.877048096301,-0.002599645276555651,0.004172002055013779,0.3382825228073581,0.661717477192642,-0.00667388733958821,0.11477899859327124,0.08347530283837352,1.3390121135349409,12555.464556757459
ppo_hybrid_regime_aware_policy_seed_19,2022-05-25,12560.472537382177,0.0030021447261265877,0.0017174771926419252,0.34197661496998316,0.6580233850300168,-0.0008769289270836606,0.11212143703244144,0.08769752391249706,1.5079009564998824,12522.855540340584
ppo_hybrid_regime_aware_policy_seed_19,2022-05-26,12645.779253766239,0.006791680498498431,0.001976614969983137,0.3444535664941817,0.6555464335058183,0.0028937560114405754,0.10609124951129996,0.08234818995169746,1.2939275980678984,12560.44771016413
ppo_hybrid_regime_aware_policy_seed_19,2022-05-27,12751.273090214561,0.00834221714070349,0.00445356649418166,0.3454632272388352,0.6545367727611648,0.00442893281361712,0.09863406861074821,0.07804354049643031,1.1217416198572123,12645.722934947462
ppo_hybrid_regime_aware_policy_seed_19,2022-05-31,12716.904665627466,-0.002695293587074876,0.1145367727611648,0.45860262498435217,0.5413973750156478,-0.005631701814037417,0.10106351442522941,0.06954846372008776,0.78193854880351,12749.812600546213
ppo_hybrid_regime_aware_policy_seed_19,2022-06-01,12669.570875799182,-0.0037221156462879934,0.0013973750156478504,0.45798330576434476,0.5420166942356552,-0.006562672636102625,0.10440945998320637,0.0715841347867993,0.8633653914719718,12716.88689534261
ppo_hybrid_regime_aware_policy_seed_19,2022-06-02,12780.530543896091,0.0087579657736363,0.0020166942356552586,0.4646893216144499,0.5353106783855501,0.006124812207195793,0.09656590868654676,0.06909083146482961,0.7636332585931843,12669.545325148629
ppo_hybrid_regime_aware_policy_seed_19,2022-06-03,12683.986993757357,-0.007553954807051677,0.004689321614449904,0.4558923677696316,0.5441076322303684,-0.010621355969100835,0.10339040898347837,0.0644283893419939,0.5771355736797558,12780.470611877967
ppo_hybrid_regime_aware_policy_seed_19,2022-06-06,12701.699939642705,0.0013964809246544974,0.004107632230368419,0.4607552631101914,0.5392447368898086,-0.0012026546963406345,0.10213831079276148,0.06461858310429018,0.5847433241716076,12683.934892603571
ppo_hybrid_regime_aware_policy_seed_19,2022-06-07,12816.622455880557,0.009047805945971987,0.5392447368898086,1.0,0.0,0.008198252673962889,0.09401463246249175,0.06578853704766716,0.631541481906686,12694.8506148007
ppo_hybrid_regime_aware_policy_seed_19,2022-06-08,12677.27816845634,-0.010872153557139663,0.0,1.0,0.0,-0.011530000599153245,0.10386464449888111,0.060742390799779694,0.4296956319911874,12816.622455880557
ppo_hybrid_regime_aware_policy_seed_19,2022-06-09,12375.775895599318,-0.023782886898168876,0.0,1.0,0.0,-0.025356580700442943,0.12517733030421455,0.060354445844077925,0.4141778337631167,12677.27816845634
ppo_hybrid_regime_aware_policy_seed_19,2022-06-10,12120.947935400274,-0.020590867380659073,0.30000000000000004,0.6937847626579527,0.30621523734204725,-0.023320435733185048,0.14319068787751463,0.0702046067190278,0.8081842687611117,12372.063162830638
ppo_hybrid_regime_aware_policy_seed_19,2022-06-13,11906.467099569634,-0.017695054625573525,0.23378476265795273,0.4504010605154997,0.5495989394845002,-0.02197568923798743,0.15835197545922206,0.0777986868506528,1.111947474026112,12118.114242464007
ppo_hybrid_regime_aware_policy_seed_19,2022-06-14,11903.020639139608,-0.000289461214750375,0.5304010605154996,-0.07973970962260475,1.0797397096226047,-0.011479057207298879,0.15859559991879785,0.1065266592559036,2.2610663702361435,11900.15189679303
ppo_hybrid_regime_aware_policy_seed_19,2022-06-15,11889.442065413396,-0.0011407670487911803,0.00026029037739520866,-0.08123315404058258,1.0812331540405826,-0.011605517238598359,0.1595554463331184,0.09971239441440871,1.9884957765763485,11903.017540897874
ppo_hybrid_regime_aware_policy_seed_19,2022-06-16,11750.702425935884,-0.011669146349693515,0.4212331540405826,0.3324887271486947,0.6675112728513053,-0.01707670420572358,0.1693627168286601,0.0851500220489765,1.4060008819590597,11884.433838232399
ppo_hybrid_regime_aware_policy_seed_19,2022-06-17,11747.880065959565,-0.00024018649047641283,0.41248872714869467,-0.07981386887821304,1.079813868878213,-0.011246887345432128,0.16956222468256393,0.09994050082658272,1.9976200330633085,11745.855393649106
ppo_hybrid_regime_aware_policy_seed_19,2022-06-21,11843.45641667634,0.008135625336669339,0.41981386887821304,0.3456010220586896,0.6543989779413104,0.0036009887400705594,0.16280609407716404,0.09116670503995841,1.646668201598336,11742.948142977957
ppo_hybrid_regime_aware_policy_seed_19,2022-06-22,11836.089677982995,-0.0006220091866907529,0.005601022058689564,0.33959291740222725,0.6604070825977728,-0.004547665966491324,0.1633268363776896,0.08653362459310115,1.4613449837240462,11843.390081215699
ppo_hybrid_regime_aware_policy_seed_19,2022-06-23,11875.533021622829,0.00333246407495591,0.0004070825977727788,0.3421923889067154,0.6578076110932847,-0.0005456869020731273,0.1605386531174386,0.08062975515055337,1.2251902060221345,11836.08485971686
ppo_hybrid_regime_aware_policy_seed_19,2022-06-24,12003.880201473521,0.010807698451682057,0.002192388906715359,0.34705824457581497,0.652941755424185,0.006874424116296036,0.15146600801848897,0.08083249779456657,1.2332999117826624,11875.506985835971
ppo_hybrid_regime_aware_policy_seed_19,2022-06-27,11988.2061520875,-0.0013057485682086423,0.007058244575814943,0.3391417437194929,0.6608582562805071,-0.00526937477579047,0.15257398006359515,0.07237150846147515,0.8948603384590061,12003.7954751512
ppo_hybrid_regime_aware_policy_seed_19,2022-06-28,11904.911826467734,-0.0069480224616642605,0.0008582562805071192,0.3353827911536723,0.6646172088463277,-0.011263158310302862,0.15846191508471202,0.07092445203298692,0.8369780813194766,11988.195863134277
ppo_hybrid_regime_aware_policy_seed_19,2022-06-29,11901.560492128197,-0.0002815085393649275,0.004617208846327714,0.3398172002621705,0.6601827997378296,-0.0041787492306632834,0.15869881524181648,0.07714324585325959,1.0857298341303832,11904.856859003534
ppo_hybrid_regime_aware_policy_seed_19,2022-06-30,11868.683093123578,-0.002762444389234897,0.00018279973782953096,0.33817185720813375,0.6618281427918662,-0.006815226970423966,0.16102286297930837,0.07602502642723381,1.0410010570893526,11901.55831652606
ppo_hybrid_regime_aware_policy_seed_19,2022-07-01,11911.3412805429,0.0035941803386794202,0.0018281427918662718,0.342364865843453,0.657635134156547,-0.0002870055065627408,0.15800742784882707,0.07831380915603192,1.132552366241277,11868.661395476132
ppo_hybrid_regime_aware_policy_seed_19,2022-07-05,11919.652446046084,0.0006977522772151357,0.05763513415654703,0.4004529164233571,0.5995470835766429,-0.0025889437399636075,0.15741992561421042,0.06896857320559664,0.7587429282238657,11910.654768790211
ppo_hybrid_regime_aware_policy_seed_19,2022-07-06,11932.618323058228,0.0010877730765082028,0.060452916423357095,0.34075700570491035,0.6592429942950897,-0.0028754974945736107,0.1565033896944913,0.07263581098495853,0.9054324393983412,11918.931868292968
ppo_hybrid_regime_aware_policy_seed_19,2022-07-07,12003.393778570506,0.005931259476850359,0.05924299429508967,0.40357310844933536,0.5964268915506646,0.0026248743115569544,0.15150039243092558,0.06875903955571815,0.7503615822287254,11931.911399018989
ppo_hybrid_regime_aware_policy_seed_19,2022-07-08,11998.174774735331,-0.0004347940200455369,0.05642689155066466,0.45979559287561733,0.5402044071243827,-0.0031357390866340942,0.15186931498630762,0.06562401398838556,0.6249605595354227,12002.716464371522
ppo_hybrid_regime_aware_policy_seed_19,2022-07-11,11935.12377260804,-0.005255049481364349,0.00020440712438268838,0.45714739306933894,0.5428526069306611,-0.008123715460175068,0.15632628370271798,0.05889721179486077,0.3558884717944307,11998.172322222928
ppo_hybrid_regime_aware_policy_seed_19,2022-07-12,11886.507851381512,-0.004073348727065995,0.0028526069306610835,0.4577929419781429,0.5422070580218571,-0.006904060705669602,0.15976286096105657,0.0657963923604811,0.6318556944192438,11935.089726391248
ppo_hybrid_regime_aware_policy_seed_19,2022-07-13,11857.766538332324,-0.0024179778795037077,0.002207058021857111,0.4586923218194858,0.5413076781805142,-0.005160050844358717,0.16179453577679023,0.0707959498749262,0.8318379949970478,11886.481617169005
ppo_hybrid_regime_aware_policy_seed_19,2022-07-14,11822.567018735845,-0.0029684780420233814,0.5413076781805142,1.0,0.0,-0.003955208942003057,0.16428273029204085,0.06846519112171497,0.7386076448685983,11851.347838259053
ppo_hybrid_regime_aware_policy_seed_19,2022-07-15,12048.438118944763,0.019105080973613298,0.0,1.0,0.0,0.018924870585949317,0.14831628418322323,0.06636936511756807,0.6547746047027228,11822.567018735845
ppo_hybrid_regime_aware_policy_seed_19,2022-07-18,11948.954971729305,-0.008256933075751371,0.0,1.0,0.0,-0.008686317893532225,0.1553485796264296,0.056184717373725206,0.247388694949008,12048.438118944763
ppo_hybrid_regime_aware_policy_seed_19,2022-07-19,12090.933793573828,0.011882112049165672,0.54,0.4666291719427327,0.5333708280572673,0.008410074009784234,0.1453123368070639,0.06104347032744894,0.4417388130979574,11942.50253604457
ppo_hybrid_regime_aware_policy_seed_19,2022-07-20,12161.501216007196,0.005836391434950627,0.5333708280572673,1.0,0.0,0.0050193694408801155,0.1403240450500467,0.05728263352024226,0.29130534080969,12084.484842204363
ppo_hybrid_regime_aware_policy_seed_19,2022-07-21,12285.344146772577,0.010183194374258298,0.0,1.0,0.0,0.01013169497427413,0.13156979770191518,0.054324121044244306,0.1729648417697721,12161.501216007196
ppo_hybrid_regime_aware_policy_seed_19,2022-07-22,12171.35953748787,-0.009278096561474936,0.0,1.0,0.0,-0.009729466176108573,0.13962717697573807,0.05064425632731676,0.0257702530926703,12285.344146772577
ppo_hybrid_regime_aware_policy_seed_19,2022-07-25,12186.147019708878,0.001214940876199,0.0,1.0,0.0,0.0012142034327723445,0.13858187486427515,0.050172644071808783,0.0069057628723514,12171.35953748787
ppo_hybrid_regime_aware_policy_seed_19,2022-07-26,12041.972593583878,-0.011831009907547041,0.0,1.0,0.0,-0.012427475108449486,0.1487733212372965,0.051604240704382964,0.0641696281753185,12186.147019708878
ppo_hybrid_regime_aware_policy_seed_19,2022-07-27,12354.65888319513,0.025966367817333857,0.0,1.0,0.0,0.025634966306172267,0.12667005620061667,0.05771619083114923,0.3086476332459689,12041.972593583878
ppo_hybrid_regime_aware_policy_seed_19,2022-07-28,12509.615789680785,0.0125423864754719,0.0,1.0,0.0,0.012464382307969712,0.11571641452488265,0.05084027559843978,0.0336110239375911,12354.65888319513
ppo_hybrid_regime_aware_policy_seed_19,2022-07-29,12691.990036366778,0.014578724858715031,0.0,1.0,0.0,0.014473476936627172,0.10282468743516293,0.04648544747526523,-0.1405821009893909,12509.615789680785
ppo_hybrid_regime_aware_policy_seed_19,2022-08-01,12654.406008345344,-0.002961239956361772,0.0,1.0,0.0,-0.0030764144880588906,0.10548143881859125,0.04169806269118357,-0.3320774923526572,12691.990036366778
ppo_hybrid_regime_aware_policy_seed_19,2022-08-02,12570.92052238263,-0.00659734529678091,0.0,1.0,0.0,-0.006906761823078946,0.11138288664108469,0.048726661649501776,-0.050933534019929,12654.406008345344
ppo_hybrid_regime_aware_policy_seed_19,2022-08-03,12767.774825090495,0.01565949783529086,0.0,1.0,0.0,0.015538153058459705,0.0974675888780383,0.053792148460774625,0.151685938430985,12570.92052238263
ppo_hybrid_regime_aware_policy_seed_19,2022-08-04,12759.149028830227,-0.0006755911956809468,0.0,1.0,0.0,-0.0007028635214010255,0.09807733182880903,0.04435313457370954,-0.2258746170516185,12767.774825090495
ppo_hybrid_regime_aware_policy_seed_19,2022-08-05,12737.58406810892,-0.001690156661120601,0.0,1.0,0.0,-0.0017553976575766799,0.0996017224342342,0.04186005216297958,-0.3255979134808168,12759.149028830227
ppo_hybrid_regime_aware_policy_seed_19,2022-08-08,12722.796585887914,-0.0011609330420851993,0.0,1.0,0.0,-0.0012038284647184307,0.10064702454569685,0.040391210728859886,-0.3843515708456047,12737.58406810892
ppo_hybrid_regime_aware_policy_seed_19,2022-08-09,12672.274333546722,-0.003971002129927292,0.0,1.0,0.0,-0.004125080998560259,0.1042183571267823,0.040929681364328986,-0.3628127454268405,12722.796585887914
ppo_hybrid_regime_aware_policy_seed_19,2022-08-10,12938.442432535854,0.021003972292843898,0.0,1.0,0.0,0.020786429765404738,0.08540338431943507,0.0431026548846836,-0.2758938046126559,12672.274333546722
ppo_hybrid_regime_aware_policy_seed_19,2022-08-11,12938.442432535854,0.0,0.0,1.0,0.0,0.0,0.08540338431943507,0.03330500550235457,-0.6677997799058171,12938.442432535854
ppo_hybrid_regime_aware_policy_seed_19,2022-08-12,13157.477488504583,0.016929012677594724,0.0,1.0,0.0,0.01678731391991028,0.06992016661769358,0.035389116790894855,-0.5844353283642059,12938.442432535854
ppo_hybrid_regime_aware_policy_seed_19,2022-08-15,13211.696376365708,0.004120766150540245,0.0,1.0,0.0,0.0041122990463738915,0.06608752512299167,0.0320349298876745,-0.7186028044930198,13157.477488504583
ppo_hybrid_regime_aware_policy_seed_19,2022-08-16,13237.574705287789,0.0019587438421893033,0.0,1.0,0.0,0.0019568280048181492,0.06425822981368255,0.0339143759818993,-0.643424960724028,13211.696376365708
ppo_hybrid_regime_aware_policy_seed_19,2022-08-17,13143.614165163559,-0.00709801774238128,0.0,1.0,0.0,-0.007339440378775201,0.07090014150075226,0.03253760011630193,-0.6984959953479226,13237.574705287789
ppo_hybrid_regime_aware_policy_seed_19,2022-08-18,13181.814925865836,0.002906412210693654,0.0,1.0,0.0,0.0029021967606395493,0.06819979432705633,0.033496942262566706,-0.6601223094973319,13143.614165163559
ppo_hybrid_regime_aware_policy_seed_19,2022-08-19,13004.677266119315,-0.013438032679318979,0.0,1.0,0.0,-0.013928555773007577,0.08072135594148555,0.03189822648669394,-0.7240709405322424,13181.814925865836
ppo_hybrid_regime_aware_policy_seed_19,2022-08-22,12733.887432588988,-0.020822495475209313,0.0,1.0,0.0,-0.021750074274067895,0.09986303134785053,0.036973433662731044,-0.5210626534907583,13004.677266119315
ppo_hybrid_regime_aware_policy_seed_19,2022-08-23,12703.080883067854,-0.0024192572522898637,0.0,1.0,0.0,-0.002536319476822661,0.10204069423731649,0.05240989955970299,0.0963959823881194,12733.887432588988
ppo_hybrid_regime_aware_policy_seed_19,2022-08-24,12743.745754069658,0.003201181774415529,0.0,1.0,0.0,0.0031960689006255184,0.09916616327354214,0.053793583504387614,0.1517433401755043,12703.080883067854
ppo_hybrid_regime_aware_policy_seed_19,2022-08-25,12923.655890456128,0.014117523988503633,0.0,1.0,0.0,0.014018799822279613,0.08644861997390056,0.0473878767316514,-0.1044849307339439,12743.745754069658
ppo_hybrid_regime_aware_policy_seed_19,2022-08-26,12715.557225236646,-0.01610215151063865,0.54,0.4514589082305167,0.5485410917694833,-0.020255696428407736,0.10115876270783386,0.042181548476035384,-0.3127380609585847,12916.677116275281
ppo_hybrid_regime_aware_policy_seed_19,2022-08-29,12681.27348020493,-0.0026962046903985515,0.05145890823051669,0.39840886249830404,0.601591137501696,-0.006123906238212243,0.10358222266774467,0.060604211094930395,0.4241684437972159,12714.902896544292
ppo_hybrid_regime_aware_policy_seed_19,2022-08-30,12625.568123409963,-0.004392725768584849,0.0015911375016959828,0.3973536947279902,0.6026463052720098,-0.007855418658054418,0.10751994013764962,0.06364850139978044,0.5459400559912172,12681.253302555127
ppo_hybrid_regime_aware_policy_seed_19,2022-08-31,12587.107394468027,-0.0030462572904441654,0.002646305272009819,0.39816825343757667,0.6018317465624233,-0.006427514438423202,0.1102386640265813,0.06349979293061647,0.5399917172246588,12625.534712302477
ppo_hybrid_regime_aware_policy_seed_19,2022-09-01,12602.882957516651,0.0012533112298349636,0.001831746562423353,0.40075214311642415,0.5992478568835758,-0.0019502211289151332,0.10912351615233294,0.06167424179274892,0.4669696717099568,12587.084338077326
ppo_hybrid_regime_aware_policy_seed_19,2022-09-02,12549.717430054747,-0.004218521082923754,0.000752143116424131,0.39745861776156305,0.6025413822384369,-0.0076540267683297795,0.1128816973817253,0.059990296718001795,0.3996118687200717,12602.873478344987
ppo_hybrid_regime_aware_policy_seed_19,2022-09-06,12530.744796118526,-0.0015117976991882998,0.0025413822384369733,0.39909307512288755,0.6009069248771124,-0.004796415385631289,0.11422284079053145,0.05939834126535681,0.3759336506142725,12549.685536425772
ppo_hybrid_regime_aware_policy_seed_19,2022-09-07,12620.779095330014,0.007185071651876207,0.0009069248771124694,0.4042808290823658,0.5957191709176342,0.003958021618472487,0.107858468434016,0.06644276248978202,0.6577104995912809,12530.733431674342
ppo_hybrid_regime_aware_policy_seed_19,2022-09-08,12653.722164123803,0.0026102246576820143,0.004280829082365767,0.401564619284223,0.598435380715777,-0.0005995973058467886,0.10552977861018019,0.05493916694306503,0.1975666777226014,12620.72506793182
ppo_hybrid_regime_aware_policy_seed_19,2022-09-09,12732.33370929208,0.006212523410001669,0.0015646192842229678,0.40370543272999226,0.5962945672700077,0.0029909583119941885,0.09997286142024654,0.04964715029573267,-0.0141139881706934,12653.702365866087
ppo_hybrid_regime_aware_policy_seed_19,2022-09-12,12787.023401252023,0.0042953391898636895,0.003705432729992242,0.4025683946473723,0.5974316053526276,0.0010805824028303644,0.0961069395799641,0.04542539874293956,-0.1829840502824177,12732.286530486024
ppo_hybrid_regime_aware_policy_seed_19,2022-09-13,12564.586531413239,-0.017395515974187092,0.0025683946473722963,0.3893794820628463,0.6106205179371538,-0.021551550649250347,0.11183062575145775,0.05082155800160848,0.0328623200643394,12786.990559129563
ppo_hybrid_regime_aware_policy_seed_19,2022-09-14,12583.630580058294,0.001515692426284243,0.01062051793715374,0.4009144018146278,0.5990855981853722,-0.0017013858530262364,0.11048443415765168,0.06785340935704501,0.7141363742818002,12564.45308899661
ppo_hybrid_regime_aware_policy_seed_19,2022-09-15,12526.472848702682,-0.004542228968974271,0.0009144018146277633,0.39726277817142003,0.60273722182858,-0.008004934032164263,0.11452481752917436,0.062119400659061755,0.4847760263624702,12583.619073563657
ppo_hybrid_regime_aware_policy_seed_19,2022-09-16,12467.871422681272,-0.004678206445598132,0.0027372218285799943,0.39718153309569987,0.6028184669043002,-0.008152354558086343,0.11866725323522655,0.06253934682007636,0.5015738728030542,12526.438560967767
ppo_hybrid_regime_aware_policy_seed_19,2022-09-19,12506.511154235846,0.0030991442119208124,0.0028184669043001542,0.4018554273702997,0.5981445726297003,-0.0001098759367528083,0.11593587595431429,0.06255891442586115,0.5023565770344456,12467.8362823983
ppo_hybrid_regime_aware_policy_seed_19,2022-09-20,12449.065397631499,-0.004593267930272593,0.0018554273702997004,0.39723244035529753,0.6027675596447024,-0.008049141842509327,0.11999661934359783,0.05972042013230194,0.3888168052920775,12506.487949312745
ppo_hybrid_regime_aware_policy_seed_19,2022-09-21,12362.167677499261,-0.006980260554239726,0.0027675596447024886,0.39578407595493154,0.6042159240450684,-0.010619190798155228,0.12613927222919133,0.06679571965414696,0.6718287861658783,12449.03094410049
ppo_hybrid_regime_aware_policy_seed_19,2022-09-22,12326.17438226653,-0.002911568276026788,0.05578407595493151,0.3381096786282149,0.661890321371785,-0.00705190617657729,0.1286835774018345,0.07090931083766759,0.8363724335067033,12361.478065398573
ppo_hybrid_regime_aware_policy_seed_19,2022-09-23,12242.807487522368,-0.006763403807113155,0.06189032137178513,0.39595171170005505,0.604048288299945,-0.010477165081749572,0.13457664221163515,0.06752858425584347,0.7011433702337387,12325.411511372728
ppo_hybrid_regime_aware_policy_seed_19,2022-09-26,12200.945932358594,-0.003419277417082478,0.05595171170005503,0.3377725888979678,0.6622274111020322,-0.00761872030178243,0.13753576475513662,0.08031307420229744,1.2125229680918972,12242.122481487428
ppo_hybrid_regime_aware_policy_seed_19,2022-09-27,12190.32914766373,-0.0008701607853787152,0.0022274111020322285,0.33942666507941255,0.6605733349205875,-0.004814757324050094,0.13828624731143838,0.09177643341290365,1.671057336516146,12200.91875583617
ppo_hybrid_regime_aware_policy_seed_19,2022-09-28,12271.874933776511,0.006689383455114495,0.000573334920587476,0.3443860316339771,0.6556139683660229,0.002794248807811765,0.1325219135911589,0.09305759742289876,1.72230389691595,12190.322158522336
ppo_hybrid_regime_aware_policy_seed_19,2022-09-29,12184.663567611047,-0.007106604869760225,0.00438603163397705,0.33527898517992616,0.6647210148200738,-0.011507692788793995,0.1386867375844422,0.08064085487320603,1.225634194928241,12271.821108944843
ppo_hybrid_regime_aware_policy_seed_19,2022-09-30,12120.54423718276,-0.00526229797585287,0.0047210148200738655,0.336511642428732,0.663488357571268,-0.00955691535373327,0.14321922462182682,0.08861386600607596,1.544554640243038,12184.606043633767
ppo_hybrid_regime_aware_policy_seed_19,2022-10-03,12229.300668486796,0.008972899993252792,0.0034883575712680304,0.34587172986666287,0.6541282701333371,0.005055650192217539,0.13553141640821695,0.08718388578321987,1.4873554313287944,12120.501956390503
ppo_hybrid_regime_aware_policy_seed_19,2022-10-04,12358.069431491038,0.010529527934173721,0.005871729866662845,0.34688091103332863,0.6531190889666714,0.006593670952302813,0.1264289703090716,0.07938195326590654,1.1752781306362612,12229.228861336813
ppo_hybrid_regime_aware_policy_seed_19,2022-10-05,12348.20179641381,-0.0007984770705432576,0.006880911033328607,0.3394771290342466,0.6605228709657534,-0.004732806854156454,0.1271264967457707,0.0741039503766869,0.964158015067476,12357.984396714735
ppo_hybrid_regime_aware_policy_seed_19,2022-10-06,12304.885634812965,-0.003507892267635704,0.0005228709657534303,0.3376769873199801,0.6623230126800199,-0.007605362979441388,0.13018844295846033,0.07136615393306389,0.8546461573225558,12348.195339897611
ppo_hybrid_regime_aware_policy_seed_19,2022-10-07,12188.158698476576,-0.009486226837098322,0.0023230126800199424,0.333680676943917,0.666319323056083,-0.0140742674857196,0.13843967269408605,0.08086979889907092,1.2347919559628366,12304.857050407609
ppo_hybrid_regime_aware_policy_seed_19,2022-10-10,12156.441290590996,-0.0026023133329847736,0.006319323056083015,0.33828217363098334,0.6617178263690167,-0.00667712375588166,0.140681722621005,0.08471690700684485,1.388676280273794,12188.081677564302
ppo_hybrid_regime_aware_policy_seed_19,2022-10-11,12130.245050059882,-0.0021549267507580128,0.001717826369016684,0.338575813091436,0.661424186908564,-0.006197969398583769,0.14253349056434428,0.08972005007492792,1.5888020029971168,12156.420407935593
ppo_hybrid_regime_aware_policy_seed_19,2022-10-12,12128.367177720067,-0.00015480910171772333,0.41857581309143593,-0.07971508784472146,1.0797150878447215,-0.011163299720715909,0.142666234184423,0.09503217697171096,1.8012870788684383,12125.167622875055
ppo_hybrid_regime_aware_policy_seed_19,2022-10-13,12232.058486175569,0.008549486252855454,0.4197150878447215,0.34586949174586945,0.6541305082541305,0.004011573741463585,0.1353364709394739,0.09426435000574647,1.770574000229859,12123.276719024658
ppo_hybrid_regime_aware_policy_seed_19,2022-10-14,12137.211145457472,-0.007753996665834428,0.005869491745869426,0.3348462740915912,0.6651537259084088,-0.012241678944788939,0.14204106906087785,0.08600955459741189,1.4403821838964752,12231.986690209249
ppo_hybrid_regime_aware_policy_seed_19,2022-10-17,12243.190435872228,0.008731766230698046,0.005153725908408846,0.34571645244494215,0.6542835475550579,0.004814134242058842,0.13454957224037792,0.08611656496379201,1.44466259855168,12137.148593597934
ppo_hybrid_regime_aware_policy_seed_19,2022-10-18,12292.03015379011,0.003989133238896825,0.005716452444942122,0.3426261248344192,0.6573738751655809,0.00010062306506165615,0.13109717517238445,0.08272154546527158,1.3088618186108631,12243.120448256326
ppo_hybrid_regime_aware_policy_seed_19,2022-10-19,12262.38149971376,-0.002412022563027083,0.0026261248344191523,0.3384059534746071,0.6615940465253929,-0.006454943470856955,0.13319298839094662,0.07828374524370481,1.131349809748192,12291.997873384458
ppo_hybrid_regime_aware_policy_seed_19,2022-10-20,12227.401784115693,-0.0028526037620737466,0.0015940465253929115,0.33811295058347346,0.6618870494165265,-0.006927311814393532,0.1356656453332545,0.07936424617863513,1.1745698471454054,12262.361952907137
ppo_hybrid_regime_aware_policy_seed_19,2022-10-21,12362.580998658841,0.011055432456530179,0.12188704941652656,0.46596975431757115,0.5340302456824289,0.008219937294994333,0.12611005525537766,0.07537261358927672,1.0149045435710684,12225.911422190196
ppo_hybrid_regime_aware_policy_seed_19,2022-10-24,12465.555001252567,0.008329490630224923,0.2340302456824288,0.7025478341024883,0.29745216589751167,0.007143946493678299,0.1188309971487795,0.07379208600173405,0.951683440069362,12359.687780790457
ppo_hybrid_regime_aware_policy_seed_19,2022-10-25,12604.862991876289,0.0111754342754673,0.0025478341024883777,0.7033163331694995,0.2966836668305005,0.010309628728395432,0.10898355087183656,0.07442688388900966,0.977075355560386,12465.523241086428
ppo_hybrid_regime_aware_policy_seed_19,2022-10-26,12506.185259353118,-0.007828544632874412,0.2966836668305005,1.0,0.0,-0.008774196274865783,0.11595891291246166,0.06735452748402121,0.6941810993608485,12601.123334903963
ppo_hybrid_regime_aware_policy_seed_19,2022-10-27,12439.402515337968,-0.00533997718970336,0.0,1.0,0.0,-0.005643584141074747,0.12067967215226971,0.061282157638404805,0.451286305536192,12506.185259353118
ppo_hybrid_regime_aware_policy_seed_19,2022-10-28,12735.344202165243,0.023790667313994707,0.0,1.0,0.0,0.02351207926820392,0.0997600547700116,0.06168545111473109,0.4674180445892433,12439.402515337968
ppo_hybrid_regime_aware_policy_seed_19,2022-10-31,12643.353335046388,-0.007223272936997982,0.0,1.0,0.0,-0.0075954600520359876,0.10626273360319596,0.05320468333857731,0.1281873335430924,12735.344202165243
ppo_hybrid_regime_aware_policy_seed_19,2022-11-01,12588.027738928879,-0.004375864112264538,0.0,1.0,0.0,-0.004595468385249938,0.1101736064330151,0.05369700494477897,0.147880197791159,12643.353335046388
ppo_hybrid_regime_aware_policy_seed_19,2022-11-02,12272.115967577192,-0.025096208707478418,0.0,1.0,0.0,-0.02660376365501026,0.13250487531939495,0.05316649092312479,0.1266596369249917,12588.027738928879
ppo_hybrid_regime_aware_policy_seed_19,2022-11-03,12207.392831746209,-0.005273999691820186,0.54,0.45743008644311,0.54256991355689,-0.008933567961956743,0.137080044339616,0.05324647888436819,0.1298591553747276,12265.4890249547
ppo_hybrid_regime_aware_policy_seed_19,2022-11-04,12288.18446008869,0.006618254155988046,0.0025699135568900133,0.46355173868821997,0.53644826131178,0.004000594793855718,0.1313690207567817,0.05012272064725237,0.0049088258900947,12207.361459801876
ppo_hybrid_regime_aware_policy_seed_19,2022-11-07,12399.07304073802,0.009024000332147342,0.53644826131178,1.0,0.0,0.008178854952460476,0.12353049451157735,0.04596058263914546,-0.161576694434182,12281.592484900397
ppo_hybrid_regime_aware_policy_seed_19,2022-11-08,12465.971178811484,0.00539541446797398,0.0,1.0,0.0,0.005380911362787851,0.11880157826092712,0.044699450205142745,-0.2120219917942902,12399.07304073802
ppo_hybrid_regime_aware_policy_seed_19,2022-11-09,12209.146225124976,-0.02060208145860587,0.0,1.0,0.0,-0.021740863883221207,0.13695609992679048,0.0508743191102711,0.0349727644108438,12465.971178811484
ppo_hybrid_regime_aware_policy_seed_19,2022-11-10,12880.089515705775,0.054954153075837286,0.0,1.0,0.0,0.05349730918360149,0.08952825333099969,0.05366729107874773,0.1466916431499088,12209.146225124976
ppo_hybrid_regime_aware_policy_seed_19,2022-11-11,13004.749466508285,0.009678500343534235,0.0,1.0,0.0,0.009631963688169676,0.08071625221808555,0.039719132628385244,-0.4112346948645904,12880.089515705775
ppo_hybrid_regime_aware_policy_seed_19,2022-11-14,12894.12165262564,-0.00850672396016161,0.0,1.0,0.0,-0.008809540437091371,0.08853634530152917,0.03406964407879226,-0.6372142368483097,13004.749466508285
ppo_hybrid_regime_aware_policy_seed_19,2022-11-15,13004.096160488452,0.008529042212070292,0.0,1.0,0.0,0.008492875431373566,0.0807624333158381,0.040418194190549164,-0.3832722323780335,12894.12165262564
ppo_hybrid_regime_aware_policy_seed_19,2022-11-16,12904.89124301964,-0.007628743762310486,0.0,1.0,0.0,-0.007971051965897126,0.08777506116876142,0.04464239378620416,-0.2143042485518335,13004.096160488452
ppo_hybrid_regime_aware_policy_seed_19,2022-11-17,12865.404072766074,-0.0030598607543418366,0.0,1.0,0.0,-0.0031818798742105853,0.09056634245822302,0.04203380535543786,-0.3186477857824856,12904.89124301964
ppo_hybrid_regime_aware_policy_seed_19,2022-11-18,12923.818195621629,0.004540403280391958,0.0,1.0,0.0,0.004530126744089201,0.08643714689622152,0.0408184397676399,-0.3672624092944041,12865.404072766074
ppo_hybrid_regime_aware_policy_seed_19,2022-11-21,12876.825973286579,-0.0036360943510462818,0.0,1.0,0.0,-0.0037625495869407074,0.08975894762571794,0.036073378950628884,-0.5570648419748447,12923.818195621629
ppo_hybrid_regime_aware_policy_seed_19,2022-11-22,13050.109419687073,0.01345699994392846,0.0,1.0,0.0,0.013367258722167092,0.07750983383495587,0.03159728722475378,-0.7361085110098488,12876.825973286579
ppo_hybrid_regime_aware_policy_seed_19,2022-11-23,13132.34630672007,0.006301624330362854,0.0,1.0,0.0,0.006281852116995351,0.07169664735932976,0.025428382411465125,-0.982864703541395,13050.109419687073
ppo_hybrid_regime_aware_policy_seed_19,2022-11-25,13129.40842141747,-0.0002237136634978265,0.0,1.0,0.0,-0.00022789893341396147,0.07190432150318637,0.02003254812807825,-1.19869807487687,13132.34630672007
ppo_hybrid_regime_aware_policy_seed_19,2022-11-28,12919.902343075926,-0.015957008238070003,0.0,1.0,0.0,-0.016393318962238113,0.08671395189067722,0.020772084438243417,-1.1691166224702634,13129.40842141747
ppo_hybrid_regime_aware_policy_seed_19,2022-11-29,12897.711848054743,-0.0017175435565947028,0.0,1.0,0.0,-0.001767130077197839,0.08828256045793523,0.03067039961519277,-0.7731840153922894,12919.902343075926
ppo_hybrid_regime_aware_policy_seed_19,2022-11-30,13303.99748396431,0.03150059798946758,0.0,1.0,0.0,0.031014633257035917,0.05956291591493391,0.02888563859725432,-0.8445744561098272,12897.711848054743
ppo_hybrid_regime_aware_policy_seed_19,2022-12-01,13294.207852600057,-0.0007358413421267862,0.0,1.0,0.0,-0.0007510872271144048,0.06025492840107291,0.021639813101177192,-1.1344074759529124,13303.99748396431
ppo_hybrid_regime_aware_policy_seed_19,2022-12-02,13278.87009953385,-0.0011537169597666264,0.0,1.0,0.0,-0.0011735674241513153,0.061339128228033696,0.017694543166992205,-1.2922182733203118,13294.207852600057
ppo_hybrid_regime_aware_policy_seed_19,2022-12-05,13039.993135312907,-0.017989253786685366,0.0,1.0,0.0,-0.01838261164627255,0.07822493686997095,0.013596278054639222,-1.4561488778144311,13278.87009953385
ppo_hybrid_regime_aware_policy_seed_19,2022-12-06,12852.024245972714,-0.014414799715742443,0.0,1.0,0.0,-0.014830259272512997,0.09151213978795622,0.023372640084762517,-1.0650943966094994,13039.993135312907
ppo_hybrid_regime_aware_policy_seed_19,2022-12-07,12830.160403961447,-0.0017011983165312605,0.0,1.0,0.0,-0.0017513950176474005,0.09305765780633801,0.031541541056946724,-0.7383383577221311,12852.024245972714
ppo_hybrid_regime_aware_policy_seed_19,2022-12-08,12930.670937576604,0.007833926502128774,0.0,1.0,0.0,0.007803400621268784,0.0859527381559243,0.0344019340587464,-0.6239226376501441,12830.160403961447
ppo_hybrid_regime_aware_policy_seed_19,2022-12-09,12879.27881609714,-0.003974435799005471,0.54,0.45813800428611423,0.5418619957138857,-0.0075009768095327285,0.08958556031538036,0.032102301173846416,-0.7159079530461435,12923.688375270312
ppo_hybrid_regime_aware_policy_seed_19,2022-12-12,12952.799200910456,0.005708424040127724,0.05813800428611421,0.403440298543736,0.596559701456264,0.002404985722032363,0.08438852864140524,0.035125643131503535,-0.5949742747398588,12878.530040530128
ppo_hybrid_regime_aware_policy_seed_19,2022-12-13,12997.16734619412,0.003425371195482141,0.056559701456264044,0.4618738241411084,0.5381261758588916,0.0007426784218799308,0.0812522194811605,0.04729299201220982,-0.108280319511607,12952.06659445463
ppo_hybrid_regime_aware_policy_seed_19,2022-12-14,12958.9180839905,-0.0029428921844896205,0.0018738241411083711,0.4584071625364893,0.5415928374635107,-0.00563189680378122,0.08395599514396661,0.03323317927738648,-0.6706728289045408,12997.14299178818
ppo_hybrid_regime_aware_policy_seed_19,2022-12-15,12813.07918443877,-0.01125394100082322,0.0015928374635107434,0.4538545717043215,0.5461454282956786,-0.01417198728301666,0.09426510032877426,0.025206094263823253,-0.99175622944707,12958.89744254029
ppo_hybrid_regime_aware_policy_seed_19,2022-12-16,12728.733368387255,-0.006582790509400027,0.05385457170432145,0.3960566803904815,0.6039433196095185,-0.01009240432184632,0.10022736343036241,0.034730073075081414,-0.6107970769967433,12812.389141547079
ppo_hybrid_regime_aware_policy_seed_19,2022-12-19,12685.509202001596,-0.003395794784499806,0.003943319609518547,0.3979579547544714,0.6020420452455286,-0.006709700196843199,0.10328280665686125,0.03345231055786457,-0.661907577685417,12728.683174923359
ppo_hybrid_regime_aware_policy_seed_19,2022-12-20,12692.426826136149,0.0005453170246774164,0.0020420452455286453,0.4003282364490301,0.5996717635509698,-0.0026578946744879152,0.10279381150501038,0.03227375921766037,-0.7090496312935853,12685.483297617844
ppo_hybrid_regime_aware_policy_seed_19,2022-12-21,12768.335745950808,0.005980646637122833,0.00032823644903007265,0.4035672504596777,0.5964327495403223,0.0027623412025568946,0.09742793833098198,0.02692826830569053,-0.9228692677723788,12692.422660019038
ppo_hybrid_regime_aware_policy_seed_19,2022-12-22,12695.428533618855,-0.005710001192212877,0.003567250459677651,0.39655647711517034,0.6034435228848296,-0.009029062065650241,0.10258162587917008,0.018888536905674908,-1.2444585237730037,12768.290198099248
ppo_hybrid_regime_aware_policy_seed_19,2022-12-23,12724.595705098676,0.0022974546627223535,0.003443522884829686,0.40137737445599814,0.5986226255440019,-0.000910345735304126,0.10051984785113345,0.029631296704841232,-0.8147481318063508,12695.384816620166
ppo_hybrid_regime_aware_policy_seed_19,2022-12-27,12704.506373567725,-0.0015787795539077276,0.001377374455998115,0.3990520621073657,0.6009479378926343,-0.004814946899933934,0.10193992872449184,0.02313508986508353,-1.0745964053966588,12724.578178565589
ppo_hybrid_regime_aware_policy_seed_19,2022-12-28,12641.338399679425,-0.004972091951539581,0.0009479378926343096,0.3970024092951946,0.6029975907048054,-0.008308430694842626,0.10640516597687986,0.027437480720181602,-0.902500771192736,12704.494330484726
ppo_hybrid_regime_aware_policy_seed_19,2022-12-29,12732.319463447891,0.007197106895799443,0.0029975907048054307,0.40428919291201804,0.595710807087982,0.003966834935061027,0.09997386843488139,0.030063342135628904,-0.7974663145748441,12641.300506120942
ppo_hybrid_regime_aware_policy_seed_19,2022-12-30,12718.849755310259,-0.0010579147166627223,0.004289192912018014,0.39936715518991156,0.6006328448100884,-0.00428940040785121,0.10092601932484514,0.025722724543379386,-0.9710910182648248,12732.264852073495
