baseline,date,portfolio_value,daily_returns,turnover,weight_spy,weight_cash,reward,drawdown,lambda_rrc,vix_zscore_t,nav_after_cost
ppo_hybrid_regime_aware_policy_seed_23,2020-01-02,10000.0,0.0,0.0,0.0,1.0,0.0,0.0,,,10000.0
ppo_hybrid_regime_aware_policy_seed_23,2020-01-03,9914.353387491616,-0.008564661250838435,1.0,1.0,0.0,-0.01028970306929445,0.008564661250838435,0.02196868405794555,-1.121252637682178,9990.0
ppo_hybrid_regime_aware_policy_seed_23,2020-01-06,9952.177162965203,0.0038150521769082513,0.0,1.0,0.0,0.00380779332143604,0.004782283703479697,0.03712433531275174,-0.5150265874899304,9914.353387491616
ppo_hybrid_regime_aware_policy_seed_23,2020-01-07,9924.193856654649,-0.0028117773480448305,0.0,1.0,0.0,-0.0029152208319304846,0.00758061433453513,0.035550842754480054,-0.577966289820798,9952.177162965203
ppo_hybrid_regime_aware_policy_seed_23,2020-01-08,9977.085205357462,0.005329536027487647,0.0,1.0,0.0,0.005315384309479369,0.0022914794642538254,0.035071771634949366,-0.5971291346020252,9924.193856654649
ppo_hybrid_regime_aware_policy_seed_23,2020-01-09,10044.736319366033,0.006780649119067839,0.0,1.0,0.0,0.006757763910630538,0.0,0.03170709135644319,-0.7317163457422727,9977.085205357462
ppo_hybrid_regime_aware_policy_seed_23,2020-01-10,10015.830527723869,-0.002877705369570993,0.0,1.0,0.0,-0.0029463602473626302,0.0028777053695709857,0.022415888570817583,-1.1033644571672967,10044.736319366033
ppo_hybrid_regime_aware_policy_seed_23,2020-01-13,10084.712873426308,0.006877347366428754,0.0,1.0,0.0,0.006853806284860935,0.0,0.02279942373867406,-1.0880230504530377,10015.830527723869
ppo_hybrid_regime_aware_policy_seed_23,2020-01-14,10069.337492273617,-0.0015246225991427664,0.0,1.0,0.0,-0.0015570625454407094,0.0015246225991427196,0.02051427455748325,-1.17942901770067,10084.712873426308
ppo_hybrid_regime_aware_policy_seed_23,2020-01-15,10092.092756079188,0.0022598570981489097,0.0,1.0,0.0,0.0022573074615838975,0.0,0.021444797500769254,-1.14220809996923,10069.337492273617
ppo_hybrid_regime_aware_policy_seed_23,2020-01-16,10176.04267501085,0.008318385587676502,0.0,1.0,0.0,0.008283978494246641,0.0,0.02196743423231929,-1.1213026307072285,10092.092756079188
ppo_hybrid_regime_aware_policy_seed_23,2020-01-17,10207.715922647845,0.0031125309364881115,0.0,1.0,0.0,0.0031076970399105484,0.0,0.021110771295542913,-1.1555691481782835,10176.04267501085
ppo_hybrid_regime_aware_policy_seed_23,2020-01-21,10187.727176398314,-0.001958199699227836,0.0,1.0,0.0,-0.001997385860478398,0.0019581996992277854,0.01903094031567772,-1.2387623873728912,10207.715922647845
ppo_hybrid_regime_aware_policy_seed_23,2020-01-22,10188.957469653391,0.00012076228915192111,0.0,1.0,0.0,0.00012075499797367417,0.0018376738867541288,0.02714078310667269,-0.9143686757330924,10187.727176398314
ppo_hybrid_regime_aware_policy_seed_23,2020-01-23,10200.642909479642,0.0011468729613461903,0.0,1.0,0.0,0.001146215804953398,0.0006929085039004807,0.027874852178532052,-0.8850059128587179,10188.957469653391
ppo_hybrid_regime_aware_policy_seed_23,2020-01-24,10109.927785303242,-0.008893079091328415,0.0,1.0,0.0,-0.009188544349684698,0.009579825505100613,0.028771036533955793,-0.8491585386417684,10200.642909479642
ppo_hybrid_regime_aware_policy_seed_23,2020-01-27,9947.87160579183,-0.016029410194896898,0.0,1.0,0.0,-0.016888458693326593,0.025455676747380772,0.045930633652293995,-0.1627746539082402,10109.927785303242
ppo_hybrid_regime_aware_policy_seed_23,2020-01-28,10017.837227013923,0.007033225195765214,0.30000000000000004,0.7021846027555861,0.29781539724441386,0.005758607428239833,0.018601487058690483,0.08554204613274374,1.4216818453097495,9944.887244310092
ppo_hybrid_regime_aware_policy_seed_23,2020-01-29,10006.581234924082,-0.001123595027027191,0.29781539724441386,1.0,0.0,-0.0016422565788129608,0.019704181547363173,0.06466591655895661,0.5866366623582641,10014.85376084063
ppo_hybrid_regime_aware_policy_seed_23,2020-01-30,10039.056134922424,0.003245354156022895,0.0,1.0,0.0,0.0032400993602699547,0.016522774438815988,0.06607183339398613,0.6428733357594455,10006.581234924082
ppo_hybrid_regime_aware_policy_seed_23,2020-01-31,9949.827747187994,-0.008888125191773288,0.54,0.45545158551911225,0.5445484144808878,-0.01282247909709244,0.025264043142861698,0.05635553780463044,0.2542215121852175,10033.635044609566
ppo_hybrid_regime_aware_policy_seed_23,2020-02-03,9973.806436910883,0.002409960285962409,0.11545158551911222,0.34166276463843426,0.6583372353615657,-0.0016381163894132688,0.022914968197536457,0.09273243329032357,1.7092973316129427,9948.679023798939
ppo_hybrid_regime_aware_policy_seed_23,2020-02-04,10042.544118188658,0.0068918202606571555,0.11833723536156576,0.4637595747345233,0.5362404252654767,0.004098674367482428,0.016181073778975437,0.0830755727155784,1.3230229086231358,9972.626164231107
ppo_hybrid_regime_aware_policy_seed_23,2020-02-05,10095.853000981493,0.005308304565601496,0.0037595747345232633,0.46285336808892785,0.5371466319110721,0.0026966258164647016,0.010958663281191243,0.06219770898513473,0.4879083594053889,10042.506362493521
ppo_hybrid_regime_aware_policy_seed_23,2020-02-06,10111.450847355052,0.001544975582751018,0.0028533680889278323,0.46083453829216925,0.5391654617078308,-0.0010524967163210545,0.009430618565629337,0.05243970020511787,0.0975880082047145,10095.82419379671
ppo_hybrid_regime_aware_policy_seed_23,2020-02-07,10086.652771575764,-0.0024524745413537774,0.000834538292169229,0.4586728596203528,0.5413271403796471,-0.005171162195347892,0.011859964755041696,0.05039364312487842,0.0157457249951368,10111.442408962132
ppo_hybrid_regime_aware_policy_seed_23,2020-02-10,10156.451953941774,0.006919954909393233,0.5413271403796471,1.0,0.0,0.006084131196546679,0.00502208026698036,0.05597764789693793,0.2391059158775173,10081.192592674925
ppo_hybrid_regime_aware_policy_seed_23,2020-02-11,10174.053590831882,0.001733049786473595,0.0,1.0,0.0,0.0017315497884897969,0.003297733995641185,0.05133217854544067,0.0532871418176267,10156.451953941774
ppo_hybrid_regime_aware_policy_seed_23,2020-02-12,10239.602694138466,0.006442771577855,0.0,1.0,0.0,0.006422105641496987,0.0,0.0528898940800269,0.1155957632010759,10174.053590831882
ppo_hybrid_regime_aware_policy_seed_23,2020-02-13,10228.677380532625,-0.0010669665544831286,0.0,1.0,0.0,-0.001107336244393534,0.0010669665544831635,0.03730208385651298,-0.5079166457394809,10239.602694138466
ppo_hybrid_regime_aware_policy_seed_23,2020-02-14,10245.064887886645,0.0016021140118476218,0.0,1.0,0.0,0.001600831996301532,0.0,0.04182547402406811,-0.3269810390372755,10228.677380532625
ppo_hybrid_regime_aware_policy_seed_23,2020-02-18,10218.663358660968,-0.0025769997081124263,0.0,1.0,0.0,-0.0026752179181179668,0.0025769997081124723,0.03682267807585717,-0.5270928769657132,10245.064887886645
ppo_hybrid_regime_aware_policy_seed_23,2020-02-19,10267.521190702142,0.00478123511131856,0.0,1.0,0.0,0.004769841309919101,0.0,0.04933321474401381,-0.0266714102394479,10218.663358660968
ppo_hybrid_regime_aware_policy_seed_23,2020-02-20,10225.339681945235,-0.00410824657416875,0.0,1.0,0.0,-0.004299366445413106,0.004108246574168702,0.044461265644621474,-0.2215493742151412,10267.521190702142
ppo_hybrid_regime_aware_policy_seed_23,2020-02-21,10120.036402844438,-0.010298267087080704,0.0,1.0,0.0,-0.01093858667645562,0.014364205840769065,0.057227756844051014,0.2891102737620407,10225.339681945235
ppo_hybrid_regime_aware_policy_seed_23,2020-02-24,9882.126345012004,-0.023508814431296376,0.30000000000000004,0.6928697315118786,0.3071302684881214,-0.026745083748184836,0.037535334822501876,0.0736057568899363,0.9442302755974517,10117.000391923584
ppo_hybrid_regime_aware_policy_seed_23,2020-02-25,9806.405525957287,-0.007662401431746235,0.45490726145725213,0.23242767921071703,0.767572320789283,-0.009676791039629805,0.044910125450963095,0.125,4.22184436454829,9877.63089397902
ppo_hybrid_regime_aware_policy_seed_23,2020-02-26,9815.529898564293,0.0009304502636418022,0.6670246814785545,-0.4323073998615323,1.4323073998615323,-0.002740906374134216,0.044021461825387256,0.125,5.095597825897003,9799.864411434886
ppo_hybrid_regime_aware_policy_seed_23,2020-02-27,10029.611739326601,0.02181052301553499,0.054565472401660764,-0.45505620352660303,1.455056203526603,0.019533256198494026,0.02317106991617238,0.125,4.734416174629932,9814.994309538506
ppo_hybrid_regime_aware_policy_seed_23,2020-02-28,10051.134733850671,0.0021459449362009053,0.07314316995705483,-0.5248154261946711,1.5248154261946711,0.0005564193187270585,0.021074848820124364,0.125,7.883651998287038,10028.878141730549
ppo_hybrid_regime_aware_policy_seed_23,2020-03-02,9820.830235437686,-0.022913283376587823,0.00418574301004071,-0.5648506352461848,1.5648506352461848,-0.027458757433899018,0.04350523821357789,0.125,7.25629335652188,10051.092662383717
ppo_hybrid_regime_aware_policy_seed_23,2020-03-03,9951.926066615197,0.013348752400226038,0.09526811526790002,-0.4500856809078244,1.4500856809078244,0.010934026423709407,0.030737226466377856,0.125,5.011807423017717,9819.894623450791
ppo_hybrid_regime_aware_policy_seed_23,2020-03-04,9745.639882766134,-0.020728267319134464,0.04207640322460848,-0.5236825995519307,1.5236825995519307,-0.025415903980699872,0.050828364338668504,0.125,5.553507894223165,9951.507325361157
ppo_hybrid_regime_aware_policy_seed_23,2020-03-05,9875.381354969077,0.013312771020030478,0.11955357838417563,-0.3855160940145784,1.3855160940145783,0.009911327782383034,0.038192259694401376,0.125,4.134371804762353,9744.474756644506
ppo_hybrid_regime_aware_policy_seed_23,2020-03-06,9950.788513638046,0.007635873082615374,0.08135226960427228,-0.45563399411446087,1.455633994114461,0.005265305218586037,0.030848017859550773,0.125,5.629034102683704,9874.577970282642
ppo_hybrid_regime_aware_policy_seed_23,2020-03-09,10326.385518960837,0.037745451509497485,0.028069670873818453,-0.4296974424282986,1.4296974424282987,0.035007552973178646,0.0,0.125,5.7327036136449925,9950.509198279533
ppo_hybrid_regime_aware_policy_seed_23,2020-03-10,10047.875252639034,-0.026970740711782848,0.0898382320244831,-0.5615143610026174,1.5615143610026174,-0.032420430732452724,0.026970740711782876,0.125,7.443963267849547,10325.45781474261
ppo_hybrid_regime_aware_policy_seed_23,2020-03-11,10287.37418355827,0.02383577869921627,0.07106705928700502,-0.4556449491366052,1.4556449491366052,0.021533083343013393,0.0037778306195266707,0.125,5.643705476690732,10047.161179692746
ppo_hybrid_regime_aware_policy_seed_23,2020-03-12,10791.929465040232,0.049046070695898614,0.057607176841864616,-0.44241992231272,1.44241992231272,0.046150349499934545,0.0,0.125,6.253245263583844,10286.78155697444
ppo_hybrid_regime_aware_policy_seed_23,2020-03-13,10305.774328194393,-0.04504802764146176,0.08360796455480324,-0.5978817186097678,1.5978817186097678,-0.05335186026757182,0.04504802764146181,0.125,8.326319460410785,10791.027173784041
ppo_hybrid_regime_aware_policy_seed_23,2020-03-16,10864.02719485409,0.05416893955580182,0.10186200175090399,-0.4190015216405101,1.41900152164051,0.05075184823017225,0.0,0.125,5.461591493098656,10304.72456139173
ppo_hybrid_regime_aware_policy_seed_23,2020-03-17,10555.391545095727,-0.028408954085143878,0.10527295154979754,-0.5686785244942512,1.5686785244942512,-0.034049817721511944,0.028408954085143833,0.125,7.637808953676683,10862.88350664557
ppo_hybrid_regime_aware_policy_seed_23,2020-03-18,10831.133941097482,0.02612336973230245,0.05169439971454992,-0.4782878452439186,1.4782878452439185,0.024108481611616668,0.0030277219641155918,0.125,6.268315464708368,10554.845890466051
ppo_hybrid_regime_aware_policy_seed_23,2020-03-19,10818.956841651207,-0.0011242681987405634,0.03454589189101481,-0.5144841613242744,1.5144841613242743,-0.0029661167791124724,0.0041485861913372266,0.125,5.854942756782667,10830.759769915296
ppo_hybrid_regime_aware_policy_seed_23,2020-03-20,11078.724408680086,0.024010407919256682,0.020897973961603533,-0.45853495519860465,1.4585349551986047,0.021817555096870927,0.0,0.125,5.105067223695603,10818.730747372838
ppo_hybrid_regime_aware_policy_seed_23,2020-03-23,11215.622878793942,0.012356880184382746,0.02577649090186873,-0.4661560708607556,1.4661560708607557,0.010249307105364206,0.0,0.125,4.3536582146712695,11078.43883804116
ppo_hybrid_regime_aware_policy_seed_23,2020-03-24,10743.206076453464,-0.042121316617528715,0.001271051796806033,-0.5292992552526622,1.529299255252662,-0.05054725649417916,0.04212131661752869,0.125,3.820195907751789,11215.60862315633
ppo_hybrid_regime_aware_policy_seed_23,2020-03-25,10673.854861698745,-0.0064553555299213805,0.10505825603086044,-0.4333441168170311,1.433344116817031,-0.010230696291512431,0.04830476407329554,0.125,3.70585945184924,10742.077413958892
ppo_hybrid_regime_aware_policy_seed_23,2020-03-26,10418.57282144547,-0.023916574055106277,0.0241458636622765,-0.44369240311782254,1.4436924031178227,-0.030143118920205464,0.07106605366122842,0.125,3.772196338990945,10673.597132254503
ppo_hybrid_regime_aware_policy_seed_23,2020-03-27,10528.793144302857,0.010579215094653982,0.08560940055053129,-0.34375090800611047,1.3437509080061105,0.006489420014699218,0.06123866163418484,0.125,3.430434764329368,10417.680893671633
ppo_hybrid_regime_aware_policy_seed_23,2020-03-30,10400.381711245083,-0.012196215776853592,0.03085922278078529,-0.39153922402479496,1.391539224024795,-0.017367786553545372,0.07268799747986215,0.125,3.6779857984602273,10528.468233929605
ppo_hybrid_regime_aware_policy_seed_23,2020-03-31,10448.250043497283,0.00460255532741094,0.07752875411131233,-0.3078889649953595,1.3078889649953596,-0.00024801364094098415,0.06841999268249091,0.1237167858390428,2.9486714335617124,10399.57538260873
ppo_hybrid_regime_aware_policy_seed_23,2020-04-01,10581.857152723824,0.012787510699908466,0.023230051382993777,-0.2684092737597271,1.268409273759727,0.00736006709084706,0.056507403371097414,0.11568124791670238,2.6272499166680947,10448.00733011191
ppo_hybrid_regime_aware_policy_seed_23,2020-04-02,10502.950033385456,-0.007456830894570943,0.05248387561618839,-0.3307469789698003,1.3307469789698003,-0.013005043098497109,0.06354286811443881,0.12091280156372242,2.836512062548897,10581.301775849231
ppo_hybrid_regime_aware_policy_seed_23,2020-04-03,10543.832047598426,0.003892431562848353,0.057461561413037654,-0.2682755767033952,1.2682755767033953,-0.0017498817172769386,0.05989777281703291,0.10848774215024073,2.3395096860096287,10502.346517477094
ppo_hybrid_regime_aware_policy_seed_23,2020-04-06,10750.67502402593,0.01961743846959485,0.5689910803960221,0.31455996798631075,0.6854400320136893,0.017768275730492517,0.041455375220141984,0.10023588717597742,2.0094354870390974,10537.832701210149
ppo_hybrid_regime_aware_policy_seed_23,2020-04-07,10754.152358779022,0.00032345268974465213,0.14544003201368927,0.46025312019734077,0.5397468798026592,-0.0024867596578198184,0.04114533138301667,0.09682240979528323,1.8728963918113288,10749.111445506267
ppo_hybrid_regime_aware_policy_seed_23,2020-04-08,10920.209522810463,0.015441213634646234,0.0002531201973407504,0.46821159505410387,0.5317884049458961,0.012730831597825246,0.026339451600323954,0.09889164313295165,1.955665725318066,10754.149636685854
ppo_hybrid_regime_aware_policy_seed_23,2020-04-09,10996.560537409234,0.006991717003166142,0.008211595054103848,0.463753716519425,0.536246283480575,0.004363070891113595,0.019531892588765833,0.09237492716873016,1.6949970867492063,10920.119850471956
ppo_hybrid_regime_aware_policy_seed_23,2020-04-13,10923.699051787542,-0.006625843178312385,0.23624628348057497,0.6980703352757005,0.3019296647242995,-0.008380239695055209,0.026028320509809386,0.08896869988893058,1.558747995557223,10993.962640851201
ppo_hybrid_regime_aware_policy_seed_23,2020-04-14,11149.197409167364,0.020643040082921393,0.0019296647242994514,0.7060682243262939,0.2939317756737061,0.01962996561450966,0.005922584090463013,0.08771673004921572,1.5086692019686287,10923.677972710822
ppo_hybrid_regime_aware_policy_seed_23,2020-04-15,10983.301268382773,-0.014879648704415604,0.006068224326293947,0.695470528917448,0.304529471082552,-0.01700395146586277,0.02071410682419016,0.08135659414890656,1.2542637659562617,11149.129753336427
ppo_hybrid_regime_aware_policy_seed_23,2020-04-16,11020.342034699355,0.003372462014058497,0.004529471082551972,0.7010096922966259,0.2989903077033741,0.0025599938107300287,0.0174115023485513,0.0865171255733066,1.460685022932264,10983.251519837288
ppo_hybrid_regime_aware_policy_seed_23,2020-04-17,11228.734243895793,0.018909776896241626,0.0010096922966259525,0.7055679473346925,0.2944320526653075,0.01793169495414644,0.0,0.08490917686031055,1.396367074412422,11020.330907544896
ppo_hybrid_regime_aware_policy_seed_23,2020-04-20,11090.193155932417,-0.01233808592795671,0.005567947334692569,0.6962540264624228,0.30374597353757715,-0.014224768797651097,0.012338085927956719,0.08117830045369939,1.2471320181479757,11228.671722894887
ppo_hybrid_regime_aware_policy_seed_23,2020-04-21,10854.4384709201,-0.021257942192486112,0.0037459735375771075,0.6934852509761683,0.3065147490238317,-0.02419930976427188,0.033333745803020384,0.09080659893160263,1.632263957264105,11090.151612362328
ppo_hybrid_regime_aware_policy_seed_23,2020-04-22,11023.003151184297,0.015529562465695035,0.006514749023831645,0.7045895494692437,0.2954104505307563,0.01460044073249513,0.018321841824988975,0.09312720635325883,1.7250882541303527,10854.367756977668
ppo_hybrid_regime_aware_policy_seed_23,2020-04-23,11022.399095725836,-5.479953604081711e-05,0.0045895494692437255,0.6999849361785382,0.3000150638214618,-0.0008663539564723259,0.01837563733259838,0.08678409937330762,1.4713639749323046,11022.952560566035
ppo_hybrid_regime_aware_policy_seed_23,2020-04-24,11129.945535506538,0.009757080908312066,1.5063821461769322e-05,0.7028988445310103,0.29710115546898974,0.008909765377150521,0.008797849004482279,0.08542056152152509,1.4168224608610036,11022.398929686384
ppo_hybrid_regime_aware_policy_seed_23,2020-04-27,11242.246478407806,0.010089981351930843,0.002898844531010303,0.7029976181477277,0.29700238185227235,0.009235069065509626,0.0,0.07575301030696398,1.0301204122785588,11129.913271524792
ppo_hybrid_regime_aware_policy_seed_23,2020-04-28,11206.025276171751,-0.0032218829488948053,0.0029976181477276986,0.6990312130827259,0.30096878691727413,-0.004260382728928275,0.0032218829488947823,0.07101496742139089,0.8405986968556356,11242.21277844574
ppo_hybrid_regime_aware_policy_seed_23,2020-04-29,11411.364001832104,0.018323957032024607,0.0009687869172740893,0.7053985548584218,0.29460144514157816,0.01735664323549027,0.0,0.07134194533047836,0.853677813219134,11206.014419921068
ppo_hybrid_regime_aware_policy_seed_23,2020-04-30,11301.78609268618,-0.009602525090631753,0.29460144514157816,1.0,0.0,-0.010735716790879207,0.009602525090631725,0.06715816887274638,0.6863267549098547,11408.002197506128
ppo_hybrid_regime_aware_policy_seed_23,2020-05-01,11089.020452578952,-0.018825842071539145,0.30000000000000004,0.6943356104759263,0.3056643895240737,-0.021598815362036616,0.02824759154132662,0.07205719592623516,0.8822878370494066,11298.395556858373
ppo_hybrid_regime_aware_policy_seed_23,2020-05-04,11110.367736632028,0.001925082936258038,0.005664389524073665,0.7005781112855634,0.29942188871443665,0.0011147357544713508,0.02637688756153521,0.07710889630063836,1.0843558520255343,11088.957640047669
ppo_hybrid_regime_aware_policy_seed_23,2020-05-05,11182.21787158869,0.006466944808655173,0.0005781112855633985,0.7019277899646779,0.29807221003532214,0.005645256671315916,0.02008052062896468,0.07481275307170542,0.992510122868216,11110.361313603053
ppo_hybrid_regime_aware_policy_seed_23,2020-05-06,11129.135615170188,-0.004747023982905163,0.0019277899646779062,0.6985696813853509,0.3014303186146491,-0.005889619152865128,0.024732221898854892,0.07059795187311808,0.8239180749247235,11182.196314621293
ppo_hybrid_regime_aware_policy_seed_23,2020-05-07,11223.124830940746,0.008445329360749376,0.0014303186146490399,0.7025128064259223,0.2974871935740777,0.007607721609321065,0.01649576429786451,0.07134544434715427,0.8538177738861711,11129.119696960352
ppo_hybrid_regime_aware_policy_seed_23,2020-05-08,11405.430883478117,0.016243787294851764,0.2974871935740777,1.0,0.0,0.015667037707836007,0.0005199306895332158,0.0666386890877542,0.6655475635101678,11219.786095031657
ppo_hybrid_regime_aware_policy_seed_23,2020-05-11,11407.770843818718,0.00020516194122843778,0.0,1.0,0.0,0.00020514089839544992,0.0003148754182943191,0.060627329639676986,0.4250931855870794,11405.430883478117
ppo_hybrid_regime_aware_policy_seed_23,2020-05-12,11180.395969155654,-0.01993157802483969,0.0,1.0,0.0,-0.021325304331151967,0.020240177479166205,0.05984415768468687,0.393766307387475,11407.770843818718
ppo_hybrid_regime_aware_policy_seed_23,2020-05-13,10982.66098887815,-0.01768586558320595,0.0,1.0,0.0,-0.019042128208730625,0.03756807800409537,0.0691369912994055,0.7654796519762199,11180.395969155654
ppo_hybrid_regime_aware_policy_seed_23,2020-05-14,11071.341640706052,0.008074605227067266,0.30000000000000004,0.7024922575721012,0.2975077424278988,0.006792180032431434,0.029796820176050894,0.0728297843320827,0.9131913732833082,10979.366190581486
ppo_hybrid_regime_aware_policy_seed_23,2020-05-15,11118.927276315777,0.004298091157693751,0.2975077424278988,1.0,0.0,0.003842619132280443,0.02562679846768327,0.06812990347257196,0.7251961389028778,11068.047830848878
ppo_hybrid_regime_aware_policy_seed_23,2020-05-18,11268.631325080802,0.013463893147669603,0.54,0.46746163958170694,0.532538360418293,0.009972060372655439,0.012507941796299412,0.066776085884898,0.6710434353959198,11112.923055586567
ppo_hybrid_regime_aware_policy_seed_23,2020-05-19,11146.949817132605,-0.010798250864536452,0.532538360418293,1.0,0.0,-0.012319570763695263,0.023171128767520432,0.062250443586263096,0.4900177434505237,11262.630346630785
ppo_hybrid_regime_aware_policy_seed_23,2020-05-20,11336.314394356308,0.016988017379665044,0.0,1.0,0.0,0.016845334676130815,0.006576742926064442,0.0642543561280439,0.5701742451217557,11146.949817132605
ppo_hybrid_regime_aware_policy_seed_23,2020-05-21,11258.049124094232,-0.006903943163488857,0.0,1.0,0.0,-0.007338175223603322,0.013435280630190843,0.059821728805877716,0.3928691522351087,11336.314394356308
ppo_hybrid_regime_aware_policy_seed_23,2020-05-22,11279.428939339849,0.0018990692801170717,0.0,1.0,0.0,0.001897268327780096,0.011561725878788294,0.06235722663047161,0.4942890652188644,11258.049124094232
ppo_hybrid_regime_aware_policy_seed_23,2020-05-26,11418.39773843636,0.012320552737543622,0.0,1.0,0.0,0.012245272426979939,0.0,0.059935900268373934,0.3974360107349571,11279.428939339849
ppo_hybrid_regime_aware_policy_seed_23,2020-05-27,11588.292119879708,0.014879003633885723,0.0,1.0,0.0,0.014769397145406274,0.0,0.059597604475615434,0.3839041790246172,11418.39773843636
ppo_hybrid_regime_aware_policy_seed_23,2020-05-28,11566.912304634092,-0.0018449496288533984,0.0,1.0,0.0,-0.001955249552663415,0.0018449496288533748,0.05886117774731773,0.3544471098927093,11588.292119879708
ppo_hybrid_regime_aware_policy_seed_23,2020-05-29,11618.453388395421,0.004455906849114788,0.0,1.0,0.0,0.004446008688818559,0.0,0.06044702434027547,0.4178809736110189,11566.912304634092
ppo_hybrid_regime_aware_policy_seed_23,2020-06-01,11665.412084507647,0.004041733830006056,0.0,1.0,0.0,0.004033587965397369,0.0,0.05852981963772587,0.3411927855090347,11618.453388395421
ppo_hybrid_regime_aware_policy_seed_23,2020-06-02,11762.003410028487,0.008280146883890893,0.0,1.0,0.0,0.008246054531519834,0.0,0.05969563402348817,0.3878253609395267,11665.412084507647
ppo_hybrid_regime_aware_policy_seed_23,2020-06-03,11918.535115665187,0.01330825201965502,0.0,1.0,0.0,0.013220475147309174,0.0,0.057263015586272725,0.290520623450909,11762.003410028487
ppo_hybrid_regime_aware_policy_seed_23,2020-06-04,11887.228541515336,-0.00262671325343522,0.0,1.0,0.0,-0.002775127771285367,0.0026267132534351805,0.05518632586425479,0.2074530345701913,11918.535115665187
ppo_hybrid_regime_aware_policy_seed_23,2020-06-05,12191.892656434204,0.025629532893630236,0.0,1.0,0.0,0.02530660249279807,0.0,0.05537865157425657,0.2151460629702627,11887.228541515336
ppo_hybrid_regime_aware_policy_seed_23,2020-06-08,12339.261916997797,0.012087480157219055,0.0,1.0,0.0,0.01201500997240837,0.0,0.053113419039856696,0.1245367615942675,12191.892656434204
ppo_hybrid_regime_aware_policy_seed_23,2020-06-09,12247.25181401351,-0.007456694217466864,0.0,1.0,0.0,-0.007896686234889521,0.00745669421746684,0.055259325439395594,0.2103730175758235,12339.261916997797
ppo_hybrid_regime_aware_policy_seed_23,2020-06-10,12178.912137543119,-0.0055800009265912776,0.0,1.0,0.0,-0.005917943759480076,0.012995086783415344,0.058196754146907594,0.3278701658763039,12247.25181401351
ppo_hybrid_regime_aware_policy_seed_23,2020-06-11,11476.810656002519,-0.057648948741183426,0.0,1.0,0.0,-0.06268441430381393,0.06989488243273441,0.05811982833097154,0.3247931332388614,12178.912137543119
ppo_hybrid_regime_aware_policy_seed_23,2020-06-12,11569.54850104192,0.00808045438920768,0.30000000000000004,0.7024939837944637,0.2975060162055363,0.006797982326369623,0.062379210453063494,0.08052769972820062,1.221107989128025,11473.367612805718
ppo_hybrid_regime_aware_policy_seed_23,2020-06-15,11645.125892611046,0.006532440878079138,0.00249398379446375,0.7019477568520809,0.2980522431479191,0.0057074559767450305,0.056254258079290194,0.07233137740190033,0.8932550960760133,11569.519646775449
ppo_hybrid_regime_aware_policy_seed_23,2020-06-16,11865.730029829869,0.01894390316199135,0.2980522431479191,1.0,0.0,0.018319623489059966,0.038376030134802494,0.06930409382423976,0.7721637529695902,11641.655036717013
ppo_hybrid_regime_aware_policy_seed_23,2020-06-17,11816.441607620618,-0.004153846588902832,0.0,1.0,0.0,-0.00443382404249672,0.04237046858183425,0.06792601037792304,0.717040415116921,11865.730029829869
ppo_hybrid_regime_aware_policy_seed_23,2020-06-18,11812.152395770247,-0.0003629867597031433,0.54,0.4600956218592291,0.5399043781407709,-0.0037885002468857044,0.04271807542243975,0.06745434440016078,0.6981737760064307,11810.060729152503
ppo_hybrid_regime_aware_policy_seed_23,2020-06-19,11686.877194738061,-0.010605620113489644,0.5399043781407709,1.0,0.0,-0.012146478998125149,0.052870643856019583,0.06642278805899425,0.6569115223597698,11805.774962976504
ppo_hybrid_regime_aware_policy_seed_23,2020-06-22,11761.850586028942,0.006415177471415401,0.0,1.0,0.0,0.0063946878036367834,0.0467946409479686,0.06998922628506572,0.7995690514026287,11686.877194738061
ppo_hybrid_regime_aware_policy_seed_23,2020-06-23,11815.998292087947,0.00460367232715253,0.0,1.0,0.0,0.0045931078389241774,0.04240639581440728,0.06417064143272055,0.5668256573088222,11761.850586028942
ppo_hybrid_regime_aware_policy_seed_23,2020-06-24,11514.587463318296,-0.025508706189596997,0.0,1.0,0.0,-0.02738789968130339,0.06683336971261476,0.06338098229258567,0.5352392917034265,11815.998292087947
ppo_hybrid_regime_aware_policy_seed_23,2020-06-25,11565.122530732411,0.0043887866217615645,0.54,0.4626499148648436,0.5373500851351565,0.0009771839834579565,0.06273790048973511,0.06746174225341804,0.6984696901367211,11508.369586088103
ppo_hybrid_regime_aware_policy_seed_23,2020-06-26,11438.73536816123,-0.010928302941480172,0.002649914864843561,0.45403495959704604,0.5459650404029539,-0.01424603024736219,0.07298058464875103,0.06459243258577882,0.5836973034311527,11565.091884142303
ppo_hybrid_regime_aware_policy_seed_23,2020-06-29,11505.362257233537,0.00582467265199238,0.05403495959704602,0.4035067986129767,0.5964932013870232,0.002526722391279682,0.06758100001228856,0.06872763138786285,0.7491052555145135,11438.11727655777
ppo_hybrid_regime_aware_policy_seed_23,2020-06-30,11564.273084765762,0.005120293148109134,0.0035067986129767026,0.4030586189424195,0.5969413810575805,0.0019019688250190478,0.06280674139548481,0.06359659577141319,0.5438638308565273,11505.321910245131
ppo_hybrid_regime_aware_policy_seed_23,2020-07-01,11600.875033289503,0.003165088566782437,0.05694138105758051,0.46173440662126625,0.5382655933787337,0.0004826781464122235,0.059840441727810154,0.06119401225947546,0.4477604903790185,11563.61459908539
ppo_hybrid_regime_aware_policy_seed_23,2020-07-02,11625.71151665051,0.0021409146542599178,0.061734406621266225,0.401318766070922,0.598681233929078,-0.0011539754477216944,0.05782764035216276,0.05801359204750794,0.3205436819003172,11600.158860153037
ppo_hybrid_regime_aware_policy_seed_23,2020-07-06,11707.580277729496,0.007042043057900793,0.058681233929078036,0.46380757798944006,0.5361924220105599,0.004337341816275936,0.051192822027558725,0.05631630438442913,0.2526521753771651,11625.02930555341
ppo_hybrid_regime_aware_policy_seed_23,2020-07-07,11651.991096161684,-0.004748135844394374,0.0038075779894400363,0.45742584027608707,0.5425741597239129,-0.007612442764656202,0.0556978873987083,0.05666673528152797,0.2666694112611186,11707.53570020452
ppo_hybrid_regime_aware_policy_seed_23,2020-07-08,11692.9571260174,0.003515796529333981,0.00257415972391295,0.4618932638416477,0.5381067361583523,0.0009137693250887159,0.05237791330858194,0.05911223980817635,0.3644895923270537,11651.961102075502
ppo_hybrid_regime_aware_policy_seed_23,2020-07-09,11662.314187557527,-0.00262063207190677,0.0018932638416476744,0.45858216542087415,0.5414178345791258,-0.005359758639169144,0.05486128214101271,0.05671602315656343,0.2686409262625371,11692.93498816447
ppo_hybrid_regime_aware_policy_seed_23,2020-07-10,11717.07372779243,0.004695426598378294,0.001417834579125865,0.4625244426585918,0.5374755573414083,0.0020903107167145143,0.050423452666020364,0.05863158104837518,0.3452632419350072,11662.2976523252
ppo_hybrid_regime_aware_policy_seed_23,2020-07-13,11609.372911233591,-0.009191784489959942,0.5374755573414083,1.0,0.0,-0.010522026027056985,0.059151755645834546,0.055168007503761454,0.2067203001504579,11710.776087060176
ppo_hybrid_regime_aware_policy_seed_23,2020-07-14,11759.818980447008,0.012959017714715637,0.0,1.0,0.0,0.012875768095466747,0.04695928658038979,0.06343929121827113,0.5375716487308452,11609.372911233591
ppo_hybrid_regime_aware_policy_seed_23,2020-07-15,11867.859184982588,0.009187233639839087,0.0,1.0,0.0,0.009145287724412185,0.03820347887792495,0.05875544026402363,0.3502176105609451,11759.818980447008
ppo_hybrid_regime_aware_policy_seed_23,2020-07-16,11828.77295996083,-0.0032934520381920906,0.0,1.0,0.0,-0.0034751325232015196,0.04137110959074053,0.055639419648012646,0.2255767859205059,11867.859184982588
ppo_hybrid_regime_aware_policy_seed_23,2020-07-17,11863.065400258896,0.0028990699554503063,0.0,1.0,0.0,0.002894875756376014,0.03859197737612832,0.05596170425336893,0.2384681701347573,11828.77295996083
ppo_hybrid_regime_aware_policy_seed_23,2020-07-20,11958.937718827983,0.008081580547216305,0.0,1.0,0.0,0.008049099456827503,0.03082228100255356,0.051890332551160406,0.0756133020464162,11863.065400258896
ppo_hybrid_regime_aware_policy_seed_23,2020-07-21,11984.380787514054,0.0021275358467678362,0.0,1.0,0.0,0.002125275847297115,0.028760320663497804,0.04972078672603769,-0.0111685309584925,11958.937718827983
ppo_hybrid_regime_aware_policy_seed_23,2020-07-22,12052.596569192492,0.005692057260856531,0.0,1.0,0.0,0.005675918714983156,0.023231968794698542,0.05029878067306263,0.011951226922505,11984.380787514054
ppo_hybrid_regime_aware_policy_seed_23,2020-07-23,11908.788653989652,-0.011931695745166282,0.0,1.0,0.0,-0.012578252950673864,0.03488646775664533,0.04932028307814086,-0.0271886768743657,12052.596569192492
ppo_hybrid_regime_aware_policy_seed_23,2020-07-24,11832.09147431533,-0.006440384652273368,0.0,1.0,0.0,-0.006786102392040311,0.041102170137406746,0.0522690702250633,0.0907628090025317,11908.788653989652
ppo_hybrid_regime_aware_policy_seed_23,2020-07-27,11918.376223437033,0.0072924342504456785,0.0,1.0,0.0,0.007265973018451793,0.03410947076023873,0.051766157781084635,0.0706463112433853,11832.09147431533
ppo_hybrid_regime_aware_policy_seed_23,2020-07-28,11842.78521521421,-0.006342391514221335,0.0,1.0,0.0,-0.006667501535976541,0.040235526656555706,0.049772906482605156,-0.009083740695794,11918.376223437033
ppo_hybrid_regime_aware_policy_seed_23,2020-07-29,11988.436374402358,0.012298725050001957,0.0,1.0,0.0,0.012223710163119286,0.028431647286144727,0.05090232672511195,0.0360930690044777,11842.78521521421
ppo_hybrid_regime_aware_policy_seed_23,2020-07-30,11945.66253610841,-0.0035679247032813777,0.0,1.0,0.0,-0.0037424341345056655,0.03189813001271894,0.0485013832506863,-0.0599446699725481,11988.436374402358
ppo_hybrid_regime_aware_policy_seed_23,2020-07-31,12040.059584308305,0.007902202821698623,0.0,1.0,0.0,0.007871143932114598,0.024247992684013772,0.0495899225920358,-0.0164030963185681,11945.66253610841
ppo_hybrid_regime_aware_policy_seed_23,2020-08-03,12123.764016910894,0.006952160993595191,0.0,1.0,0.0,0.006928106146781003,0.01746440763932939,0.04902145722631262,-0.0391417109474953,12040.059584308305
ppo_hybrid_regime_aware_policy_seed_23,2020-08-04,12170.593442093148,0.0038626143759423748,0.0,1.0,0.0,0.0038551736353533476,0.013669251535401952,0.0486610193883254,-0.0535592244669842,12123.764016910894
ppo_hybrid_regime_aware_policy_seed_23,2020-08-05,12246.184450315972,0.0062109550025215565,0.0,1.0,0.0,0.006191746515834142,0.007543195639084982,0.04776030168306423,-0.0895879326774309,12170.593442093148
ppo_hybrid_regime_aware_policy_seed_23,2020-08-06,12328.044513631678,0.006684536203731106,0.0,1.0,0.0,0.006662293756877345,0.0009090821996951921,0.04639782962960532,-0.1440868148157872,12246.184450315972
ppo_hybrid_regime_aware_policy_seed_23,2020-08-07,12336.895010545251,0.0007179157167860328,0.0,1.0,0.0,0.0007176581385700891,0.00019181912730818694,0.04578213001615561,-0.1687147993537758,12328.044513631678
ppo_hybrid_regime_aware_policy_seed_23,2020-08-10,12373.76889266401,0.0029889110742402636,0.0,1.0,0.0,0.002984453160198847,0.0,0.044975260189659715,-0.2009895924136115,12336.895010545251
ppo_hybrid_regime_aware_policy_seed_23,2020-08-11,12271.627519002039,-0.008254669579494611,0.0,1.0,0.0,-0.008658776411493724,0.008254669579494637,0.044804747804529504,-0.2078100878188198,12373.76889266401
ppo_hybrid_regime_aware_policy_seed_23,2020-08-12,12442.722872177832,0.013942352219447729,0.0,1.0,0.0,0.013846051698275444,0.0,0.04810088927556398,-0.0759644289774409,12271.627519002039
ppo_hybrid_regime_aware_policy_seed_23,2020-08-13,12420.229218928569,-0.001807775796370037,0.0,1.0,0.0,-0.0018907800258549246,0.0018077757963700354,0.04501013400379706,-0.1995946398481177,12442.722872177832
ppo_hybrid_regime_aware_policy_seed_23,2020-08-14,12420.598317846263,2.9717560858788516e-05,0.0,1.0,0.0,2.9717119300824814e-05,0.00177811195819847,0.044747898841571765,-0.2100840463371293,12420.229218928569
ppo_hybrid_regime_aware_policy_seed_23,2020-08-17,12460.053641785713,0.0031766041320859806,0.0,1.0,0.0,0.003171569384628661,0.0,0.04460180611864587,-0.2159277552541653,12420.598317846263
ppo_hybrid_regime_aware_policy_seed_23,2020-08-18,12486.971980840975,0.002160371040858866,0.0,1.0,0.0,0.0021580407948689,0.0,0.04335708971557519,-0.2657164113769925,12460.053641785713
ppo_hybrid_regime_aware_policy_seed_23,2020-08-19,12434.979672017336,-0.0041637243123001655,0.0,1.0,0.0,-0.004353959872184878,0.0041637243123002175,0.04360113907531295,-0.2559544369874821,12486.971980840975
ppo_hybrid_regime_aware_policy_seed_23,2020-08-20,12473.6967981214,0.0031135656933312106,0.0,1.0,0.0,0.003108728585502381,0.0010631226481442927,0.045364606124483314,-0.1854157550206676,12434.979672017336
ppo_hybrid_regime_aware_policy_seed_23,2020-08-21,12517.94590678454,0.0035473933172565086,0.0,1.0,0.0,0.0035411161582373403,0.0,0.04562793179129521,-0.1748827283481915,12473.6967981214
ppo_hybrid_regime_aware_policy_seed_23,2020-08-24,12644.792151297193,0.010133151673383134,0.0,1.0,0.0,0.010082155503900299,0.0,0.045269085042443466,-0.1892365983022615,12517.94590678454
ppo_hybrid_regime_aware_policy_seed_23,2020-08-25,12689.040134658755,0.0034993049179556923,0.0,1.0,0.0,0.0034931965962736824,0.0,0.04495289860043653,-0.2018840559825389,12644.792151297193
ppo_hybrid_regime_aware_policy_seed_23,2020-08-26,12816.2554780891,0.010025608090155735,0.0,1.0,0.0,0.009975685076455696,0.0,0.04433697887874886,-0.2265208448500457,12689.040134658755
ppo_hybrid_regime_aware_policy_seed_23,2020-08-27,12844.278863294283,0.002186550139632537,0.0,1.0,0.0,0.002184163117804633,0.0,0.04648879378050918,-0.140448248779633,12816.2554780891
ppo_hybrid_regime_aware_policy_seed_23,2020-08-28,12927.245098061489,0.006459392204906322,0.0,1.0,0.0,0.006438619734780553,0.0,0.04855611877122384,-0.0577552491510467,12844.278863294283
ppo_hybrid_regime_aware_policy_seed_23,2020-08-31,12880.415672879233,-0.0036225371165335973,0.0,1.0,0.0,-0.0037952840335422505,0.003622537116533645,0.04587106632519822,-0.1651573469920713,12927.245098061489
ppo_hybrid_regime_aware_policy_seed_23,2020-09-01,13001.73106013439,0.009418592562241423,0.0,1.0,0.0,0.009374514174085805,0.0,0.051872383067726006,0.0748953227090401,12880.415672879233
ppo_hybrid_regime_aware_policy_seed_23,2020-09-02,13189.78808400037,0.01446399890877581,0.0,1.0,0.0,0.014360393117624624,0.0,0.05131886661119325,0.0527546644477299,13001.73106013439
ppo_hybrid_regime_aware_policy_seed_23,2020-09-03,12735.870685142587,-0.0344143056709455,0.0,1.0,0.0,-0.03681154294119645,0.034414305670945555,0.052045748993995014,0.0818299597598005,13189.78808400037
ppo_hybrid_regime_aware_policy_seed_23,2020-09-04,12631.88606749531,-0.00816470426074467,0.0,1.0,0.0,-0.008704954747556625,0.042298027303548064,0.06427633649062119,0.5710534596248475,12735.870685142587
ppo_hybrid_regime_aware_policy_seed_23,2020-09-08,12286.745945706914,-0.027322928654060497,0.0,1.0,0.0,-0.029251372163102637,0.06846524997538626,0.05916679135291595,0.366671654116638,12631.88606749531
ppo_hybrid_regime_aware_policy_seed_23,2020-09-09,12391.660989686587,0.008538879573426028,0.54,0.46486108673542054,0.5351389132645794,0.0051006295514501015,0.06051098692646454,0.060309465348645376,0.4123786139458149,12280.111102896233
ppo_hybrid_regime_aware_policy_seed_23,2020-09-10,12169.980440496593,-0.017889494344179968,0.5351389132645794,1.0,0.0,-0.019787899131976032,0.0773179703122628,0.0555569669792039,0.2222786791681557,12385.029729691023
ppo_hybrid_regime_aware_policy_seed_23,2020-09-11,12165.155252840761,-0.0003964827782118041,0.6,0.40012215876692014,0.5998778412330799,-0.0045174296520311226,0.0776837978467995,0.057043966817164275,0.281758672686571,12162.678452232294
ppo_hybrid_regime_aware_policy_seed_23,2020-09-14,12229.245969017149,0.005268384565944695,0.00012215876692012184,0.4031445374025086,0.5968554625974913,0.0020543719409141328,0.07282468140245481,0.05195071759417631,0.0780287037670524,12165.153766760395
ppo_hybrid_regime_aware_policy_seed_23,2020-09-15,12256.970872259146,0.0022670983405057576,0.05685546259749141,0.4612520964279418,0.5387479035720582,-0.00041275084333069486,0.07072268377630432,0.05006524672635984,0.0026098690543933,12228.550669580362
ppo_hybrid_regime_aware_policy_seed_23,2020-09-16,12234.579644191386,-0.0018268158014830282,0.0012520964279417734,0.45901239142031114,0.5409876085796889,-0.0045064449060523495,0.07242030226154146,0.04952838208345356,-0.0188647166618576,12256.9555253497
ppo_hybrid_regime_aware_policy_seed_23,2020-09-17,12185.068692552726,-0.004046804473757826,0.0009876085796888812,0.45780638174865057,0.5421936182513494,-0.0068370981445482065,0.07617403593211639,0.05024378471676423,0.0097513886705692,12234.567561215561
ppo_hybrid_regime_aware_policy_seed_23,2020-09-18,12109.046450685872,-0.006238967032932474,0.05780638174865055,0.3962680199085314,0.6037319800914687,-0.009838602338569058,0.08193775566610301,0.05090151170736449,0.0360604682945794,12184.364317820251
ppo_hybrid_regime_aware_policy_seed_23,2020-09-21,12055.094062904944,-0.004455543877930346,0.003731980091468634,0.39731695845195303,0.602683041548047,-0.00787439301063329,0.08602822227840391,0.049699866471422924,-0.0120053411430832,12109.001259965591
ppo_hybrid_regime_aware_policy_seed_23,2020-09-22,12104.171047884023,0.004071057821945612,0.002683041548046994,0.40243433420279856,0.5975656657972015,0.0008587689258562335,0.08230739032367286,0.05308159680129915,0.123263872051966,12055.061718586707
ppo_hybrid_regime_aware_policy_seed_23,2020-09-23,11991.858926658819,-0.009278794952657154,0.002434334202798538,0.39438205587735786,0.6056179441226421,-0.012963112171540682,0.09082247187842828,0.05136175628281198,0.0544702513124791,12104.141582286446
ppo_hybrid_regime_aware_policy_seed_23,2020-09-24,12004.577032654146,0.0010605616754757463,0.00561794412264216,0.4006390300409882,0.5993609699590118,-0.0021484272389212153,0.08985823303589868,0.05434815882400469,0.1739263529601876,11991.791557065442
ppo_hybrid_regime_aware_policy_seed_23,2020-09-25,12082.200309926562,0.006466140128158493,0.0006390300409881977,0.40385513962191094,0.596144860378089,0.0032443657827542377,0.08397312883421892,0.054138664695031674,0.1655465878012666,12004.569361368793
ppo_hybrid_regime_aware_policy_seed_23,2020-09-28,12162.424414200432,0.006639858818427102,0.003855139621910919,0.40395993496572685,0.5960400650342732,0.0034121293418218766,0.07789083973579254,0.05026411026417724,0.0105644105670897,12082.153731357428
ppo_hybrid_regime_aware_policy_seed_23,2020-09-29,12135.88160659314,-0.0021823615673451924,0.00395993496572683,0.3986901003459102,0.6013098996540898,-0.005491025183496207,0.07990321532805005,0.04986091699604464,-0.0055633201582145,12162.376251790725
ppo_hybrid_regime_aware_policy_seed_23,2020-09-30,12172.6712206122,0.003031474367636511,0.001309899654089841,0.40181417094764826,0.5981858290523517,-0.0001750761350760346,0.07711396550957225,0.04993273154140854,-0.0026907383436588,12135.865709806021
ppo_hybrid_regime_aware_policy_seed_23,2020-10-01,12203.908500325813,0.0025661811731774176,0.0018141709476482415,0.4015368533623108,0.5984631466376892,-0.0006398271039579702,0.07474567274287451,0.050056294868100905,0.002251794724036,12172.649137305716
ppo_hybrid_regime_aware_policy_seed_23,2020-10-02,12157.542017237985,-0.0037993142186038,0.0015368533623107972,0.3977126431936176,0.6022873568063825,-0.007186744871077234,0.07826100466424722,0.05060393986331722,0.0241575945326884,12203.889744708002
ppo_hybrid_regime_aware_policy_seed_23,2020-10-05,12255.950319525318,0.008094424197572225,0.06228735680638242,0.46436925761480186,0.5356307423851981,0.005376409025936072,0.07080005823655554,0.05221092359882967,0.0884369439531869,12156.78475608047
ppo_hybrid_regime_aware_policy_seed_23,2020-10-06,12175.751235011541,-0.006543685509724173,0.004369257614801836,0.456445509757567,0.543554490242433,-0.00948434530049612,0.07688045043110953,0.05272721289307419,0.1090885157229678,12255.896770121059
ppo_hybrid_regime_aware_policy_seed_23,2020-10-07,12380.957178800145,0.01685365771916647,0.543554490242433,1.0,0.0,0.015897878929012413,0.06132250950880427,0.05537533114511557,0.2150132458046228,12169.133050755676
ppo_hybrid_regime_aware_policy_seed_23,2020-10-08,12490.683536316203,0.008862510057295214,0.0,1.0,0.0,0.008823468516178457,0.0530034708087694,0.05277137786403868,0.1108551145615472,12380.957178800145
ppo_hybrid_regime_aware_policy_seed_23,2020-10-09,12602.227227273068,0.00893015107080064,0.0,1.0,0.0,0.008890513079114816,0.04454664873956791,0.049662727280268215,-0.0134909087892714,12490.683536316203
ppo_hybrid_regime_aware_policy_seed_23,2020-10-12,12804.966905726,0.016087606959996226,0.0,1.0,0.0,0.015959572761759168,0.02917569075587888,0.04716316320890402,-0.1134734716438392,12602.227227273068
ppo_hybrid_regime_aware_policy_seed_23,2020-10-13,12721.400614023829,-0.006526084160733192,0.0,1.0,0.0,-0.006846629915912836,0.035511371903291664,0.0472179323705023,-0.1112827051799082,12804.966905726
ppo_hybrid_regime_aware_policy_seed_23,2020-10-14,12641.466771590774,-0.006283415235342593,0.0,1.0,0.0,-0.006599799353127458,0.041571654443389235,0.04893507491906667,-0.0425970032373333,12721.400614023829
ppo_hybrid_regime_aware_policy_seed_23,2020-10-15,12625.843691553575,-0.0012358597557926565,0.0,1.0,0.0,-0.0012951816119042918,0.04275613746447362,0.04943722334637656,-0.0225110661449376,12641.466771590774
ppo_hybrid_regime_aware_policy_seed_23,2020-10-16,12618.213995759681,-0.0006042919570593552,0.0,1.0,0.0,-0.0006336128250445584,0.04333459223154823,0.05037249525722183,0.014899810288873,12625.843691553575
ppo_hybrid_regime_aware_policy_seed_23,2020-10-19,12426.373882726599,-0.015203428401004304,0.0,1.0,0.0,-0.01606302108781191,0.05787918626227343,0.051072972629317315,0.0429189051726926,12618.213995759681
ppo_hybrid_regime_aware_policy_seed_23,2020-10-20,12476.150412820989,0.004005716435394158,0.0,1.0,0.0,0.003997714914079781,0.054105317434557335,0.05418166253454333,0.1672665013817332,12426.373882726599
ppo_hybrid_regime_aware_policy_seed_23,2020-10-21,12452.533948540484,-0.0018929287880528056,0.0,1.0,0.0,-0.0019921034770763067,0.05589582870965149,0.05438716670703689,0.1754866682814751,12476.150412820989
ppo_hybrid_regime_aware_policy_seed_23,2020-10-22,12520.83973984862,0.005485292518808249,0.0,1.0,0.0,0.005470303091080673,0.050717141161896816,0.05301615571583318,0.1206462286333273,12452.533948540484
ppo_hybrid_regime_aware_policy_seed_23,2020-10-23,12563.350262598526,0.003395181444149742,0.0,1.0,0.0,0.0033894308282106864,0.047494153614320314,0.05193367592265788,0.0773470369063149,12520.83973984862
ppo_hybrid_regime_aware_policy_seed_23,2020-10-26,12331.180648705753,-0.018479912526513598,0.0,1.0,0.0,-0.01954721670813476,0.0650963783365205,0.050812743472424066,0.0325097388969624,12563.350262598526
ppo_hybrid_regime_aware_policy_seed_23,2020-10-27,12288.670125955845,-0.0034474008581141247,0.0,1.0,0.0,-0.0036456636788466893,0.06831936588409714,0.059667261875849004,0.38669047503396,12331.180648705753
ppo_hybrid_regime_aware_policy_seed_23,2020-10-28,12088.932324428017,-0.01625381749860355,0.54,0.4513743386249595,0.5486256613750404,-0.020715682238891506,0.08346273287800028,0.061170175928865804,0.4468070371546322,12282.034244087828
ppo_hybrid_regime_aware_policy_seed_23,2020-10-29,12129.355648221885,0.003343829108231944,0.11137433862495949,0.3422728343054169,0.6577271656945831,-0.0007008105647630963,0.08039798888541842,0.07370121084687047,0.9480484338748182,12087.585927585702
ppo_hybrid_regime_aware_policy_seed_23,2020-10-30,12078.079537586389,-0.004227438960701324,0.05772716569458314,0.39748755170117084,0.6025124482988291,-0.0077896876656504445,0.08428555025554348,0.0686026656877769,0.7441066275110758,12128.655454898611
ppo_hybrid_regime_aware_policy_seed_23,2020-11-02,12132.199621529739,0.004480851759166793,0.002512448298829184,0.4026780187195885,0.5973219812804115,0.0012670739589485456,0.08018236955251165,0.06923180127960671,0.7692720511842686,12078.049192036002
ppo_hybrid_regime_aware_policy_seed_23,2020-11-03,12217.848983304746,0.0070596729733176655,0.002678018719588504,0.40420770556993046,0.5957922944300695,0.003830853118804673,0.07368875788646048,0.06743950833918609,0.6975803335674434,12132.167131272043
ppo_hybrid_regime_aware_policy_seed_23,2020-11-04,12342.767658541816,0.010224277236342116,0.055792294430069556,0.4654950545851102,0.5345049454148898,0.007496674430235573,0.06421789493995113,0.06438571117478425,0.5754284469913702,12217.167321476967
ppo_hybrid_regime_aware_policy_seed_23,2020-11-05,12453.429577570463,0.00896572973664167,0.005495054585110182,0.4648014132140316,0.5351985867859683,0.006325533630665501,0.055827925493597115,0.0532302255004872,0.1292090200194876,12342.6998343598
ppo_hybrid_regime_aware_policy_seed_23,2020-11-06,12452.061517464817,-0.00010985408454144974,0.004801413214031602,0.4599432653249474,0.5400567346750527,-0.00271418978186109,0.055931646652491646,0.04943584463726775,-0.0225662145092899,12453.36978350913
ppo_hybrid_regime_aware_policy_seed_23,2020-11-09,12601.720650652516,0.01201882378896002,0.5400567346750527,1.0,0.0,0.011137086172248846,0.04458505546887436,0.04428579433624737,-0.2285682265501054,12445.336697781722
ppo_hybrid_regime_aware_policy_seed_23,2020-11-10,12583.239275605074,-0.0014665755224850807,0.0,1.0,0.0,-0.0015318668392369458,0.04598624364034019,0.045828849801771515,-0.1668460079291394,12601.720650652516
ppo_hybrid_regime_aware_policy_seed_23,2020-11-11,12676.71453246221,0.007428552760524454,0.0,1.0,0.0,0.007401096949917688,0.038899302116956275,0.0439524085556158,-0.2419036577753682,12583.239275605074
ppo_hybrid_regime_aware_policy_seed_23,2020-11-12,12553.738927078728,-0.009700905157134398,0.0,1.0,0.0,-0.010133585958918324,0.04822284883357531,0.04132767198717464,-0.3468931205130146,12676.71453246221
ppo_hybrid_regime_aware_policy_seed_23,2020-11-13,12727.539127331223,0.01384449694724843,0.0,1.0,0.0,0.013749537340944966,0.03504597296979092,0.04478392612995791,-0.2086429548016839,12553.738927078728
ppo_hybrid_regime_aware_policy_seed_23,2020-11-16,12886.411270492463,0.012482549970722623,0.0,1.0,0.0,0.01240528525322262,0.023000886107936314,0.04046001663482405,-0.381599334607038,12727.539127331223
ppo_hybrid_regime_aware_policy_seed_23,2020-11-17,12817.10421592461,-0.0053783053414222515,0.0,1.0,0.0,-0.0055984352216694785,0.028255485660746763,0.039130427733103545,-0.4347828906758582,12886.411270492463
ppo_hybrid_regime_aware_policy_seed_23,2020-11-18,12662.852687688082,-0.012034818913688627,0.0,1.0,0.0,-0.012569984426204859,0.03995025492118996,0.0395185869136523,-0.419256523453908,12817.10421592461
ppo_hybrid_regime_aware_policy_seed_23,2020-11-19,12716.16547284754,0.004210171789433614,0.0,1.0,0.0,0.004201333813765502,0.035908280568006205,0.041553817870667704,-0.3378472851732919,12662.852687688082
ppo_hybrid_regime_aware_policy_seed_23,2020-11-20,12629.087489893205,-0.006847817696322922,0.0,1.0,0.0,-0.007135888686753797,0.042510204905210965,0.040066665902146664,-0.3973333639141337,12716.16547284754
ppo_hybrid_regime_aware_policy_seed_23,2020-11-23,12704.791818363856,0.00599444168323604,0.0,1.0,0.0,0.005976546496514336,0.03677058816622163,0.04108752052380793,-0.3564991790476827,12629.087489893205
ppo_hybrid_regime_aware_policy_seed_23,2020-11-24,12909.513260464613,0.016113718747035932,0.0,1.0,0.0,0.015985270793455963,0.02124938033505935,0.038998014867728664,-0.4400794052908536,12704.791818363856
ppo_hybrid_regime_aware_policy_seed_23,2020-11-25,12889.60990744386,-0.0015417585945479706,0.0,1.0,0.0,-0.00159868994192467,0.02275837751484694,0.03693950878790487,-0.5224196484838053,12909.513260464613
ppo_hybrid_regime_aware_policy_seed_23,2020-11-27,12925.507529873008,0.0027850045646777843,0.0,1.0,0.0,0.0027811336248563354,0.020036755135432655,0.03608004682871562,-0.5567981268513753,12889.60990744386
ppo_hybrid_regime_aware_policy_seed_23,2020-11-30,12868.284576449802,-0.004427133966767194,0.0,1.0,0.0,-0.00458960651460144,0.024375183702956018,0.03518411523333306,-0.5926353906666775,12925.507529873008
ppo_hybrid_regime_aware_policy_seed_23,2020-12-01,13009.030025568376,0.010937390161245952,0.0,1.0,0.0,0.010878009496786719,0.013704394436121389,0.03456845976777008,-0.6172616092891968,12868.284576449802
ppo_hybrid_regime_aware_policy_seed_23,2020-12-02,13036.397949460454,0.002103763604072606,0.0,1.0,0.0,0.002101553792160207,0.011629461638279411,0.034887276718573605,-0.6045089312570557,13009.030025568376
ppo_hybrid_regime_aware_policy_seed_23,2020-12-03,13032.84354685288,-0.00027265220203864793,0.0,1.0,0.0,-0.0002822837410152153,0.011898943041993905,0.03560306008150802,-0.5758775967396791,13036.397949460454
ppo_hybrid_regime_aware_policy_seed_23,2020-12-04,13145.155944413635,0.008617643352887061,0.0,1.0,0.0,0.008580723421316779,0.003383840536519038,0.035742996777061796,-0.5702801289175281,13032.84354685288
ppo_hybrid_regime_aware_policy_seed_23,2020-12-07,13118.143786177732,-0.0020549134867724472,0.0,1.0,0.0,-0.0021281310773793214,0.0054318005237358954,0.03471911534393545,-0.611235386242582,13145.155944413635
ppo_hybrid_regime_aware_policy_seed_23,2020-12-08,13156.52959889732,0.00292616191324524,0.0,1.0,0.0,0.0029218890348672224,0.0025215329383036175,0.03562107660353589,-0.5751569358585644,13118.143786177732
ppo_hybrid_regime_aware_policy_seed_23,2020-12-09,13038.530374094722,-0.008968871609766116,0.0,1.0,0.0,-0.009316707942443539,0.011467789242886264,0.0343578225970734,-0.625687096117064,13156.52959889732
ppo_hybrid_regime_aware_policy_seed_23,2020-12-10,13034.265524826187,-0.0003270958571380822,0.0,1.0,0.0,-0.0003392381420698407,0.011791134033672419,0.0373866465704051,-0.5045341371837958,13038.530374094722
ppo_hybrid_regime_aware_policy_seed_23,2020-12-11,13018.981702078754,-0.0011725879542903161,0.0,1.0,0.0,-0.0012170703843099244,0.012949895846227454,0.037794144055543905,-0.488234237778244,13034.265524826187
ppo_hybrid_regime_aware_policy_seed_23,2020-12-14,12960.693620989801,-0.004477161303609978,0.0,1.0,0.0,-0.004660629877941029,0.017369078377268882,0.03924166308420987,-0.4303334766316055,13018.981702078754
ppo_hybrid_regime_aware_policy_seed_23,2020-12-15,13135.914714564215,0.01351942254777505,0.0,1.0,0.0,0.013428850562282912,0.004084475739341588,0.041887458240770226,-0.3245016703691909,12960.693620989801
ppo_hybrid_regime_aware_policy_seed_23,2020-12-16,13156.529598897316,0.0015693527844120592,0.0,1.0,0.0,0.0015681226371862288,0.0025215329383038933,0.03816975950475829,-0.4732096198096684,13135.914714564215
ppo_hybrid_regime_aware_policy_seed_23,2020-12-17,13230.10041808231,0.00559196242686677,0.0,1.0,0.0,0.0055763854485796,0.0,0.03728371975839909,-0.5086512096640364,13156.529598897316
ppo_hybrid_regime_aware_policy_seed_23,2020-12-18,13121.342423129132,-0.008220496558327794,0.0,1.0,0.0,-0.008550778482401123,0.00822049655832784,0.03604494204951854,-0.5582023180192586,13230.10041808231
ppo_hybrid_regime_aware_policy_seed_23,2020-12-21,13074.426911872473,-0.003575511540188203,0.0,1.0,0.0,-0.0037068114406095323,0.011766615618205618,0.03521948337470604,-0.5912206650117584,13121.342423129132
ppo_hybrid_regime_aware_policy_seed_23,2020-12-22,13052.391134217454,-0.0016854105960857346,0.0,1.0,0.0,-0.001757176694839271,0.013432194635648414,0.04223407937664198,-0.3106368249343207,13074.426911872473
ppo_hybrid_regime_aware_policy_seed_23,2020-12-23,13064.120554357316,0.000898641484096574,0.0,1.0,0.0,0.0008982379475764469,0.01254562387887392,0.04025598030355512,-0.3897607878577951,13052.391134217454
ppo_hybrid_regime_aware_policy_seed_23,2020-12-24,13114.945149226329,0.003890395427502469,0.0,1.0,0.0,0.003882847409394495,0.008704035889144984,0.0382947897754274,-0.4682084089829041,13064.120554357316
ppo_hybrid_regime_aware_policy_seed_23,2020-12-28,13227.61331244326,0.008590822297383172,0.0,1.0,0.0,0.008554131171718198,0.00018798841735547732,0.03460834582701521,-0.6156661669193918,13114.945149226329
ppo_hybrid_regime_aware_policy_seed_23,2020-12-29,13202.377813185449,-0.0019077893087540154,0.0,1.0,0.0,-0.0019760796320390643,0.0020954190838166644,0.0348469679896932,-0.6061212804122721,13227.61331244326
ppo_hybrid_regime_aware_policy_seed_23,2020-12-30,13221.214953889068,0.0014267990940848296,0.0,1.0,0.0,0.0014257821834272697,0.0006716097317823038,0.03753838559517337,-0.4984645761930652,13202.377813185449
ppo_hybrid_regime_aware_policy_seed_23,2020-12-31,13288.38958382265,0.005080821253407031,0.0,1.0,0.0,0.005067957435210907,0.0,0.036805369048007304,-0.5277852380797079,13221.214953889068
ppo_hybrid_regime_aware_policy_seed_23,2021-01-04,13107.481663006396,-0.013613983822124864,0.0,1.0,0.0,-0.014206321928686566,0.013613983822124913,0.036640125219624085,-0.5343949912150368,13288.38958382265
ppo_hybrid_regime_aware_policy_seed_23,2021-01-05,13197.75719826074,0.006887328746690624,0.0,1.0,0.0,0.0068637194394418535,0.006820419057569366,0.045104810746390334,-0.1958075701443868,13107.481663006396
ppo_hybrid_regime_aware_policy_seed_23,2021-01-06,13276.660163682793,0.005978513184986545,0.0,1.0,0.0,0.005960712786412728,0.0008826818378456914,0.041661301755800476,-0.3335479297679812,13197.75719826074
ppo_hybrid_regime_aware_policy_seed_23,2021-01-07,13473.918119563614,0.0148574983052141,0.0,1.0,0.0,0.01474820687893387,0.0,0.0409901005291366,-0.3603959788345364,13276.660163682793
ppo_hybrid_regime_aware_policy_seed_23,2021-01-08,13550.6886603514,0.005697714659280706,0.0,1.0,0.0,0.00568154407760871,0.0,0.035335072865995576,-0.586597085360177,13473.918119563614
ppo_hybrid_regime_aware_policy_seed_23,2021-01-11,13459.345828128533,-0.006740825836411557,0.0,1.0,0.0,-0.006989764816607853,0.006740825836411606,0.03354440569174422,-0.6582237723302314,13550.6886603514
ppo_hybrid_regime_aware_policy_seed_23,2021-01-12,13462.188699423756,0.0002112191284424636,0.0,1.0,0.0,0.00021119682482293237,0.006531030499327314,0.03861256112704237,-0.4554975549183051,13459.345828128533
ppo_hybrid_regime_aware_policy_seed_23,2021-01-13,13498.442087509076,0.0026929787492038226,0.0,1.0,0.0,0.002689359178759961,0.003855639676468532,0.03692195787773249,-0.5231216848907005,13462.188699423756
ppo_hybrid_regime_aware_policy_seed_23,2021-01-14,13451.170810596246,-0.003501980199372312,0.0,1.0,0.0,-0.00362834144642406,0.007344117502037906,0.03446057758146864,-0.6215768967412542,13498.442087509076
ppo_hybrid_regime_aware_policy_seed_23,2021-01-15,13353.076023465794,-0.007292657904037436,0.0,1.0,0.0,-0.007583551874339798,0.014583217269525932,0.036492458511903074,-0.5403016595238772,13451.170810596246
ppo_hybrid_regime_aware_policy_seed_23,2021-01-19,13457.923850155223,0.007851960589842832,0.0,1.0,0.0,0.007821294369327474,0.006845763526956509,0.038631082981881074,-0.4547566807247573,13353.076023465794
ppo_hybrid_regime_aware_policy_seed_23,2021-01-20,13644.163917208538,0.013838692292137411,0.0,1.0,0.0,0.013743811934587761,0.0,0.03617415672213747,-0.5530337311145016,13457.923850155223
ppo_hybrid_regime_aware_policy_seed_23,2021-01-21,13656.602699357964,0.0009116558716901757,0.0,1.0,0.0,0.0009112405658674767,0.0,0.03254499212010936,-0.6982003151956254,13644.163917208538
ppo_hybrid_regime_aware_policy_seed_23,2021-01-22,13608.26629477939,-0.0035394164744094736,0.0,1.0,0.0,-0.0036584923980505493,0.003539416474409506,0.03186891699365366,-0.7252433202538535,13656.602699357964
ppo_hybrid_regime_aware_policy_seed_23,2021-01-25,13661.934845595024,0.003943819855746211,0.0,1.0,0.0,0.003936063384946354,0.0,0.032991898981228195,-0.6803240407508724,13608.26629477939
ppo_hybrid_regime_aware_policy_seed_23,2021-01-26,13640.609514600963,-0.001560930514972858,0.0,1.0,0.0,-0.001617726944937319,0.0015609305149729116,0.03560498572564121,-0.5758005709743513,13661.934845595024
ppo_hybrid_regime_aware_policy_seed_23,2021-01-27,13307.226724526272,-0.024440461382450485,0.0,1.0,0.0,-0.02560261540227145,0.025963242035451476,0.03518226416344479,-0.5927094334622085,13640.609514600963
ppo_hybrid_regime_aware_policy_seed_23,2021-01-28,13421.671546721293,0.008600200820512827,0.0,1.0,0.0,0.008563429768650509,0.017586330310395148,0.06537264984857856,0.6149059939431424,13307.226724526272
ppo_hybrid_regime_aware_policy_seed_23,2021-01-29,13152.975196289744,-0.02001958917681801,0.0,1.0,0.0,-0.021211197259560898,0.037253848379271245,0.050260575984275795,0.0104230393710318,13421.671546721293
ppo_hybrid_regime_aware_policy_seed_23,2021-02-01,13246.529670717173,0.007112799426081118,0.54,0.464103325558407,0.535896674441593,0.0036856227820270485,0.030406028104561552,0.05631594427232633,0.2526377708930529,13145.872589683748
ppo_hybrid_regime_aware_policy_seed_23,2021-02-02,13332.637057701706,0.0065003732392554525,0.004103325558406978,0.4634897327794278,0.5365102672205722,0.0038811819381705664,0.02410330539670905,0.05007820689497301,0.0031282757989204,13246.475315893415
ppo_hybrid_regime_aware_policy_seed_23,2021-02-03,13337.41299098356,0.0003582137022992704,0.0034897327794277677,0.4601952499137481,0.539804750086252,-0.002239085040080601,0.023753725828673477,0.03989160436759642,-0.4043358252961432,13332.590530361129
ppo_hybrid_regime_aware_policy_seed_23,2021-02-04,13407.141389088443,0.005228030214856627,0.00019524991374808565,0.4628085585221619,0.537191441477838,0.002622118635399648,0.018649880810164526,0.0340664856113921,-0.6373405755443162,13337.410386854823
ppo_hybrid_regime_aware_policy_seed_23,2021-02-05,13431.377224381073,0.0018076810402218868,0.002808558522161886,0.46097590026691215,0.5390240997330878,-0.0007901636866056552,0.016875912805885563,0.03149537975938607,-0.7401848096245571,13407.103734347236
ppo_hybrid_regime_aware_policy_seed_23,2021-02-08,13521.085703649489,0.006679023138861373,0.5390240997330878,1.0,0.0,0.005848281134989174,0.010309604279144144,0.029443976678398067,-0.8222409328640775,13424.137388364525
ppo_hybrid_regime_aware_policy_seed_23,2021-02-09,13512.083080830906,-0.0006658210010571652,0.0,1.0,0.0,-0.0006859158740915472,0.010968560929159649,0.03015845699709372,-0.7936617201162512,13521.085703649489
ppo_hybrid_regime_aware_policy_seed_23,2021-02-10,13506.196506685092,-0.00043565260149747154,0.0,1.0,0.0,-0.0004490643783736307,0.011399435048553648,0.030906596873317482,-0.7637361250673007,13512.083080830906
ppo_hybrid_regime_aware_policy_seed_23,2021-02-11,13528.009904040355,0.0016150658954552366,0.0,1.0,0.0,0.0016137630790994486,0.009802779991872837,0.03158991856785205,-0.7364032572859182,13506.196506685092
ppo_hybrid_regime_aware_policy_seed_23,2021-02-12,13594.835358842665,0.004939784585931806,0.0,1.0,0.0,0.004927623881120012,0.0049114190274442224,0.029842419401471667,-0.8063032239411334,13528.009904040355
ppo_hybrid_regime_aware_policy_seed_23,2021-02-16,13583.062210551041,-0.0008660015352055517,0.0,1.0,0.0,-0.0008895764747609374,0.005773167266231953,0.026921718609342195,-0.9231312556263124,13594.835358842665
ppo_hybrid_regime_aware_policy_seed_23,2021-02-17,13586.17931586968,0.00022948472666328712,0.0,1.0,0.0,0.00022945839907117775,0.005545007393280718,0.030076318170024985,-0.7969472731990006,13583.062210551041
ppo_hybrid_regime_aware_policy_seed_23,2021-02-18,13528.356483885951,-0.004256003887434856,0.0,1.0,0.0,-0.004392292652123677,0.009777411707693959,0.030055304561741072,-0.7977878175303572,13586.17931586968
ppo_hybrid_regime_aware_policy_seed_23,2021-02-19,13504.46572074884,-0.0017659767589336406,0.0,1.0,0.0,-0.0018237132481041844,0.011526121784789243,0.03212385785362392,-0.7150456858550434,13528.356483885951
ppo_hybrid_regime_aware_policy_seed_23,2021-02-22,13400.59320507301,-0.007691716045917785,0.0,1.0,0.0,-0.007957470335582128,0.019129182174827727,0.031042825149638516,-0.7582869940144594,13504.46572074884
ppo_hybrid_regime_aware_policy_seed_23,2021-02-23,13416.866608128057,0.0012143793044092632,0.0,1.0,0.0,0.0012136425422739111,0.017938032953361903,0.03407397610613879,-0.6370409557544483,13400.59320507301
ppo_hybrid_regime_aware_policy_seed_23,2021-02-24,13564.711441714142,0.011019326486895187,0.0,1.0,0.0,0.010959056064222558,0.007116371508112514,0.03333817726759546,-0.6664729092961816,13416.866608128057
ppo_hybrid_regime_aware_policy_seed_23,2021-02-25,13237.859174522526,-0.024095777385022887,0.0,1.0,0.0,-0.025095861115279845,0.031040674389486756,0.029469245887495134,-0.8212301645001946,13564.711441714142
ppo_hybrid_regime_aware_policy_seed_23,2021-02-26,13169.649513629563,-0.005152620223082494,0.0,1.0,0.0,-0.005397067284126486,0.03603335380597182,0.04629308581857749,-0.1482765672569006,13237.859174522526
ppo_hybrid_regime_aware_policy_seed_23,2021-03-01,13309.306662211671,0.010604469651039228,0.54,0.46595486542191844,0.5340451345780816,0.007146636635571349,0.025810998761793214,0.04428983811777144,-0.2284064752891423,13162.537902892203
ppo_hybrid_regime_aware_policy_seed_23,2021-03-02,13261.454190475106,-0.003595414318044887,0.0059548654219184205,0.4580546977279418,0.5419453022720582,-0.006322468199860011,0.02931361184532686,0.03415808261634375,-0.6336766953462498,13309.227407081638
ppo_hybrid_regime_aware_policy_seed_23,2021-03-03,13180.62618443659,-0.006094957979538074,0.001945302272058247,0.45668959638333756,0.5433104036166625,-0.008921057809345035,0.03522990459243919,0.03592313793935343,-0.5630744824258629,13261.428392938138
ppo_hybrid_regime_aware_policy_seed_23,2021-03-04,13114.639566619335,-0.005006334061364415,0.05668959638333754,0.39701527076940035,0.6029847292305996,-0.008505583841423327,0.04005986598246382,0.04174810023111462,-0.3300759907554155,13179.878980058116
ppo_hybrid_regime_aware_policy_seed_23,2021-03-05,13211.105951967153,0.007355626119787129,0.0029847292305996698,0.404382927334627,0.595617072665373,0.004124228339865123,0.03299890525925255,0.04602287685430852,-0.1590849258276594,13114.60042297127
ppo_hybrid_regime_aware_policy_seed_23,2021-03-08,13184.738166907391,-0.001995880220447055,0.004382927334626974,0.39880271198065653,0.6011972880193435,-0.00527665125276841,0.034928923617396246,0.037410119905136006,-0.5035952037945599,13211.048048649754
ppo_hybrid_regime_aware_policy_seed_23,2021-03-09,13260.020398051445,0.005709800998020986,0.0011972880193434898,0.40340714485254475,0.5965928551474553,0.0024917659377439788,0.029418559822305606,0.03934804975331914,-0.4260780098672345,13184.722380978346
ppo_hybrid_regime_aware_policy_seed_23,2021-03-10,13292.990363045965,0.002486418874541485,0.00340714485254473,0.4014901903741634,0.5985098096258366,-0.0007217778677717649,0.02700528781016817,0.036271768876695774,-0.5491292449321689,13259.975219241202
ppo_hybrid_regime_aware_policy_seed_23,2021-03-11,13346.882354119474,0.0040541661132416085,0.0014901903741633693,0.40242356823396236,0.5975764317660377,0.0008437348407041,0.0230606056196448,0.03310547895144677,-0.6757808419421294,13292.970553959682
ppo_hybrid_regime_aware_policy_seed_23,2021-03-12,13354.382063700843,0.0005619072216556109,0.05757643176603766,0.46033433330854723,0.5396656666914528,-0.0021166152367424213,0.022511656318822532,0.03176640687219296,-0.7293437251122816,13346.113888258324
ppo_hybrid_regime_aware_policy_seed_23,2021-03-15,13426.77203397247,0.005420690371619186,0.5396656666914528,1.0,0.0,0.004596552808254096,0.017212994665860053,0.028752127010550223,-0.8499149195779911,13347.175162201183
ppo_hybrid_regime_aware_policy_seed_23,2021-03-16,13409.836573325747,-0.001261320338490357,0.0,1.0,0.0,-0.0012959039601354795,0.01845260390409198,0.027256563262951797,-0.9097374694819284,13426.77203397247
ppo_hybrid_regime_aware_policy_seed_23,2021-03-17,13455.562523803594,0.0034098812634899556,0.0,1.0,0.0,0.0034040808005609087,0.015105643828917124,0.02604513488819269,-0.9581946044722924,13409.836573325747
ppo_hybrid_regime_aware_policy_seed_23,2021-03-18,13259.788640073837,-0.014549661776192768,0.0,1.0,0.0,-0.015001530197197972,0.02943552359648748,0.024074456780145366,-1.0370217287941854,13455.562523803594
ppo_hybrid_regime_aware_policy_seed_23,2021-03-19,13192.046797486952,-0.005108817676184985,0.0,1.0,0.0,-0.00526992853106764,0.034393960549414924,0.029851388555974363,-0.8059444577610255,13259.788640073837
ppo_hybrid_regime_aware_policy_seed_23,2021-03-22,13233.352438010557,0.0031311017280104547,0.54,0.46197620722726146,0.5380237927727385,-0.0002757899627440502,0.0313705498107139,0.027642121279754118,-0.8943151488098354,13184.923092216308
ppo_hybrid_regime_aware_policy_seed_23,2021-03-23,13122.131582021466,-0.008404586555832094,0.5380237927727385,1.0,0.0,-0.00941897804708462,0.03951147986535781,0.02110792203142415,-1.155683118743034,13226.23257954076
ppo_hybrid_regime_aware_policy_seed_23,2021-03-24,13055.42563928348,-0.005083468514321177,0.0,1.0,0.0,-0.005219163946080123,0.04439409301582926,0.025136263281710883,-0.9945494687315648,13122.131582021466
ppo_hybrid_regime_aware_policy_seed_23,2021-03-25,13082.141839560063,0.002046367618700584,0.54,0.461393786314916,0.538606213685084,-0.0013577233394214423,0.042438572031537815,0.02769404119966076,-0.8922383520135697,13048.375709438267
ppo_hybrid_regime_aware_policy_seed_23,2021-03-26,13285.800316543126,0.015567670759172092,0.538606213685084,1.0,0.0,0.014639828369724037,0.027531570989242006,0.022637763704924947,-1.0944894518030022,13075.095716676966
ppo_hybrid_regime_aware_policy_seed_23,2021-03-29,13279.089568096835,-0.0005051068273195236,0.0,1.0,0.0,-0.0005144860241314681,0.028022771432088072,0.018834647892619922,-1.2466140842952032,13285.800316543126
ppo_hybrid_regime_aware_policy_seed_23,2021-03-30,13243.860698544951,-0.002652958199523048,0.0,1.0,0.0,-0.0027199979721065685,0.030601386390367018,0.02463122396755742,-1.0147510412977032,13279.089568096835
ppo_hybrid_regime_aware_policy_seed_23,2021-03-31,13297.54259044945,0.0040533416294838975,0.0,1.0,0.0,0.004045148971267885,0.026672082634259103,0.019910210127473273,-1.2035915949010692,13243.860698544951
ppo_hybrid_regime_aware_policy_seed_23,2021-04-01,13441.143801518536,0.010799078859294209,0.0,1.0,0.0,0.010741185232806828,0.016161037698673924,0.01869742887040874,-1.2521028451836504,13297.54259044945
ppo_hybrid_regime_aware_policy_seed_23,2021-04-05,13634.066044310131,0.01435311202978129,0.0,1.0,0.0,0.014251081264420035,0.0020398868534992408,0.009489465915814767,-1.6204213633674094,13441.143801518536
ppo_hybrid_regime_aware_policy_seed_23,2021-04-06,13626.013965307748,-0.0005905853012750928,0.0,1.0,0.0,-0.0005974788629223338,0.0026292674275824237,0.01140026962139275,-1.54398921514429,13634.066044310131
ppo_hybrid_regime_aware_policy_seed_23,2021-04-07,13641.78330263172,0.0011572964304984446,0.0,1.0,0.0,0.0011566272792055982,0.0014750138388927433,0.012083793005108852,-1.516648279795646,13626.013965307748
ppo_hybrid_regime_aware_policy_seed_23,2021-04-08,13706.53782708095,0.004746778556197873,0.0,1.0,0.0,0.004735548127749245,0.0,0.007803100232462479,-1.6878759907015009,13641.78330263172
ppo_hybrid_regime_aware_policy_seed_23,2021-04-09,13806.186400401268,0.007270149076117116,0.0,1.0,0.0,0.007243848936019295,0.0,0.00658985789953504,-1.7364056840185984,13706.53782708095
ppo_hybrid_regime_aware_policy_seed_23,2021-04-12,13811.219973694211,0.0003645882466716266,0.0,1.0,0.0,0.0003645218005266528,0.0,0.005385519910530667,-1.7845792035787733,13806.186400401268
ppo_hybrid_regime_aware_policy_seed_23,2021-04-13,13852.152057900632,0.002963683460576405,0.0,1.0,0.0,0.002959300408599511,0.0,0.006433727154467179,-1.7426509138213129,13811.219973694211
ppo_hybrid_regime_aware_policy_seed_23,2021-04-14,13804.845069845176,-0.003415136352656001,0.0,1.0,0.0,-0.0034391843065071227,0.0034151363526560533,0.005330113537976595,-1.7867954584809362,13852.152057900632
ppo_hybrid_regime_aware_policy_seed_23,2021-04-15,13953.1429856935,0.01074245419619091,0.0,1.0,0.0,0.010685163961720182,0.0,0.0071464545461601805,-1.7141418181535928,13804.845069845176
ppo_hybrid_regime_aware_policy_seed_23,2021-04-16,13999.780332387367,0.0033424259137662116,0.0,1.0,0.0,0.0033368524241360826,0.0,0.005291580009714969,-1.7883367996114012,13953.1429856935
ppo_hybrid_regime_aware_policy_seed_23,2021-04-19,13930.998744520492,-0.004913047650308866,0.0,1.0,0.0,-0.004944495139794793,0.004913047650308812,0.003936211406211976,-1.842551543751521,13999.780332387367
ppo_hybrid_regime_aware_policy_seed_23,2021-04-20,13829.002330768782,-0.007321543531961572,0.0,1.0,0.0,-0.0074139819703394425,0.012198620090024065,0.008990973967739553,-1.640361041290418,13930.998744520492
ppo_hybrid_regime_aware_policy_seed_23,2021-04-21,13959.853734139793,0.009462100030157128,0.0,1.0,0.0,0.009417614757574543,0.0028519446233885963,0.015341882157328686,-1.3863247137068526,13829.002330768782
ppo_hybrid_regime_aware_policy_seed_23,2021-04-22,13832.356681075473,-0.009133122416069228,0.0,1.0,0.0,-0.009259594496551914,0.011959019880088606,0.00927953487736038,-1.6288186049055848,13959.853734139793
ppo_hybrid_regime_aware_policy_seed_23,2021-04-23,13982.332795993598,0.010842412350696051,0.0,1.0,0.0,0.01078405484306848,0.001246272154242704,0.015093449053306862,-1.3962620378677255,13832.356681075473
ppo_hybrid_regime_aware_policy_seed_23,2021-04-26,14011.522606293694,0.002087620908898691,0.0,1.0,0.0,0.002085444856357964,0.0,0.00809514221307392,-1.6761943114770432,13982.332795993598
ppo_hybrid_regime_aware_policy_seed_23,2021-04-27,14008.503076667801,-0.00021550331899955477,0.0,1.0,0.0,-0.00021765706780827989,0.00021550331899954764,0.00988627294333358,-1.6045490822666568,14011.522606293694
ppo_hybrid_regime_aware_policy_seed_23,2021-04-28,14004.477037166609,-0.00028739969425406464,0.0,1.0,0.0,-0.0002902585852677938,0.0005028410776656545,0.009805825102967375,-1.607766995881305,14008.503076667801
ppo_hybrid_regime_aware_policy_seed_23,2021-04-29,14093.724667136696,0.006372792767143753,0.0,1.0,0.0,0.006352572384720713,0.0,0.008715098456136794,-1.6513960617545282,14004.477037166609
ppo_hybrid_regime_aware_policy_seed_23,2021-04-30,14001.121662943466,-0.006570513216364926,0.0,1.0,0.0,-0.0066628191752421476,0.00657051321636492,0.010748797375832604,-1.570048104966696,14093.724667136696
ppo_hybrid_regime_aware_policy_seed_23,2021-05-03,14031.319007035316,0.0021567803508037997,0.0,1.0,0.0,0.0021544578388955128,0.004427904019360863,0.01603524655115154,-1.3585901379539385,14001.121662943466
ppo_hybrid_regime_aware_policy_seed_23,2021-05-04,13944.755062093871,-0.00616933767224892,0.0,1.0,0.0,-0.006278236853358139,0.010569924456534001,0.014618997867705319,-1.4152400852917872,14031.319007035316
ppo_hybrid_regime_aware_policy_seed_23,2021-05-05,13949.116946192313,0.00031279746965928723,0.0,1.0,0.0,0.0003127485587299854,0.010260433232499186,0.020737437221257527,-1.170502511149699,13944.755062093871
ppo_hybrid_regime_aware_policy_seed_23,2021-05-06,14060.50881733541,0.007985585867032574,0.0,1.0,0.0,0.007953869811847956,0.002356782936077691,0.0192385361239378,-1.230458555042488,13949.116946192313
ppo_hybrid_regime_aware_policy_seed_23,2021-05-07,14162.84107568437,0.007277991122397465,0.0,1.0,0.0,0.007251634350647923,0.0,0.01552326184246179,-1.3790695263015285,14060.50881733541
ppo_hybrid_regime_aware_policy_seed_23,2021-05-10,14022.59523883843,-0.009902380186043502,0.0,1.0,0.0,-0.010022168860099448,0.009902380186043454,0.0071128371884880805,-1.7154865124604768,14162.84107568437
ppo_hybrid_regime_aware_policy_seed_23,2021-05-11,13897.447050121957,-0.008924752271951109,0.0,1.0,0.0,-0.009165340280429977,0.018738756167931418,0.022692997003788698,-1.0922801198484522,14022.59523883843
ppo_hybrid_regime_aware_policy_seed_23,2021-05-12,13602.192548981402,-0.021245233032779476,0.0,1.0,0.0,-0.02218450646055468,0.03958587995917875,0.03407401631400013,-0.6370393474399949,13897.447050121957
ppo_hybrid_regime_aware_policy_seed_23,2021-05-13,13659.350653428617,0.004202124344394376,0.6,0.40286921779668394,0.5971307822033161,9.332007569511319e-05,0.03555010040465508,0.06394832776100651,0.5579331104402602,13594.031233452013
ppo_hybrid_regime_aware_policy_seed_23,2021-05-14,13743.208796012359,0.006139248102741357,0.0028692177966839205,0.40366278365471986,0.5963372163452801,0.002916175869179151,0.02962910318837517,0.04096994860392691,-0.3612020558429238,13659.311461776631
ppo_hybrid_regime_aware_policy_seed_23,2021-05-17,13729.170541838617,-0.0010214684490433834,0.0036627836547198367,0.39938869216910483,0.6006113078308952,-0.004245886536949925,0.030620306443338147,0.018565171066338843,-1.2573931573464463,13743.158457611818
ppo_hybrid_regime_aware_policy_seed_23,2021-05-18,13673.930082827661,-0.004023583132179431,0.06061130783089519,0.45785134994272436,0.5421486500572756,-0.0068064181178250195,0.03452068622700998,0.023536588679378953,-1.058536452824842,13728.338398856644
ppo_hybrid_regime_aware_policy_seed_23,2021-05-19,13658.79982885917,-0.0011065036808615147,0.05785134994272434,0.39937011162764624,0.6006298883723538,-0.0044283026775134675,0.0355889926414954,0.032209246444270596,-0.7116301422291762,13673.139027513347
ppo_hybrid_regime_aware_policy_seed_23,2021-05-20,13717.567492462671,0.0043025495899964294,0.0006298883723537818,0.402570846492499,0.5974291535075009,0.0010923752550748395,0.031439566457197025,0.036773477719443406,-0.5290608912222639,13658.791225339977
ppo_hybrid_regime_aware_policy_seed_23,2021-05-21,13711.613837179662,-0.00043401683908461663,0.057429153507500996,0.45979655435095085,0.5402034456490492,-0.003124431993760265,0.031859937995025706,0.028967736274701058,-0.8412905490119578,13716.779704173397
ppo_hybrid_regime_aware_policy_seed_23,2021-05-24,13766.702551514554,0.004017668159929988,0.059796554350950826,0.4024366890206746,0.5975633109793255,0.0007199240520266784,0.0279702724935557,0.026413356861834332,-0.9434657255266268,13710.793929917609
ppo_hybrid_regime_aware_policy_seed_23,2021-05-25,13751.86041775047,-0.0010781182863903727,0.05756331097932543,0.4594483055213723,0.5405516944786277,-0.0037753401467465375,0.029018235517695445,0.017457969312828957,-1.3016812274868417,13765.910094534422
ppo_hybrid_regime_aware_policy_seed_23,2021-05-26,13764.406784734474,0.0009123396109962378,0.00055169447862774,0.46049251196678026,0.5395074880332198,-0.0016809038595449308,0.028132370392403246,0.02002092485893476,-1.1991630056426097,13751.852830925007
ppo_hybrid_regime_aware_policy_seed_23,2021-05-27,13764.202853341762,-1.4815850468696823e-05,0.5395074880332198,1.0,0.0,-0.0008242585391119263,0.028146769437878853,0.012594365224445209,-1.4962253910221917,13756.980784205774
ppo_hybrid_regime_aware_policy_seed_23,2021-05-28,13768.089522723154,0.0002823751889451387,0.54,0.46044395723952114,0.5395560427604789,-0.003119664671424984,0.027872342198271866,0.009744899090645659,-1.6102040363741736,13756.770183800956
ppo_hybrid_regime_aware_policy_seed_23,2021-06-01,13748.539694491688,-0.0014199376172852052,0.5395560427604789,1.0,0.0,-0.0022444174039490308,0.02925270282838795,0.0102412771526472,-1.590348913894112,13760.660866823902
ppo_hybrid_regime_aware_policy_seed_23,2021-06-02,13770.160650682423,0.0015726001939970757,0.0,1.0,0.0,0.0015713649531690686,0.027726105440533715,0.01645422705915261,-1.3418309176338956,13748.539694491688
ppo_hybrid_regime_aware_policy_seed_23,2021-06-03,13719.05457287987,-0.0037113639483952188,0.0,1.0,0.0,-0.003770930432113318,0.03133456772076752,0.014594106988504614,-1.4162357204598155,13770.160650682423
ppo_hybrid_regime_aware_policy_seed_23,2021-06-04,13844.527302180233,0.00914587289042501,0.0,1.0,0.0,0.009104302666706848,0.022475276803793055,0.01774468399505986,-1.2902126401976055,13719.05457287987
ppo_hybrid_regime_aware_policy_seed_23,2021-06-07,13831.095435611174,-0.0009701932233500132,0.0,1.0,0.0,-0.0009799570286168177,0.023423664665895072,0.009798589337747798,-1.608056426490088,13844.527302180233
ppo_hybrid_regime_aware_policy_seed_23,2021-06-08,13834.043747819002,0.00021316548797978285,0.0,1.0,0.0,0.00021314277144534677,0.02321549229482405,0.010166005373257049,-1.593359785069718,13831.095435611174
ppo_hybrid_regime_aware_policy_seed_23,2021-06-09,13813.404562597438,-0.0014919126755557066,0.0,1.0,0.0,-0.0015131367993817626,0.024672769483155877,0.01379978643037243,-1.4480085427851028,13834.043747819002
ppo_hybrid_regime_aware_policy_seed_23,2021-06-10,13877.614583468148,0.004648384877148359,0.0,1.0,0.0,0.004637614499841,0.020139073134550347,0.01822976217311321,-1.2708095130754715,13813.404562597438
ppo_hybrid_regime_aware_policy_seed_23,2021-06-11,13900.547233662503,0.0016524922245406692,0.0,1.0,0.0,0.0016511283615731592,0.018519860571773916,0.009569479457681425,-1.617220821692743,13877.614583468148
ppo_hybrid_regime_aware_policy_seed_23,2021-06-14,13931.6699732453,0.002238957866883773,0.0,1.0,0.0,0.0022364551356958834,0.016322367892410965,0.007074029145953143,-1.7170388341618743,13900.547233662503
ppo_hybrid_regime_aware_policy_seed_23,2021-06-15,13906.116934344023,-0.0018341691233246804,0.0,1.0,0.0,-0.0018556627287553832,0.01812659903252787,0.01097944556402688,-1.5608221774389248,13931.6699732453
ppo_hybrid_regime_aware_policy_seed_23,2021-06-16,13828.47404713748,-0.005583362168830042,0.0,1.0,0.0,-0.0056779612269050725,0.023608753834070097,0.014401970006745835,-1.4239211997301666,13906.116934344023
ppo_hybrid_regime_aware_policy_seed_23,2021-06-17,13823.888116958673,-0.00033162951770204785,0.0,1.0,0.0,-0.00033829973750790964,0.023932553992124624,0.02042994239640051,-1.1828023041439797,13828.47404713748
ppo_hybrid_regime_aware_policy_seed_23,2021-06-18,13592.92799611124,-0.01670731988666041,0.0,1.0,0.0,-0.017150288102236434,0.04024002504353385,0.01850849053591754,-1.2596603785632985,13823.888116958673
ppo_hybrid_regime_aware_policy_seed_23,2021-06-21,13675.053455323936,0.006041778433328648,0.54,0.4635328158633056,0.5364671841366944,0.0026216000730136684,0.03444136792566975,0.03414808293182974,-0.6340766827268104,13585.587814993341
ppo_hybrid_regime_aware_policy_seed_23,2021-06-22,13708.635402910959,0.002455708688579028,0.0035328158633055606,0.46132473724363954,0.5386752627563605,-0.00014460086048345984,0.03207023720355224,0.01938869198771405,-1.2244523204914382,13675.005143878157
ppo_hybrid_regime_aware_policy_seed_23,2021-06-23,13701.016592963706,-0.0005557672024477656,0.0013247372436395177,0.4597004345801544,0.5402995654198456,-0.003156949105664236,0.0326081808199876,0.013087433885494172,-1.4765026445802332,13708.617242571081
ppo_hybrid_regime_aware_policy_seed_23,2021-06-24,13738.296360203882,0.0027209489885093863,0.00029956541984560436,0.46146548670455556,0.5385345132954444,0.00012480455991326913,0.02997595702809743,0.011558404010007623,-1.537663839599695,13701.012488612918
ppo_hybrid_regime_aware_policy_seed_23,2021-06-25,13760.723828385851,0.0016324781176606518,0.0014654867045555409,0.4608808915102428,0.5391191084897572,-0.0009630511563952632,0.02839241400434109,0.009879983560573059,-1.6048006575770777,13738.276226913222
ppo_hybrid_regime_aware_policy_seed_23,2021-06-28,13781.030859737148,0.001475724068337625,0.5391191084897572,1.0,0.0,0.0006659575949141566,0.026958589304707865,0.008288834115802363,-1.6684466353679055,13753.305159223319
ppo_hybrid_regime_aware_policy_seed_23,2021-06-29,13788.446090026091,0.0005380751530430494,0.0,1.0,0.0,0.000537930442515654,0.02643501989873082,0.009174391303526753,-1.63302434785893,13781.030859737148
ppo_hybrid_regime_aware_policy_seed_23,2021-06-30,13800.051510815314,0.0008416772066590639,0.0,1.0,0.0,0.0008413231950273803,0.025615592445778046,0.01084835145450519,-1.5660659418197924,13788.446090026091
ppo_hybrid_regime_aware_policy_seed_23,2021-07-01,13876.456815875601,0.005536595642444242,0.0,1.0,0.0,0.005521325035644419,0.020220819980847664,0.010140224305425211,-1.5943910277829916,13800.051510815314
ppo_hybrid_regime_aware_policy_seed_23,2021-07-02,13982.522058247914,0.007643539253548326,0.0,1.0,0.0,0.00761447541383626,0.012731839358561899,0.008636282474900175,-1.654548701003993,13876.456815875601
ppo_hybrid_regime_aware_policy_seed_23,2021-07-06,13957.053295279908,-0.001821471324122359,0.0,1.0,0.0,-0.0018354739646252965,0.014530120002389279,0.006863080296662139,-1.7254767881335145,13982.522058247914
ppo_hybrid_regime_aware_policy_seed_23,2021-07-07,14006.378301321593,0.003534055863952723,0.0,1.0,0.0,0.0035278257625641373,0.011047414394234917,0.014555396542187788,-1.4177841383124885,13957.053295279908
ppo_hybrid_regime_aware_policy_seed_23,2021-07-08,13892.25439485259,-0.008147995435639044,0.0,1.0,0.0,-0.008290667996268802,0.019105395547814093,0.013563722714995159,-1.4574510914001937,14006.378301321593
ppo_hybrid_regime_aware_policy_seed_23,2021-07-09,14040.551129881518,0.010674778247933281,0.0,1.0,0.0,0.010618205050717838,0.008634563160692827,0.02878900711215131,-0.8484397155139476,13892.25439485259
ppo_hybrid_regime_aware_policy_seed_23,2021-07-12,14090.843254322306,0.003581919539736189,0.0,1.0,0.0,0.003575519743758136,0.005083571931458982,0.013911014052376686,-1.4435594379049326,14040.551129881518
ppo_hybrid_regime_aware_policy_seed_23,2021-07-13,14042.808067427339,-0.0034089646750015135,0.0,1.0,0.0,-0.0034628740735605846,0.008475206889323274,0.01417771664280359,-1.4328913342878564,14090.843254322306
ppo_hybrid_regime_aware_policy_seed_23,2021-07-14,14063.76295530371,0.0014922149313552069,0.0,1.0,0.0,0.0014911026849908,0.006995638788234615,0.019441052561506494,-1.2223578975397402,14042.808067427339
ppo_hybrid_regime_aware_policy_seed_23,2021-07-15,14015.72776840874,-0.0034155287633637066,0.0,1.0,0.0,-0.003473771300641499,0.010387273746099036,0.01544868589306101,-1.3820525642775596,14063.76295530371
ppo_hybrid_regime_aware_policy_seed_23,2021-07-16,13905.794052440018,-0.007843596692603483,0.0,1.0,0.0,-0.00802485423780885,0.01814939685270248,0.019367734202478205,-1.2252906319008718,14015.72776840874
ppo_hybrid_regime_aware_policy_seed_23,2021-07-19,13700.434380332847,-0.014767921294730924,0.0,1.0,0.0,-0.015274109555496863,0.032649289283165864,0.027314471037524924,-0.9074211584990032,13905.794052440018
ppo_hybrid_regime_aware_policy_seed_23,2021-07-20,13896.767286100487,0.014330414665499891,0.0,1.0,0.0,0.014228704817839114,0.018786752471627647,0.049240950800894114,-0.0303619679642356,13700.434380332847
ppo_hybrid_regime_aware_policy_seed_23,2021-07-21,14009.2796565189,0.008096298088761111,0.0,1.0,0.0,0.008063698904327666,0.010842557530996595,0.03438647808118413,-0.6245408767526351,13896.767286100487
ppo_hybrid_regime_aware_policy_seed_23,2021-07-22,14038.616893083314,0.002094128840576248,0.0,1.0,0.0,0.00209193920915645,0.008771134402851667,0.02474806989878477,-1.0100772040486092,14009.2796565189
ppo_hybrid_regime_aware_policy_seed_23,2021-07-23,14097.437616563606,0.004189922976619798,0.54,0.4625435013326996,0.5374564986673004,0.0007791696912211229,0.00461796180379743,0.02375447765055766,-1.0498208939776936,14031.036039961049
ppo_hybrid_regime_aware_policy_seed_23,2021-07-26,14124.449347455973,0.0019160738019958767,0.5374564986673004,1.0,0.0,0.0011080557260750939,0.00271073635743253,0.02135018880802197,-1.1459924476791212,14089.860857102027
ppo_hybrid_regime_aware_policy_seed_23,2021-07-27,14060.076187994497,-0.00455756949371422,0.0,1.0,0.0,-0.004675254077881235,0.00725595148181857,0.023600027142516872,-1.0559989142993251,14124.449347455973
ppo_hybrid_regime_aware_policy_seed_23,2021-07-28,14054.310625119086,-0.0004100662612578354,0.0,1.0,0.0,-0.0004236955672515371,0.007663042322180371,0.033273177604473236,-0.6690728958210704,14060.076187994497
ppo_hybrid_regime_aware_policy_seed_23,2021-07-29,14112.599595921563,0.00414740874577646,0.0,1.0,0.0,0.004138831952258488,0.0035474153451501927,0.02781015605566003,-0.8875937577735988,14054.310625119086
ppo_hybrid_regime_aware_policy_seed_23,2021-07-30,14044.062798919953,-0.004856426098946209,0.0,1.0,0.0,-0.0049878929865137586,0.00838661368363036,0.024722303771882143,-1.0111078491247143,14112.599595921563
ppo_hybrid_regime_aware_policy_seed_23,2021-08-02,14014.597732975717,-0.002098044302856761,0.0,1.0,0.0,-0.0021580299850914985,0.010467062499427872,0.02777367249418481,-0.8890531002326078,14044.062798919953
ppo_hybrid_regime_aware_policy_seed_23,2021-08-03,14128.612984996109,0.008135463763766726,0.0,1.0,0.0,0.008102549274361074,0.002416753143338275,0.03440562147380892,-0.6237751410476433,14014.597732975717
ppo_hybrid_regime_aware_policy_seed_23,2021-08-04,14059.115423745212,-0.004918923133127029,0.0,1.0,0.0,-0.005063470154791113,0.007323788453521529,0.026983563705422,-0.92065745178312,14128.612984996109
ppo_hybrid_regime_aware_policy_seed_23,2021-08-05,14148.149827904499,0.006332859605726826,0.0,1.0,0.0,0.006312891310267438,0.0010373093718528952,0.026768587138260358,-0.9292565144695858,14059.115423745212
ppo_hybrid_regime_aware_policy_seed_23,2021-08-06,14171.528750430325,0.0016524367362660275,0.0,1.0,0.0,0.001651072964839652,0.0,0.023273963616525353,-1.069041455338986,14148.149827904499
ppo_hybrid_regime_aware_policy_seed_23,2021-08-09,14159.999579438909,-0.0008135446213638486,0.0,1.0,0.0,-0.000828124950951355,0.0008135446213638902,0.01751498589682827,-1.299400564126869,14171.528750430325
ppo_hybrid_regime_aware_policy_seed_23,2021-08-10,14177.613916469028,0.001243950392180615,0.0,1.0,0.0,0.0012431773269283135,0.0,0.020729783714703943,-1.1708086514118423,14159.999579438909
ppo_hybrid_regime_aware_policy_seed_23,2021-08-11,14212.843567908969,0.002484878742467167,0.0,1.0,0.0,0.002481796536168155,0.0,0.021287189165633505,-1.14851243337466,14177.613916469028
ppo_hybrid_regime_aware_policy_seed_23,2021-08-12,14255.438752800192,0.0029969502364324274,0.0,1.0,0.0,0.002992468333533074,0.0,0.01827830552880727,-1.2688677788477092,14212.843567908969
ppo_hybrid_regime_aware_policy_seed_23,2021-08-13,14281.381342290284,0.0018198380239258238,0.0,1.0,0.0,0.0018181841249573095,0.0,0.015502620345718688,-1.3798951861712525,14255.438752800192
ppo_hybrid_regime_aware_policy_seed_23,2021-08-16,14315.00906839495,0.002354655008411921,0.0,1.0,0.0,0.0023518871523535295,0.0,0.01504562491337948,-1.3981750034648208,14281.381342290284
ppo_hybrid_regime_aware_policy_seed_23,2021-08-17,14221.170842989239,-0.00655523338877162,0.0,1.0,0.0,-0.006699778617277867,0.0065552333887715815,0.01875834460757831,-1.2496662156968676,14315.00906839495
ppo_hybrid_regime_aware_policy_seed_23,2021-08-18,14065.520192947206,-0.010944995440988259,0.0,1.0,0.0,-0.011311554435889734,0.01742848183020515,0.028162868743487834,-0.8734852502604865,14221.170842989239
ppo_hybrid_regime_aware_policy_seed_23,2021-08-19,14087.298167517456,0.0015483234371360677,0.0,1.0,0.0,0.0015471260202361639,0.01590714331996054,0.04715235846926156,-0.1139056612295378,14065.520192947206
ppo_hybrid_regime_aware_policy_seed_23,2021-08-20,14199.391891039279,0.00795707751684338,0.0,1.0,0.0,0.007925586914016684,0.008076640175585592,0.04768915402308202,-0.0924338390767193,14087.298167517456
ppo_hybrid_regime_aware_policy_seed_23,2021-08-23,14324.2971077245,0.008796518727259395,0.0,1.0,0.0,0.008758054757839811,0.0,0.03165692384998461,-0.7337230460006157,14199.391891039279
ppo_hybrid_regime_aware_policy_seed_23,2021-08-24,14347.035846544039,0.0015874244054374653,0.0,1.0,0.0,0.0015861657791226762,0.0,0.02451178990758987,-1.0195284036964052,14324.2971077245
ppo_hybrid_regime_aware_policy_seed_23,2021-08-25,14377.141096194562,0.0020983602447592897,0.0,1.0,0.0,0.0020961617618364863,0.0,0.02502918051683676,-0.9988327793265296,14347.035846544039
ppo_hybrid_regime_aware_policy_seed_23,2021-08-26,14292.270329575409,-0.005903174076911433,0.0,1.0,0.0,-0.006056320339755843,0.005903174076911385,0.022979782358250024,-1.080808705669999,14377.141096194562
ppo_hybrid_regime_aware_policy_seed_23,2021-08-27,14420.056861628782,0.008940954033659798,0.0,1.0,0.0,0.008901220366445443,0.0,0.033640519803701634,-0.6543792078519346,14292.270329575409
ppo_hybrid_regime_aware_policy_seed_23,2021-08-30,14483.470234220677,0.004397581313332788,0.0,1.0,0.0,0.0043879402073269185,0.0,0.021257541240342417,-1.1496983503863034,14420.056861628782
ppo_hybrid_regime_aware_policy_seed_23,2021-08-31,14462.011862813715,-0.0014815766566952382,0.0,1.0,0.0,-0.0015129714646680056,0.001481576656695213,0.02044861322597993,-1.1820554709608029,14483.470234220677
ppo_hybrid_regime_aware_policy_seed_23,2021-09-01,14469.697976807995,0.0005314692082394323,0.0,1.0,0.0,0.000531328028499354,0.0009508948608284272,0.02215854011475169,-1.1136583954099324,14462.011862813715
ppo_hybrid_regime_aware_policy_seed_23,2021-09-02,14514.215667577491,0.0030766150641741152,0.0,1.0,0.0,0.0030718919689984346,0.0,0.020506844994370235,-1.1797262002251907,14469.697976807995
ppo_hybrid_regime_aware_policy_seed_23,2021-09-03,14510.692213743643,-0.00024275881759971973,0.0,1.0,0.0,-0.0002481929469618969,0.0002427588175997019,0.02226349067047312,-1.1094603731810753,14514.215667577491
ppo_hybrid_regime_aware_policy_seed_23,2021-09-07,14458.808989522866,-0.003575516829695924,0.0,1.0,0.0,-0.003661849796828764,0.0038174076590576905,0.022358987567693524,-1.105640497292259,14510.692213743643
ppo_hybrid_regime_aware_policy_seed_23,2021-09-08,14441.194652492748,-0.0012182425981892564,0.0,1.0,0.0,-0.0012571260758127134,0.005030999728621986,0.03142803734802457,-0.742878506079017,14458.808989522866
ppo_hybrid_regime_aware_policy_seed_23,2021-09-09,14379.383205236129,-0.004280217028024724,0.0,1.0,0.0,-0.0044198790512218495,0.0092896829859403,0.03063756189113926,-0.7744975243544296,14441.194652492748
ppo_hybrid_regime_aware_policy_seed_23,2021-09-10,14266.008136922026,-0.007884557125706015,0.0,1.0,0.0,-0.00819056941874648,0.017100995075464007,0.03517524490584414,-0.5929902037662343,14379.383205236129
ppo_hybrid_regime_aware_policy_seed_23,2021-09-13,14302.518155774544,0.0025592316015876637,0.0,1.0,0.0,0.002555962345060828,0.014585528880892071,0.0466057717739663,-0.1357691290413482,14266.008136922026
ppo_hybrid_regime_aware_policy_seed_23,2021-09-14,14225.334480529371,-0.005396509510041114,0.0,1.0,0.0,-0.005615385856837725,0.01990332744561845,0.038411118366842904,-0.4635552653262839,14302.518155774544
ppo_hybrid_regime_aware_policy_seed_23,2021-09-15,14264.298392570196,0.0027390506770970102,0.6,0.401997957898324,0.5980020421016761,-0.0013646936864329096,0.017218792991037898,0.03900663998018449,-0.4397344007926204,14216.799279841054
ppo_hybrid_regime_aware_policy_seed_23,2021-09-16,14253.07004832547,-0.0007871641447555477,0.05800204210167603,0.459605942276456,0.540394057723544,-0.0034915304652638228,0.017992403119334973,0.03238489268056606,-0.7046042927773577,14263.471034134278
ppo_hybrid_regime_aware_policy_seed_23,2021-09-17,14168.464367983499,-0.005935961870327744,0.0003940577235440057,0.4567756537850048,0.5432243462149953,-0.00875154764480832,0.02382156277079079,0.03522065743506919,-0.5911737025972323,14253.064431793133
ppo_hybrid_regime_aware_policy_seed_23,2021-09-20,14059.74513730455,-0.007673324917598201,0.003224346214995233,0.4558261181397719,0.5441738818602281,-0.010648519402413913,0.03131209709720371,0.046560968685288334,-0.1375612525884669,14168.418683949041
ppo_hybrid_regime_aware_policy_seed_23,2021-09-21,14053.601586340485,-0.00043696033634099685,0.1158261181397719,0.33978795876237683,0.6602120412376231,-0.00451351498158389,0.03173537528906555,0.07257631892392194,0.9030527569568776,14058.11665160326
ppo_hybrid_regime_aware_policy_seed_23,2021-09-22,14107.58820183626,0.0038414790090712803,0.06021204123762319,0.4023320560856842,0.5976679439143158,0.0005438013086363564,0.02801580705801232,0.06552544140739051,0.6210176562956203,14052.75539030223
ppo_hybrid_regime_aware_policy_seed_23,2021-09-23,14176.118130491826,0.004857664377150295,0.0023320560856841532,0.40290190139689974,0.5970980986031003,0.0016424059113686028,0.023294234068804865,0.04706395053265763,-0.1174419786936952,14107.55530214934
ppo_hybrid_regime_aware_policy_seed_23,2021-09-24,14185.417389129312,0.0006559806113271005,0.00290190139689972,0.4003950703491454,0.5996049296508545,-0.0025485873020039402,0.02265353402338258,0.03525920282040532,-0.5896318871837872,14176.07699279482
ppo_hybrid_regime_aware_policy_seed_23,2021-09-27,14169.178479065915,-0.0011447608214786298,0.00039507034914537664,0.39931259363344535,0.6006874063665546,-0.00438036252815466,0.023772361966643233,0.030704776546989457,-0.771808938120422,14185.411784891512
ppo_hybrid_regime_aware_policy_seed_23,2021-09-28,14054.95477628664,-0.00806142028262491,0.000687406366554677,0.3951242548433463,0.6048757451566538,-0.011580597629688745,0.03164214324834435,0.03627512485045963,-0.5489950059816147,14169.168739082419
ppo_hybrid_regime_aware_policy_seed_23,2021-09-29,14064.348777968622,0.0006683765142974085,0.004875745156653732,0.40040368154440886,0.5995963184555911,-0.002539160367542554,0.030994915599456208,0.06054665794884598,0.421866317953839,14054.886247908962
ppo_hybrid_regime_aware_policy_seed_23,2021-09-30,13995.583403888735,-0.004889339361919487,0.0004036815444088404,0.397052225923955,0.6029477740760449,-0.008371596953930355,0.03573271030051595,0.056916806795580144,0.2766722718232056,14064.343100450586
ppo_hybrid_regime_aware_policy_seed_23,2021-10-01,14062.07234411937,0.004750708728023412,0.0029477740760450177,0.40283870802626315,0.5971612919737368,0.001535038063290972,0.03115175727119309,0.060144534788629356,0.405781391545174,13995.542148070797
ppo_hybrid_regime_aware_policy_seed_23,2021-10-04,13989.494621980726,-0.005161239422082353,0.002838708026263126,0.396888902452257,0.603111097547743,-0.008624912268603922,0.036152215015580254,0.049205411523656005,-0.03178353905376,14062.03242600174
ppo_hybrid_regime_aware_policy_seed_23,2021-10-05,14047.675091675952,0.0041588685844169415,0.0031110975477430247,0.4024868453461943,0.5975131546538057,0.0009455777471267108,0.03214369874244866,0.05944945896778714,0.3779783587114854,13989.451099298314
ppo_hybrid_regime_aware_policy_seed_23,2021-10-06,14070.993267829388,0.0016599313410412542,0.0024868453461942552,0.4009957979555967,0.5990042020444033,-0.0015451750903258806,0.030537123734367087,0.05054108966149027,0.0216435864596108,14047.640157280526
ppo_hybrid_regime_aware_policy_seed_23,2021-10-07,14119.640575950954,0.003457276056892722,0.0009957979555966778,0.402067814108701,0.5979321858912989,0.00024981972013498563,0.02718542294420749,0.04907586910978121,-0.0369652356087516,14070.979255963059
ppo_hybrid_regime_aware_policy_seed_23,2021-10-08,14109.310966496007,-0.0007315773655415247,0.002067814108700994,0.3995619738191008,0.6004380261808993,-0.003964248815358314,0.027897112069650384,0.04117246463227003,-0.3531014147091992,14119.611379158961
ppo_hybrid_regime_aware_policy_seed_23,2021-10-11,14068.445829921828,-0.0028963240424154657,0.0004380261808992203,0.398257421317726,0.601742578682274,-0.006205489447866428,0.030712637035664587,0.037046698052725514,-0.5181320778909795,14109.304786248409
ppo_hybrid_regime_aware_policy_seed_23,2021-10-12,14054.569315410976,-0.000986357318968234,0.0017425786822740097,0.3994086478713283,0.6005913521286717,-0.004231501669827991,0.0316687007203079,0.043975849118189976,-0.2409660352724011,14068.421314548032
ppo_hybrid_regime_aware_policy_seed_23,2021-10-13,14074.786160892982,0.0014384535753677596,0.0005913521286717294,0.4008621867408977,0.5991378132591023,-0.0017634670361138301,0.0302758011007186,0.04324764750611062,-0.2700940997555754,14054.561004211493
ppo_hybrid_regime_aware_policy_seed_23,2021-10-14,14169.472725821544,0.006727389236765191,0.0008621867408976636,0.40400997419685203,0.595990025803148,0.003503568053225723,0.02375208896241285,0.03665111312276417,-0.5339554750894331,14074.774025798974
ppo_hybrid_regime_aware_policy_seed_23,2021-10-15,14218.31611101822,0.003447085586160803,0.05599002580314799,0.46188516251393114,0.5381148374860689,0.0007651729659516158,0.020386878859755694,0.02690861450429365,-0.9236554198282542,14168.679376678008
ppo_hybrid_regime_aware_policy_seed_23,2021-10-18,14252.735991296198,0.002420812704487796,0.5381148374860689,1.0,0.0,0.0016107150015380906,0.018015418970616377,0.023982020010874662,-1.0407191995650136,14210.665024154814
ppo_hybrid_regime_aware_policy_seed_23,2021-10-19,14362.693979813635,0.007714868821297571,0.0,1.0,0.0,0.007685261401572473,0.010439536743437804,0.02423143678293065,-1.030742528682774,14252.735991296198
ppo_hybrid_regime_aware_policy_seed_23,2021-10-20,14419.106658946965,0.003927722696912994,0.0,1.0,0.0,0.003920029332475949,0.0065528176519372965,0.020991904258402968,-1.1603238296638814,14362.693979813635
ppo_hybrid_regime_aware_policy_seed_23,2021-10-21,14456.715111702517,0.0026082373648450563,0.0,1.0,0.0,0.0026048418167514496,0.003961671590937,0.01998647466421105,-1.200541013431558,14419.106658946965
ppo_hybrid_regime_aware_policy_seed_23,2021-10-22,14441.735341855927,-0.001036180745822679,0.0,1.0,0.0,-0.0010547633828378257,0.004993747328935883,0.017484599195970087,-1.3006160321611966,14456.715111702517
ppo_hybrid_regime_aware_policy_seed_23,2021-10-25,14519.183504559951,0.005362801690428354,0.0,1.0,0.0,0.005348473074299051,0.0,0.02006905040996213,-1.1972379836015148,14441.735341855927
ppo_hybrid_regime_aware_policy_seed_23,2021-10-26,14532.251046140947,0.0009000190387353779,0.0,1.0,0.0,0.0008996142644518357,0.0,0.01921058846646222,-1.2315764613415112,14519.183504559951
ppo_hybrid_regime_aware_policy_seed_23,2021-10-27,14467.870425017927,-0.004430189164679854,0.0,1.0,0.0,-0.0045440074923175115,0.0044301891646798,0.023469869110294556,-1.0612052355882178,14532.251046140947
ppo_hybrid_regime_aware_policy_seed_23,2021-10-28,14607.468924301227,0.00964886297584644,0.0,1.0,0.0,0.009602609985319628,0.0,0.029275988970355705,-0.8289604411857717,14467.870425017927
ppo_hybrid_regime_aware_policy_seed_23,2021-10-29,14637.109435067086,0.0020291339259019825,0.0,1.0,0.0,0.002027078014334198,0.0,0.026192933955969278,-0.952282641761229,14607.468924301227
ppo_hybrid_regime_aware_policy_seed_23,2021-11-01,14662.288404096287,0.0017202145779464662,0.0,1.0,0.0,0.00171873670344748,0.0,0.024189219331822245,-1.0324312267271103,14637.109435067086
ppo_hybrid_regime_aware_policy_seed_23,2021-11-02,14721.569425628008,0.004043094767878008,0.0,1.0,0.0,0.004034943423944309,0.0,0.024700154412476125,-1.0119938235009551,14662.288404096287
ppo_hybrid_regime_aware_policy_seed_23,2021-11-03,14811.44804470755,0.006105233516956243,0.0,1.0,0.0,0.0060866720883999866,0.0,0.02168188828494096,-1.1327244686023616,14721.569425628008
ppo_hybrid_regime_aware_policy_seed_23,2021-11-04,14881.2472943492,0.004712520303954415,0.0,1.0,0.0,0.004701451142290312,0.0,0.014742170879711736,-1.4103131648115306,14811.44804470755
ppo_hybrid_regime_aware_policy_seed_23,2021-11-05,14932.879402818548,0.0034696089278050124,0.0,1.0,0.0,0.0034636037212191872,0.0,0.017180195207570977,-1.312792191697161,14881.2472943492
ppo_hybrid_regime_aware_policy_seed_23,2021-11-08,14945.627915472227,0.0008537209944434743,0.0,1.0,0.0,0.0008533567819511243,0.0,0.024744294317920384,-1.0102282272831846,14932.879402818548
ppo_hybrid_regime_aware_policy_seed_23,2021-11-09,14896.227064195793,-0.003305371414023539,0.0,1.0,0.0,-0.0034107930407527875,0.0033053714140235295,0.030237696950565968,-0.7904921219773613,14945.627915472227
ppo_hybrid_regime_aware_policy_seed_23,2021-11-10,14776.388905423068,-0.008044866546158214,0.0,1.0,0.0,-0.008353502731372774,0.01132364668827044,0.034434043318296595,-0.6226382672681363,14896.227064195793
ppo_hybrid_regime_aware_policy_seed_23,2021-11-11,14781.169476087049,0.0003235276693500655,0.0,1.0,0.0,0.00032347534555880655,0.011003782531942018,0.04146865851983901,-0.3412536592064396,14776.388905423068
ppo_hybrid_regime_aware_policy_seed_23,2021-11-12,14892.720663942759,0.007546844519723317,0.0,1.0,0.0,0.0075185095590189445,0.0035399818481160594,0.03382313539538447,-0.6470745841846213,14781.169476087049
ppo_hybrid_regime_aware_policy_seed_23,2021-11-15,14897.820263534064,0.00034242229518555156,0.0,1.0,0.0,0.00034236368205134573,0.003198771721639801,0.0240195002653657,-1.039219989385372,14892.720663942759
ppo_hybrid_regime_aware_policy_seed_23,2021-11-16,14956.783228787626,0.003957824984497149,0.0,1.0,0.0,0.003950013399666602,0.0,0.02567580970358937,-0.9729676118564252,14897.820263534064
ppo_hybrid_regime_aware_policy_seed_23,2021-11-17,14920.44991909219,-0.002429219514628267,0.0,1.0,0.0,-0.0024928934203971805,0.0024292195146282665,0.024995091877716737,-1.0001963248913306,14956.783228787626
ppo_hybrid_regime_aware_policy_seed_23,2021-11-18,14971.125913428741,0.0033964119454403807,0.0,1.0,0.0,0.0033906571651105342,0.0,0.030559546721306865,-0.7776181311477254,14920.44991909219
ppo_hybrid_regime_aware_policy_seed_23,2021-11-19,14944.353745061271,-0.0017882535035962377,0.0,1.0,0.0,-0.0018510425479299562,0.0017882535035962752,0.03421674285256696,-0.6313302858973215,14971.125913428741
ppo_hybrid_regime_aware_policy_seed_23,2021-11-22,14902.28277791989,-0.0028151747381705006,0.0,1.0,0.0,-0.0029222572987330996,0.004598393995678033,0.03669300654648313,-0.532279738140675,14944.353745061271
ppo_hybrid_regime_aware_policy_seed_23,2021-11-23,14922.043118430463,0.0013259941986774049,0.0,1.0,0.0,0.0013251158447456824,0.0032784972407620717,0.04605425755811848,-0.1578296976752609,14902.28277791989
ppo_hybrid_regime_aware_policy_seed_23,2021-11-24,14961.88282837893,0.00266985624101701,0.0,1.0,0.0,0.0026662985058638765,0.0006173941160644734,0.04769062087890072,-0.0923751648439715,14922.043118430463
ppo_hybrid_regime_aware_policy_seed_23,2021-11-26,14628.185378944596,-0.022303172218498757,0.0,1.0,0.0,-0.023489249197167265,0.02290679648726592,0.04188538272042879,-0.3245846911828484,14961.88282837893
ppo_hybrid_regime_aware_policy_seed_23,2021-11-29,14749.36598776921,0.008284049298352247,0.30000000000000004,0.7025540568565949,0.2974459431434051,0.0069999248912819955,0.014812508220281411,0.11477928491319339,2.591171396527735,14623.796923330912
ppo_hybrid_regime_aware_policy_seed_23,2021-11-30,14613.806239497877,-0.009190886468187442,0.24255405685659487,0.45512307725461437,0.5448769227453856,-0.012854989700084406,0.023867254607107202,0.07352777559511954,0.9411110238047814,14745.788469212814
ppo_hybrid_regime_aware_policy_seed_23,2021-12-01,14627.378489785397,0.0009287279484271327,0.5921295317223878,-0.13527883418575798,1.135278834185758,-0.008751106178470944,0.022960692845085975,0.10355579001749345,2.142231600699738,14605.152973252601
ppo_hybrid_regime_aware_policy_seed_23,2021-12-02,14546.570628313484,-0.005524425414187628,0.21166431061252083,-0.35413888427271684,1.354138884272717,-0.010637145830857411,0.02835827362419289,0.125,3.194849203268089,14624.282395801289
ppo_hybrid_regime_aware_policy_seed_23,2021-12-03,14577.047348255175,0.002095113736454879,0.10164976569666706,-0.24974344868422618,1.2497434486842263,-0.004054915907734275,0.02632257369635018,0.10676676545180142,2.270670618072056,14545.091972817427
ppo_hybrid_regime_aware_policy_seed_23,2021-12-06,14523.189220997228,-0.0036947212951458086,0.057394867947090894,-0.31191043702926136,1.3119104370292614,-0.009092616046879491,0.029920040417917015,0.12417274824368381,2.966909929747352,14576.210700547563
ppo_hybrid_regime_aware_policy_seed_23,2021-12-07,14460.978202937007,-0.004283564519718452,0.11012484399642447,-0.2068227496940655,1.2068227496940656,-0.01202938926311999,0.03407544051407274,0.09968407065536951,1.98736282621478,14521.589857049936
ppo_hybrid_regime_aware_policy_seed_23,2021-12-08,14467.510538075408,0.0004517215258006413,0.6068227496940655,0.4006348397944963,0.5993651602055037,-0.0036586145941943544,0.03363911159825339,0.06367988759948047,0.5471955039792189,14452.202952380634
ppo_hybrid_regime_aware_policy_seed_23,2021-12-09,14421.722471460775,-0.003164889114414593,0.0593651602055037,0.4583176927488208,0.5416823072511792,-0.006004392003931296,0.03669753665455213,0.05016840125971789,0.0067360503887155,14466.651671994541
ppo_hybrid_regime_aware_policy_seed_23,2021-12-10,14484.147168002584,0.004328518778900614,0.001682307251179238,0.4623282307958008,0.5376717692041992,0.0017246542263074439,0.032527863852200224,0.06161740193747794,0.4646960774991172,14421.698209692486
ppo_hybrid_regime_aware_policy_seed_23,2021-12-13,14348.122690200917,-0.00939126592846029,0.5376717692041992,1.0,0.0,-0.010624219236414845,0.04161365196113978,0.04205135119118377,-0.3179459523526494,14476.35945096935
ppo_hybrid_regime_aware_policy_seed_23,2021-12-14,14294.989998760006,-0.003703111033278139,0.54,0.4582855713222776,0.5417144286777225,-0.007300682474009143,0.045162663020705596,0.053169163970141556,0.1267665588056623,14340.374703948208
ppo_hybrid_regime_aware_policy_seed_23,2021-12-15,14397.710853231389,0.007185794077525953,0.0017144286777224238,0.4638535636782932,0.5361464363217068,0.004565527634513373,0.038301398539639084,0.06406412281293512,0.5625649125174047,14294.965491019204
ppo_hybrid_regime_aware_policy_seed_23,2021-12-16,14263.093194434916,-0.009349934872894039,0.5361464363217068,1.0,0.0,-0.010615091467228737,0.04729321783064672,0.0463701392535289,-0.1451944298588444,14389.991571866238
ppo_hybrid_regime_aware_policy_seed_23,2021-12-17,14162.887471432103,-0.007025525363734575,0.54,0.4564730375393592,0.5435269624606408,-0.010821763235320478,0.0539864834929795,0.055196175643787676,0.2078470257515069,14255.391124109921
ppo_hybrid_regime_aware_policy_seed_23,2021-12-20,14093.561890110961,-0.004894876236288592,0.0035269624606408256,0.457345678818458,0.542654321181542,-0.007791588029126529,0.05861710257413747,0.06206561150954829,0.4826244603819318,14162.837519459657
ppo_hybrid_regime_aware_policy_seed_23,2021-12-21,14176.995821718892,0.005920003208448987,0.11734567881845798,0.34396119994918795,0.656038800050812,0.0018545303239529643,0.05304411280099736,0.07092681431571167,0.8370725726284668,14091.908071523996
ppo_hybrid_regime_aware_policy_seed_23,2021-12-22,14240.548973635789,0.004482836329791073,0.11603880005081207,0.4624723096107729,0.5375276903892271,0.0017067601470948757,0.04879906454715223,0.05832848077346368,0.3331392309385471,14175.350740135415
ppo_hybrid_regime_aware_policy_seed_23,2021-12-23,14275.09944192112,0.0024262033963224905,0.06247230961077288,0.40148959137191437,0.5985104086280857,-0.0008704435476142213,0.046491257606971426,0.04208480968805267,-0.3166076124778934,14239.65933365128
ppo_hybrid_regime_aware_policy_seed_23,2021-12-27,14468.458135946661,0.013545173174605907,0.5985104086280857,1.0,0.0,0.012556491763594836,0.03357581656775721,0.03759138506499545,-0.4963445974001821,14266.555646320929
ppo_hybrid_regime_aware_policy_seed_23,2021-12-28,14456.63457960869,-0.0008171953242616103,0.0,1.0,0.0,-0.0008457749506992924,0.03436557389171144,0.03576483491889013,-0.5694066032443946,14468.458135946661
ppo_hybrid_regime_aware_policy_seed_23,2021-12-29,14475.12762089505,0.0012792079086265673,0.0,1.0,0.0,0.0012783904192747832,0.03313032669699165,0.0349139260362369,-0.6034429585505241,14456.63457960869
ppo_hybrid_regime_aware_policy_seed_23,2021-12-30,14435.11071120471,-0.0027645289726201394,0.0,1.0,0.0,-0.002851208434967961,0.035803265921585635,0.030996250861952113,-0.7601499655219154,14475.12762089505
ppo_hybrid_regime_aware_policy_seed_23,2021-12-31,14398.731534184237,-0.0025201869073463445,0.0,1.0,0.0,-0.002605407630652304,0.038233221906916186,0.03376180768250954,-0.6495276926996184,14435.11071120471
ppo_hybrid_regime_aware_policy_seed_23,2022-01-03,14482.099633458662,0.005789961364061735,0.0,1.0,0.0,0.0057732639583171685,0.032664629420519044,0.033143928349054295,-0.6742428660378282,14398.731534184237
ppo_hybrid_regime_aware_policy_seed_23,2022-01-04,14477.249014845205,-0.00033493890638958135,0.0,1.0,0.0,-0.00034438980783090423,0.03298862767165295,0.028996443174779875,-0.8401422730088052,14482.099633458662
ppo_hybrid_regime_aware_policy_seed_23,2022-01-05,14199.254816445684,-0.01920214248677088,0.0,1.0,0.0,-0.01997037002274756,0.05155731782942974,0.03131463702859665,-0.7474145188561339,14477.249014845205
ppo_hybrid_regime_aware_policy_seed_23,2022-01-06,14185.915846548905,-0.0009394133755054046,0.0,1.0,0.0,-0.0009854644572166212,0.052448297570960985,0.051190340590269834,0.0476136236107935,14199.254816445684
ppo_hybrid_regime_aware_policy_seed_23,2022-01-07,14152.470660920673,-0.0023576331616522728,0.54,0.4590161585554925,0.5409838414445075,-0.005875064354977122,0.054682276886987756,0.050424638879177835,0.0169855551671133,14178.255451991768
ppo_hybrid_regime_aware_policy_seed_23,2022-01-10,14144.355752193169,-0.0005733916658037241,0.0009838414445075272,0.4596907224376694,0.5403092775623306,-0.003191163259206784,0.05522431419095736,0.04451977602243916,-0.2192089591024337,14152.456737133494
ppo_hybrid_regime_aware_policy_seed_23,2022-01-11,14195.040626287251,0.003583399271205545,0.059690722437669375,0.40217804917635475,0.5978219508236453,0.000287458109122336,0.05183880568697643,0.04915281293436202,-0.0338874826255193,14143.511465379905
ppo_hybrid_regime_aware_policy_seed_23,2022-01-12,14211.87219152787,0.0011857356159621357,0.057821950823645274,0.46067072578261525,0.5393292742173847,-0.001493699739540045,0.05071453718920629,0.04228274528764381,-0.3086901884942477,14194.219841346217
ppo_hybrid_regime_aware_policy_seed_23,2022-01-13,14121.785736983255,-0.00633881682374815,0.0006707257826152335,0.45655556748029447,0.5434444325197055,-0.0091735120954169,0.056731883851410855,0.03681250079775986,-0.5274999680896054,14211.862659258772
ppo_hybrid_regime_aware_policy_seed_23,2022-01-14,14123.297382466279,0.00010704350789469963,0.056555567480294444,0.4000981489390182,0.5999018510609818,-0.0031777955720732206,0.05663091312337308,0.05595746336002873,0.2382985344011492,14120.987071377065
ppo_hybrid_regime_aware_policy_seed_23,2022-01-18,14023.248758452783,-0.007083942319143111,9.814893901816113e-05,0.395719369760169,0.6042806302398309,-0.010631054647974258,0.06331368532046981,0.04814691378980508,-0.0741234484077969,14123.295996279625
ppo_hybrid_regime_aware_policy_seed_23,2022-01-19,13972.962337272473,-0.0035859323361142614,0.055719369760169,0.3376616743646984,0.6623383256353016,-0.007795904363676017,0.06667257906507483,0.0738183832426169,0.952735329704676,14022.467391869972
ppo_hybrid_regime_aware_policy_seed_23,2022-01-20,13926.45359791332,-0.0033284809789468905,0.04058853422035025,0.2947542739305481,0.7052457260694519,-0.006800618706332138,0.0697791416327863,0.08123500900094399,1.2494003600377594,13972.395195212486
ppo_hybrid_regime_aware_policy_seed_23,2022-01-21,13868.263826076287,-0.004178362526246593,0.08628257993793331,0.20521910639453314,0.7947808936054669,-0.006582085080190148,0.07366594160852079,0.09325131649953358,1.7300526599813428,13925.251987567506
ppo_hybrid_regime_aware_policy_seed_23,2022-01-24,13841.186202480647,-0.0019524883529202786,0.5383845421855488,-0.33505435821313617,1.3350543582131362,-0.0073291472559425955,0.07547459806844356,0.11526970291911541,2.610788116764616,13860.797367205376
ppo_hybrid_regime_aware_policy_seed_23,2022-01-25,13908.108541532803,0.004835014721510156,0.06643519643049478,-0.3946532772827087,1.3946532772827087,0.0015474992825626327,0.07100450413969443,0.12138030302081014,2.8552121208324053,13840.266660556454
ppo_hybrid_regime_aware_policy_seed_23,2022-01-26,13922.691644276529,0.0010485324226638948,0.038752925510412595,-0.4318493136795562,1.4318493136795563,-0.001697966534776247,0.07003042224177622,0.125,3.13579207924774,13907.569561638502
ppo_hybrid_regime_aware_policy_seed_23,2022-01-27,13953.45001947745,0.0022092262032942234,0.019505901035447748,-0.44812766314468394,1.448127663144684,-0.00025353312636509483,0.06797590908232629,0.125,3.437309074752985,13922.42006963117
ppo_hybrid_regime_aware_policy_seed_23,2022-01-28,13801.450230441427,-0.010893348155749827,0.009900326737976195,-0.4540525986803517,1.4540525986803516,-0.014854662667152057,0.07812877199423877,0.125,3.027389362861251,13953.311875763135
ppo_hybrid_regime_aware_policy_seed_23,2022-01-31,13720.893875921973,-0.005836803609360897,0.1375800873888478,-0.32401943228960717,1.324019432289607,-0.011313632489254922,0.08350955330522872,0.10730437750863045,2.2921751003452178,13799.55142571263
ppo_hybrid_regime_aware_policy_seed_23,2022-02-01,13735.584062136322,0.001070643527104842,0.5664388801884719,0.24365834327749938,0.7563416567225006,-0.0021246090891895225,0.08252831874082145,0.08805751582226365,1.5223006328905455,13713.12182815971
ppo_hybrid_regime_aware_policy_seed_23,2022-02-02,13786.799714023327,0.003728683953686973,0.15634165672250064,0.4023223560345649,0.5976776439654351,0.0002872371584785174,0.07910735680494822,0.06776311741364714,0.7105246965458858,13733.436618167996
ppo_hybrid_regime_aware_policy_seed_23,2022-02-03,13657.14464969734,-0.009404290119200631,0.0023223560345648764,0.3943052643963314,0.6056947356036686,-0.013247534450094762,0.08776769839019195,0.06873415370661777,0.7493661482647109,13786.767696165814
ppo_hybrid_regime_aware_policy_seed_23,2022-02-04,13678.236178779882,0.0015443586213321758,0.054305264396331376,0.3410534911963693,0.6589465088036307,-0.0024102905706707934,0.0863588845705431,0.08478072182790546,1.391228873116218,13656.40299484624
ppo_hybrid_regime_aware_policy_seed_23,2022-02-07,13663.296721965526,-0.0010922063794697179,0.0010534911963692717,0.33927905166937367,0.6607209483306263,-0.005042795690053534,0.08735676922536094,0.07657416252825118,1.062966501130047,13678.221768878486
ppo_hybrid_regime_aware_policy_seed_23,2022-02-08,13701.50953864264,0.00279674938301544,0.0007209483306263587,0.3418411810965925,0.6581588189034075,-0.0010802356664191529,0.08480433483277872,0.07392456636115871,0.9569826544463482,13663.286871434562
ppo_hybrid_regime_aware_policy_seed_23,2022-02-09,13792.126593801682,0.006613654860690543,0.11815881890340751,0.46361129552478,0.53638870447522,0.003822642369274944,0.07875154657336257,0.0638011864750774,0.552047459003096,13699.89058445836
ppo_hybrid_regime_aware_policy_seed_23,2022-02-10,13678.096352918703,-0.008267778004171333,0.003611295524779956,0.4555001461849368,0.5444998538150632,-0.011305546777370511,0.08636822427298015,0.05330200501310849,0.1320802005243396,13792.076786356636
ppo_hybrid_regime_aware_policy_seed_23,2022-02-11,13553.966661440307,-0.009075070702503796,0.004499853815063237,0.4550570339755562,0.5449429660244438,-0.01238978020640932,0.09465949723375691,0.0813542664182241,1.2541706567289637,13678.034803484647
ppo_hybrid_regime_aware_policy_seed_23,2022-02-14,13535.752694697007,-0.0013438107971091018,0.06338159986300734,0.39089546945205245,0.6091045305479476,-0.0032692389843810865,0.09587610357643438,0.10517854646296634,2.207141858518654,13553.107589348814
ppo_hybrid_regime_aware_policy_seed_23,2022-02-15,13611.7333400513,0.005613329902522501,0.04030868795028242,0.35423783456967306,0.6457621654303269,0.004281296143617458,0.09080095787305474,0.11112363745179597,2.4449454980718386,13535.207086265464
ppo_hybrid_regime_aware_policy_seed_23,2022-02-16,13617.310921543922,0.0004097627652026592,0.10576216543032696,0.4602782694380875,0.5397217305619125,-0.0023409644127779395,0.09042840195943311,0.09244618097782116,1.697847239112846,13610.293733657996
ppo_hybrid_regime_aware_policy_seed_23,2022-02-17,13516.784035527953,-0.007382286164658636,0.12027826943808745,0.33517142889549467,0.6648285711045053,-0.01201636713680046,0.09714311978341443,0.08254697428909519,1.3018789715638073,13615.673054951878
ppo_hybrid_regime_aware_policy_seed_23,2022-02-18,13525.896752815654,0.0006741779156749228,0.5196390592818472,-0.18305454549353817,1.1830545454935382,-0.00768310978993278,0.09653443361375724,0.10824023406256514,2.329609362502605,13509.760186587215
ppo_hybrid_regime_aware_policy_seed_23,2022-02-22,13562.991963579403,0.002742532450281221,0.07997424784142271,-0.2594736362395514,1.2594736362395513,-0.0031479443374881864,0.09405664998023132,0.10523393817059917,2.209357526823967,13524.815029396466
ppo_hybrid_regime_aware_policy_seed_23,2022-02-23,13637.423869438295,0.005487867725555207,0.05289832583091364,-0.3051401035392632,1.3051401035392631,0.0006378946896002699,0.0890849527084765,0.11164138635183299,2.465655454073319,13562.274504011271
ppo_hybrid_regime_aware_policy_seed_23,2022-02-24,13558.263376174547,-0.005804651525215698,0.07558017090913155,-0.38867670372035606,1.388676703720356,-0.010111327096103273,0.09437249712707912,0.12491300844326941,2.996520337730776,13636.393150611482
ppo_hybrid_regime_aware_policy_seed_23,2022-02-25,13454.470729372706,-0.007655305397314516,0.043682392387653424,-0.35531087743853024,1.3553108774385303,-0.012722633669848972,0.1013053522377787,0.11997205753633298,2.798882301453319,13557.671118793654
ppo_hybrid_regime_aware_policy_seed_23,2022-02-28,13434.948610213685,-0.0014509763744479098,0.6633564172944872,0.30749975078666136,0.6925002492133386,-0.0034457848681018724,0.10260933693952448,0.10204203229026881,2.081681291610752,13445.545619873075
ppo_hybrid_regime_aware_policy_seed_23,2022-03-01,13467.339333548745,0.002410930199646222,0.49863323085868283,-0.1876761370702074,1.1876761370702074,-0.005754290057824901,0.10044579068907138,0.11784866077294867,2.713946430917946,13428.249498381754
ppo_hybrid_regime_aware_policy_seed_23,2022-03-02,13379.775867749204,-0.0065019127855054926,0.15726681890055674,-0.35353198800890157,1.3535319880089016,-0.011631683663684212,0.10629461370384538,0.125,3.4535025933692824,13465.221367932703
ppo_hybrid_regime_aware_policy_seed_23,2022-03-03,13397.45037080788,0.0013209864823877648,0.0734234837135525,-0.2783258630842114,1.2783258630842114,-0.0041957638243305985,0.10511404096931098,0.11916490788294616,2.7665963153178468,13378.793477993688
ppo_hybrid_regime_aware_policy_seed_23,2022-03-04,13427.08386207186,0.0022118754273239283,0.005414405068769557,-0.2700952734315281,1.270095273431528,-0.003355135397412463,0.10313466470627382,0.11716202144057282,2.686480857622913,13397.377831584683
ppo_hybrid_regime_aware_policy_seed_23,2022-03-07,13549.747362251144,0.009135527970133284,0.041213151041280705,-0.29938382405208264,1.2993838240520827,0.004255842603331676,0.09494132635025494,0.125,3.0092530983827364,13426.530489636609
ppo_hybrid_regime_aware_policy_seed_23,2022-03-08,13590.416641394424,0.0030014787771306395,0.11121539455486618,-0.40622159398799473,1.4062215939879947,-0.00020249913004262275,0.09222481194923716,0.125,3.9873711217771888,13548.240421752133
ppo_hybrid_regime_aware_policy_seed_23,2022-03-09,13442.10968576039,-0.01091261287621692,0.0007726284145778695,-0.4225165072727531,1.422516507272753,-0.015301096857115518,0.1021310111550702,0.125,3.5725370966346115,13590.40614105236
ppo_hybrid_regime_aware_policy_seed_23,2022-03-10,13460.253880544318,0.0013498026134357577,0.1011587396908134,-0.3194431129333732,1.3194431129333732,-0.0033848133937946522,0.10091906524740446,0.12219494939250392,2.887797975700156,13440.749898885793
ppo_hybrid_regime_aware_policy_seed_23,2022-03-11,13506.514338977862,0.003436819159883031,0.045552875125145664,-0.2694692721279692,1.2694692721279692,-0.002173232156438147,0.09782908666456124,0.10856810877436894,2.3427243509747577,13459.640727280144
ppo_hybrid_regime_aware_policy_seed_23,2022-03-14,13534.941358892704,0.0021046895743341842,0.02145842886842969,-0.28818876225845313,1.2881887622584531,-0.00311280193749697,0.09593029694899663,0.11059054604763655,2.423621841905461,13506.22451040066
ppo_hybrid_regime_aware_policy_seed_23,2022-03-15,13441.168775728203,-0.0069281854038392154,0.02570482294662496,-0.3230259810942167,1.3230259810942167,-0.012438290773766717,0.10219385946972785,0.11518171917788972,2.6072687671155883,13534.59344562148
ppo_hybrid_regime_aware_policy_seed_23,2022-03-16,13369.930050013903,-0.0053000395205915485,0.08795355429825727,-0.24154403021288967,1.2415440302128897,-0.012322205259472441,0.10695226749636802,0.10366431609121625,2.1465726436486494,13439.986577160455
ppo_hybrid_regime_aware_policy_seed_23,2022-03-17,13413.793807435255,0.0032807768819482774,0.5477241878743278,0.3088277614727187,0.6911722385272814,-0.0008458258159052766,0.10402237714109375,0.08593122394688997,1.4372489578755987,13362.607015935322
ppo_hybrid_regime_aware_policy_seed_23,2022-03-18,13449.047571631383,0.0026281725142209833,0.03117223852728135,0.3417505667454094,0.6582494332545906,-0.0012940334496709242,0.10166759337933898,0.0802678450673541,1.2107138026941635,13413.375669455134
ppo_hybrid_regime_aware_policy_seed_23,2022-03-21,13441.477762507204,-0.0005628509441922835,0.3582494332545906,0.6999385849792162,0.30006141502078376,-0.0019359396733245712,0.10217322062260391,0.07032081373965664,0.8128325495862658,13444.229457961032
ppo_hybrid_regime_aware_policy_seed_23,2022-03-22,13594.681296966137,0.011397819284890698,0.30006141502078376,1.0,0.0,0.010883261403721582,0.09193995324212499,0.06834328626713178,0.7337314506852712,13437.444493669815
ppo_hybrid_regime_aware_policy_seed_23,2022-03-23,13419.60328918999,-0.01287841943122403,0.0,1.0,0.0,-0.013722795604759027,0.1036343313930098,0.0650509496044863,0.6020379841794518,13594.681296966137
ppo_hybrid_regime_aware_policy_seed_23,2022-03-24,13621.895270345394,0.015074363734608909,0.0,1.0,0.0,0.014961874573180461,0.09012218926521214,0.0684217792577869,0.7368711703114761,13419.60328918999
ppo_hybrid_regime_aware_policy_seed_23,2022-03-25,13688.41913664056,0.004883598425542646,0.0,1.0,0.0,0.004871712340953125,0.08567871142127156,0.05801456708614316,0.320582683445726,13621.895270345394
ppo_hybrid_regime_aware_policy_seed_23,2022-03-28,13785.785383060333,0.007113038068738531,0.0,1.0,0.0,0.007087859739227152,0.07917510928855301,0.05328198327579328,0.1312793310317312,13688.41913664056
ppo_hybrid_regime_aware_policy_seed_23,2022-03-29,13956.32695961569,0.012370827763278136,0.0,1.0,0.0,0.01229493434210343,0.06778374316542225,0.04686890641288591,-0.1252437434845637,13785.785383060333
ppo_hybrid_regime_aware_policy_seed_23,2022-03-30,13870.149531046225,-0.006174792896356585,0.0,1.0,0.0,-0.0064408953398476295,0.07353998548599251,0.042902913602221725,-0.2838834559111311,13956.32695961569
ppo_hybrid_regime_aware_policy_seed_23,2022-03-31,13656.66965482961,-0.015391317572948537,0.0,1.0,0.0,-0.016156231770603588,0.08779942578801611,0.04524990376752655,-0.1900038492989381,13870.149531046225
ppo_hybrid_regime_aware_policy_seed_23,2022-04-01,13695.374198095222,0.0028341128726010467,0.0,1.0,0.0,0.0028301043466709796,0.08521414639824788,0.051890366473201936,0.0756146589280775,13656.66965482961
ppo_hybrid_regime_aware_policy_seed_23,2022-04-04,13812.696681614447,0.008566577431344813,0.0,1.0,0.0,0.008530092526005388,0.07737756255026959,0.04677507918646688,-0.1289968325413248,13695.374198095222
ppo_hybrid_regime_aware_policy_seed_23,2022-04-05,13638.22402348859,-0.01263132479829887,0.0,1.0,0.0,-0.013189298893741607,0.08903150622389527,0.04097503121375962,-0.3609987514496152,13812.696681614447
ppo_hybrid_regime_aware_policy_seed_23,2022-04-06,13501.850558978054,-0.009999356534667991,0.0,1.0,0.0,-0.010544596186458602,0.09814060498501198,0.054331422976809124,0.1732569190723647,13638.22402348859
ppo_hybrid_regime_aware_policy_seed_23,2022-04-07,13569.885953820747,0.005038968143330047,0.0,1.0,0.0,0.005026315031306617,0.0935961642237686,0.060076093567539894,0.4030437427015956,13501.850558978054
ppo_hybrid_regime_aware_policy_seed_23,2022-04-08,13533.600963578107,-0.002673934796955657,0.0,1.0,0.0,-0.002815590425136782,0.0960198289803447,0.056969215126145833,0.2787686050458334,13569.885953820747
ppo_hybrid_regime_aware_policy_seed_23,2022-04-11,13302.280805670765,-0.017092284494708676,0.0,1.0,0.0,-0.018085927595911704,0.1114709152409881,0.05474591734543344,0.1898366938173375,13533.600963578107
ppo_hybrid_regime_aware_policy_seed_23,2022-04-12,13272.43733190356,-0.0022434854746475885,0.54,0.459078049461048,0.540921950538952,-0.005791865951319662,0.11346431733644681,0.07216812560144752,0.8867250240579007,13295.097574035703
ppo_hybrid_regime_aware_policy_seed_23,2022-04-13,13342.352806152676,0.005267719296820905,0.0009219505389519989,0.46283015779673553,0.5371698422032645,0.0026605104704385454,0.10879429621355965,0.07139872547575192,0.8559490190300765,13272.42509537281
ppo_hybrid_regime_aware_policy_seed_23,2022-04-14,13265.892814422308,-0.005730622840006805,0.0028301577967355107,0.45688916492909776,0.5431108350709022,-0.008639196030044328,0.11390145997482258,0.05792744191389995,0.317097676555998,13342.315045188854
ppo_hybrid_regime_aware_policy_seed_23,2022-04-18,13267.319656677166,0.00010755719760568994,0.056889164929097735,0.4000986572062283,0.5999013427937717,-0.003177782333648609,0.11380615369905492,0.06262759910613043,0.5051039642452173,13265.138128858056
ppo_hybrid_regime_aware_policy_seed_23,2022-04-19,13352.986350253766,0.006456970646176119,9.865720622825869e-05,0.40384938620827693,0.5961506137917231,0.0032360657287560687,0.10808402604666775,0.05961733999339937,0.3846935997359747,13267.318347760474
ppo_hybrid_regime_aware_policy_seed_23,2022-04-20,13347.6819825362,-0.00039724205345759156,0.05615061379172309,0.45981573742573706,0.540184262574263,-0.0030930920239476403,0.10843833257967264,0.055164459178494135,0.2065783671397651,13352.236571874248
ppo_hybrid_regime_aware_policy_seed_23,2022-04-21,13267.050255056682,-0.006040878677287531,0.05981573742573704,0.3963895519574875,0.6036104480425125,-0.009614617342085874,0.11382414844587904,0.04933238369899727,-0.0267046520401094,13346.88358109549
ppo_hybrid_regime_aware_policy_seed_23,2022-04-22,13121.388308180767,-0.01097922628433523,0.0036104480425125374,0.39334152560109037,0.6066584743989096,-0.014850758543057263,0.12355367364780519,0.06222298072321935,0.4889192289287737,13267.002355061059
ppo_hybrid_regime_aware_policy_seed_23,2022-04-25,13141.064682757198,0.0014995649937563638,0.11484655718678372,0.2796580303843464,0.7203419696156537,-0.0015389968891491245,0.12223938541790112,0.09219231878466193,1.6876927513864766,13119.881361908061
ppo_hybrid_regime_aware_policy_seed_23,2022-04-26,13025.012013338017,-0.008831298849891311,0.024444810039237597,0.29791956939815134,0.7020804306018487,-0.012834882509898235,0.12999115172393994,0.08536213104413873,1.414485241765549,13140.743451927316
ppo_hybrid_regime_aware_policy_seed_23,2022-04-27,13006.414886884057,-0.001427801097988679,0.5944677261364326,-0.29763015846876356,1.2976301584687635,-0.007538168042347795,0.1312333513127684,0.11944127782881012,2.7776511131524044,13017.269064063548
ppo_hybrid_regime_aware_policy_seed_23,2022-04-28,12894.496534097594,-0.0086048579689183,0.0414037599119737,-0.35060020023770466,1.3506002002377047,-0.013763121532860235,0.1387089649328552,0.10823563770305003,2.329425508122001,13005.876372404764
ppo_hybrid_regime_aware_policy_seed_23,2022-04-29,13013.576703397232,0.009234960743503828,0.09802975708432338,-0.24098718603092115,1.2409871860309212,0.003051952191697521,0.13075497603527833,0.0990662445354976,1.962649781419904,12893.232489734632
ppo_hybrid_regime_aware_policy_seed_23,2022-05-02,12985.822867070969,-0.0021326831937770185,0.09719746152919842,-0.3409143248542308,1.3409143248542308,-0.006761037595525212,0.13260880028916217,0.11587528140815864,2.635011256326345,13012.311816776246
ppo_hybrid_regime_aware_policy_seed_23,2022-05-03,12966.433622460698,-0.0014931086623272138,0.01942733440241806,-0.3234373532583384,1.3234373532583383,-0.006244557127636394,0.13390390960307685,0.10940980695412322,2.3763922781649285,12985.57058714764
ppo_hybrid_regime_aware_policy_seed_23,2022-05-04,13027.259900314048,0.004691056895396839,0.4937788115789561,0.17462301651900494,0.8253769834809951,0.002477729878767665,0.1298410035661441,0.09302326793825025,1.72093071753001,12960.031072276182
ppo_hybrid_regime_aware_policy_seed_23,2022-05-05,12867.702861533651,-0.012247935483082673,0.16537698348099508,0.33192662926638666,0.6680733707336133,-0.01722399446223062,0.14049865481448992,0.0732215191604568,0.9288607664182716,13025.105491368711
ppo_hybrid_regime_aware_policy_seed_23,2022-05-06,12874.204185092707,0.0005052435255161747,0.5005090972992235,-0.1674077566659493,1.1674077566659493,-0.008219409706477708,0.1400643973246625,0.10212672767647371,2.085069107058948,12861.262459190111
ppo_hybrid_regime_aware_policy_seed_23,2022-05-09,12970.287627603833,0.007463252961482647,0.06782753386139442,-0.22600154788084464,1.2260015478808446,0.0009546158440582744,0.13364648039131138,0.09647161991503944,1.8588647966015772,12873.330959572404
ppo_hybrid_regime_aware_policy_seed_23,2022-05-10,12958.165454272526,-0.000934610987770812,0.12461126416139162,-0.35170783146387713,1.351707831463877,-0.005256630866229315,0.1344561839100316,0.1181779068824521,2.727116275298084,12968.67138366602
ppo_hybrid_regime_aware_policy_seed_23,2022-05-11,13027.311660327303,0.0053361107557070575,0.014869402489725514,-0.329723001773612,1.329723001773612,0.0010092472405840273,0.1298375462434581,0.10855211727954855,2.3420846911819413,12957.972774094858
ppo_hybrid_regime_aware_policy_seed_23,2022-05-12,13031.805506548406,0.00034495576203874556,0.017166141216500286,-0.3464015731202152,1.3464015731202152,-0.003787041908150514,0.1295373786911251,0.10595626402829271,2.238250561131708,13027.08803165567
ppo_hybrid_regime_aware_policy_seed_23,2022-05-13,12927.932103105906,-0.007970760720017234,0.013569470344641454,-0.3435229166402799,1.3435229166402798,-0.01309221413687416,0.13647562796129709,0.10150197390930205,2.060078956372082,13031.628671850047
ppo_hybrid_regime_aware_policy_seed_23,2022-05-16,12911.342218150328,-0.0012832589793376759,0.5294098862066251,0.18527246262509647,0.8147275373749036,-0.003809342459625096,0.13758375336559264,0.08709969229142822,1.4839876916571286,12921.087928042314
ppo_hybrid_regime_aware_policy_seed_23,2022-05-17,12990.098906680301,0.006099806449189948,0.1169830629638928,0.30656695722119565,0.6934330427788044,0.0026696131867576653,0.13232318118248582,0.08010804999265497,1.2043219997061985,12909.831809790674
ppo_hybrid_regime_aware_policy_seed_23,2022-05-18,12811.629109639342,-0.013738909789915432,0.03343304277880438,0.33082837724929065,0.6691716227507094,-0.018631053635470317,0.14424411472302046,0.07337865021227746,0.9351460084910984,12989.664608147854
ppo_hybrid_regime_aware_policy_seed_23,2022-05-19,12818.725988891922,0.0005539404233330103,0.5035829319978258,-0.17151502604187446,1.1715150260418745,-0.008070324314798856,0.14377007694566032,0.09625938197552264,1.8503752790209056,12805.177391888641
ppo_hybrid_regime_aware_policy_seed_23,2022-05-20,12815.173172071716,-0.00027715834032837616,0.35895202631653267,0.18750348122325275,0.8124965187767472,-0.002488963151440055,0.14400738821007356,0.08822916046437682,1.5291664185750724,12814.124681223413
ppo_hybrid_regime_aware_policy_seed_23,2022-05-23,12873.840467064345,0.004577955693995772,0.06041931121143965,0.2513953115177407,0.7486046884822593,0.002055874369801613,0.1400886919589115,0.0882583126816218,1.530332507264872,12814.398888135604
ppo_hybrid_regime_aware_policy_seed_23,2022-05-24,12841.491376829534,-0.002512777000582833,0.06878211482045515,0.31851175799182924,0.6814882420081707,-0.0063304644301804555,0.14224945731629818,0.08347530283837352,1.3390121135349409,12872.95497709116
ppo_hybrid_regime_aware_policy_seed_23,2022-05-25,12875.595271132346,0.0026557580659476443,0.016087575099983487,0.3042830610673781,0.6957169389326219,-0.0006107980503558904,0.13997147939399496,0.08769752391249706,1.5079009564998824,12841.284788372614
ppo_hybrid_regime_aware_policy_seed_23,2022-05-26,12962.60482233394,0.006757710953890772,0.0357169389326219,0.34445356649418174,0.6555464335058183,0.002809404565622393,0.13415965523963735,0.08234818995169746,1.2939275980678984,12875.135394282326
ppo_hybrid_regime_aware_policy_seed_23,2022-05-27,13070.741686470981,0.00834221714070349,0.0044535664941817155,0.3454632272388351,0.6545367727611648,0.00442893281361712,0.12693662707446476,0.07804354049643031,1.1217416198572123,12962.547092511426
ppo_hybrid_regime_aware_policy_seed_23,2022-05-31,13035.512200225123,-0.0026952935870749872,0.11453677276116492,0.4586026249843521,0.5413973750156479,-0.005626396399594849,0.129289789184621,0.06954846372008776,0.78193854880351,13069.244605900618
ppo_hybrid_regime_aware_policy_seed_23,2022-06-01,12986.992516307288,-0.0037221156462878824,0.001397375015647906,0.4579833057643447,0.5420166942356552,-0.0065551519024664015,0.13253067328367957,0.0715841347867993,0.8633653914719718,13035.493984726058
ppo_hybrid_regime_aware_policy_seed_23,2022-06-02,13100.732152267577,0.0087579657736363,0.002016694235655314,0.46468932161445,0.53531067838555,0.006124812207195792,0.12493340661061873,0.06909083146482961,0.7636332585931843,12986.966325514342
ppo_hybrid_regime_aware_policy_seed_23,2022-06-03,13001.769813650058,-0.007553954807051788,0.004689321614449959,0.45589236776963166,0.5441076322303684,-0.01060754981589317,0.13154362011024284,0.0644283893419939,0.5771355736797558,13100.67071872113
ppo_hybrid_regime_aware_policy_seed_23,2022-06-06,13019.92653718157,0.0013964809246544974,0.004107632230368363,0.4607552631101914,0.5392447368898086,-0.0012026546963406343,0.1303308373418322,0.06461858310429018,0.5847433241716076,13001.71640716132
ppo_hybrid_regime_aware_policy_seed_23,2022-06-07,13137.728305920802,0.009047805945971987,0.5392447368898086,1.0,0.0,0.008198252673962889,0.12246223952090506,0.06578853704766716,0.631541481906686,13012.905610321704
ppo_hybrid_regime_aware_policy_seed_23,2022-06-08,12994.89290638685,-0.010872153557139663,0.0,1.0,0.0,-0.011511213782377532,0.13200296480502222,0.060742390799779694,0.4296956319911874,13137.728305920802
ppo_hybrid_regime_aware_policy_seed_23,2022-06-09,12685.836838140436,-0.023782886898168765,0.0,1.0,0.0,-0.02531619087220534,0.15264644012101022,0.060354445844077925,0.4141778337631167,12994.89290638685
ppo_hybrid_regime_aware_policy_seed_23,2022-06-10,12424.624454193605,-0.020590867380659295,0.30000000000000004,0.6937847626579529,0.30621523734204714,-0.023280727109195418,0.170094184897008,0.0702046067190278,0.8081842687611117,12682.031087088993
ppo_hybrid_regime_aware_policy_seed_23,2022-06-13,12204.770045774412,-0.017695054625573525,0.23378476265795284,0.45040106051549983,0.5495989394845002,-0.021938652484642125,0.1847794136293366,0.0777986868506528,1.111947474026112,12421.719766314467
ppo_hybrid_regime_aware_policy_seed_23,2022-06-14,12204.837803093613,5.55170797533755e-06,0.6770959352789886,-0.2258574790472157,1.2258574790472156,-0.007583667542802858,0.18477488776270556,0.1065266592559036,2.2610663702361435,12196.506245585404
ppo_hybrid_regime_aware_policy_seed_23,2022-06-15,12149.374956892721,-0.00454433291910139,0.08683731370028186,-0.3185728358019548,1.3185728358019548,-0.00980367301154774,0.18847954207672363,0.09971239441440871,1.9884957765763485,12203.777967764645
ppo_hybrid_regime_aware_policy_seed_23,2022-06-16,12074.721268533924,-0.0061446525951892594,0.4895266960848528,0.16623651352966154,0.8337634864703385,-0.008790820143427061,0.19346605336455103,0.0851500220489765,1.4060008819590597,12143.427513510578
ppo_hybrid_regime_aware_policy_seed_23,2022-06-17,12076.343318921714,0.00013433439594323637,0.4267536386593612,-0.259809959050106,1.259809959050106,-0.006326640529669281,0.19335770811402211,0.09994050082658272,1.9976200330633085,12069.56833729678
ppo_hybrid_regime_aware_policy_seed_23,2022-06-21,12109.606841087061,0.002754436611058342,0.38455145608990093,0.12748137621275304,0.872518623787247,0.0011636481081065495,0.1911358630532234,0.09116670503995841,1.646668201598336,12071.699343514181
ppo_hybrid_regime_aware_policy_seed_23,2022-06-22,12102.217913819108,-0.0006101706987615696,0.13477337690003996,0.2619038168671926,0.7380961831328074,-0.003479795371746776,0.19162940824886734,0.08653362459310115,1.4613449837240462,12107.974788480156
ppo_hybrid_regime_aware_policy_seed_23,2022-06-23,12138.099387593373,0.002964867599458243,0.04517706234423319,0.3091604311159531,0.690839568884047,-0.00042158139016566743,0.18923269647302957,0.08062975515055337,1.2251902060221345,12101.671171165912
ppo_hybrid_regime_aware_policy_seed_23,2022-06-24,12266.872717253458,0.010609019216938353,0.02532592466560213,0.3414893625373719,0.6585106374626282,0.006739581697650538,0.18063125056944665,0.08083249779456657,1.2332999117826624,12137.791979002699
ppo_hybrid_regime_aware_policy_seed_23,2022-06-27,12250.923489815894,-0.0013001869184744441,0.0014893625373718633,0.3391417437194929,0.6608582562805071,-0.0052523666608233835,0.18169658309886305,0.07237150846147515,0.8948603384590061,12266.854447432783
ppo_hybrid_regime_aware_policy_seed_23,2022-06-28,12165.803798232524,-0.0069480224616641495,0.0008582562805071192,0.3353827911536723,0.6646172088463277,-0.011248807137516144,0.18738217361994866,0.07092445203298692,0.8369780813194766,12250.912975383866
ppo_hybrid_regime_aware_policy_seed_23,2022-06-29,12162.379020575083,-0.0002815085393649275,0.004617208846327714,0.33981720026217055,0.6601827997378295,-0.004178121184376011,0.18761093247731486,0.07714324585325959,1.0857298341303832,12165.747626175604
ppo_hybrid_regime_aware_policy_seed_23,2022-06-30,12128.781124889947,-0.002762444389234897,0.00018279973782947545,0.3381718572081338,0.6618281427918662,-0.006809154994791477,0.18985511209876868,0.07602502642723381,1.0410010570893526,12162.376797295386
ppo_hybrid_regime_aware_policy_seed_23,2022-07-01,12172.374151541173,0.0035941803386794202,0.0018281427918662163,0.342364865843453,0.657635134156547,-0.0002870055065627407,0.18694330527119238,0.07831380915603192,1.132552366241277,12128.75895174616
ppo_hybrid_regime_aware_policy_seed_23,2022-07-05,12180.867453324525,0.0006977522772151357,0.05763513415654703,0.4004529164233572,0.5995470835766428,-0.0025889437399636075,0.18637599311094039,0.06896857320559664,0.7587429282238657,12171.672595123946
ppo_hybrid_regime_aware_policy_seed_23,2022-07-06,12194.117472988766,0.0010877730765082028,0.06045291642335715,0.34075700570491035,0.6592429942950897,-0.0028754974945736107,0.18549095482184577,0.07263581098495853,0.9054324393983412,12180.131084362405
ppo_hybrid_regime_aware_policy_seed_23,2022-07-07,12266.443947812259,0.005931259476850359,0.05924299429508967,0.4035731084493354,0.5964268915506645,0.0026248743115569544,0.1806598903286524,0.06875903955571815,0.7503615822287254,12193.39505695688
ppo_hybrid_regime_aware_policy_seed_23,2022-07-08,12261.110571336525,-0.00043479402004564793,0.056426891550664604,0.45979559287561733,0.5402044071243827,-0.0031349070807552885,0.18101613450872103,0.06562401398838556,0.6249605595354227,12265.751790509903
ppo_hybrid_regime_aware_policy_seed_23,2022-07-11,12196.677828587672,-0.005255049481364349,0.00020440712438268838,0.45714739306933894,0.5428526069306611,-0.008114694293286633,0.1853199352463168,0.05889721179486077,0.3558884717944307,12261.108065078171
ppo_hybrid_regime_aware_policy_seed_23,2022-07-12,12146.99650648016,-0.004073348727065995,0.0028526069306610835,0.45779294197814296,0.542207058021857,-0.006896290069248935,0.18863841125104724,0.0657963923604811,0.6318556944192438,12196.643036259968
ppo_hybrid_regime_aware_policy_seed_23,2022-07-13,12117.625337625082,-0.0024179778795037077,0.0022070580218570557,0.4586923218194858,0.5413076781805142,-0.00515510783985657,0.19060026562492116,0.0707959498749262,0.8318379949970478,12146.96969735408
ppo_hybrid_regime_aware_policy_seed_23,2022-07-14,12081.654432888876,-0.0029684780420233814,0.5413076781805142,1.0,0.0,-0.003949354539888681,0.19300295096363318,0.06846519112171497,0.7386076448685983,12111.06597398851
ppo_hybrid_regime_aware_policy_seed_23,2022-07-15,12312.475419124432,0.019105080973613298,0.0,1.0,0.0,0.018924870585949317,0.1775852069963264,0.06636936511756807,0.6547746047027228,12081.654432888876
ppo_hybrid_regime_aware_policy_seed_23,2022-07-18,12210.812133591888,-0.008256933075751371,0.0,1.0,0.0,-0.008672739646536072,0.18437583090266565,0.056184717373725206,0.247388694949008,12312.475419124432
ppo_hybrid_regime_aware_policy_seed_23,2022-07-19,12355.902371574537,0.011882112049165672,0.54,0.4666291719427327,0.5333708280572673,0.008410074009784234,0.17468449313544357,0.06104347032744894,0.4417388130979574,12204.218295039747
ppo_hybrid_regime_aware_policy_seed_23,2022-07-20,12428.016254347081,0.005836391434950627,0.5333708280572673,1.0,0.0,0.0050193694408801155,0.16986762878004727,0.05728263352024226,0.29130534080969,12349.312093695216
ppo_hybrid_regime_aware_policy_seed_23,2022-07-21,12554.573159551539,0.010183194374258298,0.0,1.0,0.0,0.01013169497427413,0.16141422948755058,0.054324121044244306,0.1729648417697721,12428.016254347081
ppo_hybrid_regime_aware_policy_seed_23,2022-07-22,12438.090617489117,-0.009278096561475047,0.0,1.0,0.0,-0.009715442805844469,0.16919470924144403,0.05064425632731676,0.0257702530926703,12554.573159551539
ppo_hybrid_regime_aware_policy_seed_23,2022-07-25,12453.202162202171,0.001214940876199,0.0,1.0,0.0,0.0012142034327723445,0.1681853299335391,0.050172644071808783,0.0069057628723514,12438.090617489117
ppo_hybrid_regime_aware_policy_seed_23,2022-07-26,12305.868204040471,-0.011831009907547041,0.0,1.0,0.0,-0.012409401302646937,0.17802653753633838,0.051604240704382964,0.0641696281753185,12453.202162202171
ppo_hybrid_regime_aware_policy_seed_23,2022-07-27,12625.406904138219,0.025966367817333857,0.0,1.0,0.0,0.025634966306172267,0.15668287227391953,0.05771619083114923,0.3086476332459689,12305.868204040471
ppo_hybrid_regime_aware_policy_seed_23,2022-07-28,12783.759636940013,0.0125423864754719,0.0,1.0,0.0,0.012464382307969712,0.14610566293659405,0.05084027559843978,0.0336110239375911,12625.406904138219
ppo_hybrid_regime_aware_policy_seed_23,2022-07-29,12970.130551346907,0.014578724858715031,0.0,1.0,0.0,0.014473476936627172,0.13365697233813184,0.04648544747526523,-0.1405821009893909,12783.759636940013
ppo_hybrid_regime_aware_policy_seed_23,2022-08-01,12931.72288251903,-0.002961239956361772,0.0,1.0,0.0,-0.0030726073801288366,0.13622242192755957,0.04169806269118357,-0.3320774923526572,12970.130551346907
ppo_hybrid_regime_aware_policy_seed_23,2022-08-02,12846.407841380767,-0.006597345296781021,0.0,1.0,0.0,-0.006896879623387593,0.14192106086972073,0.048726661649501776,-0.050933534019929,12931.72288251903
ppo_hybrid_regime_aware_policy_seed_23,2022-08-03,13047.576137164133,0.01565949783529086,0.0,1.0,0.0,0.015538153058459705,0.12848397557990146,0.053792148460774625,0.151685938430985,12846.407841380767
ppo_hybrid_regime_aware_policy_seed_23,2022-08-04,13038.761309600888,-0.0006755911956809468,0.0,1.0,0.0,-0.0007019341281764825,0.12907276413289454,0.04435313457370954,-0.2258746170516185,13047.576137164133
ppo_hybrid_regime_aware_policy_seed_23,2022-08-05,13016.723760320707,-0.0016901566611203789,0.0,1.0,0.0,-0.001753204729315207,0.13054476760194653,0.04186005216297958,-0.3255979134808168,13038.761309600888
ppo_hybrid_regime_aware_policy_seed_23,2022-08-08,13001.612215607654,-0.0011609330420851993,0.0,1.0,0.0,-0.0012023774991899534,0.13155414690985132,0.040391210728859886,-0.3843515708456047,13016.723760320707
ppo_hybrid_regime_aware_policy_seed_23,2022-08-09,12949.982785806988,-0.003971002129927292,0.0,1.0,0.0,-0.004120057606726289,0.13500274724219885,0.040929681364328986,-0.3628127454268405,13001.612215607654
ppo_hybrid_regime_aware_policy_seed_23,2022-08-10,13221.983865432883,0.021003972292843898,0.0,1.0,0.0,0.020786429765404738,0.11683436891188788,0.0431026548846836,-0.2758938046126559,12949.982785806988
ppo_hybrid_regime_aware_policy_seed_23,2022-08-11,13221.983865432883,0.0,0.0,1.0,0.0,0.0,0.11683436891188788,0.03330500550235457,-0.6677997799058171,13221.983865432883
ppo_hybrid_regime_aware_policy_seed_23,2022-08-12,13445.81899791375,0.016929012677594724,0.0,1.0,0.0,0.01678731391991028,0.10188324674678126,0.035389116790894855,-0.5844353283642059,13221.983865432883
ppo_hybrid_regime_aware_policy_seed_23,2022-08-15,13501.226073706644,0.004120766150540245,0.0,1.0,0.0,0.0041122990463738915,0.09818231763074224,0.0320349298876745,-0.7186028044930198,13445.81899791375
ppo_hybrid_regime_aware_policy_seed_23,2022-08-16,13527.671517140523,0.0019587438421893033,0.0,1.0,0.0,0.0019568280048181492,0.09641588779862402,0.0339143759818993,-0.643424960724028,13501.226073706644
ppo_hybrid_regime_aware_policy_seed_23,2022-08-17,13431.651864698755,-0.0070980177423811686,0.0,1.0,0.0,-0.007332013488461726,0.10282954385876313,0.03253760011630193,-0.6984959953479226,13527.671517140523
ppo_hybrid_regime_aware_policy_seed_23,2022-08-18,13470.689781688101,0.002906412210693654,0.0,1.0,0.0,0.0029021967606395493,0.1002219966899607,0.033496942262566706,-0.6601223094973319,13431.651864698755
ppo_hybrid_regime_aware_policy_seed_23,2022-08-19,13289.670212188808,-0.013438032679318979,0.0,1.0,0.0,-0.01391482947485972,0.11231324290257337,0.03189822648669394,-0.7240709405322424,13470.689781688101
ppo_hybrid_regime_aware_policy_seed_23,2022-08-22,13012.946114328483,-0.020822495475209313,0.0,1.0,0.0,-0.02172575233882485,0.13079709638563777,0.036973433662731044,-0.5210626534907583,13289.670212188808
ppo_hybrid_regime_aware_policy_seed_23,2022-08-23,12981.464450067737,-0.0024192572522898637,0.0,1.0,0.0,-0.0025323972529986234,0.1328999218139182,0.05240989955970299,0.0963959823881194,13012.946114328483
ppo_hybrid_regime_aware_policy_seed_23,2022-08-24,13023.020477470516,0.003201181774415529,0.0,1.0,0.0,0.0031960689006255184,0.13012417684703467,0.053793583504387614,0.1517433401755043,12981.464450067737
ppo_hybrid_regime_aware_policy_seed_23,2022-08-25,13206.87328146398,0.014117523988503633,0.0,1.0,0.0,0.014018799822279613,0.11784368404665331,0.0473878767316514,-0.1044849307339439,13023.020477470516
ppo_hybrid_regime_aware_policy_seed_23,2022-08-26,12994.214206904044,-0.01610215151063854,0.54,0.45145890823051665,0.5485410917694833,-0.020234372471263196,0.1320482987022008,0.042181548476035384,-0.3127380609585847,13199.74156989199
ppo_hybrid_regime_aware_policy_seed_23,2022-08-29,12959.179145611344,-0.0026962046903986625,0.05145890823051663,0.39840886249830404,0.601591137501696,-0.00611885884607634,0.13438847415027944,0.060604211094930395,0.4241684437972159,12993.545538827642
ppo_hybrid_regime_aware_policy_seed_23,2022-08-30,12902.25302543871,-0.004392725768584849,0.0015911375016959828,0.3973536947279902,0.6026463052720098,-0.007846805525503138,0.13819086820546359,0.06364850139978044,0.5459400559912172,12959.158525775414
ppo_hybrid_regime_aware_policy_seed_23,2022-08-31,12862.949443096812,-0.0030462572904441654,0.002646305272009819,0.3981682534375766,0.6018317465624234,-0.006421581555092329,0.14081616055616403,0.06349979293061647,0.5399917172246588,12902.218882138508
ppo_hybrid_regime_aware_policy_seed_23,2022-09-01,12879.070722082644,0.0012533112298349636,0.0018317465624234086,0.4007521431164241,0.599247856883576,-0.0019502211289151334,0.13973933580169634,0.06167424179274892,0.4669696717099568,12862.925881433386
ppo_hybrid_regime_aware_policy_seed_23,2022-09-02,12824.740090713072,-0.004218521082923754,0.0007521431164240755,0.3974586177615631,0.6025413822384369,-0.007646278812702716,0.1433683635504269,0.059990296718001795,0.3996118687200717,12879.061035178254
ppo_hybrid_regime_aware_policy_seed_23,2022-09-06,12805.351678151244,-0.0015117976991882998,0.002541382238436918,0.3990930751228876,0.6009069248771124,-0.004793677735578698,0.14466341728746326,0.05939834126535681,0.3759336506142725,12824.707498146394
ppo_hybrid_regime_aware_policy_seed_23,2022-09-07,12897.359047486234,0.007185071651876207,0.0009069248771124139,0.4042808290823658,0.5957191709176342,0.003958021618472487,0.1385177626542028,0.06644276248978202,0.6577104995912809,12805.340064659247
ppo_hybrid_regime_aware_policy_seed_23,2022-09-08,12931.024052090961,0.0026102246576820143,0.004280829082365767,0.401564619284223,0.598435380715777,-0.0005995973058467886,0.1362691004761277,0.05493916694306503,0.1975666777226014,12897.303836096538
ppo_hybrid_regime_aware_policy_seed_23,2022-09-09,13011.358341729872,0.006212523410001891,0.0015646192842229678,0.4037054327299923,0.5962945672700077,0.0029909583119944088,0.13090315204289374,0.04964715029573267,-0.0141139881706934,12931.003819961365
ppo_hybrid_regime_aware_policy_seed_23,2022-09-12,13067.246539128464,0.0042953391898636895,0.0037054327299922973,0.4025683946473722,0.5974316053526278,0.0010805824028303644,0.1271700862920766,0.04542539874293956,-0.1829840502824177,13011.31012901681
ppo_hybrid_regime_aware_policy_seed_23,2022-09-13,12839.935043218413,-0.017395515974187203,0.0025683946473721853,0.3893794820628463,0.6106205179371538,-0.021524088739366426,0.1423534129987312,0.05082155800160848,0.0328623200643394,13067.212977282397
ppo_hybrid_regime_aware_policy_seed_23,2022-09-14,12859.3964355174,0.001515692426284243,0.01062051793715374,0.40091440181462784,0.5990855981853722,-0.0017013858530262364,0.14105348456238492,0.06785340935704501,0.7141363742818002,12839.798676457975
ppo_hybrid_regime_aware_policy_seed_23,2022-09-15,12800.986112504468,-0.004542228968974271,0.0009144018146278188,0.3972627781714199,0.60273722182858,-0.007996308652357818,0.14495501630760513,0.062119400659061755,0.4847760263624702,12859.384676861964
ppo_hybrid_regime_aware_policy_seed_23,2022-09-16,12741.100456762937,-0.004678206445598132,0.0027372218285801053,0.39718153309569987,0.6028184669043002,-0.008143451534718014,0.1489550932615913,0.06253934682007636,0.5015738728030542,12800.951073365854
ppo_hybrid_regime_aware_policy_seed_23,2022-09-19,12780.586964497013,0.0030991442119205903,0.0028184669043001542,0.4018554273702997,0.5981445726297003,-0.00010987593675302948,0.1463175823647884,0.06255891442586115,0.5023565770344456,12741.064546392976
ppo_hybrid_regime_aware_policy_seed_23,2022-09-20,12721.882304262928,-0.004593267930272704,0.0018554273702997004,0.39723244035529753,0.6027675596447024,-0.00804080777918506,0.15023877443634986,0.05972042013230194,0.3888168052920775,12780.563251046151
ppo_hybrid_regime_aware_policy_seed_23,2022-09-21,12633.0802510388,-0.006980260554239837,0.0027675596447024886,0.39578407595493154,0.6042159240450684,-0.010605090347160737,0.15617032919967427,0.06679571965414696,0.6718287861658783,12721.847095694859
ppo_hybrid_regime_aware_policy_seed_23,2022-09-22,12596.398956229727,-0.0029035907379799664,0.056861799458044315,0.33703488720471103,0.6629651127952889,-0.007019899786964812,0.1586204652162428,0.07090931083766759,0.8363724335067033,12632.361911363028
ppo_hybrid_regime_aware_policy_seed_23,2022-09-23,12513.693925754904,-0.006565767785079557,0.051768809427674256,0.38479605126950883,0.6152039487304912,-0.010061485095031894,0.1641447678607512,0.06752858425584347,0.7011433702337387,12595.746855652687
ppo_hybrid_regime_aware_policy_seed_23,2022-09-26,12480.455990677674,-0.0026561249839123224,0.12934395242307328,0.25356577903157773,0.7464342209684223,-0.005558904507286772,0.1663649038257701,0.08031307420229744,1.2125229680918972,12512.075355123134
ppo_hybrid_regime_aware_policy_seed_23,2022-09-27,12473.921694774283,-0.000523562272746414,0.07966032058126032,0.17353856137718496,0.8264614386228151,-0.0021837305952082165,0.1668013637113643,0.09177643341290365,1.671057336516146,12479.461793552457
ppo_hybrid_regime_aware_policy_seed_23,2022-09-28,12511.562644412119,0.003017571422915477,0.019199543509142963,0.15689937053896608,0.8431006294610339,0.0016904616571961416,0.16428712731688755,0.09305759742289876,1.72230389691595,12473.682201171974
ppo_hybrid_regime_aware_policy_seed_23,2022-09-29,12441.258733252138,-0.00561911514637059,0.10700542987607303,0.2598244348693011,0.7401755651306989,-0.008822690766649427,0.16898309417779814,0.08064085487320603,1.225634194928241,12510.223839272932
ppo_hybrid_regime_aware_policy_seed_23,2022-09-30,12399.048627063119,-0.0033927520594200233,0.04320571576834897,0.2139858144029955,0.7860141855970045,-0.005718118307908671,0.1718025284964393,0.08861386600607596,1.544554640243038,12440.721199763508
ppo_hybrid_regime_aware_policy_seed_23,2022-10-03,12462.98555468321,0.0051565994733286935,0.01798448498099839,0.20014034480075021,0.7998596551992498,0.003364037275913995,0.1675318458510719,0.08718388578321987,1.4873554313287944,12398.825636559306
ppo_hybrid_regime_aware_policy_seed_23,2022-10-04,12577.824689174644,0.009214416079322385,0.10050049096127373,0.30709582903575056,0.6929041709642494,0.005811210021143345,0.15986113790595824,0.07938195326590654,1.1752781306362612,12461.73301851612
ppo_hybrid_regime_aware_policy_seed_23,2022-10-05,12567.454527665646,-0.0008244797304197693,0.03290417096424947,0.33947712903424654,0.6605228709657535,-0.00479750619352337,0.1605538153684927,0.0741039503766869,0.964158015067476,12577.410826280713
ppo_hybrid_regime_aware_policy_seed_23,2022-10-06,12523.369251104186,-0.003507892267635593,0.0005228709657534858,0.33767698731998014,0.6623230126800199,-0.007596994624729623,0.16349850214865774,0.07136615393306389,0.8546461573225558,12567.44795650856
ppo_hybrid_regime_aware_policy_seed_23,2022-10-07,12404.569729623468,-0.009486226837098433,0.002323012680019887,0.33368067694391695,0.6663193230560831,-0.014048713698573757,0.1714337451068482,0.08086979889907092,1.2347919559628366,12523.340159158619
ppo_hybrid_regime_aware_policy_seed_23,2022-10-10,12375.374567908055,-0.002353581168211938,0.029254207141060473,0.3028059153868565,0.6971940846131435,-0.005836658159416407,0.17338384304098062,0.08471690700684485,1.388676280273794,12404.206843771102
ppo_hybrid_regime_aware_policy_seed_23,2022-10-11,12354.146602883551,-0.0017153391930093687,0.03792636445301856,0.26364433164197704,0.736355668358023,-0.004563659841983074,0.17480177013258716,0.08972005007492792,1.5888020029971168,12374.90521494195
ppo_hybrid_regime_aware_policy_seed_23,2022-10-12,12356.335116204584,0.00017714807759539042,0.4555466877897431,-0.19114837933172468,1.1911483793317248,-0.007901842532129883,0.17465558785253102,0.09503217697171096,1.8012870788684383,12348.518712318139
ppo_hybrid_regime_aware_policy_seed_23,2022-10-13,12401.315928758615,0.003640303709069981,0.34209961224188096,0.1543202233916251,0.8456797766083749,0.0018610139956080113,0.17165108352773042,0.09426435000574647,1.770574000229859,12352.108018752599
ppo_hybrid_regime_aware_policy_seed_23,2022-10-14,12312.779484020462,-0.007139278222308421,0.152323253094581,0.3017641911029273,0.6982358088970727,-0.011209192490720929,0.17756489690757365,0.08600955459741189,1.4403821838964752,12399.426919973694
ppo_hybrid_regime_aware_policy_seed_23,2022-10-17,12407.219194086729,0.007670056154975402,0.0031591877459936635,0.30394599251968174,0.6960540074803183,0.004458333067853981,0.17125677348303173,0.08611656496379201,1.44466259855168,12312.740585638398
ppo_hybrid_regime_aware_policy_seed_23,2022-10-18,12456.335336192229,0.003958674489196401,0.036054007480318284,0.3426261248344191,0.6573738751655809,2.4778543850967243e-05,0.16797604881412462,0.08272154546527158,1.3088618186108631,12406.771864113096
ppo_hybrid_regime_aware_policy_seed_23,2022-10-19,12426.290374308703,-0.002412022563026972,0.002626124834419097,0.3384059534746071,0.6615940465253929,-0.006447979922283116,0.16998290935736382,0.07828374524370481,1.131349809748192,12456.302624300657
ppo_hybrid_regime_aware_policy_seed_23,2022-10-20,12390.84309163833,-0.0028526037620737466,0.0015940465253929115,0.3381129505834734,0.6618870494165265,-0.00691898276953597,0.17235061923271647,0.07936424617863513,1.1745698471454054,12426.270566223708
ppo_hybrid_regime_aware_policy_seed_23,2022-10-21,12527.8292205174,0.011055432456530179,0.12188704941652662,0.4659697543175712,0.5340302456824289,0.008219937294994333,0.16320059740595477,0.07537261358927672,1.0149045435710684,12389.332808334106
ppo_hybrid_regime_aware_policy_seed_23,2022-10-24,12632.179656626759,0.008329490630224923,0.23403024568242875,0.7025478341024882,0.2974521658975118,0.007143946493678299,0.1562304846226698,0.07379208600173405,0.951683440069362,12524.897329567055
ppo_hybrid_regime_aware_policy_seed_23,2022-10-25,12773.349750135287,0.0111754342754673,0.0025478341024882667,0.7033163331694995,0.2966836668305005,0.010309628728395432,0.1468009938599275,0.07442688388900966,0.977075355560386,12632.14747192864
ppo_hybrid_regime_aware_policy_seed_23,2022-10-26,12673.353011505038,-0.007828544632874412,0.2966836668305005,1.0,0.0,-0.008754255593837594,0.15348030036021912,0.06735452748402121,0.6941810993608485,12769.560105893708
ppo_hybrid_regime_aware_policy_seed_23,2022-10-27,12605.677595506542,-0.00533997718970336,0.0,1.0,0.0,-0.005631305442485295,0.15800069624693014,0.061282157638404805,0.451286305536192,12673.353011505038
ppo_hybrid_regime_aware_policy_seed_23,2022-10-28,12905.575077448715,0.023790667313994707,0.0,1.0,0.0,0.02351207926820392,0.13796897093272567,0.06168545111473109,0.4674180445892433,12605.677595506542
ppo_hybrid_regime_aware_policy_seed_23,2022-10-31,12812.354586255382,-0.007223272936998204,0.0,1.0,0.0,-0.007580775908985806,0.14419565633583997,0.05320468333857731,0.1281873335430924,12905.575077448715
ppo_hybrid_regime_aware_policy_seed_23,2022-11-01,12756.28946362778,-0.004375864112264538,0.0,1.0,0.0,-0.00458655525616769,0.14794053985040004,0.05369700494477897,0.147880197791159,12812.354586255382
ppo_hybrid_regime_aware_policy_seed_23,2022-11-02,12436.15496091557,-0.025096208707478307,0.0,1.0,0.0,-0.026553372091079802,0.16932400189349572,0.05316649092312479,0.1266596369249917,12756.28946362778
ppo_hybrid_regime_aware_policy_seed_23,2022-11-03,12370.566683484272,-0.005273999691820297,0.54,0.45743008644311006,0.54256991355689,-0.008923228344388984,0.17370498685151192,0.05324647888436819,0.1298591553747276,12429.439437236675
ppo_hybrid_regime_aware_policy_seed_23,2022-11-04,12452.438237849168,0.006618254155988046,0.002569913556889958,0.4635517386882199,0.53644826131178,0.004000594793855718,0.16823635644666982,0.05012272064725237,0.0049088258900947,12370.534892197245
ppo_hybrid_regime_aware_policy_seed_23,2022-11-07,12564.809044643567,0.009024000332147564,0.53644826131178,1.0,0.0,0.008178854952460696,0.16073052105097624,0.04596058263914546,-0.161576694434182,12445.758149007383
ppo_hybrid_regime_aware_policy_seed_23,2022-11-08,12632.601397150367,0.00539541446797398,0.0,1.0,0.0,0.005380911362787851,0.15620231436172569,0.044699450205142745,-0.2120219917942902,12564.809044643567
ppo_hybrid_regime_aware_policy_seed_23,2022-11-09,12372.343514132175,-0.02060208145860598,0.0,1.0,0.0,-0.021701663540896022,0.17358630301582864,0.0508743191102711,0.0349727644108438,12632.601397150367
ppo_hybrid_regime_aware_policy_seed_23,2022-11-10,13052.255173514637,0.054954153075837286,0.0,1.0,0.0,0.05349730918360149,0.1281714382077919,0.05366729107874773,0.1466916431499088,12372.343514132175
ppo_hybrid_regime_aware_policy_seed_23,2022-11-11,13178.581429695396,0.009678500343534235,0.0,1.0,0.0,0.009631963688169676,0.119733445172983,0.039719132628385244,-0.4112346948645904,13052.255173514637
ppo_hybrid_regime_aware_policy_seed_23,2022-11-14,13066.474875286465,-0.00850672396016161,0.0,1.0,0.0,-0.008798232432964627,0.1272216297662589,0.03406964407879226,-0.6372142368483097,13178.581429695396
ppo_hybrid_regime_aware_policy_seed_23,2022-11-15,13177.91939106074,0.008529042212070292,0.0,1.0,0.0,0.008492875431373566,0.11977766620475343,0.040418194190549164,-0.3832722323780335,13066.474875286465
ppo_hybrid_regime_aware_policy_seed_23,2022-11-16,13077.388420705953,-0.007628743762310597,0.0,1.0,0.0,-0.007957764728160475,0.12649265684314037,0.04464239378620416,-0.2143042485518335,13177.91939106074
ppo_hybrid_regime_aware_policy_seed_23,2022-11-17,13037.37343310815,-0.0030598607543418366,0.0,1.0,0.0,-0.0031769001103115887,0.12916546768109544,0.04203380535543786,-0.3186477857824856,13077.388420705953
ppo_hybrid_regime_aware_policy_seed_23,2022-11-18,13096.56836621153,0.004540403280391958,0.0,1.0,0.0,0.004530126744089201,0.1252115277138761,0.0408184397676399,-0.3672624092944041,13037.37343310815
ppo_hybrid_regime_aware_policy_seed_23,2022-11-21,13048.948007957057,-0.0036360943510462818,0.0,1.0,0.0,-0.0037574636983860312,0.12839234113631606,0.036073378950628884,-0.5570648419748447,13096.56836621153
ppo_hybrid_regime_aware_policy_seed_23,2022-11-22,13224.54770056846,0.01345699994392846,0.0,1.0,0.0,0.013367258722167092,0.11666311691985982,0.03159728722475378,-0.7361085110098488,13048.948007957057
ppo_hybrid_regime_aware_policy_seed_23,2022-11-23,13307.883832116408,0.006301624330362854,0.0,1.0,0.0,0.006281852116995351,0.11109665972553509,0.025428382411465125,-0.982864703541395,13224.54770056846
ppo_hybrid_regime_aware_policy_seed_23,2022-11-25,13304.906676670922,-0.0002237136634978265,0.0,1.0,0.0,-0.0002277223601021411,0.1112955195482833,0.02003254812807825,-1.19869807487687,13307.883832116408
ppo_hybrid_regime_aware_policy_seed_23,2022-11-28,13092.60017122453,-0.015957008238070114,0.0,1.0,0.0,-0.01638026234303042,0.12547658426406114,0.020772084438243417,-1.1691166224702634,13304.906676670922
ppo_hybrid_regime_aware_policy_seed_23,2022-11-29,13070.113060161373,-0.0017175435565947028,0.0,1.0,0.0,-0.0017650881490474234,0.1269786163218496,0.03067039961519277,-0.7731840153922894,13092.60017122453
ppo_hybrid_regime_aware_policy_seed_23,2022-11-30,13481.829437346407,0.03150059798946758,0.0,1.0,0.0,0.031014633257035917,0.0994779206783954,0.02888563859725432,-0.8445744561098272,13070.113060161373
ppo_hybrid_regime_aware_policy_seed_23,2022-12-01,13471.908949878905,-0.0007358413421267862,0.0,1.0,0.0,-0.0007504516417687981,0.10014056205385823,0.021639813101177192,-1.1344074759529124,13481.829437346407
ppo_hybrid_regime_aware_policy_seed_23,2022-12-02,13456.366180042998,-0.0011537169597666264,0.0,1.0,0.0,-0.0011727531791006036,0.10117874514882276,0.017694543166992205,-1.2922182733203118,13471.908949878905
ppo_hybrid_regime_aware_policy_seed_23,2022-12-05,13214.296193783635,-0.017989253786685366,0.0,1.0,0.0,-0.01837286739801297,0.11734786881120755,0.013596278054639222,-1.4561488778144311,13456.366180042998
ppo_hybrid_regime_aware_policy_seed_23,2022-12-06,13023.814760765745,-0.014414799715742554,0.0,1.0,0.0,-0.014817078290175716,0.13007112250096733,0.023372640084762517,-1.0650943966094994,13214.296193783635
ppo_hybrid_regime_aware_policy_seed_23,2022-12-07,13001.658669019915,-0.0017011983165312605,0.0,1.0,0.0,-0.0017493260036913639,0.13155104404287066,0.031541541056946724,-0.7383383577221311,13023.814760765745
ppo_hybrid_regime_aware_policy_seed_23,2022-12-08,13103.512707438782,0.007833926502128774,0.0,1.0,0.0,0.007803400621268784,0.12474767875105204,0.0344019340587464,-0.6239226376501441,13001.658669019915
ppo_hybrid_regime_aware_policy_seed_23,2022-12-09,13051.433637441614,-0.003974435799005471,0.54,0.45813800428611423,0.5418619957138857,-0.00749602701989617,0.12822631290978648,0.032102301173846416,-0.7159079530461435,13096.436810576764
ppo_hybrid_regime_aware_policy_seed_23,2022-12-12,13125.936754975717,0.005708424040127724,0.05813800428611421,0.403440298543736,0.596559701456264,0.002404985722032363,0.12324985903684996,0.035125643131503535,-0.5949742747398588,13050.674853136861
ppo_hybrid_regime_aware_policy_seed_23,2022-12-13,13170.89796064993,0.003425371195482141,0.056559701456264044,0.4618738241411084,0.5381261758588916,0.0007426784218799308,0.12024666435835993,0.04729299201220982,-0.108280319511607,13125.194355911523
ppo_hybrid_regime_aware_policy_seed_23,2022-12-14,13132.137427978825,-0.0029428921844895095,0.0018738241411083711,0.4584071625364892,0.5415928374635108,-0.00562808308220247,0.12283568357409828,0.03323317927738648,-0.6706728289045408,13170.873280703372
ppo_hybrid_regime_aware_policy_seed_23,2022-12-15,12984.34912814965,-0.011253941000823109,0.001592837463510799,0.4538545717043214,0.5461454282956786,-0.014160958363536095,0.13270723903918274,0.025206094263823253,-0.99175622944707,13132.116510618354
ppo_hybrid_regime_aware_policy_seed_23,2022-12-16,12898.875877938128,-0.006582790509400138,0.0538545717043214,0.3960566803904815,0.6039433196095185,-0.010083615649516453,0.1384164455949071,0.034730073075081414,-0.6107970769967433,12983.649861588494
ppo_hybrid_regime_aware_policy_seed_23,2022-12-19,12855.073942505915,-0.003395794784499806,0.003943319609518547,0.39795795475447143,0.6020420452455286,-0.006705362024736764,0.14134220653536678,0.03345231055786457,-0.661907577685417,12898.825013547937
ppo_hybrid_regime_aware_policy_seed_23,2022-12-20,12862.084033180248,0.0005453170246771943,0.00204204524552859,0.40032823644903004,0.59967176355097,-0.0026578946744881373,0.14087396582221867,0.03227375921766037,-0.7090496312935853,12855.047691863288
ppo_hybrid_regime_aware_policy_seed_23,2022-12-21,12939.00761279968,0.005980646637122833,0.00032823644903001714,0.4035672504596778,0.5964327495403222,0.002762341202556895,0.1357358365950486,0.02692826830569053,-0.9228692677723788,12862.079811375459
ppo_hybrid_regime_aware_policy_seed_23,2022-12-22,12865.125863904543,-0.005710001192212877,0.003567250459677762,0.3965564771151704,0.6034435228848296,-0.009024930422130284,0.1406707859984777,0.018888536905674908,-1.2444585237730037,12938.961456118825
ppo_hybrid_regime_aware_policy_seed_23,2022-12-23,12894.682907307082,0.0022974546627225756,0.0034435228848296306,0.401377374455998,0.5986226255440019,-0.0009103457353039044,0.13869651608895622,0.029631296704841232,-0.8147481318063508,12865.081562549214
ppo_hybrid_regime_aware_policy_seed_23,2022-12-27,12874.325045578902,-0.0015787795539077276,0.001377374455998004,0.3990520621073658,0.6009479378926341,-0.004813552489229445,0.1400563244190645,0.02313508986508353,-1.0745964053966588,12894.665146500227
ppo_hybrid_regime_aware_policy_seed_23,2022-12-28,12810.312717638275,-0.004972091951539581,0.0009479378926341986,0.39700240929519454,0.6029975907048055,-0.008303230792218516,0.14433204344719783,0.027437480720181602,-0.902500771192736,12874.31284151835
ppo_hybrid_regime_aware_policy_seed_23,2022-12-29,12902.509907635735,0.007197106895799221,0.002997590704805486,0.4042891929120181,0.595710807087982,0.003966834935060806,0.13817370969657716,0.030063342135628904,-0.7974663145748441,12810.274317563946
ppo_hybrid_regime_aware_policy_seed_23,2022-12-30,12888.86015252256,-0.0010579147166627223,0.004289192912018069,0.3993671551899116,0.6006328448100884,-0.004288360896624909,0.13908544841229598,0.025722724543379386,-0.9710910182648248,12902.45456628169
