baseline,date,portfolio_value,daily_returns,turnover,weight_spy,weight_cash,reward,drawdown,lambda_rrc,vix_zscore_t,nav_after_cost
ppo_hybrid_regime_aware_policy_seed_7,2020-01-02,10000.0,0.0,0.0,0.0,1.0,0.0,0.0,,,10000.0
ppo_hybrid_regime_aware_policy_seed_7,2020-01-03,9914.353387491616,-0.008564661250838435,1.0,1.0,0.0,-0.01028970306929445,0.008564661250838435,0.02196868405794555,-1.121252637682178,9990.0
ppo_hybrid_regime_aware_policy_seed_7,2020-01-06,9952.177162965203,0.0038150521769082513,0.0,1.0,0.0,0.00380779332143604,0.004782283703479697,0.03712433531275174,-0.5150265874899304,9914.353387491616
ppo_hybrid_regime_aware_policy_seed_7,2020-01-07,9924.193856654649,-0.0028117773480448305,0.0,1.0,0.0,-0.0029152208319304846,0.00758061433453513,0.035550842754480054,-0.577966289820798,9952.177162965203
ppo_hybrid_regime_aware_policy_seed_7,2020-01-08,9977.085205357462,0.005329536027487647,0.0,1.0,0.0,0.005315384309479369,0.0022914794642538254,0.035071771634949366,-0.5971291346020252,9924.193856654649
ppo_hybrid_regime_aware_policy_seed_7,2020-01-09,10044.736319366033,0.006780649119067839,0.0,1.0,0.0,0.006757763910630538,0.0,0.03170709135644319,-0.7317163457422727,9977.085205357462
ppo_hybrid_regime_aware_policy_seed_7,2020-01-10,10015.830527723869,-0.002877705369570993,0.0,1.0,0.0,-0.0029463602473626302,0.0028777053695709857,0.022415888570817583,-1.1033644571672967,10044.736319366033
ppo_hybrid_regime_aware_policy_seed_7,2020-01-13,10084.712873426308,0.006877347366428754,0.0,1.0,0.0,0.006853806284860935,0.0,0.02279942373867406,-1.0880230504530377,10015.830527723869
ppo_hybrid_regime_aware_policy_seed_7,2020-01-14,10069.337492273617,-0.0015246225991427664,0.0,1.0,0.0,-0.0015570625454407094,0.0015246225991427196,0.02051427455748325,-1.17942901770067,10084.712873426308
ppo_hybrid_regime_aware_policy_seed_7,2020-01-15,10092.092756079188,0.0022598570981489097,0.0,1.0,0.0,0.0022573074615838975,0.0,0.021444797500769254,-1.14220809996923,10069.337492273617
ppo_hybrid_regime_aware_policy_seed_7,2020-01-16,10176.04267501085,0.008318385587676502,0.0,1.0,0.0,0.008283978494246641,0.0,0.02196743423231929,-1.1213026307072285,10092.092756079188
ppo_hybrid_regime_aware_policy_seed_7,2020-01-17,10207.715922647845,0.0031125309364881115,0.0,1.0,0.0,0.0031076970399105484,0.0,0.021110771295542913,-1.1555691481782835,10176.04267501085
ppo_hybrid_regime_aware_policy_seed_7,2020-01-21,10187.727176398314,-0.001958199699227836,0.0,1.0,0.0,-0.001997385860478398,0.0019581996992277854,0.01903094031567772,-1.2387623873728912,10207.715922647845
ppo_hybrid_regime_aware_policy_seed_7,2020-01-22,10188.957469653391,0.00012076228915192111,0.0,1.0,0.0,0.00012075499797367417,0.0018376738867541288,0.02714078310667269,-0.9143686757330924,10187.727176398314
ppo_hybrid_regime_aware_policy_seed_7,2020-01-23,10200.642909479642,0.0011468729613461903,0.0,1.0,0.0,0.001146215804953398,0.0006929085039004807,0.027874852178532052,-0.8850059128587179,10188.957469653391
ppo_hybrid_regime_aware_policy_seed_7,2020-01-24,10109.927785303242,-0.008893079091328415,0.0,1.0,0.0,-0.009188544349684698,0.009579825505100613,0.028771036533955793,-0.8491585386417684,10200.642909479642
ppo_hybrid_regime_aware_policy_seed_7,2020-01-27,9947.87160579183,-0.016029410194896898,0.0,1.0,0.0,-0.016888458693326593,0.025455676747380772,0.045930633652293995,-0.1627746539082402,10109.927785303242
ppo_hybrid_regime_aware_policy_seed_7,2020-01-28,10017.837227013923,0.007033225195765214,0.30000000000000004,0.7021846027555861,0.29781539724441386,0.005758607428239833,0.018601487058690483,0.08554204613274374,1.4216818453097495,9944.887244310092
ppo_hybrid_regime_aware_policy_seed_7,2020-01-29,10006.581234924082,-0.001123595027027191,0.29781539724441386,1.0,0.0,-0.0016422565788129608,0.019704181547363173,0.06466591655895661,0.5866366623582641,10014.85376084063
ppo_hybrid_regime_aware_policy_seed_7,2020-01-30,10039.056134922424,0.003245354156022895,0.0,1.0,0.0,0.0032400993602699547,0.016522774438815988,0.06607183339398613,0.6428733357594455,10006.581234924082
ppo_hybrid_regime_aware_policy_seed_7,2020-01-31,9949.827747187994,-0.008888125191773288,0.54,0.45545158551911225,0.5445484144808878,-0.01282247909709244,0.025264043142861698,0.05635553780463044,0.2542215121852175,10033.635044609566
ppo_hybrid_regime_aware_policy_seed_7,2020-02-03,9973.806436910883,0.002409960285962409,0.11545158551911222,0.34166276463843426,0.6583372353615657,-0.0016381163894132688,0.022914968197536457,0.09273243329032357,1.7092973316129427,9948.679023798939
ppo_hybrid_regime_aware_policy_seed_7,2020-02-04,10042.544118188658,0.0068918202606571555,0.11833723536156576,0.4637595747345233,0.5362404252654767,0.004098674367482428,0.016181073778975437,0.0830755727155784,1.3230229086231358,9972.626164231107
ppo_hybrid_regime_aware_policy_seed_7,2020-02-05,10095.853000981493,0.005308304565601496,0.0037595747345232633,0.46285336808892785,0.5371466319110721,0.0026966258164647016,0.010958663281191243,0.06219770898513473,0.4879083594053889,10042.506362493521
ppo_hybrid_regime_aware_policy_seed_7,2020-02-06,10111.450847355052,0.001544975582751018,0.0028533680889278323,0.46083453829216925,0.5391654617078308,-0.0010524967163210545,0.009430618565629337,0.05243970020511787,0.0975880082047145,10095.82419379671
ppo_hybrid_regime_aware_policy_seed_7,2020-02-07,10086.652771575764,-0.0024524745413537774,0.000834538292169229,0.4586728596203528,0.5413271403796471,-0.005171162195347892,0.011859964755041696,0.05039364312487842,0.0157457249951368,10111.442408962132
ppo_hybrid_regime_aware_policy_seed_7,2020-02-10,10156.451953941774,0.006919954909393233,0.5413271403796471,1.0,0.0,0.006084131196546679,0.00502208026698036,0.05597764789693793,0.2391059158775173,10081.192592674925
ppo_hybrid_regime_aware_policy_seed_7,2020-02-11,10174.053590831882,0.001733049786473595,0.0,1.0,0.0,0.0017315497884897969,0.003297733995641185,0.05133217854544067,0.0532871418176267,10156.451953941774
ppo_hybrid_regime_aware_policy_seed_7,2020-02-12,10239.602694138466,0.006442771577855,0.0,1.0,0.0,0.006422105641496987,0.0,0.0528898940800269,0.1155957632010759,10174.053590831882
ppo_hybrid_regime_aware_policy_seed_7,2020-02-13,10228.677380532625,-0.0010669665544831286,0.0,1.0,0.0,-0.001107336244393534,0.0010669665544831635,0.03730208385651298,-0.5079166457394809,10239.602694138466
ppo_hybrid_regime_aware_policy_seed_7,2020-02-14,10245.064887886645,0.0016021140118476218,0.0,1.0,0.0,0.001600831996301532,0.0,0.04182547402406811,-0.3269810390372755,10228.677380532625
ppo_hybrid_regime_aware_policy_seed_7,2020-02-18,10218.663358660968,-0.0025769997081124263,0.0,1.0,0.0,-0.0026752179181179668,0.0025769997081124723,0.03682267807585717,-0.5270928769657132,10245.064887886645
ppo_hybrid_regime_aware_policy_seed_7,2020-02-19,10267.521190702142,0.00478123511131856,0.0,1.0,0.0,0.004769841309919101,0.0,0.04933321474401381,-0.0266714102394479,10218.663358660968
ppo_hybrid_regime_aware_policy_seed_7,2020-02-20,10225.339681945235,-0.00410824657416875,0.0,1.0,0.0,-0.004299366445413106,0.004108246574168702,0.044461265644621474,-0.2215493742151412,10267.521190702142
ppo_hybrid_regime_aware_policy_seed_7,2020-02-21,10120.036402844438,-0.010298267087080704,0.0,1.0,0.0,-0.01093858667645562,0.014364205840769065,0.057227756844051014,0.2891102737620407,10225.339681945235
ppo_hybrid_regime_aware_policy_seed_7,2020-02-24,9882.126345012004,-0.023508814431296376,0.30000000000000004,0.6928697315118786,0.3071302684881214,-0.026745083748184836,0.037535334822501876,0.0736057568899363,0.9442302755974517,10117.000391923584
ppo_hybrid_regime_aware_policy_seed_7,2020-02-25,9742.110324664087,-0.014168612650716672,0.23286973151187856,0.45236654333292764,0.5476334566670724,-0.018915848974101503,0.05117212385340352,0.125,4.22184436454829,9879.825096903274
ppo_hybrid_regime_aware_policy_seed_7,2020-02-26,9741.529241216664,-5.964656815182767e-05,0.5991222672861747,-0.14613704020496873,1.1461370402049686,-0.009499967722587675,0.05122871817998251,0.125,5.095597825897003,9736.273609438222
ppo_hybrid_regime_aware_policy_seed_7,2020-02-27,9815.132617311685,0.007555628512985857,0.022603070192370095,-0.15994954542355974,1.1599495454235598,-0.00047645785032124984,0.044060154830761124,0.125,4.734416174629932,9741.309052747443
ppo_hybrid_regime_aware_policy_seed_7,2020-02-28,9825.39448674307,0.0010455151072827906,0.11669900461000957,-0.27516636072410783,1.275166360724108,-0.0046080143735382825,0.04306070528098304,0.125,7.883651998287038,9813.98720110513
ppo_hybrid_regime_aware_policy_seed_7,2020-03-02,9709.483919572478,-0.011797039531286413,0.002822768080370075,-0.28752903200105256,1.2875290320010526,-0.018850967928300672,0.054349755969824574,0.125,7.25629335652188,9825.366751933136
ppo_hybrid_regime_aware_policy_seed_7,2020-03-03,9740.102102681001,0.0031534305388571937,0.17138849473908974,-0.11244123744452231,1.1124412374445223,-0.006461889132817871,0.05136771361122201,0.125,5.011807423017717,9707.819825738809
ppo_hybrid_regime_aware_policy_seed_7,2020-03-04,9674.739169646791,-0.006710703065034518,0.04612190437829258,-0.16633664558677283,1.1663366455867727,-0.01582707749426622,0.05773370320308184,0.125,5.553507894223165,9739.652870623187
ppo_hybrid_regime_aware_policy_seed_7,2020-03-05,9699.630036387878,0.0025727687645760167,0.08633664558677287,-0.07713553576114517,1.0771355357611452,-0.0079280401077881,0.055309469906770055,0.125,4.134371804762353,9673.903885119957
ppo_hybrid_regime_aware_policy_seed_7,2020-03-06,9718.518895178482,0.0019473793041324683,0.043289192632409504,-0.11819866916541574,1.1181986691654158,-0.007355899165389284,0.05346979911965651,0.125,5.629034102683704,9699.21014723477
ppo_hybrid_regime_aware_policy_seed_7,2020-03-09,9824.823112589058,0.01093831462974415,0.022153274804310757,-0.12798838953629174,1.1279883895362917,0.0021429828942917356,0.04311635397587238,0.125,5.7327036136449925,9718.303598158707
ppo_hybrid_regime_aware_policy_seed_7,2020-03-10,9705.47389695125,-0.012147721569142567,0.1047729506050046,-0.24778998541791952,1.2477899854179195,-0.020267456055025307,0.05474031008183948,0.125,7.443963267849547,9823.79373688238
ppo_hybrid_regime_aware_policy_seed_7,2020-03-11,9769.472780380433,0.006594101855169399,0.11024537253339806,-0.12996807924725431,1.1299680792472544,-0.0023698549865240107,0.04850717140693338,0.125,5.643705476690732,9704.403913365866
ppo_hybrid_regime_aware_policy_seed_7,2020-03-12,9940.710350451696,0.017527820991031673,0.053801676116210034,-0.163315677613225,1.163315677613225,0.009700483655871754,0.03182957543310382,0.125,6.253245263583844,9768.947166370077
ppo_hybrid_regime_aware_policy_seed_7,2020-03-13,9722.429306375663,-0.02195829436536345,0.09248936656096932,-0.2838807264832707,1.2838807264832708,-0.030922084504420064,0.053088946611582595,0.125,8.326319460410785,9939.790940448216
ppo_hybrid_regime_aware_policy_seed_7,2020-03-16,9865.968657320855,0.014763733057031603,0.14758924165050702,-0.11959438776116652,1.1195943877611665,0.005624246359517355,0.039109004590603375,0.125,5.461591493098656,9720.994380407334
ppo_hybrid_regime_aware_policy_seed_7,2020-03-17,9746.287953135454,-0.012130659273541733,0.10319221044439988,-0.2376742204130732,1.2376742204130733,-0.020480160905783182,0.05076524585492907,0.125,7.637808953676683,9864.950566206931
ppo_hybrid_regime_aware_policy_seed_7,2020-03-18,9828.798095182961,0.008465801794924843,0.06909833273301955,-0.1586859355615121,1.158685935561512,0.0003525921753658178,0.04272921256948278,0.125,6.268315464708368,9745.614500887556
ppo_hybrid_regime_aware_policy_seed_7,2020-03-19,9825.120606113644,-0.00037415450329780775,0.01182562487855135,-0.17093582932304757,1.1709358293230476,-0.00836184776166735,0.04308737974547536,0.125,5.854942756782667,9828.68186350368
ppo_hybrid_regime_aware_policy_seed_7,2020-03-20,9891.869398006082,0.006793686771733309,0.030764988106006586,-0.13244230556361353,1.1324423055636135,-0.0019829241866665035,0.03658641513554759,0.125,5.105067223695603,9824.818336395056
ppo_hybrid_regime_aware_policy_seed_7,2020-03-23,9925.649070851012,0.0034148927251040906,0.0011634655011447115,-0.12974648908675762,1.1297464890867577,-0.005474295346130072,0.033296461093327574,0.125,4.3536582146712695,9891.857889157296
ppo_hybrid_regime_aware_policy_seed_7,2020-03-24,9822.610075428856,-0.010381083865311447,0.015336632290493035,-0.12608272470652684,1.1260827247065268,-0.02111345380797027,0.04333189160361115,0.125,3.820195907751789,9925.496844820967
ppo_hybrid_regime_aware_policy_seed_7,2020-03-25,9810.394264932615,-0.0012436420057840847,0.046082724706526884,-0.08129497450825862,1.0812949745082587,-0.011830259137968997,0.04452164424880696,0.125,3.70585945184924,9822.15742279285
ppo_hybrid_regime_aware_policy_seed_7,2020-03-26,9764.555461526172,-0.004672473110514441,0.0012949745082586617,-0.08506855507417992,1.0850685550741799,-0.015611421563135143,0.04898609117373297,0.125,3.772196338990945,9810.381560722126
ppo_hybrid_regime_aware_policy_seed_7,2020-03-27,9787.773347582872,0.0023777719475486236,0.005068555074179956,-0.07743263686121782,1.077432636861218,-0.00800065331160755,0.04672479697959726,0.125,3.430434764329368,9764.50596933904
ppo_hybrid_regime_aware_policy_seed_7,2020-03-30,9762.319088799342,-0.0026006179219316694,0.0025673631387821416,-0.08281321068963386,1.0828132106896338,-0.013285744519920192,0.0492039015571052,0.125,3.6779857984602273,9787.748218814368
ppo_hybrid_regime_aware_policy_seed_7,2020-03-31,9773.932482558159,0.0011896142354270722,0.002813210689633902,-0.07871370854881536,1.0787137085488154,-0.009183312610948593,0.04807282098340907,0.1237167858390428,2.9486714335617124,9762.291625338927
ppo_hybrid_regime_aware_policy_seed_7,2020-04-01,9809.109832641103,0.0035990989446386124,0.0012862914511845985,-0.07612552855112562,1.0761255285511255,-0.006777291750647527,0.04464674087803766,0.11568124791670238,2.6272499166680947,9773.919910432362
ppo_hybrid_regime_aware_policy_seed_7,2020-04-02,9790.963972252273,-0.0018498987878030615,0.003874471448874345,-0.08199740125181694,1.081997401251817,-0.012439113691626555,0.046414047714011045,0.12091280156372242,2.836512062548897,9809.071827525118
ppo_hybrid_regime_aware_policy_seed_7,2020-04-03,9802.266031600957,0.0011543357100194385,0.00199740125181698,-0.07875260015800939,1.0787526001580094,-0.00921732612505352,0.045313289396714536,0.10848774215024073,2.3395096860096287,9790.94441576858
ppo_hybrid_regime_aware_policy_seed_7,2020-04-06,10099.67717796716,0.030341060465753245,0.5387526001580094,0.47618405758579996,0.5238159424142,0.02648974519675195,0.01634708218444926,0.10023588717597742,2.0094354870390974,9796.985035288992
ppo_hybrid_regime_aware_policy_seed_7,2020-04-07,10104.250001533019,0.00045276928017412565,0.016184057585799938,0.4602531201973408,0.5397468798026592,-0.0021636092752863744,0.015901714360908765,0.09682240979528323,1.8728963918113288,10099.513724210114
ppo_hybrid_regime_aware_policy_seed_7,2020-04-08,10260.271884424565,0.015441213634646234,0.00025312019734080593,0.4682115950541038,0.5317884049458962,0.012730831597825246,0.0007060424948664505,0.09889164313295165,1.955665725318066,10104.247443943264
ppo_hybrid_regime_aware_policy_seed_7,2020-04-09,10332.008801816004,0.006991717003166142,0.008211595054103793,0.46375371651942504,0.536246283480575,0.004363070891113595,0.0,0.09237492716873016,1.6949970867492063,10260.187631226705
ppo_hybrid_regime_aware_policy_seed_7,2020-04-13,10263.550531778228,-0.006625843178312385,0.23624628348057491,0.6980703352757006,0.3019296647242994,-0.008391753602240207,0.006625843178312371,0.08896869988893058,1.558747995557223,10329.567903135687
ppo_hybrid_regime_aware_policy_seed_7,2020-04-14,10475.421416798818,0.020643040082921615,0.0019296647242993403,0.7060682243262939,0.2939317756737061,0.01962996561450988,0.0,0.08771673004921572,1.5086692019686287,10263.530726566822
ppo_hybrid_regime_aware_policy_seed_7,2020-04-15,10319.55082608614,-0.014879648704415493,0.006068224326293947,0.6954705289174479,0.30452947108255213,-0.017011121094693927,0.014879648704415495,0.08135659414890656,1.2542637659562617,10475.357849591748
ppo_hybrid_regime_aware_policy_seed_7,2020-04-16,10354.353119249261,0.003372462014058275,0.004529471082552083,0.701009692296626,0.298990307703374,0.0025599938107298075,0.011557367740395284,0.0865171255733066,1.460685022932264,10319.504083979089
ppo_hybrid_regime_aware_policy_seed_7,2020-04-17,10550.151626639168,0.018909776896241626,0.0010096922966260635,0.7055679473346925,0.2944320526653075,0.01793169495414644,0.0,0.08490917686031055,1.396367074412422,10354.34266453868
ppo_hybrid_regime_aware_policy_seed_7,2020-04-20,10419.982949316722,-0.01233808592795671,0.005567947334692569,0.6962540264624228,0.30374597353757715,-0.014224768797651098,0.012338085927956724,0.08117830045369939,1.2471320181479757,10550.092883950538
ppo_hybrid_regime_aware_policy_seed_7,2020-04-21,10198.475554133456,-0.021257942192486112,0.0037459735375771075,0.6934852509761682,0.3065147490238318,-0.02419930976427188,0.03333374580302038,0.09080659893160263,1.632263957264105,10419.943916336331
ppo_hybrid_regime_aware_policy_seed_7,2020-04-22,10356.853417306234,0.015529562465695035,0.006514749023831756,0.7045895494692437,0.2954104505307563,0.01460044073249513,0.01832184182498905,0.09312720635325883,1.7250882541303527,10198.409113624795
ppo_hybrid_regime_aware_policy_seed_7,2020-04-23,10356.285866544124,-5.479953604081711e-05,0.0045895494692437255,0.6999849361785381,0.3000150638214619,-0.0008663539564723226,0.018375637332598418,0.08678409937330762,1.4713639749323046,10356.80588401513
ppo_hybrid_regime_aware_policy_seed_7,2020-04-24,10457.332985653604,0.009757080908312066,1.5063821461880345e-05,0.7028988445310103,0.29710115546898974,0.008909765377150521,0.008797849004482263,0.08542056152152509,1.4168224608610036,10356.285710538883
ppo_hybrid_regime_aware_policy_seed_7,2020-04-27,10562.84728046978,0.010089981351930843,0.002898844531010303,0.7029976181477278,0.29700238185227223,0.009235069065509626,0.0,0.07575301030696398,1.0301204122785588,10457.302671471069
ppo_hybrid_regime_aware_policy_seed_7,2020-04-28,10528.815022925055,-0.0032218829488946943,0.0029976181477278097,0.6990312130827259,0.30096878691727413,-0.004260382728928158,0.0032218829488947077,0.07101496742139089,0.8405986968556356,10562.81561708708
ppo_hybrid_regime_aware_policy_seed_7,2020-04-29,10721.744577003268,0.018323957032024607,0.0009687869172740893,0.7053985548584218,0.29460144514157816,0.01735664323549027,0.0,0.07134194533047836,0.853677813219134,10528.804822746806
ppo_hybrid_regime_aware_policy_seed_7,2020-04-30,10618.78875568725,-0.009602525090631642,0.29460144514157816,1.0,0.0,-0.01073571679087909,0.009602525090631682,0.06715816887274638,0.6863267549098547,10718.585935556444
ppo_hybrid_regime_aware_policy_seed_7,2020-05-01,10418.881115581647,-0.018825842071539034,0.30000000000000004,0.6943356104759263,0.3056643895240737,-0.0215988153620365,0.028247591541326496,0.07205719592623516,0.8822878370494066,10615.603119060544
ppo_hybrid_regime_aware_policy_seed_7,2020-05-04,10438.938325832154,0.001925082936258038,0.005664389524073665,0.7005781112855632,0.29942188871443676,0.0011147357544713508,0.02637688756153512,0.07710889630063836,1.0843558520255343,10418.822098980603
ppo_hybrid_regime_aware_policy_seed_7,2020-05-05,10506.446363846264,0.006466944808654951,0.0005781112855632875,0.7019277899646779,0.29807221003532214,0.005645256671315695,0.020080520628964676,0.07481275307170542,0.992510122868216,10438.932290964098
ppo_hybrid_regime_aware_policy_seed_7,2020-05-06,10456.572010981981,-0.004747023982904941,0.0019277899646779062,0.6985696813853508,0.3014303186146492,-0.005889619152864892,0.024732221898854705,0.07059795187311808,0.8239180749247235,10506.426109624399
ppo_hybrid_regime_aware_policy_seed_7,2020-05-07,10544.881205599118,0.008445329360749376,0.0014303186146491509,0.7025128064259224,0.2974871935740776,0.007607721609321065,0.01649576429786422,0.07134544434715427,0.8538177738861711,10456.55705475239
ppo_hybrid_regime_aware_policy_seed_7,2020-05-08,10716.17001295235,0.016243787294851764,0.2974871935740776,1.0,0.0,0.015667037707836007,0.000519930689532963,0.0666386890877542,0.6655475635101678,10541.744238482692
ppo_hybrid_regime_aware_policy_seed_7,2020-05-11,10718.368563194741,0.00020516194122843778,0.0,1.0,0.0,0.00020514089839544992,0.00031487541829417485,0.060627329639676986,0.4250931855870794,10716.17001295235
ppo_hybrid_regime_aware_policy_seed_7,2020-05-12,10504.734563878435,-0.019931578024839802,0.0,1.0,0.0,-0.021325304331152085,0.020240177479166097,0.05984415768468687,0.393766307387475,10718.368563194741
ppo_hybrid_regime_aware_policy_seed_7,2020-05-13,10318.949240394424,-0.01768586558320595,0.0,1.0,0.0,-0.019042128208730625,0.03756807800409526,0.0691369912994055,0.7654796519762199,10504.734563878435
ppo_hybrid_regime_aware_policy_seed_7,2020-05-14,10402.270681868755,0.008074605227067266,0.30000000000000004,0.7024922575721011,0.2975077424278989,0.006792180032431434,0.029796820176050728,0.0728297843320827,0.9131913732833082,10315.853555622305
ppo_hybrid_regime_aware_policy_seed_7,2020-05-15,10446.980589506431,0.004298091157693751,0.2975077424278989,1.0,0.0,0.003842619132280443,0.025626798467683124,0.06812990347257196,0.7251961389028778,10399.175925802068
ppo_hybrid_regime_aware_policy_seed_7,2020-05-18,10587.637619879324,0.013463893147669603,0.54,0.46746163958170694,0.532538360418293,0.009972060372655439,0.012507941796299257,0.066776085884898,0.6710434353959198,10441.339219988098
ppo_hybrid_regime_aware_policy_seed_7,2020-05-19,10473.309652797063,-0.010798250864536563,0.532538360418293,1.0,0.0,-0.012319570763695378,0.02317112876752031,0.062250443586263096,0.4900177434505237,10581.999296700531
ppo_hybrid_regime_aware_policy_seed_7,2020-05-20,10651.230419201393,0.016988017379665044,0.0,1.0,0.0,0.016845334676130815,0.006576742926064404,0.0642543561280439,0.5701742451217557,10473.309652797063
ppo_hybrid_regime_aware_policy_seed_7,2020-05-21,10577.694929766003,-0.006903943163488857,0.0,1.0,0.0,-0.007338175223603321,0.013435280630190791,0.059821728805877716,0.3928691522351087,10651.230419201393
ppo_hybrid_regime_aware_policy_seed_7,2020-05-22,10597.782705261572,0.0018990692801170717,0.0,1.0,0.0,0.001897268327780096,0.011561725878788233,0.06235722663047161,0.4942890652188644,10577.694929766003
ppo_hybrid_regime_aware_policy_seed_7,2020-05-26,10728.353245982775,0.012320552737543622,0.0,1.0,0.0,0.012245272426979939,0.0,0.059935900268373934,0.3974360107349571,10597.782705261572
ppo_hybrid_regime_aware_policy_seed_7,2020-05-27,10887.980452915363,0.014879003633885723,0.0,1.0,0.0,0.014769397145406274,0.0,0.059597604475615434,0.3839041790246172,10728.353245982775
ppo_hybrid_regime_aware_policy_seed_7,2020-05-28,10867.892677419793,-0.0018449496288533984,0.0,1.0,0.0,-0.0019552495526634155,0.001844949628853382,0.05886117774731773,0.3544471098927093,10887.980452915363
ppo_hybrid_regime_aware_policy_seed_7,2020-05-29,10916.318994836553,0.004455906849114788,0.0,1.0,0.0,0.004446008688818559,0.0,0.06044702434027547,0.4178809736110189,10867.892677419793
ppo_hybrid_regime_aware_policy_seed_7,2020-06-01,10960.439850617122,0.004041733830006056,0.0,1.0,0.0,0.004033587965397369,0.0,0.05852981963772587,0.3411927855090347,10916.318994836553
ppo_hybrid_regime_aware_policy_seed_7,2020-06-02,11051.193902492283,0.008280146883890893,0.0,1.0,0.0,0.008246054531519834,0.0,0.05969563402348817,0.3878253609395267,10960.439850617122
ppo_hybrid_regime_aware_policy_seed_7,2020-06-03,11198.265976064726,0.01330825201965502,0.0,1.0,0.0,0.013220475147309174,0.0,0.057263015586272725,0.290520623450909,11051.193902492283
ppo_hybrid_regime_aware_policy_seed_7,2020-06-04,11168.851342409906,-0.002626713253435109,0.0,1.0,0.0,-0.002775127771285249,0.002626713253435062,0.05518632586425479,0.2074530345701913,11198.265976064726
ppo_hybrid_regime_aware_policy_seed_7,2020-06-05,11455.103785274267,0.025629532893630236,0.0,1.0,0.0,0.02530660249279807,0.0,0.05537865157425657,0.2151460629702627,11168.851342409906
ppo_hybrid_regime_aware_policy_seed_7,2020-06-08,11593.567124977653,0.012087480157219055,0.0,1.0,0.0,0.01201500997240837,0.0,0.053113419039856696,0.1245367615942675,11455.103785274267
ppo_hybrid_regime_aware_policy_seed_7,2020-06-09,11507.117440037018,-0.007456694217466864,0.0,1.0,0.0,-0.007896686234889524,0.0074566942174668855,0.055259325439395594,0.2103730175758235,11593.567124977653
ppo_hybrid_regime_aware_policy_seed_7,2020-06-10,11442.907714059216,-0.005580000926591389,0.0,1.0,0.0,-0.0059179437594801924,0.012995086783415459,0.058196754146907594,0.3278701658763039,11507.117440037018
ppo_hybrid_regime_aware_policy_seed_7,2020-06-11,10783.236113801324,-0.057648948741183426,0.0,1.0,0.0,-0.06268441430381393,0.06989488243273455,0.05811982833097154,0.3247931332388614,11442.907714059216
ppo_hybrid_regime_aware_policy_seed_7,2020-06-12,10870.369561386953,0.00808045438920768,0.30000000000000004,0.7024939837944637,0.2975060162055363,0.006797982326369623,0.06237921045306357,0.08052769972820062,1.221107989128025,10780.001142967183
ppo_hybrid_regime_aware_policy_seed_7,2020-06-15,10941.379607869587,0.00653244087807936,0.00249398379446375,0.7019477568520809,0.2980522431479191,0.005707455976745251,0.05625425807929012,0.07233137740190033,0.8932550960760133,10870.342450861428
ppo_hybrid_regime_aware_policy_seed_7,2020-06-16,11148.652043619657,0.01894390316199157,0.2980522431479191,1.0,0.0,0.01831962348906018,0.038376030134802355,0.06930409382423976,0.7721637529695902,10938.11850513433
ppo_hybrid_regime_aware_policy_seed_7,2020-06-17,11102.342253357403,-0.004153846588902832,0.0,1.0,0.0,-0.004433824042496719,0.04237046858183409,0.06792601037792304,0.717040415116921,11148.652043619657
ppo_hybrid_regime_aware_policy_seed_7,2020-06-18,11098.312250117742,-0.0003629867597030323,0.54,0.4600956218592291,0.5399043781407709,-0.0037885002468855907,0.04271807542243955,0.06745434440016078,0.6981737760064307,11096.34698854059
ppo_hybrid_regime_aware_policy_seed_7,2020-06-19,10980.607766492105,-0.010605620113489644,0.5399043781407709,1.0,0.0,-0.01214647899812515,0.05287064385601941,0.06642278805899425,0.6569115223597698,11092.32022274393
ppo_hybrid_regime_aware_policy_seed_7,2020-06-22,11051.050314058153,0.006415177471415401,0.0,1.0,0.0,0.0063946878036367834,0.046794640947968445,0.06998922628506572,0.7995690514026287,10980.607766492105
ppo_hybrid_regime_aware_policy_seed_7,2020-06-23,11101.925728574954,0.00460367232715253,0.0,1.0,0.0,0.0045931078389241774,0.04240639581440706,0.06417064143272055,0.5668256573088222,11051.050314058153
ppo_hybrid_regime_aware_policy_seed_7,2020-06-24,10818.729967026009,-0.025508706189596886,0.0,1.0,0.0,-0.02738789968130327,0.06683336971261447,0.06338098229258567,0.5352392917034265,11101.925728574954
ppo_hybrid_regime_aware_policy_seed_7,2020-06-25,10866.211064369743,0.0043887866217615645,0.54,0.4626499148648436,0.5373500851351565,0.0009771839834579565,0.0627379004897349,0.06746174225341804,0.6984696901367211,10812.887852843814
ppo_hybrid_regime_aware_policy_seed_7,2020-06-26,10747.461818032247,-0.010928302941480172,0.002649914864843561,0.45403495959704604,0.5459650404029539,-0.014246030247362191,0.07298058464875083,0.06459243258577882,0.5836973034311527,10866.182269835519
ppo_hybrid_regime_aware_policy_seed_7,2020-06-29,10810.062264962071,0.00582467265199238,0.05403495959704602,0.40350679861297667,0.5964932013870233,0.002526722391279682,0.0675810000122885,0.06872763138786285,0.7491052555145135,10746.881079367138
ppo_hybrid_regime_aware_policy_seed_7,2020-06-30,10865.41295270799,0.005120293148109134,0.003506798612976647,0.4030586189424195,0.5969413810575805,0.001901968825019048,0.06280674139548464,0.06359659577141319,0.5438638308565273,10810.024356250715
ppo_hybrid_regime_aware_policy_seed_7,2020-07-01,10899.802947017974,0.003165088566782215,0.05694138105758051,0.4617344066212664,0.5382655933787336,0.0004826781464120023,0.05984044172781006,0.06119401225947546,0.4477604903790185,10864.794261088702
ppo_hybrid_regime_aware_policy_seed_7,2020-07-02,10923.138494875788,0.0021409146542596957,0.06173440662126639,0.4013187660709219,0.5986812339290781,-0.0011539754477219162,0.05782764035216278,0.05801359204750794,0.3205436819003172,10899.13005415075
ppo_hybrid_regime_aware_policy_seed_7,2020-07-06,11000.059706484117,0.007042043057900793,0.05868123392907815,0.46380757798944,0.53619242201056,0.004337341816275936,0.05119282202755871,0.05631630438442913,0.2526521753771651,10922.49751163053
ppo_hybrid_regime_aware_policy_seed_7,2020-07-07,10947.829928701281,-0.004748135844394374,0.003807577989439981,0.45742584027608707,0.5425741597239129,-0.0076124427646562035,0.05569788739870832,0.05666673528152797,0.2666694112611186,11000.017822898895
ppo_hybrid_regime_aware_policy_seed_7,2020-07-08,10986.320271168348,0.003515796529333981,0.00257415972391295,0.4618932638416477,0.5381067361583523,0.0009137693250887159,0.052377913308581964,0.05911223980817635,0.3644895923270537,10947.801747238414
ppo_hybrid_regime_aware_policy_seed_7,2020-07-09,10957.529167913486,-0.002620632071906659,0.0018932638416476744,0.45858216542087415,0.5414178345791258,-0.005359758639169023,0.05486128214101258,0.05671602315656343,0.2686409262625371,10986.299471165426
ppo_hybrid_regime_aware_policy_seed_7,2020-07-10,11008.979441821013,0.004695426598378294,0.001417834579125865,0.4625244426585919,0.5374755573414081,0.0020903107167145143,0.05042345266602034,0.05863158104837518,0.3452632419350072,10957.51363194973
ppo_hybrid_regime_aware_policy_seed_7,2020-07-13,10907.787275337394,-0.009191784489960053,0.5374755573414081,1.0,0.0,-0.010522026027057102,0.059151755645834594,0.055168007503761454,0.2067203001504579,11003.06238445976
ppo_hybrid_regime_aware_policy_seed_7,2020-07-14,11049.14148386684,0.012959017714715637,0.0,1.0,0.0,0.012875768095466747,0.0469592865803899,0.06343929121827113,0.5375716487308452,10907.787275337394
ppo_hybrid_regime_aware_policy_seed_7,2020-07-15,11150.652528198763,0.009187233639839087,0.0,1.0,0.0,0.009145287724412185,0.038203478877925044,0.05875544026402363,0.3502176105609451,11049.14148386684
ppo_hybrid_regime_aware_policy_seed_7,2020-07-16,11113.928388902596,-0.0032934520381920906,0.0,1.0,0.0,-0.003475132523201517,0.041371109590740585,0.055639419648012646,0.2255767859205059,11150.652528198763
ppo_hybrid_regime_aware_policy_seed_7,2020-07-17,11146.14844478189,0.0028990699554503063,0.0,1.0,0.0,0.002894875756376014,0.038591977376128433,0.05596170425336893,0.2384681701347573,11113.928388902596
ppo_hybrid_regime_aware_policy_seed_7,2020-07-20,11236.226941229625,0.008081580547216305,0.0,1.0,0.0,0.008049099456827503,0.030822281002553603,0.051890332551160406,0.0756133020464162,11146.14844478189
ppo_hybrid_regime_aware_policy_seed_7,2020-07-21,11260.132416829509,0.0021275358467678362,0.0,1.0,0.0,0.002125275847297115,0.02876032066349789,0.04972078672603769,-0.0111685309584925,11236.226941229625
ppo_hybrid_regime_aware_policy_seed_7,2020-07-22,11324.225735310929,0.005692057260856531,0.0,1.0,0.0,0.005675918714983156,0.023231968794698594,0.05029878067306263,0.011951226922505,11260.132416829509
ppo_hybrid_regime_aware_policy_seed_7,2020-07-23,11189.108519287616,-0.011931695745166393,0.0,1.0,0.0,-0.012578252950673979,0.0348864677566454,0.04932028307814086,-0.0271886768743657,11324.225735310929
ppo_hybrid_regime_aware_policy_seed_7,2020-07-24,11117.046356507375,-0.006440384652273368,0.0,1.0,0.0,-0.006786102392040312,0.04110217013740684,0.0522690702250633,0.0907628090025317,11189.108519287616
ppo_hybrid_regime_aware_policy_seed_7,2020-07-27,11198.116686121362,0.0072924342504456785,0.0,1.0,0.0,0.007265973018451793,0.034109470760238784,0.051766157781084635,0.0706463112433853,11117.046356507375
ppo_hybrid_regime_aware_policy_seed_7,2020-07-28,11127.093845876047,-0.006342391514221224,0.0,1.0,0.0,-0.006667501535976429,0.04023552665655575,0.049772906482605156,-0.009083740695794,11198.116686121362
ppo_hybrid_regime_aware_policy_seed_7,2020-07-29,11263.942913692044,0.012298725050001957,0.0,1.0,0.0,0.012223710163119286,0.028431647286144838,0.05090232672511195,0.0360930690044777,11127.093845876047
ppo_hybrid_regime_aware_policy_seed_7,2020-07-30,11223.75401351393,-0.0035679247032814887,0.0,1.0,0.0,-0.003742434134505781,0.031898130012719135,0.0485013832506863,-0.0599446699725481,11263.942913692044
ppo_hybrid_regime_aware_policy_seed_7,2020-07-31,11312.44639414957,0.007902202821698623,0.0,1.0,0.0,0.007871143932114598,0.024247992684013946,0.0495899225920358,-0.0164030963185681,11223.75401351393
ppo_hybrid_regime_aware_policy_seed_7,2020-08-03,11391.092342713113,0.006952160993595191,0.0,1.0,0.0,0.006928106146781003,0.017464407639329615,0.04902145722631262,-0.0391417109474953,11312.44639414957
ppo_hybrid_regime_aware_policy_seed_7,2020-08-04,11435.091739753763,0.0038626143759423748,0.0,1.0,0.0,0.0038551736353533476,0.013669251535402268,0.0486610193883254,-0.0535592244669842,11391.092342713113
ppo_hybrid_regime_aware_policy_seed_7,2020-08-05,11506.114579999079,0.0062109550025215565,0.0,1.0,0.0,0.006191746515834142,0.007543195639085308,0.04776030168306423,-0.0895879326774309,11435.091739753763
ppo_hybrid_regime_aware_policy_seed_7,2020-08-06,11583.027619473361,0.006684536203731106,0.0,1.0,0.0,0.006662293756877345,0.0009090821996954733,0.04639782962960532,-0.1440868148157872,11506.114579999079
ppo_hybrid_regime_aware_policy_seed_7,2020-08-07,11591.343257049348,0.0007179157167860328,0.0,1.0,0.0,0.0007176581385700891,0.0001918191273084786,0.04578213001615561,-0.1687147993537758,11583.027619473361
ppo_hybrid_regime_aware_policy_seed_7,2020-08-10,11625.988751275663,0.0029889110742402636,0.0,1.0,0.0,0.002984453160198847,0.0,0.044975260189659715,-0.2009895924136115,11591.343257049348
ppo_hybrid_regime_aware_policy_seed_7,2020-08-11,11530.020055598961,-0.008254669579494611,0.0,1.0,0.0,-0.008658776411493723,0.008254669579494616,0.044804747804529504,-0.2078100878188198,11625.988751275663
ppo_hybrid_regime_aware_policy_seed_7,2020-08-12,11690.775656311418,0.013942352219447729,0.0,1.0,0.0,0.013846051698275444,0.0,0.04810088927556398,-0.0759644289774409,11530.020055598961
ppo_hybrid_regime_aware_policy_seed_7,2020-08-13,11669.641355039146,-0.001807775796370037,0.0,1.0,0.0,-0.0018907800258549249,0.001807775796370039,0.04501013400379706,-0.1995946398481177,11690.775656311418
ppo_hybrid_regime_aware_policy_seed_7,2020-08-14,11669.988148316315,2.9717560858788516e-05,0.0,1.0,0.0,2.9717119300824814e-05,0.0017781119581984541,0.044747898841571765,-0.2100840463371293,11669.641355039146
ppo_hybrid_regime_aware_policy_seed_7,2020-08-17,11707.059080889652,0.0031766041320859806,0.0,1.0,0.0,0.003171569384628661,0.0,0.04460180611864587,-0.2159277552541653,11669.988148316315
ppo_hybrid_regime_aware_policy_seed_7,2020-08-18,11732.35067230163,0.002160371040858866,0.0,1.0,0.0,0.0021580407948689,0.0,0.04335708971557519,-0.2657164113769925,11707.059080889652
ppo_hybrid_regime_aware_policy_seed_7,2020-08-19,11683.500398566937,-0.0041637243123001655,0.0,1.0,0.0,-0.0043539598721848765,0.004163724312300164,0.04360113907531295,-0.2559544369874821,11732.35067230163
ppo_hybrid_regime_aware_policy_seed_7,2020-08-20,11719.877744585936,0.0031135656933312106,0.0,1.0,0.0,0.003108728585502381,0.0010631226481442962,0.045364606124483314,-0.1854157550206676,11683.500398566937
ppo_hybrid_regime_aware_policy_seed_7,2020-08-21,11761.452760576143,0.0035473933172565086,0.0,1.0,0.0,0.0035411161582373403,0.0,0.04562793179129521,-0.1748827283481915,11719.877744585936
ppo_hybrid_regime_aware_policy_seed_7,2020-08-24,11880.633345298393,0.010133151673383134,0.0,1.0,0.0,0.010082155503900299,0.0,0.045269085042443466,-0.1892365983022615,11761.452760576143
ppo_hybrid_regime_aware_policy_seed_7,2020-08-25,11922.207303992023,0.0034993049179556923,0.0,1.0,0.0,0.0034931965962736824,0.0,0.04495289860043653,-0.2018840559825389,11880.633345298393
ppo_hybrid_regime_aware_policy_seed_7,2020-08-26,12041.73468199144,0.010025608090155735,0.0,1.0,0.0,0.009975685076455696,0.0,0.04433697887874886,-0.2265208448500457,11922.207303992023
ppo_hybrid_regime_aware_policy_seed_7,2020-08-27,12068.064538641767,0.002186550139632537,0.0,1.0,0.0,0.002184163117804633,0.0,0.04648879378050918,-0.140448248779633,12041.73468199144
ppo_hybrid_regime_aware_policy_seed_7,2020-08-28,12146.016900650977,0.006459392204906322,0.0,1.0,0.0,0.006438619734780553,0.0,0.04855611877122384,-0.0577552491510467,12068.064538641767
ppo_hybrid_regime_aware_policy_seed_7,2020-08-31,12102.017503610323,-0.0036225371165337084,0.0,1.0,0.0,-0.003795284033542365,0.0036225371165337188,0.04587106632519822,-0.1651573469920713,12146.016900650977
ppo_hybrid_regime_aware_policy_seed_7,2020-09-01,12216.001475657942,0.009418592562241423,0.0,1.0,0.0,0.009374514174085805,0.0,0.051872383067726006,0.0748953227090401,12102.017503610323
ppo_hybrid_regime_aware_policy_seed_7,2020-09-02,12392.693707671462,0.01446399890877581,0.0,1.0,0.0,0.014360393117624624,0.0,0.05131886661119325,0.0527546644477299,12216.001475657942
ppo_hybrid_regime_aware_policy_seed_7,2020-09-03,11966.207758329252,-0.03441430567094561,0.0,1.0,0.0,-0.036811542941196575,0.03441430567094561,0.052045748993995014,0.0818299597598005,12392.693707671462
ppo_hybrid_regime_aware_policy_seed_7,2020-09-04,11868.507210859865,-0.00816470426074467,0.0,1.0,0.0,-0.008704954747556629,0.04229802730354816,0.06427633649062119,0.5710534596248475,11966.207758329252
ppo_hybrid_regime_aware_policy_seed_7,2020-09-08,11544.224835107338,-0.027322928654060608,0.0,1.0,0.0,-0.02925137216310275,0.06846524997538637,0.05916679135291595,0.366671654116638,11868.507210859865
ppo_hybrid_regime_aware_policy_seed_7,2020-09-09,11642.799580742874,0.008538879573426028,0.54,0.46486108673542037,0.5351389132645796,0.0051006295514501015,0.060510986926464595,0.060309465348645376,0.4123786139458149,11537.99095369638
ppo_hybrid_regime_aware_policy_seed_7,2020-09-10,11434.515783492754,-0.017889494344179968,0.5351389132645796,1.0,0.0,-0.01978789913197603,0.0773179703122628,0.0555569669792039,0.2222786791681557,11636.569065627878
ppo_hybrid_regime_aware_policy_seed_7,2020-09-11,11429.982194907407,-0.00039648277821191513,0.6,0.40012215876692014,0.5998778412330799,-0.00451742965203124,0.07768379784679962,0.057043966817164275,0.281758672686571,11427.655074022658
ppo_hybrid_regime_aware_policy_seed_7,2020-09-14,11490.19973669208,0.005268384565944695,0.00012215876692012184,0.4031445374025087,0.5968554625974913,0.0020543719409141328,0.07282468140245489,0.05195071759417631,0.0780287037670524,11429.980798634875
ppo_hybrid_regime_aware_policy_seed_7,2020-09-15,11516.249149447216,0.0022670983405057576,0.0568554625974913,0.4612520964279418,0.5387479035720582,-0.0004127508433306947,0.07072268377630439,0.05006524672635984,0.0026098690543933,11489.546456070713
ppo_hybrid_regime_aware_policy_seed_7,2020-09-16,11495.21108352719,-0.0018268158014830282,0.0012520964279417734,0.4590123914203112,0.5409876085796888,-0.004506444906052352,0.07242030226154157,0.04952838208345356,-0.0188647166618576,11516.234729992793
ppo_hybrid_regime_aware_policy_seed_7,2020-09-17,11448.692211887581,-0.004046804473757937,0.0009876085796888256,0.45780638174865057,0.5421936182513494,-0.0068370981445483245,0.0761740359321166,0.05024378471676423,0.0097513886705692,11495.199730758099
ppo_hybrid_regime_aware_policy_seed_7,2020-09-18,11377.264198607423,-0.006238967032932474,0.05780638174865055,0.3962680199085314,0.6037319800914687,-0.009838602338569058,0.08193775566610322,0.05090151170736449,0.0360604682945794,11448.030404415058
ppo_hybrid_regime_aware_policy_seed_7,2020-09-21,11326.57229875972,-0.004455543877930457,0.003731980091468634,0.3973169584519531,0.6026830415480469,-0.007874393010633408,0.08602822227840423,0.049699866471422924,-0.0120053411430832,11377.221738883938
ppo_hybrid_regime_aware_policy_seed_7,2020-09-22,11372.683429512419,0.004071057821945612,0.0026830415480469383,0.40243433420279856,0.5975656657972015,0.0008587689258562335,0.08230739032367314,0.05308159680129915,0.123263872051966,11326.541909095646
ppo_hybrid_regime_aware_policy_seed_7,2020-09-23,11267.158631908493,-0.009278794952657043,0.002434334202798538,0.3943820558773579,0.6056179441226421,-0.012963112171540567,0.09082247187842851,0.05136175628281198,0.0544702513124791,11372.65574460017
ppo_hybrid_regime_aware_policy_seed_7,2020-09-24,11279.108148545003,0.0010605616754759684,0.0056179441226421045,0.4006390300409882,0.5993609699590118,-0.0021484272389209937,0.08985823303589881,0.05434815882400469,0.1739263529601876,11267.095333640878
ppo_hybrid_regime_aware_policy_seed_7,2020-09-25,11352.040442354151,0.006466140128158715,0.0006390300409881977,0.40385513962191094,0.596144860378089,0.003244365782754459,0.083973128834219,0.054138664695031674,0.1655465878012666,11279.10094085606
ppo_hybrid_regime_aware_policy_seed_7,2020-09-28,11427.41638819246,0.006639858818427324,0.003855139621910919,0.40395993496572685,0.5960400650342732,0.003412129341822097,0.07789083973579254,0.05026411026417724,0.0105644105670897,11351.996678653253
ppo_hybrid_regime_aware_policy_seed_7,2020-09-29,11402.477633852817,-0.0021823615673451924,0.00395993496572683,0.3986901003459101,0.6013098996540899,-0.005491025183496212,0.07990321532805014,0.04986091699604464,-0.0055633201582145,11427.371136366735
ppo_hybrid_regime_aware_policy_seed_7,2020-09-30,11437.043952527392,0.003031474367636733,0.0013098996540898966,0.4018141709476482,0.5981858290523518,-0.0001750761350758135,0.07711396550957222,0.04993273154140854,-0.0026907383436588,11402.462697751309
ppo_hybrid_regime_aware_policy_seed_7,2020-10-01,11466.39347939517,0.0025661811731774176,0.001814170947648186,0.4015368533623108,0.5984631466376892,-0.0006398271039579701,0.07474567274287455,0.050056294868100905,0.002251794724036,11437.023203774526
ppo_hybrid_regime_aware_policy_seed_7,2020-10-02,11422.829047612797,-0.003799314218603911,0.0015368533623107972,0.39771264319361765,0.6022873568063823,-0.007186744871077351,0.07826100466424737,0.05060393986331722,0.0241575945326884,11466.375857229797
ppo_hybrid_regime_aware_policy_seed_7,2020-10-05,11515.290271460526,0.008094424197572447,0.062287356806382366,0.4643692576148019,0.535630742385198,0.005376409025936293,0.07080005823655562,0.05221092359882967,0.0884369439531869,11422.11754978417
ppo_hybrid_regime_aware_policy_seed_7,2020-10-06,11439.937833370901,-0.006543685509724284,0.004369257614801891,0.4564455097575671,0.543554490242433,-0.009484345300496237,0.07688045043110972,0.05272721289307419,0.1090885157229678,11515.239958190821
ppo_hybrid_regime_aware_policy_seed_7,2020-10-07,11632.742629943077,0.01685365771916647,0.543554490242433,1.0,0.0,0.015897878929012413,0.061322509508804496,0.05537533114511557,0.2150132458046228,11433.719603793477
ppo_hybrid_regime_aware_policy_seed_7,2020-10-08,11735.837928494875,0.008862510057295214,0.0,1.0,0.0,0.008823468516178457,0.0530034708087696,0.05277137786403868,0.1108551145615472,11632.742629943077
ppo_hybrid_regime_aware_policy_seed_7,2020-10-09,11840.640734138766,0.00893015107080064,0.0,1.0,0.0,0.008890513079114816,0.04454664873956809,0.049662727280268215,-0.0134909087892714,11735.837928494875
ppo_hybrid_regime_aware_policy_seed_7,2020-10-12,12031.128308424111,0.016087606959996226,0.0,1.0,0.0,0.015959572761759168,0.029175690755879054,0.04716316320890402,-0.1134734716438392,11840.640734138766
ppo_hybrid_regime_aware_policy_seed_7,2020-10-13,11952.612152534755,-0.006526084160733303,0.0,1.0,0.0,-0.006846629915912951,0.03551137190329191,0.0472179323705023,-0.1112827051799082,12031.128308424111
ppo_hybrid_regime_aware_policy_seed_7,2020-10-14,11877.508927233377,-0.006283415235342593,0.0,1.0,0.0,-0.006599799353127457,0.041571654443389464,0.04893507491906667,-0.0425970032373333,11952.612152534755
ppo_hybrid_regime_aware_policy_seed_7,2020-10-15,11862.829991951141,-0.0012358597557926565,0.0,1.0,0.0,-0.0012951816119042918,0.04275613746447385,0.04943722334637656,-0.0225110661449376,11877.508927233377
ppo_hybrid_regime_aware_policy_seed_7,2020-10-16,11855.661379199042,-0.0006042919570593552,0.0,1.0,0.0,-0.0006336128250445615,0.04333459223154852,0.05037249525722183,0.014899810288873,11862.829991951141
ppo_hybrid_regime_aware_policy_seed_7,2020-10-19,11675.414680273838,-0.015203428401004304,0.0,1.0,0.0,-0.01606302108781191,0.05787918626227374,0.051072972629317315,0.0429189051726926,11855.661379199042
ppo_hybrid_regime_aware_policy_seed_7,2020-10-20,11722.183080748653,0.004005716435394158,0.0,1.0,0.0,0.003997714914079781,0.0541053174345576,0.05418166253454333,0.1672665013817332,11675.414680273838
ppo_hybrid_regime_aware_policy_seed_7,2020-10-21,11699.993822936278,-0.0018929287880528056,0.0,1.0,0.0,-0.001992103477076311,0.05589582870965184,0.05438716670703689,0.1754866682814751,11722.183080748653
ppo_hybrid_regime_aware_policy_seed_7,2020-10-22,11764.171711523333,0.005485292518808249,0.0,1.0,0.0,0.005470303091080673,0.05071714116189721,0.05301615571583318,0.1206462286333273,11699.993822936278
ppo_hybrid_regime_aware_policy_seed_7,2020-10-23,11804.113209024088,0.003395181444149742,0.0,1.0,0.0,0.0033894308282106864,0.0474941536143207,0.05193367592265788,0.0773470369063149,11764.171711523333
ppo_hybrid_regime_aware_policy_seed_7,2020-10-26,11585.97422946826,-0.018479912526513487,0.0,1.0,0.0,-0.019547216708134637,0.06509637833652078,0.050812743472424066,0.0325097388969624,11804.113209024088
ppo_hybrid_regime_aware_policy_seed_7,2020-10-27,11546.032731967503,-0.0034474008581141247,0.0,1.0,0.0,-0.003645663678846691,0.06831936588409744,0.059667261875849004,0.38669047503396,11585.97422946826
ppo_hybrid_regime_aware_policy_seed_7,2020-10-28,11358.3656231092,-0.01625381749860355,0.54,0.4513743386249595,0.5486256613750404,-0.020715682238891503,0.08346273287800053,0.061170175928865804,0.4468070371546322,11539.79787429224
ppo_hybrid_regime_aware_policy_seed_7,2020-10-29,11396.346056701694,0.003343829108231944,0.11137433862495949,0.34227283430541694,0.6577271656945831,-0.0007008105647630963,0.0803979888854187,0.07370121084687047,0.9480484338748182,11357.100592650067
ppo_hybrid_regime_aware_policy_seed_7,2020-10-30,11348.168699371958,-0.004227438960701324,0.05772716569458308,0.3974875517011707,0.6025124482988293,-0.007789687665650447,0.0842855502555438,0.0686026656877769,0.7441066275110758,11395.688177944565
ppo_hybrid_regime_aware_policy_seed_7,2020-11-02,11399.01816105186,0.004480851759166793,0.002512448298829295,0.4026780187195885,0.5973219812804115,0.0012670739589485454,0.08018236955251196,0.06923180127960671,0.7692720511842686,11348.140187684814
ppo_hybrid_regime_aware_policy_seed_7,2020-11-03,11479.491501485794,0.0070596729733176655,0.002678018719588504,0.4042077055699305,0.5957922944300695,0.003830853118804673,0.07368875788646073,0.06743950833918609,0.6975803335674434,11398.98763426784
ppo_hybrid_regime_aware_policy_seed_7,2020-11-04,11596.86100512922,0.010224277236342338,0.0557922944300695,0.4654950545851101,0.5345049454148899,0.007496674430235793,0.06421789493995136,0.06438571117478425,0.5754284469913702,11478.851034316036
ppo_hybrid_regime_aware_policy_seed_7,2020-11-05,11700.835326694607,0.00896572973664167,0.005495054585110071,0.4648014132140317,0.5351985867859683,0.006325533630665501,0.05582792549359736,0.0532302255004872,0.1292090200194876,11596.79727974498
ppo_hybrid_regime_aware_policy_seed_7,2020-11-06,11699.549942141422,-0.00010985408454144974,0.004801413214031658,0.45994326532494734,0.5400567346750527,-0.0027141897818610894,0.055931646652491875,0.04943584463726775,-0.0225662145092899,11700.779146149254
ppo_hybrid_regime_aware_policy_seed_7,2020-11-09,11840.164771306156,0.012018823788959798,0.5400567346750527,1.0,0.0,0.011137086172248628,0.04458505546887469,0.04428579433624737,-0.2285682265501054,11693.231521402502
ppo_hybrid_regime_aware_policy_seed_7,2020-11-10,11822.800275470368,-0.0014665755224850807,0.0,1.0,0.0,-0.0015318668392369419,0.04598624364034043,0.045828849801771515,-0.1668460079291394,11840.164771306156
ppo_hybrid_regime_aware_policy_seed_7,2020-11-11,11910.626571093842,0.007428552760524454,0.0,1.0,0.0,0.007401096949917688,0.03889930211695664,0.0439524085556158,-0.2419036577753682,11822.800275470368
ppo_hybrid_regime_aware_policy_seed_7,2020-11-12,11795.082712365618,-0.009700905157134176,0.0,1.0,0.0,-0.010133585958918095,0.04822284883357556,0.04132767198717464,-0.3468931205130146,11910.626571093842
ppo_hybrid_regime_aware_policy_seed_7,2020-11-13,11958.379698969507,0.01384449694724843,0.0,1.0,0.0,0.013749537340944966,0.03504597296979113,0.04478392612995791,-0.2086429548016839,11795.082712365618
ppo_hybrid_regime_aware_policy_seed_7,2020-11-16,12107.65077113077,0.012482549970722623,0.0,1.0,0.0,0.01240528525322262,0.023000886107936498,0.04046001663482405,-0.381599334607038,11958.379698969507
ppo_hybrid_regime_aware_policy_seed_7,2020-11-17,12042.532128316323,-0.0053783053414221405,0.0,1.0,0.0,-0.005598435221669364,0.02825548566074688,0.039130427733103545,-0.4347828906758582,12107.65077113077
ppo_hybrid_regime_aware_policy_seed_7,2020-11-18,11897.602434889759,-0.012034818913688627,0.0,1.0,0.0,-0.012569984426204859,0.03995025492119007,0.0395185869136523,-0.419256523453908,12042.532128316323
ppo_hybrid_regime_aware_policy_seed_7,2020-11-19,11947.693385023029,0.004210171789433614,0.0,1.0,0.0,0.004201333813765502,0.03590828056800631,0.041553817870667704,-0.3378472851732919,11897.602434889759
ppo_hybrid_regime_aware_policy_seed_7,2020-11-20,11865.877758830828,-0.006847817696322922,0.0,1.0,0.0,-0.0071358886867538,0.04251020490521113,0.040066665902146664,-0.3973333639141337,11947.693385023029
ppo_hybrid_regime_aware_policy_seed_7,2020-11-23,11937.007071076547,0.00599444168323604,0.0,1.0,0.0,0.005976546496514336,0.03677058816622178,0.04108752052380793,-0.3564991790476827,11865.877758830828
ppo_hybrid_regime_aware_policy_seed_7,2020-11-24,12129.356645701253,0.016113718747035932,0.0,1.0,0.0,0.015985270793455963,0.02124938033505946,0.038998014867728664,-0.4400794052908536,11937.007071076547
ppo_hybrid_regime_aware_policy_seed_7,2020-11-25,12110.656105846405,-0.0015417585945479706,0.0,1.0,0.0,-0.0015986899419246712,0.02275837751484709,0.03693950878790487,-0.5224196484838053,12129.356645701253
ppo_hybrid_regime_aware_policy_seed_7,2020-11-27,12144.38433838243,0.0027850045646777843,0.0,1.0,0.0,0.0027811336248563354,0.020036755135432845,0.03608004682871562,-0.5567981268513753,12110.656105846405
ppo_hybrid_regime_aware_policy_seed_7,2020-11-30,12090.6195219725,-0.004427133966767305,0.0,1.0,0.0,-0.004589606514601555,0.024375183702956302,0.03518411523333306,-0.5926353906666775,12144.38433838243
ppo_hybrid_regime_aware_policy_seed_7,2020-12-01,12222.85934497549,0.010937390161245952,0.0,1.0,0.0,0.010878009496786719,0.013704394436121623,0.03456845976777008,-0.6172616092891968,12090.6195219725
ppo_hybrid_regime_aware_policy_seed_7,2020-12-02,12248.573351603149,0.002103763604072606,0.0,1.0,0.0,0.002101553792160207,0.011629461638279532,0.034887276718573605,-0.6045089312570557,12222.85934497549
ppo_hybrid_regime_aware_policy_seed_7,2020-12-03,12245.233751107,-0.00027265220203887,0.0,1.0,0.0,-0.000282283741015442,0.011898943041994157,0.03560306008150802,-0.5758775967396791,12248.573351603149
ppo_hybrid_regime_aware_policy_seed_7,2020-12-04,12350.758808346776,0.008617643352887061,0.0,1.0,0.0,0.008580723421316779,0.0033838405365192578,0.035742996777061796,-0.5702801289175281,12245.233751107
ppo_hybrid_regime_aware_policy_seed_7,2020-12-07,12325.37906749963,-0.0020549134867724472,0.0,1.0,0.0,-0.0021281310773793223,0.005431800523736134,0.03471911534393545,-0.611235386242582,12350.758808346776
ppo_hybrid_regime_aware_policy_seed_7,2020-12-08,12361.445122293258,0.00292616191324524,0.0,1.0,0.0,0.0029218890348672224,0.0025215329383037844,0.03562107660353589,-0.5751569358585644,12325.37906749963
ppo_hybrid_regime_aware_policy_seed_7,2020-12-09,12250.57690808024,-0.008968871609766116,0.0,1.0,0.0,-0.00931670794244354,0.011467789242886495,0.0343578225970734,-0.625687096117064,12361.445122293258
ppo_hybrid_regime_aware_policy_seed_7,2020-12-10,12246.569795126057,-0.0003270958571379712,0.0,1.0,0.0,-0.00033923814206972665,0.01179113403367257,0.0373866465704051,-0.5045341371837958,12250.57690808024
ppo_hybrid_regime_aware_policy_seed_7,2020-12-11,12232.209614902917,-0.0011725879542903161,0.0,1.0,0.0,-0.001217070384309924,0.01294989584622759,0.037794144055543905,-0.488234237778244,12246.569795126057
ppo_hybrid_regime_aware_policy_seed_7,2020-12-14,12177.44403935743,-0.004477161303609756,0.0,1.0,0.0,-0.004660629877940801,0.017369078377268882,0.03924166308420987,-0.4303334766316055,12232.209614902917
ppo_hybrid_regime_aware_policy_seed_7,2020-12-15,12342.076050877387,0.01351942254777505,0.0,1.0,0.0,0.013428850562282912,0.004084475739341546,0.041887458240770226,-0.3245016703691909,12177.44403935743
ppo_hybrid_regime_aware_policy_seed_7,2020-12-16,12361.445122293257,0.0015693527844120592,0.0,1.0,0.0,0.0015681226371862288,0.0025215329383039315,0.03816975950475829,-0.4732096198096684,12342.076050877387
ppo_hybrid_regime_aware_policy_seed_7,2020-12-17,12430.569858958896,0.00559196242686677,0.0,1.0,0.0,0.0055763854485796,0.0,0.03728371975839909,-0.5086512096640364,12361.445122293257
ppo_hybrid_regime_aware_policy_seed_7,2020-12-18,12328.38440221527,-0.008220496558327905,0.0,1.0,0.0,-0.008550778482401237,0.00822049655832787,0.03604494204951854,-0.5582023180192586,12430.569858958896
ppo_hybrid_regime_aware_policy_seed_7,2020-12-21,12284.304121513274,-0.003575511540188092,0.0,1.0,0.0,-0.0037068114406094183,0.011766615618205575,0.03521948337470604,-0.5912206650117584,12328.38440221527
ppo_hybrid_regime_aware_policy_seed_7,2020-12-22,12263.600025181335,-0.0016854105960858456,0.0,1.0,0.0,-0.0017571766948393846,0.013432194635648433,0.04223407937664198,-0.3106368249343207,12284.304121513274
ppo_hybrid_regime_aware_policy_seed_7,2020-12-23,12274.62060490833,0.000898641484096574,0.0,1.0,0.0,0.0008982379475764469,0.012545623878873933,0.04025598030355512,-0.3897607878577951,12263.600025181335
ppo_hybrid_regime_aware_policy_seed_7,2020-12-24,12322.373732783994,0.003890395427502469,0.0,1.0,0.0,0.003882847409394495,0.008704035889144975,0.0382947897754274,-0.4682084089829041,12274.62060490833
ppo_hybrid_regime_aware_policy_seed_7,2020-12-28,12428.233055804283,0.008590822297383172,0.0,1.0,0.0,0.008554131171718198,0.00018798841735548087,0.03460834582701521,-0.6156661669193918,12322.373732783994
ppo_hybrid_regime_aware_policy_seed_7,2020-12-29,12404.522605653716,-0.0019077893087540154,0.0,1.0,0.0,-0.0019760796320390673,0.0020954190838167507,0.0348469679896932,-0.6061212804122721,12428.233055804283
ppo_hybrid_regime_aware_policy_seed_7,2020-12-30,12422.221367270018,0.0014267990940848296,0.0,1.0,0.0,0.0014257821834272697,0.0006716097317823705,0.03753838559517337,-0.4984645761930652,12404.522605653716
ppo_hybrid_regime_aware_policy_seed_7,2020-12-31,12485.336453607371,0.005080821253407031,0.0,1.0,0.0,0.005067957435210907,0.0,0.036805369048007304,-0.5277852380797079,12422.221367270018
ppo_hybrid_regime_aware_policy_seed_7,2021-01-04,12315.361285114173,-0.013613983822124975,0.0,1.0,0.0,-0.01420632192868668,0.013613983822124977,0.036640125219624085,-0.5343949912150368,12485.336453607371
ppo_hybrid_regime_aware_policy_seed_7,2021-01-05,12400.181226919021,0.006887328746690624,0.0,1.0,0.0,0.0068637194394418535,0.006820419057569428,0.045104810746390334,-0.1958075701443868,12315.361285114173
ppo_hybrid_regime_aware_policy_seed_7,2021-01-06,12474.31587388038,0.005978513184986545,0.0,1.0,0.0,0.005960712786412728,0.0008826818378456829,0.041661301755800476,-0.3335479297679812,12400.181226919021
ppo_hybrid_regime_aware_policy_seed_7,2021-01-07,12659.653000835262,0.0148574983052141,0.0,1.0,0.0,0.01474820687893387,0.0,0.0409901005291366,-0.3603959788345364,12474.31587388038
ppo_hybrid_regime_aware_policy_seed_7,2021-01-08,12731.784091319529,0.005697714659280706,0.0,1.0,0.0,0.00568154407760871,0.0,0.035335072865995576,-0.586597085360177,12659.653000835262
ppo_hybrid_regime_aware_policy_seed_7,2021-01-11,12645.961352173146,-0.006740825836411779,0.0,1.0,0.0,-0.006989764816608081,0.006740825836411724,0.03354440569174422,-0.6582237723302314,12731.784091319529
ppo_hybrid_regime_aware_policy_seed_7,2021-01-12,12648.63242110827,0.0002112191284424636,0.0,1.0,0.0,0.00021119682482293237,0.006531030499327345,0.03861256112704237,-0.4554975549183051,12645.961352173146
ppo_hybrid_regime_aware_policy_seed_7,2021-01-13,12682.694919424805,0.0026929787492038226,0.0,1.0,0.0,0.002689359178759961,0.0038556396764686655,0.03692195787773249,-0.5231216848907005,12648.63242110827
ppo_hybrid_regime_aware_policy_seed_7,2021-01-14,12638.2803729423,-0.003501980199372312,0.0,1.0,0.0,-0.00362834144642406,0.00734411750203804,0.03446057758146864,-0.6215768967412542,12682.694919424805
ppo_hybrid_regime_aware_policy_seed_7,2021-01-15,12546.11371768712,-0.007292657904037547,0.0,1.0,0.0,-0.007583551874339912,0.014583217269526121,0.036492458511903074,-0.5403016595238772,12638.2803729423
ppo_hybrid_regime_aware_policy_seed_7,2021-01-19,12644.625308154085,0.007851960589842832,0.0,1.0,0.0,0.007821294369327474,0.006845763526956742,0.038631082981881074,-0.4547566807247573,12546.11371768712
ppo_hybrid_regime_aware_policy_seed_7,2021-01-20,12819.610386943003,0.013838692292137411,0.0,1.0,0.0,0.013743811934587761,0.0,0.03617415672213747,-0.5530337311145016,12644.625308154085
ppo_hybrid_regime_aware_policy_seed_7,2021-01-21,12831.29746002504,0.0009116558716901757,0.0,1.0,0.0,0.0009112405658674767,0.0,0.03254499212010936,-0.6982003151956254,12819.610386943003
ppo_hybrid_regime_aware_policy_seed_7,2021-01-22,12785.88215440698,-0.0035394164744093626,0.0,1.0,0.0,-0.003658492398050435,0.0035394164744094146,0.03186891699365366,-0.7252433202538535,12831.29746002504
ppo_hybrid_regime_aware_policy_seed_7,2021-01-25,12836.307370320761,0.003943819855746211,0.0,1.0,0.0,0.003936063384946354,0.0,0.032991898981228195,-0.6803240407508724,12785.88215440698
ppo_hybrid_regime_aware_policy_seed_7,2021-01-26,12816.270786446856,-0.001560930514972858,0.0,1.0,0.0,-0.001617726944937319,0.0015609305149729086,0.03560498572564121,-0.5758005709743513,12836.307370320761
ppo_hybrid_regime_aware_policy_seed_7,2021-01-27,12503.035215223674,-0.024440461382450485,0.0,1.0,0.0,-0.02560261540227145,0.025963242035451455,0.03518226416344479,-0.5927094334622085,12816.270786446856
ppo_hybrid_regime_aware_policy_seed_7,2021-01-28,12610.563828940541,0.008600200820512827,0.0,1.0,0.0,0.008563429768650509,0.01758633031039506,0.06537264984857856,0.6149059939431424,12503.035215223674
ppo_hybrid_regime_aware_policy_seed_7,2021-01-29,12358.105521797112,-0.020019589176817898,0.0,1.0,0.0,-0.02121119725956078,0.03725384837927108,0.050260575984275795,0.0104230393710318,12610.563828940541
ppo_hybrid_regime_aware_policy_seed_7,2021-02-01,12446.00624766,0.007112799426081118,0.54,0.46410332555840694,0.5358966744415931,0.0036856227820270485,0.030406028104561375,0.05631594427232633,0.2526377708930529,12351.43214481534
ppo_hybrid_regime_aware_policy_seed_7,2021-02-02,12526.909933607894,0.0065003732392554525,0.004103325558406923,0.4634897327794279,0.5365102672205722,0.0038811819381705664,0.024103305396708904,0.05007820689497301,0.0031282757989204,12445.955177644464
ppo_hybrid_regime_aware_policy_seed_7,2021-02-03,12531.397244393584,0.00035821370229949245,0.0034897327794278787,0.4601952499137481,0.539804750086252,-0.0022390850400803796,0.02375372582867328,0.03989160436759642,-0.4043358252961432,12526.866218039673
ppo_hybrid_regime_aware_policy_seed_7,2021-02-04,12596.911767821644,0.005228030214856627,0.00019524991374808565,0.462808558522162,0.537191441477838,0.002622118635399648,0.01864988081016437,0.0340664856113921,-0.6373405755443162,12531.394797639352
ppo_hybrid_regime_aware_policy_seed_7,2021-02-05,12619.682966389684,0.0018076810402218868,0.002808558522161997,0.46097590026691215,0.5390240997330878,-0.0007901636866056554,0.016875912805885365,0.03149537975938607,-0.7401848096245571,12596.876388657745
ppo_hybrid_regime_aware_policy_seed_7,2021-02-08,12703.970120927297,0.006679023138861595,0.5390240997330878,1.0,0.0,0.005848281134989395,0.010309604279143793,0.029443976678398067,-0.8222409328640775,12612.88065313981
ppo_hybrid_regime_aware_policy_seed_7,2021-02-09,12695.511550823981,-0.0006658210010571652,0.0,1.0,0.0,-0.0006859158740915467,0.01096856092915928,0.03015845699709372,-0.7936617201162512,12703.970120927297
ppo_hybrid_regime_aware_policy_seed_7,2021-02-10,12689.980718189523,-0.00043565260149758256,0.0,1.0,0.0,-0.0004490643783737436,0.011399435048553338,0.030906596873317482,-0.7637361250673007,12695.511550823981
ppo_hybrid_regime_aware_policy_seed_7,2021-02-11,12710.475873261455,0.0016150658954552366,0.0,1.0,0.0,0.0016137630790994486,0.009802779991872476,0.03158991856785205,-0.7364032572859182,12689.980718189523
ppo_hybrid_regime_aware_policy_seed_7,2021-02-12,12773.26288606005,0.004939784585931806,0.0,1.0,0.0,0.004927623881120012,0.004911419027443787,0.029842419401471667,-0.8063032239411334,12710.475873261455
ppo_hybrid_regime_aware_policy_seed_7,2021-02-16,12762.20122079114,-0.0008660015352054407,0.0,1.0,0.0,-0.0008895764747608252,0.005773167266231479,0.026921718609342195,-0.9231312556263124,12773.26288606005
ppo_hybrid_regime_aware_policy_seed_7,2021-02-17,12765.129951049914,0.00022948472666328712,0.0,1.0,0.0,0.00022945839907117775,0.005545007393280311,0.030076318170024985,-0.7969472731990006,12762.20122079114
ppo_hybrid_regime_aware_policy_seed_7,2021-02-18,12710.801508354634,-0.004256003887434856,0.0,1.0,0.0,-0.004392292652123676,0.009777411707693515,0.030055304561741072,-0.7977878175303572,12765.129951049914
ppo_hybrid_regime_aware_policy_seed_7,2021-02-19,12688.354528303462,-0.0017659767589336406,0.0,1.0,0.0,-0.0018237132481041846,0.011526121784788802,0.03212385785362392,-0.7150456858550434,12710.801508354634
ppo_hybrid_regime_aware_policy_seed_7,2021-02-22,12590.759308181816,-0.007691716045917785,0.0,1.0,0.0,-0.007957470335582131,0.019129182174827376,0.031042825149638516,-0.7582869940144594,12688.354528303462
ppo_hybrid_regime_aware_policy_seed_7,2021-02-23,12606.04926571247,0.0012143793044092632,0.0,1.0,0.0,0.0012136425422739111,0.01793803295336147,0.03407397610613879,-0.6370409557544483,12590.759308181816
ppo_hybrid_regime_aware_policy_seed_7,2021-02-24,12744.959438281241,0.011019326486895187,0.0,1.0,0.0,0.010959056064222558,0.007116371508112095,0.03333817726759546,-0.6664729092961816,12606.04926571247
ppo_hybrid_regime_aware_policy_seed_7,2021-02-25,12437.859732875271,-0.024095777385022776,0.0,1.0,0.0,-0.025095861115279734,0.031040674389486295,0.029469245887495134,-0.8212301645001946,12744.959438281241
ppo_hybrid_regime_aware_policy_seed_7,2021-02-26,12373.772165283795,-0.0051526202230823825,0.0,1.0,0.0,-0.005397067284126374,0.03603335380597135,0.04629308581857749,-0.1482765672569006,12437.859732875271
ppo_hybrid_regime_aware_policy_seed_7,2021-03-01,12504.989456679421,0.010604469651039228,0.54,0.46595486542191844,0.5340451345780816,0.007146636635571349,0.02581099876179273,0.04428983811777144,-0.2284064752891423,12367.090328314542
ppo_hybrid_regime_aware_policy_seed_7,2021-03-02,12460.028838539878,-0.003595414318044665,0.0059548654219184205,0.4580546977279418,0.5419453022720582,-0.006322468199859783,0.029313611845326226,0.03415808261634375,-0.6336766953462498,12504.914991150104
ppo_hybrid_regime_aware_policy_seed_7,2021-03-03,12384.085486345144,-0.006094957979538185,0.001945302272058247,0.45668959638333756,0.5433104036166625,-0.00892105780934515,0.03522990459243861,0.03592313793935343,-0.5630744824258629,12460.004600017468
ppo_hybrid_regime_aware_policy_seed_7,2021-03-04,12322.086617356006,-0.005006334061364415,0.05668959638333754,0.39701527076940035,0.6029847292305996,-0.008505583841423327,0.04005986598246324,0.04174810023111462,-0.3300759907554155,12383.383437537346
ppo_hybrid_regime_aware_policy_seed_7,2021-03-05,12412.723279528907,0.007355626119786907,0.0029847292305996698,0.40438292733462705,0.5956170726653729,0.004124228339864902,0.03299890525925205,0.04602287685430852,-0.1590849258276594,12322.049839263897
ppo_hybrid_regime_aware_policy_seed_7,2021-03-08,12387.948970653413,-0.001995880220447055,0.004382927334627029,0.39880271198065653,0.6011972880193435,-0.00527665125276841,0.03492892361739574,0.037410119905136006,-0.5035952037945599,12412.668875464748
ppo_hybrid_regime_aware_policy_seed_7,2021-03-09,12458.681694049483,0.005709800998020986,0.0011972880193434898,0.4034071448525448,0.5965928551474552,0.0024917659377439788,0.029418559822305186,0.03934804975331914,-0.4260780098672345,12387.934138710527
ppo_hybrid_regime_aware_policy_seed_7,2021-03-10,12489.65919536547,0.002486418874541263,0.0034071448525447856,0.4014901903741634,0.5985098096258366,-0.0007217778677719862,0.027005287810167877,0.036271768876695774,-0.5491292449321689,12458.639245516279
ppo_hybrid_regime_aware_policy_seed_7,2021-03-11,12540.294348441257,0.0040541661132416085,0.0014901903741633693,0.4024235682339624,0.5975764317660376,0.0008437348407041,0.023060605619644563,0.03310547895144677,-0.6757808419421294,12489.64058339556
ppo_hybrid_regime_aware_policy_seed_7,2021-03-12,12547.340830397334,0.0005619072216556109,0.057576431766037606,0.4603343333085472,0.5396656666914528,-0.0021166152367424213,0.02251165631882235,0.03176640687219296,-0.7293437251122816,12539.572323039378
ppo_hybrid_regime_aware_policy_seed_7,2021-03-15,12615.356080026093,0.005420690371619186,0.5396656666914528,1.0,0.0,0.004596552808254096,0.017212994665859797,0.028752127010550223,-0.8499149195779911,12540.569461342893
ppo_hybrid_regime_aware_policy_seed_7,2021-03-16,12599.44407482506,-0.001261320338490246,0.0,1.0,0.0,-0.0012959039601353657,0.018452603904091633,0.027256563262951797,-0.9097374694819284,12615.356080026093
ppo_hybrid_regime_aware_policy_seed_7,2021-03-17,12642.406683106195,0.0034098812634899556,0.0,1.0,0.0,0.0034040808005609087,0.01510564382891684,0.02604513488819269,-0.9581946044722924,12599.44407482506
ppo_hybrid_regime_aware_policy_seed_7,2021-03-18,12458.463941829921,-0.014549661776192768,0.0,1.0,0.0,-0.015001530197197974,0.029435523596487243,0.024074456780145366,-1.0370217287941854,12642.406683106195
ppo_hybrid_regime_aware_policy_seed_7,2021-03-19,12394.815921025789,-0.005108817676184874,0.0,1.0,0.0,-0.005269928531067526,0.03439396054941459,0.029851388555974363,-0.8059444577610255,12458.463941829921
ppo_hybrid_regime_aware_policy_seed_7,2021-03-22,12433.625350574484,0.0031311017280104547,0.54,0.4619762072272615,0.5380237927727385,-0.0002757899627440502,0.03137054981071353,0.027642121279754118,-0.8943151488098354,12388.122720428435
ppo_hybrid_regime_aware_policy_seed_7,2021-03-23,12329.125870112794,-0.008404586555832094,0.5380237927727385,1.0,0.0,-0.00941897804708462,0.03951147986535739,0.02110792203142415,-1.155683118743034,12426.935764305454
ppo_hybrid_regime_aware_policy_seed_7,2021-03-24,12266.45114694297,-0.005083468514321288,0.0,1.0,0.0,-0.0052191639460802365,0.044394093015828924,0.025136263281710883,-0.9945494687315648,12329.125870112794
ppo_hybrid_regime_aware_policy_seed_7,2021-03-25,12291.552815366447,0.002046367618700584,0.54,0.461393786314916,0.538606213685084,-0.0013577233394214423,0.04243857203153754,0.02769404119966076,-0.8922383520135697,12259.827263323621
ppo_hybrid_regime_aware_policy_seed_7,2021-03-26,12482.903662715049,0.015567670759172314,0.538606213685084,1.0,0.0,0.014639828369724255,0.027531570989241666,0.022637763704924947,-1.0944894518030022,12284.932508644253
ppo_hybrid_regime_aware_policy_seed_7,2021-03-29,12476.59846285024,-0.0005051068273195236,0.0,1.0,0.0,-0.0005144860241314681,0.028022771432087732,0.018834647892619922,-1.2466140842952032,12482.903662715049
ppo_hybrid_regime_aware_policy_seed_7,2021-03-30,12443.498568656065,-0.0026529581995229368,0.0,1.0,0.0,-0.002719997972106455,0.030601386390366594,0.02463122396755742,-1.0147510412977032,12476.59846285024
ppo_hybrid_regime_aware_policy_seed_7,2021-03-31,12493.936319420822,0.0040533416294838975,0.0,1.0,0.0,0.004045148971267885,0.026672082634258697,0.019910210127473273,-1.2035915949010692,12443.498568656065
ppo_hybrid_regime_aware_policy_seed_7,2021-04-01,12628.859322997247,0.010799078859294209,0.0,1.0,0.0,0.010741185232806828,0.016161037698673508,0.01869742887040874,-1.2521028451836504,12493.936319420822
ppo_hybrid_regime_aware_policy_seed_7,2021-04-05,12810.122755668574,0.01435311202978129,0.0,1.0,0.0,0.014251081264420035,0.002039886853498835,0.009489465915814767,-1.6204213633674094,12628.859322997247
ppo_hybrid_regime_aware_policy_seed_7,2021-04-06,12802.557285461546,-0.0005905853012750928,0.0,1.0,0.0,-0.0005974788629223338,0.002629267427582017,0.01140026962139275,-1.54398921514429,12810.122755668574
ppo_hybrid_regime_aware_policy_seed_7,2021-04-07,12817.373639309262,0.0011572964304984446,0.0,1.0,0.0,0.0011566272792055982,0.0014750138388923367,0.012083793005108852,-1.516648279795646,12802.557285461546
ppo_hybrid_regime_aware_policy_seed_7,2021-04-08,12878.214873647112,0.004746778556197873,0.0,1.0,0.0,0.004735548127749245,0.0,0.007803100232462479,-1.6878759907015009,12817.373639309262
ppo_hybrid_regime_aware_policy_seed_7,2021-04-09,12971.841415612795,0.007270149076117116,0.0,1.0,0.0,0.007243848936019295,0.0,0.00658985789953504,-1.7364056840185984,12878.214873647112
ppo_hybrid_regime_aware_policy_seed_7,2021-04-12,12976.570796530616,0.0003645882466716266,0.0,1.0,0.0,0.0003645218005266528,0.0,0.005385519910530667,-1.7845792035787733,12971.841415612795
ppo_hybrid_regime_aware_policy_seed_7,2021-04-13,13015.029244775293,0.002963683460576405,0.0,1.0,0.0,0.002959300408599511,0.0,0.006433727154467179,-1.7426509138213129,12976.570796530616
ppo_hybrid_regime_aware_policy_seed_7,2021-04-14,12970.581145270578,-0.003415136352656112,0.0,1.0,0.0,-0.0034391843065072346,0.003415136352656092,0.005330113537976595,-1.7867954584809362,13015.029244775293
ppo_hybrid_regime_aware_policy_seed_7,2021-04-15,13109.917019121625,0.01074245419619091,0.0,1.0,0.0,0.010685163961720182,0.0,0.0071464545461601805,-1.7141418181535928,12970.581145270578
ppo_hybrid_regime_aware_policy_seed_7,2021-04-16,13153.735945493661,0.0033424259137662116,0.0,1.0,0.0,0.0033368524241360826,0.0,0.005291580009714969,-1.7883367996114012,13109.917019121625
ppo_hybrid_regime_aware_policy_seed_7,2021-04-19,13089.11101401387,-0.004913047650308866,0.0,1.0,0.0,-0.004944495139794794,0.00491304765030891,0.003936211406211976,-1.842551543751521,13153.735945493661
ppo_hybrid_regime_aware_policy_seed_7,2021-04-20,12993.27851793009,-0.007321543531961572,0.0,1.0,0.0,-0.007413981970339442,0.01219862009002412,0.008990973967739553,-1.640361041290418,13089.11101401387
ppo_hybrid_regime_aware_policy_seed_7,2021-04-21,13116.222218986437,0.009462100030157128,0.0,1.0,0.0,0.009417614757574543,0.002851944623388631,0.015341882157328686,-1.3863247137068526,12993.27851793009
ppo_hybrid_regime_aware_policy_seed_7,2021-04-22,12996.430155824066,-0.00913312241606934,0.0,1.0,0.0,-0.009259594496552025,0.011959019880088658,0.00927953487736038,-1.6288186049055848,13116.222218986437
ppo_hybrid_regime_aware_policy_seed_7,2021-04-23,13137.342810660532,0.010842412350696051,0.0,1.0,0.0,0.01078405484306848,0.0012462721542426836,0.015093449053306862,-1.3962620378677255,12996.430155824066
ppo_hybrid_regime_aware_policy_seed_7,2021-04-26,13164.768602199436,0.002087620908898691,0.0,1.0,0.0,0.002085444856357964,0.0,0.00809514221307392,-1.6761943114770432,13137.342810660532
ppo_hybrid_regime_aware_policy_seed_7,2021-04-27,13161.931550871801,-0.00021550331899955477,0.0,1.0,0.0,-0.00021765706780827986,0.00021550331899954515,0.00988627294333358,-1.6045490822666568,13164.768602199436
ppo_hybrid_regime_aware_policy_seed_7,2021-04-28,13158.148815768287,-0.00028739969425406464,0.0,1.0,0.0,-0.00029025858526779375,0.0005028410776656514,0.009805825102967375,-1.607766995881305,13161.931550871801
ppo_hybrid_regime_aware_policy_seed_7,2021-04-29,13242.002971370417,0.006372792767143753,0.0,1.0,0.0,0.006352572384720713,0.0,0.008715098456136794,-1.6513960617545282,13158.148815768287
ppo_hybrid_regime_aware_policy_seed_7,2021-04-30,13154.996215835885,-0.006570513216364815,0.0,1.0,0.0,-0.006662819175242036,0.00657051321636487,0.010748797375832604,-1.570048104966696,13242.002971370417
ppo_hybrid_regime_aware_policy_seed_7,2021-05-03,13183.368653189098,0.0021567803508037997,0.0,1.0,0.0,0.0021544578388955128,0.004427904019360823,0.01603524655115154,-1.3585901379539385,13154.996215835885
ppo_hybrid_regime_aware_policy_seed_7,2021-05-04,13102.036000309832,-0.006169337672249031,0.0,1.0,0.0,-0.006278236853358252,0.010569924456534064,0.014618997867705319,-1.4152400852917872,13183.368653189098
ppo_hybrid_regime_aware_policy_seed_7,2021-05-05,13106.134284018113,0.00031279746965928723,0.0,1.0,0.0,0.0003127485587299854,0.010260433232499325,0.020737437221257527,-1.170502511149699,13102.036000309832
ppo_hybrid_regime_aware_policy_seed_7,2021-05-06,13210.794444727999,0.007985585867032574,0.0,1.0,0.0,0.007953869811847956,0.002356782936077873,0.0192385361239378,-1.230458555042488,13106.134284018113
ppo_hybrid_regime_aware_policy_seed_7,2021-05-07,13306.942489416548,0.007277991122397465,0.0,1.0,0.0,0.007251634350647923,0.0,0.01552326184246179,-1.3790695263015285,13210.794444727999
ppo_hybrid_regime_aware_policy_seed_7,2021-05-10,13175.17208577253,-0.009902380186043391,0.0,1.0,0.0,-0.010022168860099337,0.009902380186043386,0.0071128371884880805,-1.7154865124604768,13306.942489416548
ppo_hybrid_regime_aware_policy_seed_7,2021-05-11,13057.586938766684,-0.00892475227195122,0.0,1.0,0.0,-0.009165340280430093,0.018738756167931442,0.022692997003788698,-1.0922801198484522,13175.17208577253
ppo_hybrid_regime_aware_policy_seed_7,2021-05-12,12780.175461406809,-0.021245233032779476,0.0,1.0,0.0,-0.02218450646055468,0.039585879959178776,0.03407401631400013,-0.6370393474399949,13057.586938766684
ppo_hybrid_regime_aware_policy_seed_7,2021-05-13,12833.87934783882,0.004202124344394598,0.6,0.4028692177966839,0.5971307822033161,9.332007569533437e-05,0.03555010040465499,0.06394832776100651,0.5579331104402602,12772.507356129965
ppo_hybrid_regime_aware_policy_seed_7,2021-05-14,12912.669717275852,0.006139248102741579,0.002869217796683865,0.40366278365471986,0.5963372163452801,0.002916175869179372,0.029629103188375066,0.04096994860392691,-0.3612020558429238,12833.842524643795
ppo_hybrid_regime_aware_policy_seed_7,2021-05-17,12899.479832566736,-0.0010214684490434944,0.0036627836547198367,0.3993886921691049,0.6006113078308951,-0.004245886536950038,0.030620306443338137,0.018565171066338843,-1.2573931573464463,12912.622420960273
ppo_hybrid_regime_aware_policy_seed_7,2021-05-18,12847.577703098532,-0.004023583132179431,0.060611307830895134,0.4578513499427244,0.5421486500572756,-0.0068064181178250195,0.03452068622700999,0.023536588679378953,-1.058536452824842,12898.697978223747
ppo_hybrid_regime_aware_policy_seed_7,2021-05-19,12833.3618110799,-0.0011065036808614037,0.057851349942724395,0.39937011162764624,0.6006298883723538,-0.004428302677513357,0.03558899264149539,0.032209246444270596,-0.7116301422291762,12846.834453384914
ppo_hybrid_regime_aware_policy_seed_7,2021-05-20,12888.577986678438,0.0043025495899964294,0.0006298883723537818,0.402570846492499,0.5974291535075009,0.0010923752550748395,0.03143956645719699,0.036773477719443406,-0.5290608912222639,12833.353727494517
ppo_hybrid_regime_aware_policy_seed_7,2021-05-21,12882.984126800364,-0.00043401683908461663,0.057429153507500996,0.45979655435095085,0.5402034456490492,-0.003124431993760265,0.03185993799502568,0.028967736274701058,-0.8412905490119578,12887.837806554748
ppo_hybrid_regime_aware_policy_seed_7,2021-05-24,12934.743681931492,0.004017668159929988,0.059796554350950826,0.4024366890206746,0.5975633109793255,0.0007199240520266784,0.027970272493555756,0.026413356861834332,-0.9434657255266268,12882.213768739823
ppo_hybrid_regime_aware_policy_seed_7,2021-05-25,12920.798498238231,-0.0010781182863901506,0.05756331097932543,0.4594483055213722,0.5405516944786277,-0.003775340146746312,0.029018235517695327,0.017457969312828957,-1.3016812274868417,12933.999115258492
ppo_hybrid_regime_aware_policy_seed_7,2021-05-26,12932.586654513874,0.0009123396109962378,0.0005516944786277955,0.4604925119667803,0.5395074880332197,-0.0016809038595449308,0.02813237039240314,0.02002092485893476,-1.1991630056426097,12920.79136990504
ppo_hybrid_regime_aware_policy_seed_7,2021-05-27,12932.395047243828,-1.48158504685858e-05,0.5395074880332197,1.0,0.0,-0.0008242585391118149,0.02814676943787872,0.012594365224445209,-1.4962253910221917,12925.609427174126
ppo_hybrid_regime_aware_policy_seed_7,2021-05-28,12936.046834738809,0.00028237518894536073,0.54,0.46044395723952103,0.539556042760479,-0.003119664671424762,0.02787234219827166,0.009744899090645659,-1.6102040363741736,12925.411553918317
ppo_hybrid_regime_aware_policy_seed_7,2021-06-01,12917.678455219198,-0.0014199376172853162,0.539556042760479,1.0,0.0,-0.0022444174039491427,0.0292527028283878,0.0102412771526472,-1.590348913894112,12929.067112499693
ppo_hybrid_regime_aware_policy_seed_7,2021-06-02,12937.992798863868,0.0015726001939970757,0.0,1.0,0.0,0.0015713649531690686,0.027726105440533562,0.01645422705915261,-1.3418309176338956,12917.678455219198
ppo_hybrid_regime_aware_policy_seed_7,2021-06-03,12889.975198825568,-0.0037113639483952188,0.0,1.0,0.0,-0.0037709304321133174,0.03133456772076735,0.014594106988504614,-1.4162357204598155,12937.992798863868
ppo_hybrid_regime_aware_policy_seed_7,2021-06-04,13007.865273554758,0.00914587289042501,0.0,1.0,0.0,0.009104302666706848,0.02247527680379285,0.01774468399505986,-1.2902126401976055,12889.975198825568
ppo_hybrid_regime_aware_policy_seed_7,2021-06-07,12995.245130816105,-0.0009701932233500132,0.0,1.0,0.0,-0.0009799570286168184,0.023423664665894937,0.009798589337747798,-1.608056426490088,13007.865273554758
ppo_hybrid_regime_aware_policy_seed_7,2021-06-08,12998.015268585832,0.00021316548797978285,0.0,1.0,0.0,0.00021314277144534677,0.02321549229482398,0.010166005373257049,-1.593359785069718,12995.245130816105
ppo_hybrid_regime_aware_policy_seed_7,2021-06-09,12978.623364849562,-0.0014919126755557066,0.0,1.0,0.0,-0.0015131367993817626,0.024672769483155804,0.01379978643037243,-1.4480085427851028,12998.015268585832
ppo_hybrid_regime_aware_policy_seed_7,2021-06-10,13038.953001424932,0.004648384877148359,0.0,1.0,0.0,0.004637614499841,0.020139073134550364,0.01822976217311321,-1.2708095130754715,12978.623364849562
ppo_hybrid_regime_aware_policy_seed_7,2021-06-11,13060.499769875938,0.0016524922245406692,0.0,1.0,0.0,0.0016511283615731592,0.018519860571774002,0.009569479457681425,-1.617220821692743,13038.953001424932
ppo_hybrid_regime_aware_policy_seed_7,2021-06-14,13089.741678581135,0.002238957866883773,0.0,1.0,0.0,0.0022364551356958834,0.01632236789241105,0.007074029145953143,-1.7170388341618743,13060.499769875938
ppo_hybrid_regime_aware_policy_seed_7,2021-06-15,13065.732878561985,-0.0018341691233246804,0.0,1.0,0.0,-0.0018556627287553832,0.01812659903252794,0.01097944556402688,-1.5608221774389248,13089.741678581135
ppo_hybrid_regime_aware_policy_seed_7,2021-06-16,12992.782159899783,-0.005583362168830042,0.0,1.0,0.0,-0.005677961226905073,0.023608753834070177,0.014401970006745835,-1.4239211997301666,13065.732878561985
ppo_hybrid_regime_aware_policy_seed_7,2021-06-17,12988.473369818488,-0.00033162951770204785,0.0,1.0,0.0,-0.0003382997375079091,0.023932553992124676,0.02042994239640051,-1.1828023041439797,12992.782159899783
ppo_hybrid_regime_aware_policy_seed_7,2021-06-18,12771.470790389561,-0.0167073198866603,0.0,1.0,0.0,-0.01715028810223632,0.04024002504353383,0.01850849053591754,-1.2596603785632985,12988.473369818488
ppo_hybrid_regime_aware_policy_seed_7,2021-06-21,12848.633187172823,0.006041778433328648,0.54,0.4635328158633056,0.5364671841366944,0.0026216000730136684,0.03444136792566984,0.03414808293182974,-0.6340766827268104,12764.574196162752
ppo_hybrid_regime_aware_policy_seed_7,2021-06-22,12880.18568732693,0.002455708688579028,0.0035328158633055606,0.46132473724363965,0.5386752627563604,-0.00014460086048345984,0.03207023720355233,0.01938869198771405,-1.2244523204914382,12848.587795317679
ppo_hybrid_regime_aware_policy_seed_7,2021-06-23,12873.027302560475,-0.0005557672024478766,0.0013247372436396287,0.4597004345801544,0.5402995654198456,-0.0031569491056643484,0.03260818081998777,0.013087433885494172,-1.4765026445802332,12880.168624465245
ppo_hybrid_regime_aware_policy_seed_7,2021-06-24,12908.054153178433,0.0027209489885096083,0.00029956541984560436,0.46146548670455556,0.5385345132954444,0.0001248045599134903,0.02997595702809747,0.011558404010007623,-1.537663839599695,12873.023446246647
ppo_hybrid_regime_aware_policy_seed_7,2021-06-25,12929.126269125078,0.0016324781176608738,0.0014654867045555409,0.46088089151024275,0.5391191084897573,-0.0009630511563950416,0.02839241400434095,0.009879983560573059,-1.6048006575770777,12908.03523659669
ppo_hybrid_regime_aware_policy_seed_7,2021-06-28,12948.206091943,0.001475724068337625,0.5391191084897573,1.0,0.0,0.0006659575949141564,0.026958589304707833,0.008288834115802363,-1.6684466353679055,12922.155930097315
ppo_hybrid_regime_aware_policy_seed_7,2021-06-29,12955.173199917555,0.0005380751530430494,0.0,1.0,0.0,0.000537930442515654,0.02643501989873076,0.009174391303526753,-1.63302434785893,12948.206091943
ppo_hybrid_regime_aware_policy_seed_7,2021-06-30,12966.077273908246,0.0008416772066590639,0.0,1.0,0.0,0.0008413231950273803,0.025615592445778077,0.01084835145450519,-1.5660659418197924,12955.173199917555
ppo_hybrid_regime_aware_policy_seed_7,2021-07-01,13037.865200842562,0.005536595642444242,0.0,1.0,0.0,0.005521325035644419,0.020220819980847758,0.010140224305425211,-1.5943910277829916,12966.077273908246
ppo_hybrid_regime_aware_policy_seed_7,2021-07-02,13137.520635287674,0.007643539253548326,0.0,1.0,0.0,0.00761447541383626,0.012731839358561935,0.008636282474900175,-1.654548701003993,13037.865200842562
ppo_hybrid_regime_aware_policy_seed_7,2021-07-06,13113.591018180432,-0.001821471324122359,0.0,1.0,0.0,-0.0018354739646252965,0.014530120002389318,0.006863080296662139,-1.7254767881335145,13137.520635287674
ppo_hybrid_regime_aware_policy_seed_7,2021-07-07,13159.93518141571,0.003534055863952723,0.0,1.0,0.0,0.0035278257625641373,0.011047414394234942,0.014555396542187788,-1.4177841383124885,13113.591018180432
ppo_hybrid_regime_aware_policy_seed_7,2021-07-08,13052.70808962423,-0.008147995435639044,0.0,1.0,0.0,-0.008290667996268802,0.019105395547814166,0.013563722714995159,-1.4574510914001937,13159.93518141571
ppo_hybrid_regime_aware_policy_seed_7,2021-07-09,13192.042854015974,0.010674778247933281,0.0,1.0,0.0,0.010618205050717838,0.008634563160692808,0.02878900711215131,-0.8484397155139476,13052.70808962423
ppo_hybrid_regime_aware_policy_seed_7,2021-07-12,13239.29569008381,0.003581919539736189,0.0,1.0,0.0,0.003575519743758136,0.005083571931458986,0.013911014052376686,-1.4435594379049326,13192.042854015974
ppo_hybrid_regime_aware_policy_seed_7,2021-07-13,13194.163398754416,-0.0034089646750015135,0.0,1.0,0.0,-0.003462874073560585,0.008475206889323307,0.01417771664280359,-1.4328913342878564,13239.29569008381
ppo_hybrid_regime_aware_policy_seed_7,2021-07-14,13213.851926384777,0.0014922149313552069,0.0,1.0,0.0,0.0014911026849908,0.006995638788234655,0.019441052561506494,-1.2223578975397402,13194.163398754416
ppo_hybrid_regime_aware_policy_seed_7,2021-07-15,13168.719635055382,-0.0034155287633635956,0.0,1.0,0.0,-0.0034737713006413864,0.010387273746098975,0.01544868589306101,-1.3820525642775596,13213.851926384777
ppo_hybrid_regime_aware_policy_seed_7,2021-07-16,13065.429509280038,-0.007843596692603594,0.0,1.0,0.0,-0.008024854237808961,0.018149396852702452,0.019367734202478205,-1.2252906319008718,13168.719635055382
ppo_hybrid_regime_aware_policy_seed_7,2021-07-19,12872.480274605135,-0.014767921294730924,0.0,1.0,0.0,-0.015274109555496865,0.032649289283165864,0.027314471037524924,-0.9074211584990032,13065.429509280038
ppo_hybrid_regime_aware_policy_seed_7,2021-07-20,13056.948254713696,0.014330414665499891,0.0,1.0,0.0,0.014228704817839114,0.01878675247162754,0.049240950800894114,-0.0303619679642356,12872.480274605135
ppo_hybrid_regime_aware_policy_seed_7,2021-07-21,13162.661199913387,0.008096298088761111,0.0,1.0,0.0,0.008063698904327666,0.010842557530996465,0.03438647808118413,-0.6245408767526351,13056.948254713696
ppo_hybrid_regime_aware_policy_seed_7,2021-07-22,13190.22550835086,0.002094128840576248,0.0,1.0,0.0,0.00209193920915645,0.00877113440285143,0.02474806989878477,-1.0100772040486092,13162.661199913387
ppo_hybrid_regime_aware_policy_seed_7,2021-07-23,13245.491537275095,0.004189922976619576,0.54,0.46254350133269967,0.5374564986673003,0.0007791696912209017,0.004617961803797298,0.02375447765055766,-1.0498208939776936,13183.102786576352
ppo_hybrid_regime_aware_policy_seed_7,2021-07-26,13270.870876604225,0.0019160738019958767,0.5374564986673003,1.0,0.0,0.001108055726075094,0.0027107363574323065,0.02135018880802197,-1.1459924476791212,13238.372661770343
ppo_hybrid_regime_aware_policy_seed_7,2021-07-27,13210.387960341994,-0.00455756949371422,0.0,1.0,0.0,-0.0046752540778812355,0.007255951481818384,0.023600027142516872,-1.0559989142993251,13270.870876604225
ppo_hybrid_regime_aware_policy_seed_7,2021-07-28,13204.970825941331,-0.0004100662612578354,0.0,1.0,0.0,-0.000423695567251537,0.007663042322180181,0.033273177604473236,-0.6690728958210704,13210.387960341994
ppo_hybrid_regime_aware_policy_seed_7,2021-07-29,13259.737237432562,0.00414740874577646,0.0,1.0,0.0,0.004138831952258488,0.003547415345150042,0.02781015605566003,-0.8875937577735988,13204.970825941331
ppo_hybrid_regime_aware_policy_seed_7,2021-07-30,13195.342303447525,-0.004856426098946209,0.0,1.0,0.0,-0.004987892986513761,0.008386613683630301,0.024722303771882143,-1.0111078491247143,13259.737237432562
ppo_hybrid_regime_aware_policy_seed_7,2021-08-02,13167.657890703535,-0.0020980443028566498,0.0,1.0,0.0,-0.002158029985091384,0.010467062499427707,0.02777367249418481,-0.8890531002326078,13195.342303447525
ppo_hybrid_regime_aware_policy_seed_7,2021-08-03,13274.78289432703,0.008135463763766726,0.0,1.0,0.0,0.008102549274361074,0.002416753143338125,0.03440562147380892,-0.6237751410476433,13167.657890703535
ppo_hybrid_regime_aware_policy_seed_7,2021-08-04,13209.485257660886,-0.004918923133127029,0.0,1.0,0.0,-0.005063470154791111,0.007323788453521328,0.026983563705422,-0.92065745178312,13274.78289432703
ppo_hybrid_regime_aware_policy_seed_7,2021-08-05,13293.139073261571,0.006332859605726826,0.0,1.0,0.0,0.006312891310267438,0.0010373093718527035,0.026768587138260358,-0.9292565144695858,13209.485257660886
ppo_hybrid_regime_aware_policy_seed_7,2021-08-06,13315.105144606521,0.0016524367362660275,0.0,1.0,0.0,0.001651072964839652,0.0,0.023273963616525353,-1.069041455338986,13293.139073261571
ppo_hybrid_regime_aware_policy_seed_7,2021-08-09,13304.272712433232,-0.0008135446213638486,0.0,1.0,0.0,-0.0008281249509513545,0.0008135446213638608,0.01751498589682827,-1.299400564126869,13315.105144606521
ppo_hybrid_regime_aware_policy_seed_7,2021-08-10,13320.82256769154,0.001243950392180615,0.0,1.0,0.0,0.0012431773269283135,0.0,0.020729783714703943,-1.1708086514118423,13304.272712433232
ppo_hybrid_regime_aware_policy_seed_7,2021-08-11,13353.923196522175,0.002484878742467167,0.0,1.0,0.0,0.002481796536168155,0.0,0.021287189165633505,-1.14851243337466,13320.82256769154
ppo_hybrid_regime_aware_policy_seed_7,2021-08-12,13393.944239803293,0.0029969502364324274,0.0,1.0,0.0,0.002992468333533074,0.0,0.01827830552880727,-1.2688677788477092,13353.923196522175
ppo_hybrid_regime_aware_policy_seed_7,2021-08-13,13418.31904882123,0.0018198380239258238,0.0,1.0,0.0,0.0018181841249573095,0.0,0.015502620345718688,-1.3798951861712525,13393.944239803293
ppo_hybrid_regime_aware_policy_seed_7,2021-08-16,13449.914560974006,0.002354655008411921,0.0,1.0,0.0,0.0023518871523535295,0.0,0.01504562491337948,-1.3981750034648208,13418.31904882123
ppo_hybrid_regime_aware_policy_seed_7,2021-08-17,13361.747231967784,-0.00655523338877162,0.0,1.0,0.0,-0.0066997786172778686,0.006555233388771639,0.01875834460757831,-1.2496662156968676,13449.914560974006
ppo_hybrid_regime_aware_policy_seed_7,2021-08-18,13215.50296943026,-0.010944995440988259,0.0,1.0,0.0,-0.011311554435889732,0.017428481830205133,0.028162868743487834,-0.8734852502604865,13361.747231967784
ppo_hybrid_regime_aware_policy_seed_7,2021-08-19,13235.96484241137,0.0015483234371360677,0.0,1.0,0.0,0.0015471260202361639,0.015907143319960484,0.04715235846926156,-0.1139056612295378,13215.50296943026
ppo_hybrid_regime_aware_policy_seed_7,2021-08-20,13341.28444067265,0.00795707751684338,0.0,1.0,0.0,0.007925586914016684,0.008076640175585527,0.04768915402308202,-0.0924338390767193,13235.96484241137
ppo_hybrid_regime_aware_policy_seed_7,2021-08-23,13458.641299100722,0.008796518727259395,0.0,1.0,0.0,0.008758054757839811,0.0,0.03165692384998461,-0.7337230460006157,13341.28444067265
ppo_hybrid_regime_aware_policy_seed_7,2021-08-24,13480.005874762943,0.0015874244054374653,0.0,1.0,0.0,0.0015861657791226762,0.0,0.02451178990758987,-1.0195284036964052,13458.641299100722
ppo_hybrid_regime_aware_policy_seed_7,2021-08-25,13508.291783189667,0.0020983602447592897,0.0,1.0,0.0,0.0020961617618364863,0.0,0.02502918051683676,-0.9988327793265296,13480.005874762943
ppo_hybrid_regime_aware_policy_seed_7,2021-08-26,13428.549985311785,-0.005903174076911433,0.0,1.0,0.0,-0.006056320339755845,0.005903174076911455,0.022979782358250024,-1.080808705669999,13508.291783189667
ppo_hybrid_regime_aware_policy_seed_7,2021-08-27,13548.61403346916,0.008940954033659798,0.0,1.0,0.0,0.008901220366445443,0.0,0.033640519803701634,-0.6543792078519346,13428.549985311785
ppo_hybrid_regime_aware_policy_seed_7,2021-08-30,13608.195165364303,0.004397581313332788,0.0,1.0,0.0,0.0043879402073269185,0.0,0.021257541240342417,-1.1496983503863034,13548.61403346916
ppo_hybrid_regime_aware_policy_seed_7,2021-08-31,13588.033581067546,-0.0014815766566952382,0.0,1.0,0.0,-0.001512971464668006,0.0014815766566952347,0.02044861322597993,-1.1820554709608029,13608.195165364303
ppo_hybrid_regime_aware_policy_seed_7,2021-09-01,13595.255202516406,0.0005314692082394323,0.0,1.0,0.0,0.000531328028499354,0.000950894860828549,0.02215854011475169,-1.1136583954099324,13588.033581067546
ppo_hybrid_regime_aware_policy_seed_7,2021-09-02,13637.08256947376,0.0030766150641741152,0.0,1.0,0.0,0.0030718919689984346,0.0,0.020506844994370235,-1.1797262002251907,13595.255202516406
ppo_hybrid_regime_aware_policy_seed_7,2021-09-03,13633.772047433684,-0.00024275881759971973,0.0,1.0,0.0,-0.0002481929469618982,0.00024275881759975942,0.02226349067047312,-1.1094603731810753,13637.08256947376
ppo_hybrid_regime_aware_policy_seed_7,2021-09-07,13585.024266025848,-0.003575516829695813,0.0,1.0,0.0,-0.0036618497968286517,0.0038174076590576996,0.022358987567693524,-1.105640497292259,13633.772047433684
ppo_hybrid_regime_aware_policy_seed_7,2021-09-08,13568.474410767541,-0.0012182425981892564,0.0,1.0,0.0,-0.001257126075812713,0.005030999728621985,0.03142803734802457,-0.742878506079017,13585.024266025848
ppo_hybrid_regime_aware_policy_seed_7,2021-09-09,13510.398395550257,-0.004280217028024724,0.0,1.0,0.0,-0.004419879051221847,0.009289682985940224,0.03063756189113926,-0.7744975243544296,13568.474410767541
ppo_hybrid_regime_aware_policy_seed_7,2021-09-10,13403.874887609494,-0.007884557125706015,0.0,1.0,0.0,-0.008190569418746478,0.017100995075463903,0.03517524490584414,-0.5929902037662343,13510.398395550257
ppo_hybrid_regime_aware_policy_seed_7,2021-09-13,13438.178507805591,0.0025592316015876637,0.0,1.0,0.0,0.002555962345060828,0.014585528880892018,0.0466057717739663,-0.1357691290413482,13403.874887609494
ppo_hybrid_regime_aware_policy_seed_7,2021-09-14,13365.659249690589,-0.005396509510041003,0.0,1.0,0.0,-0.0056153858568376135,0.019903327445618364,0.038411118366842904,-0.4635552653262839,13438.178507805591
ppo_hybrid_regime_aware_policy_seed_7,2021-09-15,13402.2684677083,0.002739050677096788,0.6,0.401997957898324,0.5980020421016761,-0.0013646936864331312,0.01721879299103789,0.03900663998018449,-0.4397344007926204,13357.639854140774
ppo_hybrid_regime_aware_policy_seed_7,2021-09-16,13391.718682512132,-0.0007871641447555477,0.05800204210167603,0.459605942276456,0.540394057723544,-0.003491530465263822,0.01799240311933495,0.03238489268056606,-0.7046042927773577,13401.491108768378
ppo_hybrid_regime_aware_policy_seed_7,2021-09-17,13312.225951034585,-0.005935961870327633,0.0003940577235440057,0.4567756537850048,0.5432243462149953,-0.008751547644808205,0.023821562770790693,0.03522065743506919,-0.5911737025972323,13391.713405401953
ppo_hybrid_regime_aware_policy_seed_7,2021-09-20,13210.076915935813,-0.007673324917598201,0.003224346214995233,0.455826118139772,0.544173881860228,-0.010648519402413917,0.03131209709720369,0.046560968685288334,-0.1375612525884669,13312.183027809226
ppo_hybrid_regime_aware_policy_seed_7,2021-09-21,13204.304636283536,-0.00043696033634099685,0.11582611813977195,0.3397879587623767,0.6602120412376233,-0.00451351498158389,0.03173537528906553,0.07257631892392194,0.9030527569568776,13208.546844006312
ppo_hybrid_regime_aware_policy_seed_7,2021-09-22,13255.0286953732,0.003841479009071058,0.060212041237623304,0.4023320560856841,0.5976679439143159,0.0005438013086361351,0.02801580705801236,0.06552544140739051,0.6210176562956203,13203.509578148261
ppo_hybrid_regime_aware_policy_seed_7,2021-09-23,13319.417176084818,0.004857664377150295,0.0023320560856840977,0.40290190139689985,0.5970980986031001,0.0016424059113686028,0.023294234068804896,0.04706395053265763,-0.1174419786936952,13254.997783902865
ppo_hybrid_regime_aware_policy_seed_7,2021-09-24,13328.154455506508,0.0006559806113271005,0.002901901396899831,0.40039507034914545,0.5996049296508545,-0.0025485873020039402,0.02265353402338257,0.03525920282040532,-0.5896318871837872,13319.37852444951
ppo_hybrid_regime_aware_policy_seed_7,2021-09-27,13312.896906463226,-0.0011447608214788518,0.00039507034914543215,0.39931259363344535,0.6006874063665546,-0.004380362528154888,0.023772361966643424,0.030704776546989457,-0.771808938120422,13328.149189947873
ppo_hybrid_regime_aware_policy_seed_7,2021-09-28,13205.57604932097,-0.00806142028262491,0.000687406366554677,0.39512425484334623,0.6048757451566538,-0.011580597629688742,0.03164214324834449,0.03627512485045963,-0.5489950059816147,13312.887755093136
ppo_hybrid_regime_aware_policy_seed_7,2021-09-29,13214.402346210103,0.0006683765142974085,0.004875745156653788,0.4004036815444089,0.599596318455591,-0.002539160367542554,0.030994915599456344,0.06054665794884598,0.421866317953839,13205.511662297506
ppo_hybrid_regime_aware_policy_seed_7,2021-09-30,13149.792648674538,-0.004889339361919376,0.0004036815444088959,0.39705222592395495,0.602947774076045,-0.008371596953930235,0.03573271030051594,0.056916806795580144,0.2766722718232056,13214.397011799756
ppo_hybrid_regime_aware_policy_seed_7,2021-10-01,13212.263483382298,0.004750708728023634,0.0029477740760450732,0.4028387080262631,0.5971612919737369,0.001535038063291192,0.031151757271192886,0.060144534788629356,0.405781391545174,13149.753886056664
ppo_hybrid_regime_aware_policy_seed_7,2021-10-04,13144.071828236925,-0.005161239422082353,0.0028387080262630704,0.39688890245225694,0.6031110975477431,-0.008624912268603922,0.03615221501558005,0.049205411523656005,-0.03178353905376,13212.225977623903
ppo_hybrid_regime_aware_policy_seed_7,2021-10-05,13198.736295634699,0.0041588685844169415,0.0031110975477430802,0.40248684534619433,0.5975131546538057,0.0009455777471267108,0.03214369874244856,0.05944945896778714,0.3779783587114854,13144.030935747292
ppo_hybrid_regime_aware_policy_seed_7,2021-10-06,13220.645291673962,0.0016599313410412542,0.0024868453461943107,0.40099579795559664,0.5990042020444033,-0.0015451750903258806,0.030537123734366865,0.05054108966149027,0.0216435864596108,13198.703472418767
ppo_hybrid_regime_aware_policy_seed_7,2021-10-07,13266.352712097538,0.003457276056892722,0.0009957979555966223,0.402067814108701,0.5979321858912989,0.00024981972013498574,0.027185422944207335,0.04907586910978121,-0.0369652356087516,13220.632126582408
ppo_hybrid_regime_aware_policy_seed_7,2021-10-08,13256.647348730075,-0.0007315773655416358,0.002067814108700994,0.39956197381910086,0.6004380261808991,-0.0039642488153584276,0.027897112069650298,0.04117246463227003,-0.3531014147091992,13266.325279746228
ppo_hybrid_regime_aware_policy_seed_7,2021-10-11,13218.251802292125,-0.0028963240424154657,0.0004380261808991648,0.398257421317726,0.601742578682274,-0.006205489447866428,0.030712637035664504,0.037046698052725514,-0.5181320778909795,13256.641541971465
ppo_hybrid_regime_aware_policy_seed_7,2021-10-12,13205.21388288297,-0.000986357318968123,0.0017425786822740097,0.39940864787132824,0.6005913521286718,-0.004231501669827876,0.03166870072030771,0.043975849118189976,-0.2409660352724011,13218.228768448318
ppo_hybrid_regime_aware_policy_seed_7,2021-10-13,13224.208970006299,0.0014384535753677596,0.0005913521286717849,0.4008621867408977,0.5991378132591023,-0.0017634670361138301,0.030275801100718355,0.04324764750611062,-0.2700940997555754,13205.206073951631
ppo_hybrid_regime_aware_policy_seed_7,2021-10-14,13313.173371095852,0.006727389236765191,0.0008621867408976636,0.40400997419685203,0.595990025803148,0.003503568053225723,0.023752088962412616,0.03665111312276417,-0.5339554750894331,13224.197568268666
ppo_hybrid_regime_aware_policy_seed_7,2021-10-15,13359.065019129415,0.003447085586160803,0.05599002580314799,0.46188516251393114,0.5381148374860689,0.0007651729659516158,0.020386878859755462,0.02690861450429365,-0.9236554198282542,13312.427966175283
ppo_hybrid_regime_aware_policy_seed_7,2021-10-18,13391.404813447803,0.002420812704487796,0.5381148374860689,1.0,0.0,0.0016107150015380906,0.018015418970616127,0.023982020010874662,-1.0407191995650136,13351.87630802768
ppo_hybrid_regime_aware_policy_seed_7,2021-10-19,13494.717744916446,0.007714868821297571,0.0,1.0,0.0,0.007685261401572473,0.010439536743437554,0.02423143678293065,-1.030742528682774,13391.404813447803
ppo_hybrid_regime_aware_policy_seed_7,2021-10-20,13547.72125409159,0.003927722696912994,0.0,1.0,0.0,0.003920029332475949,0.006552817651936982,0.020991904258402968,-1.1603238296638814,13494.717744916446
ppo_hybrid_regime_aware_policy_seed_7,2021-10-21,13583.056926875017,0.0026082373648450563,0.0,1.0,0.0,0.0026048418167514496,0.0039616715909367335,0.01998647466421105,-1.200541013431558,13547.72125409159
ppo_hybrid_regime_aware_policy_seed_7,2021-10-22,13568.982424817976,-0.001036180745822679,0.0,1.0,0.0,-0.0010547633828378255,0.004993747328935604,0.017484599195970087,-1.3006160321611966,13583.056926875017
ppo_hybrid_regime_aware_policy_seed_7,2021-10-25,13641.750186703182,0.005362801690428354,0.0,1.0,0.0,0.005348473074299051,0.0,0.02006905040996213,-1.1972379836015148,13568.982424817976
ppo_hybrid_regime_aware_policy_seed_7,2021-10-26,13654.028021592887,0.0009000190387353779,0.0,1.0,0.0,0.0008996142644518357,0.0,0.01921058846646222,-1.2315764613415112,13641.750186703182
ppo_hybrid_regime_aware_policy_seed_7,2021-10-27,13593.53809459739,-0.004430189164679965,0.0,1.0,0.0,-0.004544007492317626,0.004430189164679913,0.023469869110294556,-1.0612052355882178,13654.028021592887
ppo_hybrid_regime_aware_policy_seed_7,2021-10-28,13724.700281029109,0.00964886297584644,0.0,1.0,0.0,0.009602609985319628,0.0,0.029275988970355705,-0.8289604411857717,13593.53809459739
ppo_hybrid_regime_aware_policy_seed_7,2021-10-29,13752.54953599218,0.0020291339259019825,0.0,1.0,0.0,0.002027078014334198,0.0,0.026192933955969278,-0.952282641761229,13724.700281029109
ppo_hybrid_regime_aware_policy_seed_7,2021-11-01,13776.206872187926,0.0017202145779464662,0.0,1.0,0.0,0.00171873670344748,0.0,0.024189219331822245,-1.0324312267271103,13752.54953599218
ppo_hybrid_regime_aware_policy_seed_7,2021-11-02,13831.905382114073,0.004043094767878008,0.0,1.0,0.0,0.004034943423944309,0.0,0.024700154412476125,-1.0119938235009551,13776.206872187926
ppo_hybrid_regime_aware_policy_seed_7,2021-11-03,13916.352394456324,0.006105233516956243,0.0,1.0,0.0,0.0060866720883999866,0.0,0.02168188828494096,-1.1327244686023616,13831.905382114073
ppo_hybrid_regime_aware_policy_seed_7,2021-11-04,13981.933487672184,0.004712520303954415,0.0,1.0,0.0,0.004701451142290312,0.0,0.014742170879711736,-1.4103131648115306,13916.352394456324
ppo_hybrid_regime_aware_policy_seed_7,2021-11-05,14030.445328928987,0.0034696089278050124,0.0,1.0,0.0,0.0034636037212191872,0.0,0.017180195207570977,-1.312792191697161,13981.933487672184
ppo_hybrid_regime_aware_policy_seed_7,2021-11-08,14042.423414667684,0.0008537209944434743,0.0,1.0,0.0,0.0008533567819511243,0.0,0.024744294317920384,-1.0102282272831846,14030.445328928987
ppo_hybrid_regime_aware_policy_seed_7,2021-11-09,13996.007989729227,-0.003305371414023539,0.0,1.0,0.0,-0.003410793040752788,0.003305371414023538,0.030237696950565968,-0.7904921219773613,14042.423414667684
ppo_hybrid_regime_aware_policy_seed_7,2021-11-10,13883.411973272892,-0.008044866546158103,0.0,1.0,0.0,-0.008353502731372659,0.011323646688270383,0.034434043318296595,-0.6226382672681363,13996.007989729227
ppo_hybrid_regime_aware_policy_seed_7,2021-11-11,13887.903641191233,0.0003235276693500655,0.0,1.0,0.0,0.00032347534555880655,0.011003782531941852,0.04146865851983901,-0.3412536592064396,13883.411973272892
ppo_hybrid_regime_aware_policy_seed_7,2021-11-12,13992.713490676202,0.007546844519723317,0.0,1.0,0.0,0.0075185095590189445,0.0035399818481159752,0.03382313539538447,-0.6470745841846213,13887.903641191233
ppo_hybrid_regime_aware_policy_seed_7,2021-11-15,13997.504907745553,0.00034242229518555156,0.0,1.0,0.0,0.00034236368205134573,0.0031987717216397722,0.0240195002653657,-1.039219989385372,13992.713490676202
ppo_hybrid_regime_aware_policy_seed_7,2021-11-16,14052.90458239005,0.003957824984497149,0.0,1.0,0.0,0.003950013399666602,0.0,0.02567580970358937,-0.9729676118564252,13997.504907745553
ppo_hybrid_regime_aware_policy_seed_7,2021-11-17,14018.7669923413,-0.002429219514628267,0.0,1.0,0.0,-0.002492893420397181,0.0024292195146282743,0.024995091877716737,-1.0001963248913306,14052.90458239005
ppo_hybrid_regime_aware_policy_seed_7,2021-11-18,14066.380500014433,0.0033964119454403807,0.0,1.0,0.0,0.0033906571651105342,0.0,0.030559546721306865,-0.7776181311477254,14018.7669923413
ppo_hybrid_regime_aware_policy_seed_7,2021-11-19,14041.226245802365,-0.0017882535035961267,0.0,1.0,0.0,-0.0018510425479298417,0.0017882535035961822,0.03421674285256696,-0.6313302858973215,14066.380500014433
ppo_hybrid_regime_aware_policy_seed_7,2021-11-22,14001.697740382246,-0.0028151747381705006,0.0,1.0,0.0,-0.0029222572987330987,0.004598393995677917,0.03669300654648313,-0.532279738140675,14041.226245802365
ppo_hybrid_regime_aware_policy_seed_7,2021-11-23,14020.263910357628,0.0013259941986774049,0.0,1.0,0.0,0.0013251158447456824,0.0032784972407619802,0.04605425755811848,-0.1578296976752609,14001.697740382246
ppo_hybrid_regime_aware_policy_seed_7,2021-11-24,14057.695999459402,0.00266985624101701,0.0,1.0,0.0,0.0026662985058638765,0.0006173941160643531,0.04769062087890072,-0.0923751648439715,14020.263910357628
ppo_hybrid_regime_aware_policy_seed_7,2021-11-26,13744.164784588158,-0.022303172218498757,0.0,1.0,0.0,-0.023489249197167265,0.022906796487265815,0.04188538272042879,-0.3245846911828484,14057.695999459402
ppo_hybrid_regime_aware_policy_seed_7,2021-11-29,13858.022123228364,0.008284049298352247,0.30000000000000004,0.7025540568565948,0.2974459431434052,0.0069999248912819955,0.014812508220281354,0.11477928491319339,2.591171396527735,13740.04153515278
ppo_hybrid_regime_aware_policy_seed_7,2021-11-30,13730.654615220143,-0.009190886468187442,0.24255405685659476,0.45512307725461437,0.5448769227453856,-0.0128549897000844,0.023867254607107057,0.07352777559511954,0.9411110238047814,13854.660803742367
ppo_hybrid_regime_aware_policy_seed_7,2021-12-01,13735.501230077158,0.00035297769792008715,0.5351230772546143,-0.07904118960149856,1.0790411896014986,-0.010817769199933784,0.02352270151777394,0.10355579001749345,2.142231600699738,13723.307025069726
ppo_hybrid_regime_aware_policy_seed_7,2021-12-02,13718.657910052678,-0.0012262617681251253,0.0009588103985014029,-0.08132495193224391,1.0813249519322439,-0.011746129555222673,0.024720118296344847,0.125,3.194849203268089,13735.48806033575
ppo_hybrid_regime_aware_policy_seed_7,2021-12-03,13728.189347644407,0.000694779158006753,0.0013249519322439535,-0.07924872952833167,1.0792487295283317,-0.009675449517194885,0.024042514161313817,0.10676676545180142,2.270670618072056,13718.639733490372
ppo_hybrid_regime_aware_policy_seed_7,2021-12-06,13715.172064417504,-0.0009482155947344584,0.0007512704716682861,-0.08102423266358796,1.081024232663588,-0.011432704050964224,0.02496793226918387,0.12417274824368381,2.966909929747352,13728.17903406112
ppo_hybrid_regime_aware_policy_seed_7,2021-12-07,13692.462367339245,-0.001655808397561187,0.001024232663588004,-0.08179013101205183,1.081790131012052,-0.012187653683695567,0.02658239855482397,0.09968407065536951,1.98736282621478,13715.15801689029
ppo_hybrid_regime_aware_policy_seed_7,2021-12-08,13700.361365090639,0.0005768865774089527,0.48179013101205187,0.40063483979449627,0.5993651602055037,-0.0033459649542028087,0.02602084700633673,0.06367988759948047,0.5471955039792189,13685.865474101407
ppo_hybrid_regime_aware_policy_seed_7,2021-12-09,13657.001240542717,-0.003164889114414593,0.05936516020550375,0.4583176927488208,0.5416823072511792,-0.006005601612381669,0.029103383025313158,0.05016840125971789,0.0067360503887155,13699.548040943328
ppo_hybrid_regime_aware_policy_seed_7,2021-12-10,13716.115826875874,0.004328518778900614,0.001682307251179238,0.4623282307958008,0.5376717692041992,0.0017246542263074439,0.02490083878636725,0.06161740193747794,0.4646960774991172,13656.9782652705
ppo_hybrid_regime_aware_policy_seed_7,2021-12-13,13587.30413564012,-0.00939126592846018,0.5376717692041992,1.0,0.0,-0.01062723126623482,0.034058254315942935,0.04205135119118377,-0.3179459523526494,13708.741058612628
ppo_hybrid_regime_aware_policy_seed_7,2021-12-14,13536.988839782925,-0.00370311103327825,0.54,0.45828557132227754,0.5417144286777225,-0.007302170066207581,0.03763524385188957,0.053169163970141556,0.1267665588056623,13579.966991406875
ppo_hybrid_regime_aware_policy_seed_7,2021-12-15,13634.262854015373,0.007185794077525953,0.0017144286777224793,0.4638535636782932,0.5361464363217068,0.004565527634513373,0.03071988888674075,0.06406412281293512,0.5625649125174047,13536.965631581048
ppo_hybrid_regime_aware_policy_seed_7,2021-12-16,13506.783384290413,-0.009349934872893928,0.5361464363217068,1.0,0.0,-0.010618378489738452,0.03978259479924107,0.0463701392535289,-0.1451944298588444,13626.95289257432
ppo_hybrid_regime_aware_policy_seed_7,2021-12-17,13411.891135041611,-0.007025525363734686,0.54,0.4564730375393591,0.5435269624606409,-0.010824675720732108,0.046528626534178455,0.055196175643787676,0.2078470257515069,13499.489721262897
ppo_hybrid_regime_aware_policy_seed_7,2021-12-20,13346.241587841007,-0.004894876236288592,0.0035269624606409367,0.45734567881845795,0.542654321181542,-0.007793853752075182,0.051195750902137724,0.06206561150954829,0.4826244603819318,13411.843831805052
ppo_hybrid_regime_aware_policy_seed_7,2021-12-21,13425.25138086176,0.005920003208448987,0.11734567881845792,0.343961199949188,0.6560388000508119,0.0018545303239529643,0.04557882670328836,0.07092681431571167,0.8370725726284668,13344.675464062206
ppo_hybrid_regime_aware_policy_seed_7,2021-12-22,13485.434585488465,0.004482836329791073,0.11603880005081202,0.46247230961077285,0.5375276903892272,0.0017067601470948757,0.04130031279371206,0.05832848077346368,0.3331392309385471,13423.693530801145
ppo_hybrid_regime_aware_policy_seed_7,2021-12-23,13518.152992680663,0.0024262033963224905,0.062472309610772825,0.4014895913719144,0.5985104086280856,-0.0008704435476142212,0.03897431235655875,0.04208480968805267,-0.3166076124778934,13484.592119243805
ppo_hybrid_regime_aware_policy_seed_7,2021-12-27,13701.258715967339,0.013545173174605685,0.5985104086280856,1.0,0.0,0.012556491763594618,0.02595705299218373,0.03759138506499545,-0.4963445974001821,13510.062237409116
ppo_hybrid_regime_aware_policy_seed_7,2021-12-28,13690.062111408151,-0.0008171953242616103,0.0,1.0,0.0,-0.0008459976232042115,0.026753036334108513,0.03576483491889013,-0.5694066032443946,13701.258715967339
ppo_hybrid_regime_aware_policy_seed_7,2021-12-29,13707.574547130653,0.0012792079086265673,0.0,1.0,0.0,0.0012783904192747832,0.025508051121140376,0.0349139260362369,-0.6034429585505241,13690.062111408151
ppo_hybrid_regime_aware_policy_seed_7,2021-12-30,13669.679560150758,-0.0027645289726202504,0.0,1.0,0.0,-0.002851861588017899,0.02820206234740114,0.030996250861952113,-0.7601499655219154,13707.574547130653
ppo_hybrid_regime_aware_policy_seed_7,2021-12-31,13635.229412695646,-0.0025201869073463445,0.0,1.0,0.0,-0.0026060543871589395,0.030651174786459442,0.03376180768250954,-0.6495276926996184,13669.679560150758
ppo_hybrid_regime_aware_policy_seed_7,2022-01-03,13714.176864185272,0.005789961364061735,0.0,1.0,0.0,0.0057732639583171685,0.025038682540174377,0.033143928349054295,-0.6742428660378282,13635.229412695646
ppo_hybrid_regime_aware_policy_seed_7,2022-01-04,13709.583452784349,-0.00033493890638958135,0.0,1.0,0.0,-0.00034446387130890603,0.025365235017616502,0.028996443174779875,-0.8401422730088052,13714.176864185272
ppo_hybrid_regime_aware_policy_seed_7,2022-01-05,13446.330077889708,-0.01920214248677088,0.0,1.0,0.0,-0.019974954030668724,0.044080310647368635,0.03131463702859665,-0.7474145188561339,13709.583452784349
ppo_hybrid_regime_aware_policy_seed_7,2022-01-06,13433.698415563078,-0.0009394133755054046,0.0,1.0,0.0,-0.0009858240181973678,0.044978314389455466,0.051190340590269834,0.0476136236107935,13446.330077889708
ppo_hybrid_regime_aware_policy_seed_7,2022-01-07,13402.026682694912,-0.0023576331616521617,0.54,0.45901615855549244,0.5409838414445076,-0.005875952407499448,0.04722990518554787,0.050424638879177835,0.0169855551671133,13426.444218418674
ppo_hybrid_regime_aware_policy_seed_7,2022-01-10,13394.342072290177,-0.0005733916658036131,0.0009838414445075827,0.4596907224376694,0.5403092775623306,-0.003191353497900308,0.04777621561734136,0.04451977602243916,-0.2192089591024337,13402.013497225622
ppo_hybrid_regime_aware_policy_seed_7,2022-01-11,13442.3393479103,0.003583399271205545,0.059690722437669375,0.4021780491763548,0.5978219508236452,0.000287458109122336,0.044364017602359966,0.04915281293436202,-0.0338874826255193,13393.542554335305
ppo_hybrid_regime_aware_policy_seed_7,2022-01-12,13458.278408436967,0.0011857356159621357,0.05782195082364522,0.46067072578261525,0.5393292742173847,-0.001493699739540045,0.04323088598213607,0.04228274528764381,-0.3086901884942477,13441.56208562557
ppo_hybrid_regime_aware_policy_seed_7,2022-01-13,13372.968846842881,-0.006338816823748039,0.0006707257826152335,0.45655556748029447,0.5434444325197055,-0.009175258388208927,0.04929567013851504,0.03681250079775986,-0.5274999680896054,13458.26938162265
ppo_hybrid_regime_aware_policy_seed_7,2022-01-14,13374.400336339213,0.00010704350789469963,0.056555567480294444,0.4000981489390181,0.5999018510609819,-0.0031777955720732206,0.049193903412076044,0.05595746336002873,0.2382985344011492,13372.212531000852
ppo_hybrid_regime_aware_policy_seed_7,2022-01-18,13279.656855803456,-0.007083942319143222,9.814893901805011e-05,0.39571936976016914,0.6042806302398309,-0.010633591188580108,0.05592935895699464,0.04814691378980508,-0.0741234484077969,13374.39902365601
ppo_hybrid_regime_aware_policy_seed_7,2022-01-19,13232.03690487173,-0.0035859323361142614,0.05571936976016911,0.3376616743646984,0.6623383256353016,-0.0077978590519265836,0.059314732396286846,0.0738183832426169,0.952735329704676,13278.916921692819
ppo_hybrid_regime_aware_policy_seed_7,2022-01-20,13182.212029054754,-0.003765472857669483,0.002338325635301619,0.3375069436729252,0.6624930563270748,-0.007935832129550808,0.0628568572390582,0.08123500900094399,1.2494003600377594,13232.005964060627
ppo_hybrid_regime_aware_policy_seed_7,2022-01-21,13094.195790476128,-0.006676894468442107,0.002493056327074805,0.33556528494357474,0.6644347150564253,-0.011158516917653086,0.06911406310509714,0.09325131649953358,1.7300526599813428,13182.17916505765
ppo_hybrid_regime_aware_policy_seed_7,2022-01-24,13084.30753885271,-0.000755162957820521,0.4155652849435747,-0.08036704266373068,1.0803670426637306,-0.011827827374042069,0.06981703368259623,0.11526970291911541,2.610788116764616,13088.75429727135
ppo_hybrid_regime_aware_policy_seed_7,2022-01-25,13097.082409396731,0.0009763505257032179,0.00036704266373072114,-0.07894617392980142,1.0789461739298014,-0.009392676358455152,0.0689088490544321,0.12138030302081014,2.8552121208324053,13084.302736353618
ppo_hybrid_regime_aware_policy_seed_7,2022-01-26,13100.178062013034,0.00023636200182131084,0.025390354848274718,-0.10404753439640266,1.1040475343964027,-0.009480704763398953,0.06868877448611657,0.125,3.13579207924774,13096.74986982688
ppo_hybrid_regime_aware_policy_seed_7,2022-01-27,13107.824081981724,0.0005836577130857723,0.017746598789937645,-0.12111987489365841,1.1211198748936584,-0.008642396402624942,0.06814520750606211,0.125,3.437309074752985,13099.945578408891
ppo_hybrid_regime_aware_policy_seed_7,2022-01-28,13071.07931108846,-0.002803270067056607,0.008590902267926054,-0.11564687448671218,1.1156468744867123,-0.012598951290877361,0.07075744815270361,0.125,3.027389362861251,13107.71147394609
ppo_hybrid_regime_aware_policy_seed_7,2022-01-31,13051.78011210371,-0.0014764809030252124,0.03564687448671222,-0.08155840170117266,1.0815584017011726,-0.012046264845808712,0.0721294570347846,0.10730437750863045,2.2921751003452178,13070.613367964852
ppo_hybrid_regime_aware_policy_seed_7,2022-02-01,13076.24995394709,0.0018748279263980372,0.4215584017011727,0.3415127787766485,0.6584872212233515,-0.0026312649724539346,0.0703898594287512,0.08805751582226365,1.5223006328905455,13046.278024540297
ppo_hybrid_regime_aware_policy_seed_7,2022-02-02,13126.29169831834,0.0038269186156192347,0.05848722122335154,0.40232235603456484,0.5976776439654352,0.0005318837594128173,0.06683231707653067,0.06776311741364714,0.7105246965458858,13075.48516042326
ppo_hybrid_regime_aware_policy_seed_7,2022-02-03,13002.8482429981,-0.009404290119200631,0.002322356034564821,0.39430526439633135,0.6056947356036686,-0.013255468985724415,0.07560809669660523,0.06873415370661777,0.7493661482647109,13126.261214395603
ppo_hybrid_regime_aware_policy_seed_7,2022-02-04,13022.929303784049,0.0015443586213321758,0.05430526439633132,0.3410534911963692,0.6589465088036308,-0.0024102905706707934,0.07418050409124888,0.08478072182790546,1.391228873116218,13002.142119886357
ppo_hybrid_regime_aware_policy_seed_7,2022-02-07,13008.705577319075,-0.0010922063794694958,0.0010534911963691607,0.33927905166937367,0.6607209483306263,-0.005043814226332808,0.07519169005091769,0.07657416252825118,1.062966501130047,13022.915584242677
ppo_hybrid_regime_aware_policy_seed_7,2022-02-08,13045.087666616273,0.00279674938301544,0.0007209483306263587,0.34184118109659245,0.6581588189034075,-0.0010802356664191529,0.07260523298065995,0.07392456636115871,0.9569826544463482,13008.696198714506
ppo_hybrid_regime_aware_policy_seed_7,2022-02-09,13131.363374070725,0.006613654860690543,0.11815881890340757,0.46361129552478,0.53638870447522,0.003822642369274944,0.06647176407198348,0.0638011864750774,0.552047459003096,13043.546274465094
ppo_hybrid_regime_aware_policy_seed_7,2022-02-10,13022.796176801803,-0.008267778004171222,0.003611295524779956,0.4555001461849367,0.5444998538150633,-0.011310958344217118,0.07418996828726189,0.05330200501310849,0.1320802005243396,13131.315952836938
ppo_hybrid_regime_aware_policy_seed_7,2022-02-11,12904.613380753031,-0.009075070702503685,0.004499853815063293,0.4550570339755562,0.5449429660244438,-0.012398771360676821,0.08259175978214221,0.0813542664182241,1.2541706567289637,13022.737576122745
ppo_hybrid_regime_aware_policy_seed_7,2022-02-14,12885.142636621957,-0.0015088204161245455,0.004942966024443829,0.45918667902164884,0.5408133209783512,-0.004254962875414039,0.08397596406490386,0.10517854646296634,2.207141858518654,12904.549593687532
ppo_hybrid_regime_aware_policy_seed_7,2022-02-15,12980.718692223156,0.007417539587769362,0.0008133209783511841,0.4639764153524297,0.5360235846475703,0.0047969449446126815,0.07718131951500695,0.11112363745179597,2.4449454980718386,12885.132156865142
ppo_hybrid_regime_aware_policy_seed_7,2022-02-16,12987.359640807927,0.0005116009939225563,0.0039764153524297075,0.4602782694380876,0.5397217305619124,-0.002086494452276972,0.0767092045608605,0.09244618097782116,1.697847239112846,12980.667075494062
ppo_hybrid_regime_aware_policy_seed_7,2022-02-17,12891.483235416144,-0.007382286164658636,0.12027826943808756,0.3351714288954947,0.6648285711045052,-0.012024727415205938,0.08352520142598752,0.08254697428909519,1.3018789715638073,12985.79754366576
ppo_hybrid_regime_aware_policy_seed_7,2022-02-18,12892.806130247429,0.00010261773661923712,0.4151714288954947,-0.0794408450804563,1.0794408450804562,-0.010888144671563767,0.08343115485648919,0.10824023406256514,2.329609362502605,12886.131059900714
ppo_hybrid_regime_aware_policy_seed_7,2022-02-22,12903.867799630782,0.0008579722111388133,0.0005591549195436557,-0.07907358096644358,1.0790735809664436,-0.009511234369010973,0.08264476425776046,0.10523393817059917,2.209357526823967,12892.798921171454
ppo_hybrid_regime_aware_policy_seed_7,2022-02-23,12922.167611307115,0.0014181648448736706,0.0009264190335563777,-0.07846955186272546,1.0784695518627254,-0.008952229429716654,0.08134380331217,0.11164138635183299,2.465655454073319,12903.855845242046
ppo_hybrid_regime_aware_policy_seed_7,2022-02-24,12906.590480241435,-0.0012054580573657159,0.001530448137274501,-0.0813018110966423,1.0813018110966424,-0.011714809733258608,0.08245120482641627,0.12491300844326941,2.996520337730776,12922.147834599766
ppo_hybrid_regime_aware_policy_seed_7,2022-02-25,12883.792023890683,-0.001766419751649706,0.0013018110966423468,-0.08190970070884912,1.0819097007088492,-0.01233238229662306,0.08407198114131328,0.11997205753633298,2.798882301453319,12906.573678298728
ppo_hybrid_regime_aware_policy_seed_7,2022-02-28,12861.655166464254,-0.0017181942540969164,0.5419097007088491,0.4593637130766348,0.5406362869233652,-0.0052851244523289985,0.08564572340048267,0.10204203229026881,2.081681291610752,12876.81017201102
ppo_hybrid_regime_aware_policy_seed_7,2022-03-01,12870.38052494983,0.0006784009035110117,0.5393637130766348,-0.07868570583243611,1.0786857058324362,-0.010498874675976827,0.08502542463310847,0.11784866077294867,2.713946430917946,12854.718056377358
ppo_hybrid_regime_aware_policy_seed_7,2022-03-02,12851.422333948629,-0.0014730093616461826,0.0013142941675638453,-0.08159177537290287,1.081591775372903,-0.012012537512120844,0.08637319074829218,0.125,3.4535025933692824,12870.363609483771
ppo_hybrid_regime_aware_policy_seed_7,2022-03-03,12856.520304962025,0.0003966853536458981,0.0015917753729029066,-0.07957003126296018,1.0795700312629601,-0.009973780968247173,0.08601076837436372,0.11916490788294616,2.7665963153178468,12851.40187737105
ppo_hybrid_regime_aware_policy_seed_7,2022-03-04,12864.87112063032,0.0006495393364776003,0.0004299687370397792,-0.07929848880948144,1.0792984888094814,-0.00971931647600008,0.08541709641530602,0.11716202144057282,2.686480857622913,12856.514777060227
ppo_hybrid_regime_aware_policy_seed_7,2022-03-07,12895.201750078051,0.002357631814833505,0.0007015111905185195,-0.07745899077209153,1.0774589907720915,-0.008014195305306868,0.08326084666451189,0.125,3.0092530983827364,12864.862095779265
ppo_hybrid_regime_aware_policy_seed_7,2022-03-08,12902.99036820447,0.000603993506838485,0.002541009227908425,-0.07934533813416463,1.0793453381341647,-0.009768000337667533,0.08270714216843271,0.125,3.9873711217771888,12895.16898325141
ppo_hybrid_regime_aware_policy_seed_7,2022-03-09,12875.306759452656,-0.0021455188263979075,0.0006546618658353348,-0.08232143397799854,1.0823214339779985,-0.012762814379115795,0.08467521126423065,0.125,3.5725370966346115,12902.98192110872
ppo_hybrid_regime_aware_policy_seed_7,2022-03-10,12879.927990250999,0.0003589219957769174,0.0023214339779985826,-0.07960999707649234,1.0796099970764923,-0.010012624552281049,0.08434668106427355,0.12219494939250392,2.887797975700156,12875.276870278069
ppo_hybrid_regime_aware_policy_seed_7,2022-03-11,12893.024486007333,0.001016814361558982,0.000390002923507618,-0.07890253520432437,1.0789025352043244,-0.009352287248384243,0.08341563161937049,0.10856810877436894,2.3427243509747577,12879.922967041428
ppo_hybrid_regime_aware_policy_seed_7,2022-03-14,12900.548439154241,0.0005835677389021132,0.0010974647956755873,-0.07936892985218569,1.0793689298521856,-0.009786248667728408,0.08288074255200159,0.11059054604763655,2.423621841905461,12893.01033636685
ppo_hybrid_regime_aware_policy_seed_7,2022-03-15,12877.845213541319,-0.0017598651499199924,0.0006310701478142722,-0.08190332239690934,1.0819033223969092,-0.01231626614818327,0.08449474877150483,0.11518171917788972,2.6072687671155883,12900.54029800323
ppo_hybrid_regime_aware_policy_seed_7,2022-03-16,12854.976266872414,-0.00177583642990653,0.0019033223969093793,-0.08191925604090618,1.081919256040906,-0.012316806237530103,0.08612053634840716,0.10366431609121625,2.1465726436486494,12877.8207028501
ppo_hybrid_regime_aware_policy_seed_7,2022-03-17,12904.210863944636,0.003830002953727707,0.4219192560409062,0.34279556164907404,0.6572044383509259,-0.0006821917179374613,0.08262037530327042,0.08593122394688997,1.4372489578755987,12849.552504849473
ppo_hybrid_regime_aware_policy_seed_7,2022-03-18,12938.492508702575,0.002656624656818485,0.0027955616490740187,0.3417505667454094,0.6582494332545906,-0.0012230912755185693,0.08018324197263829,0.0802678450673541,1.2107138026941635,12904.174789427634
ppo_hybrid_regime_aware_policy_seed_7,2022-03-21,12931.210065977628,-0.0005628509441921725,0.3582494332545906,0.6999385849792162,0.30006141502078376,-0.0019367900268838093,0.0807009617033778,0.07032081373965664,0.8128325495862658,12933.857301094164
ppo_hybrid_regime_aware_policy_seed_7,2022-03-22,13078.5976614446,0.011397819284890698,0.30006141502078376,1.0,0.0,0.010883261403721582,0.07022295739609906,0.06834328626713178,0.7337314506852712,12927.3299087873
ppo_hybrid_regime_aware_policy_seed_7,2022-03-23,12910.165995188292,-0.01287841943122403,0.0,1.0,0.0,-0.013740989092157957,0.08219701612827511,0.0650509496044863,0.6020379841794518,13078.5976614446
ppo_hybrid_regime_aware_policy_seed_7,2022-03-24,13104.77853327394,0.015074363734608909,0.0,1.0,0.0,0.014961874573180461,0.06836172011268328,0.0684217792577869,0.7368711703114761,12910.165995188292
ppo_hybrid_regime_aware_policy_seed_7,2022-03-25,13168.777009086121,0.004883598425542646,0.0,1.0,0.0,0.004871712340953125,0.06381197287585037,0.05801456708614316,0.320582683445726,13104.77853327394
ppo_hybrid_regime_aware_policy_seed_7,2022-03-28,13262.44702127048,0.007113038068738531,0.0,1.0,0.0,0.007087859739227152,0.05715283179941905,0.05328198327579328,0.1312793310317312,13168.777009086121
ppo_hybrid_regime_aware_policy_seed_7,2022-03-29,13426.514469090218,0.012370827763278136,0.0,1.0,0.0,0.01229493434210343,0.04548903187451516,0.04686890641288591,-0.1252437434845637,13262.44702127048
ppo_hybrid_regime_aware_policy_seed_7,2022-03-30,13343.60852292365,-0.006174792896356585,0.0,1.0,0.0,-0.006446801579097778,0.051382939419990864,0.042902913602221725,-0.2838834559111311,13426.514469090218
ppo_hybrid_regime_aware_policy_seed_7,2022-03-31,13138.23280657823,-0.015391317572948537,0.0,1.0,0.0,-0.016171663170280536,0.06598340585449478,0.04524990376752655,-0.1900038492989381,13343.60852292365
ppo_hybrid_regime_aware_policy_seed_7,2022-04-01,13175.468041298582,0.0028341128726010467,0.0,1.0,0.0,0.0028301043466709796,0.06333629740180405,0.051890366473201936,0.0756146589280775,13138.23280657823
ppo_hybrid_regime_aware_policy_seed_7,2022-04-04,13288.336708468574,0.008566577431344813,0.0,1.0,0.0,0.008530092526005388,0.05531229526636653,0.04677507918646688,-0.1289968325413248,13175.468041298582
ppo_hybrid_regime_aware_policy_seed_7,2022-04-05,13120.487411474749,-0.012631324798298982,0.0,1.0,0.0,-0.01320071919047327,0.06724495249781658,0.04097503121375962,-0.3609987514496152,13288.336708468574
ppo_hybrid_regime_aware_policy_seed_7,2022-04-06,12989.29097993879,-0.00999935653466788,0.0,1.0,0.0,-0.010556432369449122,0.07657190277730203,0.054331422976809124,0.1732569190723647,13120.487411474749
ppo_hybrid_regime_aware_policy_seed_7,2022-04-07,13054.743603391147,0.005038968143330047,0.0,1.0,0.0,0.005026315031306617,0.07191877801274094,0.060076093567539894,0.4030437427015956,12989.29097993879
ppo_hybrid_regime_aware_policy_seed_7,2022-04-08,13019.836070204705,-0.002673934796955657,0.0,1.0,0.0,-0.0028188925840108166,0.07440040668661382,0.056969215126145833,0.2787686050458334,13054.743603391147
ppo_hybrid_regime_aware_policy_seed_7,2022-04-11,12797.297328018294,-0.017092284494708787,0.0,1.0,0.0,-0.018106157598343553,0.09022101826371302,0.05474591734543344,0.1898366938173375,13019.836070204705
ppo_hybrid_regime_aware_policy_seed_7,2022-04-12,12768.58677734814,-0.0022434854746474775,0.54,0.45907804946104797,0.540921950538952,-0.005795306482646614,0.09226209419437793,0.07216812560144752,0.8867250240579007,12790.386787461164
ppo_hybrid_regime_aware_policy_seed_7,2022-04-13,12835.848108308312,0.005267719296821127,0.0009219505389520544,0.4628301577967355,0.5371698422032645,0.0026605104704387665,0.0874803857115097,0.07139872547575192,0.8559490190300765,12768.57500534268
ppo_hybrid_regime_aware_policy_seed_7,2022-04-14,12762.290703967981,-0.005730622840006805,0.002830157796735455,0.45688916492909776,0.5431108350709022,-0.008646271402631169,0.09270969145510558,0.05792744191389995,0.317097676555998,12835.81178083271
ppo_hybrid_regime_aware_policy_seed_7,2022-04-18,12763.66338019113,0.00010755719760568994,0.056889164929097735,0.4000986572062283,0.5999013427937717,-0.003177782333648609,0.09261210585210361,0.06262759910613043,0.5051039642452173,12761.56466790725
ppo_hybrid_regime_aware_policy_seed_7,2022-04-19,12846.077979974698,0.006456970646176119,9.865720622825869e-05,0.403849386208277,0.596150613791723,0.0032360657287560687,0.08675312885489504,0.05961733999339937,0.3846935997359747,12763.66212096376
ppo_hybrid_regime_aware_policy_seed_7,2022-04-20,12840.974977579055,-0.0003972420534577026,0.056150613791723036,0.45981573742573706,0.540184262574263,-0.003093559461614579,0.08711590891730253,0.055164459178494135,0.2065783671397651,12845.356664811306
ppo_hybrid_regime_aware_policy_seed_7,2022-04-21,12763.404205641416,-0.00604087867728742,0.05981573742573704,0.3963895519574875,0.6036104480425125,-0.009620971657706529,0.09263053095795892,0.04933238369899727,-0.0267046520401094,12840.206885191506
ppo_hybrid_regime_aware_policy_seed_7,2022-04-22,12623.271902709244,-0.01097922628433512,0.0036104480425125374,0.3933415256010903,0.6066584743989096,-0.014865237178710468,0.10259274568206853,0.06222298072321935,0.4889192289287737,12763.358124033686
ppo_hybrid_regime_aware_policy_seed_7,2022-04-25,12647.479938503846,0.0019177306787954151,0.05334152560109029,0.3412984176395604,0.6587015823604396,-0.0020361181075203333,0.10087176025908948,0.09219231878466193,1.6876927513864766,12622.598558127876
ppo_hybrid_regime_aware_policy_seed_7,2022-04-26,12522.92798181307,-0.009847966337672598,0.0012984176395604008,0.3334365626628224,0.6665634373371776,-0.014526572128870046,0.10972634489730876,0.08536213104413873,1.414485241765549,12647.463516792797
ppo_hybrid_regime_aware_policy_seed_7,2022-04-27,12514.934769691248,-0.0006382862005939183,0.41343656266282236,-0.08024299270785776,1.0802429927078578,-0.011694517269072077,0.11029459428611312,0.11944127782881012,2.7776511131524044,12517.750545513796
ppo_hybrid_regime_aware_policy_seed_7,2022-04-28,12489.64210978172,-0.0020209981414192058,0.00024299270785779759,-0.08218683515038278,1.0821868351503827,-0.012586025342350713,0.11209268725747146,0.10823563770305003,2.329425508122001,12514.93172865336
ppo_hybrid_regime_aware_policy_seed_7,2022-04-29,12526.539746026807,0.002954258890748296,0.0021868351503828154,-0.07681644366563438,1.0768164436656344,-0.007421376609197254,0.10946957918464144,0.0990662445354976,1.962649781419904,12489.614796993339
ppo_hybrid_regime_aware_policy_seed_7,2022-05-02,12520.467661782704,-0.00048473755460110013,0.003183556334365581,-0.08052033054188244,1.0805203305418825,-0.0109076507050795,0.10990125272312536,0.11587528140815864,2.635011256326345,12526.499867081851
ppo_hybrid_regime_aware_policy_seed_7,2022-05-03,12515.869601135335,-0.00036724352249273284,0.0005203305418824827,-0.0803962065515966,1.0803962065515966,-0.010771855674574074,0.11022813572244168,0.10940980695412322,2.3763922781649285,12520.461147000982
ppo_hybrid_regime_aware_policy_seed_7,2022-05-04,12640.142780154862,0.009929248464545681,0.4203962065515966,0.3467636079391792,0.6532363920608208,0.005377683064450736,0.10139336980526781,0.09302326793825025,1.72093071753001,12510.607977033324
ppo_hybrid_regime_aware_policy_seed_7,2022-05-05,12487.307794323717,-0.012091238879919697,0.006763607939179184,0.33192662926638666,0.6680733707336133,-0.016842649341807837,0.11225863723003199,0.0732215191604568,0.9288607664182716,12640.057287184802
ppo_hybrid_regime_aware_policy_seed_7,2022-05-06,12488.124348666359,6.539074363276498e-05,0.4119266292663866,-0.07948453094417374,1.0794845309441738,-0.010920501338148295,0.1122005871621669,0.10212672767647371,2.085069107058948,12482.163939715389
ppo_hybrid_regime_aware_policy_seed_7,2022-05-09,12520.104744883673,0.0025608646522428113,0.0005154690558262232,-0.07724077546956482,1.0772407754695648,-0.007811181977880602,0.10992705302754847,0.09647161991503944,1.8588647966015772,12488.117911424692
ppo_hybrid_regime_aware_policy_seed_7,2022-05-10,12517.755961420396,-0.00018760094353331702,0.002759224530435145,-0.08019966651414942,1.0801996665141493,-0.010579490552126394,0.11009403155221398,0.1181779068824521,2.727116275298084,12520.070199103537
ppo_hybrid_regime_aware_policy_seed_7,2022-05-11,12533.662156691264,0.0012706906349579938,0.00019966651414946024,-0.07862918036208597,1.078629180362086,-0.00909841550890037,0.10896323637211411,0.10855211727954855,2.3420846911819413,12517.753462043698
ppo_hybrid_regime_aware_policy_seed_7,2022-05-12,12534.691715535686,8.214349737145632e-05,0.0013708196379139947,-0.07990981194599193,1.079909811945992,-0.010287916105677752,0.10889004349606321,0.10595626402829271,2.238250561131708,12533.644975301044
ppo_hybrid_regime_aware_policy_seed_7,2022-05-13,12510.716387168723,-0.0019127178323219418,9.018805400802521e-05,-0.08206959640976805,1.082069596409768,-0.012455688912766716,0.11059448540042793,0.10150197390930205,2.060078956372082,12534.690585056233
ppo_hybrid_regime_aware_policy_seed_7,2022-05-16,12488.183844974166,-0.001801059307656172,0.42206959640976804,0.33908822462905913,0.6609117753709408,-0.006447310124942965,0.11219635748077818,0.08709969229142822,1.4839876916571286,12505.435994152393
ppo_hybrid_regime_aware_policy_seed_7,2022-05-17,12575.513934576351,0.0069930176145933665,0.0009117753709408927,0.34458393783932195,0.655416062160678,0.0030953122008622294,0.10598793097034111,0.08010804999265497,1.2043219997061985,12488.17245855571
ppo_hybrid_regime_aware_policy_seed_7,2022-05-18,12403.097902980582,-0.013710456088932621,0.004583937839321928,0.33082837724929065,0.6691716227507094,-0.01858361341123242,0.11824524418574801,0.07337865021227746,0.9351460084910984,12575.456289202177
ppo_hybrid_regime_aware_policy_seed_7,2022-05-19,12404.077003647304,7.894000953467817e-05,0.4108283772492906,-0.07947109189428393,1.079471091894284,-0.01090530567193785,0.11817563845691671,0.09625938197552264,1.8503752790209056,12398.002358396236
ppo_hybrid_regime_aware_policy_seed_7,2022-05-20,12400.714121861925,-0.0002711110052275867,0.41947109189428394,0.3400979442109536,0.6599020557890465,-0.0047934475476581586,0.11841471074600879,0.08822916046437682,1.5291664185750724,12398.873851922643
ppo_hybrid_regime_aware_policy_seed_7,2022-05-23,12479.599139489366,0.0063613286180326245,9.794421095354888e-05,0.3441720020550138,0.6558279979449861,0.0024690338504161457,0.11280665701624086,0.0882583126816218,1.530332507264872,12400.712907283765
ppo_hybrid_regime_aware_policy_seed_7,2022-05-24,12447.156608533083,-0.002599645276555762,0.004172002055013779,0.3382825228073581,0.661717477192642,-0.006673814660515003,0.1151130449997203,0.08347530283837352,1.3390121135349409,12479.54707457611
ppo_hybrid_regime_aware_policy_seed_7,2022-05-25,12484.524774100666,0.0030021447261268097,0.0017174771926419252,0.3419766149699831,0.6580233850300169,-0.000876928927083439,0.11245648629454776,0.08769752391249706,1.5079009564998824,12447.135230825495
ppo_hybrid_regime_aware_policy_seed_7,2022-05-26,12569.315677541945,0.006791680498498431,0.0019766149699830815,0.34445356649418174,0.6555464335058183,0.0028937560114405754,0.10642857432094575,0.08234818995169746,1.2939275980678984,12484.500097002105
ppo_hybrid_regime_aware_policy_seed_7,2022-05-27,12674.17163823405,0.00834221714070349,0.0044535664941817155,0.3454632272388351,0.6545367727611648,0.00442893281361712,0.09897420745720303,0.07804354049643031,1.1217416198572123,12569.259699258788
ppo_hybrid_regime_aware_policy_seed_7,2022-05-31,12640.01102469603,-0.002695293587074876,0.11453677276116492,0.45860262498435217,0.5413973750156478,-0.0056316380538105545,0.10140273649763272,0.06954846372008776,0.78193854880351,12672.719979517185
ppo_hybrid_regime_aware_policy_seed_7,2022-06-01,12592.963441891756,-0.0037221156462879934,0.0013973750156478504,0.45798330576434476,0.5420166942356552,-0.006562582252271544,0.1047474194318265,0.0715841347867993,0.8633653914719718,12639.993361860426
ppo_hybrid_regime_aware_policy_seed_7,2022-06-02,12703.252184704497,0.0087579657736363,0.0020166942356552586,0.46468932161445,0.53531067838555,0.006124812207195793,0.09690682797245084,0.06909083146482961,0.7636332585931843,12592.938045734973
ppo_hybrid_regime_aware_policy_seed_7,2022-06-03,12607.292391798659,-0.007553954807051677,0.004689321614449959,0.4558923677696317,0.5441076322303683,-0.010621190047386299,0.1037287529805039,0.0644283893419939,0.5771355736797558,12703.192615069454
ppo_hybrid_regime_aware_policy_seed_7,2022-06-06,12624.898235135348,0.0013964809246544974,0.004107632230368308,0.46075526311019144,0.5392447368898086,-0.0012026546963406343,0.10247712728072485,0.06461858310429018,0.5847433241716076,12607.240605678093
ppo_hybrid_regime_aware_policy_seed_7,2022-06-07,12739.125864454498,0.009047805945971987,0.5392447368898086,1.0,0.0,0.008198252673962889,0.09435651449628946,0.06578853704766716,0.631541481906686,12618.090325208283
ppo_hybrid_regime_aware_policy_seed_7,2022-06-08,12600.624131872419,-0.010872153557139663,0.0,1.0,0.0,-0.01152977482005293,0.104202809538709,0.060742390799779694,0.4296956319911874,12739.125864454498
ppo_hybrid_regime_aware_policy_seed_7,2022-06-09,12300.94491329776,-0.023782886898168765,0.0,1.0,0.0,-0.025356095297343922,0.12550745280314726,0.060354445844077925,0.4141778337631167,12600.624131872419
ppo_hybrid_regime_aware_policy_seed_7,2022-06-10,12047.657787931254,-0.020590867380659073,0.30000000000000004,0.6937847626579527,0.30621523734204725,-0.02331995851676747,0.1435140128678524,0.0702046067190278,0.8081842687611117,12297.254629823772
ppo_hybrid_regime_aware_policy_seed_7,2022-06-13,11834.473825263594,-0.017695054625573525,0.23378476265795273,0.4504010605154997,0.5495989394845002,-0.02197524413198843,0.15866957919619398,0.0777986868506528,1.111947474026112,12044.841229114718
ppo_hybrid_regime_aware_policy_seed_7,2022-06-14,11831.048204094202,-0.000289461214750375,0.5304010605154996,-0.07973970962260474,1.0797397096226047,-0.011479047413880871,0.15891311172180625,0.1065266592559036,2.2610663702361435,11828.196807796032
ppo_hybrid_regime_aware_policy_seed_7,2022-06-15,11817.551734150311,-0.0011407670487912913,0.00026029037739522254,-0.08123315404058257,1.0812331540405826,-0.011605481122070986,0.1598725959291244,0.09971239441440871,1.9884957765763485,11831.0451245862
ppo_hybrid_regime_aware_policy_seed_7,2022-06-16,11679.650993469437,-0.011669146349693515,0.4212331540405826,0.3324887271486947,0.6675112728513053,-0.01707638907698292,0.1696761655596155,0.0851500220489765,1.4060008819590597,11812.573789560298
ppo_hybrid_regime_aware_policy_seed_7,2022-06-17,11676.845699087326,-0.00024018649047641283,0.41248872714869467,-0.07981386887821305,1.079813868878213,-0.011246879821296527,0.1698755981273687,0.09994050082658272,1.9976200330633085,11674.8332690976
ppo_hybrid_regime_aware_policy_seed_7,2022-06-21,11771.844140809199,0.008135625336669339,0.4198138688782131,0.34560102205868953,0.6543989779413104,0.0036009887400705594,0.16312201701090626,0.09116670503995841,1.646668201598336,11671.943597318097
ppo_hybrid_regime_aware_policy_seed_7,2022-06-22,11764.521945609322,-0.0006220091866908639,0.005601022058689509,0.33959291740222725,0.6604070825977728,-0.004547648962031322,0.16364256280446482,0.08653362459310115,1.4613449837240462,11771.778206450494
ppo_hybrid_regime_aware_policy_seed_7,2022-06-23,11803.726792352094,0.0033324640749556877,0.0004070825977727788,0.3421923889067154,0.6578076110932847,-0.0005456869020733485,0.1608554316911886,0.08062975515055337,1.2251902060221345,11764.517156477166
ppo_hybrid_regime_aware_policy_seed_7,2022-06-24,11931.297912129874,0.010807698451681835,0.002192388906715359,0.34705824457581497,0.652941755424185,0.006874424116295817,0.15178621023954017,0.08083249779456657,1.2332999117826624,11803.700913992416
ppo_hybrid_regime_aware_policy_seed_7,2022-06-27,11915.71863696424,-0.0013057485682085312,0.007058244575814943,0.33914174371949285,0.6608582562805072,-0.005269344517002735,0.15289376418105466,0.07237150846147515,0.8948603384590061,11931.213698111103
ppo_hybrid_regime_aware_policy_seed_7,2022-06-28,11832.927956227742,-0.0069480224616641495,0.0008582562805071747,0.3353827911536723,0.6646172088463277,-0.0112630007255869,0.1587794773349405,0.07092445203298692,0.8369780813194766,11915.708410223884
ppo_hybrid_regime_aware_policy_seed_7,2022-06-29,11829.596885962375,-0.00028150853936481646,0.004617208846327714,0.33981720026217055,0.6601827997378295,-0.004178742334328129,0.15901628809555965,0.07714324585325959,1.0857298341303832,11832.873321128105
ppo_hybrid_regime_aware_policy_seed_7,2022-06-30,11796.918282417837,-0.002762444389235008,0.00018279973782947545,0.3381718572081338,0.6618281427918662,-0.006815160296392009,0.16133945883194808,0.07602502642723381,1.0410010570893526,11829.594723515165
ppo_hybrid_regime_aware_policy_seed_7,2022-07-01,11839.318534165512,0.0035941803386794202,0.0018281427918662163,0.34236486584345294,0.6576351341565471,-0.0002870055065627407,0.15832516160405558,0.07831380915603192,1.132552366241277,11796.896715966714
ppo_hybrid_regime_aware_policy_seed_7,2022-07-05,11847.5794456334,0.0006977522772151357,0.057635134156547085,0.4004529164233572,0.5995470835766428,-0.0025889437399636075,0.15773788106889017,0.06896857320559664,0.7587429282238657,11838.636173453473
ppo_hybrid_regime_aware_policy_seed_7,2022-07-06,11860.466923576152,0.0010877730765082028,0.06045291642335715,0.34075700570491035,0.6592429942950897,-0.0028754974945736107,0.1568216910125542,0.07263581098495853,0.9054324393983412,11846.863224903354
ppo_hybrid_regime_aware_policy_seed_7,2022-07-07,11930.814430416485,0.005931259476850581,0.05924299429508967,0.4035731084493354,0.5964268915506645,0.0026248743115571756,0.1518205816766976,0.06875903955571815,0.7503615822287254,11859.764274001862
ppo_hybrid_regime_aware_policy_seed_7,2022-07-08,11925.626983647868,-0.0004347940200455369,0.056426891550664604,0.45979559287561733,0.5402044071243827,-0.003135729950697121,0.15218936501571023,0.06562401398838556,0.6249605595354227,11930.14121164451
ppo_hybrid_regime_aware_policy_seed_7,2022-07-11,11862.957223752503,-0.00525504948136446,0.00020440712438268838,0.45714739306933894,0.5428526069306611,-0.008123616402206766,0.15664465185337972,0.05889721179486077,0.3558884717944307,11925.624545964749
ppo_hybrid_regime_aware_policy_seed_7,2022-07-12,11814.63526204589,-0.004073348727066217,0.0028526069306610835,0.45779294197814296,0.542207058021857,-0.00690397537929613,0.16007993228721726,0.0657963923604811,0.6318556944192438,11862.923383398507
ppo_hybrid_regime_aware_policy_seed_7,2022-07-13,11786.067735327859,-0.0024179778795035967,0.0022070580218570557,0.45869232181948577,0.5413076781805142,-0.0051599965671248514,0.16211084043149795,0.0707959498749262,0.8318379949970478,11814.609186460359
ppo_hybrid_regime_aware_policy_seed_7,2022-07-14,11751.081052053738,-0.0029684780420233814,0.5413076781805142,1.0,0.0,-0.003955144657062211,0.16459809600332648,0.06846519112171497,0.7386076448685983,11779.687846367171
ppo_hybrid_regime_aware_policy_seed_7,2022-07-15,11975.586407080718,0.019105080973613298,0.0,1.0,0.0,0.018924870585949317,0.14863767498195923,0.06636936511756807,0.6547746047027228,11751.081052053738
ppo_hybrid_regime_aware_policy_seed_7,2022-07-18,11876.704791574575,-0.008256933075751371,0.0,1.0,0.0,-0.008686168796017588,0.15566731672284928,0.056184717373725206,0.247388694949008,11975.586407080718
ppo_hybrid_regime_aware_policy_seed_7,2022-07-19,12017.825128682927,0.011882112049165672,0.54,0.4666291719427326,0.5333708280572673,0.008410074009784234,0.14563486117337746,0.06104347032744894,0.4417388130979574,11870.291370987125
ppo_hybrid_regime_aware_policy_seed_7,2022-07-20,12087.965860330707,0.005836391434950627,0.5333708280572673,1.0,0.0,0.0050193694408801155,0.14064845179480934,0.05728263352024226,0.29130534080969,12011.415171342594
ppo_hybrid_regime_aware_policy_seed_7,2022-07-21,12211.059966275852,0.010183194374258298,0.0,1.0,0.0,0.01013169497427413,0.13189750794361613,0.054324121044244306,0.1729648417697721,12087.965860330707
ppo_hybrid_regime_aware_policy_seed_7,2022-07-22,12097.764572790782,-0.009278096561475047,0.0,1.0,0.0,-0.009729312190866427,0.13995184669017244,0.05064425632731676,0.0257702530926703,12211.059966275852
ppo_hybrid_regime_aware_policy_seed_7,2022-07-25,12112.462641480897,0.001214940876199,0.0,1.0,0.0,0.0012142034327723445,0.13890693903321688,0.050172644071808783,0.0069057628723514,12097.764572790782
ppo_hybrid_regime_aware_policy_seed_7,2022-07-26,11969.159975964743,-0.011831009907547041,0.0,1.0,0.0,-0.012427276646930413,0.1490945395688349,0.051604240704382964,0.0641696281753185,12112.462641480897
ppo_hybrid_regime_aware_policy_seed_7,2022-07-27,12279.955586365155,0.025966367817333857,0.0,1.0,0.0,0.025634966306172267,0.12699961540550145,0.05771619083114923,0.3086476332459689,11969.159975964743
ppo_hybrid_regime_aware_policy_seed_7,2022-07-28,12433.975535230977,0.0125423864754719,0.0,1.0,0.0,0.012464382307969712,0.11605010718868165,0.05084027559843978,0.0336110239375911,12279.955586365155
ppo_hybrid_regime_aware_policy_seed_7,2022-07-29,12615.247043459103,0.014578724858715031,0.0,1.0,0.0,0.014473476936627172,0.10316324491249478,0.04648544747526523,-0.1405821009893909,12433.975535230977
ppo_hybrid_regime_aware_policy_seed_7,2022-08-01,12577.890269854637,-0.002961239956361772,0.0,1.0,0.0,-0.003076372683669086,0.10581899374599375,0.04169806269118357,-0.3320774923526572,12615.247043459103
ppo_hybrid_regime_aware_policy_seed_7,2022-08-02,12494.909584639385,-0.00659734529678091,0.0,1.0,0.0,-0.006906653310440049,0.11171821460207448,0.048726661649501776,-0.050933534019929,12577.890269854637
ppo_hybrid_regime_aware_policy_seed_7,2022-08-03,12690.5735942322,0.01565949783529086,0.0,1.0,0.0,0.015538153058459705,0.09780816790650733,0.053792148460774625,0.151685938430985,12494.909584639385
ppo_hybrid_regime_aware_policy_seed_7,2022-08-04,12681.999954443796,-0.0006755911956809468,0.0,1.0,0.0,-0.0007028533160910223,0.09841768076508499,0.04435313457370954,-0.2258746170516185,12690.5735942322
ppo_hybrid_regime_aware_policy_seed_7,2022-08-05,12660.565387744464,-0.0016901566611203789,0.0,1.0,0.0,-0.0017553735778735554,0.09994149612748829,0.04186005216297958,-0.3255979134808168,12681.999954443796
ppo_hybrid_regime_aware_policy_seed_7,2022-08-08,12645.86731905435,-0.0011609330420851993,0.0,1.0,0.0,-0.0012038125322233052,0.10098640378444369,0.040391210728859886,-0.3843515708456047,12660.565387744464
ppo_hybrid_regime_aware_policy_seed_7,2022-08-09,12595.650552995608,-0.003971002129927181,0.0,1.0,0.0,-0.004125025838623985,0.1045563886898492,0.040929681364328986,-0.3628127454268405,12645.86731905435
ppo_hybrid_regime_aware_policy_seed_7,2022-08-10,12860.209248221072,0.021003972292843898,0.0,1.0,0.0,0.020786429765404738,0.08574851588808674,0.0431026548846836,-0.2758938046126559,12595.650552995608
ppo_hybrid_regime_aware_policy_seed_7,2022-08-11,12860.209248221072,0.0,0.0,1.0,0.0,0.0,0.08574851588808674,0.03330500550235457,-0.6677997799058171,12860.209248221072
ppo_hybrid_regime_aware_policy_seed_7,2022-08-12,13077.919893620727,0.016929012677594724,0.0,1.0,0.0,0.01678731391991028,0.07027114092304641,0.035389116790894855,-0.5844353283642059,12860.209248221072
ppo_hybrid_regime_aware_policy_seed_7,2022-08-15,13131.810943237835,0.004120766150540245,0.0,1.0,0.0,0.0041122990463738915,0.06643994571138176,0.0320349298876745,-0.7186028044930198,13077.919893620727
ppo_hybrid_regime_aware_policy_seed_7,2022-08-16,13157.532797059695,0.0019587438421893033,0.0,1.0,0.0,0.0019568280048181492,0.06461134070373008,0.0339143759818993,-0.643424960724028,13131.810943237835
ppo_hybrid_regime_aware_policy_seed_7,2022-08-17,13064.140395820205,-0.0070980177423810575,0.0,1.0,0.0,-0.0073393588269452335,0.07125074600343707,0.03253760011630193,-0.6984959953479226,13157.532797059695
ppo_hybrid_regime_aware_policy_seed_7,2022-08-18,13102.110172988832,0.002906412210693654,0.0,1.0,0.0,0.0029021967606395493,0.06855141783094885,0.033496942262566706,-0.6601223094973319,13064.140395820205
ppo_hybrid_regime_aware_policy_seed_7,2022-08-19,12926.04358831617,-0.01343803267931909,0.0,1.0,0.0,-0.013928405049800224,0.08106825431724195,0.03189822648669394,-0.7240709405322424,13102.110172988832
ppo_hybrid_regime_aware_policy_seed_7,2022-08-22,12656.891104186097,-0.020822495475209313,0.0,1.0,0.0,-0.021749807204239448,0.10020270643374743,0.036973433662731044,-0.5210626534907583,12926.04358831617
ppo_hybrid_regime_aware_policy_seed_7,2022-08-23,12626.270828590852,-0.0024192572522898637,0.0,1.0,0.0,-0.002536276408389439,0.10237954756179839,0.05240989955970299,0.0963959823881194,12656.891104186097
ppo_hybrid_regime_aware_policy_seed_7,2022-08-24,12666.689816646172,0.003201181774415529,0.0,1.0,0.0,0.0031960689006255184,0.09950610132911053,0.053793583504387614,0.1517433401755043,12626.270828590852
ppo_hybrid_regime_aware_policy_seed_7,2022-08-25,12845.51211398761,0.014117523988503633,0.0,1.0,0.0,0.014018799822279613,0.08679335711312304,0.0473878767316514,-0.1044849307339439,12666.689816646172
ppo_hybrid_regime_aware_policy_seed_7,2022-08-26,12638.671731696439,-0.01610215151063854,0.54,0.4514589082305166,0.5485410917694834,-0.020255462278225098,0.10149794883740913,0.042181548476035384,-0.3127380609585847,12838.575537446057
ppo_hybrid_regime_aware_policy_seed_7,2022-08-29,12604.595285693029,-0.0026962046903987735,0.051458908230516576,0.39840886249830404,0.601591137501696,-0.006123850814738214,0.10392049428208658,0.060604211094930395,0.4241684437972159,12638.02135944764
ppo_hybrid_regime_aware_policy_seed_7,2022-08-30,12549.226755178983,-0.004392725768584738,0.0015911375016959828,0.39735369472799015,0.6026463052720099,-0.007855324080554204,0.10785672581755439,0.06364850139978044,0.5459400559912172,12604.575230048777
ppo_hybrid_regime_aware_policy_seed_7,2022-08-31,12510.998581686581,-0.0030462572904442764,0.0026463052720098745,0.3981682534375766,0.6018317465624234,-0.006427449291710381,0.11057442377065343,0.06349979293061647,0.5399917172246588,12549.19354609406
ppo_hybrid_regime_aware_policy_seed_7,2022-09-01,12526.678756705456,0.0012533112298347415,0.0018317465624234086,0.40075214311642415,0.5992478568835758,-0.0019502211289153552,0.1094596967078629,0.06167424179274892,0.4669696717099568,12510.975664707936
ppo_hybrid_regime_aware_policy_seed_7,2022-09-02,12473.834698271281,-0.004218521082923754,0.000752143116424131,0.39745861776156305,0.6025413822384369,-0.007653941691005158,0.1132164597524941,0.059990296718001795,0.3996118687200717,12526.669334850258
ppo_hybrid_regime_aware_policy_seed_7,2022-09-06,12454.97678367438,-0.0015117976991882998,0.0025413822384369733,0.3990930751228876,0.6009069248771124,-0.004796385324547636,0.11455709706831833,0.05939834126535681,0.3759336506142725,12473.802997489334
ppo_hybrid_regime_aware_policy_seed_7,2022-09-07,12544.466684287536,0.007185071651876207,0.0009069248771124139,0.40428082908236573,0.5957191709176343,0.003958021618472487,0.10819512636710883,0.06644276248978202,0.6577104995912809,12454.96548794609
ppo_hybrid_regime_aware_policy_seed_7,2022-09-08,12577.210560544334,0.0026102246576820143,0.004280829082365711,0.401564619284223,0.598435380715777,-0.0005995973058467885,0.10586731529611125,0.05493916694306503,0.1975666777226014,12544.412983569731
ppo_hybrid_regime_aware_policy_seed_7,2022-09-09,12655.346775584236,0.006212523410001669,0.0015646192842229678,0.40370543272999226,0.5962945672700077,0.0029909583119941885,0.1003124950607407,0.04964715029573267,-0.0141139881706934,12577.190881998149
ppo_hybrid_regime_aware_policy_seed_7,2022-09-12,12709.705782550718,0.0042953391898636895,0.003705432729992242,0.40256839464737215,0.5974316053526278,0.0010805824028303644,0.0964480320621444,0.04542539874293956,-0.1829840502824177,12655.299882048084
ppo_hybrid_regime_aware_policy_seed_7,2022-09-13,12488.613892583138,-0.017395515974187203,0.0025683946473721297,0.3893794820628463,0.6106205179371538,-0.021551249100566595,0.1121657847539156,0.05082155800160848,0.0328623200643394,12709.673139010416
ppo_hybrid_regime_aware_policy_seed_7,2022-09-14,12507.542790074915,0.001515692426284243,0.01062051793715374,0.40091440181462773,0.5990855981853722,-0.0017013858530262364,0.11082010115807112,0.06785340935704501,0.7141363742818002,12488.481257035282
ppo_hybrid_regime_aware_policy_seed_7,2022-09-15,12450.730666883152,-0.004542228968974271,0.0009144018146277078,0.39726277817141986,0.6027372218285801,-0.008004839320181756,0.11485895985322049,0.062119400659061755,0.4847760263624702,12507.531353155091
ppo_hybrid_regime_aware_policy_seed_7,2022-09-16,12392.483578424934,-0.004678206445598021,0.002737221828580161,0.3971815330956998,0.6028184669043002,-0.008152256797406417,0.11899983237249852,0.06253934682007636,0.5015738728030542,12450.69658647139
ppo_hybrid_regime_aware_policy_seed_7,2022-09-19,12430.889672178331,0.0030991442119205903,0.0028184669043002097,0.4018554273702998,0.5981445726297002,-0.00010987593675302956,0.1162694858022946,0.06255891442586115,0.5023565770344456,12392.448650620106
ppo_hybrid_regime_aware_policy_seed_7,2022-09-20,12373.791265302358,-0.004593267930272593,0.001855427370299756,0.3972324403552975,0.6027675596447025,-0.008049050329361216,0.12032869683216223,0.05972042013230194,0.3888168052920775,12430.866607565396
ppo_hybrid_regime_aware_policy_seed_7,2022-09-21,12287.418978226771,-0.006980260554239726,0.002767559644702544,0.39578407595493154,0.6042159240450684,-0.010619035966519072,0.12646903173036136,0.06679571965414696,0.6718287861658783,12373.757020097
ppo_hybrid_regime_aware_policy_seed_7,2022-09-22,12251.643318935516,-0.002911568276026899,0.05578407595493151,0.3381096786282149,0.661890321371785,-0.007051838095321177,0.1290123767857023,0.07090931083766759,0.8363724335067033,12286.7335359132
ppo_hybrid_regime_aware_policy_seed_7,2022-09-23,12168.780507868834,-0.006763403807113155,0.06189032137178513,0.39595171170005505,0.604048288299945,-0.010477014911481007,0.13490321779249834,0.06752858425584347,0.7011433702337387,12250.885060793174
ppo_hybrid_regime_aware_policy_seed_7,2022-09-26,12127.172071484843,-0.003419277417082589,0.05595171170005503,0.33777258889796785,0.6622274111020321,-0.0076186306199867646,0.13786122368349127,0.08031307420229744,1.2125229680918972,12168.099643770116
ppo_hybrid_regime_aware_policy_seed_7,2022-09-27,12116.619481910697,-0.0008701607853787152,0.002227411102032173,0.33942666507941255,0.6605733349205875,-0.004814731332817612,0.13861142303819632,0.09177643341290365,1.671057336516146,12127.145059287135
ppo_hybrid_regime_aware_policy_seed_7,2022-09-28,12197.672195804906,0.006689383455114273,0.000573334920587476,0.3443860316339771,0.6556139683660229,0.002794248807811544,0.1328492645430436,0.09305759742289876,1.72230389691595,12116.612535029628
ppo_hybrid_regime_aware_policy_seed_7,2022-09-29,12110.98815917846,-0.007106604869760225,0.00438603163397705,0.3352789851799261,0.664721014820074,-0.011507505189629282,0.13901176218245817,0.08064085487320603,1.225634194928241,12197.618696428794
ppo_hybrid_regime_aware_policy_seed_7,2022-09-30,12047.256530702836,-0.00526229797585287,0.004721014820073921,0.33651164242873205,0.663488357571268,-0.0095567637906784,0.14354253884355858,0.08861386600607596,1.544554640243038,12110.930983023874
ppo_hybrid_regime_aware_policy_seed_7,2022-10-03,12155.355358745894,0.008972899993252792,0.003488357571267975,0.34587172986666287,0.6541282701333371,0.00505565019221754,0.1358576316961267,0.08718388578321987,1.4873554313287944,12047.214505564305
ppo_hybrid_regime_aware_policy_seed_7,2022-10-04,12283.345512545617,0.010529527934173721,0.005871729866662845,0.34688091103332863,0.6531190889666714,0.006593670952302813,0.12675862048996803,0.07938195326590654,1.1752781306362612,12155.283985782793
ppo_hybrid_regime_aware_policy_seed_7,2022-10-05,12273.53754280429,-0.0007984770705431465,0.006880911033328607,0.3394771290342465,0.6605228709657536,-0.004732787348654517,0.12745588370855626,0.0741039503766869,0.964158015067476,12283.260991937954
ppo_hybrid_regime_aware_policy_seed_7,2022-10-06,12230.483295361351,-0.003507892267635593,0.0005228709657535413,0.33767698731998,0.6623230126800199,-0.007605280519134684,0.13051667446726598,0.07136615393306389,0.8546461573225558,12273.531125327861
ppo_hybrid_regime_aware_policy_seed_7,2022-10-07,12114.46215649421,-0.009486226837098433,0.002323012680019998,0.333680676943917,0.666319323056083,-0.01407401568316174,0.1387647905243442,0.08086979889907092,1.2347919559628366,12230.454883793573
ppo_hybrid_regime_aware_policy_seed_7,2022-10-10,12082.936530102426,-0.0026023133329846626,0.006319323056083015,0.33828217363098323,0.6617178263690168,-0.006677052080425284,0.1410059943927986,0.08471690700684485,1.388676280273794,12114.385601294192
ppo_hybrid_regime_aware_policy_seed_7,2022-10-11,12056.898686945997,-0.0021549267507580128,0.001717826369016795,0.338575813091436,0.661424186908564,-0.0061979067038353194,0.14285706355422237,0.08972005007492792,1.5888020029971168,12082.91577371544
ppo_hybrid_regime_aware_policy_seed_7,2022-10-12,12055.032169290771,-0.0001548091017176123,0.41857581309143593,-0.07971508784472146,1.0797150878447215,-0.01116329496035981,0.1429897570822571,0.09503217697171096,1.8012870788684383,12051.851960774748
ppo_hybrid_regime_aware_policy_seed_7,2022-10-13,12158.096501099852,0.008549486252855454,0.4197150878447215,0.34586949174586945,0.6541305082541305,0.004011573741463585,0.13566275979187561,0.09426435000574647,1.770574000229859,12049.972490404865
ppo_hybrid_regime_aware_policy_seed_7,2022-10-14,12063.82266136743,-0.007753996665834428,0.005869491745869426,0.3348462740915912,0.6651537259084088,-0.012241461336945467,0.14236482787060592,0.08600955459741189,1.4403821838964752,12158.025139252793
ppo_hybrid_regime_aware_policy_seed_7,2022-10-17,12169.161140695089,0.008731766230698046,0.005153725908408846,0.34571645244494215,0.6542835475550579,0.004814134242058842,0.13487615803634756,0.08611656496379201,1.44466259855168,12063.760487732026
ppo_hybrid_regime_aware_policy_seed_7,2022-10-18,12217.705545890927,0.003989133238896825,0.005716452444942122,0.34262612483441923,0.6573738751655808,0.00010062306506165615,0.13142506376260824,0.08272154546527158,1.3088618186108631,12169.091576264133
ppo_hybrid_regime_aware_policy_seed_7,2022-10-19,12188.236164445818,-0.002412022563026972,0.002626124834419208,0.3384059534746071,0.6615940465253929,-0.006454881558225045,0.13352008610649257,0.07828374524370481,1.131349809748192,12217.673460670974
ppo_hybrid_regime_aware_policy_seed_7,2022-10-20,12153.467956110077,-0.0028526037620737466,0.0015940465253929115,0.3381129505834734,0.6618870494165265,-0.006927237761188904,0.13599180996862653,0.07936424617863513,1.1745698471454054,12188.216735830309
ppo_hybrid_regime_aware_policy_seed_7,2022-10-21,12287.829800211457,0.0110554324565304,0.12188704941652662,0.46596975431757115,0.5340302456824289,0.008219937294994553,0.12643982578184565,0.07537261358927672,1.0149045435710684,12151.986605760729
ppo_hybrid_regime_aware_policy_seed_7,2022-10-24,12390.181163398118,0.008329490630224923,0.2340302456824288,0.7025478341024882,0.2974521658975118,0.007143946493678299,0.11916351449575782,0.07379208600173405,0.951683440069362,12284.954076384409
ppo_hybrid_regime_aware_policy_seed_7,2022-10-25,12528.646818650808,0.011175434275467522,0.0025478341024882667,0.7033163331694997,0.2966836668305003,0.01030962872839565,0.10931978424457145,0.07442688388900966,0.977075355560386,12390.149595272014
ppo_hybrid_regime_aware_policy_seed_7,2022-10-26,12430.56574784148,-0.007828544632874523,0.2966836668305003,1.0,0.0,-0.008774018983068597,0.11629251406723108,0.06735452748402121,0.6941810993608485,12524.929773772226
ppo_hybrid_regime_aware_policy_seed_7,2022-10-27,12364.186810292898,-0.00533997718970336,0.0,1.0,0.0,-0.005643474971656789,0.12101149188448215,0.061282157638404805,0.451286305536192,12430.56574784148
ppo_hybrid_regime_aware_policy_seed_7,2022-10-28,12658.339065304657,0.023790667313994707,0.0,1.0,0.0,0.02351207926820392,0.1000997687150814,0.06168545111473109,0.4674180445892433,12364.186810292898
ppo_hybrid_regime_aware_policy_seed_7,2022-10-31,12566.904427306896,-0.007223272936998093,0.0,1.0,0.0,-0.0075953294959076765,0.10659999370172012,0.05320468333857731,0.1281873335430924,12658.339065304657
ppo_hybrid_regime_aware_policy_seed_7,2022-11-01,12511.913361221184,-0.004375864112264649,0.0,1.0,0.0,-0.004595389138975951,0.11050939072717772,0.05369700494477897,0.147880197791159,12566.904427306896
ppo_hybrid_regime_aware_policy_seed_7,2022-11-02,12197.911772178091,-0.025096208707478307,0.0,1.0,0.0,-0.026603315625631133,0.1328322327008305,0.05316649092312479,0.1266596369249917,12511.913361221184
ppo_hybrid_regime_aware_policy_seed_7,2022-11-03,12133.579989250773,-0.005273999691820297,0.54,0.45743008644311006,0.54256991355689,-0.008933476032830696,0.1374056752383228,0.05324647888436819,0.1298591553747276,12191.324899821115
ppo_hybrid_regime_aware_policy_seed_7,2022-11-04,12213.883105441644,0.006618254155988046,0.002569913556889958,0.46355173868821997,0.53644826131178,0.004000594793855718,0.13169680676353723,0.05012272064725237,0.0049088258900947,12133.548806999064
ppo_hybrid_regime_aware_policy_seed_7,2022-11-07,12324.101190641963,0.009024000332147786,0.53644826131178,1.0,0.0,0.008178854952460917,0.12386123845936647,0.04596058263914546,-0.161576694434182,12207.330989085865
ppo_hybrid_regime_aware_policy_seed_7,2022-11-08,12390.594824510728,0.00539541446797398,0.0,1.0,0.0,0.005380911362787851,0.11913410670939728,0.044699450205142745,-0.2120219917942902,12324.101190641963
ppo_hybrid_regime_aware_policy_seed_7,2022-11-09,12135.322780615577,-0.02060208145860587,0.0,1.0,0.0,-0.021740515354545787,0.13728177759707796,0.0508743191102711,0.0349727644108438,12390.594824510728
ppo_hybrid_regime_aware_policy_seed_7,2022-11-10,12802.209166326222,0.054954153075837286,0.0,1.0,0.0,0.05349730918360149,0.0898718283418335,0.05366729107874773,0.1466916431499088,12135.322780615577
ppo_hybrid_regime_aware_policy_seed_7,2022-11-11,12926.115352140507,0.009678500343534235,0.0,1.0,0.0,0.009631963688169676,0.08106315251977979,0.039719132628385244,-0.4112346948645904,12802.209166326222
ppo_hybrid_regime_aware_policy_seed_7,2022-11-14,12816.15645696264,-0.00850672396016161,0.0,1.0,0.0,-0.008809439898079051,0.08888029461811511,0.03406964407879226,-0.6372142368483097,12926.115352140507
ppo_hybrid_regime_aware_policy_seed_7,2022-11-15,12925.465996380572,0.008529042212070292,0.0,1.0,0.0,0.008492875431373566,0.08110931619066403,0.040418194190549164,-0.3832722323780335,12816.15645696264
ppo_hybrid_regime_aware_policy_seed_7,2022-11-16,12826.860928285725,-0.007628743762310597,0.0,1.0,0.0,-0.007970933829598074,0.08811929776301985,0.04464239378620416,-0.2143042485518335,12925.465996380572
ppo_hybrid_regime_aware_policy_seed_7,2022-11-17,12787.612519929862,-0.0030598607543419476,0.0,1.0,0.0,-0.003181835599329086,0.09090952573643651,0.04203380535543786,-0.3186477857824856,12826.860928285725
ppo_hybrid_regime_aware_policy_seed_7,2022-11-18,12845.673437763733,0.004540403280391958,0.0,1.0,0.0,0.004530126744089201,0.08678188836491714,0.0408184397676399,-0.3672624092944041,12787.612519929862
ppo_hybrid_regime_aware_policy_seed_7,2022-11-21,12798.965357141295,-0.0036360943510462818,0.0,1.0,0.0,-0.003762504368509026,0.09010243558190666,0.036073378950628884,-0.5570648419748447,12845.673437763733
ppo_hybrid_regime_aware_policy_seed_7,2022-11-22,12971.201033234687,0.01345699994392846,0.0,1.0,0.0,0.013367258722167092,0.07785794410855174,0.03159728722475378,-0.7361085110098488,12798.965357141295
ppo_hybrid_regime_aware_policy_seed_7,2022-11-23,13052.940669259746,0.006301624330362854,0.0,1.0,0.0,0.006281852116995351,0.07204695129309542,0.025428382411465125,-0.982864703541395,12971.201033234687
ppo_hybrid_regime_aware_policy_seed_7,2022-11-25,13050.020548083206,-0.0002237136634978265,0.0,1.0,0.0,-0.00022789736350770806,0.07225454706917558,0.02003254812807825,-1.19869807487687,13052.940669259746
ppo_hybrid_regime_aware_policy_seed_7,2022-11-28,12841.78126269046,-0.015957008238070003,0.0,1.0,0.0,-0.01639320287635906,0.08705858890442476,0.020772084438243417,-1.1691166224702634,13050.020548083206
ppo_hybrid_regime_aware_policy_seed_7,2022-11-29,12819.724944027526,-0.0017175435565948138,0.0,1.0,0.0,-0.001767111922496453,0.08862660554260049,0.03067039961519277,-0.7731840153922894,12841.78126269046
ppo_hybrid_regime_aware_policy_seed_7,2022-11-30,13223.553945824888,0.03150059798946758,0.0,1.0,0.0,0.031014633257035917,0.05991779862550146,0.02888563859725432,-0.8445744561098272,12819.724944027526
ppo_hybrid_regime_aware_policy_seed_7,2022-12-01,13213.823508141706,-0.0007358413421267862,0.0,1.0,0.0,-0.0007510815761505222,0.060609549974270364,0.021639813101177192,-1.1344074759529124,13223.553945824888
ppo_hybrid_regime_aware_policy_seed_7,2022-12-02,13198.578495857,-0.0011537169597666264,0.0,1.0,0.0,-0.0011735601847311426,0.06169334066830784,0.017694543166992205,-1.2922182733203118,13213.823508141706
ppo_hybrid_regime_aware_policy_seed_7,2022-12-05,12961.14591767154,-0.017989253786685477,0.0,1.0,0.0,-0.0183825250105512,0.07857277729276264,0.013596278054639222,-1.4561488778144311,13198.578495857
ppo_hybrid_regime_aware_policy_seed_7,2022-12-06,12774.31359518179,-0.014414799715742665,0.0,1.0,0.0,-0.014830142080926563,0.09185496616072043,0.023372640084762517,-1.0650943966094994,12961.14591767154
ppo_hybrid_regime_aware_policy_seed_7,2022-12-07,12752.581954398824,-0.0017011983165312605,0.0,1.0,0.0,-0.0017513766221270886,0.09339990096345405,0.031541541056946724,-0.7383383577221311,12774.31359518179
ppo_hybrid_regime_aware_policy_seed_7,2022-12-08,12852.484744141957,0.007833926502128774,0.0,1.0,0.0,0.007803400621268784,0.08629766242077914,0.0344019340587464,-0.6239226376501441,12752.581954398824
ppo_hybrid_regime_aware_policy_seed_7,2022-12-09,12801.403368668669,-0.00397443579900536,0.54,0.45813800428611423,0.5418619957138857,-0.00750093280115097,0.08992911370088888,0.032102301173846416,-0.7159079530461435,12845.544402380121
ppo_hybrid_regime_aware_policy_seed_7,2022-12-12,12874.479207405748,0.005708424040127502,0.05813800428611421,0.40344029854373603,0.596559701456264,0.0024049857220321416,0.08473404317531878,0.035125643131503535,-0.5949742747398588,12800.659120624752
ppo_hybrid_regime_aware_policy_seed_7,2022-12-13,12918.579077639628,0.003425371195482141,0.05655970145626399,0.4618738241411084,0.5381261758588916,0.0007426784218799308,0.0815989175306062,0.04729299201220982,-0.108280319511607,12873.751030705373
ppo_hybrid_regime_aware_policy_seed_7,2022-12-14,12880.56109223733,-0.0029428921844896205,0.0018738241411083711,0.45840716253648933,0.5415928374635106,-0.005631862896135232,0.08430167289843223,0.03323317927738648,-0.6706728289045408,12918.554870494283
ppo_hybrid_regime_aware_policy_seed_7,2022-12-15,12735.60401764779,-0.011253941000823331,0.0015928374635106879,0.4538545717043214,0.5461454282956786,-0.014171889225334881,0.09460688784618591,0.025206094263823253,-0.99175622944707,12880.540575597071
ppo_hybrid_regime_aware_policy_seed_7,2022-12-16,12651.76820438894,-0.006582790509400249,0.0538545717043214,0.39605668039048153,0.6039433196095185,-0.010092326182112449,0.10056690103214837,0.034730073075081414,-0.6107970769967433,12734.918147148024
ppo_hybrid_regime_aware_policy_seed_7,2022-12-19,12608.805395905774,-0.003395794784499917,0.003943319609518492,0.39795795475447143,0.6020420452455286,-0.006709661626328661,0.10362119125862998,0.03345231055786457,-0.661907577685417,12651.718314423284
ppo_hybrid_regime_aware_policy_seed_7,2022-12-20,12615.681192149004,0.0005453170246771943,0.00204204524552859,0.40032823644903004,0.59967176355097,-0.0026578946744881373,0.10313238063366337,0.03227375921766037,-0.7090496312935853,12608.779648154663
ppo_hybrid_regime_aware_policy_seed_7,2022-12-21,12691.131123445844,0.005980646637122833,0.00032823644903001714,0.4035672504596778,0.5964327495403222,0.002762341202556895,0.0977685323219557,0.02692826830569053,-0.9228692677723788,12615.677051222608
ppo_hybrid_regime_aware_policy_seed_7,2022-12-22,12618.66474960044,-0.005710001192212766,0.003567250459677762,0.39655647711517034,0.6034435228848296,-0.009029025331372878,0.10292027507804917,0.018888536905674908,-1.2444585237730037,12691.08585100251
ppo_hybrid_regime_aware_policy_seed_7,2022-12-23,12647.655559766743,0.0022974546627225756,0.003443522884829686,0.4013773744559981,0.5986226255440019,-0.0009103457353039044,0.10085927508119337,0.029631296704841232,-0.8147481318063508,12618.6212969396
ppo_hybrid_regime_aware_policy_seed_7,2022-12-27,12627.687699764116,-0.0015787795539077276,0.0013773744559980594,0.3990520621073658,0.6009479378926341,-0.004814934502284144,0.10227882007378096,0.02313508986508353,-1.0745964053966588,12647.638139209046
ppo_hybrid_regime_aware_policy_seed_7,2022-12-28,12564.901675385563,-0.004972091951539581,0.0009479378926341986,0.3970024092951946,0.6029975907048054,-0.008308384462716416,0.10674237232721874,0.027437480720181602,-0.902500771192736,12627.675729500448
ppo_hybrid_regime_aware_policy_seed_7,2022-12-29,12655.33261587852,0.007197106895799221,0.0029975907048054307,0.4042891929120181,0.595710807087982,0.003966834935060806,0.10031350169536966,0.030063342135628904,-0.7974663145748441,12564.864010953093
ppo_hybrid_regime_aware_policy_seed_7,2022-12-30,12641.944353259922,-0.0010579147166626113,0.004289192912018069,0.3993671551899116,0.6006328448100884,-0.004289391165598369,0.10126529328230882,0.025722724543379386,-0.9710910182648248,12655.278334715566
