date,asset,asset_label,method,method_label,portfolio_value,cumulative_return,daily_returns,turnover
2020-01-02,SPY,SPY (S&P 500 ETF),buy_and_hold_spy,Buy & Hold,10000.0,0.0,0.0,0.0
2020-01-03,SPY,SPY (S&P 500 ETF),buy_and_hold_spy,Buy & Hold,9914.353387491616,-0.008564661250838435,-0.0085646612508384,1.0
2020-01-06,SPY,SPY (S&P 500 ETF),buy_and_hold_spy,Buy & Hold,9952.177162965205,-0.004782283703479551,0.0038150521769082,0.0
2020-01-07,SPY,SPY (S&P 500 ETF),buy_and_hold_spy,Buy & Hold,9924.193856654649,-0.007580614334535163,-0.0028117773480448,0.0
2020-01-08,SPY,SPY (S&P 500 ETF),buy_and_hold_spy,Buy & Hold,9977.085205357462,-0.0022914794642537872,0.0053295360274876,0.0
2020-01-09,SPY,SPY (S&P 500 ETF),buy_and_hold_spy,Buy & Hold,10044.736319366031,0.004473631936603217,0.0067806491190678,0.0
2020-01-10,SPY,SPY (S&P 500 ETF),buy_and_hold_spy,Buy & Hold,10015.830527723869,0.0015830527723867949,-0.0028777053695709,0.0
2020-01-13,SPY,SPY (S&P 500 ETF),buy_and_hold_spy,Buy & Hold,10084.712873426308,0.008471287342630696,0.0068773473664287,0.0
2020-01-14,SPY,SPY (S&P 500 ETF),buy_and_hold_spy,Buy & Hold,10069.337492273617,0.006933749227361563,-0.0015246225991427,0.0
2020-01-15,SPY,SPY (S&P 500 ETF),buy_and_hold_spy,Buy & Hold,10092.092756079188,0.009209275607918732,0.0022598570981489,0.0
2020-01-16,SPY,SPY (S&P 500 ETF),buy_and_hold_spy,Buy & Hold,10176.04267501085,0.017604267501085014,0.0083183855876765,0.0
2020-01-17,SPY,SPY (S&P 500 ETF),buy_and_hold_spy,Buy & Hold,10207.715922647843,0.020771592264784422,0.0031125309364881,0.0
2020-01-21,SPY,SPY (S&P 500 ETF),buy_and_hold_spy,Buy & Hold,10187.727176398314,0.01877271763983135,-0.0019581996992278,0.0
2020-01-22,SPY,SPY (S&P 500 ETF),buy_and_hold_spy,Buy & Hold,10188.957469653393,0.018895746965339244,0.0001207622891519,0.0
2020-01-23,SPY,SPY (S&P 500 ETF),buy_and_hold_spy,Buy & Hold,10200.642909479642,0.020064290947964247,0.0011468729613461,0.0
2020-01-24,SPY,SPY (S&P 500 ETF),buy_and_hold_spy,Buy & Hold,10109.927785303242,0.010992778530324099,-0.0088930790913284,0.0
2020-01-27,SPY,SPY (S&P 500 ETF),buy_and_hold_spy,Buy & Hold,9947.87160579183,-0.0052128394208169615,-0.0160294101948968,0.0
2020-01-28,SPY,SPY (S&P 500 ETF),buy_and_hold_spy,Buy & Hold,10052.117140457702,0.005211714045770144,0.0104791797478747,0.0
2020-01-29,SPY,SPY (S&P 500 ETF),buy_and_hold_spy,Buy & Hold,10043.81383403442,0.004381383403441852,-0.0008260256329346,0.0
2020-01-30,SPY,SPY (S&P 500 ETF),buy_and_hold_spy,Buy & Hold,10076.409567003026,0.007640956700302626,0.0032453541560228,0.0
2020-01-31,SPY,SPY (S&P 500 ETF),buy_and_hold_spy,Buy & Hold,9893.443094349264,-0.010655690565073539,-0.0181579035108814,0.0
2020-02-03,SPY,SPY (S&P 500 ETF),buy_and_hold_spy,Buy & Hold,9966.93692827096,-0.0033063071729040328,0.0074285396116215,0.0
2020-02-04,SPY,SPY (S&P 500 ETF),buy_and_hold_spy,Buy & Hold,10118.84576913466,0.011884576913465894,0.0152412764279479,0.0
2020-02-05,SPY,SPY (S&P 500 ETF),buy_and_hold_spy,Buy & Hold,10235.698290519606,0.02356982905196059,0.0115480089380726,0.0
2020-02-06,SPY,SPY (S&P 500 ETF),buy_and_hold_spy,Buy & Hold,10270.13993259022,0.027013993259022095,0.0033648551464744,0.0
2020-02-07,SPY,SPY (S&P 500 ETF),buy_and_hold_spy,Buy & Hold,10215.403613224187,0.021540361322418766,-0.0053296566283713,0.0
2020-02-10,SPY,SPY (S&P 500 ETF),buy_and_hold_spy,Buy & Hold,10291.664903140716,0.02916649031407159,0.00746532323185,0.0
2020-02-11,SPY,SPY (S&P 500 ETF),buy_and_hold_spy,Buy & Hold,10309.500870803562,0.030950087080356292,0.0017330497864735,0.0
2020-02-12,SPY,SPY (S&P 500 ETF),buy_and_hold_spy,Buy & Hold,10375.922629995846,0.037592262999584625,0.006442771577855,0.0
2020-02-13,SPY,SPY (S&P 500 ETF),buy_and_hold_spy,Buy & Hold,10364.851867577736,0.03648518675777357,-0.0010669665544831,0.0
2020-02-14,SPY,SPY (S&P 500 ETF),buy_and_hold_spy,Buy & Hold,10381.457541985506,0.0381457541985506,0.0016021140118476,0.0
2020-02-18,SPY,SPY (S&P 500 ETF),buy_and_hold_spy,Buy & Hold,10354.704528930028,0.03547045289300277,-0.0025769997081124,0.0
2020-02-19,SPY,SPY (S&P 500 ETF),buy_and_hold_spy,Buy & Hold,10404.212805791078,0.040421280579107766,0.0047812351113185,0.0
2020-02-20,SPY,SPY (S&P 500 ETF),buy_and_hold_spy,Buy & Hold,10361.469734174763,0.03614697341747641,-0.0041082465741686,0.0
2020-02-21,SPY,SPY (S&P 500 ETF),buy_and_hold_spy,Buy & Hold,10254.76455143753,0.025476455143753185,-0.0102982670870807,0.0
2020-02-24,SPY,SPY (S&P 500 ETF),buy_and_hold_spy,Buy & Hold,9914.661195415085,-0.00853388045849146,-0.0331653988072082,0.0
2020-02-25,SPY,SPY (S&P 500 ETF),buy_and_hold_spy,Buy & Hold,9614.225647090652,-0.038577435290934825,-0.0303021497560969,0.0
2020-02-26,SPY,SPY (S&P 500 ETF),buy_and_hold_spy,Buy & Hold,9578.862458127218,-0.04211375418727825,-0.0036782149973914,0.0
2020-02-27,SPY,SPY (S&P 500 ETF),buy_and_hold_spy,Buy & Hold,9148.659593775305,-0.08513404062246954,-0.044911686145666,0.0
2020-02-28,SPY,SPY (S&P 500 ETF),buy_and_hold_spy,Buy & Hold,9110.221140893576,-0.08897788591064237,-0.0042015393061387,0.0
2020-03-02,SPY,SPY (S&P 500 ETF),buy_and_hold_spy,Buy & Hold,9504.753008358588,-0.04952469916414115,0.0433065083013248,0.0
2020-03-03,SPY,SPY (S&P 500 ETF),buy_and_hold_spy,Buy & Hold,9232.60857426818,-0.07673914257318193,-0.0286324572401914,0.0
2020-03-04,SPY,SPY (S&P 500 ETF),buy_and_hold_spy,Buy & Hold,9620.683044411924,-0.0379316955588076,0.0420330253386167,0.0
2020-03-05,SPY,SPY (S&P 500 ETF),buy_and_hold_spy,Buy & Hold,9300.875304123683,-0.06991246958763164,-0.0332416876028356,0.0
2020-03-06,SPY,SPY (S&P 500 ETF),buy_and_hold_spy,Buy & Hold,9147.121492596763,-0.08528785074032363,-0.0165311120189679,0.0
2020-03-09,SPY,SPY (S&P 500 ETF),buy_and_hold_spy,Buy & Hold,8432.78188484351,-0.1567218115156489,-0.0780944703020949,0.0
2020-03-10,SPY,SPY (S&P 500 ETF),buy_and_hold_spy,Buy & Hold,8869.135277032019,-0.11308647229679814,0.0517448925096448,0.0
2020-03-11,SPY,SPY (S&P 500 ETF),buy_and_hold_spy,Buy & Hold,8436.778695654628,-0.15632213043453724,-0.0487484481713842,0.0
2020-03-12,SPY,SPY (S&P 500 ETF),buy_and_hold_spy,Buy & Hold,7629.571654357685,-0.23704283456423159,-0.0956771619140247,0.0
2020-03-13,SPY,SPY (S&P 500 ETF),buy_and_hold_spy,Buy & Hold,8281.795529311421,-0.1718204470688579,0.085486303098184,0.0
2020-03-16,SPY,SPY (S&P 500 ETF),buy_and_hold_spy,Buy & Hold,7375.570526634192,-0.2624429473365808,-0.1094237354049449,0.0
2020-03-17,SPY,SPY (S&P 500 ETF),buy_and_hold_spy,Buy & Hold,7773.792804645041,-0.2226207195354959,0.0539920642847646,0.0
2020-03-18,SPY,SPY (S&P 500 ETF),buy_and_hold_spy,Buy & Hold,7380.182953292242,-0.26198170467077575,-0.0506329228529999,0.0
2020-03-19,SPY,SPY (S&P 500 ETF),buy_and_hold_spy,Buy & Hold,7395.865673149007,-0.2604134326850993,0.0021249771118165,0.0
2020-03-20,SPY,SPY (S&P 500 ETF),buy_and_hold_spy,Buy & Hold,7035.774509315816,-0.29642254906841836,-0.0486881698163498,0.0
2020-03-23,SPY,SPY (S&P 500 ETF),buy_and_hold_spy,Buy & Hold,6855.88236214156,-0.314411763785844,-0.0255682081533551,0.0
2020-03-24,SPY,SPY (S&P 500 ETF),buy_and_hold_spy,Buy & Hold,7477.047666866445,-0.25229523331335546,0.090603261828847,0.0
2020-03-25,SPY,SPY (S&P 500 ETF),buy_and_hold_spy,Buy & Hold,7588.980422889267,-0.24110195771107323,0.0149701808801938,0.0
2020-03-26,SPY,SPY (S&P 500 ETF),buy_and_hold_spy,Buy & Hold,8032.099489541906,-0.19679005104580938,0.058389802313383,0.0
2020-03-27,SPY,SPY (S&P 500 ETF),buy_and_hold_spy,Buy & Hold,7792.858127124173,-0.22071418728758274,-0.0297856572530301,0.0
2020-03-30,SPY,SPY (S&P 500 ETF),buy_and_hold_spy,Buy & Hold,8045.9367695160545,-0.19540632304839456,0.0324757153618651,0.0
2020-03-31,SPY,SPY (S&P 500 ETF),buy_and_hold_spy,Buy & Hold,7926.008984212814,-0.20739910157871866,-0.0149053850084449,0.0
2020-04-01,SPY,SPY (S&P 500 ETF),buy_and_hold_spy,Buy & Hold,7569.299953782597,-0.24307000462174033,-0.0450048733405067,0.0
2020-04-02,SPY,SPY (S&P 500 ETF),buy_and_hold_spy,Buy & Hold,7743.964527671265,-0.22560354723287346,0.0230753933593796,0.0
2020-04-03,SPY,SPY (S&P 500 ETF),buy_and_hold_spy,Buy & Hold,7632.031771648442,-0.2367968228351558,-0.0144541927617123,0.0
2020-04-06,SPY,SPY (S&P 500 ETF),buy_and_hold_spy,Buy & Hold,8144.646453753476,-0.18553535462465243,0.0671662143767928,0.0
2020-04-07,SPY,SPY (S&P 500 ETF),buy_and_hold_spy,Buy & Hold,8152.949760176756,-0.18470502398232436,0.0010194802770664,0.0
2020-04-08,SPY,SPY (S&P 500 ETF),buy_and_hold_spy,Buy & Hold,8426.631357006918,-0.15733686429930827,0.0335684144856338,0.0
2020-04-09,SPY,SPY (S&P 500 ETF),buy_and_hold_spy,Buy & Hold,8554.862448733438,-0.1445137551266562,0.0152173610418941,0.0
2020-04-13,SPY,SPY (S&P 500 ETF),buy_and_hold_spy,Buy & Hold,8476.7552497149,-0.15232447502850988,-0.0091301525286477,0.0
2020-04-14,SPY,SPY (S&P 500 ETF),buy_and_hold_spy,Buy & Hold,8726.759097407883,-0.12732409025921165,0.0294928708365609,0.0
2020-04-15,SPY,SPY (S&P 500 ETF),buy_and_hold_spy,Buy & Hold,8541.332038243967,-0.14586679617560327,-0.0212481010526569,0.0
2020-04-16,SPY,SPY (S&P 500 ETF),buy_and_hold_spy,Buy & Hold,8582.537947120529,-0.14174620528794712,0.0048242954017079,0.0
2020-04-17,SPY,SPY (S&P 500 ETF),buy_and_hold_spy,Buy & Hold,8814.398957665988,-0.11856010423340124,0.0270154366894759,0.0
2020-04-20,SPY,SPY (S&P 500 ETF),buy_and_hold_spy,Buy & Hold,8659.107044960523,-0.13408929550394766,-0.0176179809254498,0.0
2020-04-21,SPY,SPY (S&P 500 ETF),buy_and_hold_spy,Buy & Hold,8396.188402625005,-0.16038115973749956,-0.030363251195576,0.0
2020-04-22,SPY,SPY (S&P 500 ETF),buy_and_hold_spy,Buy & Hold,8582.53794712053,-0.1417462052879469,0.0221945406128887,0.0
2020-04-23,SPY,SPY (S&P 500 ETF),buy_and_hold_spy,Buy & Hold,8581.922331273596,-0.1418077668726404,-7.172888144835188e-05,0.0
2020-04-24,SPY,SPY (S&P 500 ETF),buy_and_hold_spy,Buy & Hold,8701.54324709216,-0.12984567529078395,0.0139387087415894,0.0
2020-04-27,SPY,SPY (S&P 500 ETF),buy_and_hold_spy,Buy & Hold,8827.005944385062,-0.11729940556149376,0.0144184420774817,0.0
2020-04-28,SPY,SPY (S&P 500 ETF),buy_and_hold_spy,Buy & Hold,8786.415651355437,-0.1213584348644563,-0.0045984213996643,0.0
2020-04-29,SPY,SPY (S&P 500 ETF),buy_and_hold_spy,Buy & Hold,9016.430752798886,-0.09835692472011137,0.0261784908170108,0.0
2020-04-30,SPY,SPY (S&P 500 ETF),buy_and_hold_spy,Buy & Hold,8932.481772306013,-0.10675182276939865,-0.0093106665813201,0.0
2020-05-01,SPY,SPY (S&P 500 ETF),buy_and_hold_spy,Buy & Hold,8696.008335102504,-0.13039916648974959,-0.0264734307028382,0.0
2020-05-04,SPY,SPY (S&P 500 ETF),buy_and_hold_spy,Buy & Hold,8719.993892163151,-0.12800061078368485,0.0027582260890697,0.0
2020-05-05,SPY,SPY (S&P 500 ETF),buy_and_hold_spy,Buy & Hold,8800.560739253051,-0.11994392607469495,0.0092393237984154,0.0
2020-05-06,SPY,SPY (S&P 500 ETF),buy_and_hold_spy,Buy & Hold,8740.904185305502,-0.12590958146944975,-0.0067787219150097,0.0
2020-05-07,SPY,SPY (S&P 500 ETF),buy_and_hold_spy,Buy & Hold,8846.37907478766,-0.11536209252123408,0.0120668168013411,0.0
2020-05-08,SPY,SPY (S&P 500 ETF),buy_and_hold_spy,Buy & Hold,8992.7530036617,-0.1007246996338299,0.0165461967700673,0.0
2020-05-11,SPY,SPY (S&P 500 ETF),buy_and_hold_spy,Buy & Hold,8994.597974324919,-0.10054020256750806,0.0002051619412284,0.0
2020-05-12,SPY,SPY (S&P 500 ETF),buy_and_hold_spy,Buy & Hold,8815.321442997596,-0.11846785570024043,-0.0199315780248398,0.0
2020-05-13,SPY,SPY (S&P 500 ETF),buy_and_hold_spy,Buy & Hold,8659.414852883987,-0.13405851471160135,-0.017685865583206,0.0
2020-05-14,SPY,SPY (S&P 500 ETF),buy_and_hold_spy,Buy & Hold,8763.044771702926,-0.12369552282970742,0.0119673119465371,0.0
2020-05-15,SPY,SPY (S&P 500 ETF),buy_and_hold_spy,Buy & Hold,8803.328195247876,-0.11966718047521241,0.0045969665332568,0.0
2020-05-18,SPY,SPY (S&P 500 ETF),buy_and_hold_spy,Buy & Hold,9071.47488008838,-0.09285251199116196,0.0304596942080668,0.0
2020-05-19,SPY,SPY (S&P 500 ETF),buy_and_hold_spy,Buy & Hold,8978.300107840616,-0.10216998921593845,-0.0102711823027012,0.0
2020-05-20,SPY,SPY (S&P 500 ETF),buy_and_hold_spy,Buy & Hold,9130.82362611246,-0.08691763738875402,0.016988017379665,0.0
2020-05-21,SPY,SPY (S&P 500 ETF),buy_and_hold_spy,Buy & Hold,9067.78493876194,-0.09322150612380598,-0.0069039431634888,0.0
2020-05-22,SPY,SPY (S&P 500 ETF),buy_and_hold_spy,Buy & Hold,9085.00529057785,-0.091499470942215,0.001899069280117,0.0
2020-05-26,SPY,SPY (S&P 500 ETF),buy_and_hold_spy,Buy & Hold,9196.937577381275,-0.08030624226187244,0.0123205527375436,0.0
2020-05-27,SPY,SPY (S&P 500 ETF),buy_and_hold_spy,Buy & Hold,9333.778845015751,-0.0666221154984249,0.0148790036338857,0.0
2020-05-28,SPY,SPY (S&P 500 ETF),buy_and_hold_spy,Buy & Hold,9316.558493199842,-0.06834415068001576,-0.0018449496288533,0.0
2020-05-29,SPY,SPY (S&P 500 ETF),buy_and_hold_spy,Buy & Hold,9358.07220999987,-0.06419277900001308,0.0044559068491147,0.0
2020-06-01,SPY,SPY (S&P 500 ETF),buy_and_hold_spy,Buy & Hold,9395.895047034664,-0.06041049529653353,0.004041733830006,0.0
2020-06-02,SPY,SPY (S&P 500 ETF),buy_and_hold_spy,Buy & Hold,9473.694438129734,-0.05263055618702661,0.0082801468838908,0.0
2020-06-03,SPY,SPY (S&P 500 ETF),buy_and_hold_spy,Buy & Hold,9599.77275126957,-0.040022724873043036,0.013308252019655,0.0
2020-06-04,SPY,SPY (S&P 500 ETF),buy_and_hold_spy,Buy & Hold,9574.556900953845,-0.04254430990461555,-0.0026267132534349,0.0
2020-06-05,SPY,SPY (S&P 500 ETF),buy_and_hold_spy,Buy & Hold,9819.948321988775,-0.01800516780112249,0.0256295328936302,0.0
2020-06-08,SPY,SPY (S&P 500 ETF),buy_and_hold_spy,Buy & Hold,9938.646752475732,-0.006135324752426841,0.012087480157219,0.0
2020-06-09,SPY,SPY (S&P 500 ETF),buy_and_hold_spy,Buy & Hold,9864.5373027071,-0.013546269729289961,-0.0074566942174668,0.0
2020-06-10,SPY,SPY (S&P 500 ETF),buy_and_hold_spy,Buy & Hold,9809.4931754176,-0.019050682458240042,-0.0055800009265913,0.0
2020-06-11,SPY,SPY (S&P 500 ETF),buy_and_hold_spy,Buy & Hold,9243.98620617096,-0.07560137938290412,-0.0576489487411835,0.0
2020-06-12,SPY,SPY (S&P 500 ETF),buy_and_hold_spy,Buy & Hold,9354.689138158104,-0.06453108618418957,0.0119756703999882,0.0
2020-06-15,SPY,SPY (S&P 500 ETF),buy_and_hold_spy,Buy & Hold,9442.02119049274,-0.05579788095072602,0.0093356445141941,0.0
2020-06-16,SPY,SPY (S&P 500 ETF),buy_and_hold_spy,Buy & Hold,9623.758308330216,-0.037624169166978416,0.0192476922229818,0.0
2020-06-17,SPY,SPY (S&P 500 ETF),buy_and_hold_spy,Buy & Hold,9583.782692708734,-0.04162173072912667,-0.0041538465889028,0.0
2020-06-18,SPY,SPY (S&P 500 ETF),buy_and_hold_spy,Buy & Hold,9587.472634035174,-0.04125273659648265,0.0003850193023728,0.0
2020-06-19,SPY,SPY (S&P 500 ETF),buy_and_hold_spy,Buy & Hold,9490.915728384438,-0.05090842716155619,-0.0100711531950519,0.0
2020-06-22,SPY,SPY (S&P 500 ETF),buy_and_hold_spy,Buy & Hold,9551.801637148272,-0.04481983628517283,0.0064151774714154,0.0
2020-06-23,SPY,SPY (S&P 500 ETF),buy_and_hold_spy,Buy & Hold,9595.775002019662,-0.040422499798033806,0.0046036723271525,0.0
2020-06-24,SPY,SPY (S&P 500 ETF),buy_and_hold_spy,Buy & Hold,9350.999196831664,-0.06490008031683359,-0.0255087061895967,0.0
2020-06-25,SPY,SPY (S&P 500 ETF),buy_and_hold_spy,Buy & Hold,9451.24698224763,-0.05487530177523692,0.0107205426185825,0.0
2020-06-26,SPY,SPY (S&P 500 ETF),buy_and_hold_spy,Buy & Hold,9226.76585435505,-0.07732341456449499,-0.0237514825624836,0.0
2020-06-29,SPY,SPY (S&P 500 ETF),buy_and_hold_spy,Buy & Hold,9362.37682873445,-0.063762317126555,0.014697563211208,0.0
2020-06-30,SPY,SPY (S&P 500 ETF),buy_and_hold_spy,Buy & Hold,9482.304614037692,-0.05176953859623079,0.0128095447872986,0.0
2020-07-01,SPY,SPY (S&P 500 ETF),buy_and_hold_spy,Buy & Hold,9548.726373229976,-0.04512736267700235,0.007004811793744,0.0
2020-07-02,SPY,SPY (S&P 500 ETF),buy_and_hold_spy,Buy & Hold,9601.310852448112,-0.03986891475518883,0.0055069626212724,0.0
2020-07-06,SPY,SPY (S&P 500 ETF),buy_and_hold_spy,Buy & Hold,9749.528813546583,-0.025047118645341704,0.0154372630337948,0.0
2020-07-07,SPY,SPY (S&P 500 ETF),buy_and_hold_spy,Buy & Hold,9648.974158645942,-0.03510258413540579,-0.0103137963714641,0.0
2020-07-08,SPY,SPY (S&P 500 ETF),buy_and_hold_spy,Buy & Hold,9722.775800491108,-0.0277224199508892,0.0076486516215854,0.0
2020-07-09,SPY,SPY (S&P 500 ETF),buy_and_hold_spy,Buy & Hold,9667.424803716933,-0.0332575196283067,-0.0056929212305173,0.0
2020-07-10,SPY,SPY (S&P 500 ETF),buy_and_hold_spy,Buy & Hold,9766.134487954352,-0.023386551204564787,0.0102105458528594,0.0
2020-07-13,SPY,SPY (S&P 500 ETF),buy_and_hold_spy,Buy & Hold,9681.569891614545,-0.03184301083854557,-0.0086589629135366,0.0
2020-07-14,SPY,SPY (S&P 500 ETF),buy_and_hold_spy,Buy & Hold,9807.033527346235,-0.0192966472653765,0.0129590177147156,0.0
2020-07-15,SPY,SPY (S&P 500 ETF),buy_and_hold_spy,Buy & Hold,9897.1330356757,-0.010286696432429965,0.009187233639839,0.0
2020-07-16,SPY,SPY (S&P 500 ETF),buy_and_hold_spy,Buy & Hold,9864.537302707096,-0.013546269729290406,-0.003293452038192,0.0
2020-07-17,SPY,SPY (S&P 500 ETF),buy_and_hold_spy,Buy & Hold,9893.135286425791,-0.010686471357420846,0.0028990699554503,0.0
2020-07-20,SPY,SPY (S&P 500 ETF),buy_and_hold_spy,Buy & Hold,9973.08745610755,-0.0026912543892448904,0.0080815805472163,0.0
2020-07-21,SPY,SPY (S&P 500 ETF),buy_and_hold_spy,Buy & Hold,9994.30555717337,-0.0005694442826630342,0.0021275358467678,0.0
2020-07-22,SPY,SPY (S&P 500 ETF),buy_and_hold_spy,Buy & Hold,10051.193716687298,0.005119371668729666,0.0056920572608565,0.0
2020-07-23,SPY,SPY (S&P 500 ETF),buy_and_hold_spy,Buy & Hold,9931.265931384056,-0.006873406861594433,-0.0119316957451665,0.0
2020-07-24,SPY,SPY (S&P 500 ETF),buy_and_hold_spy,Buy & Hold,9867.304758701925,-0.01326952412980753,-0.0064403846522733,0.0
2020-07-27,SPY,SPY (S&P 500 ETF),buy_and_hold_spy,Buy & Hold,9939.261429883867,-0.006073857011613337,0.0072924342504456,0.0
2020-07-28,SPY,SPY (S&P 500 ETF),buy_and_hold_spy,Buy & Hold,9876.222742533348,-0.012377725746665291,-0.0063423915142212,0.0
2020-07-29,SPY,SPY (S&P 500 ETF),buy_and_hold_spy,Buy & Hold,9997.687690576342,-0.0002312309423657677,0.0122987250500019,0.0
2020-07-30,SPY,SPY (S&P 500 ETF),buy_and_hold_spy,Buy & Hold,9962.016693689442,-0.003798330631055835,-0.0035679247032813,0.0
2020-07-31,SPY,SPY (S&P 500 ETF),buy_and_hold_spy,Buy & Hold,10040.738570116124,0.004073857011612336,0.0079022028216986,0.0
2020-08-03,SPY,SPY (S&P 500 ETF),buy_and_hold_spy,Buy & Hold,10110.543401150171,0.011054340115017158,0.0069521609935951,0.0
2020-08-04,SPY,SPY (S&P 500 ETF),buy_and_hold_spy,Buy & Hold,10149.596531440044,0.014959653144004381,0.0038626143759423,0.0
2020-08-05,SPY,SPY (S&P 500 ETF),buy_and_hold_spy,Buy & Hold,10212.635218790569,0.02126352187905689,0.0062109550025215,0.0
2020-08-06,SPY,SPY (S&P 500 ETF),buy_and_hold_spy,Buy & Hold,10280.901948646071,0.028090194864607065,0.0066845362037311,0.0
2020-08-07,SPY,SPY (S&P 500 ETF),buy_and_hold_spy,Buy & Hold,10288.28276973774,0.028828276973773992,0.000717915716786,0.0
2020-08-10,SPY,SPY (S&P 500 ETF),buy_and_hold_spy,Buy & Hold,10319.033532043124,0.03190335320431248,0.0029889110742402,0.0
2020-08-11,SPY,SPY (S&P 500 ETF),buy_and_hold_spy,Buy & Hold,10233.853319856384,0.023385331985638302,-0.0082546695794945,0.0
2020-08-12,SPY,SPY (S&P 500 ETF),buy_and_hold_spy,Buy & Hold,10376.537307403984,0.03765373074039835,0.0139423522194477,0.0
2020-08-13,SPY,SPY (S&P 500 ETF),buy_and_hold_spy,Buy & Hold,10357.77885440953,0.03577788544095295,-0.00180777579637,0.0
2020-08-14,SPY,SPY (S&P 500 ETF),buy_and_hold_spy,Buy & Hold,10358.086662332997,0.0358086662332997,2.971756085878852e-05,0.0
2020-08-17,SPY,SPY (S&P 500 ETF),buy_and_hold_spy,Buy & Hold,10390.990203225068,0.03909902032250678,0.0031766041320859,0.0
2020-08-18,SPY,SPY (S&P 500 ETF),buy_and_hold_spy,Buy & Hold,10413.438597545965,0.041343859754596535,0.0021603710408588,0.0
2020-08-19,SPY,SPY (S&P 500 ETF),buy_and_hold_spy,Buy & Hold,10370.079910082715,0.03700799100827146,-0.0041637243123001,0.0
2020-08-20,SPY,SPY (S&P 500 ETF),buy_and_hold_spy,Buy & Hold,10402.367835127854,0.04023678351278548,0.0031135656933312,0.0
2020-08-21,SPY,SPY (S&P 500 ETF),buy_and_hold_spy,Buy & Hold,10439.269125269831,0.04392691252698322,0.0035473933172565,0.0
2020-08-24,SPY,SPY (S&P 500 ETF),buy_and_hold_spy,Buy & Hold,10545.051822675456,0.05450518226754553,0.0101331516733831,0.0
2020-08-25,SPY,SPY (S&P 500 ETF),buy_and_hold_spy,Buy & Hold,10581.95217437864,0.058195217437864155,0.0034993049179556,0.0
2020-08-26,SPY,SPY (S&P 500 ETF),buy_and_hold_spy,Buy & Hold,10688.042679707733,0.06880426797077321,0.0100256080901557,0.0
2020-08-27,SPY,SPY (S&P 500 ETF),buy_and_hold_spy,Buy & Hold,10711.412620921446,0.07114126209214455,0.0021865501396325,0.0
2020-08-28,SPY,SPY (S&P 500 ETF),buy_and_hold_spy,Buy & Hold,10780.60183610856,0.0780601836108561,0.0064593922049063,0.0
2020-08-31,SPY,SPY (S&P 500 ETF),buy_and_hold_spy,Buy & Hold,10741.548705818686,0.07415487058186865,-0.0036225371165337,0.0
2020-09-01,SPY,SPY (S&P 500 ETF),buy_and_hold_spy,Buy & Hold,10842.718976566264,0.08427189765662635,0.0094185925622414,0.0
2020-09-02,SPY,SPY (S&P 500 ETF),buy_and_hold_spy,Buy & Hold,10999.548052011482,0.09995480520114808,0.0144639989087758,0.0
2020-09-03,SPY,SPY (S&P 500 ETF),buy_and_hold_spy,Buy & Hold,10621.006243107304,0.06210062431073049,-0.0344143056709456,0.0
2020-09-04,SPY,SPY (S&P 500 ETF),buy_and_hold_spy,Buy & Hold,10534.288868180807,0.05342888681808078,-0.0081647042607447,0.0
2020-09-08,SPY,SPY (S&P 500 ETF),buy_and_hold_spy,Buy & Hold,10246.46124501424,0.024646124501424005,-0.0273229286540604,0.0
2020-09-09,SPY,SPY (S&P 500 ETF),buy_and_hold_spy,Buy & Hold,10448.801786509392,0.044880178650939184,0.0197473582983205,0.0
2020-09-10,SPY,SPY (S&P 500 ETF),buy_and_hold_spy,Buy & Hold,10267.372476595385,0.026737247659538443,-0.0173636473943121,0.0
2020-09-11,SPY,SPY (S&P 500 ETF),buy_and_hold_spy,Buy & Hold,10272.599580661576,0.027259958066157663,0.0005090985135784,0.0
2020-09-14,SPY,SPY (S&P 500 ETF),buy_and_hold_spy,Buy & Hold,10407.902747117509,0.040790274711750785,0.0131712684207652,0.0
2020-09-15,SPY,SPY (S&P 500 ETF),buy_and_hold_spy,Buy & Hold,10460.487226335646,0.04604872263356463,0.0050523607393142,0.0
2020-09-16,SPY,SPY (S&P 500 ETF),buy_and_hold_spy,Buy & Hold,10418.97350953562,0.04189735095356206,-0.0039686217192169,0.0
2020-09-17,SPY,SPY (S&P 500 ETF),buy_and_hold_spy,Buy & Hold,10327.335900027609,0.03273359000276077,-0.008795262741012,0.0
2020-09-18,SPY,SPY (S&P 500 ETF),buy_and_hold_spy,Buy & Hold,10167.73936858756,0.016773936858756056,-0.0154537949559305,0.0
2020-09-21,SPY,SPY (S&P 500 ETF),buy_and_hold_spy,Buy & Hold,10054.576788529055,0.00545767885290549,-0.0111295712799357,0.0
2020-09-22,SPY,SPY (S&P 500 ETF),buy_and_hold_spy,Buy & Hold,10156.976414092918,0.01569764140929175,0.0101843794838472,0.0
2020-09-23,SPY,SPY (S&P 500 ETF),buy_and_hold_spy,Buy & Hold,9921.426400659811,-0.007857359934018815,-0.023190958000678,0.0
2020-09-24,SPY,SPY (S&P 500 ETF),buy_and_hold_spy,Buy & Hold,9947.871605791825,-0.005212839420817517,0.0026654640234242,0.0
2020-09-25,SPY,SPY (S&P 500 ETF),buy_and_hold_spy,Buy & Hold,10108.698430486947,0.01086984304869465,0.0161669582266712,0.0
2020-09-28,SPY,SPY (S&P 500 ETF),buy_and_hold_spy,Buy & Hold,10276.597329911485,0.027659732991148545,0.0166093489264818,0.0
2020-09-29,SPY,SPY (S&P 500 ETF),buy_and_hold_spy,Buy & Hold,10220.630717290376,0.022063071729037542,-0.0054460256468559,0.0
2020-09-30,SPY,SPY (S&P 500 ETF),buy_and_hold_spy,Buy & Hold,10298.123238900773,0.029812323890077375,0.0075819705998476,0.0
2020-10-01,SPY,SPY (S&P 500 ETF),buy_and_hold_spy,Buy & Hold,10364.23719016959,0.036423719016958955,0.0064200000072902,0.0
2020-10-02,SPY,SPY (S&P 500 ETF),buy_and_hold_spy,Buy & Hold,10265.834375416844,0.026583437541684463,-0.0094944580046932,0.0
2020-10-05,SPY,SPY (S&P 500 ETF),buy_and_hold_spy,Buy & Hold,10447.879301177789,0.04478793011777893,0.0177330861870204,0.0
2020-10-06,SPY,SPY (S&P 500 ETF),buy_and_hold_spy,Buy & Hold,10299.352593717058,0.029935259371705714,-0.014215967009112,0.0
2020-10-07,SPY,SPY (S&P 500 ETF),buy_and_hold_spy,Buy & Hold,10478.630063483171,0.047863006348317194,0.0174066736850506,0.0
2020-10-08,SPY,SPY (S&P 500 ETF),buy_and_hold_spy,Buy & Hold,10571.497027807469,0.057149702780746825,0.0088625100572952,0.0
2020-10-09,SPY,SPY (S&P 500 ETF),buy_and_hold_spy,Buy & Hold,10665.902093310307,0.06659020933103066,0.0089301510708006,0.0
2020-10-12,SPY,SPY (S&P 500 ETF),buy_and_hold_spy,Buy & Hold,10837.490934061285,0.08374909340612846,0.0160876069599962,0.0
2020-10-13,SPY,SPY (S&P 500 ETF),buy_and_hold_spy,Buy & Hold,10766.764556134418,0.07667645561344183,-0.0065260841607331,0.0
2020-10-14,SPY,SPY (S&P 500 ETF),buy_and_hold_spy,Buy & Hold,10699.112503687056,0.0699112503687056,-0.0062834152353425,0.0
2020-10-15,SPY,SPY (S&P 500 ETF),buy_and_hold_spy,Buy & Hold,10685.88990112105,0.06858899011210506,-0.0012358597557927,0.0
2020-10-16,SPY,SPY (S&P 500 ETF),buy_and_hold_spy,Buy & Hold,10679.43250379978,0.06794325037997795,-0.0006042919570594,0.0
2020-10-19,SPY,SPY (S&P 500 ETF),buy_and_hold_spy,Buy & Hold,10517.068516364903,0.05170685163649025,-0.0152034284010041,0.0
2020-10-20,SPY,SPY (S&P 500 ETF),buy_and_hold_spy,Buy & Hold,10559.196910573071,0.05591969105730721,0.0040057164353941,0.0
2020-10-21,SPY,SPY (S&P 500 ETF),buy_and_hold_spy,Buy & Hold,10539.209102762332,0.05392091027623325,-0.0018929287880526,0.0
2020-10-22,SPY,SPY (S&P 500 ETF),buy_and_hold_spy,Buy & Hold,10597.01974760787,0.05970197476078698,0.0054852925188082,0.0
2020-10-23,SPY,SPY (S&P 500 ETF),buy_and_hold_spy,Buy & Hold,10632.998552418238,0.0632998552418238,0.0033951814441497,0.0
2020-10-26,SPY,SPY (S&P 500 ETF),buy_and_hold_spy,Buy & Hold,10436.501669275003,0.043650166927500234,-0.0184799125265135,0.0
2020-10-27,SPY,SPY (S&P 500 ETF),buy_and_hold_spy,Buy & Hold,10400.522864464636,0.040052286446463636,-0.003447400858114,0.0
2020-10-28,SPY,SPY (S&P 500 ETF),buy_and_hold_spy,Buy & Hold,10045.044127289497,0.004504412728949747,-0.0341789294449512,0.0
2020-10-29,SPY,SPY (S&P 500 ETF),buy_and_hold_spy,Buy & Hold,10147.136883368685,0.014713688336868369,0.0101634950315279,0.0
2020-10-30,SPY,SPY (S&P 500 ETF),buy_and_hold_spy,Buy & Hold,10041.354185963057,0.004135418596305618,-0.0104248812863662,0.0
2020-11-02,SPY,SPY (S&P 500 ETF),buy_and_hold_spy,Buy & Hold,10153.90208861342,0.015390208861342014,0.0112084386792863,0.0
2020-11-03,SPY,SPY (S&P 500 ETF),buy_and_hold_spy,Buy & Hold,10333.178619940742,0.03331786199407416,0.0176559247629897,0.0
2020-11-04,SPY,SPY (S&P 500 ETF),buy_and_hold_spy,Buy & Hold,10564.11714515459,0.05641171451545901,0.0223492241553038,0.0
2020-11-05,SPY,SPY (S&P 500 ETF),buy_and_hold_spy,Buy & Hold,10770.14668953739,0.07701466895373899,0.019502769758408,0.0
2020-11-06,SPY,SPY (S&P 500 ETF),buy_and_hold_spy,Buy & Hold,10767.687041466028,0.07676870414660275,-0.0002283764689808,0.0
2020-11-09,SPY,SPY (S&P 500 ETF),buy_and_hold_spy,Buy & Hold,10902.99020792196,0.09029902079219587,0.0125656666965601,0.0
2020-11-10,SPY,SPY (S&P 500 ETF),buy_and_hold_spy,Buy & Hold,10887.000149361127,0.08870001493611279,-0.0014665755224849,0.0
2020-11-11,SPY,SPY (S&P 500 ETF),buy_and_hold_spy,Buy & Hold,10967.874804374494,0.09678748043744956,0.0074285527605244,0.0
2020-11-12,SPY,SPY (S&P 500 ETF),buy_and_hold_spy,Buy & Hold,10861.476491121935,0.08614764911219353,-0.0097009051571341,0.0
2020-11-13,SPY,SPY (S&P 500 ETF),buy_and_hold_spy,Buy & Hold,11011.848169245884,0.10118481692458836,0.0138444969472484,0.0
2020-11-16,SPY,SPY (S&P 500 ETF),buy_and_hold_spy,Buy & Hold,11149.304114288509,0.11493041142885096,0.0124825499707226,0.0
2020-11-17,SPY,SPY (S&P 500 ETF),buy_and_hold_spy,Buy & Hold,11089.339752417489,0.10893397524174886,-0.0053783053414221,0.0
2020-11-18,SPY,SPY (S&P 500 ETF),buy_and_hold_spy,Buy & Hold,10955.881556624776,0.09558815566247758,-0.0120348189136886,0.0
2020-11-19,SPY,SPY (S&P 500 ETF),buy_and_hold_spy,Buy & Hold,11002.007700082851,0.1002007700082852,0.0042101717894336,0.0
2020-11-20,SPY,SPY (S&P 500 ETF),buy_and_hold_spy,Buy & Hold,10926.667957059144,0.0926667957059144,-0.006847817696323,0.0
2020-11-23,SPY,SPY (S&P 500 ETF),buy_and_hold_spy,Buy & Hold,10992.167230919818,0.09921672309198182,0.005994441683236,0.0
2020-11-24,SPY,SPY (S&P 500 ETF),buy_and_hold_spy,Buy & Hold,11169.291922099244,0.11692919220992448,0.0161137187470359,0.0
2020-11-25,SPY,SPY (S&P 500 ETF),buy_and_hold_spy,Buy & Hold,11152.071570283331,0.11520715702833306,-0.0015417585945479,0.0
2020-11-27,SPY,SPY (S&P 500 ETF),buy_and_hold_spy,Buy & Hold,11183.130140512185,0.11831301405121852,0.0027850045646777,0.0
2020-11-30,SPY,SPY (S&P 500 ETF),buy_and_hold_spy,Buy & Hold,11133.620925212344,0.11336209252123441,-0.0044271339667673,0.0
2020-12-01,SPY,SPY (S&P 500 ETF),buy_and_hold_spy,Buy & Hold,11255.393681178804,0.12553936811788047,0.0109373901612459,0.0
2020-12-02,SPY,SPY (S&P 500 ETF),buy_and_hold_spy,Buy & Hold,11279.072368754778,0.1279072368754779,0.0021037636040726,0.0
2020-12-03,SPY,SPY (S&P 500 ETF),buy_and_hold_spy,Buy & Hold,11275.997104836482,0.12759971048364815,-0.0002726522020387,0.0
2020-12-04,SPY,SPY (S&P 500 ETF),buy_and_hold_spy,Buy & Hold,11373.169626334153,0.1373169626334152,0.008617643352887,0.0
2020-12-07,SPY,SPY (S&P 500 ETF),buy_and_hold_spy,Buy & Hold,11349.798746681648,0.13497987466816475,-0.0020549134867724,0.0
2020-12-08,SPY,SPY (S&P 500 ETF),buy_and_hold_spy,Buy & Hold,11383.010095497186,0.13830100954971858,0.0029261619132452,0.0
2020-12-09,SPY,SPY (S&P 500 ETF),buy_and_hold_spy,Buy & Hold,11280.917339418,0.12809173394179996,-0.0089688716097661,0.0
2020-12-10,SPY,SPY (S&P 500 ETF),buy_and_hold_spy,Buy & Hold,11277.22739809156,0.12772273980915605,-0.0003270958571379,0.0
2020-12-11,SPY,SPY (S&P 500 ETF),buy_and_hold_spy,Buy & Hold,11264.003857086764,0.1264003857086764,-0.0011725879542902,0.0
2020-12-14,SPY,SPY (S&P 500 ETF),buy_and_hold_spy,Buy & Hold,11213.573094894104,0.12135730948941026,-0.0044771613036099,0.0
2020-12-15,SPY,SPY (S&P 500 ETF),buy_and_hold_spy,Buy & Hold,11365.174127834338,0.13651741278343388,0.013519422547775,0.0
2020-12-16,SPY,SPY (S&P 500 ETF),buy_and_hold_spy,Buy & Hold,11383.010095497182,0.13830100954971813,0.001569352784412,0.0
2020-12-17,SPY,SPY (S&P 500 ETF),buy_and_hold_spy,Buy & Hold,11446.663460255848,0.1446663460255848,0.0055919624268667,0.0
2020-12-18,SPY,SPY (S&P 500 ETF),buy_and_hold_spy,Buy & Hold,11352.566202676477,0.13525662026764773,-0.0082204965583279,0.0
2020-12-21,SPY,SPY (S&P 500 ETF),buy_and_hold_spy,Buy & Hold,11311.974971208056,0.13119749712080564,-0.003575511540188,0.0
2020-12-22,SPY,SPY (S&P 500 ETF),buy_and_hold_spy,Buy & Hold,11292.909648728926,0.1292909648728926,-0.0016854105960857,0.0
2020-12-23,SPY,SPY (S&P 500 ETF),buy_and_hold_spy,Buy & Hold,11303.057925815428,0.13030579258154296,0.0008986414840965,0.0
2020-12-24,SPY,SPY (S&P 500 ETF),buy_and_hold_spy,Buy & Hold,11347.031290686817,0.13470312906868176,0.0038903954275024,0.0
2020-12-28,SPY,SPY (S&P 500 ETF),buy_and_hold_spy,Buy & Hold,11444.511620107953,0.14445116201079533,0.0085908222973831,0.0
2020-12-29,SPY,SPY (S&P 500 ETF),buy_and_hold_spy,Buy & Hold,11422.6779031952,0.14226779031951997,-0.001907789308754,0.0
2020-12-30,SPY,SPY (S&P 500 ETF),buy_and_hold_spy,Buy & Hold,11438.9757696795,0.14389757696795002,0.0014267990940848,0.0
2020-12-31,SPY,SPY (S&P 500 ETF),buy_and_hold_spy,Buy & Hold,11497.095160887297,0.14970951608872962,0.005080821253407,0.0
2021-01-04,SPY,SPY (S&P 500 ETF),buy_and_hold_spy,Buy & Hold,11340.573893365545,0.13405738933655442,-0.013613983822125,0.0
2021-01-05,SPY,SPY (S&P 500 ETF),buy_and_hold_spy,Buy & Hold,11418.68015394529,0.1418680153945291,0.0068873287466906,0.0
2021-01-06,SPY,SPY (S&P 500 ETF),buy_and_hold_spy,Buy & Hold,11486.946883800796,0.1486946883800797,0.0059785131849865,0.0
2021-01-07,SPY,SPY (S&P 500 ETF),buy_and_hold_spy,Buy & Hold,11657.61417765895,0.16576141776589504,0.0148574983052141,0.0
2021-01-08,SPY,SPY (S&P 500 ETF),buy_and_hold_spy,Buy & Hold,11724.035936851236,0.1724035936851236,0.0056977146592807,0.0
2021-01-11,SPY,SPY (S&P 500 ETF),buy_and_hold_spy,Buy & Hold,11645.00625250109,0.1645006252501091,-0.0067408258364116,0.0
2021-01-12,SPY,SPY (S&P 500 ETF),buy_and_hold_spy,Buy & Hold,11647.465900572452,0.16474659005724512,0.0002112191284424,0.0
2021-01-13,SPY,SPY (S&P 500 ETF),buy_and_hold_spy,Buy & Hold,11678.832278724767,0.16788322787247667,0.0026929787492038,0.0
2021-01-14,SPY,SPY (S&P 500 ETF),buy_and_hold_spy,Buy & Hold,11637.933239332884,0.1637933239332885,-0.0035019801993723,0.0
2021-01-15,SPY,SPY (S&P 500 ETF),buy_and_hold_spy,Buy & Hold,11553.061773508403,0.1553061773508404,-0.0072926579040374,0.0
2021-01-19,SPY,SPY (S&P 500 ETF),buy_and_hold_spy,Buy & Hold,11643.775959246012,0.16437759592460122,0.0078519605898428,0.0
2021-01-20,SPY,SPY (S&P 500 ETF),buy_and_hold_spy,Buy & Hold,11804.910591864604,0.18049105918646036,0.0138386922921374,0.0
2021-01-21,SPY,SPY (S&P 500 ETF),buy_and_hold_spy,Buy & Hold,11815.672607920456,0.18156726079204555,0.0009116558716901,0.0
2021-01-22,SPY,SPY (S&P 500 ETF),buy_and_hold_spy,Buy & Hold,11773.852021635752,0.17738520216357512,-0.0035394164744094,0.0
2021-01-25,SPY,SPY (S&P 500 ETF),buy_and_hold_spy,Buy & Hold,11820.285973017297,0.1820285973017297,0.0039438198557462,0.0
2021-01-26,SPY,SPY (S&P 500 ETF),buy_and_hold_spy,Buy & Hold,11801.835327946308,0.18018353279463084,-0.0015609305149728,0.0
2021-01-27,SPY,SPY (S&P 500 ETF),buy_and_hold_spy,Buy & Hold,11513.393027371596,0.15133930273715968,-0.0244404613824504,0.0
2021-01-28,SPY,SPY (S&P 500 ETF),buy_and_hold_spy,Buy & Hold,11612.410519532485,0.16124105195324856,0.0086002008205128,0.0
2021-01-29,SPY,SPY (S&P 500 ETF),buy_and_hold_spy,Buy & Hold,11379.934831578885,0.1379934831578884,-0.020019589176818,0.0
2021-02-01,SPY,SPY (S&P 500 ETF),buy_and_hold_spy,Buy & Hold,11569.359639992706,0.15693596399927068,0.0166455090663766,0.0
2021-02-02,SPY,SPY (S&P 500 ETF),buy_and_hold_spy,Buy & Hold,11732.952982243873,0.17329529822438716,0.0141402244671917,0.0
2021-02-03,SPY,SPY (S&P 500 ETF),buy_and_hold_spy,Buy & Hold,11742.17877399876,0.17421787739987593,0.0007863145594164,0.0
2021-02-04,SPY,SPY (S&P 500 ETF),buy_and_hold_spy,Buy & Hold,11875.636969791474,0.18756369697914743,0.0113657097512633,0.0
2021-02-05,SPY,SPY (S&P 500 ETF),buy_and_hold_spy,Buy & Hold,11922.377790657692,0.19223777906576922,0.0039358580078789,0.0
2021-02-08,SPY,SPY (S&P 500 ETF),buy_and_hold_spy,Buy & Hold,12008.480488176045,0.20084804881760454,0.0072219400383219,0.0
2021-02-09,SPY,SPY (S&P 500 ETF),buy_and_hold_spy,Buy & Hold,12000.484989676232,0.20004849896762322,-0.0006658210010571,0.0
2021-02-10,SPY,SPY (S&P 500 ETF),buy_and_hold_spy,Buy & Hold,11995.256947171249,0.1995256947171249,-0.0004356526014973,0.0
2021-02-11,SPY,SPY (S&P 500 ETF),buy_and_hold_spy,Buy & Hold,12014.630077573847,0.20146300775738468,0.0016150658954552,0.0
2021-02-12,SPY,SPY (S&P 500 ETF),buy_and_hold_spy,Buy & Hold,12073.97976203672,0.20739797620367217,0.0049397845859318,0.0
2021-02-16,SPY,SPY (S&P 500 ETF),buy_and_hold_spy,Buy & Hold,12063.523677026757,0.20635236770267573,-0.0008660015352055,0.0
2021-02-17,SPY,SPY (S&P 500 ETF),buy_and_hold_spy,Buy & Hold,12066.292071460372,0.20662920714603716,0.0002294847266632,0.0
2021-02-18,SPY,SPY (S&P 500 ETF),buy_and_hold_spy,Buy & Hold,12014.937885497313,0.2014937885497312,-0.0042560038874349,0.0
2021-02-19,SPY,SPY (S&P 500 ETF),buy_and_hold_spy,Buy & Hold,11993.719784431494,0.19937197844314936,-0.0017659767589335,0.0
2021-02-22,SPY,SPY (S&P 500 ETF),buy_and_hold_spy,Buy & Hold,11901.46749751534,0.1901467497515339,-0.0076917160459177,0.0
2021-02-23,SPY,SPY (S&P 500 ETF),buy_and_hold_spy,Buy & Hold,11915.920393336422,0.19159203933364233,0.0012143793044092,0.0
2021-02-24,SPY,SPY (S&P 500 ETF),buy_and_hold_spy,Buy & Hold,12047.22581054245,0.204722581054245,0.0110193264868951,0.0
2021-02-25,SPY,SPY (S&P 500 ETF),buy_and_hold_spy,Buy & Hold,11756.938539304518,0.17569385393045178,-0.0240957773850228,0.0
2021-02-26,SPY,SPY (S&P 500 ETF),buy_and_hold_spy,Buy & Hold,11696.35950002536,0.16963595000253617,-0.0051526202230824,0.0
2021-03-01,SPY,SPY (S&P 500 ETF),buy_and_hold_spy,Buy & Hold,11979.881566018554,0.19798815660185531,0.0242401976437693,0.0
2021-03-02,SPY,SPY (S&P 500 ETF),buy_and_hold_spy,Buy & Hold,11886.399924286115,0.1886399924286115,-0.0078032191902133,0.0
2021-03-03,SPY,SPY (S&P 500 ETF),buy_and_hold_spy,Buy & Hold,11728.956171432756,0.17289561714327562,-0.0132457055000878,0.0
2021-03-04,SPY,SPY (S&P 500 ETF),buy_and_hold_spy,Buy & Hold,11583.812535813791,0.1583812535813791,-0.012374812685589,0.0
2021-03-05,SPY,SPY (S&P 500 ETF),buy_and_hold_spy,Buy & Hold,11796.915093364792,0.17969150933647926,0.0183965820313605,0.0
2021-03-08,SPY,SPY (S&P 500 ETF),buy_and_hold_spy,Buy & Hold,11738.181024748854,0.17381810247488527,-0.0049787650543465,0.0
2021-03-09,SPY,SPY (S&P 500 ETF),buy_and_hold_spy,Buy & Hold,11905.773054688714,0.19057730546887153,0.0142775128093959,0.0
2021-03-10,SPY,SPY (S&P 500 ETF),buy_and_hold_spy,Buy & Hold,11979.881566018554,0.19798815660185531,0.0062245862565517,0.0
2021-03-11,SPY,SPY (S&P 500 ETF),buy_and_hold_spy,Buy & Hold,12101.347452500338,0.21013474525003395,0.0101391558683123,0.0
2021-03-12,SPY,SPY (S&P 500 ETF),buy_and_hold_spy,Buy & Hold,12117.64531898464,0.211764531898464,0.0013467811372471,0.0
2021-03-15,SPY,SPY (S&P 500 ETF),buy_and_hold_spy,Buy & Hold,12189.90979809005,0.21899097980900506,0.0059635743746513,0.0
2021-03-16,SPY,SPY (S&P 500 ETF),buy_and_hold_spy,Buy & Hold,12174.534416937357,0.2174534416937357,-0.0012613203384902,0.0
2021-03-17,SPY,SPY (S&P 500 ETF),buy_and_hold_spy,Buy & Hold,12216.048133737384,0.2216048133737385,0.0034098812634899,0.0
2021-03-18,SPY,SPY (S&P 500 ETF),buy_and_hold_spy,Buy & Hold,12038.308765149814,0.20383087651498144,-0.0145496617761927,0.0
2021-03-19,SPY,SPY (S&P 500 ETF),buy_and_hold_spy,Buy & Hold,11976.807240539045,0.19768072405390447,-0.0051088176761848,0.0
2021-03-22,SPY,SPY (S&P 500 ETF),buy_and_hold_spy,Buy & Hold,12072.441660858172,0.2072441660858173,0.0079849678130765,0.0
2021-03-23,SPY,SPY (S&P 500 ETF),buy_and_hold_spy,Buy & Hold,11977.42191794719,0.19774219179471886,-0.0078707974393498,0.0
2021-03-24,SPY,SPY (S&P 500 ETF),buy_and_hold_spy,Buy & Hold,11916.535070744563,0.19165350707445628,-0.0050834685143212,0.0
2021-03-25,SPY,SPY (S&P 500 ETF),buy_and_hold_spy,Buy & Hold,11983.572445783786,0.19835724457837856,0.0056255761126235,0.0
2021-03-26,SPY,SPY (S&P 500 ETF),buy_and_hold_spy,Buy & Hold,12176.687195524044,0.2176687195524043,0.0161149565886091,0.0
2021-03-29,SPY,SPY (S&P 500 ETF),buy_and_hold_spy,Buy & Hold,12170.536667687453,0.21705366676874527,-0.0005051068273195,0.0
2021-03-30,SPY,SPY (S&P 500 ETF),buy_and_hold_spy,Buy & Hold,12138.248742642314,0.21382487426423147,-0.002652958199523,0.0
2021-03-31,SPY,SPY (S&P 500 ETF),buy_and_hold_spy,Buy & Hold,12187.449211579897,0.2187449211579897,0.0040533416294838,0.0
2021-04-01,SPY,SPY (S&P 500 ETF),buy_and_hold_spy,Buy & Hold,12319.062436709391,0.23190624367093915,0.0107990788592942,0.0
2021-04-05,SPY,SPY (S&P 500 ETF),buy_and_hold_spy,Buy & Hold,12495.879319965352,0.24958793199653528,0.0143531120297812,0.0
2021-04-06,SPY,SPY (S&P 500 ETF),buy_and_hold_spy,Buy & Hold,12488.499437312474,0.24884994373124747,-0.0005905853012749,0.0
2021-04-07,SPY,SPY (S&P 500 ETF),buy_and_hold_spy,Buy & Hold,12502.952333133557,0.2502952333133557,0.0011572964304984,0.0
2021-04-08,SPY,SPY (S&P 500 ETF),buy_and_hold_spy,Buy & Hold,12562.30107915764,0.25623010791576406,0.0047467785561978,0.0
2021-04-09,SPY,SPY (S&P 500 ETF),buy_and_hold_spy,Buy & Hold,12653.630880742185,0.2653630880742184,0.0072701490761171,0.0
2021-04-12,SPY,SPY (S&P 500 ETF),buy_and_hold_spy,Buy & Hold,12658.244245839023,0.2658244245839023,0.0003645882466716,0.0
2021-04-13,SPY,SPY (S&P 500 ETF),buy_and_hold_spy,Buy & Hold,12695.759274950353,0.26957592749503534,0.0029636834605764,0.0
2021-04-14,SPY,SPY (S&P 500 ETF),buy_and_hold_spy,Buy & Hold,12652.4015259259,0.26524015259259004,-0.0034151363526561,0.0
2021-04-15,SPY,SPY (S&P 500 ETF),buy_and_hold_spy,Buy & Hold,12788.319369789975,0.27883193697899755,0.0107424541961909,0.0
2021-04-16,SPY,SPY (S&P 500 ETF),buy_and_hold_spy,Buy & Hold,12831.06337984508,0.283106337984508,0.0033424259137662,0.0
2021-04-19,SPY,SPY (S&P 500 ETF),buy_and_hold_spy,Buy & Hold,12768.023754055768,0.27680237540557684,-0.0049130476503088,0.0
2021-04-20,SPY,SPY (S&P 500 ETF),buy_and_hold_spy,Buy & Hold,12674.54211232333,0.26745421123233304,-0.0073215435319615,0.0
2021-04-21,SPY,SPY (S&P 500 ETF),buy_and_hold_spy,Buy & Hold,12794.469897626572,0.27944698976265725,0.0094621000301571,0.0
2021-04-22,SPY,SPY (S&P 500 ETF),buy_and_hold_spy,Buy & Hold,12677.616437802835,0.26776164378028344,-0.0091331224160692,0.0
2021-04-23,SPY,SPY (S&P 500 ETF),buy_and_hold_spy,Buy & Hold,12815.072382845456,0.2815072382845456,0.010842412350696,0.0
2021-04-26,SPY,SPY (S&P 500 ETF),buy_and_hold_spy,Buy & Hold,12841.825395900934,0.28418253959009343,0.0020876209088986,0.0
2021-04-27,SPY,SPY (S&P 500 ETF),buy_and_hold_spy,Buy & Hold,12839.057939906104,0.28390579399061044,-0.0002155033189995,0.0
2021-04-28,SPY,SPY (S&P 500 ETF),buy_and_hold_spy,Buy & Hold,12835.367998579664,0.28353679985796654,-0.0002873996942541,0.0
2021-04-29,SPY,SPY (S&P 500 ETF),buy_and_hold_spy,Buy & Hold,12917.165138924642,0.2917165138924642,0.0063727927671437,0.0
2021-04-30,SPY,SPY (S&P 500 ETF),buy_and_hold_spy,Buy & Hold,12832.292734661369,0.2832292734661368,-0.0065705132163649,0.0
2021-05-03,SPY,SPY (S&P 500 ETF),buy_and_hold_spy,Buy & Hold,12859.969171487248,0.2859969171487249,0.0021567803508037,0.0
2021-05-04,SPY,SPY (S&P 500 ETF),buy_and_hold_spy,Buy & Hold,12780.631679213631,0.2780631679213632,-0.0061693376722489,0.0
2021-05-05,SPY,SPY (S&P 500 ETF),buy_and_hold_spy,Buy & Hold,12784.629428463537,0.27846294284635364,0.0003127974696592,0.0
2021-05-06,SPY,SPY (S&P 500 ETF),buy_and_hold_spy,Buy & Hold,12886.722184542725,0.2886722184542725,0.0079855858670325,0.0
2021-05-07,SPY,SPY (S&P 500 ETF),buy_and_hold_spy,Buy & Hold,12980.511634198629,0.2980511634198628,0.0072779911223974,0.0
2021-05-10,SPY,SPY (S&P 500 ETF),buy_and_hold_spy,Buy & Hold,12851.973672987437,0.28519736729874356,-0.0099023801860433,0.0
2021-05-11,SPY,SPY (S&P 500 ETF),buy_and_hold_spy,Buy & Hold,12737.272991750384,0.27372729917503835,-0.0089247522719511,0.0
2021-05-12,SPY,SPY (S&P 500 ETF),buy_and_hold_spy,Buy & Hold,12466.66665883852,0.2466666658838519,-0.0212452330327793,0.0
2021-05-13,SPY,SPY (S&P 500 ETF),buy_and_hold_spy,Buy & Hold,12616.422721115536,0.26164227211155366,0.0120125183720094,0.0
2021-05-14,SPY,SPY (S&P 500 ETF),buy_and_hold_spy,Buy & Hold,12810.15214826394,0.281015214826394,0.0153553373591523,0.0
2021-05-17,SPY,SPY (S&P 500 ETF),buy_and_hold_spy,Buy & Hold,12777.556415295336,0.27775564152953347,-0.0025445234835108,0.0
2021-05-18,SPY,SPY (S&P 500 ETF),buy_and_hold_spy,Buy & Hold,12667.469099155129,0.26674690991551286,-0.0086156783474207,0.0
2021-05-19,SPY,SPY (S&P 500 ETF),buy_and_hold_spy,Buy & Hold,12634.25775033959,0.26342577503395903,-0.0026217825009539,0.0
2021-05-20,SPY,SPY (S&P 500 ETF),buy_and_hold_spy,Buy & Hold,12770.176532642456,0.27701765326424566,0.010757955472233,0.0
2021-05-21,SPY,SPY (S&P 500 ETF),buy_and_hold_spy,Buy & Hold,12759.721386071284,0.2759721386071283,-0.0008187158998506,0.0
2021-05-24,SPY,SPY (S&P 500 ETF),buy_and_hold_spy,Buy & Hold,12889.797448461022,0.2889797448461022,0.0101942713680043,0.0
2021-05-25,SPY,SPY (S&P 500 ETF),buy_and_hold_spy,Buy & Hold,12861.198526303531,0.2861198526303532,-0.0022187254898178,0.0
2021-05-26,SPY,SPY (S&P 500 ETF),buy_and_hold_spy,Buy & Hold,12886.722184542728,0.28867221845427293,0.0019845474111135,0.0
2021-05-27,SPY,SPY (S&P 500 ETF),buy_and_hold_spy,Buy & Hold,12893.48738978746,0.28934873897874613,0.0005249748654354,0.0
2021-05-28,SPY,SPY (S&P 500 ETF),buy_and_hold_spy,Buy & Hold,12916.5504615165,0.29165504615164983,0.001788738068438,0.0
2021-06-01,SPY,SPY (S&P 500 ETF),buy_and_hold_spy,Buy & Hold,12905.172829613712,0.29051728296137114,-0.000880856846159,0.0
2021-06-02,SPY,SPY (S&P 500 ETF),buy_and_hold_spy,Buy & Hold,12925.46750690913,0.29254675069091296,0.001572600193997,0.0
2021-06-03,SPY,SPY (S&P 500 ETF),buy_and_hold_spy,Buy & Hold,12877.496392787834,0.2877496392787835,-0.0037113639483951,0.0
2021-06-04,SPY,SPY (S&P 500 ETF),buy_and_hold_spy,Buy & Hold,12995.27233794318,0.299527233794318,0.009145872890425,0.0
2021-06-07,SPY,SPY (S&P 500 ETF),buy_and_hold_spy,Buy & Hold,12982.664412785318,0.29826644127853186,-0.0009701932233501,0.0
2021-06-08,SPY,SPY (S&P 500 ETF),buy_and_hold_spy,Buy & Hold,12985.431868780148,0.29854318687801484,0.0002131654879797,0.0
2021-06-09,SPY,SPY (S&P 500 ETF),buy_and_hold_spy,Buy & Hold,12966.05873837755,0.29660587383775483,-0.0014919126755557,0.0
2021-06-10,SPY,SPY (S&P 500 ETF),buy_and_hold_spy,Buy & Hold,13026.32996973324,0.30263299697332413,0.0046483848771483,0.0
2021-06-11,SPY,SPY (S&P 500 ETF),buy_and_hold_spy,Buy & Hold,13047.855878722528,0.30478558787225274,0.0016524922245406,0.0
2021-06-14,SPY,SPY (S&P 500 ETF),buy_and_hold_spy,Buy & Hold,13077.069478288158,0.3077069478288159,0.0022389578668837,0.0
2021-06-15,SPY,SPY (S&P 500 ETF),buy_and_hold_spy,Buy & Hold,13053.083921227511,0.30530839212275107,-0.0018341691233245,0.0
2021-06-16,SPY,SPY (S&P 500 ETF),buy_and_hold_spy,Buy & Hold,12980.203826275168,0.29802038262751696,-0.00558336216883,0.0
2021-06-17,SPY,SPY (S&P 500 ETF),buy_and_hold_spy,Buy & Hold,12975.899207540584,0.29758992075405843,-0.000331629517702,0.0
2021-06-18,SPY,SPY (S&P 500 ETF),buy_and_hold_spy,Buy & Hold,12759.10670866314,0.27591067086631393,-0.0167073198866603,0.0
2021-06-21,SPY,SPY (S&P 500 ETF),buy_and_hold_spy,Buy & Hold,12941.765373393437,0.2941765373393437,0.0143159445955785,0.0
2021-06-22,SPY,SPY (S&P 500 ETF),buy_and_hold_spy,Buy & Hold,13010.954588580553,0.3010954588580552,0.0053461960706966,0.0
2021-06-23,SPY,SPY (S&P 500 ETF),buy_and_hold_spy,Buy & Hold,12995.272337943185,0.29952723379431845,-0.0012053113036865,0.0
2021-06-24,SPY,SPY (S&P 500 ETF),buy_and_hold_spy,Buy & Hold,13072.149243706644,0.30721492437066455,0.0059157594980905,0.0
2021-06-25,SPY,SPY (S&P 500 ETF),buy_and_hold_spy,Buy & Hold,13118.582256649395,0.3118582256649396,0.0035520565193292,0.0
2021-06-28,SPY,SPY (S&P 500 ETF),buy_and_hold_spy,Buy & Hold,13145.0284002202,0.31450284002202,0.0020159300032134,0.0
2021-06-29,SPY,SPY (S&P 500 ETF),buy_and_hold_spy,Buy & Hold,13152.101413388402,0.3152101413388402,0.000538075153043,0.0
2021-06-30,SPY,SPY (S&P 500 ETF),buy_and_hold_spy,Buy & Hold,13163.17123736772,0.3163171237367719,0.000841677206659,0.0
2021-07-01,SPY,SPY (S&P 500 ETF),buy_and_hold_spy,Buy & Hold,13236.050393881278,0.3236050393881278,0.0055365956424442,0.0
2021-07-02,SPY,SPY (S&P 500 ETF),buy_and_hold_spy,Buy & Hold,13337.220664628854,0.3337220664628855,0.0076435392535483,0.0
2021-07-06,SPY,SPY (S&P 500 ETF),buy_and_hold_spy,Buy & Hold,13312.92729964474,0.3312927299644739,-0.0018214713241223,0.0
2021-07-07,SPY,SPY (S&P 500 ETF),buy_and_hold_spy,Buy & Hold,13359.975928434424,0.33599759284344244,0.0035340558639527,0.0
2021-07-08,SPY,SPY (S&P 500 ETF),buy_and_hold_spy,Buy & Hold,13251.118905549294,0.3251118905549295,-0.008147995435639,0.0
2021-07-09,SPY,SPY (S&P 500 ETF),buy_and_hold_spy,Buy & Hold,13392.57166140303,0.339257166140303,0.0106747782479332,0.0
2021-07-12,SPY,SPY (S&P 500 ETF),buy_and_hold_spy,Buy & Hold,13440.542775524327,0.3440542775524327,0.0035819195397361,0.0
2021-07-13,SPY,SPY (S&P 500 ETF),buy_and_hold_spy,Buy & Hold,13394.724439989715,0.3394724439989716,-0.0034089646750016,0.0
2021-07-14,SPY,SPY (S&P 500 ETF),buy_and_hold_spy,Buy & Hold,13414.712247800458,0.34147122478004577,0.0014922149313552,0.0
2021-07-15,SPY,SPY (S&P 500 ETF),buy_and_hold_spy,Buy & Hold,13368.893912265848,0.3368893912265849,-0.0034155287633637,0.0
2021-07-16,SPY,SPY (S&P 500 ETF),buy_and_hold_spy,Buy & Hold,13264.033700191832,0.3264033700191833,-0.0078435966926035,0.0
2021-07-19,SPY,SPY (S&P 500 ETF),buy_and_hold_spy,Buy & Hold,13068.15149445674,0.3068151494456741,-0.0147679212947309,0.0
2021-07-20,SPY,SPY (S&P 500 ETF),buy_and_hold_spy,Buy & Hold,13255.42352428388,0.325542352428388,0.0143304146654998,0.0
2021-07-21,SPY,SPY (S&P 500 ETF),buy_and_hold_spy,Buy & Hold,13362.743384429255,0.33627433844292565,0.0080962980887611,0.0
2021-07-22,SPY,SPY (S&P 500 ETF),buy_and_hold_spy,Buy & Hold,13390.72669073981,0.3390726690739809,0.0020941288405762,0.0
2021-07-23,SPY,SPY (S&P 500 ETF),buy_and_hold_spy,Buy & Hold,13528.4904437059,0.35284904437058984,0.0102879967717777,0.0
2021-07-26,SPY,SPY (S&P 500 ETF),buy_and_hold_spy,Buy & Hold,13561.700854082645,0.35617008540826456,0.0024548496755745,0.0
2021-07-27,SPY,SPY (S&P 500 ETF),buy_and_hold_spy,Buy & Hold,13499.8924599872,0.34998924599872017,-0.0045575694937142,0.0
2021-07-28,SPY,SPY (S&P 500 ETF),buy_and_hold_spy,Buy & Hold,13494.356609558748,0.34943566095587486,-0.0004100662612578,0.0
2021-07-29,SPY,SPY (S&P 500 ETF),buy_and_hold_spy,Buy & Hold,13550.32322217986,0.3550323222179861,0.0041474087457764,0.0
2021-07-30,SPY,SPY (S&P 500 ETF),buy_and_hold_spy,Buy & Hold,13484.517078834508,0.3484517078834508,-0.0048564260989462,0.0
2021-08-02,SPY,SPY (S&P 500 ETF),buy_and_hold_spy,Buy & Hold,13456.225964600486,0.34562259646004856,-0.0020980443028566,0.0
2021-08-03,SPY,SPY (S&P 500 ETF),buy_and_hold_spy,Buy & Hold,13565.69860333255,0.356569860333255,0.0081354637637667,0.0
2021-08-04,SPY,SPY (S&P 500 ETF),buy_and_hold_spy,Buy & Hold,13498.969974655589,0.3498969974655588,-0.004918923133127,0.0
2021-08-05,SPY,SPY (S&P 500 ETF),buy_and_hold_spy,Buy & Hold,13584.457056327004,0.3584457056327004,0.0063328596057268,0.0
2021-08-06,SPY,SPY (S&P 500 ETF),buy_and_hold_spy,Buy & Hold,13606.904512209108,0.3606904512209108,0.001652436736266,0.0
2021-08-09,SPY,SPY (S&P 500 ETF),buy_and_hold_spy,Buy & Hold,13595.834688229788,0.35958346882297887,-0.0008135446213639,0.0
2021-08-10,SPY,SPY (S&P 500 ETF),buy_and_hold_spy,Buy & Hold,13612.747232122234,0.3612747232122233,0.0012439503921806,0.0
2021-08-11,SPY,SPY (S&P 500 ETF),buy_and_hold_spy,Buy & Hold,13646.573258345914,0.3646573258345913,0.0024848787424671,0.0
2021-08-12,SPY,SPY (S&P 500 ETF),buy_and_hold_spy,Buy & Hold,13687.471359299008,0.3687471359299008,0.0029969502364324,0.0
2021-08-13,SPY,SPY (S&P 500 ETF),buy_and_hold_spy,Buy & Hold,13712.380340130054,0.3712380340130055,0.0018198380239258,0.0
2021-08-16,SPY,SPY (S&P 500 ETF),buy_and_hold_spy,Buy & Hold,13744.66826517519,0.37446682651751906,0.0023546550084119,0.0
2021-08-17,SPY,SPY (S&P 500 ETF),buy_and_hold_spy,Buy & Hold,13654.568756845723,0.3654568756845724,-0.0065552333887716,0.0
2021-08-18,SPY,SPY (S&P 500 ETF),buy_and_hold_spy,Buy & Hold,13505.119564053388,0.3505119564053387,-0.0109449954409882,0.0
2021-08-19,SPY,SPY (S&P 500 ETF),buy_and_hold_spy,Buy & Hold,13526.029857195736,0.3526029857195736,0.001548323437136,0.0
2021-08-20,SPY,SPY (S&P 500 ETF),buy_and_hold_spy,Buy & Hold,13633.657525264582,0.3633657525264582,0.0079570775168433,0.0
2021-08-23,SPY,SPY (S&P 500 ETF),buy_and_hold_spy,Buy & Hold,13753.586249006612,0.3753586249006613,0.0087965187272593,0.0
2021-08-24,SPY,SPY (S&P 500 ETF),buy_and_hold_spy,Buy & Hold,13775.419027480575,0.37754190274805755,0.0015874244054374,0.0
2021-08-25,SPY,SPY (S&P 500 ETF),buy_and_hold_spy,Buy & Hold,13804.32481912274,0.38043248191227397,0.0020983602447592,0.0
2021-08-26,SPY,SPY (S&P 500 ETF),buy_and_hold_spy,Buy & Hold,13722.835486701231,0.37228354867012303,-0.0059031740769114,0.0
2021-08-27,SPY,SPY (S&P 500 ETF),buy_and_hold_spy,Buy & Hold,13845.530727999305,0.38455307279993045,0.0089409540336597,0.0
2021-08-30,SPY,SPY (S&P 500 ETF),buy_and_hold_spy,Buy & Hold,13906.417575201927,0.3906417575201928,0.0043975813133327,0.0
2021-08-31,SPY,SPY (S&P 500 ETF),buy_and_hold_spy,Buy & Hold,13885.814151544251,0.3885814151544251,-0.0014815766566952,0.0
2021-09-01,SPY,SPY (S&P 500 ETF),buy_and_hold_spy,Buy & Hold,13893.194034197131,0.38931940341971316,0.0005314692082394,0.0
2021-09-02,SPY,SPY (S&P 500 ETF),buy_and_hold_spy,Buy & Hold,13935.938044252238,0.39359380442522385,0.0030766150641741,0.0
2021-09-03,SPY,SPY (S&P 500 ETF),buy_and_hold_spy,Buy & Hold,13932.554972410471,0.39325549724104714,-0.0002427588175996,0.0
2021-09-07,SPY,SPY (S&P 500 ETF),buy_and_hold_spy,Buy & Hold,13882.738887625956,0.3882738887625956,-0.0035755168296958,0.0
2021-09-08,SPY,SPY (S&P 500 ETF),buy_and_hold_spy,Buy & Hold,13865.826343733514,0.3865826343733514,-0.0012182425981892,0.0
2021-09-09,SPY,SPY (S&P 500 ETF),buy_and_hold_spy,Buy & Hold,13806.477597709432,0.38064775977094323,-0.0042802170280247,0.0
2021-09-10,SPY,SPY (S&P 500 ETF),buy_and_hold_spy,Buy & Hold,13697.619636385512,0.3697619636385512,-0.007884557125706,0.0
2021-09-13,SPY,SPY (S&P 500 ETF),buy_and_hold_spy,Buy & Hold,13732.675017425478,0.37326750174254775,0.0025592316015876,0.0
2021-09-14,SPY,SPY (S&P 500 ETF),buy_and_hold_spy,Buy & Hold,13658.566506095636,0.3658566506095635,-0.0053965095100411,0.0
2021-09-15,SPY,SPY (S&P 500 ETF),buy_and_hold_spy,Buy & Hold,13772.65157148575,0.377265157148575,0.0083526382757077,0.0
2021-09-16,SPY,SPY (S&P 500 ETF),buy_and_hold_spy,Buy & Hold,13750.81879301179,0.375081879301179,-0.0015852269521696,0.0
2021-09-17,SPY,SPY (S&P 500 ETF),buy_and_hold_spy,Buy & Hold,13573.386293908894,0.35733862939088934,-0.0129034133729597,0.0
2021-09-20,SPY,SPY (S&P 500 ETF),buy_and_hold_spy,Buy & Hold,13347.061133791884,0.33470611337918843,-0.0166741854402665,0.0
2021-09-21,SPY,SPY (S&P 500 ETF),buy_and_hold_spy,Buy & Hold,13334.453208634024,0.3334453208634025,-0.0009446218183523,0.0
2021-09-22,SPY,SPY (S&P 500 ETF),buy_and_hold_spy,Buy & Hold,13464.528332584972,0.3464528332584973,0.0097548149830939,0.0
2021-09-23,SPY,SPY (S&P 500 ETF),buy_and_hold_spy,Buy & Hold,13628.122613274929,0.3628122613274929,0.0121500194176165,0.0
2021-09-24,SPY,SPY (S&P 500 ETF),buy_and_hold_spy,Buy & Hold,13650.57100759582,0.365057100759582,0.0016472110618543,0.0
2021-09-27,SPY,SPY (S&P 500 ETF),buy_and_hold_spy,Buy & Hold,13611.517877305949,0.361151787730595,-0.0028609155080868,0.0
2021-09-28,SPY,SPY (S&P 500 ETF),buy_and_hold_spy,Buy & Hold,13337.220664628852,0.33372206646288527,-0.0201518460431531,0.0
2021-09-29,SPY,SPY (S&P 500 ETF),buy_and_hold_spy,Buy & Hold,13359.669058949748,0.3359669058949748,0.0016831388551912,0.0
2021-09-30,SPY,SPY (S&P 500 ETF),buy_and_hold_spy,Buy & Hold,13196.38258618326,0.31963825861832595,-0.0122223441348723,0.0
2021-10-01,SPY,SPY (S&P 500 ETF),buy_and_hold_spy,Buy & Hold,13353.210723189686,0.33532107231896857,0.0118841762871158,0.0
2021-10-04,SPY,SPY (S&P 500 ETF),buy_and_hold_spy,Buy & Hold,13181.007205030568,0.3181007205030568,-0.012896038393228,0.0
2021-10-05,SPY,SPY (S&P 500 ETF),buy_and_hold_spy,Buy & Hold,13318.15534214972,0.331815534214972,0.0104049815758244,0.0
2021-10-06,SPY,SPY (S&P 500 ETF),buy_and_hold_spy,Buy & Hold,13373.506338923897,0.33735063389238973,0.0041560558014366,0.0
2021-10-07,SPY,SPY (S&P 500 ETF),buy_and_hold_spy,Buy & Hold,13489.129505492554,0.3489129505492554,0.0086456882464798,0.0
2021-10-08,SPY,SPY (S&P 500 ETF),buy_and_hold_spy,Buy & Hold,13464.528332584972,0.3464528332584973,-0.0018237776498153,0.0
2021-10-11,SPY,SPY (S&P 500 ETF),buy_and_hold_spy,Buy & Hold,13367.048941602628,0.33670489416026284,-0.0072397182117726,0.0
2021-10-12,SPY,SPY (S&P 500 ETF),buy_and_hold_spy,Buy & Hold,13334.145400710557,0.33341454007105575,-0.002461541140144,0.0
2021-10-13,SPY,SPY (S&P 500 ETF),buy_and_hold_spy,Buy & Hold,13382.116514831852,0.3382116514831852,0.0035976144461977,0.0
2021-10-14,SPY,SPY (S&P 500 ETF),buy_and_hold_spy,Buy & Hold,13607.212320132574,0.36072123201325734,0.0168206430613004,0.0
2021-10-15,SPY,SPY (S&P 500 ETF),buy_and_hold_spy,Buy & Hold,13710.842238951513,0.3710842238951513,0.007615808174435,0.0
2021-10-18,SPY,SPY (S&P 500 ETF),buy_and_hold_spy,Buy & Hold,13751.433470419932,0.37514334704199315,0.0029605206420582,0.0
2021-10-19,SPY,SPY (S&P 500 ETF),buy_and_hold_spy,Buy & Hold,13857.523975749022,0.3857523975749022,0.0077148688212975,0.0
2021-10-20,SPY,SPY (S&P 500 ETF),buy_and_hold_spy,Buy & Hold,13911.952487191587,0.3911952487191588,0.0039277226969129,0.0
2021-10-21,SPY,SPY (S&P 500 ETF),buy_and_hold_spy,Buy & Hold,13948.23816148663,0.394823816148663,0.002608237364845,0.0
2021-10-22,SPY,SPY (S&P 500 ETF),buy_and_hold_spy,Buy & Hold,13933.785265665549,0.3933785265665548,-0.0010361807458226,0.0
2021-10-25,SPY,SPY (S&P 500 ETF),buy_and_hold_spy,Buy & Hold,14008.509392842325,0.40085093928423254,0.0053628016904283,0.0
2021-10-26,SPY,SPY (S&P 500 ETF),buy_and_hold_spy,Buy & Hold,14021.117318000186,0.4021117318000187,0.0009000190387353,0.0
2021-10-27,SPY,SPY (S&P 500 ETF),buy_and_hold_spy,Buy & Hold,13959.001115981277,0.39590011159812777,-0.0044301891646798,0.0
2021-10-28,SPY,SPY (S&P 500 ETF),buy_and_hold_spy,Buy & Hold,14093.689605029069,0.40936896050290694,0.0096488629758464,0.0
2021-10-29,SPY,SPY (S&P 500 ETF),buy_and_hold_spy,Buy & Hold,14122.287588747764,0.4122287588747764,0.0020291339259019,0.0
2021-11-01,SPY,SPY (S&P 500 ETF),buy_and_hold_spy,Buy & Hold,14146.58095373188,0.414658095373188,0.0017202145779464,0.0
2021-11-02,SPY,SPY (S&P 500 ETF),buy_and_hold_spy,Buy & Hold,14203.776921169276,0.42037769211692755,0.004043094767878,0.0
2021-11-03,SPY,SPY (S&P 500 ETF),buy_and_hold_spy,Buy & Hold,14290.494296095769,0.4290494296095768,0.0061052335169562,0.0
2021-11-04,SPY,SPY (S&P 500 ETF),buy_and_hold_spy,Buy & Hold,14357.838540619665,0.4357838540619665,0.0047125203039544,0.0
2021-11-05,SPY,SPY (S&P 500 ETF),buy_and_hold_spy,Buy & Hold,14407.654625404182,0.44076546254041826,0.003469608927805,0.0
2021-11-08,SPY,SPY (S&P 500 ETF),buy_and_hold_spy,Buy & Hold,14419.95474263858,0.4419954742638579,0.0008537209944434,0.0
2021-11-09,SPY,SPY (S&P 500 ETF),buy_and_hold_spy,Buy & Hold,14372.29143644075,0.43722914364407495,-0.0033053714140235,0.0
2021-11-10,SPY,SPY (S&P 500 ETF),buy_and_hold_spy,Buy & Hold,14256.66826987209,0.42566682698720903,-0.0080448665461582,0.0
2021-11-11,SPY,SPY (S&P 500 ETF),buy_and_hold_spy,Buy & Hold,14261.28069653014,0.4261280696530141,0.00032352766935,0.0
2021-11-12,SPY,SPY (S&P 500 ETF),buy_and_hold_spy,Buy & Hold,14368.908364598983,0.43689083645989824,0.0075468445197233,0.0
2021-11-15,SPY,SPY (S&P 500 ETF),buy_and_hold_spy,Buy & Hold,14373.8285991805,0.43738285991805004,0.0003424222951855,0.0
2021-11-16,SPY,SPY (S&P 500 ETF),buy_and_hold_spy,Buy & Hold,14430.717697133216,0.4430717697133215,0.0039578249844971,0.0
2021-11-17,SPY,SPY (S&P 500 ETF),buy_and_hold_spy,Buy & Hold,14395.66231609325,0.43956623160932495,-0.0024292195146282,0.0
2021-11-18,SPY,SPY (S&P 500 ETF),buy_and_hold_spy,Buy & Hold,14444.555915546156,0.44445559155461556,0.0033964119454403,0.0
2021-11-19,SPY,SPY (S&P 500 ETF),buy_and_hold_spy,Buy & Hold,14418.72538782229,0.4418725387822289,-0.0017882535035962,0.0
2021-11-22,SPY,SPY (S&P 500 ETF),buy_and_hold_spy,Buy & Hold,14378.134156353874,0.43781341563538745,-0.0028151747381705,0.0
2021-11-23,SPY,SPY (S&P 500 ETF),buy_and_hold_spy,Buy & Hold,14397.199478833005,0.4397199478833005,0.0013259941986774,0.0
2021-11-24,SPY,SPY (S&P 500 ETF),buy_and_hold_spy,Buy & Hold,14435.637931714737,0.44356379317147376,0.002669856241017,0.0
2021-11-26,SPY,SPY (S&P 500 ETF),buy_and_hold_spy,Buy & Hold,14113.677412839808,0.4113677412839809,-0.0223031722184987,0.0
2021-11-29,SPY,SPY (S&P 500 ETF),buy_and_hold_spy,Buy & Hold,14286.804354769329,0.4286804354769329,0.0122666075513402,0.0
2021-11-30,SPY,SPY (S&P 500 ETF),buy_and_hold_spy,Buy & Hold,14008.817200765792,0.4008817200765793,-0.0194576160700861,0.0
2021-12-01,SPY,SPY (S&P 500 ETF),buy_and_hold_spy,Buy & Hold,13853.21841857565,0.385321841857565,-0.0111072034105517,0.0
2021-12-02,SPY,SPY (S&P 500 ETF),buy_and_hold_spy,Buy & Hold,14065.398490795043,0.40653984907950425,0.015316301657013,0.0
2021-12-03,SPY,SPY (S&P 500 ETF),buy_and_hold_spy,Buy & Hold,13943.01105742044,0.3943011057420438,-0.0087013129030577,0.0
2021-12-06,SPY,SPY (S&P 500 ETF),buy_and_hold_spy,Buy & Hold,14108.142500850148,0.41081425008501493,0.0118433129508153,0.0
2021-12-07,SPY,SPY (S&P 500 ETF),buy_and_hold_spy,Buy & Hold,14399.966934827831,0.43999669348278303,0.0206848232472913,0.0
2021-12-08,SPY,SPY (S&P 500 ETF),buy_and_hold_spy,Buy & Hold,14438.097579786096,0.44380975797860955,0.002647967535678,0.0
2021-12-09,SPY,SPY (S&P 500 ETF),buy_and_hold_spy,Buy & Hold,14340.61818880375,0.4340618188803751,-0.0067515398371333,0.0
2021-12-10,SPY,SPY (S&P 500 ETF),buy_and_hold_spy,Buy & Hold,14475.613547336216,0.44756135473362146,0.0094134964584624,0.0
2021-12-13,SPY,SPY (S&P 500 ETF),buy_and_hold_spy,Buy & Hold,14347.38339404849,0.43473833940484896,-0.008858357047762,0.0
2021-12-14,SPY,SPY (S&P 500 ETF),buy_and_hold_spy,Buy & Hold,14248.672771372274,0.4248672771372275,-0.0068800435567339,0.0
2021-12-15,SPY,SPY (S&P 500 ETF),buy_and_hold_spy,Buy & Hold,14471.308928601637,0.4471308928601636,0.015625045279773,0.0
2021-12-16,SPY,SPY (S&P 500 ETF),buy_and_hold_spy,Buy & Hold,14343.69345272205,0.43436934527220483,-0.008818516452742,0.0
2021-12-17,SPY,SPY (S&P 500 ETF),buy_and_hold_spy,Buy & Hold,14141.352911226895,0.41413529112268943,-0.0141065857383305,0.0
2021-12-20,SPY,SPY (S&P 500 ETF),buy_and_hold_spy,Buy & Hold,13990.982171541737,0.3990982171541737,-0.0106334054902044,0.0
2021-12-21,SPY,SPY (S&P 500 ETF),buy_and_hold_spy,Buy & Hold,14239.447918056176,0.4239447918056176,0.017758992432985,0.0
2021-12-22,SPY,SPY (S&P 500 ETF),buy_and_hold_spy,Buy & Hold,14381.824097680314,0.43818240976803136,0.0099987148689661,0.0
2021-12-23,SPY,SPY (S&P 500 ETF),buy_and_hold_spy,Buy & Hold,14471.308928601637,0.4471308928601636,0.0062220779724149,0.0
2021-12-27,SPY,SPY (S&P 500 ETF),buy_and_hold_spy,Buy & Hold,14676.109118168151,0.467610911816815,0.0141521537945845,0.0
2021-12-28,SPY,SPY (S&P 500 ETF),buy_and_hold_spy,Buy & Hold,14664.11587041843,0.46641158704184305,-0.0008171953242616,0.0
2021-12-29,SPY,SPY (S&P 500 ETF),buy_and_hold_spy,Buy & Hold,14682.874323412889,0.4682874323412889,0.0012792079086265,0.0
2021-12-30,SPY,SPY (S&P 500 ETF),buy_and_hold_spy,Buy & Hold,14642.28309194447,0.464228309194447,-0.0027645289726202,0.0
2021-12-31,SPY,SPY (S&P 500 ETF),buy_and_hold_spy,Buy & Hold,14605.381801802492,0.4605381801802493,-0.0025201869073463,0.0
2022-01-03,SPY,SPY (S&P 500 ETF),buy_and_hold_spy,Buy & Hold,14689.9463981423,0.46899463981422995,0.0057899613640617,0.0
2022-01-04,SPY,SPY (S&P 500 ETF),buy_and_hold_spy,Buy & Hold,14685.026163560784,0.46850261635607837,-0.0003349389063895,0.0
2022-01-05,SPY,SPY (S&P 500 ETF),buy_and_hold_spy,Buy & Hold,14403.042198746132,0.4403042198746132,-0.0192021424867708,0.0
2022-01-06,SPY,SPY (S&P 500 ETF),buy_and_hold_spy,Buy & Hold,14389.51178825666,0.4389511788256659,-0.0009394133755054,0.0
2022-01-07,SPY,SPY (S&P 500 ETF),buy_and_hold_spy,Buy & Hold,14332.62269030394,0.433262269030394,-0.003953511334495,0.0
2022-01-10,SPY,SPY (S&P 500 ETF),buy_and_hold_spy,Buy & Hold,14314.787661079885,0.4314787661079884,-0.0012443660598223,0.0
2022-01-11,SPY,SPY (S&P 500 ETF),buy_and_hold_spy,Buy & Hold,14445.1705929543,0.44451705929542995,0.0091082686632446,0.0
2022-01-12,SPY,SPY (S&P 500 ETF),buy_and_hold_spy,Buy & Hold,14484.223723244171,0.4484223723244172,0.0027035423388437,0.0
2022-01-13,SPY,SPY (S&P 500 ETF),buy_and_hold_spy,Buy & Hold,14284.65157618264,0.42846515761826387,-0.0137785877154921,0.0
2022-01-14,SPY,SPY (S&P 500 ETF),buy_and_hold_spy,Buy & Hold,14290.494296095769,0.4290494296095768,0.0004090208208415,0.0
2022-01-18,SPY,SPY (S&P 500 ETF),buy_and_hold_spy,Buy & Hold,14037.41518448449,0.40374151844844897,-0.0177096121636898,0.0
2022-01-19,SPY,SPY (S&P 500 ETF),buy_and_hold_spy,Buy & Hold,13891.65687145738,0.38916568714573807,-0.0103835578781067,0.0
2022-01-20,SPY,SPY (S&P 500 ETF),buy_and_hold_spy,Buy & Hold,13737.90305993046,0.3737903059930461,-0.0110680686220254,0.0
2022-01-21,SPY,SPY (S&P 500 ETF),buy_and_hold_spy,Buy & Hold,13468.219212350205,0.34682192123502054,-0.0196306413288682,0.0
2022-01-24,SPY,SPY (S&P 500 ETF),buy_and_hold_spy,Buy & Hold,13525.415179787597,0.35254151797875966,0.0042467357068962,0.0
2022-01-25,SPY,SPY (S&P 500 ETF),buy_and_hold_spy,Buy & Hold,13360.28373635789,0.33602837363578897,-0.0122089740857995,0.0
2022-01-26,SPY,SPY (S&P 500 ETF),buy_and_hold_spy,Buy & Hold,13326.765518057677,0.3326765518057677,-0.0025087953939929,0.0
2022-01-27,SPY,SPY (S&P 500 ETF),buy_and_hold_spy,Buy & Hold,13260.958436273531,0.3260958436273531,-0.0049379635062216,0.0
2022-01-28,SPY,SPY (S&P 500 ETF),buy_and_hold_spy,Buy & Hold,13590.299776240132,0.3590299776240131,0.0248354100157444,0.0
2022-01-31,SPY,SPY (S&P 500 ETF),buy_and_hold_spy,Buy & Hold,13835.07558142813,0.3835075581428129,0.0180110673949913,0.0
2022-02-01,SPY,SPY (S&P 500 ETF),buy_and_hold_spy,Buy & Hold,13928.55816159936,0.39285581615993603,0.0067569258744577,0.0
2022-02-02,SPY,SPY (S&P 500 ETF),buy_and_hold_spy,Buy & Hold,14063.86132805529,0.40638613280552915,0.0097140827418129,0.0
2022-02-03,SPY,SPY (S&P 500 ETF),buy_and_hold_spy,Buy & Hold,13733.290633272409,0.3733290633272408,-0.0235049739948333,0.0
2022-02-04,SPY,SPY (S&P 500 ETF),buy_and_hold_spy,Buy & Hold,13797.867421801477,0.37978674218014774,0.0047022079597305,0.0
2022-02-07,SPY,SPY (S&P 500 ETF),buy_and_hold_spy,Buy & Hold,13753.586249006616,0.3753586249006615,-0.0032092765817484,0.0
2022-02-08,SPY,SPY (S&P 500 ETF),buy_and_hold_spy,Buy & Hold,13866.748829065124,0.3866748829065123,0.0082278598475855,0.0
2022-02-09,SPY,SPY (S&P 500 ETF),buy_and_hold_spy,Buy & Hold,14069.704047968416,0.40697040479684166,0.0146361069494453,0.0
2022-02-10,SPY,SPY (S&P 500 ETF),buy_and_hold_spy,Buy & Hold,13816.932744280606,0.38169327442806056,-0.0179656446806576,0.0
2022-02-11,SPY,SPY (S&P 500 ETF),buy_and_hold_spy,Buy & Hold,13544.480502266728,0.3544480502266727,-0.01971872101112,0.0
2022-02-14,SPY,SPY (S&P 500 ETF),buy_and_hold_spy,Buy & Hold,13500.19932947187,0.35001993294718714,-0.0032693149646785,0.0
2022-02-15,SPY,SPY (S&P 500 ETF),buy_and_hold_spy,Buy & Hold,13717.915252119716,0.3717915252119717,0.016126867265771,0.0
2022-02-16,SPY,SPY (S&P 500 ETF),buy_and_hold_spy,Buy & Hold,13733.290633272409,0.3733290633272408,0.0011208249118113,0.0
2022-02-17,SPY,SPY (S&P 500 ETF),buy_and_hold_spy,Buy & Hold,13439.92809811618,0.34399280981161784,-0.0213614160648054,0.0
2022-02-18,SPY,SPY (S&P 500 ETF),buy_and_hold_spy,Buy & Hold,13352.90385370501,0.33529038537050093,-0.006475052825868,0.0
2022-02-22,SPY,SPY (S&P 500 ETF),buy_and_hold_spy,Buy & Hold,13209.605188749263,0.32096051887492627,-0.0107316480763832,0.0
2022-02-23,SPY,SPY (S&P 500 ETF),buy_and_hold_spy,Buy & Hold,12975.284530132443,0.29752845301324427,-0.0177386572322687,0.0
2022-02-24,SPY,SPY (S&P 500 ETF),buy_and_hold_spy,Buy & Hold,13170.551120020602,0.31705511200206016,0.0150491181472507,0.0
2022-02-25,SPY,SPY (S&P 500 ETF),buy_and_hold_spy,Buy & Hold,13461.146199181998,0.3461146199181997,0.0220640029800773,0.0
2022-02-28,SPY,SPY (S&P 500 ETF),buy_and_hold_spy,Buy & Hold,13426.705495550174,0.3426705495550173,-0.0025585268239577,0.0
2022-03-01,SPY,SPY (S&P 500 ETF),buy_and_hold_spy,Buy & Hold,13222.213113907124,0.3222213113907124,-0.0152302723635981,0.0
2022-03-02,SPY,SPY (S&P 500 ETF),buy_and_hold_spy,Buy & Hold,13465.451756355367,0.34654517563553666,0.0183962125215184,0.0
2022-03-03,SPY,SPY (S&P 500 ETF),buy_and_hold_spy,Buy & Hold,13398.41438131615,0.33984143813161505,-0.0049784720373439,0.0
2022-03-04,SPY,SPY (S&P 500 ETF),buy_and_hold_spy,Buy & Hold,13289.55735843102,0.3289557358431021,-0.0081246198085148,0.0
2022-03-07,SPY,SPY (S&P 500 ETF),buy_and_hold_spy,Buy & Hold,12897.792008522048,0.2897792008522049,-0.0294791872552799,0.0
2022-03-08,SPY,SPY (S&P 500 ETF),buy_and_hold_spy,Buy & Hold,12800.004809616232,0.2800004809616232,-0.0075817007159987,0.0
2022-03-09,SPY,SPY (S&P 500 ETF),buy_and_hold_spy,Buy & Hold,13143.183429556975,0.3143183429556975,0.0268108196086711,0.0
2022-03-10,SPY,SPY (S&P 500 ETF),buy_and_hold_spy,Buy & Hold,13083.834683532894,0.30838346835328934,-0.0045155533544951,0.0
2022-03-11,SPY,SPY (S&P 500 ETF),buy_and_hold_spy,Buy & Hold,12917.472946848113,0.2917472946848112,-0.012715059514942,0.0
2022-03-14,SPY,SPY (S&P 500 ETF),buy_and_hold_spy,Buy & Hold,12823.06788134527,0.28230678813452714,-0.0073083230668483,0.0
2022-03-15,SPY,SPY (S&P 500 ETF),buy_and_hold_spy,Buy & Hold,13105.052784598714,0.3105052784598714,0.0219904398746628,0.0
2022-03-16,SPY,SPY (S&P 500 ETF),buy_and_hold_spy,Buy & Hold,13395.646925321322,0.3395646925321323,0.0221742060485341,0.0
2022-03-17,SPY,SPY (S&P 500 ETF),buy_and_hold_spy,Buy & Hold,13563.238955261184,0.3563238955261183,0.0125109321613328,0.0
2022-03-18,SPY,SPY (S&P 500 ETF),buy_and_hold_spy,Buy & Hold,13669.328522151483,0.36693285221514826,0.007821846038416,0.0
2022-03-21,SPY,SPY (S&P 500 ETF),buy_and_hold_spy,Buy & Hold,13665.331711340366,0.3665331711340367,-0.0002923926222594,0.0
2022-03-22,SPY,SPY (S&P 500 ETF),buy_and_hold_spy,Buy & Hold,13825.23511226509,0.38252351122650907,0.0117013918361035,0.0
2022-03-23,SPY,SPY (S&P 500 ETF),buy_and_hold_spy,Buy & Hold,13647.187935754057,0.3647187935754057,-0.012878419431224,0.0
2022-03-24,SPY,SPY (S&P 500 ETF),buy_and_hold_spy,Buy & Hold,13852.910610652178,0.3852910610652178,0.0150743637346089,0.0
2022-03-25,SPY,SPY (S&P 500 ETF),buy_and_hold_spy,Buy & Hold,13920.56266309954,0.3920562663099538,0.0048835984255426,0.0
2022-03-28,SPY,SPY (S&P 500 ETF),buy_and_hold_spy,Buy & Hold,14019.580155260428,0.4019580155260427,0.0071130380687385,0.0
2022-03-29,SPY,SPY (S&P 500 ETF),buy_and_hold_spy,Buy & Hold,14193.013966674627,0.4193013966674628,0.0123708277632781,0.0
2022-03-30,SPY,SPY (S&P 500 ETF),buy_and_hold_spy,Buy & Hold,14105.375044855316,0.4105375044855317,-0.0061747928963565,0.0
2022-03-31,SPY,SPY (S&P 500 ETF),buy_and_hold_spy,Buy & Hold,13888.274738054402,0.38882747380544025,-0.0153913175729486,0.0
2022-04-01,SPY,SPY (S&P 500 ETF),buy_and_hold_spy,Buy & Hold,13927.635676267742,0.3927635676267742,0.002834112872601,0.0
2022-04-04,SPY,SPY (S&P 500 ETF),buy_and_hold_spy,Buy & Hold,14046.947845724051,0.40469478457240515,0.0085665774313448,0.0
2022-04-05,SPY,SPY (S&P 500 ETF),buy_and_hold_spy,Buy & Hold,13869.516285059946,0.3869516285059946,-0.0126313247982988,0.0
2022-04-06,SPY,SPY (S&P 500 ETF),buy_and_hold_spy,Buy & Hold,13730.83004676225,0.373083004676225,-0.0099993565346678,0.0
2022-04-07,SPY,SPY (S&P 500 ETF),buy_and_hold_spy,Buy & Hold,13800.019261949365,0.38000192619493656,0.00503896814333,0.0
2022-04-08,SPY,SPY (S&P 500 ETF),buy_and_hold_spy,Buy & Hold,13763.11891024618,0.37631189102461793,-0.0026739347969556,0.0
2022-04-11,SPY,SPY (S&P 500 ETF),buy_and_hold_spy,Buy & Hold,13527.875766297746,0.35278757662977456,-0.0170922844947087,0.0
2022-04-12,SPY,SPY (S&P 500 ETF),buy_and_hold_spy,Buy & Hold,13477.751873589765,0.3477751873589765,-0.0037052301169749,0.0
2022-04-13,SPY,SPY (S&P 500 ETF),buy_and_hold_spy,Buy & Hold,13632.120362524827,0.36321203625248266,0.0114535784886762,0.0
2022-04-14,SPY,SPY (S&P 500 ETF),buy_and_hold_spy,Buy & Hold,13462.376492437072,0.34623764924370715,-0.012451758462637,0.0
2022-04-18,SPY,SPY (S&P 500 ETF),buy_and_hold_spy,Buy & Hold,13467.911404426732,0.3467911404426731,0.0004111392957082,0.0
2022-04-19,SPY,SPY (S&P 500 ETF),buy_and_hold_spy,Buy & Hold,13685.319519151108,0.3685319519151107,0.0161426748510475,0.0
2022-04-20,SPY,SPY (S&P 500 ETF),buy_and_hold_spy,Buy & Hold,13675.171242064607,0.36751712420646077,-0.0007415447679024,0.0
2022-04-21,SPY,SPY (S&P 500 ETF),buy_and_hold_spy,Buy & Hold,13470.67886042156,0.3470678860421559,-0.014953551807383,0.0
2022-04-22,SPY,SPY (S&P 500 ETF),buy_and_hold_spy,Buy & Hold,13101.055035348803,0.3101055035348803,-0.0274391386583161,0.0
2022-04-25,SPY,SPY (S&P 500 ETF),buy_and_hold_spy,Buy & Hold,13177.009455780655,0.3177009455780655,0.0057975804411869,0.0
2022-04-26,SPY,SPY (S&P 500 ETF),buy_and_hold_spy,Buy & Hold,12795.392382958184,0.2795392382958184,-0.0289608256033435,0.0
2022-04-27,SPY,SPY (S&P 500 ETF),buy_and_hold_spy,Buy & Hold,12831.37024932976,0.2831370249329761,0.0028117829680232,0.0
2022-04-28,SPY,SPY (S&P 500 ETF),buy_and_hold_spy,Buy & Hold,13155.483546791367,0.31554835467913667,0.0252594454967536,0.0
2022-04-29,SPY,SPY (S&P 500 ETF),buy_and_hold_spy,Buy & Hold,12669.314069818343,0.26693140698183426,-0.0369556523896531,0.0
2022-05-02,SPY,SPY (S&P 500 ETF),buy_and_hold_spy,Buy & Hold,12745.576298173664,0.2745576298173664,0.006019444141573,0.0
2022-05-03,SPY,SPY (S&P 500 ETF),buy_and_hold_spy,Buy & Hold,12804.002558866134,0.28040025588661344,0.0045840422846037,0.0
2022-05-04,SPY,SPY (S&P 500 ETF),buy_and_hold_spy,Buy & Hold,13193.921999673095,0.3193921999673095,0.0304529336833787,0.0
2022-05-05,SPY,SPY (S&P 500 ETF),buy_and_hold_spy,Buy & Hold,12724.972874515985,0.2724972874515985,-0.0355428147270182,0.0
2022-05-06,SPY,SPY (S&P 500 ETF),buy_and_hold_spy,Buy & Hold,12649.018454084136,0.26490184540841355,-0.0059689259207744,0.0
2022-05-09,SPY,SPY (S&P 500 ETF),buy_and_hold_spy,Buy & Hold,12244.031440047946,0.22440314400479466,-0.0320172680201463,0.0
2022-05-10,SPY,SPY (S&P 500 ETF),buy_and_hold_spy,Buy & Hold,12272.321615843175,0.22723216158431758,0.0023105278627999,0.0
2022-05-11,SPY,SPY (S&P 500 ETF),buy_and_hold_spy,Buy & Hold,12077.361895439692,0.2077361895439691,-0.0158861319403327,0.0
2022-05-12,SPY,SPY (S&P 500 ETF),buy_and_hold_spy,Buy & Hold,12064.753970281832,0.20647539702818318,-0.0010439303936583,0.0
2022-05-13,SPY,SPY (S&P 500 ETF),buy_and_hold_spy,Buy & Hold,12353.196270856542,0.23531962708565435,0.023907847709552,0.0
2022-05-16,SPY,SPY (S&P 500 ETF),buy_and_hold_spy,Buy & Hold,12303.07237814856,0.23030723781485585,-0.0040575646665822,0.0
2022-05-17,SPY,SPY (S&P 500 ETF),buy_and_hold_spy,Buy & Hold,12556.151489759835,0.2556151489759835,0.0205703993143022,0.0
2022-05-18,SPY,SPY (S&P 500 ETF),buy_and_hold_spy,Buy & Hold,12049.99326653728,0.204999326653728,-0.0403115734654327,0.0
2022-05-19,SPY,SPY (S&P 500 ETF),buy_and_hold_spy,Buy & Hold,11976.191624692116,0.19761916246921163,-0.0061246210029104,0.0
2022-05-20,SPY,SPY (S&P 500 ETF),buy_and_hold_spy,Buy & Hold,11981.4196671971,0.19814196671970996,0.0004365363104414,0.0
2022-05-23,SPY,SPY (S&P 500 ETF),buy_and_hold_spy,Buy & Hold,12205.59298716621,0.22055929871662094,0.0187100799567898,0.0
2022-05-24,SPY,SPY (S&P 500 ETF),buy_and_hold_spy,Buy & Hold,12112.418214918447,0.21124182149184478,-0.0076337767731344,0.0
2022-05-25,SPY,SPY (S&P 500 ETF),buy_and_hold_spy,Buy & Hold,12219.430267140357,0.22194302671403565,0.0088349040070385,0.0
2022-05-26,SPY,SPY (S&P 500 ETF),buy_and_hold_spy,Buy & Hold,12463.59139492021,0.24635913949202104,0.0199813839468796,0.0
2022-05-27,SPY,SPY (S&P 500 ETF),buy_and_hold_spy,Buy & Hold,12769.561855234298,0.27695618552342993,0.0245491408229889,0.0
2022-05-31,SPY,SPY (S&P 500 ETF),buy_and_hold_spy,Buy & Hold,12697.912053537031,0.26979120535370305,-0.0056109835646316,0.0
2022-06-01,SPY,SPY (S&P 500 ETF),buy_and_hold_spy,Buy & Hold,12595.2046200497,0.25952046200497003,-0.0080885292837353,0.0
2022-06-02,SPY,SPY (S&P 500 ETF),buy_and_hold_spy,Buy & Hold,12835.061129094973,0.28350611290949734,0.0190434785524211,0.0
2022-06-03,SPY,SPY (S&P 500 ETF),buy_and_hold_spy,Buy & Hold,12624.418219615332,0.2624418219615332,-0.0164115236663849,0.0
2022-06-06,SPY,SPY (S&P 500 ETF),buy_and_hold_spy,Buy & Hold,12662.856672497062,0.26628566724970626,0.0030447702391549,0.0
2022-06-07,SPY,SPY (S&P 500 ETF),buy_and_hold_spy,Buy & Hold,12784.321620540057,0.2784321620540058,0.0095922232387584,0.0
2022-06-08,SPY,SPY (S&P 500 ETF),buy_and_hold_spy,Buy & Hold,12645.328512757684,0.2645328512757683,-0.0108721535571395,0.0
2022-06-09,SPY,SPY (S&P 500 ETF),buy_and_hold_spy,Buy & Hold,12344.58609494858,0.23445860949485797,-0.0237828868981687,0.0
2022-06-10,SPY,SPY (S&P 500 ETF),buy_and_hold_spy,Buy & Hold,11986.646771263288,0.19866467712632874,-0.0289956520965706,0.0
2022-06-13,SPY,SPY (S&P 500 ETF),buy_and_hold_spy,Buy & Hold,11531.535864519114,0.15315358645191135,-0.0379681586876534,0.0
2022-06-14,SPY,SPY (S&P 500 ETF),buy_and_hold_spy,Buy & Hold,11496.787352963824,0.14967873529638243,-0.0030133463541666,0.0
2022-06-15,SPY,SPY (S&P 500 ETF),buy_and_hold_spy,Buy & Hold,11660.689441577248,0.16606894415772477,0.0142563381909617,0.0
2022-06-16,SPY,SPY (S&P 500 ETF),buy_and_hold_spy,Buy & Hold,11274.766811581398,0.12747668115813982,-0.0330960387830764,0.0
2022-06-17,SPY,SPY (S&P 500 ETF),buy_and_hold_spy,Buy & Hold,11250.473446597283,0.12504734465972844,-0.0021546667341412,0.0
2022-06-21,SPY,SPY (S&P 500 ETF),buy_and_hold_spy,Buy & Hold,11533.688643105805,0.1533688643105804,0.0251736247236937,0.0
2022-06-22,SPY,SPY (S&P 500 ETF),buy_and_hold_spy,Buy & Hold,11512.778349963452,0.15127783499634506,-0.0018129753446094,0.0
2022-06-23,SPY,SPY (S&P 500 ETF),buy_and_hold_spy,Buy & Hold,11625.633122098488,0.16256331220984888,0.0098025662185528,0.0
2022-06-24,SPY,SPY (S&P 500 ETF),buy_and_hold_spy,Buy & Hold,11995.25694717124,0.199525694717124,0.0317938662944865,0.0
2022-06-27,SPY,SPY (S&P 500 ETF),buy_and_hold_spy,Buy & Hold,11949.438611636631,0.19494386116366313,-0.0038197043828573,0.0
2022-06-28,SPY,SPY (S&P 500 ETF),buy_and_hold_spy,Buy & Hold,11705.277483856777,0.17052774838567775,-0.020432853434812,0.0
2022-06-29,SPY,SPY (S&P 500 ETF),buy_and_hold_spy,Buy & Hold,11695.744822617213,0.16957448226172134,-0.00081439002644,0.0
2022-06-30,SPY,SPY (S&P 500 ETF),buy_and_hold_spy,Buy & Hold,11600.725079706228,0.1600725079706229,-0.0081243002777586,0.0
2022-07-01,SPY,SPY (S&P 500 ETF),buy_and_hold_spy,Buy & Hold,11723.420321004298,0.17234203210042986,0.0105765148691185,0.0
2022-07-05,SPY,SPY (S&P 500 ETF),buy_and_hold_spy,Buy & Hold,11745.560907401725,0.17455609074017242,0.0018885773768393,0.0
2022-07-06,SPY,SPY (S&P 500 ETF),buy_and_hold_spy,Buy & Hold,11785.229653538532,0.17852296535385315,0.0033773394433473,0.0
2022-07-07,SPY,SPY (S&P 500 ETF),buy_and_hold_spy,Buy & Hold,11961.738728871029,0.19617387288710297,0.0149771434686889,0.0
2022-07-08,SPY,SPY (S&P 500 ETF),buy_and_hold_spy,Buy & Hold,11951.899198146784,0.19518991981467848,-0.0008225836516971,0.0
2022-07-11,SPY,SPY (S&P 500 ETF),buy_and_hold_spy,Buy & Hold,11815.365738435776,0.18153657384357746,-0.0114235785834087,0.0
2022-07-12,SPY,SPY (S&P 500 ETF),buy_and_hold_spy,Buy & Hold,11710.812395846437,0.17108123958464372,-0.0088489298515088,0.0
2022-07-13,SPY,SPY (S&P 500 ETF),buy_and_hold_spy,Buy & Hold,11649.310871235668,0.16493108712356674,-0.0052516872896521,0.0
2022-07-14,SPY,SPY (S&P 500 ETF),buy_and_hold_spy,Buy & Hold,11621.020695440437,0.1621020695440436,-0.0024284849213771,0.0
2022-07-15,SPY,SPY (S&P 500 ETF),buy_and_hold_spy,Buy & Hold,11843.041236822864,0.18430412368228644,0.0191050809736132,0.0
2022-07-18,SPY,SPY (S&P 500 ETF),buy_and_hold_spy,Buy & Hold,11745.254037917051,0.17452540379170522,-0.0082569330757512,0.0
2022-07-19,SPY,SPY (S&P 500 ETF),buy_and_hold_spy,Buy & Hold,12062.601191695136,0.20626011916951348,0.027019181769385,0.0
2022-07-20,SPY,SPY (S&P 500 ETF),buy_and_hold_spy,Buy & Hold,12139.478097458596,0.21394780974585959,0.0063731615214459,0.0
2022-07-21,SPY,SPY (S&P 500 ETF),buy_and_hold_spy,Buy & Hold,12263.09676252707,0.22630967625270704,0.0101831943742582,0.0
2022-07-22,SPY,SPY (S&P 500 ETF),buy_and_hold_spy,Buy & Hold,12149.318566621632,0.2149318566621632,-0.0092780965614749,0.0
2022-07-25,SPY,SPY (S&P 500 ETF),buy_and_hold_spy,Buy & Hold,12164.079270366185,0.21640792703661837,0.001214940876199,0.0
2022-07-26,SPY,SPY (S&P 500 ETF),buy_and_hold_spy,Buy & Hold,12020.165928002294,0.20201659280022932,-0.011831009907547,0.0
2022-07-27,SPY,SPY (S&P 500 ETF),buy_and_hold_spy,Buy & Hold,12332.285977714186,0.23322859777141858,0.0259663678173338,0.0
2022-07-28,SPY,SPY (S&P 500 ETF),buy_and_hold_spy,Buy & Hold,12486.96227457272,0.24869622745727193,0.0125423864754719,0.0
2022-07-29,SPY,SPY (S&P 500 ETF),buy_and_hold_spy,Buy & Hold,12669.006261894869,0.26690062618948684,0.014578724858715,0.0
2022-08-01,SPY,SPY (S&P 500 ETF),buy_and_hold_spy,Buy & Hold,12631.490294344749,0.26314902943447493,-0.0029612399563617,0.0
2022-08-02,SPY,SPY (S&P 500 ETF),buy_and_hold_spy,Buy & Hold,12548.15599126002,0.25481559912600216,-0.006597345296781,0.0
2022-08-03,SPY,SPY (S&P 500 ETF),buy_and_hold_spy,Buy & Hold,12744.653812842049,0.27446538128420483,0.0156594978352908,0.0
2022-08-04,SPY,SPY (S&P 500 ETF),buy_and_hold_spy,Buy & Hold,12736.04363693409,0.2736043636934089,-0.0006755911956809,0.0
2022-08-05,SPY,SPY (S&P 500 ETF),buy_and_hold_spy,Buy & Hold,12714.517727944803,0.2714517727944803,-0.0016901566611206,0.0
2022-08-08,SPY,SPY (S&P 500 ETF),buy_and_hold_spy,Buy & Hold,12699.757024200257,0.26997570242002555,-0.0011609330420851,0.0
2022-08-09,SPY,SPY (S&P 500 ETF),buy_and_hold_spy,Buy & Hold,12649.326262007597,0.26493262620075964,-0.0039710021299272,0.0
2022-08-10,SPY,SPY (S&P 500 ETF),buy_and_hold_spy,Buy & Hold,12915.012360337949,0.29150123603379496,0.0210039722928438,0.0
2022-08-11,SPY,SPY (S&P 500 ETF),buy_and_hold_spy,Buy & Hold,12915.012360337949,0.29150123603379496,0.0,0.0
2022-08-12,SPY,SPY (S&P 500 ETF),buy_and_hold_spy,Buy & Hold,13133.6507683174,0.31336507683174,0.0169290126775947,0.0
2022-08-15,SPY,SPY (S&P 500 ETF),buy_and_hold_spy,Buy & Hold,13187.7714718365,0.31877714718365,0.0041207661505402,0.0
2022-08-16,SPY,SPY (S&P 500 ETF),buy_and_hold_spy,Buy & Hold,13213.60293799916,0.32136029379991604,0.0019587438421893,0.0
2022-08-17,SPY,SPY (S&P 500 ETF),buy_and_hold_spy,Buy & Hold,13119.812549904462,0.31198125499044616,-0.0070980177423811,0.0
2022-08-18,SPY,SPY (S&P 500 ETF),buy_and_hold_spy,Buy & Hold,13157.944133301517,0.31579441333015157,0.0029064122106936,0.0
2022-08-19,SPY,SPY (S&P 500 ETF),buy_and_hold_spy,Buy & Hold,12981.127250045558,0.2981127250045559,-0.0134380326793189,0.0
2022-08-22,SPY,SPY (S&P 500 ETF),buy_and_hold_spy,Buy & Hold,12710.827786618367,0.2710827786618366,-0.0208224954752092,0.0
2022-08-23,SPY,SPY (S&P 500 ETF),buy_and_hold_spy,Buy & Hold,12680.077024312985,0.26800770243129857,-0.0024192572522898,0.0
2022-08-24,SPY,SPY (S&P 500 ETF),buy_and_hold_spy,Buy & Hold,12720.6682557814,0.27206682557814,0.0032011817744155,0.0
2022-08-25,SPY,SPY (S&P 500 ETF),buy_and_hold_spy,Buy & Hold,12900.25259503219,0.2900252595032191,0.0141175239885036,0.0
2022-08-26,SPY,SPY (S&P 500 ETF),buy_and_hold_spy,Buy & Hold,12463.591394920217,0.2463591394920217,-0.0338490426365859,0.0
2022-08-29,SPY,SPY (S&P 500 ETF),buy_and_hold_spy,Buy & Hold,12381.179577167097,0.23811795771670963,-0.0066122047122556,0.0
2022-08-30,SPY,SPY (S&P 500 ETF),buy_and_hold_spy,Buy & Hold,12245.260794864227,0.22452607948642278,-0.0109778540449833,0.0
2022-08-31,SPY,SPY (S&P 500 ETF),buy_and_hold_spy,Buy & Hold,12152.086022616468,0.21520860226164684,-0.0076090475987934,0.0
2022-09-01,SPY,SPY (S&P 500 ETF),buy_and_hold_spy,Buy & Hold,12190.21760601352,0.21902176060135203,0.0031378631887633,0.0
2022-09-02,SPY,SPY (S&P 500 ETF),buy_and_hold_spy,Buy & Hold,12061.678706363531,0.206167870636353,-0.0105444302804388,0.0
2022-09-06,SPY,SPY (S&P 500 ETF),buy_and_hold_spy,Buy & Hold,12016.16817875239,0.2016168178752391,-0.0037731503813919,0.0
2022-09-07,SPY,SPY (S&P 500 ETF),buy_and_hold_spy,Buy & Hold,12232.038192298223,0.22320381922982224,0.0179649627347548,0.0
2022-09-08,SPY,SPY (S&P 500 ETF),buy_and_hold_spy,Buy & Hold,12311.990361979984,0.23119903619799853,0.0065362916976583,0.0
2022-09-09,SPY,SPY (S&P 500 ETF),buy_and_hold_spy,Buy & Hold,12503.260141057028,0.2503260141057029,0.0155352443799576,0.0
2022-09-12,SPY,SPY (S&P 500 ETF),buy_and_hold_spy,Buy & Hold,12637.64082218135,0.2637640822181351,0.010747651381183,0.0
2022-09-13,SPY,SPY (S&P 500 ETF),buy_and_hold_spy,Buy & Hold,12088.12484993434,0.20881248499343408,-0.0434824806290198,0.0
2022-09-14,SPY,SPY (S&P 500 ETF),buy_and_hold_spy,Buy & Hold,12134.250993392418,0.2134250993392417,0.0038158228865685,0.0
2022-09-15,SPY,SPY (S&P 500 ETF),buy_and_hold_spy,Buy & Hold,11996.48724042633,0.199648724042633,-0.0113532967993743,0.0
2022-09-16,SPY,SPY (S&P 500 ETF),buy_and_hold_spy,Buy & Hold,11856.26383938888,0.18562638393888786,-0.0116887050540027,0.0
2022-09-19,SPY,SPY (S&P 500 ETF),buy_and_hold_spy,Buy & Hold,11948.208318381568,0.1948208318381568,0.0077549285540718,0.0
2022-09-20,SPY,SPY (S&P 500 ETF),buy_and_hold_spy,Buy & Hold,11811.060181262412,0.18110601812624116,-0.0114785525548765,0.0
2022-09-21,SPY,SPY (S&P 500 ETF),buy_and_hold_spy,Buy & Hold,11605.030636879612,0.1605030636879612,-0.0174437807631913,0.0
2022-09-22,SPY,SPY (S&P 500 ETF),buy_and_hold_spy,Buy & Hold,11507.550307458476,0.15075503074584762,-0.0083998338713,0.0
2022-09-23,SPY,SPY (S&P 500 ETF),buy_and_hold_spy,Buy & Hold,11314.743365641683,0.1314743365641684,-0.0167548206755895,0.0
2022-09-26,SPY,SPY (S&P 500 ETF),buy_and_hold_spy,Buy & Hold,11202.810140399462,0.12028101403994618,-0.009892687940419,0.0
2022-09-27,SPY,SPY (S&P 500 ETF),buy_and_hold_spy,Buy & Hold,11174.212156680764,0.11742121566807628,-0.0025527509044867,0.0
2022-09-28,SPY,SPY (S&P 500 ETF),buy_and_hold_spy,Buy & Hold,11394.079919476506,0.13940799194765052,0.0196763547812439,0.0
2022-09-29,SPY,SPY (S&P 500 ETF),buy_and_hold_spy,Buy & Hold,11156.069319533244,0.11560693195332439,-0.0208889705553511,0.0
2022-09-30,SPY,SPY (S&P 500 ETF),buy_and_hold_spy,Buy & Hold,10983.557055011866,0.09835570550118655,-0.0154635346536727,0.0
2022-10-03,SPY,SPY (S&P 500 ETF),buy_and_hold_spy,Buy & Hold,11273.536518326331,0.12735365183263303,0.0264012343052513,0.0
2022-10-04,SPY,SPY (S&P 500 ETF),buy_and_hold_spy,Buy & Hold,11622.86566610367,0.162286566610367,0.030986651545366,0.0
2022-10-05,SPY,SPY (S&P 500 ETF),buy_and_hold_spy,Buy & Hold,11595.804845124723,0.15958048451247242,-0.0023282400189708,0.0
2022-10-06,SPY,SPY (S&P 500 ETF),buy_and_hold_spy,Buy & Hold,11476.184867744952,0.14761848677449518,-0.0103157977369776,0.0
2022-10-07,SPY,SPY (S&P 500 ETF),buy_and_hold_spy,Buy & Hold,11156.069319533244,0.11560693195332439,-0.0278938995755834,0.0
2022-10-10,SPY,SPY (S&P 500 ETF),buy_and_hold_spy,Buy & Hold,11070.889107346502,0.10708891073465021,-0.007635324749874,0.0
2022-10-11,SPY,SPY (S&P 500 ETF),buy_and_hold_spy,Buy & Hold,11000.777406827776,0.10007774068277753,-0.0063329783036306,0.0
2022-10-12,SPY,SPY (S&P 500 ETF),buy_and_hold_spy,Buy & Hold,10964.491732532731,0.09644917325327307,-0.0032984645496529,0.0
2022-10-13,SPY,SPY (S&P 500 ETF),buy_and_hold_spy,Buy & Hold,11253.856518439054,0.12538565184390538,0.0263910806779805,0.0
2022-10-14,SPY,SPY (S&P 500 ETF),buy_and_hold_spy,Buy & Hold,10997.395273424803,0.09973952734248037,-0.0227887430938938,0.0
2022-10-17,SPY,SPY (S&P 500 ETF),buy_and_hold_spy,Buy & Hold,11279.994854086392,0.12799948540863926,0.0256969558368507,0.0
2022-10-18,SPY,SPY (S&P 500 ETF),buy_and_hold_spy,Buy & Hold,11412.530564547493,0.14125305645474917,0.0117496250818844,0.0
2022-10-19,SPY,SPY (S&P 500 ETF),buy_and_hold_spy,Buy & Hold,11331.655909534124,0.1331655909534124,-0.007086478722309,0.0
2022-10-20,SPY,SPY (S&P 500 ETF),buy_and_hold_spy,Buy & Hold,11236.636166623142,0.12366361666231418,-0.0083853360594047,0.0
2022-10-21,SPY,SPY (S&P 500 ETF),buy_and_hold_spy,Buy & Hold,11509.703086045163,0.1509703086045162,0.0243014827011243,0.0
2022-10-24,SPY,SPY (S&P 500 ETF),buy_and_hold_spy,Buy & Hold,11650.541164490756,0.16505411644907553,0.0122364649541959,0.0
2022-10-25,SPY,SPY (S&P 500 ETF),buy_and_hold_spy,Buy & Hold,11836.583839501604,0.18365838395016043,0.0159685865561234,0.0
2022-10-26,SPY,SPY (S&P 500 ETF),buy_and_hold_spy,Buy & Hold,11747.405878064958,0.17474058780649582,-0.0075340962093335,0.0
2022-10-27,SPY,SPY (S&P 500 ETF),buy_and_hold_spy,Buy & Hold,11684.674998637904,0.16846749986379028,-0.0053399771897033,0.0
2022-10-28,SPY,SPY (S&P 500 ETF),buy_and_hold_spy,Buy & Hold,11962.66121420265,0.196266121420265,0.0237906673139947,0.0
2022-10-31,SPY,SPY (S&P 500 ETF),buy_and_hold_spy,Buy & Hold,11876.251647199622,0.18762516471996227,-0.007223272936998,0.0
2022-11-01,SPY,SPY (S&P 500 ETF),buy_and_hold_spy,Buy & Hold,11824.28278382842,0.18242827838284192,-0.0043758641122645,0.0
2022-11-02,SPY,SPY (S&P 500 ETF),buy_and_hold_spy,Buy & Hold,11527.53811526922,0.15275381152692202,-0.0250962087074783,0.0
2022-11-03,SPY,SPY (S&P 500 ETF),buy_and_hold_spy,Buy & Hold,11408.840623221056,0.1408840623221057,-0.0102968639844215,0.0
2022-11-04,SPY,SPY (S&P 500 ETF),buy_and_hold_spy,Buy & Hold,11573.049581319152,0.15730495813191525,0.0143931327924655,0.0
2022-11-07,SPY,SPY (S&P 500 ETF),buy_and_hold_spy,Buy & Hold,11683.752513306295,0.16837525133062958,0.009565580032236,0.0
2022-11-08,SPY,SPY (S&P 500 ETF),buy_and_hold_spy,Buy & Hold,11746.791200656817,0.17467912006568165,0.0053954144679739,0.0
2022-11-09,SPY,SPY (S&P 500 ETF),buy_and_hold_spy,Buy & Hold,11504.782851463648,0.15047828514636485,-0.0206020814586059,0.0
2022-11-10,SPY,SPY (S&P 500 ETF),buy_and_hold_spy,Buy & Hold,12137.01844938725,0.2137018449387249,0.0549541530758372,0.0
2022-11-11,SPY,SPY (S&P 500 ETF),buy_and_hold_spy,Buy & Hold,12254.486586619125,0.22544865866191244,0.0096785003435342,0.0
2022-11-14,SPY,SPY (S&P 500 ETF),buy_and_hold_spy,Buy & Hold,12150.241051953251,0.21502410519532522,-0.0085067239601616,0.0
2022-11-15,SPY,SPY (S&P 500 ETF),buy_and_hold_spy,Buy & Hold,12253.870970772192,0.22538709707721916,0.0085290422120702,0.0
2022-11-16,SPY,SPY (S&P 500 ETF),buy_and_hold_spy,Buy & Hold,12160.389329039755,0.21603893290397558,-0.0076287437623104,0.0
2022-11-17,SPY,SPY (S&P 500 ETF),buy_and_hold_spy,Buy & Hold,12123.180230974309,0.21231802309743086,-0.0030598607543418,0.0
2022-11-18,SPY,SPY (S&P 500 ETF),buy_and_hold_spy,Buy & Hold,12178.224358263808,0.21782243582638072,0.0045404032803919,0.0
2022-11-21,SPY,SPY (S&P 500 ETF),buy_and_hold_spy,Buy & Hold,12133.94318546895,0.21339431854689495,-0.0036360943510462,0.0
2022-11-22,SPY,SPY (S&P 500 ETF),buy_and_hold_spy,Buy & Hold,12297.229658235436,0.22972296582354357,0.0134569999439284,0.0
2022-11-23,SPY,SPY (S&P 500 ETF),buy_and_hold_spy,Buy & Hold,12374.722179845834,0.2374722179845834,0.0063016243303628,0.0
2022-11-25,SPY,SPY (S&P 500 ETF),buy_and_hold_spy,Buy & Hold,12371.953785412214,0.2371953785412213,-0.0002237136634977,0.0
2022-11-28,SPY,SPY (S&P 500 ETF),buy_and_hold_spy,Buy & Hold,12174.53441693737,0.21745344169373704,-0.01595700823807,0.0
2022-11-29,SPY,SPY (S&P 500 ETF),buy_and_hold_spy,Buy & Hold,12153.624123795018,0.2153624123795017,-0.0017175435565947,0.0
2022-11-30,SPY,SPY (S&P 500 ETF),buy_and_hold_spy,Buy & Hold,12536.47055143378,0.25364705514337804,0.0315005979894675,0.0
2022-12-01,SPY,SPY (S&P 500 ETF),buy_and_hold_spy,Buy & Hold,12527.24569811768,0.25272456981176794,-0.0007358413421267,0.0
2022-12-02,SPY,SPY (S&P 500 ETF),buy_and_hold_spy,Buy & Hold,12512.7928022966,0.2512792802296602,-0.0011537169597666,0.0
2022-12-05,SPY,SPY (S&P 500 ETF),buy_and_hold_spy,Buy & Hold,12287.696996995875,0.2287696996995876,-0.0179892537866853,0.0
2022-12-06,SPY,SPY (S&P 500 ETF),buy_and_hold_spy,Buy & Hold,12110.57230581645,0.21105723058164494,-0.0144147997157424,0.0
2022-12-07,SPY,SPY (S&P 500 ETF),buy_and_hold_spy,Buy & Hold,12089.969820597564,0.20899698205975636,-0.0017011983165312,0.0
2022-12-08,SPY,SPY (S&P 500 ETF),buy_and_hold_spy,Buy & Hold,12184.68175558508,0.21846817555850784,0.0078339265021287,0.0
2022-12-09,SPY,SPY (S&P 500 ETF),buy_and_hold_spy,Buy & Hold,12093.659761924004,0.20936597619240027,-0.0074701986877379,0.0
2022-12-12,SPY,SPY (S&P 500 ETF),buy_and_hold_spy,Buy & Hold,12268.016997108602,0.22680169971086017,0.0144172433007871,0.0
2022-12-13,SPY,SPY (S&P 500 ETF),buy_and_hold_spy,Buy & Hold,12360.883961432895,0.23608839614328958,0.0075698431414124,0.0
2022-12-14,SPY,SPY (S&P 500 ETF),buy_and_hold_spy,Buy & Hold,12281.854277082748,0.22818542770827488,-0.0063935301550218,0.0
2022-12-15,SPY,SPY (S&P 500 ETF),buy_and_hold_spy,Buy & Hold,11981.419667197108,0.19814196671971085,-0.0244616654055433,0.0
2022-12-16,SPY,SPY (S&P 500 ETF),buy_and_hold_spy,Buy & Hold,11785.844330946691,0.1785844330946691,-0.0163232189242035,0.0
2022-12-19,SPY,SPY (S&P 500 ETF),buy_and_hold_spy,Buy & Hold,11685.904353454192,0.1685904353454193,-0.0084796621002435,0.0
2022-12-20,SPY,SPY (S&P 500 ETF),buy_and_hold_spy,Buy & Hold,11701.89535045382,0.17018953504538215,0.0013684004691429,0.0
2022-12-21,SPY,SPY (S&P 500 ETF),buy_and_hold_spy,Buy & Hold,11876.86726304656,0.187686726304656,0.0149524420918663,0.0
2022-12-22,SPY,SPY (S&P 500 ETF),buy_and_hold_spy,Buy & Hold,11707.43026244348,0.17074302624434812,-0.014266135745262,0.0
2022-12-23,SPY,SPY (S&P 500 ETF),buy_and_hold_spy,Buy & Hold,11774.774506967377,0.1774774506967376,0.0057522652720751,0.0
2022-12-27,SPY,SPY (S&P 500 ETF),buy_and_hold_spy,Buy & Hold,11728.34055558583,0.172834055558583,-0.0039435108803204,0.0
2022-12-28,SPY,SPY (S&P 500 ETF),buy_and_hold_spy,Buy & Hold,11582.58224255872,0.15825822425587188,-0.0124278718149677,0.0
2022-12-29,SPY,SPY (S&P 500 ETF),buy_and_hold_spy,Buy & Hold,11791.072373451676,0.17910723734516765,0.0180003151738379,0.0
2022-12-30,SPY,SPY (S&P 500 ETF),buy_and_hold_spy,Buy & Hold,11760.013803222824,0.1760013803222824,-0.0026340751074331,0.0
2020-01-02,SPY,SPY (S&P 500 ETF),risk_parity_spy_cash,Risk-Parity,10000.0,0.0,0.0,0.0
2020-01-03,SPY,SPY (S&P 500 ETF),risk_parity_spy_cash,Risk-Parity,9914.353387491616,-0.008564661250838435,-0.0085646612508384,1.0
2020-01-06,SPY,SPY (S&P 500 ETF),risk_parity_spy_cash,Risk-Parity,9952.177162965205,-0.004782283703479551,0.0038150521769082,0.0
2020-01-07,SPY,SPY (S&P 500 ETF),risk_parity_spy_cash,Risk-Parity,9924.193856654649,-0.007580614334535163,-0.0028117773480448,0.0
2020-01-08,SPY,SPY (S&P 500 ETF),risk_parity_spy_cash,Risk-Parity,9977.085205357462,-0.0022914794642537872,0.0053295360274876,0.0
2020-01-09,SPY,SPY (S&P 500 ETF),risk_parity_spy_cash,Risk-Parity,10044.736319366031,0.004473631936603217,0.0067806491190678,0.0
2020-01-10,SPY,SPY (S&P 500 ETF),risk_parity_spy_cash,Risk-Parity,10015.830527723869,0.0015830527723867949,-0.0028777053695709,0.0
2020-01-13,SPY,SPY (S&P 500 ETF),risk_parity_spy_cash,Risk-Parity,10084.712873426308,0.008471287342630696,0.0068773473664287,0.0
2020-01-14,SPY,SPY (S&P 500 ETF),risk_parity_spy_cash,Risk-Parity,10069.337492273617,0.006933749227361563,-0.0015246225991427,0.0
2020-01-15,SPY,SPY (S&P 500 ETF),risk_parity_spy_cash,Risk-Parity,10092.092756079188,0.009209275607918732,0.0022598570981489,0.0
2020-01-16,SPY,SPY (S&P 500 ETF),risk_parity_spy_cash,Risk-Parity,10176.04267501085,0.017604267501085014,0.0083183855876765,0.0
2020-01-17,SPY,SPY (S&P 500 ETF),risk_parity_spy_cash,Risk-Parity,10207.715922647843,0.020771592264784422,0.0031125309364881,0.0
2020-01-21,SPY,SPY (S&P 500 ETF),risk_parity_spy_cash,Risk-Parity,10187.727176398314,0.01877271763983135,-0.0019581996992278,0.0
2020-01-22,SPY,SPY (S&P 500 ETF),risk_parity_spy_cash,Risk-Parity,10188.957469653393,0.018895746965339244,0.0001207622891519,0.0
2020-01-23,SPY,SPY (S&P 500 ETF),risk_parity_spy_cash,Risk-Parity,10200.642909479642,0.020064290947964247,0.0011468729613461,0.0
2020-01-24,SPY,SPY (S&P 500 ETF),risk_parity_spy_cash,Risk-Parity,10109.927785303242,0.010992778530324099,-0.0088930790913284,0.0
2020-01-27,SPY,SPY (S&P 500 ETF),risk_parity_spy_cash,Risk-Parity,9947.87160579183,-0.0052128394208169615,-0.0160294101948968,0.0
2020-01-28,SPY,SPY (S&P 500 ETF),risk_parity_spy_cash,Risk-Parity,10052.117140457702,0.005211714045770144,0.0104791797478747,0.0
2020-01-29,SPY,SPY (S&P 500 ETF),risk_parity_spy_cash,Risk-Parity,10043.81383403442,0.004381383403441852,-0.0008260256329346,0.0
2020-01-30,SPY,SPY (S&P 500 ETF),risk_parity_spy_cash,Risk-Parity,10076.409567003026,0.007640956700302626,0.0032453541560228,0.0
2020-01-31,SPY,SPY (S&P 500 ETF),risk_parity_spy_cash,Risk-Parity,9893.443094349264,-0.010655690565073539,-0.0181579035108814,0.0
2020-02-03,SPY,SPY (S&P 500 ETF),risk_parity_spy_cash,Risk-Parity,9966.93692827096,-0.0033063071729040328,0.0074285396116215,0.0
2020-02-04,SPY,SPY (S&P 500 ETF),risk_parity_spy_cash,Risk-Parity,10118.84576913466,0.011884576913465894,0.0152412764279479,0.0
2020-02-05,SPY,SPY (S&P 500 ETF),risk_parity_spy_cash,Risk-Parity,10235.698290519606,0.02356982905196059,0.0115480089380726,0.0
2020-02-06,SPY,SPY (S&P 500 ETF),risk_parity_spy_cash,Risk-Parity,10270.13993259022,0.027013993259022095,0.0033648551464744,0.0
2020-02-07,SPY,SPY (S&P 500 ETF),risk_parity_spy_cash,Risk-Parity,10215.403613224187,0.021540361322418766,-0.0053296566283713,0.0
2020-02-10,SPY,SPY (S&P 500 ETF),risk_parity_spy_cash,Risk-Parity,10291.664903140716,0.02916649031407159,0.00746532323185,0.0
2020-02-11,SPY,SPY (S&P 500 ETF),risk_parity_spy_cash,Risk-Parity,10309.500870803562,0.030950087080356292,0.0017330497864735,0.0
2020-02-12,SPY,SPY (S&P 500 ETF),risk_parity_spy_cash,Risk-Parity,10375.922629995846,0.037592262999584625,0.006442771577855,0.0
2020-02-13,SPY,SPY (S&P 500 ETF),risk_parity_spy_cash,Risk-Parity,10364.851867577736,0.03648518675777357,-0.0010669665544831,0.0
2020-02-14,SPY,SPY (S&P 500 ETF),risk_parity_spy_cash,Risk-Parity,10381.457541985506,0.0381457541985506,0.0016021140118476,0.0
2020-02-18,SPY,SPY (S&P 500 ETF),risk_parity_spy_cash,Risk-Parity,10354.704528930028,0.03547045289300277,-0.0025769997081124,0.0
2020-02-19,SPY,SPY (S&P 500 ETF),risk_parity_spy_cash,Risk-Parity,10404.212805791078,0.040421280579107766,0.0047812351113185,0.0
2020-02-20,SPY,SPY (S&P 500 ETF),risk_parity_spy_cash,Risk-Parity,10361.469734174763,0.03614697341747641,-0.0041082465741686,0.0
2020-02-21,SPY,SPY (S&P 500 ETF),risk_parity_spy_cash,Risk-Parity,10254.76455143753,0.025476455143753185,-0.0102982670870807,0.0
2020-02-24,SPY,SPY (S&P 500 ETF),risk_parity_spy_cash,Risk-Parity,9914.661195415085,-0.00853388045849146,-0.0331653988072082,0.0
2020-02-25,SPY,SPY (S&P 500 ETF),risk_parity_spy_cash,Risk-Parity,9614.225647090652,-0.038577435290934825,-0.0303021497560969,0.0
2020-02-26,SPY,SPY (S&P 500 ETF),risk_parity_spy_cash,Risk-Parity,9578.862458127218,-0.04211375418727825,-0.0036782149973914,0.0
2020-02-27,SPY,SPY (S&P 500 ETF),risk_parity_spy_cash,Risk-Parity,9148.659593775305,-0.08513404062246954,-0.044911686145666,0.0
2020-02-28,SPY,SPY (S&P 500 ETF),risk_parity_spy_cash,Risk-Parity,9110.221140893576,-0.08897788591064237,-0.0042015393061387,0.0
2020-03-02,SPY,SPY (S&P 500 ETF),risk_parity_spy_cash,Risk-Parity,9504.753008358588,-0.04952469916414115,0.0433065083013248,0.0
2020-03-03,SPY,SPY (S&P 500 ETF),risk_parity_spy_cash,Risk-Parity,9232.60857426818,-0.07673914257318193,-0.0286324572401914,0.0
2020-03-04,SPY,SPY (S&P 500 ETF),risk_parity_spy_cash,Risk-Parity,9620.683044411924,-0.0379316955588076,0.0420330253386167,0.0
2020-03-05,SPY,SPY (S&P 500 ETF),risk_parity_spy_cash,Risk-Parity,9361.66176876471,-0.06383382312352892,-0.026923376900735,0.1958047720323097
2020-03-06,SPY,SPY (S&P 500 ETF),risk_parity_spy_cash,Risk-Parity,9238.03789813733,-0.07619621018626699,-0.0132053340187798,0.0
2020-03-09,SPY,SPY (S&P 500 ETF),risk_parity_spy_cash,Risk-Parity,8663.68187810826,-0.13363181218917397,-0.0621729447705424,0.0
2020-03-10,SPY,SPY (S&P 500 ETF),risk_parity_spy_cash,Risk-Parity,9014.526483311987,-0.09854735166880124,0.0404960166058561,0.0
2020-03-11,SPY,SPY (S&P 500 ETF),risk_parity_spy_cash,Risk-Parity,8666.895464930782,-0.13331045350692183,-0.0385634252697302,0.0
2020-03-12,SPY,SPY (S&P 500 ETF),risk_parity_spy_cash,Risk-Parity,8017.870521407143,-0.19821294785928567,-0.0748855165208597,0.0
2020-03-13,SPY,SPY (S&P 500 ETF),risk_parity_spy_cash,Risk-Parity,8542.283146607344,-0.14577168533926566,0.0654054744087044,0.0
2020-03-16,SPY,SPY (S&P 500 ETF),risk_parity_spy_cash,Risk-Parity,7813.6440229479485,-0.21863559770520513,-0.0852979362957293,0.0
2020-03-17,SPY,SPY (S&P 500 ETF),risk_parity_spy_cash,Risk-Parity,8133.829772418844,-0.18661702275811554,0.0409777753543083,0.0
2020-03-18,SPY,SPY (S&P 500 ETF),risk_parity_spy_cash,Risk-Parity,7817.352588158725,-0.21826474118412753,-0.0389087543156199,0.0
2020-03-19,SPY,SPY (S&P 500 ETF),risk_parity_spy_cash,Risk-Parity,7829.962087145478,-0.21700379128545222,0.0016130139768613,0.0
2020-03-20,SPY,SPY (S&P 500 ETF),risk_parity_spy_cash,Risk-Parity,7540.435193407413,-0.24595648065925868,-0.0369767938229719,0.0
2020-03-23,SPY,SPY (S&P 500 ETF),risk_parity_spy_cash,Risk-Parity,7395.795113865332,-0.2604204886134669,-0.0191819272803431,0.0
2020-03-24,SPY,SPY (S&P 500 ETF),risk_parity_spy_cash,Risk-Parity,7895.235475745932,-0.2104764524254068,0.0675303133998763,0.0
2020-03-25,SPY,SPY (S&P 500 ETF),risk_parity_spy_cash,Risk-Parity,7985.233638471859,-0.20147663615281408,0.0113990473118124,0.0
2020-03-26,SPY,SPY (S&P 500 ETF),risk_parity_spy_cash,Risk-Parity,8341.518101434913,-0.16584818985650873,0.0446179134003692,0.0
2020-03-27,SPY,SPY (S&P 500 ETF),risk_parity_spy_cash,Risk-Parity,8149.159011650204,-0.18508409883497956,-0.0230604414502941,0.0
2020-03-30,SPY,SPY (S&P 500 ETF),risk_parity_spy_cash,Risk-Parity,8352.643797067243,-0.1647356202932757,0.0249700349601882,0.0
2020-03-31,SPY,SPY (S&P 500 ETF),risk_parity_spy_cash,Risk-Parity,8256.21732888593,-0.17437826711140691,-0.0115444247981901,0.0
2020-04-01,SPY,SPY (S&P 500 ETF),risk_parity_spy_cash,Risk-Parity,7969.409798122361,-0.2030590201877639,-0.0347383698052762,0.0
2020-04-02,SPY,SPY (S&P 500 ETF),risk_parity_spy_cash,Risk-Parity,8109.846711335525,-0.18901532886644756,0.0176219967062367,0.0
2020-04-03,SPY,SPY (S&P 500 ETF),risk_parity_spy_cash,Risk-Parity,8064.900535373871,-0.19350994646261288,-0.0055421733062882,0.4127414110086062
2020-04-06,SPY,SPY (S&P 500 ETF),risk_parity_spy_cash,Risk-Parity,8255.409649337944,-0.17445903506620564,0.0236220041559682,0.0
2020-04-07,SPY,SPY (S&P 500 ETF),risk_parity_spy_cash,Risk-Parity,8258.49550622986,-0.17415044937701407,0.0003737981545426,0.0
2020-04-08,SPY,SPY (S&P 500 ETF),risk_parity_spy_cash,Risk-Parity,8360.207065302418,-0.16397929346975815,0.0123159913322992,0.0
2020-04-09,SPY,SPY (S&P 500 ETF),risk_parity_spy_cash,Risk-Parity,8407.863116758353,-0.1592136883241646,0.0057003434345213,0.0
2020-04-13,SPY,SPY (S&P 500 ETF),risk_parity_spy_cash,Risk-Parity,8378.835205934316,-0.16211647940656837,-0.0034524718612722,0.0
2020-04-14,SPY,SPY (S&P 500 ETF),risk_parity_spy_cash,Risk-Parity,8471.747120427315,-0.15282528795726846,0.0110888819518963,0.0
2020-04-15,SPY,SPY (S&P 500 ETF),risk_parity_spy_cash,Risk-Parity,8402.834648780545,-0.1597165351219455,-0.0081343872364422,0.0
2020-04-16,SPY,SPY (S&P 500 ETF),risk_parity_spy_cash,Risk-Parity,8418.148492617249,-0.1581851507382751,0.0018224616426227,0.0
2020-04-17,SPY,SPY (S&P 500 ETF),risk_parity_spy_cash,Risk-Parity,8504.317767949826,-0.1495682232050174,0.0102361315446202,0.0
2020-04-20,SPY,SPY (S&P 500 ETF),risk_parity_spy_cash,Risk-Parity,8446.604780538275,-0.1553395219461725,-0.0067863159616463,0.0
2020-04-21,SPY,SPY (S&P 500 ETF),risk_parity_spy_cash,Risk-Parity,8348.893186733956,-0.16511068132660434,-0.0115681503211154,0.0
2020-04-22,SPY,SPY (S&P 500 ETF),risk_parity_spy_cash,Risk-Parity,8418.148492617249,-0.1581851507382751,0.0082951481512947,0.0
2020-04-23,SPY,SPY (S&P 500 ETF),risk_parity_spy_cash,Risk-Parity,8417.91970395076,-0.15820802960492397,-2.717802693663618e-05,0.0
2020-04-24,SPY,SPY (S&P 500 ETF),risk_parity_spy_cash,Risk-Parity,8462.375852944744,-0.15376241470552554,0.0052811324599735,0.0
2020-04-27,SPY,SPY (S&P 500 ETF),risk_parity_spy_cash,Risk-Parity,8509.003052927901,-0.14909969470720985,0.0055099419824198,0.0
2020-04-28,SPY,SPY (S&P 500 ETF),risk_parity_spy_cash,Risk-Parity,8493.917997757688,-0.15060820022423127,-0.0017728346172143,0.0
2020-04-29,SPY,SPY (S&P 500 ETF),risk_parity_spy_cash,Risk-Parity,8579.401255854009,-0.1420598744145991,0.0100640550237107,0.0
2020-04-30,SPY,SPY (S&P 500 ETF),risk_parity_spy_cash,Risk-Parity,8548.2022940408,-0.1451797705959199,-0.0036364964037461,0.0
2020-05-01,SPY,SPY (S&P 500 ETF),risk_parity_spy_cash,Risk-Parity,8460.31884752561,-0.15396811524743903,-0.0102809273215792,0.0
2020-05-04,SPY,SPY (S&P 500 ETF),risk_parity_spy_cash,Risk-Parity,8469.232886438413,-0.15307671135615875,0.0010536291921681,0.0
2020-05-05,SPY,SPY (S&P 500 ETF),risk_parity_spy_cash,Risk-Parity,8494.769226484643,-0.1505230773515357,0.0030151892607794,0.0507887454636946
2020-05-06,SPY,SPY (S&P 500 ETF),risk_parity_spy_cash,Risk-Parity,8475.542076907976,-0.1524457923092024,-0.0022634104663752,0.0
2020-05-07,SPY,SPY (S&P 500 ETF),risk_parity_spy_cash,Risk-Parity,8509.536354861726,-0.14904636451382736,0.0040108676997037,0.0
2020-05-08,SPY,SPY (S&P 500 ETF),risk_parity_spy_cash,Risk-Parity,8556.712285054744,-0.1443287714945256,0.0055438896111026,0.0
2020-05-11,SPY,SPY (S&P 500 ETF),risk_parity_spy_cash,Risk-Parity,8557.306914220508,-0.14426930857794928,6.949271471978768e-05,0.0
2020-05-12,SPY,SPY (S&P 500 ETF),risk_parity_spy_cash,Risk-Parity,8499.526562267107,-0.15004734377328932,-0.0067521654338915,0.0
2020-05-13,SPY,SPY (S&P 500 ETF),risk_parity_spy_cash,Risk-Parity,8449.278280565519,-0.15507217194344813,-0.0059118918369713,0.0
2020-05-14,SPY,SPY (S&P 500 ETF),risk_parity_spy_cash,Risk-Parity,8482.677929353502,-0.15173220706464985,0.0039529587828592,0.0
2020-05-15,SPY,SPY (S&P 500 ETF),risk_parity_spy_cash,Risk-Parity,8495.661170233287,-0.15043388297667137,0.0015305592158412,0.0
2020-05-18,SPY,SPY (S&P 500 ETF),risk_parity_spy_cash,Risk-Parity,8582.084137648544,-0.14179158623514554,0.0101726005408575,0.0
2020-05-19,SPY,SPY (S&P 500 ETF),risk_parity_spy_cash,Risk-Parity,8552.054154952013,-0.14479458450479865,-0.0034991480175302,0.0
2020-05-20,SPY,SPY (S&P 500 ETF),risk_parity_spy_cash,Risk-Parity,8601.21208154547,-0.13987879184545304,0.0057480841097097,0.0
2020-05-21,SPY,SPY (S&P 500 ETF),risk_parity_spy_cash,Risk-Parity,8580.894879317011,-0.14191051206829886,-0.0023621324571277,0.0
2020-05-22,SPY,SPY (S&P 500 ETF),risk_parity_spy_cash,Risk-Parity,8586.444953168384,-0.1413555046831616,0.0006467942947012,0.0
2020-05-26,SPY,SPY (S&P 500 ETF),risk_parity_spy_cash,Risk-Parity,8622.520433202313,-0.1377479566797687,0.0042014454446153,0.0
2020-05-27,SPY,SPY (S&P 500 ETF),risk_parity_spy_cash,Risk-Parity,8666.62401188676,-0.1333375988113239,0.0051149288686658,0.0
2020-05-28,SPY,SPY (S&P 500 ETF),risk_parity_spy_cash,Risk-Parity,8661.073938035386,-0.13389260619646137,-0.0006403962885389,0.0
2020-05-29,SPY,SPY (S&P 500 ETF),risk_parity_spy_cash,Risk-Parity,8674.453699177797,-0.13255463008222035,0.0015448154857162,0.0
2020-06-01,SPY,SPY (S&P 500 ETF),risk_parity_spy_cash,Risk-Parity,8686.643899532333,-0.13133561004676664,0.0014052989130246,0.0
2020-06-02,SPY,SPY (S&P 500 ETF),risk_parity_spy_cash,Risk-Parity,8711.718437543257,-0.12882815624567434,0.0028865622098626,0.0
2020-06-03,SPY,SPY (S&P 500 ETF),risk_parity_spy_cash,Risk-Parity,8752.35314445651,-0.12476468555434894,0.0046643733041391,0.0
2020-06-04,SPY,SPY (S&P 500 ETF),risk_parity_spy_cash,Risk-Parity,8744.014871805248,-0.1255985128194752,-0.0009526892383843,0.0066575537290531
2020-06-05,SPY,SPY (S&P 500 ETF),risk_parity_spy_cash,Risk-Parity,8824.592832595503,-0.11754071674044975,0.0092152131454026,0.0
2020-06-08,SPY,SPY (S&P 500 ETF),risk_parity_spy_cash,Risk-Parity,8863.569246022284,-0.11364307539777163,0.0044167945384192,0.0
2020-06-09,SPY,SPY (S&P 500 ETF),risk_parity_spy_cash,Risk-Parity,8839.234294488691,-0.11607657055113085,-0.002745502501096,0.0
2020-06-10,SPY,SPY (S&P 500 ETF),risk_parity_spy_cash,Risk-Parity,8821.159728100994,-0.11788402718990054,-0.0020448113247735,0.0
2020-06-11,SPY,SPY (S&P 500 ETF),risk_parity_spy_cash,Risk-Parity,8635.467016422679,-0.13645329835773212,-0.0210508274877696,0.0
2020-06-12,SPY,SPY (S&P 500 ETF),risk_parity_spy_cash,Risk-Parity,8671.817987762286,-0.13281820122377141,0.0042094968657138,0.0
2020-06-15,SPY,SPY (S&P 500 ETF),risk_parity_spy_cash,Risk-Parity,8700.494779555065,-0.12995052204449353,0.0033068950286143,0.0
2020-06-16,SPY,SPY (S&P 500 ETF),risk_parity_spy_cash,Risk-Parity,8760.170893306238,-0.12398291066937617,0.0068589333438142,0.0
2020-06-17,SPY,SPY (S&P 500 ETF),risk_parity_spy_cash,Risk-Parity,8747.04429917133,-0.12529557008286707,-0.0014984404179761,0.0
2020-06-18,SPY,SPY (S&P 500 ETF),risk_parity_spy_cash,Risk-Parity,8748.255946857571,-0.12517440531424295,0.0001385208128368,0.0
2020-06-19,SPY,SPY (S&P 500 ETF),risk_parity_spy_cash,Risk-Parity,8716.550035849192,-0.1283449964150808,-0.0036242550744949,0.0
2020-06-22,SPY,SPY (S&P 500 ETF),risk_parity_spy_cash,Risk-Parity,8736.542838973115,-0.12634571610268852,0.0022936601111331,0.0
2020-06-23,SPY,SPY (S&P 500 ETF),risk_parity_spy_cash,Risk-Parity,8750.98215415161,-0.12490178458483892,0.0016527493133877,0.0
2020-06-24,SPY,SPY (S&P 500 ETF),risk_parity_spy_cash,Risk-Parity,8670.606340076049,-0.1329393659923951,-0.0091847763667796,0.0
2020-06-25,SPY,SPY (S&P 500 ETF),risk_parity_spy_cash,Risk-Parity,8703.524206921147,-0.12964757930788529,0.0037964896056865,0.0
2020-06-26,SPY,SPY (S&P 500 ETF),risk_parity_spy_cash,Risk-Parity,8629.812455119907,-0.13701875448800926,-0.0084691844417027,0.0
2020-06-29,SPY,SPY (S&P 500 ETF),risk_parity_spy_cash,Risk-Parity,8674.342356492114,-0.1325657643507886,0.0051600080075655,0.0
2020-06-30,SPY,SPY (S&P 500 ETF),risk_parity_spy_cash,Risk-Parity,8713.722447047321,-0.12862775529526793,0.0045398358672958,0.0
2020-07-01,SPY,SPY (S&P 500 ETF),risk_parity_spy_cash,Risk-Parity,8735.533029851085,-0.12644669701489142,0.0025030155523435,0.0
2020-07-02,SPY,SPY (S&P 500 ETF),risk_parity_spy_cash,Risk-Parity,8752.79993383145,-0.12472000661685512,0.0019766285493236,0.0
2020-07-06,SPY,SPY (S&P 500 ETF),risk_parity_spy_cash,Risk-Parity,8850.779291821293,-0.11492207081787076,0.0111940588989281,0.3905258648616829
2020-07-07,SPY,SPY (S&P 500 ETF),risk_parity_spy_cash,Risk-Parity,8781.988736011592,-0.12180112639884078,-0.0077722597685006,0.0
2020-07-08,SPY,SPY (S&P 500 ETF),risk_parity_spy_cash,Risk-Parity,8832.477258568939,-0.11675227414310607,0.0057490989882864,0.0
2020-07-09,SPY,SPY (S&P 500 ETF),risk_parity_spy_cash,Risk-Parity,8794.611027150027,-0.12053889728499723,-0.0042871586657271,0.0
2020-07-10,SPY,SPY (S&P 500 ETF),risk_parity_spy_cash,Risk-Parity,8862.139418045525,-0.11378605819544751,0.0076783828968705,0.0
2020-07-13,SPY,SPY (S&P 500 ETF),risk_parity_spy_cash,Risk-Parity,8804.28783882439,-0.11957121611756105,-0.0065279473152198,0.0
2020-07-14,SPY,SPY (S&P 500 ETF),risk_parity_spy_cash,Risk-Parity,8890.118904968636,-0.11098810950313631,0.0097487801075466,0.0
2020-07-15,SPY,SPY (S&P 500 ETF),risk_parity_spy_cash,Risk-Parity,8951.756978932382,-0.10482430210676175,0.0069333239096831,0.0
2020-07-16,SPY,SPY (S&P 500 ETF),risk_parity_spy_cash,Risk-Parity,8929.457876119584,-0.10705421238804158,-0.0024910308518515,0.0
2020-07-17,SPY,SPY (S&P 500 ETF),risk_parity_spy_cash,Risk-Parity,8949.02207428614,-0.10509779257138596,0.0021909726702309,0.0
2020-07-20,SPY,SPY (S&P 500 ETF),risk_parity_spy_cash,Risk-Parity,9003.718241221766,-0.09962817587782336,0.0061119713954878,0.0
2020-07-21,SPY,SPY (S&P 500 ETF),risk_parity_spy_cash,Risk-Parity,9018.233779731509,-0.09817662202684918,0.0016121715629977,0.0
2020-07-22,SPY,SPY (S&P 500 ETF),risk_parity_spy_cash,Risk-Parity,9057.151601246793,-0.09428483987532077,0.0043154593755099,0.0
2020-07-23,SPY,SPY (S&P 500 ETF),risk_parity_spy_cash,Risk-Parity,8975.107671841552,-0.10248923281584488,-0.0090584692646576,0.0
2020-07-24,SPY,SPY (S&P 500 ETF),risk_parity_spy_cash,Risk-Parity,8931.35112349089,-0.10686488765091107,-0.0048753229432493,0.0
2020-07-27,SPY,SPY (S&P 500 ETF),risk_parity_spy_cash,Risk-Parity,8980.577481134032,-0.10194225188659678,0.0055116361413303,0.0
2020-07-28,SPY,SPY (S&P 500 ETF),risk_parity_spy_cash,Risk-Parity,8937.452015240473,-0.10625479847595265,-0.0048020816015623,0.0
2020-07-29,SPY,SPY (S&P 500 ETF),risk_parity_spy_cash,Risk-Parity,9020.547534742083,-0.09794524652579162,0.0092974507007046,0.0
2020-07-30,SPY,SPY (S&P 500 ETF),risk_parity_spy_cash,Risk-Parity,8996.144609740148,-0.10038553902598524,-0.0027052598423711,0.0
2020-07-31,SPY,SPY (S&P 500 ETF),risk_parity_spy_cash,Risk-Parity,9049.999119400838,-0.09500008805991622,0.0059863988404968,0.0
2020-08-03,SPY,SPY (S&P 500 ETF),risk_parity_spy_cash,Risk-Parity,9097.75337930834,-0.09022466206916602,0.0052767143153782,0.0
2020-08-04,SPY,SPY (S&P 500 ETF),risk_parity_spy_cash,Risk-Parity,9128.69308520158,-0.08713069147984209,0.0034008072766191,0.1623557731970893
2020-08-05,SPY,SPY (S&P 500 ETF),risk_parity_spy_cash,Risk-Parity,9181.01952256508,-0.08189804774349196,0.0057320841959649,0.0
2020-08-06,SPY,SPY (S&P 500 ETF),risk_parity_spy_cash,Risk-Parity,9237.685594051183,-0.07623144059488163,0.0061720892049985,0.0
2020-08-07,SPY,SPY (S&P 500 ETF),risk_parity_spy_cash,Risk-Parity,9243.812182163603,-0.07561878178363968,0.0006632167819575,0.0
2020-08-10,SPY,SPY (S&P 500 ETF),risk_parity_spy_cash,Risk-Parity,9269.337425554308,-0.07306625744456918,0.0027613329747173,0.0
2020-08-11,SPY,SPY (S&P 500 ETF),risk_parity_spy_cash,Risk-Parity,9198.63200282215,-0.08013679971778498,-0.0076278831469908,0.0
2020-08-12,SPY,SPY (S&P 500 ETF),risk_parity_spy_cash,Risk-Parity,9317.069506059945,-0.06829304939400549,0.0128755561915572,0.0
2020-08-13,SPY,SPY (S&P 500 ETF),risk_parity_spy_cash,Risk-Parity,9301.49870252794,-0.06985012974720595,-0.00167121255475,0.0
2020-08-14,SPY,SPY (S&P 500 ETF),risk_parity_spy_cash,Risk-Parity,9301.754204231802,-0.06982457957681987,2.7468874859160053e-05,0.0
2020-08-17,SPY,SPY (S&P 500 ETF),risk_parity_spy_cash,Risk-Parity,9329.06640161232,-0.06709335983876807,0.0029362415713041,0.0
2020-08-18,SPY,SPY (S&P 500 ETF),risk_parity_spy_cash,Risk-Parity,9347.700109716234,-0.06522998902837662,0.0019973818709975,0.0
2020-08-19,SPY,SPY (S&P 500 ETF),risk_parity_spy_cash,Risk-Parity,9311.709423059108,-0.0688290576940892,-0.0038502183675871,0.0
2020-08-20,SPY,SPY (S&P 500 ETF),risk_parity_spy_cash,Risk-Parity,9338.510617031903,-0.06614893829680968,0.002878224905346,0.0
2020-08-21,SPY,SPY (S&P 500 ETF),risk_parity_spy_cash,Risk-Parity,9369.14122068819,-0.06308587793118092,0.0032800309291742,0.0
2020-08-24,SPY,SPY (S&P 500 ETF),risk_parity_spy_cash,Risk-Parity,9456.948120269695,-0.05430518797303052,0.009371926147043,0.0
2020-08-25,SPY,SPY (S&P 500 ETF),risk_parity_spy_cash,Risk-Parity,9487.577944957373,-0.05124220550426273,0.0032388699079384,0.0
2020-08-26,SPY,SPY (S&P 500 ETF),risk_parity_spy_cash,Risk-Parity,9575.64034624274,-0.042435965375725915,0.0092818632738793,0.0
2020-08-27,SPY,SPY (S&P 500 ETF),risk_parity_spy_cash,Risk-Parity,9595.03900152102,-0.04049609984789804,0.002025833738199,0.0
2020-08-28,SPY,SPY (S&P 500 ETF),risk_parity_spy_cash,Risk-Parity,9652.470799150102,-0.03475292008498987,0.0059855720878234,0.0
2020-08-31,SPY,SPY (S&P 500 ETF),risk_parity_spy_cash,Risk-Parity,9620.054020472608,-0.037994597952739295,-0.003358391789214,0.0
2020-09-01,SPY,SPY (S&P 500 ETF),risk_parity_spy_cash,Risk-Parity,9704.032289339231,-0.029596771066076832,0.0087295007583023,0.0
2020-09-02,SPY,SPY (S&P 500 ETF),risk_parity_spy_cash,Risk-Parity,9843.67739025362,-0.01563226097463799,0.0143904200594839,0.0725297786526248
2020-09-03,SPY,SPY (S&P 500 ETF),risk_parity_spy_cash,Risk-Parity,9504.914067619256,-0.04950859323807433,-0.0344143056709456,0.0
2020-09-04,SPY,SPY (S&P 500 ETF),risk_parity_spy_cash,Risk-Parity,9427.309255233353,-0.05726907447666474,-0.0081647042607447,0.0
2020-09-08,SPY,SPY (S&P 500 ETF),risk_parity_spy_cash,Risk-Parity,9169.727557052847,-0.08302724429471531,-0.0273229286540604,0.0
2020-09-09,SPY,SPY (S&P 500 ETF),risk_parity_spy_cash,Risk-Parity,9350.805452619954,-0.06491945473800464,0.0197473582983205,0.0
2020-09-10,SPY,SPY (S&P 500 ETF),risk_parity_spy_cash,Risk-Parity,9188.441363887849,-0.08115586361121518,-0.0173636473943122,0.0
2020-09-11,SPY,SPY (S&P 500 ETF),risk_parity_spy_cash,Risk-Parity,9193.119185728308,-0.08068808142716921,0.0005090985135784,0.0
2020-09-14,SPY,SPY (S&P 500 ETF),risk_parity_spy_cash,Risk-Parity,9314.20422614762,-0.06857957738523801,0.0131712684207652,0.0
2020-09-15,SPY,SPY (S&P 500 ETF),risk_parity_spy_cash,Risk-Parity,9361.262945897764,-0.06387370541022352,0.0050523607393142,0.0
2020-09-16,SPY,SPY (S&P 500 ETF),risk_parity_spy_cash,Risk-Parity,9324.111634451372,-0.06758883655486281,-0.0039686217192169,0.0
2020-09-17,SPY,SPY (S&P 500 ETF),risk_parity_spy_cash,Risk-Parity,9242.103622799845,-0.07578963772001557,-0.008795262741012,0.0
2020-09-18,SPY,SPY (S&P 500 ETF),risk_parity_spy_cash,Risk-Parity,9099.278048451632,-0.09007219515483689,-0.0154537949559304,0.0
2020-09-21,SPY,SPY (S&P 500 ETF),risk_parity_spy_cash,Risk-Parity,8998.006984815436,-0.10019930151845635,-0.0111295712799357,0.0
2020-09-22,SPY,SPY (S&P 500 ETF),risk_parity_spy_cash,Risk-Parity,9089.646102547104,-0.09103538974528969,0.0101843794838472,0.0
2020-09-23,SPY,SPY (S&P 500 ETF),risk_parity_spy_cash,Risk-Parity,8878.848501541906,-0.11211514984580939,-0.023190958000678,0.0
2020-09-24,SPY,SPY (S&P 500 ETF),risk_parity_spy_cash,Risk-Parity,8902.514752792202,-0.10974852472077978,0.0026654640234242,0.0
2020-09-25,SPY,SPY (S&P 500 ETF),risk_parity_spy_cash,Risk-Parity,9046.441336912918,-0.09535586630870818,0.0161669582266712,0.0
2020-09-28,SPY,SPY (S&P 500 ETF),risk_parity_spy_cash,Risk-Parity,9196.696837620651,-0.08033031623793485,0.0166093489264818,0.0
2020-09-29,SPY,SPY (S&P 500 ETF),risk_parity_spy_cash,Risk-Parity,9146.611390776612,-0.08533886092233878,-0.0054460256468559,0.0
2020-09-30,SPY,SPY (S&P 500 ETF),risk_parity_spy_cash,Risk-Parity,9215.960729429711,-0.07840392705702892,0.0075819705998476,0.0
2020-10-01,SPY,SPY (S&P 500 ETF),risk_parity_spy_cash,Risk-Parity,9275.12719737984,-0.07248728026201612,0.0064200000072902,0.0
2020-10-02,SPY,SPY (S&P 500 ETF),risk_parity_spy_cash,Risk-Parity,9187.064891716129,-0.0812935108283871,-0.0094944580046933,0.0
2020-10-05,SPY,SPY (S&P 500 ETF),risk_parity_spy_cash,Risk-Parity,9349.97990524668,-0.06500200947533197,0.0177330861870204,0.0
2020-10-06,SPY,SPY (S&P 500 ETF),risk_parity_spy_cash,Risk-Parity,9217.06089937783,-0.07829391006221709,-0.0142159670091122,0.0
2020-10-07,SPY,SPY (S&P 500 ETF),risk_parity_spy_cash,Risk-Parity,9377.49927078854,-0.06225007292114604,0.0174066736850506,0.0
2020-10-08,SPY,SPY (S&P 500 ETF),risk_parity_spy_cash,Risk-Parity,9460.607452388182,-0.05393925476118189,0.0088625100572952,0.0
2020-10-09,SPY,SPY (S&P 500 ETF),risk_parity_spy_cash,Risk-Parity,9545.09210615955,-0.04549078938404494,0.0089301510708006,0.0
2020-10-12,SPY,SPY (S&P 500 ETF),risk_parity_spy_cash,Risk-Parity,9698.649796360409,-0.030135020363959097,0.0160876069599962,0.0
2020-10-13,SPY,SPY (S&P 500 ETF),risk_parity_spy_cash,Risk-Parity,9635.355591543885,-0.03646444084561151,-0.0065260841607331,0.0
2020-10-14,SPY,SPY (S&P 500 ETF),risk_parity_spy_cash,Risk-Parity,9574.812651422031,-0.04251873485779689,-0.0062834152353425,0.0
2020-10-15,SPY,SPY (S&P 500 ETF),risk_parity_spy_cash,Risk-Parity,9562.979525796884,-0.043702047420311696,-0.0012358597557927,0.0
2020-10-16,SPY,SPY (S&P 500 ETF),risk_parity_spy_cash,Risk-Parity,9557.200694183924,-0.04427993058160751,-0.0006042919570593,0.0
2020-10-19,SPY,SPY (S&P 500 ETF),risk_parity_spy_cash,Risk-Parity,9411.89847771587,-0.058810152228413015,-0.0152034284010041,0.0
2020-10-20,SPY,SPY (S&P 500 ETF),risk_parity_spy_cash,Risk-Parity,9449.599874136316,-0.05504001258636837,0.0040057164353941,0.0
2020-10-21,SPY,SPY (S&P 500 ETF),risk_parity_spy_cash,Risk-Parity,9431.712454498984,-0.05682875455010161,-0.0018929287880528,0.0
2020-10-22,SPY,SPY (S&P 500 ETF),risk_parity_spy_cash,Risk-Parity,9483.448156265198,-0.051655184373480156,0.0054852925188082,0.0
2020-10-23,SPY,SPY (S&P 500 ETF),risk_parity_spy_cash,Risk-Parity,9515.646183471908,-0.04843538165280914,0.0033951814441497,0.0
2020-10-26,SPY,SPY (S&P 500 ETF),risk_parity_spy_cash,Risk-Parity,9339.797874368092,-0.0660202125631908,-0.0184799125265135,0.0
2020-10-27,SPY,SPY (S&P 500 ETF),risk_parity_spy_cash,Risk-Parity,9307.599847161384,-0.06924001528386159,-0.003447400858114,0.0
2020-10-28,SPY,SPY (S&P 500 ETF),risk_parity_spy_cash,Risk-Parity,8989.476048683417,-0.10105239513165831,-0.0341789294449511,0.0
2020-10-29,SPY,SPY (S&P 500 ETF),risk_parity_spy_cash,Risk-Parity,9080.84054384025,-0.09191594561597505,0.0101634950315279,0.0
2020-10-30,SPY,SPY (S&P 500 ETF),risk_parity_spy_cash,Risk-Parity,8986.173859190296,-0.10138261408097038,-0.0104248812863659,0.0
2020-11-02,SPY,SPY (S&P 500 ETF),risk_parity_spy_cash,Risk-Parity,9086.894837852436,-0.09131051621475639,0.0112084386792863,0.0
2020-11-03,SPY,SPY (S&P 500 ETF),risk_parity_spy_cash,Risk-Parity,9247.332369438758,-0.07526676305612423,0.0176559247629897,0.0
2020-11-04,SPY,SPY (S&P 500 ETF),risk_parity_spy_cash,Risk-Parity,9454.003073401942,-0.0545996926598058,0.0223492241553038,0.0
2020-11-05,SPY,SPY (S&P 500 ETF),risk_parity_spy_cash,Risk-Parity,9638.38231863778,-0.03616176813622207,0.019502769758408,0.0
2020-11-06,SPY,SPY (S&P 500 ETF),risk_parity_spy_cash,Risk-Parity,9636.181138917163,-0.036381886108283634,-0.0002283764689808,0.0
2020-11-09,SPY,SPY (S&P 500 ETF),risk_parity_spy_cash,Risk-Parity,9757.266179336477,-0.024273382066352323,0.0125656666965601,0.0
2020-11-10,SPY,SPY (S&P 500 ETF),risk_parity_spy_cash,Risk-Parity,9742.956411591487,-0.025704358840851316,-0.001466575522485,0.0
2020-11-11,SPY,SPY (S&P 500 ETF),risk_parity_spy_cash,Risk-Parity,9815.332477338488,-0.018466752266151132,0.0074285527605244,0.0
2020-11-12,SPY,SPY (S&P 500 ETF),risk_parity_spy_cash,Risk-Parity,9720.114867890086,-0.027988513210991384,-0.0097009051571342,0.0
2020-11-13,SPY,SPY (S&P 500 ETF),risk_parity_spy_cash,Risk-Parity,9854.684968505497,-0.014531503149450287,0.0138444969472484,0.0
2020-11-16,SPY,SPY (S&P 500 ETF),risk_parity_spy_cash,Risk-Parity,9977.696566070594,-0.0022303433929405925,0.0124825499707226,0.0
2020-11-17,SPY,SPY (S&P 500 ETF),risk_parity_spy_cash,Risk-Parity,9924.033467334208,-0.007596653266579212,-0.005378305341422,0.0
2020-11-18,SPY,SPY (S&P 500 ETF),risk_parity_spy_cash,Risk-Parity,9804.599521661456,-0.019540047833854435,-0.0120348189136885,0.0
2020-11-19,SPY,SPY (S&P 500 ETF),risk_parity_spy_cash,Risk-Parity,9845.87856997425,-0.015412143002575096,0.0042101717894336,0.0
2020-11-20,SPY,SPY (S&P 500 ETF),risk_parity_spy_cash,Risk-Parity,9778.455788466934,-0.02215442115330657,-0.0068478176963228,0.0
2020-11-23,SPY,SPY (S&P 500 ETF),risk_parity_spy_cash,Risk-Parity,9837.072171443,-0.016292782855700016,0.005994441683236,0.0
2020-11-24,SPY,SPY (S&P 500 ETF),risk_parity_spy_cash,Risk-Parity,9995.583985707926,-0.00044160142920735,0.0161137187470359,0.0
2020-11-25,SPY,SPY (S&P 500 ETF),risk_parity_spy_cash,Risk-Parity,9980.173208190436,-0.0019826791809564037,-0.0015417585945479,0.0
2020-11-27,SPY,SPY (S&P 500 ETF),risk_parity_spy_cash,Risk-Parity,10007.96803613152,0.0007968036131520417,0.0027850045646777,0.0
2020-11-30,SPY,SPY (S&P 500 ETF),risk_parity_spy_cash,Risk-Parity,9963.661420900442,-0.003633857909955851,-0.0044271339667671,0.0
2020-12-01,SPY,SPY (S&P 500 ETF),risk_parity_spy_cash,Risk-Parity,10072.637873295384,0.007263787329538252,0.0109373901612459,0.0
2020-12-02,SPY,SPY (S&P 500 ETF),risk_parity_spy_cash,Risk-Parity,10093.828322250223,0.00938283222502223,0.0021037636040726,0.0
2020-12-03,SPY,SPY (S&P 500 ETF),risk_parity_spy_cash,Risk-Parity,10091.076217731164,0.009107621773116525,-0.0002726522020387,0.0
2020-12-04,SPY,SPY (S&P 500 ETF),risk_parity_spy_cash,Risk-Parity,10178.03751362237,0.017803751362237108,0.008617643352887,0.0
2020-12-07,SPY,SPY (S&P 500 ETF),risk_parity_spy_cash,Risk-Parity,10157.122527066753,0.01571225270667531,-0.0020549134867725,0.0
2020-12-08,SPY,SPY (S&P 500 ETF),risk_parity_spy_cash,Risk-Parity,10186.84391215362,0.01868439121536203,0.0029261619132452,0.0
2020-12-09,SPY,SPY (S&P 500 ETF),risk_parity_spy_cash,Risk-Parity,10095.479416996786,0.009547941699678653,-0.0089688716097661,0.0
2020-12-10,SPY,SPY (S&P 500 ETF),risk_parity_spy_cash,Risk-Parity,10092.177227503666,0.009217722750366475,-0.0003270958571379,0.0
2020-12-11,SPY,SPY (S&P 500 ETF),risk_parity_spy_cash,Risk-Parity,10080.343262054132,0.008034326205413223,-0.0011725879542903,0.0
2020-12-14,SPY,SPY (S&P 500 ETF),risk_parity_spy_cash,Risk-Parity,10035.21193927416,0.003521193927416011,-0.0044771613036098,0.0
2020-12-15,SPY,SPY (S&P 500 ETF),risk_parity_spy_cash,Risk-Parity,10170.882209837684,0.017088220983768387,0.013519422547775,0.0
2020-12-16,SPY,SPY (S&P 500 ETF),risk_parity_spy_cash,Risk-Parity,10186.84391215362,0.01868439121536203,0.001569352784412,0.0
2020-12-17,SPY,SPY (S&P 500 ETF),risk_parity_spy_cash,Risk-Parity,10243.808360558738,0.02438083605587371,0.0055919624268667,0.0
2020-12-18,SPY,SPY (S&P 500 ETF),risk_parity_spy_cash,Risk-Parity,10159.599169186597,0.015959916918659722,-0.0082204965583279,0.0
2020-12-21,SPY,SPY (S&P 500 ETF),risk_parity_spy_cash,Risk-Parity,10123.273405113485,0.012327340511348428,-0.003575511540188,0.0
2020-12-22,SPY,SPY (S&P 500 ETF),risk_parity_spy_cash,Risk-Parity,10106.211532849433,0.010621153284943174,-0.0016854105960858,0.0
2020-12-23,SPY,SPY (S&P 500 ETF),risk_parity_spy_cash,Risk-Parity,10115.293393779904,0.0115293393779905,0.0008986414840965,0.0
2020-12-24,SPY,SPY (S&P 500 ETF),risk_parity_spy_cash,Risk-Parity,10154.64588494691,0.015464588494691123,0.0038903954275024,0.0
2020-12-28,SPY,SPY (S&P 500 ETF),risk_parity_spy_cash,Risk-Parity,10241.882643237344,0.024188264323734332,0.0085908222973831,0.0
2020-12-29,SPY,SPY (S&P 500 ETF),risk_parity_spy_cash,Risk-Parity,10222.34328902906,0.02223432890290611,-0.001907789308754,0.0
2020-12-30,SPY,SPY (S&P 500 ETF),risk_parity_spy_cash,Risk-Parity,10236.92851917327,0.02369285191732695,0.0014267990940848,0.0
2020-12-31,SPY,SPY (S&P 500 ETF),risk_parity_spy_cash,Risk-Parity,10288.940523163095,0.028894052316309482,0.005080821253407,0.0
2021-01-04,SPY,SPY (S&P 500 ETF),risk_parity_spy_cash,Risk-Parity,10148.867053333946,0.014886705333394534,-0.0136139838221249,0.0
2021-01-05,SPY,SPY (S&P 500 ETF),risk_parity_spy_cash,Risk-Parity,10218.765637136714,0.021876563713671304,0.0068873287466906,0.0
2021-01-06,SPY,SPY (S&P 500 ETF),risk_parity_spy_cash,Risk-Parity,10279.858662232624,0.02798586622326238,0.0059785131849865,0.0
2021-01-07,SPY,SPY (S&P 500 ETF),risk_parity_spy_cash,Risk-Parity,10432.591644884586,0.04325916448845857,0.0148574983052141,0.0
2021-01-08,SPY,SPY (S&P 500 ETF),risk_parity_spy_cash,Risk-Parity,10492.033575233934,0.04920335752339344,0.0056977146592807,0.0
2021-01-11,SPY,SPY (S&P 500 ETF),risk_parity_spy_cash,Risk-Parity,10421.308604233498,0.0421308604233499,-0.0067408258364117,0.0
2021-01-12,SPY,SPY (S&P 500 ETF),risk_parity_spy_cash,Risk-Parity,10423.509783954114,0.042350978395411465,0.0002112191284424,0.0
2021-01-13,SPY,SPY (S&P 500 ETF),risk_parity_spy_cash,Risk-Parity,10451.58007429442,0.04515800742944198,0.0026929787492038,0.0
2021-01-14,SPY,SPY (S&P 500 ETF),risk_parity_spy_cash,Risk-Parity,10414.978847822087,0.04149788478220873,-0.0035019801993724,0.0
2021-01-15,SPY,SPY (S&P 500 ETF),risk_parity_spy_cash,Risk-Parity,10339.025970007136,0.03390259700071363,-0.0072926579040374,0.0
2021-01-19,SPY,SPY (S&P 500 ETF),risk_parity_spy_cash,Risk-Parity,10420.207594460991,0.042020759446099065,0.0078519605898428,0.0
2021-01-20,SPY,SPY (S&P 500 ETF),risk_parity_spy_cash,Risk-Parity,10564.40964098093,0.05644096409809296,0.0138386922921374,0.0
2021-01-21,SPY,SPY (S&P 500 ETF),risk_parity_spy_cash,Risk-Parity,10574.04074706107,0.05740407470610709,0.0009116558716901,0.0
2021-01-22,SPY,SPY (S&P 500 ETF),risk_parity_spy_cash,Risk-Parity,10536.614813039843,0.053661481303984404,-0.0035394164744094,0.0
2021-01-25,SPY,SPY (S&P 500 ETF),risk_parity_spy_cash,Risk-Parity,10578.16932375186,0.057816932375186036,0.0039438198557462,0.0
2021-01-26,SPY,SPY (S&P 500 ETF),risk_parity_spy_cash,Risk-Parity,10561.657536461867,0.05616575364618681,-0.0015609305149728,0.0
2021-01-27,SPY,SPY (S&P 500 ETF),risk_parity_spy_cash,Risk-Parity,10303.525753307304,0.030352575330730325,-0.0244404613824504,0.0
2021-01-28,SPY,SPY (S&P 500 ETF),risk_parity_spy_cash,Risk-Parity,10392.138143945072,0.03921381439450733,0.0086002008205128,0.0
2021-01-29,SPY,SPY (S&P 500 ETF),risk_parity_spy_cash,Risk-Parity,10184.091807634552,0.018409180763455213,-0.020019589176818,0.0
2021-02-01,SPY,SPY (S&P 500 ETF),risk_parity_spy_cash,Risk-Parity,10353.611200151345,0.03536112001513447,0.0166455090663766,0.0
2021-02-02,SPY,SPY (S&P 500 ETF),risk_parity_spy_cash,Risk-Parity,10500.013586567517,0.05000135865675159,0.0141402244671917,0.0
2021-02-03,SPY,SPY (S&P 500 ETF),risk_parity_spy_cash,Risk-Parity,10508.269900124704,0.050826990012470485,0.0007863145594164,0.0
2021-02-04,SPY,SPY (S&P 500 ETF),risk_parity_spy_cash,Risk-Parity,10627.70384579746,0.06277038457974604,0.0113657097512633,0.0
2021-02-05,SPY,SPY (S&P 500 ETF),risk_parity_spy_cash,Risk-Parity,10669.532979084308,0.06695329790843085,0.0039358580078789,0.0
2021-02-08,SPY,SPY (S&P 500 ETF),risk_parity_spy_cash,Risk-Parity,10746.587706496151,0.07465877064961512,0.0072219400383219,0.0
2021-02-09,SPY,SPY (S&P 500 ETF),risk_parity_spy_cash,Risk-Parity,10739.432402711464,0.0739432402711464,-0.0006658210010571,0.0
2021-02-10,SPY,SPY (S&P 500 ETF),risk_parity_spy_cash,Risk-Parity,10734.753741046618,0.07347537410466165,-0.0004356526014974,0.0
2021-02-11,SPY,SPY (S&P 500 ETF),risk_parity_spy_cash,Risk-Parity,10752.091075709892,0.07520910757098909,0.0016150658954552,0.0
2021-02-12,SPY,SPY (S&P 500 ETF),risk_parity_spy_cash,Risk-Parity,10805.204089472218,0.08052040894722179,0.0049397845859318,0.0
2021-02-16,SPY,SPY (S&P 500 ETF),risk_parity_spy_cash,Risk-Parity,10795.846766142526,0.0795846766142525,-0.0008660015352055,0.0
2021-02-17,SPY,SPY (S&P 500 ETF),risk_parity_spy_cash,Risk-Parity,10798.324248086752,0.07983242480867525,0.0002294847266632,0.0
2021-02-18,SPY,SPY (S&P 500 ETF),risk_parity_spy_cash,Risk-Parity,10752.366538109112,0.07523665381091127,-0.0042560038874348,0.0
2021-02-19,SPY,SPY (S&P 500 ETF),risk_parity_spy_cash,Risk-Parity,10733.378108699277,0.07333781086992763,-0.0017659767589335,0.0
2021-02-22,SPY,SPY (S&P 500 ETF),risk_parity_spy_cash,Risk-Parity,10650.820012073693,0.06508200120736918,-0.0076917160459178,0.0
2021-02-23,SPY,SPY (S&P 500 ETF),risk_parity_spy_cash,Risk-Parity,10663.754147471342,0.06637541474713426,0.0012143793044092,0.0
2021-02-24,SPY,SPY (S&P 500 ETF),risk_parity_spy_cash,Risk-Parity,10781.26153599831,0.078126153599831,0.0110193264868951,0.0
2021-02-25,SPY,SPY (S&P 500 ETF),risk_parity_spy_cash,Risk-Parity,10521.478658097189,0.05214786580971875,-0.0240957773850226,0.0
2021-02-26,SPY,SPY (S&P 500 ETF),risk_parity_spy_cash,Risk-Parity,10467.265474386744,0.04672654743867444,-0.0051526202230824,0.0
2021-03-01,SPY,SPY (S&P 500 ETF),risk_parity_spy_cash,Risk-Parity,10720.994058275684,0.07209940582756835,0.0242401976437693,0.0
2021-03-02,SPY,SPY (S&P 500 ETF),risk_parity_spy_cash,Risk-Parity,10637.335791701982,0.06373357917019828,-0.0078032191902134,0.0
2021-03-03,SPY,SPY (S&P 500 ETF),risk_parity_spy_cash,Risk-Parity,10496.436774499554,0.04964367744995535,-0.0132457055000878,0.0
2021-03-04,SPY,SPY (S&P 500 ETF),risk_parity_spy_cash,Risk-Parity,10366.545335548994,0.03665453355489934,-0.012374812685589,0.0
2021-03-05,SPY,SPY (S&P 500 ETF),risk_parity_spy_cash,Risk-Parity,10557.254337196238,0.055725433719623796,0.0183965820313605,0.0
2021-03-08,SPY,SPY (S&P 500 ETF),risk_parity_spy_cash,Risk-Parity,10504.692248232355,0.05046922482323546,-0.0049787650543465,0.0
2021-03-09,SPY,SPY (S&P 500 ETF),risk_parity_spy_cash,Risk-Parity,10654.673126365256,0.06546731263652572,0.0142775128093959,0.0
2021-03-10,SPY,SPY (S&P 500 ETF),risk_parity_spy_cash,Risk-Parity,10720.99405827568,0.07209940582756813,0.0062245862565517,0.0
2021-03-11,SPY,SPY (S&P 500 ETF),risk_parity_spy_cash,Risk-Parity,10829.695888095788,0.08296958880957872,0.0101391558683123,0.0
2021-03-12,SPY,SPY (S&P 500 ETF),risk_parity_spy_cash,Risk-Parity,10844.281118239998,0.08442811182399979,0.0013467811372471,0.0
2021-03-15,SPY,SPY (S&P 500 ETF),risk_parity_spy_cash,Risk-Parity,10908.95179522825,0.090895179522825,0.0059635743746513,0.0
2021-03-16,SPY,SPY (S&P 500 ETF),risk_parity_spy_cash,Risk-Parity,10895.192112457318,0.08951921124573192,-0.0012613203384902,0.0
2021-03-17,SPY,SPY (S&P 500 ETF),risk_parity_spy_cash,Risk-Parity,10932.34342390371,0.09323434239037098,0.0034098812634899,0.0
2021-03-18,SPY,SPY (S&P 500 ETF),risk_parity_spy_cash,Risk-Parity,10773.281524664726,0.07732815246647262,-0.0145496617761927,0.0
2021-03-19,SPY,SPY (S&P 500 ETF),risk_parity_spy_cash,Risk-Parity,10718.242793581005,0.07182427935810054,-0.0051088176761848,0.0
2021-03-22,SPY,SPY (S&P 500 ETF),risk_parity_spy_cash,Risk-Parity,10803.827617300489,0.08038276173004877,0.0079849678130765,0.0
2021-03-23,SPY,SPY (S&P 500 ETF),risk_parity_spy_cash,Risk-Parity,10718.79287855506,0.0718792878555059,-0.0078707974393498,0.0
2021-03-24,SPY,SPY (S&P 500 ETF),risk_parity_spy_cash,Risk-Parity,10664.304232445396,0.06643042324453963,-0.0050834685143213,0.0
2021-03-25,SPY,SPY (S&P 500 ETF),risk_parity_spy_cash,Risk-Parity,10724.29708759319,0.07242970875931887,0.0056255761126235,0.0
2021-03-26,SPY,SPY (S&P 500 ETF),risk_parity_spy_cash,Risk-Parity,10897.118669603102,0.08971186696031008,0.0161149565886091,0.0
2021-03-29,SPY,SPY (S&P 500 ETF),risk_parity_spy_cash,Risk-Parity,10891.614460564972,0.08916144605649712,-0.0005051068273196,0.0
2021-03-30,SPY,SPY (S&P 500 ETF),risk_parity_spy_cash,Risk-Parity,10862.719462675774,0.08627194626757739,-0.002652958199523,0.0
2021-03-31,SPY,SPY (S&P 500 ETF),risk_parity_spy_cash,Risk-Parity,10906.749775683242,0.09067497756832421,0.0040533416294838,0.0
2021-04-01,SPY,SPY (S&P 500 ETF),risk_parity_spy_cash,Risk-Parity,11024.532626609434,0.10245326266094334,0.0107990788592942,0.0
2021-04-05,SPY,SPY (S&P 500 ETF),risk_parity_spy_cash,Risk-Parity,11182.768978475138,0.11827689784751372,0.0143531120297812,0.0
2021-04-06,SPY,SPY (S&P 500 ETF),risk_parity_spy_cash,Risk-Parity,11176.164599488897,0.11761645994888958,-0.0005905853012752,0.0
2021-04-07,SPY,SPY (S&P 500 ETF),risk_parity_spy_cash,Risk-Parity,11189.098734886547,0.11890987348865467,0.0011572964304984,0.0
2021-04-08,SPY,SPY (S&P 500 ETF),risk_parity_spy_cash,Risk-Parity,11242.210908824489,0.12422109088244881,0.0047467785561978,0.0
2021-04-09,SPY,SPY (S&P 500 ETF),risk_parity_spy_cash,Risk-Parity,11323.94345807679,0.13239434580767906,0.0072701490761171,0.0
2021-04-12,SPY,SPY (S&P 500 ETF),risk_parity_spy_cash,Risk-Parity,11328.07203476758,0.132807203476758,0.0003645882466716,0.0
2021-04-13,SPY,SPY (S&P 500 ETF),risk_parity_spy_cash,Risk-Parity,11361.64485449724,0.13616448544972415,0.0029636834605764,0.0
2021-04-14,SPY,SPY (S&P 500 ETF),risk_parity_spy_cash,Risk-Parity,11322.843288128675,0.13228432881286745,-0.0034151363526561,0.0
2021-04-15,SPY,SPY (S&P 500 ETF),risk_parity_spy_cash,Risk-Parity,11444.478413522049,0.1444478413522048,0.0107424541961909,0.0
2021-04-16,SPY,SPY (S&P 500 ETF),risk_parity_spy_cash,Risk-Parity,11482.73073474094,0.14827307347409402,0.0033424259137662,0.0
2021-04-19,SPY,SPY (S&P 500 ETF),risk_parity_spy_cash,Risk-Parity,11426.315531485492,0.14263155314854914,-0.0049130476503088,0.0
2021-04-20,SPY,SPY (S&P 500 ETF),risk_parity_spy_cash,Risk-Parity,11342.657264911792,0.13426572649117907,-0.0073215435319616,0.0
2021-04-21,SPY,SPY (S&P 500 ETF),risk_parity_spy_cash,Risk-Parity,11449.982622560176,0.14499826225601753,0.0094621000301571,0.0
2021-04-22,SPY,SPY (S&P 500 ETF),risk_parity_spy_cash,Risk-Parity,11345.408529606468,0.13454085296064666,-0.0091331224160692,0.0
2021-04-23,SPY,SPY (S&P 500 ETF),risk_parity_spy_cash,Risk-Parity,11468.420127171565,0.14684201271715658,0.010842412350696,0.0
2021-04-26,SPY,SPY (S&P 500 ETF),risk_parity_spy_cash,Risk-Parity,11492.361840821082,0.14923618408210815,0.0020876209088986,0.0
2021-04-27,SPY,SPY (S&P 500 ETF),risk_parity_spy_cash,Risk-Parity,11489.885198701242,0.14898851987012418,-0.0002155033189994,0.0
2021-04-28,SPY,SPY (S&P 500 ETF),risk_parity_spy_cash,Risk-Parity,11486.58300920812,0.148658300920812,-0.000287399694254,0.0
2021-04-29,SPY,SPY (S&P 500 ETF),risk_parity_spy_cash,Risk-Parity,11559.7846223284,0.15597846223283995,0.0063727927671437,0.0
2021-04-30,SPY,SPY (S&P 500 ETF),risk_parity_spy_cash,Risk-Parity,11483.83090468906,0.14838309046890608,-0.0065705132163649,0.0
2021-05-03,SPY,SPY (S&P 500 ETF),risk_parity_spy_cash,Risk-Parity,11508.599005536244,0.15085990055362442,0.0021567803508037,0.0
2021-05-04,SPY,SPY (S&P 500 ETF),risk_parity_spy_cash,Risk-Parity,11437.598572136583,0.14375985721365825,-0.0061693376722488,0.0
2021-05-05,SPY,SPY (S&P 500 ETF),risk_parity_spy_cash,Risk-Parity,11441.176224028928,0.14411762240289283,0.0003127974696592,0.0
2021-05-06,SPY,SPY (S&P 500 ETF),risk_parity_spy_cash,Risk-Parity,11532.540719185765,0.15325407191857643,0.0079855858670325,0.0
2021-05-07,SPY,SPY (S&P 500 ETF),risk_parity_spy_cash,Risk-Parity,11616.474448158684,0.16164744481586846,0.0072779911223974,0.0
2021-05-10,SPY,SPY (S&P 500 ETF),risk_parity_spy_cash,Risk-Parity,11501.443701751556,0.15014437017515547,-0.0099023801860435,0.0
2021-05-11,SPY,SPY (S&P 500 ETF),risk_parity_spy_cash,Risk-Parity,11398.796165943631,0.1398796165943632,-0.0089247522719509,0.0
2021-05-12,SPY,SPY (S&P 500 ETF),risk_parity_spy_cash,Risk-Parity,11156.626085105008,0.11566260851050081,-0.0212452330327793,0.0
2021-05-13,SPY,SPY (S&P 500 ETF),risk_parity_spy_cash,Risk-Parity,11290.645260921972,0.1290645260921972,0.0120125183720094,0.0
2021-05-14,SPY,SPY (S&P 500 ETF),risk_parity_spy_cash,Risk-Parity,11464.016927905945,0.14640169279059445,0.0153553373591523,0.0
2021-05-17,SPY,SPY (S&P 500 ETF),risk_parity_spy_cash,Risk-Parity,11434.846467617524,0.14348464676175254,-0.0025445234835107,0.0
2021-05-18,SPY,SPY (S&P 500 ETF),risk_parity_spy_cash,Risk-Parity,11336.32750850039,0.133632750850039,-0.0086156783474207,0.0
2021-05-19,SPY,SPY (S&P 500 ETF),risk_parity_spy_cash,Risk-Parity,11306.60612341352,0.13066061234135184,-0.0026217825009539,0.0
2021-05-20,SPY,SPY (S&P 500 ETF),risk_parity_spy_cash,Risk-Parity,11428.24208863128,0.14282420886312797,0.010757955472233,0.0
2021-05-21,SPY,SPY (S&P 500 ETF),risk_parity_spy_cash,Risk-Parity,11418.885605125975,0.14188856051259746,-0.0008187158998506,0.0
2021-05-24,SPY,SPY (S&P 500 ETF),risk_parity_spy_cash,Risk-Parity,11535.292823704827,0.1535292823704828,0.0101942713680043,0.0
2021-05-25,SPY,SPY (S&P 500 ETF),risk_parity_spy_cash,Risk-Parity,11509.699175484362,0.15096991754843625,-0.0022187254898178,0.0
2021-05-26,SPY,SPY (S&P 500 ETF),risk_parity_spy_cash,Risk-Parity,11532.540719185765,0.15325407191857643,0.0019845474111135,0.0
2021-05-27,SPY,SPY (S&P 500 ETF),risk_parity_spy_cash,Risk-Parity,11538.595013197948,0.15385950131979476,0.0005249748654354,0.0
2021-05-28,SPY,SPY (S&P 500 ETF),risk_parity_spy_cash,Risk-Parity,11559.234537354345,0.1559234537354346,0.001788738068438,0.0
2021-06-01,SPY,SPY (S&P 500 ETF),risk_parity_spy_cash,Risk-Parity,11549.052506475758,0.15490525064757588,-0.000880856846159,0.0
2021-06-02,SPY,SPY (S&P 500 ETF),risk_parity_spy_cash,Risk-Parity,11567.214548687924,0.1567214548687923,0.001572600193997,0.0
2021-06-03,SPY,SPY (S&P 500 ETF),risk_parity_spy_cash,Risk-Parity,11524.284405628572,0.15242844056285731,-0.0037113639483952,0.0
2021-06-04,SPY,SPY (S&P 500 ETF),risk_parity_spy_cash,Risk-Parity,11629.68404595556,0.16296840459555595,0.009145872890425,0.0
2021-06-07,SPY,SPY (S&P 500 ETF),risk_parity_spy_cash,Risk-Parity,11618.401005304471,0.16184010053044706,-0.00097019322335,0.0
2021-06-08,SPY,SPY (S&P 500 ETF),risk_parity_spy_cash,Risk-Parity,11620.877647424311,0.16208776474243103,0.0002131654879797,0.0
2021-06-09,SPY,SPY (S&P 500 ETF),risk_parity_spy_cash,Risk-Parity,11603.540312761035,0.1603540312761036,-0.0014919126755557,0.0
2021-06-10,SPY,SPY (S&P 500 ETF),risk_parity_spy_cash,Risk-Parity,11657.478034072255,0.1657478034072255,0.0046483848771483,0.0
2021-06-11,SPY,SPY (S&P 500 ETF),risk_parity_spy_cash,Risk-Parity,11676.741925881315,0.16767419258813154,0.0016524922245406,0.0
2021-06-14,SPY,SPY (S&P 500 ETF),risk_parity_spy_cash,Risk-Parity,11702.88565907584,0.17028856590758412,0.0022389578668837,0.0
2021-06-15,SPY,SPY (S&P 500 ETF),risk_parity_spy_cash,Risk-Parity,11681.420587546165,0.16814205875461652,-0.0018341691233246,0.0
2021-06-16,SPY,SPY (S&P 500 ETF),risk_parity_spy_cash,Risk-Parity,11616.198985759464,0.16161989857594627,-0.00558336216883,0.0
2021-06-17,SPY,SPY (S&P 500 ETF),risk_parity_spy_cash,Risk-Parity,11612.346711292286,0.16123467112922873,-0.0003316295177021,0.0
2021-06-18,SPY,SPY (S&P 500 ETF),risk_parity_spy_cash,Risk-Parity,11418.335520151915,0.14183355201519143,-0.0167073198866604,0.0
2021-06-21,SPY,SPY (S&P 500 ETF),risk_parity_spy_cash,Risk-Parity,11581.799778832135,0.15817997788321358,0.0143159445955785,0.0
2021-06-22,SPY,SPY (S&P 500 ETF),risk_parity_spy_cash,Risk-Parity,11643.718351301324,0.16437183513013243,0.0053461960706966,0.0
2021-06-23,SPY,SPY (S&P 500 ETF),risk_parity_spy_cash,Risk-Parity,11629.68404595556,0.16296840459555595,-0.0012053113036865,0.0
2021-06-24,SPY,SPY (S&P 500 ETF),risk_parity_spy_cash,Risk-Parity,11698.482459810211,0.1698482459810211,0.0059157594980905,0.0
2021-06-25,SPY,SPY (S&P 500 ETF),risk_parity_spy_cash,Risk-Parity,11740.03613069784,0.17400361306978396,0.0035520565193292,0.0
2021-06-28,SPY,SPY (S&P 500 ETF),risk_parity_spy_cash,Risk-Parity,11763.703221772525,0.17637032217725235,0.0020159300032134,0.0
2021-06-29,SPY,SPY (S&P 500 ETF),risk_parity_spy_cash,Risk-Parity,11770.032978183934,0.1770032978183933,0.000538075153043,0.0
2021-06-30,SPY,SPY (S&P 500 ETF),risk_parity_spy_cash,Risk-Parity,11779.939546663296,0.1779939546663296,0.000841677206659,0.0
2021-07-01,SPY,SPY (S&P 500 ETF),risk_parity_spy_cash,Risk-Parity,11845.16030862561,0.18451603086256085,0.0055365956424442,0.0
2021-07-02,SPY,SPY (S&P 500 ETF),risk_parity_spy_cash,Risk-Parity,11935.699256409162,0.19356992564091624,0.0076435392535483,0.0
2021-07-06,SPY,SPY (S&P 500 ETF),risk_parity_spy_cash,Risk-Parity,11913.958722480264,0.19139587224802646,-0.0018214713241223,0.0
2021-07-07,SPY,SPY (S&P 500 ETF),risk_parity_spy_cash,Risk-Parity,11956.063318166336,0.19560633181663367,0.0035340558639527,0.0
2021-07-08,SPY,SPY (S&P 500 ETF),risk_parity_spy_cash,Risk-Parity,11858.645368821706,0.18586453688217053,-0.0081479954356389,0.0
2021-07-09,SPY,SPY (S&P 500 ETF),risk_parity_spy_cash,Risk-Parity,11985.233778454758,0.1985233778454758,0.0106747782479332,0.0
2021-07-12,SPY,SPY (S&P 500 ETF),risk_parity_spy_cash,Risk-Parity,12028.163921514111,0.20281639215141123,0.0035819195397361,0.0
2021-07-13,SPY,SPY (S&P 500 ETF),risk_parity_spy_cash,Risk-Parity,11987.160335600542,0.19871603356005418,-0.0034089646750015,0.0
2021-07-14,SPY,SPY (S&P 500 ETF),risk_parity_spy_cash,Risk-Parity,12005.047755237874,0.20050477552378743,0.0014922149313552,0.0
2021-07-15,SPY,SPY (S&P 500 ETF),risk_parity_spy_cash,Risk-Parity,11964.044169324305,0.19640441693243038,-0.0034155287633637,0.0
2021-07-16,SPY,SPY (S&P 500 ETF),risk_parity_spy_cash,Risk-Parity,11870.20303204763,0.18702030320476304,-0.0078435966926035,0.0
2021-07-19,SPY,SPY (S&P 500 ETF),risk_parity_spy_cash,Risk-Parity,11694.904807917874,0.1694904807917874,-0.0147679212947309,0.0
2021-07-20,SPY,SPY (S&P 500 ETF),risk_parity_spy_cash,Risk-Parity,11862.497643288883,0.1862497643288883,0.0143304146654998,0.0
2021-07-21,SPY,SPY (S&P 500 ETF),risk_parity_spy_cash,Risk-Parity,11958.539960286178,0.19585399602861786,0.0080962980887611,0.0
2021-07-22,SPY,SPY (S&P 500 ETF),risk_parity_spy_cash,Risk-Parity,11983.582683708197,0.1983582683708196,0.0020941288405762,0.0
2021-07-23,SPY,SPY (S&P 500 ETF),risk_parity_spy_cash,Risk-Parity,12106.869743672518,0.2106869743672517,0.0102879967717777,0.0
2021-07-26,SPY,SPY (S&P 500 ETF),risk_parity_spy_cash,Risk-Parity,12136.590288934996,0.21365902889349964,0.0024548496755745,0.0
2021-07-27,SPY,SPY (S&P 500 ETF),risk_parity_spy_cash,Risk-Parity,12081.276935276435,0.2081276935276435,-0.0045575694937143,0.0
2021-07-28,SPY,SPY (S&P 500 ETF),risk_parity_spy_cash,Risk-Parity,12076.322811212363,0.20763228112123633,-0.0004100662612579,0.0
2021-07-29,SPY,SPY (S&P 500 ETF),risk_parity_spy_cash,Risk-Parity,12126.408258056406,0.2126408258056407,0.0041474087457764,0.0
2021-07-30,SPY,SPY (S&P 500 ETF),risk_parity_spy_cash,Risk-Parity,12067.517252505504,0.2067517252505504,-0.0048564260989462,0.0
2021-08-02,SPY,SPY (S&P 500 ETF),risk_parity_spy_cash,Risk-Parity,12042.19906668426,0.20421990666842604,-0.0020980443028566,0.0
2021-08-03,SPY,SPY (S&P 500 ETF),risk_parity_spy_cash,Risk-Parity,12140.167940827336,0.21401679408273355,0.0081354637637667,0.0
2021-08-04,SPY,SPY (S&P 500 ETF),risk_parity_spy_cash,Risk-Parity,12080.451387903153,0.20804513879031528,-0.004918923133127,0.0
2021-08-05,SPY,SPY (S&P 500 ETF),risk_parity_spy_cash,Risk-Parity,12156.955190516552,0.21569551905165518,0.0063328596057268,0.0
2021-08-06,SPY,SPY (S&P 500 ETF),risk_parity_spy_cash,Risk-Parity,12177.0437898745,0.21770437898745,0.001652436736266,0.0
2021-08-09,SPY,SPY (S&P 500 ETF),risk_parity_spy_cash,Risk-Parity,12167.137221395136,0.21671372213951368,-0.0008135446213638,0.0
2021-08-10,SPY,SPY (S&P 500 ETF),risk_parity_spy_cash,Risk-Parity,12182.272536513408,0.21822725365134077,0.0012439503921806,0.0
2021-08-11,SPY,SPY (S&P 500 ETF),risk_parity_spy_cash,Risk-Parity,12212.54400657433,0.22125440065743307,0.0024848787424671,0.0
2021-08-12,SPY,SPY (S&P 500 ETF),risk_parity_spy_cash,Risk-Parity,12249.144393222274,0.22491443932222732,0.0029969502364324,0.0
2021-08-13,SPY,SPY (S&P 500 ETF),risk_parity_spy_cash,Risk-Parity,12271.435851949618,0.22714358519496192,0.0018198380239258,0.0
2021-08-16,SPY,SPY (S&P 500 ETF),risk_parity_spy_cash,Risk-Parity,12300.330849838818,0.23003308498388186,0.0023546550084119,0.0
2021-08-17,SPY,SPY (S&P 500 ETF),risk_parity_spy_cash,Risk-Parity,12219.699310359018,0.2219699310359018,-0.0065552333887715,0.0
2021-08-18,SPY,SPY (S&P 500 ETF),risk_parity_spy_cash,Risk-Parity,12085.954757116891,0.20859547571168924,-0.0109449954409881,0.0
2021-08-19,SPY,SPY (S&P 500 ETF),risk_parity_spy_cash,Risk-Parity,12104.6677241275,0.21046677241275003,0.001548323437136,0.0
2021-08-20,SPY,SPY (S&P 500 ETF),risk_parity_spy_cash,Risk-Parity,12200.985503524016,0.22009855035240156,0.0079570775168433,0.0
2021-08-23,SPY,SPY (S&P 500 ETF),risk_parity_spy_cash,Risk-Parity,12308.311700996786,0.23083117009967857,0.0087965187272593,0.0
2021-08-24,SPY,SPY (S&P 500 ETF),risk_parity_spy_cash,Risk-Parity,12327.85021538068,0.23278502153806802,0.0015874244054374,0.0
2021-08-25,SPY,SPY (S&P 500 ETF),risk_parity_spy_cash,Risk-Parity,12353.718486175982,0.2353718486175982,0.0020983602447592,0.0
2021-08-26,SPY,SPY (S&P 500 ETF),risk_parity_spy_cash,Risk-Parity,12280.792335454926,0.22807923354549264,-0.0059031740769114,0.0
2021-08-27,SPY,SPY (S&P 500 ETF),risk_parity_spy_cash,Risk-Parity,12390.59433522315,0.23905943352231507,0.0089409540336597,0.0
2021-08-30,SPY,SPY (S&P 500 ETF),risk_parity_spy_cash,Risk-Parity,12445.082981332816,0.24450829813328157,0.0043975813133327,0.0
2021-08-31,SPY,SPY (S&P 500 ETF),risk_parity_spy_cash,Risk-Parity,12426.644636897036,0.2426644636897035,-0.0014815766566952,0.0
2021-09-01,SPY,SPY (S&P 500 ETF),risk_parity_spy_cash,Risk-Parity,12433.249015883282,0.2433249015883283,0.0005314692082394,0.0
2021-09-02,SPY,SPY (S&P 500 ETF),risk_parity_spy_cash,Risk-Parity,12471.501337102178,0.24715013371021777,0.0030766150641741,0.0
2021-09-03,SPY,SPY (S&P 500 ETF),risk_parity_spy_cash,Risk-Parity,12468.47377018389,0.246847377018389,-0.0002427588175997,0.0
2021-09-07,SPY,SPY (S&P 500 ETF),risk_parity_spy_cash,Risk-Parity,12423.892532377977,0.2423892532377976,-0.0035755168296958,0.0
2021-09-08,SPY,SPY (S&P 500 ETF),risk_parity_spy_cash,Risk-Parity,12408.757217259708,0.24087572172597094,-0.0012182425981892,0.0
2021-09-09,SPY,SPY (S&P 500 ETF),risk_parity_spy_cash,Risk-Parity,12355.645043321769,0.2355645043321768,-0.0042802170280247,0.0
2021-09-10,SPY,SPY (S&P 500 ETF),risk_parity_spy_cash,Risk-Parity,12258.226254152753,0.2258226254152753,-0.007884557125706,0.0
2021-09-13,SPY,SPY (S&P 500 ETF),risk_parity_spy_cash,Risk-Parity,12289.597894161792,0.22895978941617923,0.0025592316015876,0.0
2021-09-14,SPY,SPY (S&P 500 ETF),risk_parity_spy_cash,Risk-Parity,12223.276962251366,0.2223276962251366,-0.0053965095100412,0.0
2021-09-15,SPY,SPY (S&P 500 ETF),risk_parity_spy_cash,Risk-Parity,12325.373573260844,0.2325373573260845,0.0083526382757077,0.0
2021-09-16,SPY,SPY (S&P 500 ETF),risk_parity_spy_cash,Risk-Parity,12305.835058876952,0.23058350588769527,-0.0015852269521695,0.0
2021-09-17,SPY,SPY (S&P 500 ETF),risk_parity_spy_cash,Risk-Parity,12147.0477822128,0.21470477822127987,-0.0129034133729597,0.0
2021-09-20,SPY,SPY (S&P 500 ETF),risk_parity_spy_cash,Risk-Parity,11944.505654940407,0.19445056549404072,-0.0166741854402665,0.0
2021-09-21,SPY,SPY (S&P 500 ETF),risk_parity_spy_cash,Risk-Parity,11933.222614289318,0.19332226142893183,-0.0009446218183523,0.0
2021-09-22,SPY,SPY (S&P 500 ETF),risk_parity_spy_cash,Risk-Parity,12049.628993043783,0.2049628993043784,0.0097548149830939,0.0
2021-09-23,SPY,SPY (S&P 500 ETF),risk_parity_spy_cash,Risk-Parity,12196.03221928434,0.21960322192843407,0.0121500194176165,0.0
2021-09-24,SPY,SPY (S&P 500 ETF),risk_parity_spy_cash,Risk-Parity,12216.121658466678,0.22161216584666787,0.0016472110618543,0.0
2021-09-27,SPY,SPY (S&P 500 ETF),risk_parity_spy_cash,Risk-Parity,12181.172366565292,0.21811723665652916,-0.0028609155080869,0.0
2021-09-28,SPY,SPY (S&P 500 ETF),risk_parity_spy_cash,Risk-Parity,11935.699256409158,0.1935699256409158,-0.0201518460431531,0.0
2021-09-29,SPY,SPY (S&P 500 ETF),risk_parity_spy_cash,Risk-Parity,11955.788695591496,0.1955788695591496,0.0016831388551912,0.0
2021-09-30,SPY,SPY (S&P 500 ETF),risk_parity_spy_cash,Risk-Parity,11809.66093175016,0.1809660931750161,-0.0122223441348723,0.0
2021-10-01,SPY,SPY (S&P 500 ETF),risk_parity_spy_cash,Risk-Parity,11950.009024154144,0.19500090241541446,0.0118841762871158,0.0
2021-10-04,SPY,SPY (S&P 500 ETF),risk_parity_spy_cash,Risk-Parity,11795.90124897923,0.17959012489792303,-0.0128960383932281,0.0
2021-10-05,SPY,SPY (S&P 500 ETF),risk_parity_spy_cash,Risk-Parity,11918.637384145104,0.19186373841451032,0.0104049815758244,0.0
2021-10-06,SPY,SPY (S&P 500 ETF),risk_parity_spy_cash,Risk-Parity,11968.1719061907,0.1968171906190701,0.0041560558014366,0.0
2021-10-07,SPY,SPY (S&P 500 ETF),risk_parity_spy_cash,Risk-Parity,12071.644989371904,0.20716449893719036,0.0086456882464798,0.0
2021-10-08,SPY,SPY (S&P 500 ETF),risk_parity_spy_cash,Risk-Parity,12049.628993043782,0.20496289930437817,-0.0018237776498153,0.0
2021-10-11,SPY,SPY (S&P 500 ETF),risk_parity_spy_cash,Risk-Parity,11962.39307457774,0.19623930745777396,-0.0072397182117726,0.0
2021-10-12,SPY,SPY (S&P 500 ETF),risk_parity_spy_cash,Risk-Parity,11932.947151890094,0.19329471518900943,-0.0024615411401439,0.0
2021-10-13,SPY,SPY (S&P 500 ETF),risk_parity_spy_cash,Risk-Parity,11975.877294949449,0.19758772949494485,0.0035976144461977,0.0
2021-10-14,SPY,SPY (S&P 500 ETF),risk_parity_spy_cash,Risk-Parity,12177.319252273726,0.2177319252273726,0.0168206430613004,0.0
2021-10-15,SPY,SPY (S&P 500 ETF),risk_parity_spy_cash,Risk-Parity,12270.059379777898,0.22700593797778978,0.007615808174435,0.0
2021-10-18,SPY,SPY (S&P 500 ETF),risk_parity_spy_cash,Risk-Parity,12306.38514385101,0.23063851438510108,0.0029605206420582,0.0
2021-10-19,SPY,SPY (S&P 500 ETF),risk_parity_spy_cash,Risk-Parity,12401.327290900186,0.2401327290900186,0.0077148688212975,0.0
2021-10-20,SPY,SPY (S&P 500 ETF),risk_parity_spy_cash,Risk-Parity,12450.036265572502,0.24500362655725016,0.0039277226969129,0.0
2021-10-21,SPY,SPY (S&P 500 ETF),risk_parity_spy_cash,Risk-Parity,12482.508915354045,0.24825089153540447,0.002608237364845,0.0
2021-10-22,SPY,SPY (S&P 500 ETF),risk_parity_spy_cash,Risk-Parity,12469.574779956394,0.24695747799563939,-0.0010361807458227,0.0
2021-10-25,SPY,SPY (S&P 500 ETF),risk_parity_spy_cash,Risk-Parity,12536.446636665269,0.2536446636665268,0.0053628016904283,0.0
2021-10-26,SPY,SPY (S&P 500 ETF),risk_parity_spy_cash,Risk-Parity,12547.729677316356,0.2547729677316357,0.0009000190387353,0.0
2021-10-27,SPY,SPY (S&P 500 ETF),risk_parity_spy_cash,Risk-Parity,12492.140861258578,0.24921408612585783,-0.0044301891646797,0.0
2021-10-28,SPY,SPY (S&P 500 ETF),risk_parity_spy_cash,Risk-Parity,12612.675816703835,0.26126758167038355,0.0096488629758464,0.0
2021-10-29,SPY,SPY (S&P 500 ETF),risk_parity_spy_cash,Risk-Parity,12638.268625099912,0.2638268625099913,0.0020291339259019,0.0
2021-11-01,SPY,SPY (S&P 500 ETF),risk_parity_spy_cash,Risk-Parity,12660.009159028812,0.2660009159028811,0.0017202145779464,0.0
2021-11-02,SPY,SPY (S&P 500 ETF),risk_parity_spy_cash,Risk-Parity,12711.19477582097,0.2711194775820971,0.004043094767878,0.0
2021-11-03,SPY,SPY (S&P 500 ETF),risk_parity_spy_cash,Risk-Parity,12788.799588206872,0.27887995882068717,0.0061052335169562,0.0
2021-11-04,SPY,SPY (S&P 500 ETF),risk_parity_spy_cash,Risk-Parity,12849.0670659295,0.28490670659295003,0.0047125203039544,0.0
2021-11-05,SPY,SPY (S&P 500 ETF),risk_parity_spy_cash,Risk-Parity,12893.648303735416,0.28936483037354166,0.003469608927805,0.0
2021-11-08,SPY,SPY (S&P 500 ETF),risk_parity_spy_cash,Risk-Parity,12904.655881987284,0.29046558819872836,0.0008537209944434,0.0
2021-11-09,SPY,SPY (S&P 500 ETF),risk_parity_spy_cash,Risk-Parity,12862.001201327152,0.2862001201327151,-0.0033053714140235,0.0
2021-11-10,SPY,SPY (S&P 500 ETF),risk_parity_spy_cash,Risk-Parity,12758.52811814595,0.2758528118145951,-0.0080448665461582,0.0
2021-11-11,SPY,SPY (S&P 500 ETF),risk_parity_spy_cash,Risk-Parity,12762.655855012352,0.27626558550123526,0.00032352766935,0.0
2021-11-12,SPY,SPY (S&P 500 ETF),risk_parity_spy_cash,Risk-Parity,12858.973634408869,0.2858973634408868,0.0075468445197233,0.0
2021-11-15,SPY,SPY (S&P 500 ETF),risk_parity_spy_cash,Risk-Parity,12863.376833674492,0.28633768336744914,0.0003424222951855,0.0
2021-11-16,SPY,SPY (S&P 500 ETF),risk_parity_spy_cash,Risk-Parity,12914.28782789181,0.29142878278918105,0.0039578249844971,0.0
2021-11-17,SPY,SPY (S&P 500 ETF),risk_parity_spy_cash,Risk-Parity,12882.916187882767,0.2882916187882767,-0.0024292195146282,0.0
2021-11-18,SPY,SPY (S&P 500 ETF),risk_parity_spy_cash,Risk-Parity,12926.6718783154,0.2926671878315399,0.0033964119454403,0.0
2021-11-19,SPY,SPY (S&P 500 ETF),risk_parity_spy_cash,Risk-Parity,12903.555712039164,0.2903555712039163,-0.0017882535035962,0.0
2021-11-22,SPY,SPY (S&P 500 ETF),risk_parity_spy_cash,Risk-Parity,12867.229947966056,0.2867229947966057,-0.0028151747381705,0.0
2021-11-23,SPY,SPY (S&P 500 ETF),risk_parity_spy_cash,Risk-Parity,12884.291820230108,0.2884291820230107,0.0013259941986774,0.0
2021-11-24,SPY,SPY (S&P 500 ETF),risk_parity_spy_cash,Risk-Parity,12918.691027157434,0.2918691027157434,0.002669856241017,0.0
2021-11-26,SPY,SPY (S&P 500 ETF),risk_parity_spy_cash,Risk-Parity,12630.563236341168,0.2630563236341168,-0.0223031722184987,0.0
2021-11-29,SPY,SPY (S&P 500 ETF),risk_parity_spy_cash,Risk-Parity,12785.497398713753,0.2785497398713752,0.0122666075513402,0.0
2021-11-30,SPY,SPY (S&P 500 ETF),risk_parity_spy_cash,Risk-Parity,12536.722099064496,0.2536722099064497,-0.0194576160700861,0.0
2021-12-01,SPY,SPY (S&P 500 ETF),risk_parity_spy_cash,Risk-Parity,12397.474176608626,0.23974741766086272,-0.0111072034105517,0.0
2021-12-02,SPY,SPY (S&P 500 ETF),risk_parity_spy_cash,Risk-Parity,12587.357630882594,0.2587357630882594,0.015316301657013,0.0
2021-12-03,SPY,SPY (S&P 500 ETF),risk_parity_spy_cash,Risk-Parity,12477.831093513592,0.24778310935135917,-0.0087013129030577,0.0
2021-12-06,SPY,SPY (S&P 500 ETF),risk_parity_spy_cash,Risk-Parity,12625.609952101488,0.26256099521014886,0.0118433129508153,0.0
2021-12-07,SPY,SPY (S&P 500 ETF),risk_parity_spy_cash,Risk-Parity,12886.76846234995,0.2886768462349949,0.0206848232472913,0.0
2021-12-08,SPY,SPY (S&P 500 ETF),risk_parity_spy_cash,Risk-Parity,12920.892206878052,0.2920892206878052,0.002647967535678,0.0
2021-12-09,SPY,SPY (S&P 500 ETF),risk_parity_spy_cash,Risk-Parity,12833.656288412009,0.28336562884120076,-0.0067515398371333,0.0
2021-12-10,SPY,SPY (S&P 500 ETF),risk_parity_spy_cash,Risk-Parity,12954.4658664321,0.2954465866432099,0.0094134964584624,0.0
2021-12-13,SPY,SPY (S&P 500 ETF),risk_parity_spy_cash,Risk-Parity,12839.710582424195,0.2839710582424195,-0.008858357047762,0.0
2021-12-14,SPY,SPY (S&P 500 ETF),risk_parity_spy_cash,Risk-Parity,12751.37281436126,0.27513728143612615,-0.0068800435567339,0.0
2021-12-15,SPY,SPY (S&P 500 ETF),risk_parity_spy_cash,Risk-Parity,12950.613591964922,0.2950613591964921,0.015625045279773,0.0
2021-12-16,SPY,SPY (S&P 500 ETF),risk_parity_spy_cash,Risk-Parity,12836.408392931076,0.28364083929310757,-0.0088185164527421,0.0
2021-12-17,SPY,SPY (S&P 500 ETF),risk_parity_spy_cash,Risk-Parity,12655.330497363966,0.2655330497363966,-0.0141065857383305,0.0
2021-12-20,SPY,SPY (S&P 500 ETF),risk_parity_spy_cash,Risk-Parity,12520.761236572946,0.2520761236572946,-0.0106334054902043,0.0
2021-12-21,SPY,SPY (S&P 500 ETF),risk_parity_spy_cash,Risk-Parity,12743.117340628458,0.2743117340628458,0.017758992432985,0.0
2021-12-22,SPY,SPY (S&P 500 ETF),risk_parity_spy_cash,Risk-Parity,12870.53213745918,0.2870532137459181,0.0099987148689661,0.0
2021-12-23,SPY,SPY (S&P 500 ETF),risk_parity_spy_cash,Risk-Parity,12950.613591964924,0.29506135919649235,0.0062220779724149,0.0
2021-12-27,SPY,SPY (S&P 500 ETF),risk_parity_spy_cash,Risk-Parity,13133.892667252649,0.3133892667252649,0.0141521537945845,0.0
2021-12-28,SPY,SPY (S&P 500 ETF),risk_parity_spy_cash,Risk-Parity,13123.159711575616,0.3123159711575616,-0.0008171953242616,0.0
2021-12-29,SPY,SPY (S&P 500 ETF),risk_parity_spy_cash,Risk-Parity,13139.946961264834,0.31399469612648345,0.0012792079086265,0.0
2021-12-30,SPY,SPY (S&P 500 ETF),risk_parity_spy_cash,Risk-Parity,13103.621197191724,0.3103621197191724,-0.0027645289726202,0.0
2021-12-31,SPY,SPY (S&P 500 ETF),risk_parity_spy_cash,Risk-Parity,13070.597622611736,0.3070597622611737,-0.0025201869073463,0.0
2022-01-03,SPY,SPY (S&P 500 ETF),risk_parity_spy_cash,Risk-Parity,13146.275877851853,0.3146275877851852,0.0057899613640617,0.0
2022-01-04,SPY,SPY (S&P 500 ETF),risk_parity_spy_cash,Risk-Parity,13141.872678586227,0.31418726785862283,-0.0003349389063895,0.0
2022-01-05,SPY,SPY (S&P 500 ETF),risk_parity_spy_cash,Risk-Parity,12889.520566869014,0.2889520566869015,-0.0192021424867709,0.0
2022-01-06,SPY,SPY (S&P 500 ETF),risk_parity_spy_cash,Risk-Parity,12877.411978844646,0.2877411978844646,-0.0009394133755054,0.0
2022-01-07,SPY,SPY (S&P 500 ETF),risk_parity_spy_cash,Risk-Parity,12826.500984627322,0.28265009846273226,-0.0039535113344949,0.0
2022-01-10,SPY,SPY (S&P 500 ETF),risk_parity_spy_cash,Risk-Parity,12810.540122135772,0.2810540122135772,-0.0012443660598223,0.0
2022-01-11,SPY,SPY (S&P 500 ETF),risk_parity_spy_cash,Risk-Parity,12927.22196328946,0.2927221963289459,0.0091082686632446,0.0
2022-01-12,SPY,SPY (S&P 500 ETF),risk_parity_spy_cash,Risk-Parity,12962.171255190844,0.2962171255190844,0.0027035423388437,0.0
2022-01-13,SPY,SPY (S&P 500 ETF),risk_parity_spy_cash,Risk-Parity,12783.570841567966,0.2783570841567966,-0.0137785877154922,0.0
2022-01-14,SPY,SPY (S&P 500 ETF),risk_parity_spy_cash,Risk-Parity,12788.79958820687,0.27887995882068695,0.0004090208208415,0.0
2022-01-18,SPY,SPY (S&P 500 ETF),risk_parity_spy_cash,Risk-Parity,12562.31490746057,0.256231490746057,-0.0177096121636898,0.0
2022-01-19,SPY,SPY (S&P 500 ETF),risk_parity_spy_cash,Risk-Parity,12431.87338353595,0.24318733835359518,-0.0103835578781066,0.0
2022-01-20,SPY,SPY (S&P 500 ETF),risk_parity_spy_cash,Risk-Parity,12294.276555826644,0.22942765558266442,-0.0110680686220253,0.0
2022-01-21,SPY,SPY (S&P 500 ETF),risk_parity_spy_cash,Risk-Parity,12052.932022361298,0.2052932022361298,-0.0196306413288682,0.0
2022-01-24,SPY,SPY (S&P 500 ETF),risk_parity_spy_cash,Risk-Parity,12104.117639153454,0.21041176391534533,0.0042467357068962,0.0
2022-01-25,SPY,SPY (S&P 500 ETF),risk_parity_spy_cash,Risk-Parity,11956.33878056556,0.19563387805655608,-0.0122089740857995,0.0
2022-01-26,SPY,SPY (S&P 500 ETF),risk_parity_spy_cash,Risk-Parity,11926.342772903858,0.19263427729038574,-0.0025087953939929,0.0
2022-01-27,SPY,SPY (S&P 500 ETF),risk_parity_spy_cash,Risk-Parity,11867.450927528567,0.18674509275285667,-0.0049379635062216,0.0
2022-01-28,SPY,SPY (S&P 500 ETF),risk_parity_spy_cash,Risk-Parity,12162.183937155463,0.2162183937155464,0.0248354100157444,0.0
2022-01-31,SPY,SPY (S&P 500 ETF),risk_parity_spy_cash,Risk-Parity,12381.237851717851,0.23812378517178523,0.0180110673949913,0.0
2022-02-01,SPY,SPY (S&P 500 ETF),risk_parity_spy_cash,Risk-Parity,12464.896958115942,0.24648969581159408,0.0067569258744577,0.0
2022-02-02,SPY,SPY (S&P 500 ETF),risk_parity_spy_cash,Risk-Parity,12585.981998535251,0.25859819985352517,0.0097140827418129,0.0
2022-02-03,SPY,SPY (S&P 500 ETF),risk_parity_spy_cash,Risk-Parity,12290.148818960242,0.22901488189602426,-0.0235049739948333,0.0
2022-02-04,SPY,SPY (S&P 500 ETF),risk_parity_spy_cash,Risk-Parity,12347.93965456303,0.23479396545630293,0.0047022079597305,0.0
2022-02-07,SPY,SPY (S&P 500 ETF),risk_parity_spy_cash,Risk-Parity,12308.311700996795,0.23083117009967946,-0.0032092765817485,0.0
2022-02-08,SPY,SPY (S&P 500 ETF),risk_parity_spy_cash,Risk-Parity,12409.582764632996,0.2409582764632996,0.0082278598475855,0.0
2022-02-09,SPY,SPY (S&P 500 ETF),risk_parity_spy_cash,Risk-Parity,12591.21074517416,0.25912107451741595,0.0146361069494453,0.0
2022-02-10,SPY,SPY (S&P 500 ETF),risk_parity_spy_cash,Risk-Parity,12365.001526827084,0.2365001526827084,-0.0179656446806575,0.0
2022-02-11,SPY,SPY (S&P 500 ETF),risk_parity_spy_cash,Risk-Parity,12121.179511417507,0.2121179511417508,-0.01971872101112,0.0
2022-02-14,SPY,SPY (S&P 500 ETF),risk_parity_spy_cash,Risk-Parity,12081.551557851277,0.20815515578512778,-0.0032693149646785,0.0
2022-02-15,SPY,SPY (S&P 500 ETF),risk_parity_spy_cash,Risk-Parity,12276.389136189311,0.22763891361893118,0.016126867265771,0.0
2022-02-16,SPY,SPY (S&P 500 ETF),risk_parity_spy_cash,Risk-Parity,12290.148818960244,0.22901488189602448,0.0011208249118113,0.0
2022-02-17,SPY,SPY (S&P 500 ETF),risk_parity_spy_cash,Risk-Parity,12027.613836540057,0.20276138365400564,-0.0213614160648054,0.0
2022-02-18,SPY,SPY (S&P 500 ETF),risk_parity_spy_cash,Risk-Parity,11949.73440157932,0.19497344015793217,-0.006475052825868,0.0
2022-02-22,SPY,SPY (S&P 500 ETF),risk_parity_spy_cash,Risk-Parity,11821.49405737532,0.1821494057375319,-0.0107316480763832,0.0
2022-02-23,SPY,SPY (S&P 500 ETF),risk_parity_spy_cash,Risk-Parity,11611.796626318235,0.1611796626318236,-0.0177386572322687,0.0
2022-02-24,SPY,SPY (S&P 500 ETF),risk_parity_spy_cash,Risk-Parity,11786.543925649548,0.17865439256495486,0.0150491181472507,0.0
2022-02-25,SPY,SPY (S&P 500 ETF),risk_parity_spy_cash,Risk-Parity,12046.602265949892,0.20466022659498928,0.0220640029800773,0.0
2022-02-28,SPY,SPY (S&P 500 ETF),risk_parity_spy_cash,Risk-Parity,12015.780710914907,0.20157807109149073,-0.0025585268239577,0.0
2022-03-01,SPY,SPY (S&P 500 ETF),risk_parity_spy_cash,Risk-Parity,11832.777098026409,0.1832777098026408,-0.015230272363598,0.0
2022-03-02,SPY,SPY (S&P 500 ETF),risk_parity_spy_cash,Risk-Parity,12050.455380241458,0.20504553802414582,0.0183962125215184,0.0
2022-03-03,SPY,SPY (S&P 500 ETF),risk_parity_spy_cash,Risk-Parity,11990.462525093664,0.19904625250936636,-0.0049784720373439,0.0
2022-03-04,SPY,SPY (S&P 500 ETF),risk_parity_spy_cash,Risk-Parity,11893.044575749032,0.18930445757490322,-0.0081246198085148,0.0
2022-03-07,SPY,SPY (S&P 500 ETF),risk_parity_spy_cash,Risk-Parity,11542.447287665134,0.1542447287665134,-0.0294791872552799,0.0
2022-03-08,SPY,SPY (S&P 500 ETF),risk_parity_spy_cash,Risk-Parity,11454.935906799868,0.1454935906799868,-0.0075817007159987,0.0
2022-03-09,SPY,SPY (S&P 500 ETF),risk_parity_spy_cash,Risk-Parity,11762.052127025969,0.17620521270259681,0.0268108196086711,0.0
2022-03-10,SPY,SPY (S&P 500 ETF),risk_parity_spy_cash,Risk-Parity,11708.939953088027,0.17089399530880267,-0.0045155533544951,0.0
2022-03-11,SPY,SPY (S&P 500 ETF),risk_parity_spy_cash,Risk-Parity,11560.060084727633,0.15600600847276325,-0.012715059514942,0.0
2022-03-14,SPY,SPY (S&P 500 ETF),risk_parity_spy_cash,Risk-Parity,11475.575430956262,0.1475575430956262,-0.0073083230668484,0.0
2022-03-15,SPY,SPY (S&P 500 ETF),risk_parity_spy_cash,Risk-Parity,11727.928382497865,0.17279283824978653,0.0219904398746628,0.0
2022-03-16,SPY,SPY (S&P 500 ETF),risk_parity_spy_cash,Risk-Parity,11987.985882973824,0.1987985882973824,0.0221742060485341,0.0
2022-03-17,SPY,SPY (S&P 500 ETF),risk_parity_spy_cash,Risk-Parity,12137.966761106723,0.21379667611067243,0.0125109321613328,0.0
2022-03-18,SPY,SPY (S&P 500 ETF),risk_parity_spy_cash,Risk-Parity,12232.908068331511,0.22329080683315117,0.007821846038416,0.0
2022-03-21,SPY,SPY (S&P 500 ETF),risk_parity_spy_cash,Risk-Parity,12229.331256263556,0.2229331256263556,-0.0002923926222593,0.0
2022-03-22,SPY,SPY (S&P 500 ETF),risk_parity_spy_cash,Risk-Parity,12372.431453186604,0.2372431453186603,0.0117013918361035,0.0
2022-03-23,SPY,SPY (S&P 500 ETF),risk_parity_spy_cash,Risk-Parity,12213.0940915484,0.22130940915484,-0.0128784194312239,0.0
2022-03-24,SPY,SPY (S&P 500 ETF),risk_parity_spy_cash,Risk-Parity,12397.198714209402,0.2397198714209403,0.0150743637346089,0.0
2022-03-25,SPY,SPY (S&P 500 ETF),risk_parity_spy_cash,Risk-Parity,12457.741654331254,0.24577416543312536,0.0048835984255426,0.0
2022-03-28,SPY,SPY (S&P 500 ETF),risk_parity_spy_cash,Risk-Parity,12546.354044969024,0.25463540449690236,0.0071130380687385,0.0
2022-03-29,SPY,SPY (S&P 500 ETF),risk_parity_spy_cash,Risk-Parity,12701.562829916442,0.2701562829916442,0.0123708277632781,0.0
2022-03-30,SPY,SPY (S&P 500 ETF),risk_parity_spy_cash,Risk-Parity,12623.133309981647,0.2623133309981647,-0.0061747928963565,0.0
2022-03-31,SPY,SPY (S&P 500 ETF),risk_parity_spy_cash,Risk-Parity,12428.846656442054,0.2428846656442054,-0.0153913175729486,0.0
2022-04-01,SPY,SPY (S&P 500 ETF),risk_parity_spy_cash,Risk-Parity,12464.07141074266,0.24640714107426587,0.002834112872601,0.0
2022-04-04,SPY,SPY (S&P 500 ETF),risk_parity_spy_cash,Risk-Parity,12563.743225797174,0.2563743225797175,0.0079967301028625,0.0595163553113112
2022-04-05,SPY,SPY (S&P 500 ETF),risk_parity_spy_cash,Risk-Parity,12414.416066888209,0.24144160668882098,-0.0118855627837373,0.0
2022-04-06,SPY,SPY (S&P 500 ETF),risk_parity_spy_cash,Risk-Parity,12297.697136686313,0.2297697136686312,-0.0094018864498353,0.0
2022-04-07,SPY,SPY (S&P 500 ETF),risk_parity_spy_cash,Risk-Parity,12355.92707555605,0.23559270755560502,0.0047350278855076,0.0
2022-04-08,SPY,SPY (S&P 500 ETF),risk_parity_spy_cash,Risk-Parity,12324.871582035314,0.23248715820353127,-0.002513408611983,0.0
2022-04-11,SPY,SPY (S&P 500 ETF),risk_parity_spy_cash,Risk-Parity,12126.889947837024,0.2126889947837025,-0.0160635859676515,0.0
2022-04-12,SPY,SPY (S&P 500 ETF),risk_parity_spy_cash,Risk-Parity,12084.705465755447,0.20847054657554476,-0.0034785903280254,0.0
2022-04-13,SPY,SPY (S&P 500 ETF),risk_parity_spy_cash,Risk-Parity,12214.622645041169,0.22146226450411688,0.0107505457748942,0.0
2022-04-14,SPY,SPY (S&P 500 ETF),risk_parity_spy_cash,Risk-Parity,12071.765479339952,0.20717654793399531,-0.0116955856805949,0.0
2022-04-18,SPY,SPY (S&P 500 ETF),risk_parity_spy_cash,Risk-Parity,12076.42368489895,0.20764236848989492,0.0003858760814205,0.0
2022-04-19,SPY,SPY (S&P 500 ETF),risk_parity_spy_cash,Risk-Parity,12259.39528236466,0.22593952823646601,0.0151511409536342,0.0
2022-04-20,SPY,SPY (S&P 500 ETF),risk_parity_spy_cash,Risk-Parity,12250.85444904574,0.22508544490457405,-0.0006966765588517,0.0
2022-04-21,SPY,SPY (S&P 500 ETF),risk_parity_spy_cash,Risk-Parity,12078.752787678444,0.2078752787678444,-0.0140481353429759,0.0
2022-04-22,SPY,SPY (S&P 500 ETF),risk_parity_spy_cash,Risk-Parity,11767.675798575763,0.1767675798575763,-0.0257540653882749,0.0
2022-04-25,SPY,SPY (S&P 500 ETF),risk_parity_spy_cash,Risk-Parity,11831.599363060084,0.18315993630600835,0.0054321316782075,0.0
2022-04-26,SPY,SPY (S&P 500 ETF),risk_parity_spy_cash,Risk-Parity,11510.428805452151,0.15104288054521509,-0.0271451515346835,0.0
2022-04-27,SPY,SPY (S&P 500 ETF),risk_parity_spy_cash,Risk-Parity,11540.707931379724,0.15407079313797234,0.0026305819217811,0.0
2022-04-28,SPY,SPY (S&P 500 ETF),risk_parity_spy_cash,Risk-Parity,11813.483066160748,0.18134830661607482,0.0236359100674696,0.0
2022-04-29,SPY,SPY (S&P 500 ETF),risk_parity_spy_cash,Risk-Parity,11404.320758886255,0.1404320758886255,-0.0346351964939555,0.0
2022-05-02,SPY,SPY (S&P 500 ETF),risk_parity_spy_cash,Risk-Parity,11468.503375832994,0.14685033758329946,0.0056279210576155,0.0
2022-05-03,SPY,SPY (S&P 500 ETF),risk_parity_spy_cash,Risk-Parity,11517.675166253062,0.1517675166253063,0.0042875507647917,0.0
2022-05-04,SPY,SPY (S&P 500 ETF),risk_parity_spy_cash,Risk-Parity,11819.872103914602,0.18198721039146015,0.0262376680449349,0.0716029781513671
2022-05-05,SPY,SPY (S&P 500 ETF),risk_parity_spy_cash,Risk-Parity,11455.433409815449,0.14554334098154476,-0.0308327104468801,0.0
2022-05-06,SPY,SPY (S&P 500 ETF),risk_parity_spy_cash,Risk-Parity,11396.406261009128,0.13964062610091288,-0.0051527643428787,0.0
2022-05-09,SPY,SPY (S&P 500 ETF),risk_parity_spy_cash,Risk-Parity,11081.675023429749,0.1081675023429749,-0.027616709195089,0.0
2022-05-10,SPY,SPY (S&P 500 ETF),risk_parity_spy_cash,Risk-Parity,11103.66042476554,0.11036604247655402,0.001983942074579,0.0
2022-05-11,SPY,SPY (S&P 500 ETF),risk_parity_spy_cash,Risk-Parity,10952.149606013129,0.09521496060131285,-0.0136451235859558,0.0
2022-05-12,SPY,SPY (S&P 500 ETF),risk_parity_spy_cash,Risk-Parity,10942.351494590506,0.09423514945905054,-0.0008946290705563,0.0
2022-05-13,SPY,SPY (S&P 500 ETF),risk_parity_spy_cash,Risk-Parity,11166.511280173188,0.1166511280173188,0.0204855223023585,0.0
2022-05-16,SPY,SPY (S&P 500 ETF),risk_parity_spy_cash,Risk-Parity,11127.558044050733,0.11275580440507338,-0.0034883980452892,0.0
2022-05-17,SPY,SPY (S&P 500 ETF),risk_parity_spy_cash,Risk-Parity,11324.235713314936,0.13242357133149363,0.0176748275304983,0.0
2022-05-18,SPY,SPY (S&P 500 ETF),risk_parity_spy_cash,Risk-Parity,10930.880374786526,0.09308803747865269,-0.0347357074231425,0.0
2022-05-19,SPY,SPY (S&P 500 ETF),risk_parity_spy_cash,Risk-Parity,10873.52623436156,0.08735262343615591,-0.0052469827185428,0.0
2022-05-20,SPY,SPY (S&P 500 ETF),risk_parity_spy_cash,Risk-Parity,10877.589150530926,0.08775891505309263,0.0003736521236805,0.0
2022-05-23,SPY,SPY (S&P 500 ETF),risk_parity_spy_cash,Risk-Parity,11051.802999323254,0.10518029993232547,0.0160158511579584,0.0
2022-05-24,SPY,SPY (S&P 500 ETF),risk_parity_spy_cash,Risk-Parity,10979.393242061024,0.09793932420610241,-0.0065518501611603,0.0
2022-05-25,SPY,SPY (S&P 500 ETF),risk_parity_spy_cash,Risk-Parity,11062.55649042311,0.106255649042311,0.0075744849035459,0.0
2022-05-26,SPY,SPY (S&P 500 ETF),risk_parity_spy_cash,Risk-Parity,11252.30364589132,0.12523036458913195,0.0171521976527282,0.0
2022-05-27,SPY,SPY (S&P 500 ETF),risk_parity_spy_cash,Risk-Parity,11490.08524949795,0.149008524949795,0.0211318154121671,0.0
2022-05-31,SPY,SPY (S&P 500 ETF),risk_parity_spy_cash,Risk-Parity,11434.403388156878,0.14344033881568774,-0.0048460790439744,0.0
2022-06-01,SPY,SPY (S&P 500 ETF),risk_parity_spy_cash,Risk-Parity,11354.585427260035,0.13545854272600355,-0.0069805094491867,0.0
2022-06-02,SPY,SPY (S&P 500 ETF),risk_parity_spy_cash,Risk-Parity,11540.987295263,0.15409872952629988,0.0164164397896422,0.0
2022-06-03,SPY,SPY (S&P 500 ETF),risk_parity_spy_cash,Risk-Parity,11395.71095224731,0.13957109522473088,-0.0125878609254962,0.1034923393671199
2022-06-06,SPY,SPY (S&P 500 ETF),risk_parity_spy_cash,Risk-Parity,11422.003253499412,0.1422003253499411,0.0023072102620256,0.0
2022-06-07,SPY,SPY (S&P 500 ETF),risk_parity_spy_cash,Risk-Parity,11505.086540314924,0.15050865403149238,0.0072739680572282,0.0
2022-06-08,SPY,SPY (S&P 500 ETF),risk_parity_spy_cash,Risk-Parity,11410.013810072,0.14100138100719994,-0.0082635389060115,0.0
2022-06-09,SPY,SPY (S&P 500 ETF),risk_parity_spy_cash,Risk-Parity,11204.30287075163,0.12043028707516301,-0.0180289825012116,0.0
2022-06-10,SPY,SPY (S&P 500 ETF),risk_parity_spy_cash,Risk-Parity,10959.468653379146,0.09594686533791474,-0.0218518028472447,0.0
2022-06-13,SPY,SPY (S&P 500 ETF),risk_parity_spy_cash,Risk-Parity,10648.168063315006,0.06481680633150066,-0.0284047155851991,0.0
2022-06-14,SPY,SPY (S&P 500 ETF),risk_parity_spy_cash,Risk-Parity,10624.399720278803,0.06243997202788032,-0.0022321532581822,0.0
2022-06-15,SPY,SPY (S&P 500 ETF),risk_parity_spy_cash,Risk-Parity,10736.510452282828,0.07365104522828281,0.0105521944726945,0.0
2022-06-16,SPY,SPY (S&P 500 ETF),risk_parity_spy_cash,Risk-Parity,10472.535362570588,0.04725353625705875,-0.0245866746821928,0.0
2022-06-17,SPY,SPY (S&P 500 ETF),risk_parity_spy_cash,Risk-Parity,10455.91844844673,0.045591844844673046,-0.0015867135844913,0.0
2022-06-21,SPY,SPY (S&P 500 ETF),risk_parity_spy_cash,Risk-Parity,10649.64058624158,0.064964058624158,0.0185275103999715,0.0
2022-06-22,SPY,SPY (S&P 500 ETF),risk_parity_spy_cash,Risk-Parity,10635.33772841689,0.06353377284168893,-0.0013430366695351,0.0
2022-06-23,SPY,SPY (S&P 500 ETF),risk_parity_spy_cash,Risk-Parity,10712.531565428008,0.07125315654280073,0.0072582403100243,0.0
2022-06-24,SPY,SPY (S&P 500 ETF),risk_parity_spy_cash,Risk-Parity,10965.358103183546,0.09653581031835445,0.0236010074940149,0.0
2022-06-27,SPY,SPY (S&P 500 ETF),risk_parity_spy_cash,Risk-Parity,10934.017885499645,0.0934017885499645,-0.002858111644781,0.0
2022-06-28,SPY,SPY (S&P 500 ETF),risk_parity_spy_cash,Risk-Parity,10767.009136594135,0.07670091365941345,-0.015274234106292,0.0
2022-06-29,SPY,SPY (S&P 500 ETF),risk_parity_spy_cash,Risk-Parity,10760.488697235767,0.07604886972357683,-0.00060559429974,0.0
2022-06-30,SPY,SPY (S&P 500 ETF),risk_parity_spy_cash,Risk-Parity,10695.494205568795,0.06954942055687963,-0.0060401059371649,0.0
2022-07-01,SPY,SPY (S&P 500 ETF),risk_parity_spy_cash,Risk-Parity,10779.419025756904,0.07794190257569045,0.0078467454214887,0.0
2022-07-05,SPY,SPY (S&P 500 ETF),risk_parity_spy_cash,Risk-Parity,10794.56341695419,0.07945634169541904,0.0014049357540604,0.0
2022-07-06,SPY,SPY (S&P 500 ETF),risk_parity_spy_cash,Risk-Parity,10819.476624177332,0.08194766241773332,0.0023079402344343,0.0469706746380704
2022-07-07,SPY,SPY (S&P 500 ETF),risk_parity_spy_cash,Risk-Parity,10932.5858761173,0.09325858761173,0.0104542258252318,0.0
2022-07-08,SPY,SPY (S&P 500 ETF),risk_parity_spy_cash,Risk-Parity,10926.280580156948,0.09262805801569485,-0.000576743327864,0.0
2022-07-11,SPY,SPY (S&P 500 ETF),risk_parity_spy_cash,Risk-Parity,10838.788209220227,0.0838788209220227,-0.0080075164000099,0.0
2022-07-12,SPY,SPY (S&P 500 ETF),risk_parity_spy_cash,Risk-Parity,10771.78910254072,0.07717891025407209,-0.0061814204121558,0.0
2022-07-13,SPY,SPY (S&P 500 ETF),risk_parity_spy_cash,Risk-Parity,10732.378146312054,0.07323781463120538,-0.003658719628977,0.0
2022-07-14,SPY,SPY (S&P 500 ETF),risk_parity_spy_cash,Risk-Parity,10714.249443210409,0.07142494432104085,-0.0016891599284427,0.0
2022-07-15,SPY,SPY (S&P 500 ETF),risk_parity_spy_cash,Risk-Parity,10856.523019250437,0.0856523019250437,0.0132789120501748,0.0
2022-07-18,SPY,SPY (S&P 500 ETF),risk_parity_spy_cash,Risk-Parity,10793.859743174087,0.07938597431740879,-0.0057719470557227,0.0
2022-07-19,SPY,SPY (S&P 500 ETF),risk_parity_spy_cash,Risk-Parity,10997.219820277773,0.09972198202777727,0.0188403483037926,0.0
2022-07-20,SPY,SPY (S&P 500 ETF),risk_parity_spy_cash,Risk-Parity,11046.483515563605,0.10464835155636054,0.0044796499561639,0.0
2022-07-21,SPY,SPY (S&P 500 ETF),risk_parity_spy_cash,Risk-Parity,11125.699922455846,0.1125699922455845,0.0071711877160394,0.0
2022-07-22,SPY,SPY (S&P 500 ETF),risk_parity_spy_cash,Risk-Parity,11052.789412887423,0.10527894128874227,-0.0065533413696751,0.0
2022-07-25,SPY,SPY (S&P 500 ETF),risk_parity_spy_cash,Risk-Parity,11062.248258873156,0.10622482588731574,0.0008557881302526,0.0
2022-07-26,SPY,SPY (S&P 500 ETF),risk_parity_spy_cash,Risk-Parity,10970.026765625307,0.0970026765625307,-0.0083365958790408,0.0
2022-07-27,SPY,SPY (S&P 500 ETF),risk_parity_spy_cash,Risk-Parity,11170.0372482131,0.11700372482131005,0.018232451648571,0.0
2022-07-28,SPY,SPY (S&P 500 ETF),risk_parity_spy_cash,Risk-Parity,11269.155779073662,0.1269155779073663,0.0088736079081936,0.0
2022-07-29,SPY,SPY (S&P 500 ETF),risk_parity_spy_cash,Risk-Parity,11385.811872746974,0.13858118727469737,0.010351804159983,0.0
2022-08-01,SPY,SPY (S&P 500 ETF),risk_parity_spy_cash,Risk-Parity,11361.771165392947,0.13617711653929465,-0.002111461845911,0.0
2022-08-02,SPY,SPY (S&P 500 ETF),risk_parity_spy_cash,Risk-Parity,11308.369488084874,0.1308369488084875,-0.0047001190686475,0.0
2022-08-03,SPY,SPY (S&P 500 ETF),risk_parity_spy_cash,Risk-Parity,11434.287781889932,0.14342877818899313,0.0111349645886378,0.0
2022-08-04,SPY,SPY (S&P 500 ETF),risk_parity_spy_cash,Risk-Parity,11427.79391449071,0.14277939144907115,-0.0005679293300198,0.0509759972723011
2022-08-05,SPY,SPY (S&P 500 ETF),risk_parity_spy_cash,Risk-Parity,11413.016109424638,0.14130161094246385,-0.0012931459192079,0.0
2022-08-08,SPY,SPY (S&P 500 ETF),risk_parity_spy_cash,Risk-Parity,11402.882702157907,0.14028827021579082,-0.0008878816230148,0.0
2022-08-09,SPY,SPY (S&P 500 ETF),risk_parity_spy_cash,Risk-Parity,11368.261354767305,0.1368261354767304,-0.0030361925396332,0.0
2022-08-10,SPY,SPY (S&P 500 ETF),risk_parity_spy_cash,Risk-Parity,11550.658175818884,0.15506581758188842,0.0160443901982507,0.0
2022-08-11,SPY,SPY (S&P 500 ETF),risk_parity_spy_cash,Risk-Parity,11550.658175818884,0.15506581758188842,0.0,0.0
2022-08-12,SPY,SPY (S&P 500 ETF),risk_parity_spy_cash,Risk-Parity,11700.7561705045,0.17007561705044982,0.0129947568702053,0.0
2022-08-15,SPY,SPY (S&P 500 ETF),risk_parity_spy_cash,Risk-Parity,11737.910708649302,0.17379107086493017,0.0031753963251077,0.0
2022-08-16,SPY,SPY (S&P 500 ETF),risk_parity_spy_cash,Risk-Parity,11755.644332428565,0.17556443324285653,0.0015107990015799,0.0
2022-08-17,SPY,SPY (S&P 500 ETF),risk_parity_spy_cash,Risk-Parity,11691.256060926316,0.1691256060926316,-0.0054772218077938,0.0
2022-08-18,SPY,SPY (S&P 500 ETF),risk_parity_spy_cash,Risk-Parity,11717.433868636215,0.17174338686362156,0.002239092837714,0.0
2022-08-19,SPY,SPY (S&P 500 ETF),risk_parity_spy_cash,Risk-Parity,11596.0468724147,0.15960468724147003,-0.0103595204873678,0.0
2022-08-22,SPY,SPY (S&P 500 ETF),risk_parity_spy_cash,Risk-Parity,11410.482918670436,0.14104829186704348,-0.0160023459534037,0.0
2022-08-23,SPY,SPY (S&P 500 ETF),risk_parity_spy_cash,Risk-Parity,11389.372136718868,0.13893721367188672,-0.001850121690908,0.0
2022-08-24,SPY,SPY (S&P 500 ETF),risk_parity_spy_cash,Risk-Parity,11417.23852351492,0.14172385235149187,0.0024467008770583,0.0
2022-08-25,SPY,SPY (S&P 500 ETF),risk_parity_spy_cash,Risk-Parity,11540.525412802088,0.15405254128020873,0.0107983107327787,0.0
2022-08-26,SPY,SPY (S&P 500 ETF),risk_parity_spy_cash,Risk-Parity,11240.752051389847,0.12407520513898462,-0.0259757117366334,0.0
2022-08-29,SPY,SPY (S&P 500 ETF),risk_parity_spy_cash,Risk-Parity,11184.175310379627,0.11841753103796271,-0.0050331811209395,0.0
2022-08-30,SPY,SPY (S&P 500 ETF),risk_parity_spy_cash,Risk-Parity,11090.865370683729,0.1090865370683729,-0.0083430326426754,0.0
2022-08-31,SPY,SPY (S&P 500 ETF),risk_parity_spy_cash,Risk-Parity,11026.899727140477,0.10268997271404778,-0.0057674168250505,0.0
2022-09-01,SPY,SPY (S&P 500 ETF),risk_parity_spy_cash,Risk-Parity,11053.077534850376,0.10530775348503751,0.0023739952622829,0.0
2022-09-02,SPY,SPY (S&P 500 ETF),risk_parity_spy_cash,Risk-Parity,10952.23517869498,0.09522351786949801,-0.0091234641064843,0.0988127664138022
2022-09-06,SPY,SPY (S&P 500 ETF),risk_parity_spy_cash,Risk-Parity,10916.91759838838,0.09169175983883804,-0.0032246915565968,0.0
2022-09-07,SPY,SPY (S&P 500 ETF),risk_parity_spy_cash,Risk-Parity,11084.439421126495,0.10844394211264952,0.0153451577543139,0.0
2022-09-08,SPY,SPY (S&P 500 ETF),risk_parity_spy_cash,Risk-Parity,11146.484783411664,0.11464847834116654,0.0055975191823334,0.0
2022-09-09,SPY,SPY (S&P 500 ETF),risk_parity_spy_cash,Risk-Parity,11294.916061565542,0.12949160615655408,0.0133164204713915,0.0
2022-09-12,SPY,SPY (S&P 500 ETF),risk_parity_spy_cash,Risk-Parity,11399.199636078574,0.1399199636078574,0.0092327888002541,0.0
2022-09-13,SPY,SPY (S&P 500 ETF),risk_parity_spy_cash,Risk-Parity,10972.758205967755,0.09727582059677542,-0.0374097694333843,0.0
2022-09-14,SPY,SPY (S&P 500 ETF),risk_parity_spy_cash,Risk-Parity,11008.5535232564,0.10085535232563991,0.0032621986757328,0.0
2022-09-15,SPY,SPY (S&P 500 ETF),risk_parity_spy_cash,Risk-Parity,10901.644580114917,0.09016445801149175,-0.0097114432805027,0.0
2022-09-16,SPY,SPY (S&P 500 ETF),risk_parity_spy_cash,Risk-Parity,10792.826873818049,0.07928268738180488,-0.0099817697685132,0.0
2022-09-19,SPY,SPY (S&P 500 ETF),risk_parity_spy_cash,Risk-Parity,10864.178639904314,0.08641786399043139,0.0066110359149145,0.0
2022-09-20,SPY,SPY (S&P 500 ETF),risk_parity_spy_cash,Risk-Parity,10757.747433744871,0.07577474337448709,-0.0097965257832302,0.0
2022-09-21,SPY,SPY (S&P 500 ETF),risk_parity_spy_cash,Risk-Parity,10597.86212014349,0.05978621201434908,-0.0148623412648501,0.0
2022-09-22,SPY,SPY (S&P 500 ETF),risk_parity_spy_cash,Risk-Parity,10522.214362506817,0.05222143625068165,-0.0071380205534934,0.0
2022-09-23,SPY,SPY (S&P 500 ETF),risk_parity_spy_cash,Risk-Parity,10372.590198413023,0.03725901984130231,-0.0142198361427553,0.0
2022-09-26,SPY,SPY (S&P 500 ETF),risk_parity_spy_cash,Risk-Parity,10285.72654556227,0.028572654556226817,-0.0083743453842458,0.0
2022-09-27,SPY,SPY (S&P 500 ETF),risk_parity_spy_cash,Risk-Parity,10263.533623625131,0.026353362362513177,-0.0021576426165743,0.0
2022-09-28,SPY,SPY (S&P 500 ETF),risk_parity_spy_cash,Risk-Parity,10434.157823716148,0.04341578237161481,0.0166243134526555,0.0
2022-09-29,SPY,SPY (S&P 500 ETF),risk_parity_spy_cash,Risk-Parity,10249.454219549178,0.024945421954917668,-0.0177018219666132,0.0
2022-09-30,SPY,SPY (S&P 500 ETF),risk_parity_spy_cash,Risk-Parity,10115.579354195705,0.011557935419570509,-0.0130616579659559,0.0
2022-10-03,SPY,SPY (S&P 500 ETF),risk_parity_spy_cash,Risk-Parity,10340.61240743515,0.03406124074351502,0.0222461853503337,0.0
2022-10-04,SPY,SPY (S&P 500 ETF),risk_parity_spy_cash,Risk-Parity,10627.468578590777,0.06274685785907774,0.0277407333195631,0.050891807476056
2022-10-05,SPY,SPY (S&P 500 ETF),risk_parity_spy_cash,Risk-Parity,10605.20646743479,0.0605206467434789,-0.0020947708281945,0.0
2022-10-06,SPY,SPY (S&P 500 ETF),risk_parity_spy_cash,Risk-Parity,10506.798764469051,0.05067987644690519,-0.0092791878468293,0.0
2022-10-07,SPY,SPY (S&P 500 ETF),risk_parity_spy_cash,Risk-Parity,10243.449477224844,0.02434494772248441,-0.0250646551007314,0.0
2022-10-10,SPY,SPY (S&P 500 ETF),risk_parity_spy_cash,Risk-Parity,10173.374317514536,0.017337431751453636,-0.0068409728447544,0.0
2022-10-11,SPY,SPY (S&P 500 ETF),risk_parity_spy_cash,Risk-Parity,10115.69556225809,0.011569556225808908,-0.0056695795766745,0.0
2022-10-12,SPY,SPY (S&P 500 ETF),risk_parity_spy_cash,Risk-Parity,10085.844445946626,0.008584444594662566,-0.0029509702153195,0.0
2022-10-13,SPY,SPY (S&P 500 ETF),risk_parity_spy_cash,Risk-Parity,10323.896019972655,0.032389601997265594,0.0236025426826507,0.0
2022-10-14,SPY,SPY (S&P 500 ETF),risk_parity_spy_cash,Risk-Parity,10112.91318437606,0.011291318437606002,-0.0204363580559536,0.0
2022-10-17,SPY,SPY (S&P 500 ETF),risk_parity_spy_cash,Risk-Parity,10345.3992306131,0.03453992306130993,0.0229890281858857,0.0
2022-10-18,SPY,SPY (S&P 500 ETF),risk_parity_spy_cash,Risk-Parity,10454.432312821442,0.045443231282144225,0.010539282223706,0.0
2022-10-19,SPY,SPY (S&P 500 ETF),risk_parity_spy_cash,Risk-Parity,10387.899203533649,0.038789920353364815,-0.0063641054145231,0.0
2022-10-20,SPY,SPY (S&P 500 ETF),risk_parity_spy_cash,Risk-Parity,10309.729362332477,0.030972936233247594,-0.0075250866098682,0.0
2022-10-21,SPY,SPY (S&P 500 ETF),risk_parity_spy_cash,Risk-Parity,10534.373179233871,0.05343731792338713,0.0217894969893344,0.0
2022-10-24,SPY,SPY (S&P 500 ETF),risk_parity_spy_cash,Risk-Parity,10650.236366082148,0.06502363660821486,0.0109985838622721,0.0
2022-10-25,SPY,SPY (S&P 500 ETF),risk_parity_spy_cash,Risk-Parity,10803.287994267075,0.08032879942670745,0.0143707259561256,0.0
2022-10-26,SPY,SPY (S&P 500 ETF),risk_parity_spy_cash,Risk-Parity,10729.924008314414,0.07299240083144132,-0.0067908942158715,0.0
2022-10-27,SPY,SPY (S&P 500 ETF),risk_parity_spy_cash,Risk-Parity,10678.317229207292,0.06783172292072925,-0.0048096127304473,0.0
2022-10-28,SPY,SPY (S&P 500 ETF),risk_parity_spy_cash,Risk-Parity,10907.00800084165,0.09070080008416492,0.0214163680218117,0.0
2022-10-31,SPY,SPY (S&P 500 ETF),risk_parity_spy_cash,Risk-Parity,10835.92148846057,0.08359214884605692,-0.0065175080439653,0.0
2022-11-01,SPY,SPY (S&P 500 ETF),risk_parity_spy_cash,Risk-Parity,10793.168291359856,0.07931682913598559,-0.0039455063555271,0.0
2022-11-02,SPY,SPY (S&P 500 ETF),risk_parity_spy_cash,Risk-Parity,10572.71470966811,0.057271470966810956,-0.0204252890106628,0.0909325724723503
2022-11-03,SPY,SPY (S&P 500 ETF),risk_parity_spy_cash,Risk-Parity,10484.926134842002,0.04849261348420031,-0.0083033144501506,0.0
2022-11-04,SPY,SPY (S&P 500 ETF),risk_parity_spy_cash,Risk-Parity,10606.374955338248,0.06063749553382469,0.01158318322269,0.0
2022-11-07,SPY,SPY (S&P 500 ETF),risk_parity_spy_cash,Risk-Parity,10688.250759624656,0.06882507596246557,0.0077194898946317,0.0
2022-11-08,SPY,SPY (S&P 500 ETF),risk_parity_spy_cash,Risk-Parity,10734.87412483582,0.07348741248358204,0.0043621137134324,0.0
2022-11-09,SPY,SPY (S&P 500 ETF),risk_parity_spy_cash,Risk-Parity,10555.88493386735,0.055588493386734994,-0.0166736180496395,0.0
2022-11-10,SPY,SPY (S&P 500 ETF),risk_parity_spy_cash,Risk-Parity,11023.485901152522,0.10234859011525232,0.0442976567303161,0.0
2022-11-11,SPY,SPY (S&P 500 ETF),risk_parity_spy_cash,Risk-Parity,11110.36524609167,0.11103652460916691,0.0078812950565902,0.0
2022-11-14,SPY,SPY (S&P 500 ETF),risk_parity_spy_cash,Risk-Parity,11033.265327951956,0.10332653279519555,-0.006939458463513,0.0
2022-11-15,SPY,SPY (S&P 500 ETF),risk_parity_spy_cash,Risk-Parity,11109.909937079574,0.1109909937079574,0.006946684127449,0.0
2022-11-16,SPY,SPY (S&P 500 ETF),risk_parity_spy_cash,Risk-Parity,11040.77098596538,0.10407709859653802,-0.0062231783610992,0.0
2022-11-17,SPY,SPY (S&P 500 ETF),risk_parity_spy_cash,Risk-Parity,11013.251165340987,0.1013251165340987,-0.0024925633055312,0.0
2022-11-18,SPY,SPY (S&P 500 ETF),risk_parity_spy_cash,Risk-Parity,11053.96176001245,0.10539617600124496,0.0036965101458485,0.0
2022-11-21,SPY,SPY (S&P 500 ETF),risk_parity_spy_cash,Risk-Parity,11021.211438297883,0.10212114382978843,-0.0029627677773446,0.0
2022-11-22,SPY,SPY (S&P 500 ETF),risk_parity_spy_cash,Risk-Parity,11141.977989344605,0.11419779893446047,0.0109576475982542,0.0
2022-11-23,SPY,SPY (S&P 500 ETF),risk_parity_spy_cash,Risk-Parity,11199.291399379395,0.11992913993793963,0.0051439170037494,0.0
2022-11-25,SPY,SPY (S&P 500 ETF),risk_parity_spy_cash,Risk-Parity,11197.243896962196,0.11972438969621968,-0.000182824282732,0.0
2022-11-28,SPY,SPY (S&P 500 ETF),risk_parity_spy_cash,Risk-Parity,11051.232682214337,0.10512326822143359,-0.0130399244752963,0.0
2022-11-29,SPY,SPY (S&P 500 ETF),risk_parity_spy_cash,Risk-Parity,11035.767445312633,0.1035767445312632,-0.0013994128389491,0.0
2022-11-30,SPY,SPY (S&P 500 ETF),risk_parity_spy_cash,Risk-Parity,11318.920371964494,0.13189203719644937,0.0256577467815461,0.0
2022-12-01,SPY,SPY (S&P 500 ETF),risk_parity_spy_cash,Risk-Parity,11312.097677469215,0.1312097677469215,-0.0006027690160428,0.0
2022-12-02,SPY,SPY (S&P 500 ETF),risk_parity_spy_cash,Risk-Parity,11301.546683827057,0.13015466838270573,-0.0009327176924203,0.0791282214789963
2022-12-05,SPY,SPY (S&P 500 ETF),risk_parity_spy_cash,Risk-Parity,11151.161612679198,0.11511616126791968,-0.0133065920404561,0.0
2022-12-06,SPY,SPY (S&P 500 ETF),risk_parity_spy_cash,Risk-Parity,11032.825736764167,0.10328257367641669,-0.0106119774804877,0.0
2022-12-07,SPY,SPY (S&P 500 ETF),risk_parity_spy_cash,Risk-Parity,11019.061347857296,0.10190613478572952,-0.0012475850915514,0.0
2022-12-08,SPY,SPY (S&P 500 ETF),risk_parity_spy_cash,Risk-Parity,11082.337787249937,0.10823377872499362,0.0057424527729801,0.0
2022-12-09,SPY,SPY (S&P 500 ETF),risk_parity_spy_cash,Risk-Parity,11021.526574111364,0.10215265741113644,-0.0054872188798047,0.0
2022-12-12,SPY,SPY (S&P 500 ETF),risk_parity_spy_cash,Risk-Parity,11138.013530335846,0.11380135303358463,0.0105690400908797,0.0
2022-12-13,SPY,SPY (S&P 500 ETF),risk_parity_spy_cash,Risk-Parity,11200.057356601448,0.12000573566014472,0.0055704570744701,0.0
2022-12-14,SPY,SPY (S&P 500 ETF),risk_parity_spy_cash,Risk-Parity,11147.2581287886,0.11472581287885997,-0.004714192627034,0.0
2022-12-15,SPY,SPY (S&P 500 ETF),risk_parity_spy_cash,Risk-Parity,10946.539683046927,0.09465396830469275,-0.018006082161433,0.0
2022-12-16,SPY,SPY (S&P 500 ETF),risk_parity_spy_cash,Risk-Parity,10815.877048896587,0.08158770488965872,-0.011936432693219,0.0
2022-12-19,SPY,SPY (S&P 500 ETF),risk_parity_spy_cash,Risk-Parity,10749.107787667372,0.07491077876673713,-0.0061732637055104,0.0
2022-12-20,SPY,SPY (S&P 500 ETF),risk_parity_spy_cash,Risk-Parity,10759.791270721627,0.07597912707216281,0.0009938948669314,0.0
2022-12-21,SPY,SPY (S&P 500 ETF),risk_parity_spy_cash,Risk-Parity,10876.688889000128,0.08766888890001279,0.0108643016706644,0.0
2022-12-22,SPY,SPY (S&P 500 ETF),risk_parity_spy_cash,Risk-Parity,10763.48911010273,0.07634891101027286,-0.0104075587757116,0.0
2022-12-23,SPY,SPY (S&P 500 ETF),risk_parity_spy_cash,Risk-Parity,10808.481370134385,0.0808481370134384,0.0041800813445729,0.0
2022-12-27,SPY,SPY (S&P 500 ETF),risk_parity_spy_cash,Risk-Parity,10777.459143519098,0.0777459143519097,-0.0028701744077578,0.0
2022-12-28,SPY,SPY (S&P 500 ETF),risk_parity_spy_cash,Risk-Parity,10680.078944693583,0.06800789446935829,-0.0090355433065196,0.0
2022-12-29,SPY,SPY (S&P 500 ETF),risk_parity_spy_cash,Risk-Parity,10819.369870733168,0.08193698707331687,0.013042125134177,0.0
2022-12-30,SPY,SPY (S&P 500 ETF),risk_parity_spy_cash,Risk-Parity,10798.619838153145,0.07986198381531451,-0.0019178596191773,0.0
2020-01-02,SPY,SPY (S&P 500 ETF),cppi_spy_cash,CPPI,10000.0,0.0,0.0,0.0
2020-01-03,SPY,SPY (S&P 500 ETF),cppi_spy_cash,CPPI,9948.593859134608,-0.005140614086539208,-0.0051406140865392,0.6
2020-01-06,SPY,SPY (S&P 500 ETF),cppi_spy_cash,CPPI,9970.790372729009,-0.0029209627270991856,0.002231120689887,0.0105755932165408
2020-01-07,SPY,SPY (S&P 500 ETF),cppi_spy_cash,CPPI,9954.121825852166,-0.004587817414783424,-0.0016717377714038,0.0044479560653851
2020-01-08,SPY,SPY (S&P 500 ETF),cppi_spy_cash,CPPI,9985.332054031584,-0.0014667945968416252,0.0031354074950502,0.0033508878038436
2020-01-09,SPY,SPY (S&P 500 ETF),cppi_spy_cash,CPPI,10025.654915012812,0.0025654915012811585,0.0040382093217368,0.0062498417683765
2020-01-10,SPY,SPY (S&P 500 ETF),cppi_spy_cash,CPPI,10008.08672102219,0.0008086721022189103,-0.0017523238271761,0.0080414237208558
2020-01-13,SPY,SPY (S&P 500 ETF),cppi_spy_cash,CPPI,10049.48233706112,0.004948233706111971,0.0041362167607899,0.0035139724557116
2020-01-14,SPY,SPY (S&P 500 ETF),cppi_spy_cash,CPPI,10040.02557577903,0.004002557577903021,-0.0009410197426005,0.0082369648748767
2020-01-15,SPY,SPY (S&P 500 ETF),cppi_spy_cash,CPPI,10053.837102858935,0.005383710285893573,0.0013756466032543,0.0018870126487368
2020-01-16,SPY,SPY (S&P 500 ETF),cppi_spy_cash,CPPI,10105.063173286464,0.010506317328646375,0.0050951760908239,0.0027467778604554
2020-01-17,SPY,SPY (S&P 500 ETF),cppi_spy_cash,CPPI,10124.616755319686,0.012461675531968641,0.0019350281831898,0.0101376357321097
2020-01-21,SPY,SPY (S&P 500 ETF),cppi_spy_cash,CPPI,10112.096463064829,0.011209646306482801,-0.0012366188822188,0.0038587874140865
2020-01-22,SPY,SPY (S&P 500 ETF),cppi_spy_cash,CPPI,10112.836590922354,0.011283659092235387,7.319232566938005e-05,0.0024777313005026
2020-01-23,SPY,SPY (S&P 500 ETF),cppi_spy_cash,CPPI,10120.104584438355,0.012010458443835414,0.0007186898997779,0.0001454488329218
2020-01-24,SPY,SPY (S&P 500 ETF),cppi_spy_cash,CPPI,10063.527356987131,0.006352735698713197,-0.0055905773482046,0.001436293265479
2020-01-27,SPY,SPY (S&P 500 ETF),cppi_spy_cash,CPPI,9964.18393358384,-0.0035816066416161085,-0.009871630480968,0.011244551840576
2020-01-28,SPY,SPY (S&P 500 ETF),cppi_spy_cash,CPPI,10025.733081127795,0.002573308112779449,0.0061770384764283,0.0199444728906311
2020-01-29,SPY,SPY (S&P 500 ETF),cppi_spy_cash,CPPI,10020.5902032829,0.0020590203282899733,-0.0005129677603903,0.012270134017709
2020-01-30,SPY,SPY (S&P 500 ETF),cppi_spy_cash,CPPI,10040.252441231414,0.004025244123141425,0.0019621836188923,0.0010312970114044
2020-01-31,SPY,SPY (S&P 500 ETF),cppi_spy_cash,CPPI,9929.073435196393,-0.007092656480360726,-0.0110733277560285,0.0039162753534701
2020-02-03,SPY,SPY (S&P 500 ETF),cppi_spy_cash,CPPI,9971.84069429044,-0.002815930570955971,0.0043072759379991,0.0223961846332915
2020-02-04,SPY,SPY (S&P 500 ETF),cppi_spy_cash,CPPI,10061.91458729548,0.006191458729547961,0.00903282510887,0.0085683033955406
2020-02-05,SPY,SPY (S&P 500 ETF),cppi_spy_cash,CPPI,10133.16621983121,0.013316621983120891,0.0070813195557926,0.0179004729844323
2020-02-06,SPY,SPY (S&P 500 ETF),cppi_spy_cash,CPPI,10154.556869272956,0.015455686927295487,0.0021109541655286,0.0140562067857492
2020-02-07,SPY,SPY (S&P 500 ETF),cppi_spy_cash,CPPI,10120.06514051342,0.012006514051341899,-0.0033966749316165,0.0042078466082048
2020-02-10,SPY,SPY (S&P 500 ETF),cppi_spy_cash,CPPI,10167.47673243807,0.016747673243806993,0.0046849097576306,0.0068180379517601
2020-02-11,SPY,SPY (S&P 500 ETF),cppi_spy_cash,CPPI,10178.650865086123,0.017865086508612293,0.0010990074471872,0.0093236061817008
2020-02-12,SPY,SPY (S&P 500 ETF),cppi_spy_cash,CPPI,10220.73810829256,0.02207381082925597,0.0041348547822579,0.0021922447425832
2020-02-13,SPY,SPY (S&P 500 ETF),cppi_spy_cash,CPPI,10213.545640464845,0.021354564046484503,-0.000703713151781,0.0082348749997273
2020-02-14,SPY,SPY (S&P 500 ETF),cppi_spy_cash,CPPI,10224.170268669788,0.022417026866978773,0.0010402487616887,0.0014112865562436
2020-02-18,SPY,SPY (S&P 500 ETF),cppi_spy_cash,CPPI,10206.954001784934,0.02069540017849336,-0.0016838791249017,0.0020778423533249
2020-02-19,SPY,SPY (S&P 500 ETF),cppi_spy_cash,CPPI,10238.575352946456,0.023857535294645738,0.0030980203453441,0.0033741617285766
2020-02-20,SPY,SPY (S&P 500 ETF),cppi_spy_cash,CPPI,10210.922434157224,0.021092243415722356,-0.0027008561089776,0.0061757227044757
2020-02-21,SPY,SPY (S&P 500 ETF),cppi_spy_cash,CPPI,10142.56146747037,0.014256146747037013,-0.0066948864931314,0.0054184716489233
2020-02-24,SPY,SPY (S&P 500 ETF),cppi_spy_cash,CPPI,9929.250883569972,-0.007074911643002779,-0.0210312340314167,0.0134819317530786
2020-02-25,SPY,SPY (S&P 500 ETF),cppi_spy_cash,CPPI,9753.450401082217,-0.02465495989177835,-0.0177053117651255,0.0429711421861519
2020-02-26,SPY,SPY (S&P 500 ETF),cppi_spy_cash,CPPI,9733.750617317111,-0.026624938268288822,-0.002019775869565,0.0360671265469197
2020-02-27,SPY,SPY (S&P 500 ETF),cppi_spy_cash,CPPI,9500.115014382962,-0.04998849856170384,-0.0240026288035871,0.0040643758262292
2020-02-28,SPY,SPY (S&P 500 ETF),cppi_spy_cash,CPPI,9480.740278226527,-0.05192597217734729,-0.0020394212203853,0.0491877863519808
2020-03-02,SPY,SPY (S&P 500 ETF),cppi_spy_cash,CPPI,9673.077565010435,-0.0326922434989565,0.020287159139422,0.0041131176243251
2020-03-03,SPY,SPY (S&P 500 ETF),cppi_spy_cash,CPPI,9528.985660446153,-0.047101433955384686,-0.0148961800001992,0.0397654052662692
2020-03-04,SPY,SPY (S&P 500 ETF),cppi_spy_cash,CPPI,9721.495135919033,-0.02785048640809673,0.0202025149719731,0.0302622840910401
2020-03-05,SPY,SPY (S&P 500 ETF),cppi_spy_cash,CPPI,9549.440852551064,-0.045055914744893566,-0.0176983355916376,0.039589526969763
2020-03-06,SPY,SPY (S&P 500 ETF),cppi_spy_cash,CPPI,9472.257393080126,-0.05277426069198732,-0.0080825108676723,0.036053312640132
2020-03-09,SPY,SPY (S&P 500 ETF),cppi_spy_cash,CPPI,9127.182993272325,-0.08728170067276753,-0.0364300066486678,0.0163153949559003
2020-03-10,SPY,SPY (S&P 500 ETF),cppi_spy_cash,CPPI,9301.457417993131,-0.0698542582006868,0.0190939991944136,0.0756236926949238
2020-03-11,SPY,SPY (S&P 500 ETF),cppi_spy_cash,CPPI,9110.784338512623,-0.0889215661487377,-0.0204992691910476,0.0374257847708078
2020-03-12,SPY,SPY (S&P 500 ETF),cppi_spy_cash,CPPI,8791.586063542514,-0.12084139364574853,-0.0350352135568409,0.0418787378706675
2020-03-13,SPY,SPY (S&P 500 ETF),cppi_spy_cash,CPPI,8993.941976463155,-0.10060580235368455,0.0230169973265441,0.0726420168937714
2020-03-16,SPY,SPY (S&P 500 ETF),cppi_spy_cash,CPPI,8667.269864486507,-0.13327301355134935,-0.0363213497298001,0.0449464423475744
2020-03-17,SPY,SPY (S&P 500 ETF),cppi_spy_cash,CPPI,8774.689931649413,-0.12253100683505869,0.0123937605315662,0.0754118029552454
2020-03-18,SPY,SPY (S&P 500 ETF),cppi_spy_cash,CPPI,8656.80402194548,-0.134319597805452,-0.0134347664273275,0.0244267867718211
2020-03-19,SPY,SPY (S&P 500 ETF),cppi_spy_cash,CPPI,8660.755058985727,-0.13392449410142726,0.000456408280727,0.027253636184023
2020-03-20,SPY,SPY (S&P 500 ETF),cppi_spy_cash,CPPI,8564.234561611062,-0.14357654383889384,-0.0111445822814864,0.0008913594177598
2020-03-23,SPY,SPY (S&P 500 ETF),cppi_spy_cash,CPPI,8520.763090071281,-0.14792369099287184,-0.0050759319151112,0.0225410626361768
2020-03-24,SPY,SPY (S&P 500 ETF),cppi_spy_cash,CPPI,8662.223049152723,-0.1337776950847277,0.0166017946498566,0.0102218350359899
2020-03-25,SPY,SPY (S&P 500 ETF),cppi_spy_cash,CPPI,8691.680025719063,-0.1308319974280937,0.0034006254975413,0.0326531409069478
2020-03-26,SPY,SPY (S&P 500 ETF),cppi_spy_cash,CPPI,8812.781691425062,-0.11872183085749388,0.0139330561350226,0.0067531219691489
2020-03-27,SPY,SPY (S&P 500 ETF),cppi_spy_cash,CPPI,8739.913817802397,-0.12600861821976028,-0.0082684305789131,0.0274781172295488
2020-03-30,SPY,SPY (S&P 500 ETF),cppi_spy_cash,CPPI,8811.854395027543,-0.1188145604972457,0.008231268491299,0.0166947761503966
2020-03-31,SPY,SPY (S&P 500 ETF),cppi_spy_cash,CPPI,8775.408208051835,-0.12245917919481653,-0.0041360405360618,0.0163157827157625
2020-04-01,SPY,SPY (S&P 500 ETF),cppi_spy_cash,CPPI,8670.644637926025,-0.1329355362073975,-0.0119383130268155,0.0083182920272988
2020-04-02,SPY,SPY (S&P 500 ETF),cppi_spy_cash,CPPI,8716.860101432108,-0.1283139898567892,0.0053301069800431,0.0241713038875201
2020-04-03,SPY,SPY (S&P 500 ETF),cppi_spy_cash,CPPI,8685.683258227846,-0.13143167417721546,-0.0035766139230731,0.0105852309453257
2020-04-06,SPY,SPY (S&P 500 ETF),cppi_spy_cash,CPPI,8823.784088212482,-0.11762159117875182,0.0158998234081142,0.0071869063308861
2020-04-07,SPY,SPY (S&P 500 ETF),cppi_spy_cash,CPPI,8826.027350231858,-0.11739726497681424,0.0002542290242995,0.0312965523454085
2020-04-08,SPY,SPY (S&P 500 ETF),cppi_spy_cash,CPPI,8909.208307512492,-0.10907916924875083,0.0094245070834104,0.0004858034825317
2020-04-09,SPY,SPY (S&P 500 ETF),cppi_spy_cash,CPPI,8950.548426863086,-0.10494515731369136,0.0046401563330531,0.0186726839204172
2020-04-13,SPY,SPY (S&P 500 ETF),cppi_spy_cash,CPPI,8924.43014585183,-0.10755698541481706,-0.0029180648788926,0.0092245534028633
2020-04-14,SPY,SPY (S&P 500 ETF),cppi_spy_cash,CPPI,9006.169670434152,-0.0993830329565848,0.0091590749489272,0.0058595138093597
2020-04-15,SPY,SPY (S&P 500 ETF),cppi_spy_cash,CPPI,8941.869806889208,-0.10581301931107923,-0.0071395349963292,0.0181478933284079
2020-04-16,SPY,SPY (S&P 500 ETF),cppi_spy_cash,CPPI,8955.372476822302,-0.1044627523177698,0.0015100499363891,0.0143939011970016
2020-04-17,SPY,SPY (S&P 500 ETF),cppi_spy_cash,CPPI,9032.774740775863,-0.0967225259224137,0.0086431093909149,0.0030057156291552
2020-04-20,SPY,SPY (S&P 500 ETF),cppi_spy_cash,CPPI,8978.034672893726,-0.10219653271062745,-0.0060601608534563,0.0171360661347311
2020-04-21,SPY,SPY (S&P 500 ETF),cppi_spy_cash,CPPI,8888.837241090918,-0.11111627589090822,-0.0099350732150891,0.012205547527198
2020-04-22,SPY,SPY (S&P 500 ETF),cppi_spy_cash,CPPI,8947.839586948094,-0.10521604130519058,0.006637802477069,0.0200778378822654
2020-04-23,SPY,SPY (S&P 500 ETF),cppi_spy_cash,CPPI,8947.517747454152,-0.10524822525458477,-3.596840229580511e-05,0.0131741030587205
2020-04-24,SPY,SPY (S&P 500 ETF),cppi_spy_cash,CPPI,8987.138541877503,-0.1012861458122497,0.0044281325325812,8.092724261477002e-05
2020-04-27,SPY,SPY (S&P 500 ETF),cppi_spy_cash,CPPI,9029.757923964064,-0.09702420760359365,0.0047422638349201,0.0088171662670509
2020-04-28,SPY,SPY (S&P 500 ETF),cppi_spy_cash,CPPI,9015.46708972322,-0.09845329102767797,-0.0015826375813373,0.0094338779721014
2020-04-29,SPY,SPY (S&P 500 ETF),cppi_spy_cash,CPPI,9095.188386335654,-0.09048116136643458,0.008842725043421,0.003176508770901
2020-04-30,SPY,SPY (S&P 500 ETF),cppi_spy_cash,CPPI,9064.43869718274,-0.09355613028172594,-0.0033808743532033,0.0175283485798323
2020-05-01,SPY,SPY (S&P 500 ETF),cppi_spy_cash,CPPI,8979.839638223282,-0.10201603617767174,-0.0093330719954838,0.006795921232941
2020-05-04,SPY,SPY (S&P 500 ETF),cppi_spy_cash,CPPI,8987.77810516117,-0.10122218948388306,0.0008840321495382,0.0188464409637468
2020-05-05,SPY,SPY (S&P 500 ETF),cppi_spy_cash,CPPI,9015.141499310896,-0.09848585006891042,0.0030445115388433,0.0017538367262096
2020-05-06,SPY,SPY (S&P 500 ETF),cppi_spy_cash,CPPI,8994.442822600422,-0.10055571773995775,-0.0022959902195718,0.006069369228743
2020-05-07,SPY,SPY (S&P 500 ETF),cppi_spy_cash,CPPI,9030.400501260354,-0.09695994987396461,0.0039977661061538,0.0046065761553911
2020-05-08,SPY,SPY (S&P 500 ETF),cppi_spy_cash,CPPI,9081.475834763894,-0.09185241652361054,0.0056559322586426,0.0079606288396376
2020-05-11,SPY,SPY (S&P 500 ETF),cppi_spy_cash,CPPI,9082.039356937865,-0.09179606430621357,6.205182772300866e-05,0.0112430390286791
2020-05-12,SPY,SPY (S&P 500 ETF),cppi_spy_cash,CPPI,9017.338047474936,-0.09826619525250646,-0.0071240948117564,0.0001168700270979
2020-05-13,SPY,SPY (S&P 500 ETF),cppi_spy_cash,CPPI,8963.231906897228,-0.10367680931027712,-0.0060002342479394,0.0143504990373931
2020-05-14,SPY,SPY (S&P 500 ETF),cppi_spy_cash,CPPI,8997.7050812965,-0.10022949187034991,0.0038460652092182,0.0120824595029206
2020-05-15,SPY,SPY (S&P 500 ETF),cppi_spy_cash,CPPI,9011.395353617065,-0.09886046463829357,0.0015215293451906,0.0076545035563235
2020-05-18,SPY,SPY (S&P 500 ETF),cppi_spy_cash,CPPI,9103.788118276496,-0.08962118817235043,0.010252881050474,0.0030333351733248
2020-05-19,SPY,SPY (S&P 500 ETF),cppi_spy_cash,CPPI,9069.59241420739,-0.09304075857926086,-0.0037562060567353,0.0202956611071321
2020-05-20,SPY,SPY (S&P 500 ETF),cppi_spy_cash,CPPI,9124.034257045432,-0.08759657429545675,0.0060026779982702,0.0075536987859105
2020-05-21,SPY,SPY (S&P 500 ETF),cppi_spy_cash,CPPI,9100.644889470916,-0.08993551105290842,-0.0025634896708606,0.0119288695962087
2020-05-22,SPY,SPY (S&P 500 ETF),cppi_spy_cash,CPPI,9106.868612536313,-0.0893131387463687,0.0006838771472772,0.0051476955489003
2020-05-26,SPY,SPY (S&P 500 ETF),cppi_spy_cash,CPPI,9147.76783849822,-0.08522321615017814,0.0044910306387431,0.0013635418127038
2020-05-27,SPY,SPY (S&P 500 ETF),cppi_spy_cash,CPPI,9198.918515380064,-0.08010814846199354,0.0055916019935022,0.0089410404326582
2020-05-28,SPY,SPY (S&P 500 ETF),cppi_spy_cash,CPPI,9192.180505980652,-0.08078194940193484,-0.0007324784308225,0.011115475123143
2020-05-29,SPY,SPY (S&P 500 ETF),cppi_spy_cash,CPPI,9208.103680065386,-0.0791896319934614,0.0017322521108429,0.0014728050099901
2020-06-01,SPY,SPY (S&P 500 ETF),cppi_spy_cash,CPPI,9222.720291880709,-0.07772797081192917,0.0015873639484496,0.0034576150024414
2020-06-02,SPY,SPY (S&P 500 ETF),cppi_spy_cash,CPPI,9253.063892598417,-0.07469361074015834,0.0032900922675083,0.0031676030607975
2020-06-03,SPY,SPY (S&P 500 ETF),cppi_spy_cash,CPPI,9303.031165209317,-0.06969688347906833,0.0054000786324268,0.0065567046224048
2020-06-04,SPY,SPY (S&P 500 ETF),cppi_spy_cash,CPPI,9292.663309253265,-0.07073366907467349,-0.0011144599831963,0.0107382767777935
2020-06-05,SPY,SPY (S&P 500 ETF),cppi_spy_cash,CPPI,9392.033363633023,-0.06079666363669767,0.010693388006516,0.0022376398257128
2020-06-08,SPY,SPY (S&P 500 ETF),cppi_spy_cash,CPPI,9442.312094537976,-0.05576879054620243,0.0053533381918804,0.0211592085522412
2020-06-09,SPY,SPY (S&P 500 ETF),cppi_spy_cash,CPPI,9409.947349906315,-0.059005265009368535,-0.0034276291979782,0.0106379767777531
2020-06-10,SPY,SPY (S&P 500 ETF),cppi_spy_cash,CPPI,9386.28020593742,-0.06137197940625794,-0.0025151197014008,0.0068846194461493
2020-06-11,SPY,SPY (S&P 500 ETF),cppi_spy_cash,CPPI,9146.481256353203,-0.08535187436467973,-0.0255478149301924,0.0050467224451181
2020-06-12,SPY,SPY (S&P 500 ETF),cppi_spy_cash,CPPI,9187.18911710261,-0.0812810882897389,0.0044506580846193,0.0524381198804715
2020-06-15,SPY,SPY (S&P 500 ETF),cppi_spy_cash,CPPI,9220.357233782528,-0.07796427662174721,0.0036102573112566,0.0088293006869632
2020-06-16,SPY,SPY (S&P 500 ETF),cppi_spy_cash,CPPI,9290.7576219339,-0.07092423780660995,0.007635321101598,0.0071891534539295
2020-06-17,SPY,SPY (S&P 500 ETF),cppi_spy_cash,CPPI,9274.532277384476,-0.07254677226155237,-0.0017463962800104,0.0151506276962434
2020-06-18,SPY,SPY (S&P 500 ETF),cppi_spy_cash,CPPI,9275.971898022832,-0.07240281019771677,0.0001552229907988,0.0035077545229311
2020-06-19,SPY,SPY (S&P 500 ETF),cppi_spy_cash,CPPI,9237.417524416232,-0.07625824755837673,-0.0041563702467465,0.0003083365025995
2020-06-22,SPY,SPY (S&P 500 ETF),cppi_spy_cash,CPPI,9261.154974268797,-0.07388450257312029,0.0025697062831491,0.008347617377257
2020-06-23,SPY,SPY (S&P 500 ETF),cppi_spy_cash,CPPI,9278.52528905569,-0.07214747109443109,0.0018756099898074,0.0051212594837194
2020-06-24,SPY,SPY (S&P 500 ETF),cppi_spy_cash,CPPI,9180.650364653931,-0.08193496353460683,-0.0105485431523479,0.0037411739279953
2020-06-25,SPY,SPY (S&P 500 ETF),cppi_spy_cash,CPPI,9218.425422382294,-0.07815745776177063,0.0041146385308166,0.0213242204035684
2020-06-26,SPY,SPY (S&P 500 ETF),cppi_spy_cash,CPPI,9131.532472378698,-0.08684675276213016,-0.0094260078074309,0.0081825117777209
2020-06-29,SPY,SPY (S&P 500 ETF),cppi_spy_cash,CPPI,9181.250001303604,-0.08187499986963953,0.0054445986010884,0.0190363907773951
2020-06-30,SPY,SPY (S&P 500 ETF),cppi_spy_cash,CPPI,9226.544008760731,-0.07734559912392691,0.0049333159919071,0.0108183359889046
2020-07-01,SPY,SPY (S&P 500 ETF),cppi_spy_cash,CPPI,9252.228358653636,-0.07477716413463642,0.0027837454488393,0.0098115856228714
2020-07-02,SPY,SPY (S&P 500 ETF),cppi_spy_cash,CPPI,9272.864853932664,-0.07271351460673359,0.0022304351426569,0.0055461531854598
2020-07-06,SPY,SPY (S&P 500 ETF),cppi_spy_cash,CPPI,9331.771997907825,-0.06682280020921749,0.0063526369577333,0.0044476558305152
2020-07-07,SPY,SPY (S&P 500 ETF),cppi_spy_cash,CPPI,9290.4478524123,-0.07095521475876998,-0.0044283278143517,0.0126224718370379
2020-07-08,SPY,SPY (S&P 500 ETF),cppi_spy_cash,CPPI,9319.975431307115,-0.06800245686928852,0.003178272927623,0.0089033006342308
2020-07-09,SPY,SPY (S&P 500 ETF),cppi_spy_cash,CPPI,9297.373018655688,-0.0702626981344312,-0.0024251579650631,0.0063312301958128
2020-07-10,SPY,SPY (S&P 500 ETF),cppi_spy_cash,CPPI,9337.068246612012,-0.06629317533879875,0.0042695100945906,0.0048657573399529
2020-07-13,SPY,SPY (S&P 500 ETF),cppi_spy_cash,CPPI,9302.256304601891,-0.06977436953981087,-0.0037283589549376,0.0084999009498838
2020-07-14,SPY,SPY (S&P 500 ETF),cppi_spy_cash,CPPI,9352.814143832822,-0.06471858561671784,0.0054350081932184,0.0074894897593879
2020-07-15,SPY,SPY (S&P 500 ETF),cppi_spy_cash,CPPI,9389.99852444991,-0.06100014755500904,0.0039757424926065,0.010806936549781
2020-07-16,SPY,SPY (S&P 500 ETF),cppi_spy_cash,CPPI,9376.19064117134,-0.06238093588286597,-0.0014704883331575,0.0079139038309232
2020-07-17,SPY,SPY (S&P 500 ETF),cppi_spy_cash,CPPI,9388.131967611378,-0.061186803238862164,0.0012735797401135,0.0029497136115225
2020-07-20,SPY,SPY (S&P 500 ETF),cppi_spy_cash,CPPI,9421.76291579685,-0.057823708420315034,0.003582283280795,0.0025422708149032
2020-07-21,SPY,SPY (S&P 500 ETF),cppi_spy_cash,CPPI,9430.770157117133,-0.05692298428828668,0.0009560038180518,0.0071375831487384
2020-07-22,SPY,SPY (S&P 500 ETF),cppi_spy_cash,CPPI,9455.184209849209,-0.05448157901507911,0.0025887655329668,0.0019062788699038
2020-07-23,SPY,SPY (S&P 500 ETF),cppi_spy_cash,CPPI,9403.047214743032,-0.05969527852569678,-0.0055141173296092,0.0051631262853855
2020-07-24,SPY,SPY (S&P 500 ETF),cppi_spy_cash,CPPI,9375.834723921867,-0.062416527607813244,-0.0028940076764155,0.0110921774868275
2020-07-27,SPY,SPY (S&P 500 ETF),cppi_spy_cash,CPPI,9405.879619212268,-0.059412038078773155,0.0032045035108974,0.005810959233929
2020-07-28,SPY,SPY (S&P 500 ETF),cppi_spy_cash,CPPI,9379.06981382484,-0.06209301861751593,-0.0028503241028798,0.0063852925167402
2020-07-29,SPY,SPY (S&P 500 ETF),cppi_spy_cash,CPPI,9429.898271409067,-0.05701017285909327,0.0054193495296628,0.0057204755135396
2020-07-30,SPY,SPY (S&P 500 ETF),cppi_spy_cash,CPPI,9414.491501329405,-0.058550849867059496,-0.0016338214513272,0.0107770970915641
2020-07-31,SPY,SPY (S&P 500 ETF),cppi_spy_cash,CPPI,9447.993318642164,-0.055200668135783615,0.0035585371029362,0.0032788745549022
2020-08-03,SPY,SPY (S&P 500 ETF),cppi_spy_cash,CPPI,9478.126165849566,-0.052187383415043365,0.0031893383273193,0.0070900430652601
2020-08-04,SPY,SPY (S&P 500 ETF),cppi_spy_cash,CPPI,9495.194121632718,-0.05048058783672826,0.0018007732208344,0.0063545795536324
2020-08-05,SPY,SPY (S&P 500 ETF),cppi_spy_cash,CPPI,9523.019667936753,-0.04769803320632471,0.0029304873547175,0.0035916970452238
2020-08-06,SPY,SPY (S&P 500 ETF),cppi_spy_cash,CPPI,9553.505896739727,-0.04464941032602732,0.0032013195253204,0.0058419599602039
2020-08-07,SPY,SPY (S&P 500 ETF),cppi_spy_cash,CPPI,9556.790790777295,-0.04432092092227047,0.0003438417344454,0.0063791782226152
2020-08-10,SPY,SPY (S&P 500 ETF),cppi_spy_cash,CPPI,9570.743570356246,-0.0429256429643754,0.0014599858764736,0.0006841810158319
2020-08-11,SPY,SPY (S&P 500 ETF),cppi_spy_cash,CPPI,9531.817874039683,-0.046818212596031694,-0.0040671548694636,0.002915365536446
2020-08-12,SPY,SPY (S&P 500 ETF),cppi_spy_cash,CPPI,9595.810918089976,-0.04041890819100247,0.0067136242945409,0.0081690143478446
2020-08-13,SPY,SPY (S&P 500 ETF),cppi_spy_cash,CPPI,9587.02848266338,-0.041297151733661996,-0.0009152363986287,0.0133335018751758
2020-08-14,SPY,SPY (S&P 500 ETF),cppi_spy_cash,CPPI,9587.152341266388,-0.04128476587336116,1.2919394495547463e-05,0.0018388370707707
2020-08-17,SPY,SPY (S&P 500 ETF),cppi_spy_cash,CPPI,9602.27736610304,-0.03977226338969597,0.0015776347655964,2.4912828602396964e-05
2020-08-18,SPY,SPY (S&P 500 ETF),cppi_spy_cash,CPPI,9612.631624322765,-0.0387368375677235,0.0010783127611242,0.0031502869890395
2020-08-19,SPY,SPY (S&P 500 ETF),cppi_spy_cash,CPPI,9592.467313774305,-0.04075326862256956,-0.0020976888885909,0.0021527309294003
2020-08-20,SPY,SPY (S&P 500 ETF),cppi_spy_cash,CPPI,9607.301667109905,-0.03926983328900946,0.0015464585752926,0.0042052684154033
2020-08-21,SPY,SPY (S&P 500 ETF),cppi_spy_cash,CPPI,9624.37715944283,-0.03756228405571693,0.001777345286386,0.0030860338371981
2020-08-24,SPY,SPY (S&P 500 ETF),cppi_spy_cash,CPPI,9673.723028476235,-0.032627697152376456,0.0051271753190793,0.0035468494432732
2020-08-25,SPY,SPY (S&P 500 ETF),cppi_spy_cash,CPPI,9691.194776039223,-0.030880522396077636,0.0018061037629004,0.0102003009413489
2020-08-26,SPY,SPY (S&P 500 ETF),cppi_spy_cash,CPPI,9742.02546493024,-0.02579745350697593,0.0052450384153552,0.0036007983001113
2020-08-27,SPY,SPY (S&P 500 ETF),cppi_spy_cash,CPPI,9753.350779024324,-0.024664922097567654,0.0011625215038548,0.0104336363176306
2020-08-28,SPY,SPY (S&P 500 ETF),cppi_spy_cash,CPPI,9787.304837835878,-0.021269516216412154,0.0034812711631961,0.0023175123021874
2020-08-31,SPY,SPY (S&P 500 ETF),cppi_spy_cash,CPPI,9767.813340539406,-0.02321866594605948,-0.00199150814442,0.0069373239593205
2020-09-01,SPY,SPY (S&P 500 ETF),cppi_spy_cash,CPPI,9817.725068076936,-0.018227493192306432,0.0051098158612818,0.0039941073400074
2020-09-02,SPY,SPY (S&P 500 ETF),cppi_spy_cash,CPPI,9896.499180826995,-0.010350081917300469,0.0080236625291332,0.0101658605427183
2020-09-03,SPY,SPY (S&P 500 ETF),cppi_spy_cash,CPPI,9700.54468560978,-0.0299455314390219,-0.0198003851298093,0.015915108283949
2020-09-04,SPY,SPY (S&P 500 ETF),cppi_spy_cash,CPPI,9658.501059456064,-0.034149894054393504,-0.0043341510725769,0.0404076222547103
2020-09-08,SPY,SPY (S&P 500 ETF),cppi_spy_cash,CPPI,9522.472654172474,-0.04775273458275264,-0.0140838008347489,0.0087252755714507
2020-09-09,SPY,SPY (S&P 500 ETF),cppi_spy_cash,CPPI,9612.392418265545,-0.038760758173445486,0.0094429007421374,0.02857426646376
2020-09-10,SPY,SPY (S&P 500 ETF),cppi_spy_cash,CPPI,9528.223250250718,-0.047177674974928197,-0.0087563183391146,0.0186944033611831
2020-09-11,SPY,SPY (S&P 500 ETF),cppi_spy_cash,CPPI,9530.388829941956,-0.04696111700580441,0.000227280536398,0.0176767064965255
2020-09-14,SPY,SPY (S&P 500 ETF),cppi_spy_cash,CPPI,9590.856045442972,-0.04091439545570286,0.0063446745542055,0.0004452886145509
2020-09-15,SPY,SPY (S&P 500 ETF),cppi_spy_cash,CPPI,9614.84754504872,-0.03851524549512797,0.0025014972065133,0.0126091175854967
2020-09-16,SPY,SPY (S&P 500 ETF),cppi_spy_cash,CPPI,9595.57356150921,-0.04044264384907892,-0.0020046062560227,0.0049841918582854
2020-09-17,SPY,SPY (S&P 500 ETF),cppi_spy_cash,CPPI,9553.434692910829,-0.044656530708917175,-0.0043914903396099,0.0040197433688211
2020-09-18,SPY,SPY (S&P 500 ETF),cppi_spy_cash,CPPI,9481.331647658904,-0.05186683523410962,-0.0075473426646679,0.0088237445757372
2020-09-21,SPY,SPY (S&P 500 ETF),cppi_spy_cash,CPPI,9431.728392389392,-0.05682716076106076,-0.0052316760042623,0.0152140302226619
2020-09-22,SPY,SPY (S&P 500 ETF),cppi_spy_cash,CPPI,9475.372444568991,-0.05246275554310087,0.0046273652467365,0.0105265063412979
2020-09-23,SPY,SPY (S&P 500 ETF),cppi_spy_cash,CPPI,9372.640254341268,-0.06273597456587321,-0.0108420213378112,0.0092063963727858
2020-09-24,SPY,SPY (S&P 500 ETF),cppi_spy_cash,CPPI,9383.41067244958,-0.061658932755042084,0.001149133842337,0.0219266781101728
2020-09-25,SPY,SPY (S&P 500 ETF),cppi_spy_cash,CPPI,9450.485721282246,-0.05495142787177543,0.0071482588979721,0.0022833507369222
2020-09-28,SPY,SPY (S&P 500 ETF),cppi_spy_cash,CPPI,9522.625427652869,-0.04773745723471312,0.0076334390102472,0.0141937835196043
2020-09-29,SPY,SPY (S&P 500 ETF),cppi_spy_cash,CPPI,9497.604825950391,-0.05023951740496091,-0.0026274898548268,0.015143621822504
2020-09-30,SPY,SPY (S&P 500 ETF),cppi_spy_cash,CPPI,9531.61891724742,-0.04683810827525792,0.0035813336015084,0.0052767236761933
2020-10-01,SPY,SPY (S&P 500 ETF),cppi_spy_cash,CPPI,9561.049685397762,-0.04389503146022378,0.0030876987850498,0.0071343361803183
2020-10-02,SPY,SPY (S&P 500 ETF),cppi_spy_cash,CPPI,9516.527170611866,-0.04834728293881341,-0.0046566555190999,0.0061527047463836
2020-10-05,SPY,SPY (S&P 500 ETF),cppi_spy_cash,CPPI,9597.115461484103,-0.040288453851589634,0.0084682457610278,0.0093600365193323
2020-10-06,SPY,SPY (S&P 500 ETF),cppi_spy_cash,CPPI,9528.841852851388,-0.04711581471486115,-0.0071139717873268,0.0167894292403151
2020-10-07,SPY,SPY (S&P 500 ETF),cppi_spy_cash,CPPI,9608.540233974903,-0.039145976602509625,0.0083639105732105,0.0143383535475945
2020-10-08,SPY,SPY (S&P 500 ETF),cppi_spy_cash,CPPI,9651.147310929566,-0.034885268907043465,0.004434292402087,0.0165816964584586
2020-10-09,SPY,SPY (S&P 500 ETF),cppi_spy_cash,CPPI,9695.296770658508,-0.030470322934149197,0.0045745296705754,0.0088212149547284
2020-10-12,SPY,SPY (S&P 500 ETF),cppi_spy_cash,CPPI,9777.027572743482,-0.02229724272565181,0.0084299433032644,0.0091031230994441
2020-10-13,SPY,SPY (S&P 500 ETF),cppi_spy_cash,CPPI,9742.07364013345,-0.025792635986654933,-0.0035751083189614,0.0167146551402925
2020-10-14,SPY,SPY (S&P 500 ETF),cppi_spy_cash,CPPI,9709.16537769674,-0.029083462230325985,-0.0033779525440191,0.0071834991440403
2020-10-15,SPY,SPY (S&P 500 ETF),cppi_spy_cash,CPPI,9702.762705590916,-0.029723729440908397,-0.0006594461889104,0.0067821446989493
2020-10-16,SPY,SPY (S&P 500 ETF),cppi_spy_cash,CPPI,9699.662975833711,-0.030033702416628838,-0.0003194687792806,0.0013229652362858
2020-10-19,SPY,SPY (S&P 500 ETF),cppi_spy_cash,CPPI,9622.134706815288,-0.03778652931847115,-0.0079928827642343,0.0006397683981422
2020-10-20,SPY,SPY (S&P 500 ETF),cppi_spy_cash,CPPI,9641.47276816619,-0.03585272318338106,0.0020097475186253,0.0161148732716125
2020-10-21,SPY,SPY (S&P 500 ETF),cppi_spy_cash,CPPI,9632.112632827257,-0.03678873671727434,-0.0009708200773888,0.0040034842844275
2020-10-22,SPY,SPY (S&P 500 ETF),cppi_spy_cash,CPPI,9658.951687064418,-0.034104831293558124,0.0027864140776023,0.0019454875628649
2020-10-23,SPY,SPY (S&P 500 ETF),cppi_spy_cash,CPPI,9675.7952502352,-0.03242047497648004,0.0017438293219065,0.005556389225484
2020-10-26,SPY,SPY (S&P 500 ETF),cppi_spy_cash,CPPI,9582.856263423662,-0.04171437365763375,-0.0096053073063197,0.0034788986248442
2020-10-27,SPY,SPY (S&P 500 ETF),cppi_spy_cash,CPPI,9566.300466715908,-0.043369953328409205,-0.0017276473999663,0.0193986155962728
2020-10-28,SPY,SPY (S&P 500 ETF),cppi_spy_cash,CPPI,9405.664399386518,-0.059433560061348145,-0.0167918693217186,0.0034710776663784
2020-10-29,SPY,SPY (S&P 500 ETF),cppi_spy_cash,CPPI,9448.201035736056,-0.055179896426394426,0.0045224488715875,0.0341590998930313
2020-10-30,SPY,SPY (S&P 500 ETF),cppi_spy_cash,CPPI,9402.824575041954,-0.05971754249580463,-0.0048026561376577,0.0089854176514763
2020-11-02,SPY,SPY (S&P 500 ETF),cppi_spy_cash,CPPI,9449.903740440885,-0.05500962595591152,0.0050069173388487,0.0096565429486076
2020-11-03,SPY,SPY (S&P 500 ETF),cppi_spy_cash,CPPI,9526.607041528743,-0.047339295847125706,0.0081168341175377,0.0099586380888784
2020-11-04,SPY,SPY (S&P 500 ETF),cppi_spy_cash,CPPI,9628.807486941798,-0.03711925130582017,0.0107278955631882,0.0160976316684128
2020-11-05,SPY,SPY (S&P 500 ETF),cppi_spy_cash,CPPI,9723.8999156585,-0.02761000843415007,0.009875826144168,0.0212197885943372
2020-11-06,SPY,SPY (S&P 500 ETF),cppi_spy_cash,CPPI,9722.52875999484,-0.027747124000515933,-0.0001410088211059,0.0195481470062871
2020-11-09,SPY,SPY (S&P 500 ETF),cppi_spy_cash,CPPI,9787.460076606952,-0.021253992339304695,0.0066784391401633,0.0002912100828199
2020-11-10,SPY,SPY (S&P 500 ETF),cppi_spy_cash,CPPI,9779.4659840579,-0.022053401594209987,-0.0008167688538684,0.0132681314419281
2020-11-11,SPY,SPY (S&P 500 ETF),cppi_spy_cash,CPPI,9819.106442933116,-0.018089355706688348,0.0040534379832024,0.0016408766762228
2020-11-12,SPY,SPY (S&P 500 ETF),cppi_spy_cash,CPPI,9766.0866594954,-0.0233913340504599,-0.0053996546168286,0.0080734057590891
2020-11-13,SPY,SPY (S&P 500 ETF),cppi_spy_cash,CPPI,9839.331532098722,-0.01606684679012782,0.0074999204038503,0.0108615441426074
2020-11-16,SPY,SPY (S&P 500 ETF),cppi_spy_cash,CPPI,9908.062709029482,-0.00919372909705185,0.0069853502452417,0.0148832486467392
2020-11-17,SPY,SPY (S&P 500 ETF),cppi_spy_cash,CPPI,9877.139306336489,-0.012286069366351127,-0.0031210342123505,0.0138672959956341
2020-11-18,SPY,SPY (S&P 500 ETF),cppi_spy_cash,CPPI,9809.304731396362,-0.019069526860363895,-0.0068678362060365,0.006267485199233
2020-11-19,SPY,SPY (S&P 500 ETF),cppi_spy_cash,CPPI,9832.021170725871,-0.01679788292741291,0.0023158052432403,0.0138333718435609
2020-11-20,SPY,SPY (S&P 500 ETF),cppi_spy_cash,CPPI,9794.339931158538,-0.020566006884146226,-0.0038325018745409,0.0046147448695106
2020-11-23,SPY,SPY (S&P 500 ETF),cppi_spy_cash,CPPI,9826.532498548417,-0.017346750145158296,0.0032868542051991,0.0076965358567159
2020-11-24,SPY,SPY (S&P 500 ETF),cppi_spy_cash,CPPI,9914.764262027233,-0.008523573797276751,0.008978931631463,0.0065487172515482
2020-11-25,SPY,SPY (S&P 500 ETF),cppi_spy_cash,CPPI,9905.7316717943,-0.009426832820570108,-0.0009110242053383,0.0177951845799417
2020-11-27,SPY,SPY (S&P 500 ETF),cppi_spy_cash,CPPI,9921.635917457366,-0.00783640825426335,0.0016055599111726,0.0018312019118399
2020-11-30,SPY,SPY (S&P 500 ETF),cppi_spy_cash,CPPI,9896.082179513449,-0.010391782048655096,-0.0025755569098191,0.0032051993778409
2020-12-01,SPY,SPY (S&P 500 ETF),cppi_spy_cash,CPPI,9958.245309054158,-0.0041754690945841055,0.0062815898668866,0.0051657613693015
2020-12-02,SPY,SPY (S&P 500 ETF),cppi_spy_cash,CPPI,9970.47990588604,-0.0029520094113959505,0.0012285896211814,0.0124825728377664
2020-12-03,SPY,SPY (S&P 500 ETF),cppi_spy_cash,CPPI,9968.843724556142,-0.0031156275443858794,-0.000164102565307,0.0024490517197728
2020-12-04,SPY,SPY (S&P 500 ETF),cppi_spy_cash,CPPI,10019.7408046008,0.0019740804600800743,0.0051056151998134,0.000329256185556
2020-12-07,SPY,SPY (S&P 500 ETF),cppi_spy_cash,CPPI,10007.18796041512,0.0007187960415120376,-0.0012528112683231,0.010159227123025
2020-12-08,SPY,SPY (S&P 500 ETF),cppi_spy_cash,CPPI,10024.782841102944,0.002478284110294382,0.0017582242641411,0.0025127862369214
2020-12-09,SPY,SPY (S&P 500 ETF),cppi_spy_cash,CPPI,9970.26780052369,-0.0029732199476310006,-0.0054380270818171,0.003509277648397
2020-12-10,SPY,SPY (S&P 500 ETF),cppi_spy_cash,CPPI,9968.22537841977,-0.003177462158023059,-0.000204851278299,0.0109369122786884
2020-12-11,SPY,SPY (S&P 500 ETF),cppi_spy_cash,CPPI,9961.297499935465,-0.0038702500064535794,-0.0006949961724685,0.0004142404547565
2020-12-14,SPY,SPY (S&P 500 ETF),cppi_spy_cash,CPPI,9934.94054332715,-0.006505945667285018,-0.0026459360950201,0.0013911280388111
2020-12-15,SPY,SPY (S&P 500 ETF),cppi_spy_cash,CPPI,10013.36524373068,0.00133652437306786,0.0078938268489392,0.005306482225951
2020-12-16,SPY,SPY (S&P 500 ETF),cppi_spy_cash,CPPI,10022.68730884114,0.0022687308841138343,0.0009309622572988,0.0156618160415797
2020-12-17,SPY,SPY (S&P 500 ETF),cppi_spy_cash,CPPI,10056.60103832648,0.0056601038326480335,0.0033836962523436,0.0018539839697822
2020-12-18,SPY,SPY (S&P 500 ETF),cppi_spy_cash,CPPI,10005.814714966946,0.0005814714966945189,-0.0050500485368748,0.0067438418706426
2020-12-21,SPY,SPY (S&P 500 ETF),cppi_spy_cash,CPPI,9984.197893593138,-0.0015802106406861416,-0.0021604259112926,0.0101539816160769
2020-12-22,SPY,SPY (S&P 500 ETF),cppi_spy_cash,CPPI,9974.122098472544,-0.0025877901527455727,-0.0010091742198999,0.0043342631075883
2020-12-23,SPY,SPY (S&P 500 ETF),cppi_spy_cash,CPPI,9979.424002683352,-0.00205759973166475,0.0005315660023472,0.0020221392996262
2020-12-24,SPY,SPY (S&P 500 ETF),cppi_spy_cash,CPPI,10002.515608806829,0.0002515608806827885,0.0023139217370928,0.0010617461693306
2020-12-28,SPY,SPY (S&P 500 ETF),cppi_spy_cash,CPPI,10054.078958845845,0.005407895884584457,0.0051550381979528,0.0046167307680718
2020-12-29,SPY,SPY (S&P 500 ETF),cppi_spy_cash,CPPI,10042.219721523034,0.004221972152303355,-0.0011795448763983,0.0102553656883729
2020-12-30,SPY,SPY (S&P 500 ETF),cppi_spy_cash,CPPI,10050.937454200792,0.005093745420079232,0.0008681081393862,0.0023658501375404
2020-12-31,SPY,SPY (S&P 500 ETF),cppi_spy_cash,CPPI,10082.181313618645,0.008218131361864556,0.0031085517704414,0.0017337886943821
2021-01-04,SPY,SPY (S&P 500 ETF),cppi_spy_cash,CPPI,9997.079011512558,-0.00029209884874414893,-0.0084408620970871,0.0061971668993981
2021-01-05,SPY,SPY (S&P 500 ETF),cppi_spy_cash,CPPI,10038.171699565351,0.003817169956535249,0.0041104694686791,0.0170278112337712
2021-01-06,SPY,SPY (S&P 500 ETF),cppi_spy_cash,CPPI,10074.6449924937,0.0074644992493699824,0.0036334597594027,0.0081804902169713
2021-01-07,SPY,SPY (S&P 500 ETF),cppi_spy_cash,CPPI,10167.043512125048,0.01670435121250491,0.0091713921135869,0.0072374250880882
2021-01-08,SPY,SPY (S&P 500 ETF),cppi_spy_cash,CPPI,10203.899656544549,0.020389965654454834,0.0036250601638072,0.0181733430979292
2021-01-11,SPY,SPY (S&P 500 ETF),cppi_spy_cash,CPPI,10159.25802130803,0.015925802130802857,-0.0043749582746911,0.0072174040733036
2021-01-12,SPY,SPY (S&P 500 ETF),cppi_spy_cash,CPPI,10160.536929875225,0.016053692987522572,0.0001258860208603,0.0087909172746266
2021-01-13,SPY,SPY (S&P 500 ETF),cppi_spy_cash,CPPI,10177.989240200292,0.01779892402002914,0.0017176563055198,0.0002485551237009
2021-01-14,SPY,SPY (S&P 500 ETF),cppi_spy_cash,CPPI,10155.072589382558,0.015507258938255886,-0.0022515892163866,0.0034293322001496
2021-01-15,SPY,SPY (S&P 500 ETF),cppi_spy_cash,CPPI,10107.878334981966,0.010787833498196564,-0.0046473576614248,0.0045145711950635
2021-01-19,SPY,SPY (S&P 500 ETF),cppi_spy_cash,CPPI,10157.436398911916,0.015743639891191652,0.0049029145669903,0.0093397609057828
2021-01-20,SPY,SPY (S&P 500 ETF),cppi_spy_cash,CPPI,10246.90473982662,0.024690473982661887,0.008808161567646,0.0097545069484854
2021-01-21,SPY,SPY (S&P 500 ETF),cppi_spy_cash,CPPI,10252.870943499698,0.025287094349969896,0.0005822444752401,0.0174590024766384
2021-01-22,SPY,SPY (S&P 500 ETF),cppi_spy_cash,CPPI,10228.93755440786,0.02289375544078598,-0.0023343109675063,0.0011578408450271
2021-01-25,SPY,SPY (S&P 500 ETF),cppi_spy_cash,CPPI,10255.261144719298,0.02552611447192965,0.0025734432507211,0.0046799409737148
2021-01-26,SPY,SPY (S&P 500 ETF),cppi_spy_cash,CPPI,10244.647650494786,0.0244647650494787,-0.0010349316389642,0.0051320588471377
2021-01-27,SPY,SPY (S&P 500 ETF),cppi_spy_cash,CPPI,10080.046074240863,0.008004607424086263,-0.0160670802812794,0.0020737557189636
2021-01-28,SPY,SPY (S&P 500 ETF),cppi_spy_cash,CPPI,10133.381552945808,0.013338155294580822,0.0052911939401982,0.0326596158814266
2021-01-29,SPY,SPY (S&P 500 ETF),cppi_spy_cash,CPPI,10005.14808783691,0.0005148087836910342,-0.0126545580504289,0.0105143132070717
2021-02-01,SPY,SPY (S&P 500 ETF),cppi_spy_cash,CPPI,10105.01914660258,0.010501914660258072,0.0099819670722398,0.0256374198950246
2021-02-02,SPY,SPY (S&P 500 ETF),cppi_spy_cash,CPPI,10194.114072309729,0.019411407230972788,0.0088168982576446,0.0197565020830525
2021-02-03,SPY,SPY (S&P 500 ETF),cppi_spy_cash,CPPI,10199.11165842177,0.019911165842177114,0.0004902423179291,0.0174723348948732
2021-02-04,SPY,SPY (S&P 500 ETF),cppi_spy_cash,CPPI,10274.085047796269,0.027408504779626863,0.0073509725048053,0.000973816786138
2021-02-05,SPY,SPY (S&P 500 ETF),cppi_spy_cash,CPPI,10300.7861401846,0.030078614018460126,0.0025988778819832,0.0145943186746895
2021-02-08,SPY,SPY (S&P 500 ETF),cppi_spy_cash,CPPI,10350.58094882868,0.03505809488286804,0.0048340784835658,0.0051793918391235
2021-02-09,SPY,SPY (S&P 500 ETF),cppi_spy_cash,CPPI,10345.786223499486,0.034578622349948684,-0.0004632324845241,0.0096199446187252
2021-02-10,SPY,SPY (S&P 500 ETF),cppi_spy_cash,CPPI,10342.710761552831,0.03427107615528313,-0.0002972671076141,0.0009299617342167
2021-02-11,SPY,SPY (S&P 500 ETF),cppi_spy_cash,CPPI,10354.055497560048,0.03540554975600485,0.0010968822650814,0.0005950084795184
2021-02-12,SPY,SPY (S&P 500 ETF),cppi_spy_cash,CPPI,10388.91831480381,0.038891831480381,0.0033670688023623,0.0021911703889818
2021-02-16,SPY,SPY (S&P 500 ETF),cppi_spy_cash,CPPI,10382.642217248438,0.038264221724843894,-0.0006041146311092,0.0067108450836954
2021-02-17,SPY,SPY (S&P 500 ETF),cppi_spy_cash,CPPI,10384.269981437252,0.03842699814372508,0.0001567774517077,0.0012110422652403
2021-02-18,SPY,SPY (S&P 500 ETF),cppi_spy_cash,CPPI,10353.824352429558,0.0353824352429557,-0.0029318988298762,0.0003131285113131
2021-02-19,SPY,SPY (S&P 500 ETF),cppi_spy_cash,CPPI,10341.2931361968,0.03412931361968008,-0.0012102983212977,0.0058811380032122
2021-02-22,SPY,SPY (S&P 500 ETF),cppi_spy_cash,CPPI,10287.242499483931,0.028724249948393066,-0.0052266806482526,0.0024254022110682
2021-02-23,SPY,SPY (S&P 500 ETF),cppi_spy_cash,CPPI,10295.46704246174,0.029546704246173894,0.0007994895598328,0.0105090668849061
2021-02-24,SPY,SPY (S&P 500 ETF),cppi_spy_cash,CPPI,10371.334010743258,0.037133401074325834,0.0073689681068978,0.0015942051896877
2021-02-25,SPY,SPY (S&P 500 ETF),cppi_spy_cash,CPPI,10199.767380724928,0.019976738072492894,-0.016542387878031,0.0146296032559835
2021-02-26,SPY,SPY (S&P 500 ETF),cppi_spy_cash,CPPI,10165.421646222294,0.01654216462222946,-0.0033673056669446,0.0336459549224336
2021-03-01,SPY,SPY (S&P 500 ETF),cppi_spy_cash,CPPI,10322.822513707815,0.032282251370781445,0.0154839487198268,0.0067692824253831
2021-03-02,SPY,SPY (S&P 500 ETF),cppi_spy_cash,CPPI,10268.1329152853,0.02681329152852996,-0.005297930711285,0.0304932974479636
2021-03-03,SPY,SPY (S&P 500 ETF),cppi_spy_cash,CPPI,10177.895332889648,0.01778953328896482,-0.0087881198208218,0.0106622579871344
2021-03-04,SPY,SPY (S&P 500 ETF),cppi_spy_cash,CPPI,10096.86311440067,0.00968631144006693,-0.0079615888981608,0.0177356997802182
2021-03-05,SPY,SPY (S&P 500 ETF),cppi_spy_cash,CPPI,10212.42446996423,0.02124244699642297,0.0114452730768173,0.0160573702687327
2021-03-08,SPY,SPY (S&P 500 ETF),cppi_spy_cash,CPPI,10179.148731133031,0.017914873113303198,-0.0032583583779802,0.0226255374577707
2021-03-09,SPY,SPY (S&P 500 ETF),cppi_spy_cash,CPPI,10272.41995954213,0.02724199595421295,0.0091629694066488,0.0065459665770309
2021-03-10,SPY,SPY (S&P 500 ETF),cppi_spy_cash,CPPI,10314.667292576723,0.031466729257672243,0.004112695275406,0.0181572228442475
2021-03-11,SPY,SPY (S&P 500 ETF),cppi_spy_cash,CPPI,10384.988601715682,0.03849886017156834,0.0068176032386004,0.0081856183590529
2021-03-12,SPY,SPY (S&P 500 ETF),cppi_spy_cash,CPPI,10394.484029196508,0.039448402919650905,0.0009143416372412,0.0135402197046206
2021-03-15,SPY,SPY (S&P 500 ETF),cppi_spy_cash,CPPI,10437.304054780603,0.043730405478060286,0.0041194950575538,0.0018228052195868
2021-03-16,SPY,SPY (S&P 500 ETF),cppi_spy_cash,CPPI,10427.995832724906,0.04279958327249056,-0.0008918224482914,0.0082046280948562
2021-03-17,SPY,SPY (S&P 500 ETF),cppi_spy_cash,CPPI,10452.81467872968,0.04528146787296783,0.0023800207060773,0.0017876960336908
2021-03-18,SPY,SPY (S&P 500 ETF),cppi_spy_cash,CPPI,10345.702683088706,0.034570268308870666,-0.0102471916831103,0.0047482016092098
2021-03-19,SPY,SPY (S&P 500 ETF),cppi_spy_cash,CPPI,10309.537886892536,0.030953788689253692,-0.0034956345937997,0.0207079877066068
2021-03-22,SPY,SPY (S&P 500 ETF),cppi_spy_cash,CPPI,10364.789857340797,0.036478985734079705,0.0053593062127943,0.0070224395626299
2021-03-23,SPY,SPY (S&P 500 ETF),cppi_spy_cash,CPPI,10308.841626472144,0.030884162647214275,-0.0053979127062596,0.0106591836478222
2021-03-24,SPY,SPY (S&P 500 ETF),cppi_spy_cash,CPPI,10273.519306323667,0.02735193063236685,-0.003426410204787,0.0108577981700969
2021-03-25,SPY,SPY (S&P 500 ETF),cppi_spy_cash,CPPI,10311.817928681634,0.03118179286816347,0.0037278970541665,0.006879956390994
2021-03-26,SPY,SPY (S&P 500 ETF),cppi_spy_cash,CPPI,10423.505061936565,0.042350506193656434,0.0108309838311126,0.0074257991192011
2021-03-29,SPY,SPY (S&P 500 ETF),cppi_spy_cash,CPPI,10419.60940457368,0.04196094045736798,-0.0003737377532543,0.0214274558299571
2021-03-30,SPY,SPY (S&P 500 ETF),cppi_spy_cash,CPPI,10400.34419239454,0.040034419239453944,-0.0018489380389521,0.0007542389519534
2021-03-31,SPY,SPY (S&P 500 ETF),cppi_spy_cash,CPPI,10429.493796565426,0.04294937965654255,0.0028027537965717,0.0037049551081924
2021-04-01,SPY,SPY (S&P 500 ETF),cppi_spy_cash,CPPI,10508.143954621546,0.050814395462154716,0.0075411289934339,0.0055887041281962
2021-04-05,SPY,SPY (S&P 500 ETF),cppi_spy_cash,CPPI,10615.984068865131,0.06159840688651319,0.0102625273035164,0.0149677014896678
2021-04-06,SPY,SPY (S&P 500 ETF),cppi_spy_cash,CPPI,10611.133642223036,0.06111336422230362,-0.000456898447721,0.0203123486034315
2021-04-07,SPY,SPY (S&P 500 ETF),cppi_spy_cash,CPPI,10620.189443739711,0.06201894437397115,0.0008534245088236,0.0009195133000208
2021-04-08,SPY,SPY (S&P 500 ETF),cppi_spy_cash,CPPI,10657.483648261685,0.06574836482616853,0.0035116326991657,0.0017051530923348
2021-04-09,SPY,SPY (S&P 500 ETF),cppi_spy_cash,CPPI,10715.369565804089,0.07153695658040893,0.005431480774718,0.0069982470467718
2021-04-12,SPY,SPY (S&P 500 ETF),cppi_spy_cash,CPPI,10718.223756163476,0.07182237561634763,0.0002663641549516,0.0108025247147819
2021-04-13,SPY,SPY (S&P 500 ETF),cppi_spy_cash,CPPI,10742.385927093228,0.07423859270932276,0.0022543073814687,0.0005299969793485
2021-04-14,SPY,SPY (S&P 500 ETF),cppi_spy_cash,CPPI,10714.240864881618,0.0714240864881619,-0.0026200010316725,0.0044983473422374
2021-04-15,SPY,SPY (S&P 500 ETF),cppi_spy_cash,CPPI,10801.656928293882,0.08016569282938812,0.008158866737707,0.005254822950416
2021-04-16,SPY,SPY (S&P 500 ETF),cppi_spy_cash,CPPI,10829.57464716682,0.08295746471668197,0.0025845774456889,0.0161844256961526
2021-04-19,SPY,SPY (S&P 500 ETF),cppi_spy_cash,CPPI,10787.81356018024,0.07878135601802416,-0.0038562075009573,0.0051522474866239
2021-04-20,SPY,SPY (S&P 500 ETF),cppi_spy_cash,CPPI,10726.49720507928,0.07264972050792795,-0.0056838538003001,0.0077433887923006
2021-04-21,SPY,SPY (S&P 500 ETF),cppi_spy_cash,CPPI,10803.768836485066,0.08037688364850659,0.0072038084687326,0.0114344394743909
2021-04-22,SPY,SPY (S&P 500 ETF),cppi_spy_cash,CPPI,10726.79392900719,0.07267939290071901,-0.0071248199256102,0.0143018738709507
2021-04-23,SPY,SPY (S&P 500 ETF),cppi_spy_cash,CPPI,10815.333744271304,0.08153337442713027,0.0082540800028503,0.0143550843494616
2021-04-26,SPY,SPY (S&P 500 ETF),cppi_spy_cash,CPPI,10832.788461334723,0.08327884613347236,0.0016138861246577,0.0163696359958303
2021-04-27,SPY,SPY (S&P 500 ETF),cppi_spy_cash,CPPI,10830.922170634729,0.08309221706347292,-0.0001722816527488,0.0032189910419225
2021-04-28,SPY,SPY (S&P 500 ETF),cppi_spy_cash,CPPI,10828.477612882803,0.08284776128828031,-0.0002257017189682,0.0003453164770321
2021-04-29,SPY,SPY (S&P 500 ETF),cppi_spy_cash,CPPI,10882.548603560528,0.0882548603560529,0.0049934065166645,0.0004515799064592
2021-04-30,SPY,SPY (S&P 500 ETF),cppi_spy_cash,CPPI,10825.621556168222,0.08256215561682212,-0.0052310400317147,0.0099370953646034
2021-05-03,SPY,SPY (S&P 500 ETF),cppi_spy_cash,CPPI,10843.790222699672,0.08437902226996719,0.0016783023900459,0.0105191468809393
2021-05-04,SPY,SPY (S&P 500 ETF),cppi_spy_cash,CPPI,10791.121179866845,0.0791121179866845,-0.0048570695071704,0.0033487023815895
2021-05-05,SPY,SPY (S&P 500 ETF),cppi_spy_cash,CPPI,10793.634975396288,0.07936349753962868,0.0002329503568296,0.0097622691391021
2021-05-06,SPY,SPY (S&P 500 ETF),cppi_spy_cash,CPPI,10860.556376312084,0.08605563763120849,0.0062000800535073,0.0004636054739203
2021-05-07,SPY,SPY (S&P 500 ETF),cppi_spy_cash,CPPI,10922.879076662575,0.0922879076662575,0.0057384445318497,0.0123236488665212
2021-05-10,SPY,SPY (S&P 500 ETF),cppi_spy_cash,CPPI,10835.925070414654,0.08359250704146537,-0.0079607222269544,0.0114088342112106
2021-05-11,SPY,SPY (S&P 500 ETF),cppi_spy_cash,CPPI,10759.822570464105,0.07598225704641037,-0.0070231659462406,0.0160514758780322
2021-05-12,SPY,SPY (S&P 500 ETF),cppi_spy_cash,CPPI,10583.773596002951,0.05837735960029522,-0.0163616986533222,0.0141491524739745
2021-05-13,SPY,SPY (S&P 500 ETF),cppi_spy_cash,CPPI,10676.531248370917,0.06765312483709174,0.0087641380011183,0.0332710295290497
2021-05-14,SPY,SPY (S&P 500 ETF),cppi_spy_cash,CPPI,10799.640806796664,0.07996408067966643,0.0115308573132808,0.0173671637165115
2021-05-17,SPY,SPY (S&P 500 ETF),cppi_spy_cash,CPPI,10778.023865463276,0.07780238654632754,-0.0020016352136252,0.0227945680285593
2021-05-18,SPY,SPY (S&P 500 ETF),cppi_spy_cash,CPPI,10706.177185049042,0.07061771850490417,-0.0066660346378019,0.004016376892991
2021-05-19,SPY,SPY (S&P 500 ETF),cppi_spy_cash,CPPI,10684.74874360492,0.06847487436049193,-0.0020015025974019,0.0134224545491894
2021-05-20,SPY,SPY (S&P 500 ETF),cppi_spy_cash,CPPI,10771.35272647643,0.07713527264764308,0.0081053831914712,0.0040142839549472
2021-05-21,SPY,SPY (S&P 500 ETF),cppi_spy_cash,CPPI,10764.372786896907,0.07643727868969075,-0.0006480095635867,0.0160794480096508
2021-05-24,SPY,SPY (S&P 500 ETF),cppi_spy_cash,CPPI,10848.90097661186,0.08489009766118594,0.0078525884775977,0.0013005301261955
2021-05-25,SPY,SPY (S&P 500 ETF),cppi_spy_cash,CPPI,10829.769431289971,0.08297694312899706,-0.0017634546912292,0.0155825153030264
2021-05-26,SPY,SPY (S&P 500 ETF),cppi_spy_cash,CPPI,10846.578507541884,0.08465785075418841,0.0015521176474306,0.0035364524538645
2021-05-27,SPY,SPY (S&P 500 ETF),cppi_spy_cash,CPPI,10851.0280302814,0.08510280302814,0.0004102236236451,0.0030986615319218
2021-05-28,SPY,SPY (S&P 500 ETF),cppi_spy_cash,CPPI,10866.318352962906,0.08663183529629048,0.0014091128175908,0.0008194520674539
2021-06-01,SPY,SPY (S&P 500 ETF),cppi_spy_cash,CPPI,10858.713347082316,0.0858713347082316,-0.0006998696001313,0.0028140867324913
2021-06-02,SPY,SPY (S&P 500 ETF),cppi_spy_cash,CPPI,10872.184951283409,0.08721849512834079,0.0012406261930386,0.0014013071191558
2021-06-03,SPY,SPY (S&P 500 ETF),cppi_spy_cash,CPPI,10840.178919470309,0.08401789194703091,-0.0029438454143775,0.0024778836946456
2021-06-04,SPY,SPY (S&P 500 ETF),cppi_spy_cash,CPPI,10918.042187758789,0.09180421877587897,0.0071828397729329,0.0059055900544461
2021-06-07,SPY,SPY (S&P 500 ETF),cppi_spy_cash,CPPI,10909.393401782749,0.09093934017827476,-0.0007921553908024,0.0142619743579915
2021-06-08,SPY,SPY (S&P 500 ETF),cppi_spy_cash,CPPI,10911.236617186449,0.09112366171864483,0.0001689567270899,0.0015883957084543
2021-06-09,SPY,SPY (S&P 500 ETF),cppi_spy_cash,CPPI,10898.203006186211,0.08982030061862112,-0.0011945127264225,0.0003375388424737
2021-06-10,SPY,SPY (S&P 500 ETF),cppi_spy_cash,CPPI,10938.59273063101,0.09385927306310093,0.0037060902996457,0.0023919500293344
2021-06-11,SPY,SPY (S&P 500 ETF),cppi_spy_cash,CPPI,10953.07985379343,0.09530798537934304,0.0013244046578178,0.0073843299583413
2021-06-14,SPY,SPY (S&P 500 ETF),cppi_spy_cash,CPPI,10972.886306890749,0.09728863068907478,0.001808299890232,0.002643874704503
2021-06-15,SPY,SPY (S&P 500 ETF),cppi_spy_cash,CPPI,10956.48842975313,0.09564884297531306,-0.0014943996209383,0.0036095671854703
2021-06-16,SPY,SPY (S&P 500 ETF),cppi_spy_cash,CPPI,10906.934337894843,0.09069343378948425,-0.0045228078481531,0.0029939491432235
2021-06-17,SPY,SPY (S&P 500 ETF),cppi_spy_cash,CPPI,10903.9431740464,0.09039431740463999,-0.0002742442336018,0.0090872860408957
2021-06-18,SPY,SPY (S&P 500 ETF),cppi_spy_cash,CPPI,10758.385929348577,0.07583859293485773,-0.0133490465214713,0.0005504608380425
2021-06-21,SPY,SPY (S&P 500 ETF),cppi_spy_cash,CPPI,10876.558308425498,0.08765583084254969,0.010984210814984,0.0270594211789906
2021-06-22,SPY,SPY (S&P 500 ETF),cppi_spy_cash,CPPI,10922.456962802244,0.09224569628022428,0.0042199612299407,0.0217235596718731
2021-06-23,SPY,SPY (S&P 500 ETF),cppi_spy_cash,CPPI,10911.797891834509,0.09117978918345093,-0.0009758858289885,0.0083999871787733
2021-06-24,SPY,SPY (S&P 500 ETF),cppi_spy_cash,CPPI,10963.452942650336,0.09634529426503358,0.0047338716614686,0.0019553372269507
2021-06-25,SPY,SPY (S&P 500 ETF),cppi_spy_cash,CPPI,10994.928396276837,0.09949283962768374,0.0028709434692835,0.0094227472464983
2021-06-28,SPY,SPY (S&P 500 ETF),cppi_spy_cash,CPPI,11012.978059267256,0.10129780592672555,0.0016416353376647,0.005723672837419
2021-06-29,SPY,SPY (S&P 500 ETF),cppi_spy_cash,CPPI,11017.805581400396,0.10178055814003972,0.0004383484746051,0.0032768448629023
2021-06-30,SPY,SPY (S&P 500 ETF),cppi_spy_cash,CPPI,11025.415980667667,0.10254159806676677,0.0006907363912938,0.0008757257113899
2021-07-01,SPY,SPY (S&P 500 ETF),cppi_spy_cash,CPPI,11075.652207029496,0.1075652207029496,0.0045564019035575,0.0013803631804386
2021-07-02,SPY,SPY (S&P 500 ETF),cppi_spy_cash,CPPI,11146.07770262852,0.11460777026285185,0.0063585867705675,0.0090712276158412
2021-07-06,SPY,SPY (S&P 500 ETF),cppi_spy_cash,CPPI,11128.745614670544,0.11287456146705455,-0.0015549943594856,0.0126353166573014
2021-07-07,SPY,SPY (S&P 500 ETF),cppi_spy_cash,CPPI,11161.882310886564,0.11618823108865639,0.0029775769312525,0.0031167713122568
2021-07-08,SPY,SPY (S&P 500 ETF),cppi_spy_cash,CPPI,11084.527493877653,0.10845274938776539,-0.0069302663165929,0.005936988008381
2021-07-09,SPY,SPY (S&P 500 ETF),cppi_spy_cash,CPPI,11183.151336496216,0.11831513364962154,0.0088974331718729,0.0139581579722384
2021-07-12,SPY,SPY (S&P 500 ETF),cppi_spy_cash,CPPI,11217.158887044005,0.12171588870440053,0.0030409630992656,0.0176356487257556
2021-07-13,SPY,SPY (S&P 500 ETF),cppi_spy_cash,CPPI,11184.189557168404,0.11841895571684025,-0.0029391872048528,0.006060918853696
2021-07-14,SPY,SPY (S&P 500 ETF),cppi_spy_cash,CPPI,11198.378010571289,0.11983780105712882,0.0012686170357143,0.0058965514565921
2021-07-15,SPY,SPY (S&P 500 ETF),cppi_spy_cash,CPPI,11165.577270029651,0.11655772700296518,-0.0029290617365005,0.0025331602346765
2021-07-16,SPY,SPY (S&P 500 ETF),cppi_spy_cash,CPPI,11091.023567943152,0.10910235679431524,-0.0066771023372534,0.0058756964168128
2021-07-19,SPY,SPY (S&P 500 ETF),cppi_spy_cash,CPPI,10953.932313610729,0.0953932313610728,-0.0123605592840561,0.0134448555526729
2021-07-20,SPY,SPY (S&P 500 ETF),cppi_spy_cash,CPPI,11080.648152515028,0.10806481525150291,0.0115680684594743,0.0250327410219428
2021-07-21,SPY,SPY (S&P 500 ETF),cppi_spy_cash,CPPI,11155.218599434264,0.11552185994342645,0.0067297910639199,0.0228668307519643
2021-07-22,SPY,SPY (S&P 500 ETF),cppi_spy_cash,CPPI,11174.891538446249,0.117489153844625,0.0017635637380502,0.013365838345816
2021-07-23,SPY,SPY (S&P 500 ETF),cppi_spy_cash,CPPI,11272.84169202937,0.12728416920293695,0.008765199487273,0.0035188972944755
2021-07-26,SPY,SPY (S&P 500 ETF),cppi_spy_cash,CPPI,11296.748381775382,0.1296748381775381,0.0021207332098804,0.0173775615389762
2021-07-27,SPY,SPY (S&P 500 ETF),cppi_spy_cash,CPPI,11251.62530478937,0.125162530478937,-0.0039943420408307,0.0042302532906397
2021-07-28,SPY,SPY (S&P 500 ETF),cppi_spy_cash,CPPI,11247.534939276462,0.12475349392764623,-0.0003635355250557,0.0080212503875819
2021-07-29,SPY,SPY (S&P 500 ETF),cppi_spy_cash,CPPI,11287.933281535486,0.12879332815354871,0.0035917507682463,0.0007284028786463
2021-07-30,SPY,SPY (S&P 500 ETF),cppi_spy_cash,CPPI,11239.950013820797,0.12399500138207964,-0.0042508461485311,0.0071576954175288
2021-08-02,SPY,SPY (S&P 500 ETF),cppi_spy_cash,CPPI,11219.461535218616,0.12194615352186156,-0.001822826487394,0.0085388928620451
2021-08-03,SPY,SPY (S&P 500 ETF),cppi_spy_cash,CPPI,11297.995696184476,0.12979956961844774,0.0069998155187158,0.0036534674187784
2021-08-04,SPY,SPY (S&P 500 ETF),cppi_spy_cash,CPPI,11249.171548167247,0.12491715481672472,-0.004321487574448,0.0139018125702652
2021-08-05,SPY,SPY (S&P 500 ETF),cppi_spy_cash,CPPI,11310.802986150837,0.13108029861508363,0.0054787534992859,0.0086822228535472
2021-08-06,SPY,SPY (S&P 500 ETF),cppi_spy_cash,CPPI,11327.092234911986,0.13270922349119862,0.0014401496322669,0.010896647956666
2021-08-09,SPY,SPY (S&P 500 ETF),cppi_spy_cash,CPPI,11318.939480801102,0.13189394808011023,-0.0007197570163467,0.0028748311545894
2021-08-10,SPY,SPY (S&P 500 ETF),cppi_spy_cash,CPPI,11331.308941783596,0.13313089417835955,0.0010928109478343,0.0014408926951015
2021-08-11,SPY,SPY (S&P 500 ETF),cppi_spy_cash,CPPI,11356.11784693287,0.13561178469328694,0.0021894121214709,0.0021830628237059
2021-08-12,SPY,SPY (S&P 500 ETF),cppi_spy_cash,CPPI,11386.242454734956,0.1386242454734956,0.0026527206047108,0.0043690010422678
2021-08-13,SPY,SPY (S&P 500 ETF),cppi_spy_cash,CPPI,11404.669351663348,0.1404669351663348,0.0016183474927438,0.0052909104649815
2021-08-16,SPY,SPY (S&P 500 ETF),cppi_spy_cash,CPPI,11428.682891882256,0.14286828918822558,0.0021055884636764,0.0032308958767818
2021-08-17,SPY,SPY (S&P 500 ETF),cppi_spy_cash,CPPI,11361.207702261192,0.13612077022611913,-0.0059040215096869,0.0042019919521305
2021-08-18,SPY,SPY (S&P 500 ETF),cppi_spy_cash,CPPI,11250.708849131795,0.12507088491317964,-0.0097259777327549,0.011878594610593
2021-08-19,SPY,SPY (S&P 500 ETF),cppi_spy_cash,CPPI,11265.586985726046,0.1265586985726046,0.0013224177066317,0.0196443517588085
2021-08-20,SPY,SPY (S&P 500 ETF),cppi_spy_cash,CPPI,11343.510639543374,0.1343510639543375,0.0069169634849972,0.002638729304411
2021-08-23,SPY,SPY (S&P 500 ETF),cppi_spy_cash,CPPI,11431.587345773887,0.1431587345773888,0.0077645015753304,0.013738553852729
2021-08-24,SPY,SPY (S&P 500 ETF),cppi_spy_cash,CPPI,11447.753115109732,0.14477531151097311,0.0014141316377922,0.0154077792265022
2021-08-25,SPY,SPY (S&P 500 ETF),cppi_spy_cash,CPPI,11469.42462403408,0.14694246240340791,0.0018930796905241,0.0028227393090498
2021-08-26,SPY,SPY (S&P 500 ETF),cppi_spy_cash,CPPI,11407.939663799132,0.14079396637991315,-0.0053607711154146,0.0037787335957462
2021-08-27,SPY,SPY (S&P 500 ETF),cppi_spy_cash,CPPI,11499.226400141422,0.14992264001414224,0.0080020353396477,0.0107796792321865
2021-08-30,SPY,SPY (S&P 500 ETF),cppi_spy_cash,CPPI,11545.207504416405,0.15452075044164038,0.0039986258792517,0.0158759121606055
2021-08-31,SPY,SPY (S&P 500 ETF),cppi_spy_cash,CPPI,11529.358193556302,0.15293581935563005,-0.0013728043306314,0.0079640238635315
2021-09-01,SPY,SPY (S&P 500 ETF),cppi_spy_cash,CPPI,11534.953707829833,0.15349537078298336,0.0004853274726652,0.0027500113314632
2021-09-02,SPY,SPY (S&P 500 ETF),cppi_spy_cash,CPPI,11567.56956322888,0.1567569563228881,0.0028275670822075,0.0009699596799307
2021-09-03,SPY,SPY (S&P 500 ETF),cppi_spy_cash,CPPI,11564.90617016502,0.15649061701650213,-0.0002302465569196,0.0056391109894984
2021-09-07,SPY,SPY (S&P 500 ETF),cppi_spy_cash,CPPI,11526.661710107754,0.1526661710107753,-0.0033069407995655,0.0004610208760651
2021-09-08,SPY,SPY (S&P 500 ETF),cppi_spy_cash,CPPI,11513.69631774203,0.15136963177420304,-0.0011248176351315,0.0066358606865449
2021-09-09,SPY,SPY (S&P 500 ETF),cppi_spy_cash,CPPI,11468.552333882057,0.1468552333882056,-0.0039208940911885,0.0022527141614268
2021-09-10,SPY,SPY (S&P 500 ETF),cppi_spy_cash,CPPI,11386.418692583187,0.13864186925831867,-0.0071616398397744,0.0078728470776197
2021-09-13,SPY,SPY (S&P 500 ETF),cppi_spy_cash,CPPI,11412.253931026324,0.14122539310263238,0.0022689520858709,0.0144273326886487
2021-09-14,SPY,SPY (S&P 500 ETF),cppi_spy_cash,CPPI,11356.959745918986,0.13569597459189864,-0.0048451590230577,0.0045260798186883
2021-09-15,SPY,SPY (S&P 500 ETF),cppi_spy_cash,CPPI,11440.96674447747,0.144096674447747,0.0073969619015925,0.0097379662392179
2021-09-16,SPY,SPY (S&P 500 ETF),cppi_spy_cash,CPPI,11424.434843623909,0.14244348436239096,-0.0014449741200008,0.014684202573134
2021-09-17,SPY,SPY (S&P 500 ETF),cppi_spy_cash,CPPI,11291.841452174558,0.1291841452174558,-0.0116061226016228,0.0028955672709464
2021-09-20,SPY,SPY (S&P 500 ETF),cppi_spy_cash,CPPI,11126.913804824357,0.11269138048243565,-0.0146059124234729,0.0234851080044955
2021-09-21,SPY,SPY (S&P 500 ETF),cppi_spy_cash,CPPI,11117.722925971551,0.11177229259715515,-0.0008260043183597,0.0296478037708295
2021-09-22,SPY,SPY (S&P 500 ETF),cppi_spy_cash,CPPI,11208.942772101744,0.12089427721017443,0.0082049037143294,0.0016580308759918
2021-09-23,SPY,SPY (S&P 500 ETF),cppi_spy_cash,CPPI,11325.724582567118,0.13257245825671182,0.0104186284861793,0.016276001250465
2021-09-24,SPY,SPY (S&P 500 ETF),cppi_spy_cash,CPPI,11341.92521677825,0.13419252167782503,0.0014304280572097,0.0206201262207413
2021-09-27,SPY,SPY (S&P 500 ETF),cppi_spy_cash,CPPI,11313.210028148582,0.13132100281485815,-0.0025317737580556,0.0028543179852696
2021-09-28,SPY,SPY (S&P 500 ETF),cppi_spy_cash,CPPI,11112.851715705983,0.11128517157059825,-0.0177101204648443,0.0050767318759056
2021-09-29,SPY,SPY (S&P 500 ETF),cppi_spy_cash,CPPI,11128.16851034137,0.11281685103413697,0.0013782956010954,0.0360594749605025
2021-09-30,SPY,SPY (S&P 500 ETF),cppi_spy_cash,CPPI,11013.43759968468,0.1013437599684679,-0.0103099544682551,0.0027470476421768
2021-10-01,SPY,SPY (S&P 500 ETF),cppi_spy_cash,CPPI,11120.64256560904,0.11206425656090402,0.0097340149207756,0.0208351488045137
2021-10-04,SPY,SPY (S&P 500 ETF),cppi_spy_cash,CPPI,10999.698745079826,0.09996987450798267,-0.01087561440948,0.0192766578221691
2021-10-05,SPY,SPY (S&P 500 ETF),cppi_spy_cash,CPPI,11093.090194695338,0.10930901946953386,0.0084903643072302,0.0219934698949255
2021-10-06,SPY,SPY (S&P 500 ETF),cppi_spy_cash,CPPI,11131.467972941962,0.11314679729419619,0.0034596111248581,0.0168338033643006
2021-10-07,SPY,SPY (S&P 500 ETF),cppi_spy_cash,CPPI,11212.611775636213,0.1212611775636212,0.0072895868623521,0.0068926239735032
2021-10-08,SPY,SPY (S&P 500 ETF),cppi_spy_cash,CPPI,11194.872485730695,0.11948724857306958,-0.0015820836626184,0.0144725988651249
2021-10-11,SPY,SPY (S&P 500 ETF),cppi_spy_cash,CPPI,11125.4472748526,0.11254472748526001,-0.0062015186833603,0.0031712170874774
2021-10-12,SPY,SPY (S&P 500 ETF),cppi_spy_cash,CPPI,11102.22845624134,0.11022284562413409,-0.0020870009122007,0.0124808940075888
2021-10-13,SPY,SPY (S&P 500 ETF),cppi_spy_cash,CPPI,11135.66372239098,0.11356637223909805,0.0030115815290077,0.0041846974961258
2021-10-14,SPY,SPY (S&P 500 ETF),cppi_spy_cash,CPPI,11293.827549989686,0.12938275499896856,0.0142033588245555,0.0060044035238038
2021-10-15,SPY,SPY (S&P 500 ETF),cppi_spy_cash,CPPI,11368.76460130157,0.13687646013015686,0.0066352218484113,0.0280079781765498
2021-10-18,SPY,SPY (S&P 500 ETF),cppi_spy_cash,CPPI,11398.534263848056,0.1398534263848057,0.0026185485926131,0.013179492315416
2021-10-19,SPY,SPY (S&P 500 ETF),cppi_spy_cash,CPPI,11477.132068504969,0.14771320685049694,0.0068954308367696,0.0052219596827977
2021-10-20,SPY,SPY (S&P 500 ETF),cppi_spy_cash,CPPI,11517.945949672,0.15179459496719994,0.0035561045149101,0.0136958716442346
2021-10-21,SPY,SPY (S&P 500 ETF),cppi_spy_cash,CPPI,11545.391055403046,0.1545391055403047,0.002382812512836,0.0070857634188006
2021-10-22,SPY,SPY (S&P 500 ETF),cppi_spy_cash,CPPI,11534.315226569532,0.15343152265695315,-0.0009593290327164,0.0047537047257051
2021-10-25,SPY,SPY (S&P 500 ETF),cppi_spy_cash,CPPI,11591.154456380538,0.1591154456380539,0.0049278373873531,0.0019208751785598
2021-10-26,SPY,SPY (S&P 500 ETF),cppi_spy_cash,CPPI,11600.73700676162,0.1600737006761619,0.0008267123363028,0.0098071914238697
2021-10-27,SPY,SPY (S&P 500 ETF),cppi_spy_cash,CPPI,11552.86209049104,0.15528620904910406,-0.004126885752403,0.0016513676241413
2021-10-28,SPY,SPY (S&P 500 ETF),cppi_spy_cash,CPPI,11655.60872541559,0.16556087254155893,0.0088936087109634,0.0082880891722866
2021-10-29,SPY,SPY (S&P 500 ETF),cppi_spy_cash,CPPI,11677.656006292891,0.16776560062928914,0.0018915597972355,0.017629783467533
2021-11-01,SPY,SPY (S&P 500 ETF),cppi_spy_cash,CPPI,11696.59092465351,0.16965909246535094,0.0016214656734547,0.0037749372514184
2021-11-02,SPY,SPY (S&P 500 ETF),cppi_spy_cash,CPPI,11741.389914371195,0.17413899143711942,0.0038300894684843,0.0032374734919315
2021-11-03,SPY,SPY (S&P 500 ETF),cppi_spy_cash,CPPI,11809.825972763498,0.1809825972763497,0.0058286164492789,0.0076307843901878
2021-11-04,SPY,SPY (S&P 500 ETF),cppi_spy_cash,CPPI,11863.550127125742,0.18635501271257415,0.0045491063531457,0.0115893468967832
2021-11-05,SPY,SPY (S&P 500 ETF),cppi_spy_cash,CPPI,11903.657343054309,0.1903657343054308,0.003380709441844,0.0090566398411614
2021-11-08,SPY,SPY (S&P 500 ETF),cppi_spy_cash,CPPI,11913.574966410475,0.19135749664104762,0.0008331576649385,0.0067384298783788
2021-11-09,SPY,SPY (S&P 500 ETF),cppi_spy_cash,CPPI,11874.747740607723,0.1874747740607723,-0.0032590742839343,0.0016648191975778
2021-11-10,SPY,SPY (S&P 500 ETF),cppi_spy_cash,CPPI,11781.155211991854,0.1781155211991854,-0.0078816435229031,0.00653948539084
2021-11-11,SPY,SPY (S&P 500 ETF),cppi_spy_cash,CPPI,11784.637891985843,0.1784637891985843,0.000295614473396,0.0158886537045063
2021-11-12,SPY,SPY (S&P 500 ETF),cppi_spy_cash,CPPI,11870.317104188329,0.18703171041883282,0.0072704153481668,0.0005904641070568
2021-11-15,SPY,SPY (S&P 500 ETF),cppi_spy_cash,CPPI,11874.121537221215,0.1874121537221216,0.0003204996968062,0.0144358544572759
2021-11-16,SPY,SPY (S&P 500 ETF),cppi_spy_cash,CPPI,11920.113187676732,0.1920113187676733,0.0038732676191117,0.0006404786977389
2021-11-17,SPY,SPY (S&P 500 ETF),cppi_spy_cash,CPPI,11891.452978624116,0.18914529786241174,-0.0024043571232398,0.0077166330736841
2021-11-18,SPY,SPY (S&P 500 ETF),cppi_spy_cash,CPPI,11931.046397984595,0.1931046397984595,0.0033295695178421,0.0048204076594096
2021-11-19,SPY,SPY (S&P 500 ETF),cppi_spy_cash,CPPI,11909.87822967788,0.19098782296778816,-0.0017742088665659,0.0066369528369739
2021-11-22,SPY,SPY (S&P 500 ETF),cppi_spy_cash,CPPI,11876.815038544444,0.18768150385444438,-0.0027761149606926,0.0035548014077541
2021-11-23,SPY,SPY (S&P 500 ETF),cppi_spy_cash,CPPI,11892.17072840766,0.18921707284076605,0.0012929131095653,0.0055677404070249
2021-11-24,SPY,SPY (S&P 500 ETF),cppi_spy_cash,CPPI,11923.31454682625,0.1923314546826249,0.0026188505975779,0.0025823719406665
2021-11-26,SPY,SPY (S&P 500 ETF),cppi_spy_cash,CPPI,11660.746551060747,0.16607465510607478,-0.022021393022412,0.0052239735588616
2021-11-29,SPY,SPY (S&P 500 ETF),cppi_spy_cash,CPPI,11794.930171303207,0.17949301713032084,0.011507292406613,0.0450345773692162
2021-11-30,SPY,SPY (S&P 500 ETF),cppi_spy_cash,CPPI,11573.145991399058,0.15731459913990586,-0.0188033482761724,0.0227501714988012
2021-12-01,SPY,SPY (S&P 500 ETF),cppi_spy_cash,CPPI,11453.643999150254,0.14536439991502537,-0.0103258001184479,0.0383281858610872
2021-12-02,SPY,SPY (S&P 500 ETF),cppi_spy_cash,CPPI,11612.092810492626,0.1612092810492627,0.0138339214449241,0.0208699262518459
2021-12-03,SPY,SPY (S&P 500 ETF),cppi_spy_cash,CPPI,11517.488659351942,0.1517488659351942,-0.0081470371176503,0.0272883469876787
2021-12-06,SPY,SPY (S&P 500 ETF),cppi_spy_cash,CPPI,11642.273533532752,0.1642273533532752,0.0108343822053158,0.016429751187095
2021-12-07,SPY,SPY (S&P 500 ETF),cppi_spy_cash,CPPI,11868.038487658712,0.1868038487658712,0.0193918269894362,0.0214351511807635
2021-12-08,SPY,SPY (S&P 500 ETF),cppi_spy_cash,CPPI,11898.313125104414,0.18983131251044139,0.0025509385967348,0.0380445827572651
2021-12-09,SPY,SPY (S&P 500 ETF),cppi_spy_cash,CPPI,11819.294138531795,0.1819294138531795,-0.006641192389356,0.005088051845124
2021-12-10,SPY,SPY (S&P 500 ETF),cppi_spy_cash,CPPI,11926.993392855968,0.19269933928559668,0.0091121561966263,0.013371272943128
2021-12-13,SPY,SPY (S&P 500 ETF),cppi_spy_cash,CPPI,11822.419755060952,0.1822419755060951,-0.0087678121677884,0.018059343961955
2021-12-14,SPY,SPY (S&P 500 ETF),cppi_spy_cash,CPPI,11743.31675765995,0.17433167576599495,-0.0066909312171175,0.0176909564053801
2021-12-15,SPY,SPY (S&P 500 ETF),cppi_spy_cash,CPPI,11918.624662881197,0.19186246628811965,0.0149283127449402,0.0134725377161909
2021-12-16,SPY,SPY (S&P 500 ETF),cppi_spy_cash,CPPI,11814.60773543249,0.18146077354324897,-0.0087272592594219,0.0294168919661582
2021-12-17,SPY,SPY (S&P 500 ETF),cppi_spy_cash,CPPI,11652.969266169166,0.16529692661691664,-0.0136812387582334,0.0176085949847065
2021-12-20,SPY,SPY (S&P 500 ETF),cppi_spy_cash,CPPI,11536.118705207711,0.1536118705207712,-0.0100275353253264,0.0277425830393118
2021-12-21,SPY,SPY (S&P 500 ETF),cppi_spy_cash,CPPI,11724.274883980474,0.17242748839804745,0.0163101805365286,0.0202598796833899
2021-12-22,SPY,SPY (S&P 500 ETF),cppi_spy_cash,CPPI,11835.608892909577,0.1835608892909577,0.0094960251299827,0.0320952523640704
2021-12-23,SPY,SPY (S&P 500 ETF),cppi_spy_cash,CPPI,11906.981268536794,0.19069812685367937,0.0060303087296147,0.0188119023650085
2021-12-27,SPY,SPY (S&P 500 ETF),cppi_spy_cash,CPPI,12072.71314082896,0.20727131408289612,0.0139188824232132,0.0119878047186233
2021-12-28,SPY,SPY (S&P 500 ETF),cppi_spy_cash,CPPI,12062.6614928935,0.20626614928935005,-0.0008325922945577,0.0154095629189165
2021-12-29,SPY,SPY (S&P 500 ETF),cppi_spy_cash,CPPI,12078.092144874294,0.20780921448742928,0.0012792079086265,0.0
2021-12-30,SPY,SPY (S&P 500 ETF),cppi_spy_cash,CPPI,12044.701909205813,0.20447019092058127,-0.0027645289726201,0.0
2021-12-31,SPY,SPY (S&P 500 ETF),cppi_spy_cash,CPPI,12014.347009151345,0.2014347009151345,-0.0025201869073463,0.0
2022-01-03,SPY,SPY (S&P 500 ETF),cppi_spy_cash,CPPI,12083.90961414876,0.208390961414876,0.0057899613640617,0.0
2022-01-04,SPY,SPY (S&P 500 ETF),cppi_spy_cash,CPPI,12079.862242677686,0.20798622426776858,-0.0003349389063895,0.0
2022-01-05,SPY,SPY (S&P 500 ETF),cppi_spy_cash,CPPI,11847.903006673225,0.18479030066732238,-0.0192021424867708,0.0
2022-01-06,SPY,SPY (S&P 500 ETF),cppi_spy_cash,CPPI,11836.754776457155,0.18367547764571546,-0.0009409454322668,0.0256749220923074
2022-01-07,SPY,SPY (S&P 500 ETF),cppi_spy_cash,CPPI,11791.226597445297,0.17912265974452968,-0.0038463396320765,0.0018843231113826
2022-01-10,SPY,SPY (S&P 500 ETF),cppi_spy_cash,CPPI,11776.982628658963,0.1776982628658963,-0.0012080141678744,0.0077224343442726
2022-01-11,SPY,SPY (S&P 500 ETF),cppi_spy_cash,CPPI,11880.159205374808,0.18801592053748073,0.0087608668509679,0.0024192242570791
2022-01-12,SPY,SPY (S&P 500 ETF),cppi_spy_cash,CPPI,11911.422830753652,0.1911422830753653,0.0026315830317071,0.0173694704596433
2022-01-13,SPY,SPY (S&P 500 ETF),cppi_spy_cash,CPPI,11749.679508635649,0.17496795086356487,-0.0135788414546417,0.005249002449479
2022-01-14,SPY,SPY (S&P 500 ETF),cppi_spy_cash,CPPI,11753.95698535764,0.17539569853576387,0.0003640505018753,0.0275316083201938
2022-01-18,SPY,SPY (S&P 500 ETF),cppi_spy_cash,CPPI,11554.505222246264,0.1554505222246263,-0.0169689036092136,0.0007266633698915
2022-01-19,SPY,SPY (S&P 500 ETF),cppi_spy_cash,CPPI,11443.384908893757,0.14433849088937567,-0.0096170550980032,0.0345236664081145
2022-01-20,SPY,SPY (S&P 500 ETF),cppi_spy_cash,CPPI,11328.82999690695,0.13288299969069506,-0.010010579290903,0.0194235699227819
2022-01-21,SPY,SPY (S&P 500 ETF),cppi_spy_cash,CPPI,11132.56362735264,0.11325636273526407,-0.0173245047906885,0.0202255172811712
2022-01-24,SPY,SPY (S&P 500 ETF),cppi_spy_cash,CPPI,11172.0791695938,0.11720791695938004,0.0035495456000871,0.0352623081053043
2022-01-25,SPY,SPY (S&P 500 ETF),cppi_spy_cash,CPPI,11055.817523789658,0.10558175237896572,-0.0104064466460784,0.007068506019898
2022-01-26,SPY,SPY (S&P 500 ETF),cppi_spy_cash,CPPI,11032.586209747327,0.10325862097473282,-0.0021012750972365,0.0210328178295878
2022-01-27,SPY,SPY (S&P 500 ETF),cppi_spy_cash,CPPI,10987.615496658322,0.09876154966583228,-0.0040761714646084,0.0042149995328942
2022-01-28,SPY,SPY (S&P 500 ETF),cppi_spy_cash,CPPI,11210.119692292456,0.12101196922924551,0.0202504534038168,0.0081864515101311
2022-01-31,SPY,SPY (S&P 500 ETF),cppi_spy_cash,CPPI,11383.120861535186,0.13831208615351853,0.0154325889456539,0.0396955454365877
2022-02-01,SPY,SPY (S&P 500 ETF),cppi_spy_cash,CPPI,11451.351328423329,0.14513513284233293,0.0059940035529886,0.0303905785798287
2022-02-02,SPY,SPY (S&P 500 ETF),cppi_spy_cash,CPPI,11551.793843868456,0.15517938438684564,0.0087712369103392,0.0119133048350198
2022-02-03,SPY,SPY (S&P 500 ETF),cppi_spy_cash,CPPI,11301.142861209932,0.13011428612099318,-0.0216980138363157,0.0173888108779863
2022-02-04,SPY,SPY (S&P 500 ETF),cppi_spy_cash,CPPI,11347.207458620727,0.13472074586207272,0.004076100795868,0.0443598987304142
2022-02-07,SPY,SPY (S&P 500 ETF),cppi_spy_cash,CPPI,11314.889309367803,0.13148893093678038,-0.0028481147780874,0.0081136431755144
2022-02-08,SPY,SPY (S&P 500 ETF),cppi_spy_cash,CPPI,11396.647528927111,0.13966475289271107,0.0072257197860183,0.0057134356147715
2022-02-09,SPY,SPY (S&P 500 ETF),cppi_spy_cash,CPPI,11545.622970086408,0.15456229700864088,0.0130718652815369,0.0143470797032159
2022-02-10,SPY,SPY (S&P 500 ETF),cppi_spy_cash,CPPI,11354.231760429197,0.13542317604291965,-0.0165769495637514,0.02580489336942
2022-02-11,SPY,SPY (S&P 500 ETF),cppi_spy_cash,CPPI,11155.432163499714,0.11554321634997144,-0.0175088549471326,0.03371481908183
2022-02-14,SPY,SPY (S&P 500 ETF),cppi_spy_cash,CPPI,11124.0873191582,0.11240873191582001,-0.0028098278831431,0.0356456596167353
2022-02-15,SPY,SPY (S&P 500 ETF),cppi_spy_cash,CPPI,11275.16894123182,0.1275168941231819,0.0135814847311943,0.005640903135505
2022-02-16,SPY,SPY (S&P 500 ETF),cppi_spy_cash,CPPI,11285.87916556976,0.1285879165569761,0.0009498947992498,0.0267981228347832
2022-02-17,SPY,SPY (S&P 500 ETF),cppi_spy_cash,CPPI,11075.285086926177,0.10752850869261765,-0.0186599622017973,0.0018945445134317
2022-02-18,SPY,SPY (S&P 500 ETF),cppi_spy_cash,CPPI,11015.12826770599,0.10151282677059892,-0.0054316271543383,0.0380297987680499
2022-02-22,SPY,SPY (S&P 500 ETF),cppi_spy_cash,CPPI,10917.93705820701,0.09179370582070101,-0.0088234296629957,0.0109289668679971
2022-02-23,SPY,SPY (S&P 500 ETF),cppi_spy_cash,CPPI,10762.464563277104,0.07624645632771054,-0.0142400981157001,0.0178059229708499
2022-02-24,SPY,SPY (S&P 500 ETF),cppi_spy_cash,CPPI,10886.867942773928,0.08868679427739279,0.0115590047953613,0.028895196104033
2022-02-25,SPY,SPY (S&P 500 ETF),cppi_spy_cash,CPPI,11077.702430379695,0.10777024303796945,0.0175288695159046,0.0228472727549237
2022-02-28,SPY,SPY (S&P 500 ETF),cppi_spy_cash,CPPI,11053.698473394668,0.10536984733946686,-0.0021668714370952,0.0344492112463263
2022-03-01,SPY,SPY (S&P 500 ETF),cppi_spy_cash,CPPI,10914.125030322435,0.09141250303224346,-0.0126268545689185,0.0043489026712083
2022-03-02,SPY,SPY (S&P 500 ETF),cppi_spy_cash,CPPI,11074.6683517932,0.10746683517931999,0.0147096831880457,0.0255774160654534
2022-03-03,SPY,SPY (S&P 500 ETF),cppi_spy_cash,CPPI,11028.427200622744,0.10284272006227435,-0.0041753982784475,0.0289878743987633
2022-03-04,SPY,SPY (S&P 500 ETF),cppi_spy_cash,CPPI,10954.520825158274,0.09545208251582737,-0.0067014429274463,0.0083906750666024
2022-03-07,SPY,SPY (S&P 500 ETF),cppi_spy_cash,CPPI,10693.08590420398,0.06930859042039783,-0.0238654821262357,0.0134947988681313
2022-03-08,SPY,SPY (S&P 500 ETF),cppi_spy_cash,CPPI,10631.311487541574,0.06313114875415748,-0.0057770429617628,0.0489005759100259
2022-03-09,SPY,SPY (S&P 500 ETF),cppi_spy_cash,CPPI,10842.828201677492,0.08428282016774924,0.0198956369949074,0.0116332449833347
2022-03-10,SPY,SPY (S&P 500 ETF),cppi_spy_cash,CPPI,10803.89587521533,0.08038958752153302,-0.0035906062272699,0.0390121078953229
2022-03-11,SPY,SPY (S&P 500 ETF),cppi_spy_cash,CPPI,10696.863583222734,0.06968635832227332,-0.0099068237262572,0.0072154472096732
2022-03-14,SPY,SPY (S&P 500 ETF),cppi_spy_cash,CPPI,10637.522033749838,0.06375220337498377,-0.0055475653224155,0.0200135154731996
2022-03-15,SPY,SPY (S&P 500 ETF),cppi_spy_cash,CPPI,10811.402165409456,0.08114021654094561,0.01634592446511,0.0111619284313357
2022-03-16,SPY,SPY (S&P 500 ETF),cppi_spy_cash,CPPI,10998.070253034904,0.0998070253034904,0.0172658536579726,0.0321632515594215
2022-03-17,SPY,SPY (S&P 500 ETF),cppi_spy_cash,CPPI,11110.219134990077,0.11102191349900759,0.0101971418053294,0.033938655447812
2022-03-18,SPY,SPY (S&P 500 ETF),cppi_spy_cash,CPPI,11182.97639792937,0.11829763979293695,0.0065486793784432,0.0201822981967326
2022-03-21,SPY,SPY (S&P 500 ETF),cppi_spy_cash,CPPI,11180.038919193816,0.11800389191938154,-0.0002626741424669,0.0130089347465698
2022-03-22,SPY,SPY (S&P 500 ETF),cppi_spy_cash,CPPI,11291.66560844809,0.12916656084480893,0.0099844633870311,0.0005273876707563
2022-03-23,SPY,SPY (S&P 500 ETF),cppi_spy_cash,CPPI,11164.270519355994,0.11642705193559943,-0.0112822229695486,0.01977144217473
2022-03-24,SPY,SPY (S&P 500 ETF),cppi_spy_cash,CPPI,11307.110529325222,0.13071105293252216,0.0127943881081689,0.0228244368789993
2022-03-25,SPY,SPY (S&P 500 ETF),cppi_spy_cash,CPPI,11355.27546278132,0.13552754627813202,0.0042597030719018,0.0252621453631394
2022-03-28,SPY,SPY (S&P 500 ETF),cppi_spy_cash,CPPI,11426.777167046192,0.14267771670461915,0.0062967828917253,0.0084801869825846
2022-03-29,SPY,SPY (S&P 500 ETF),cppi_spy_cash,CPPI,11553.808793463984,0.15538087934639844,0.0111170126590147,0.0125138060951132
2022-03-30,SPY,SPY (S&P 500 ETF),cppi_spy_cash,CPPI,11487.724092216502,0.14877240922165025,-0.0057197329840585,0.0219883253200919
2022-03-31,SPY,SPY (S&P 500 ETF),cppi_spy_cash,CPPI,11326.55174896897,0.13265517489689693,-0.014029962937283,0.0115069811416639
2022-04-01,SPY,SPY (S&P 500 ETF),cppi_spy_cash,CPPI,11354.51205693779,0.1354512056937791,0.0024685631239327,0.0284602483737229
2022-04-04,SPY,SPY (S&P 500 ETF),cppi_spy_cash,CPPI,11440.665812204468,0.1440665812204469,0.0075876228617006,0.0049215926363398
2022-04-05,SPY,SPY (S&P 500 ETF),cppi_spy_cash,CPPI,11310.114972442783,0.1310114972442784,-0.0114111225609279,0.0150604134151123
2022-04-06,SPY,SPY (S&P 500 ETF),cppi_spy_cash,CPPI,11210.559087062977,0.12105590870629768,-0.0088023760697728,0.0230871682354949
2022-04-07,SPY,SPY (S&P 500 ETF),cppi_spy_cash,CPPI,11258.892796173515,0.12588927961735163,0.004311445016718,0.0177639334663354
2022-04-08,SPY,SPY (S&P 500 ETF),cppi_spy_cash,CPPI,11232.654180649217,0.12326541806492175,-0.0023304792042446,0.0085833814051611
2022-04-11,SPY,SPY (S&P 500 ETF),cppi_spy_cash,CPPI,11066.842130504268,0.10668421305042686,-0.0147616090977498,0.0046729786759228
2022-04-12,SPY,SPY (S&P 500 ETF),cppi_spy_cash,CPPI,11032.421453304529,0.10324214533045284,-0.0031102528430276,0.0299662060740074
2022-04-13,SPY,SPY (S&P 500 ETF),cppi_spy_cash,CPPI,11136.548136698571,0.11365481366985719,0.0094382438012152,0.0062449826715853
2022-04-14,SPY,SPY (S&P 500 ETF),cppi_spy_cash,CPPI,11019.175466890752,0.10191754668907516,-0.0105394120662074,0.0186989073462856
2022-04-18,SPY,SPY (S&P 500 ETF),cppi_spy_cash,CPPI,11022.664514942591,0.10226645149425906,0.0003166342220726,0.0213062793612693
2022-04-19,SPY,SPY (S&P 500 ETF),cppi_spy_cash,CPPI,11169.03915787298,0.11690391578729797,0.0132794246556227,0.0006292762200339
2022-04-20,SPY,SPY (S&P 500 ETF),cppi_spy_cash,CPPI,11161.696641380784,0.1161696641380785,-0.0006573991180808,0.0262106750361292
2022-04-21,SPY,SPY (S&P 500 ETF),cppi_spy_cash,CPPI,11019.846316371008,0.1019846316371007,-0.0127086705155452,0.0013195657924429
2022-04-22,SPY,SPY (S&P 500 ETF),cppi_spy_cash,CPPI,10770.98306787913,0.07709830678791296,-0.0225831868564417,0.0257447204132927
2022-04-25,SPY,SPY (S&P 500 ETF),cppi_spy_cash,CPPI,10818.678055312606,0.08186780553126072,0.0044280997503107,0.0462146269669019
2022-04-26,SPY,SPY (S&P 500 ETF),cppi_spy_cash,CPPI,10573.6912048541,0.057369120485409875,-0.0226448045875811,0.0088066561609214
2022-04-27,SPY,SPY (S&P 500 ETF),cppi_spy_cash,CPPI,10594.910187570018,0.05949101875700191,0.0020067715526037,0.0463409133495815
2022-04-28,SPY,SPY (S&P 500 ETF),cppi_spy_cash,CPPI,10791.505073972236,0.07915050739722362,0.018555597255828,0.0039930279519405
2022-04-29,SPY,SPY (S&P 500 ETF),cppi_spy_cash,CPPI,10481.637497773118,0.04816374977731175,-0.0287140277537821,0.0364340793043728
2022-05-02,SPY,SPY (S&P 500 ETF),cppi_spy_cash,CPPI,10525.829259398575,0.05258292593985758,0.0042161123808037,0.0591341966682088
2022-05-03,SPY,SPY (S&P 500 ETF),cppi_spy_cash,CPPI,10560.476288760492,0.056047628876049194,0.0032916199292307,0.008379762466555
2022-05-04,SPY,SPY (S&P 500 ETF),cppi_spy_cash,CPPI,10794.32752890132,0.07943275289013196,0.0221440050378898,0.006559301912952
2022-05-05,SPY,SPY (S&P 500 ETF),cppi_spy_cash,CPPI,10495.917957792388,0.04959179577923889,-0.0276450358125556,0.0433267931224236
2022-05-06,SPY,SPY (S&P 500 ETF),cppi_spy_cash,CPPI,10450.629727818708,0.04506297278187077,-0.0043148422230241,0.0568719782740064
2022-05-09,SPY,SPY (S&P 500 ETF),cppi_spy_cash,CPPI,10215.153617812604,0.021515361781260456,-0.0225322412274628,0.0086834518639818
2022-05-10,SPY,SPY (S&P 500 ETF),cppi_spy_cash,CPPI,10230.036453213346,0.023003645321334698,0.001456937013144,0.0461059270763487
2022-05-11,SPY,SPY (S&P 500 ETF),cppi_spy_cash,CPPI,10123.727199670057,0.012372719967005619,-0.0103918743622755,0.0028935465618902
2022-05-12,SPY,SPY (S&P 500 ETF),cppi_spy_cash,CPPI,10116.863640497795,0.011686364049779518,-0.0006779676137935,0.0210030106340068
2022-05-13,SPY,SPY (S&P 500 ETF),cppi_spy_cash,CPPI,10268.678587988708,0.02686785879887088,0.0150061276780675,0.0013646455650943
2022-05-16,SPY,SPY (S&P 500 ETF),cppi_spy_cash,CPPI,10240.759849547068,0.024075984954706753,-0.0027188248422046,0.029568045464935
2022-05-17,SPY,SPY (S&P 500 ETF),cppi_spy_cash,CPPI,10378.98312895408,0.037898312895408015,0.0134973655703023,0.0054624716608504
2022-05-18,SPY,SPY (S&P 500 ETF),cppi_spy_cash,CPPI,10091.012704553186,0.00910127045531861,-0.0277455335289588,0.0266333739809198
2022-05-19,SPY,SPY (S&P 500 ETF),cppi_spy_cash,CPPI,10052.018889510184,0.005201888951018363,-0.0038642122633943,0.057083189959615
2022-05-20,SPY,SPY (S&P 500 ETF),cppi_spy_cash,CPPI,10054.628005295122,0.005462800529512313,0.0002595613690759,0.0077800860816575
2022-05-23,SPY,SPY (S&P 500 ETF),cppi_spy_cash,CPPI,10169.949520650527,0.01699495206505275,0.0114694959668992,0.0005159734050521
2022-05-24,SPY,SPY (S&P 500 ETF),cppi_spy_cash,CPPI,10120.025275889348,0.01200252758893483,-0.0049089963189892,0.0226786792522479
2022-05-25,SPY,SPY (S&P 500 ETF),cppi_spy_cash,CPPI,10176.115448946584,0.017611544894658326,0.0055424933760659,0.0098746290699605
2022-05-26,SPY,SPY (S&P 500 ETF),cppi_spy_cash,CPPI,10306.447263083644,0.030644726308364456,0.0128076194487898,0.0110202383778929
2022-05-27,SPY,SPY (S&P 500 ETF),cppi_spy_cash,CPPI,10476.04624022221,0.04760462402222099,0.016455619750372,0.0252874169280992
2022-05-31,SPY,SPY (S&P 500 ETF),cppi_spy_cash,CPPI,10434.029312806852,0.043402931280685175,-0.0040107619279147,0.0323702564262111
2022-06-01,SPY,SPY (S&P 500 ETF),cppi_spy_cash,CPPI,10374.882504410974,0.03748825044109738,-0.0056686450289419,0.0080632815814905
2022-06-02,SPY,SPY (S&P 500 ETF),cppi_spy_cash,CPPI,10510.440710331011,0.051044071033101046,0.0130659991438364,0.0114043576364984
2022-06-03,SPY,SPY (S&P 500 ETF),cppi_spy_cash,CPPI,10386.572347427536,0.03865723474275362,-0.0117852682220759,0.0257914346761293
2022-06-06,SPY,SPY (S&P 500 ETF),cppi_spy_cash,CPPI,10408.123707117516,0.04081237071175159,0.0020749251022469,0.0238590319558659
2022-06-07,SPY,SPY (S&P 500 ETF),cppi_spy_cash,CPPI,10477.37817547609,0.04773781754760886,0.0066538859747808,0.0041338603332219
2022-06-08,SPY,SPY (S&P 500 ETF),cppi_spy_cash,CPPI,10396.437439974696,0.039643743997469505,-0.007725285290441,0.0132185526960163
2022-06-09,SPY,SPY (S&P 500 ETF),cppi_spy_cash,CPPI,10225.295579477775,0.022529557947777556,-0.0164615871047202,0.0155747317916653
2022-06-10,SPY,SPY (S&P 500 ETF),cppi_spy_cash,CPPI,10031.388037108472,0.0031388037108472933,-0.0189635146350661,0.0334790978360047
2022-06-13,SPY,SPY (S&P 500 ETF),cppi_spy_cash,CPPI,9799.624861236509,-0.02003751387634911,-0.0231037992962306,0.0386720077330673
2022-06-14,SPY,SPY (S&P 500 ETF),cppi_spy_cash,CPPI,9782.893273349078,-0.02171067266509219,-0.0017073702436931,0.0473159553211228
2022-06-15,SPY,SPY (S&P 500 ETF),cppi_spy_cash,CPPI,9859.111927886224,-0.014088807211377619,0.007791013599707,0.0034418653600259
2022-06-16,SPY,SPY (S&P 500 ETF),cppi_spy_cash,CPPI,9674.37463816639,-0.032562536183361024,-0.0187377211123154,0.0154600179228604
2022-06-17,SPY,SPY (S&P 500 ETF),cppi_spy_cash,CPPI,9663.18235281246,-0.03368176471875395,-0.0011569001379971,0.0381978980137616
2022-06-21,SPY,SPY (S&P 500 ETF),cppi_spy_cash,CPPI,9788.764482493218,-0.02112355175067826,0.0129959391322267,0.00233486628782
2022-06-22,SPY,SPY (S&P 500 ETF),cppi_spy_cash,CPPI,9778.784621052817,-0.02212153789471827,-0.0010195220712735,0.0256573081819677
2022-06-23,SPY,SPY (S&P 500 ETF),cppi_spy_cash,CPPI,9831.074402592316,-0.01689255974076842,0.0053472679444155,0.0020527286734443
2022-06-24,SPY,SPY (S&P 500 ETF),cppi_spy_cash,CPPI,10005.618778629436,0.0005618778629434829,0.0177543540908504,0.0106367259255435
2022-06-27,SPY,SPY (S&P 500 ETF),cppi_spy_cash,CPPI,9982.28792524131,-0.0017712074758690077,-0.0023317751659654,0.0348846602356548
2022-06-28,SPY,SPY (S&P 500 ETF),cppi_spy_cash,CPPI,9860.730298154496,-0.013926970184550358,-0.0121773312888963,0.0046883894503271
2022-06-29,SPY,SPY (S&P 500 ETF),cppi_spy_cash,CPPI,9855.9411954824,-0.014405880451759945,-0.0004856742378392,0.0246568120678791
2022-06-30,SPY,SPY (S&P 500 ETF),cppi_spy_cash,CPPI,9810.696885516189,-0.0189303114483812,-0.0045905620852273,0.0009825241744169
2022-07-01,SPY,SPY (S&P 500 ETF),cppi_spy_cash,CPPI,9868.058450345856,-0.013194154965414429,0.0058468389655734,0.0092238945069472
2022-07-05,SPY,SPY (S&P 500 ETF),cppi_spy_cash,CPPI,9878.527563385614,-0.0121472436614386,0.0010609091030862,0.0116216115292032
2022-07-06,SPY,SPY (S&P 500 ETF),cppi_spy_cash,CPPI,9897.539910171565,-0.010246008982843557,0.0019246134268449,0.002114553282612
2022-07-07,SPY,SPY (S&P 500 ETF),cppi_spy_cash,CPPI,9982.760749392295,-0.0017239250607704593,0.0086103051863575,0.0038409263295642
2022-07-08,SPY,SPY (S&P 500 ETF),cppi_spy_cash,CPPI,9977.69744766414,-0.002230255233585887,-0.0005072045554597,0.0170719835856231
2022-07-11,SPY,SPY (S&P 500 ETF),cppi_spy_cash,CPPI,9909.910174817853,-0.009008982518214692,-0.0067938793696491,0.001021826935577
2022-07-12,SPY,SPY (S&P 500 ETF),cppi_spy_cash,CPPI,9859.073306320295,-0.01409266936797049,-0.0051299020476227,0.0136811208363452
2022-07-13,SPY,SPY (S&P 500 ETF),cppi_spy_cash,CPPI,9829.682062660948,-0.017031793733905176,-0.0029811365374986,0.010318507975066
2022-07-14,SPY,SPY (S&P 500 ETF),cppi_spy_cash,CPPI,9816.293249866085,-0.018370675013391513,-0.0013620799441442,0.0059845953594452
2022-07-15,SPY,SPY (S&P 500 ETF),cppi_spy_cash,CPPI,9920.367450844264,-0.007963254915573592,0.0106021894750953,0.0027305217821814
2022-07-18,SPY,SPY (S&P 500 ETF),cppi_spy_cash,CPPI,9872.591275832963,-0.01274087241670363,-0.0048159682842425,0.0209807225054908
2022-07-19,SPY,SPY (S&P 500 ETF),cppi_spy_cash,CPPI,10024.281817977282,0.0024281817977283016,0.0153648153667254,0.00968738720538
2022-07-20,SPY,SPY (S&P 500 ETF),cppi_spy_cash,CPPI,10062.680531904472,0.00626805319044732,0.0038305700721947,0.0302605086062647
2022-07-21,SPY,SPY (S&P 500 ETF),cppi_spy_cash,CPPI,10125.617404245886,0.012561740424588574,0.0062544837970228,0.0076200228296195
2022-07-22,SPY,SPY (S&P 500 ETF),cppi_spy_cash,CPPI,10066.327244759055,0.0066327244759054604,-0.0058554611654563,0.0124283008948082
2022-07-25,SPY,SPY (S&P 500 ETF),cppi_spy_cash,CPPI,10073.739925395135,0.007373992539513541,0.0007363838325384,0.0117845274518775
2022-07-26,SPY,SPY (S&P 500 ETF),cppi_spy_cash,CPPI,10000.12194078745,1.2194078744975911e-05,-0.0073079099870447,0.0014671598177327
2022-07-27,SPY,SPY (S&P 500 ETF),cppi_spy_cash,CPPI,10155.78011103804,0.015578011103803968,0.0155656272165749,0.01472398260241
2022-07-28,SPY,SPY (S&P 500 ETF),cppi_spy_cash,CPPI,10236.582249451898,0.023658224945189765,0.0079562709639642,0.0306483051777956
2022-07-29,SPY,SPY (S&P 500 ETF),cppi_spy_cash,CPPI,10334.238766744593,0.03342387667445923,0.0095399533665567,0.0157758936004658
2022-08-01,SPY,SPY (S&P 500 ETF),cppi_spy_cash,CPPI,10313.307177841913,0.031330717784191275,-0.0020254601596817,0.0188942214333301
2022-08-02,SPY,SPY (S&P 500 ETF),cppi_spy_cash,CPPI,10267.480379155848,0.026748037915584888,-0.0044434629838742,0.0040652453772181
2022-08-03,SPY,SPY (S&P 500 ETF),cppi_spy_cash,CPPI,10373.910573083856,0.037391057308385545,0.0103657557645857,0.0089279265825157
2022-08-04,SPY,SPY (S&P 500 ETF),cppi_spy_cash,CPPI,10368.886463093557,0.03688864630935562,-0.0004843024195075,0.0205158364091035
2022-08-05,SPY,SPY (S&P 500 ETF),cppi_spy_cash,CPPI,10356.864992164494,0.0356864992164494,-0.0011593791649517,0.0009755089117757
2022-08-08,SPY,SPY (S&P 500 ETF),cppi_spy_cash,CPPI,10348.632477763003,0.03486324777630023,-0.0007948847848956,0.0023217570382444
2022-08-09,SPY,SPY (S&P 500 ETF),cppi_spy_cash,CPPI,10320.636775926052,0.03206367759260509,-0.0027052561676248,0.0015917715465223
2022-08-10,SPY,SPY (S&P 500 ETF),cppi_spy_cash,CPPI,10466.807757507328,0.04668077575073282,0.0141629809046506,0.0054256982480181
2022-08-11,SPY,SPY (S&P 500 ETF),cppi_spy_cash,CPPI,10466.5154337676,0.04665154337676003,-2.79286432405268e-05,0.0279286432405023
2022-08-12,SPY,SPY (S&P 500 ETF),cppi_spy_cash,CPPI,10591.781768601128,0.05917817686011273,0.0119682940923571,6.404112639146753e-05
2022-08-15,SPY,SPY (S&P 500 ETF),cppi_spy_cash,CPPI,10623.570858006382,0.062357085800638146,0.0030012976192062,0.0236534776422215
2022-08-16,SPY,SPY (S&P 500 ETF),cppi_spy_cash,CPPI,10638.923964067406,0.0638923964067406,0.0014451926067262,0.0059783627503872
2022-08-17,SPY,SPY (S&P 500 ETF),cppi_spy_cash,CPPI,10582.700049058853,0.0582700049058853,-0.0052847369901738,0.0028846671562161
2022-08-18,SPY,SPY (S&P 500 ETF),cppi_spy_cash,CPPI,10605.10652695671,0.06051065269567091,0.0021172742111168,0.0106263696408729
2022-08-19,SPY,SPY (S&P 500 ETF),cppi_spy_cash,CPPI,10500.039667680408,0.05000396676804075,-0.0099071950865592,0.004222761381561
2022-08-22,SPY,SPY (S&P 500 ETF),cppi_spy_cash,CPPI,10343.66145375304,0.034366145375304136,-0.0148931069668915,0.020013781453038
2022-08-23,SPY,SPY (S&P 500 ETF),cppi_spy_cash,CPPI,10326.33939179356,0.032633939179355975,-0.0016746547667791,0.0302423343039512
2022-08-24,SPY,SPY (S&P 500 ETF),cppi_spy_cash,CPPI,10348.64567810335,0.03486456781033498,0.0021601349194,0.0033646295835133
2022-08-25,SPY,SPY (S&P 500 ETF),cppi_spy_cash,CPPI,10448.07183318878,0.04480718331887812,0.0096076489792094,0.0043098692825052
2022-08-26,SPY,SPY (S&P 500 ETF),cppi_spy_cash,CPPI,10199.28306256033,0.019928306256032924,-0.0238119314836793,0.0190310785667369
2022-08-29,SPY,SPY (S&P 500 ETF),cppi_spy_cash,CPPI,10155.16122504655,0.01551612250465495,-0.0043259744085094,0.0487913324827093
2022-08-30,SPY,SPY (S&P 500 ETF),cppi_spy_cash,CPPI,10084.096287523636,0.008409628752363618,-0.0069979132726755,0.0087068429368788
2022-08-31,SPY,SPY (S&P 500 ETF),cppi_spy_cash,CPPI,10036.380832647244,0.0036380832647244787,-0.0047317531998803,0.0140976440957457
2022-09-01,SPY,SPY (S&P 500 ETF),cppi_spy_cash,CPPI,10055.454818699442,0.00554548186994408,0.0019004844844221,0.0095138806311039
2022-09-02,SPY,SPY (S&P 500 ETF),cppi_spy_cash,CPPI,9990.396154431151,-0.0009603845568848524,-0.0064699872299464,0.0037900432665458
2022-09-06,SPY,SPY (S&P 500 ETF),cppi_spy_cash,CPPI,9967.736123807052,-0.003226387619294835,-0.0022681813887881,0.0130257165327323
2022-09-07,SPY,SPY (S&P 500 ETF),cppi_spy_cash,CPPI,10073.741187064705,0.007374118706470423,0.0106348183720943,0.0045519277140479
2022-09-08,SPY,SPY (S&P 500 ETF),cppi_spy_cash,CPPI,10114.192071625104,0.011419207162510325,0.0040154778457424,0.0210439816888478
2022-09-09,SPY,SPY (S&P 500 ETF),cppi_spy_cash,CPPI,10212.643935061573,0.021264393506157386,0.0097340314223088,0.0079908208424444
2022-09-12,SPY,SPY (S&P 500 ETF),cppi_spy_cash,CPPI,10283.787863112955,0.028378786311295423,0.0069662595214092,0.0192774358744105
2022-09-13,SPY,SPY (S&P 500 ETF),cppi_spy_cash,CPPI,9985.735479597675,-0.0014264520402325065,-0.0289827432734556,0.0138294319867336
2022-09-14,SPY,SPY (S&P 500 ETF),cppi_spy_cash,CPPI,10007.869614943427,0.0007869614943427639,0.0022165753730383,0.0597003832843994
2022-09-15,SPY,SPY (S&P 500 ETF),cppi_spy_cash,CPPI,9939.438069018292,-0.006056193098170848,-0.0068377735280398,0.0043993145052524
2022-09-16,SPY,SPY (S&P 500 ETF),cppi_spy_cash,CPPI,9871.29356629811,-0.01287064337018895,-0.0068559713584405,0.0137714646357253
2022-09-19,SPY,SPY (S&P 500 ETF),cppi_spy_cash,CPPI,9914.691862945754,-0.008530813705424634,0.0043964143459183,0.0138123497630939
2022-09-20,SPY,SPY (S&P 500 ETF),cppi_spy_cash,CPPI,9848.672028446485,-0.01513279715535154,-0.006658788332697,0.0087484098970177
2022-09-21,SPY,SPY (S&P 500 ETF),cppi_spy_cash,CPPI,9751.79776097328,-0.024820223902671912,-0.0098362771339522,0.0134105547303986
2022-09-22,SPY,SPY (S&P 500 ETF),cppi_spy_cash,CPPI,9707.460401554375,-0.02925395984456247,-0.0045465831537587,0.019873898198036
2022-09-23,SPY,SPY (S&P 500 ETF),cppi_spy_cash,CPPI,9621.547843729966,-0.03784521562700338,-0.0088501579476599,0.0091439033744032
2022-09-26,SPY,SPY (S&P 500 ETF),cppi_spy_cash,CPPI,9573.252435926175,-0.0426747564073825,-0.0050195050306031,0.0178627227096275
2022-09-27,SPY,SPY (S&P 500 ETF),cppi_spy_cash,CPPI,9561.1075170737,-0.04388924829262997,-0.0012686303775817,0.0100985310391975
2022-09-28,SPY,SPY (S&P 500 ETF),cppi_spy_cash,CPPI,9653.233659715866,-0.03467663402841337,0.009635509534607,0.0025456099968217
2022-09-29,SPY,SPY (S&P 500 ETF),cppi_spy_cash,CPPI,9549.448349479757,-0.04505516505202434,-0.0107513517122475,0.0190858187878552
2022-09-30,SPY,SPY (S&P 500 ETF),cppi_spy_cash,CPPI,9477.36240762387,-0.05226375923761295,-0.0075487022095691,0.0217457797337321
2022-10-03,SPY,SPY (S&P 500 ETF),cppi_spy_cash,CPPI,9594.228921055314,-0.04057710789446867,0.012331122141898,0.01522348263358
2022-10-04,SPY,SPY (S&P 500 ETF),cppi_spy_cash,CPPI,9742.1911037918,-0.025780889620820036,0.0154219983652643,0.0243538300082618
2022-10-05,SPY,SPY (S&P 500 ETF),cppi_spy_cash,CPPI,9729.726948945228,-0.02702730510547713,-0.0012793995430576,0.0303635170817013
2022-10-06,SPY,SPY (S&P 500 ETF),cppi_spy_cash,CPPI,9676.171481392652,-0.03238285186073486,-0.0055043135160521,0.0025761688753079
2022-10-07,SPY,SPY (S&P 500 ETF),cppi_spy_cash,CPPI,9535.801034679724,-0.046419896532027605,-0.0145068167697174,0.0110707662141681
2022-10-10,SPY,SPY (S&P 500 ETF),cppi_spy_cash,CPPI,9500.34225926589,-0.04996577407341096,-0.0037184894362705,0.0294461205229823
2022-10-11,SPY,SPY (S&P 500 ETF),cppi_spy_cash,CPPI,9471.766504882038,-0.052823349511796236,-0.0030078657804124,0.0074800118867095
2022-10-12,SPY,SPY (S&P 500 ETF),cppi_spy_cash,CPPI,9457.14569498635,-0.05428543050136503,-0.0015436201777305,0.0060378287067627
2022-10-13,SPY,SPY (S&P 500 ETF),cppi_spy_cash,CPPI,9572.483014535776,-0.04275169854642247,0.0121957854165843,0.0030952415048914
2022-10-14,SPY,SPY (S&P 500 ETF),cppi_spy_cash,CPPI,9464.750211762846,-0.05352497882371532,-0.0112544261096456,0.0240960362376437
2022-10-17,SPY,SPY (S&P 500 ETF),cppi_spy_cash,CPPI,9577.450921680864,-0.04225490783191366,0.0119074151347335,0.0227774201956679
2022-10-18,SPY,SPY (S&P 500 ETF),cppi_spy_cash,CPPI,9632.827698566149,-0.03671723014338513,0.0057819953699709,0.0235225352527351
2022-10-19,SPY,SPY (S&P 500 ETF),cppi_spy_cash,CPPI,9598.004461454508,-0.04019955385454921,-0.0036150586516586,0.0114856808655303
2022-10-20,SPY,SPY (S&P 500 ETF),cppi_spy_cash,CPPI,9557.73563923068,-0.04422643607693211,-0.0041955411028977,0.0072620148984522
2022-10-21,SPY,SPY (S&P 500 ETF),cppi_spy_cash,CPPI,9671.21996639873,-0.03287800336012692,0.0118735578647146,0.0084300857591951
2022-10-24,SPY,SPY (S&P 500 ETF),cppi_spy_cash,CPPI,9732.341073053602,-0.026765892694639803,0.0063198962351418,0.0234642039089704
2022-10-25,SPY,SPY (S&P 500 ETF),cppi_spy_cash,CPPI,9815.207013790008,-0.018479298620999174,0.0085144920543158,0.0125491828177666
2022-10-26,SPY,SPY (S&P 500 ETF),cppi_spy_cash,CPPI,9774.014198503692,-0.022598580149630787,-0.0041968361164914,0.0168794164715183
2022-10-27,SPY,SPY (S&P 500 ETF),cppi_spy_cash,CPPI,9745.5123928189,-0.025448760718109975,-0.002916079832292,0.0084365937023795
2022-10-28,SPY,SPY (S&P 500 ETF),cppi_spy_cash,CPPI,9870.035336358384,-0.01299646636416163,0.012777465003404,0.005853070474489
2022-10-31,SPY,SPY (S&P 500 ETF),cppi_spy_cash,CPPI,9829.26401235101,-0.017073598764899,-0.0041308184436975,0.0252298484496763
2022-11-01,SPY,SPY (S&P 500 ETF),cppi_spy_cash,CPPI,9805.16872947418,-0.019483127052581928,-0.0024513822038511,0.0083068401951037
2022-11-02,SPY,SPY (S&P 500 ETF),cppi_spy_cash,CPPI,9669.212497748744,-0.03307875022512563,-0.0138657717655334,0.0049184905429117
2022-11-03,SPY,SPY (S&P 500 ETF),cppi_spy_cash,CPPI,9617.379051684931,-0.03826209483150689,-0.0053606688317048,0.0281237023209366
2022-11-04,SPY,SPY (S&P 500 ETF),cppi_spy_cash,CPPI,9687.111954353648,-0.03128880456463523,0.0072507179236633,0.0107927526114521
2022-11-07,SPY,SPY (S&P 500 ETF),cppi_spy_cash,CPPI,9735.386456476102,-0.02646135435238972,0.0049833740282889,0.0143917377973372
2022-11-08,SPY,SPY (S&P 500 ETF),cppi_spy_cash,CPPI,9763.379083249663,-0.023662091675033636,0.002875348287272,0.0099104880653312
2022-11-09,SPY,SPY (S&P 500 ETF),cppi_spy_cash,CPPI,9654.33592879438,-0.034566407120561915,-0.0111685875889383,0.0057296112564247
2022-11-10,SPY,SPY (S&P 500 ETF),cppi_spy_cash,CPPI,9926.849544737222,-0.007315045526277708,0.0282270699872853,0.0225921223848034
2022-11-11,SPY,SPY (S&P 500 ETF),cppi_spy_cash,CPPI,9982.248594295736,-0.0017751405704264922,0.0055807282369746,0.0548936742085544
2022-11-14,SPY,SPY (S&P 500 ETF),cppi_spy_cash,CPPI,9931.551259307267,-0.006844874069273255,-0.0050787489922301,0.0110767120635386
2022-11-15,SPY,SPY (S&P 500 ETF),cppi_spy_cash,CPPI,9980.872161815896,-0.001912783818410424,0.0049660824599186,0.0102138495216997
2022-11-16,SPY,SPY (S&P 500 ETF),cppi_spy_cash,CPPI,9935.439311674108,-0.006456068832589201,-0.0045519919908004,0.009878851243693
2022-11-17,SPY,SPY (S&P 500 ETF),cppi_spy_cash,CPPI,9917.582044261017,-0.00824179557389837,-0.0017973304302819,0.0091496300021555
2022-11-18,SPY,SPY (S&P 500 ETF),cppi_spy_cash,CPPI,9943.66598519847,-0.005633401480153011,0.0026300705979587,0.0036049426764969
2022-11-21,SPY,SPY (S&P 500 ETF),cppi_spy_cash,CPPI,9922.411884804544,-0.007758811519545605,-0.0021374511599204,0.0052448330382197
2022-11-22,SPY,SPY (S&P 500 ETF),cppi_spy_cash,CPPI,9999.97871225834,-2.128774165943703e-06,0.0078173359818476,0.0042862331798718
2022-11-23,SPY,SPY (S&P 500 ETF),cppi_spy_cash,CPPI,10037.632353469537,0.003763235346953664,0.0037653721367465,0.015511617506067
2022-11-25,SPY,SPY (S&P 500 ETF),cppi_spy_cash,CPPI,10036.189579889771,0.003618957988977156,-0.0001437364439099,0.0074963131386203
2022-11-28,SPY,SPY (S&P 500 ETF),cppi_spy_cash,CPPI,9938.712211530892,-0.006128778846910765,-0.0097125873901587,0.0002904457096057
2022-11-29,SPY,SPY (S&P 500 ETF),cppi_spy_cash,CPPI,9928.527983603888,-0.007147201639611245,-0.0010247029705908,0.0196158087012719
2022-11-30,SPY,SPY (S&P 500 ETF),cppi_spy_cash,CPPI,10110.756513078764,0.011075651307876466,0.0183540329216789,0.0020596531068505
2022-12-01,SPY,SPY (S&P 500 ETF),cppi_spy_cash,CPPI,10105.732686792611,0.010573268679261227,-0.000496879366015,0.0360456238314879
2022-12-02,SPY,SPY (S&P 500 ETF),cppi_spy_cash,CPPI,10098.434251746256,0.009843425174625553,-0.0007222074116304,0.0010077300486804
2022-12-05,SPY,SPY (S&P 500 ETF),cppi_spy_cash,CPPI,9985.17201586817,-0.0014827984131831062,-0.0112158214882174,0.0014458368048861
2022-12-06,SPY,SPY (S&P 500 ETF),cppi_spy_cash,CPPI,9899.099862460256,-0.010090013753974336,-0.0086199970587516,0.0226866367553476
2022-12-07,SPY,SPY (S&P 500 ETF),cppi_spy_cash,CPPI,9889.235558903756,-0.011076444109624384,-0.0009964849020169,0.0173991300774917
2022-12-08,SPY,SPY (S&P 500 ETF),cppi_spy_cash,CPPI,9933.6160658248,-0.006638393417519928,0.0044877591050083,0.0020023504005542
2022-12-09,SPY,SPY (S&P 500 ETF),cppi_spy_cash,CPPI,9890.194211837366,-0.010980578816263353,-0.0043712031650608,0.0089345672586821
2022-12-12,SPY,SPY (S&P 500 ETF),cppi_spy_cash,CPPI,9971.860782546964,-0.0028139217453035936,0.0082573273042354,0.0087845223871705
2022-12-13,SPY,SPY (S&P 500 ETF),cppi_spy_cash,CPPI,10016.47678363079,0.001647678363078997,0.0044741901292799,0.0163756873173198
2022-12-14,SPY,SPY (S&P 500 ETF),cppi_spy_cash,CPPI,9977.710746984165,-0.002228925301583473,-0.003870226775744,0.0089018903299459
2022-12-15,SPY,SPY (S&P 500 ETF),cppi_spy_cash,CPPI,9832.500012195313,-0.01674999878046879,-0.0145535121703885,0.0077740665642143
2022-12-16,SPY,SPY (S&P 500 ETF),cppi_spy_cash,CPPI,9742.475313485696,-0.025752468651430327,-0.0091558300125053,0.0295400876725124
2022-12-19,SPY,SPY (S&P 500 ETF),cppi_spy_cash,CPPI,9697.969150183342,-0.030203084981665795,-0.0045682603106776,0.0184940118297417
2022-12-20,SPY,SPY (S&P 500 ETF),cppi_spy_cash,CPPI,9704.85049566201,-0.029514950433798925,0.0007095656185438,0.0091870603629977
2022-12-21,SPY,SPY (S&P 500 ETF),cppi_spy_cash,CPPI,9781.311702086026,-0.02186882979139737,0.0078786588683867,0.0014137665665969
2022-12-22,SPY,SPY (S&P 500 ETF),cppi_spy_cash,CPPI,9704.922674377263,-0.02950773256227368,-0.0078096915869136,0.015633478197423
2022-12-23,SPY,SPY (S&P 500 ETF),cppi_spy_cash,CPPI,9734.190866051213,-0.02658091339487878,0.0030158088483507,0.0157494739707027
2022-12-27,SPY,SPY (S&P 500 ETF),cppi_spy_cash,CPPI,9713.616123536558,-0.028638387646344188,-0.0021136571901841,0.0060060555244084
2022-12-28,SPY,SPY (S&P 500 ETF),cppi_spy_cash,CPPI,9649.685413097632,-0.03503145869023683,-0.0065815562017135,0.0042390703582024
2022-12-29,SPY,SPY (S&P 500 ETF),cppi_spy_cash,CPPI,9738.640923834737,-0.026135907616526288,0.0092184881609056,0.0132523289296577
2022-12-30,SPY,SPY (S&P 500 ETF),cppi_spy_cash,CPPI,9724.72419367922,-0.027527580632078053,-0.001429021797226,0.0182621711367289
2020-01-02,SPY,SPY (S&P 500 ETF),ppo_profit_only,PPO-Profit,10000.0,0.0,0.0,0.0
2020-01-03,SPY,SPY (S&P 500 ETF),ppo_profit_only,PPO-Profit,9914.353387491616,-0.008564661250838435,-0.0085646612508384,1.0
2020-01-06,SPY,SPY (S&P 500 ETF),ppo_profit_only,PPO-Profit,9952.177162965205,-0.004782283703479551,0.0038150521769082,0.0
2020-01-07,SPY,SPY (S&P 500 ETF),ppo_profit_only,PPO-Profit,9924.193856654649,-0.007580614334535163,-0.0028117773480448,0.0
2020-01-08,SPY,SPY (S&P 500 ETF),ppo_profit_only,PPO-Profit,9977.085205357462,-0.0022914794642537872,0.0053295360274876,0.0
2020-01-09,SPY,SPY (S&P 500 ETF),ppo_profit_only,PPO-Profit,10044.736319366031,0.004473631936603217,0.0067806491190678,0.0
2020-01-10,SPY,SPY (S&P 500 ETF),ppo_profit_only,PPO-Profit,10015.830527723869,0.0015830527723867949,-0.0028777053695709,0.0
2020-01-13,SPY,SPY (S&P 500 ETF),ppo_profit_only,PPO-Profit,10084.712873426308,0.008471287342630696,0.0068773473664287,0.0
2020-01-14,SPY,SPY (S&P 500 ETF),ppo_profit_only,PPO-Profit,10069.337492273617,0.006933749227361563,-0.0015246225991427,0.0
2020-01-15,SPY,SPY (S&P 500 ETF),ppo_profit_only,PPO-Profit,10092.092756079188,0.009209275607918732,0.0022598570981489,0.0
2020-01-16,SPY,SPY (S&P 500 ETF),ppo_profit_only,PPO-Profit,10176.04267501085,0.017604267501085014,0.0083183855876765,0.0
2020-01-17,SPY,SPY (S&P 500 ETF),ppo_profit_only,PPO-Profit,10207.715922647843,0.020771592264784422,0.0031125309364881,0.0
2020-01-21,SPY,SPY (S&P 500 ETF),ppo_profit_only,PPO-Profit,10187.727176398314,0.01877271763983135,-0.0019581996992278,0.0
2020-01-22,SPY,SPY (S&P 500 ETF),ppo_profit_only,PPO-Profit,10188.957469653393,0.018895746965339244,0.0001207622891519,0.0
2020-01-23,SPY,SPY (S&P 500 ETF),ppo_profit_only,PPO-Profit,10200.642909479642,0.020064290947964247,0.0011468729613461,0.0
2020-01-24,SPY,SPY (S&P 500 ETF),ppo_profit_only,PPO-Profit,10109.927785303242,0.010992778530324099,-0.0088930790913284,0.0
2020-01-27,SPY,SPY (S&P 500 ETF),ppo_profit_only,PPO-Profit,9947.87160579183,-0.0052128394208169615,-0.0160294101948968,0.0
2020-01-28,SPY,SPY (S&P 500 ETF),ppo_profit_only,PPO-Profit,10052.117140457702,0.005211714045770144,0.0104791797478747,0.0
2020-01-29,SPY,SPY (S&P 500 ETF),ppo_profit_only,PPO-Profit,10043.81383403442,0.004381383403441852,-0.0008260256329346,0.0
2020-01-30,SPY,SPY (S&P 500 ETF),ppo_profit_only,PPO-Profit,10076.409567003026,0.007640956700302626,0.0032453541560228,0.0
2020-01-31,SPY,SPY (S&P 500 ETF),ppo_profit_only,PPO-Profit,9893.443094349264,-0.010655690565073539,-0.0181579035108814,0.0
2020-02-03,SPY,SPY (S&P 500 ETF),ppo_profit_only,PPO-Profit,9966.93692827096,-0.0033063071729040328,0.0074285396116215,0.0
2020-02-04,SPY,SPY (S&P 500 ETF),ppo_profit_only,PPO-Profit,10118.84576913466,0.011884576913465894,0.0152412764279479,0.0
2020-02-05,SPY,SPY (S&P 500 ETF),ppo_profit_only,PPO-Profit,10235.698290519606,0.02356982905196059,0.0115480089380726,0.0
2020-02-06,SPY,SPY (S&P 500 ETF),ppo_profit_only,PPO-Profit,10270.13993259022,0.027013993259022095,0.0033648551464744,0.0
2020-02-07,SPY,SPY (S&P 500 ETF),ppo_profit_only,PPO-Profit,10215.403613224187,0.021540361322418766,-0.0053296566283713,0.0
2020-02-10,SPY,SPY (S&P 500 ETF),ppo_profit_only,PPO-Profit,10291.664903140716,0.02916649031407159,0.00746532323185,0.0
2020-02-11,SPY,SPY (S&P 500 ETF),ppo_profit_only,PPO-Profit,10309.500870803562,0.030950087080356292,0.0017330497864735,0.0
2020-02-12,SPY,SPY (S&P 500 ETF),ppo_profit_only,PPO-Profit,10375.922629995846,0.037592262999584625,0.006442771577855,0.0
2020-02-13,SPY,SPY (S&P 500 ETF),ppo_profit_only,PPO-Profit,10364.851867577736,0.03648518675777357,-0.0010669665544831,0.0
2020-02-14,SPY,SPY (S&P 500 ETF),ppo_profit_only,PPO-Profit,10381.457541985506,0.0381457541985506,0.0016021140118476,0.0
2020-02-18,SPY,SPY (S&P 500 ETF),ppo_profit_only,PPO-Profit,10354.704528930028,0.03547045289300277,-0.0025769997081124,0.0
2020-02-19,SPY,SPY (S&P 500 ETF),ppo_profit_only,PPO-Profit,10404.212805791078,0.040421280579107766,0.0047812351113185,0.0
2020-02-20,SPY,SPY (S&P 500 ETF),ppo_profit_only,PPO-Profit,10361.469734174763,0.03614697341747641,-0.0041082465741686,0.0
2020-02-21,SPY,SPY (S&P 500 ETF),ppo_profit_only,PPO-Profit,10254.76455143753,0.025476455143753185,-0.0102982670870807,0.0
2020-02-24,SPY,SPY (S&P 500 ETF),ppo_profit_only,PPO-Profit,9914.661195415085,-0.00853388045849146,-0.0331653988072082,0.0
2020-02-25,SPY,SPY (S&P 500 ETF),ppo_profit_only,PPO-Profit,9614.225647090652,-0.038577435290934825,-0.0303021497560969,0.0
2020-02-26,SPY,SPY (S&P 500 ETF),ppo_profit_only,PPO-Profit,9578.862458127218,-0.04211375418727825,-0.0036782149973914,0.0
2020-02-27,SPY,SPY (S&P 500 ETF),ppo_profit_only,PPO-Profit,9148.659593775305,-0.08513404062246954,-0.044911686145666,0.0
2020-02-28,SPY,SPY (S&P 500 ETF),ppo_profit_only,PPO-Profit,9110.221140893576,-0.08897788591064237,-0.0042015393061387,0.0
2020-03-02,SPY,SPY (S&P 500 ETF),ppo_profit_only,PPO-Profit,9504.753008358588,-0.04952469916414115,0.0433065083013248,0.0
2020-03-03,SPY,SPY (S&P 500 ETF),ppo_profit_only,PPO-Profit,9232.60857426818,-0.07673914257318193,-0.0286324572401914,0.0
2020-03-04,SPY,SPY (S&P 500 ETF),ppo_profit_only,PPO-Profit,9620.683044411924,-0.0379316955588076,0.0420330253386167,0.0
2020-03-05,SPY,SPY (S&P 500 ETF),ppo_profit_only,PPO-Profit,9300.875304123683,-0.06991246958763164,-0.0332416876028356,0.0
2020-03-06,SPY,SPY (S&P 500 ETF),ppo_profit_only,PPO-Profit,9147.121492596763,-0.08528785074032363,-0.0165311120189679,0.0
2020-03-09,SPY,SPY (S&P 500 ETF),ppo_profit_only,PPO-Profit,8432.78188484351,-0.1567218115156489,-0.0780944703020949,0.0
2020-03-10,SPY,SPY (S&P 500 ETF),ppo_profit_only,PPO-Profit,8869.135277032019,-0.11308647229679814,0.0517448925096448,0.0
2020-03-11,SPY,SPY (S&P 500 ETF),ppo_profit_only,PPO-Profit,8436.778695654628,-0.15632213043453724,-0.0487484481713842,0.0
2020-03-12,SPY,SPY (S&P 500 ETF),ppo_profit_only,PPO-Profit,7629.571654357685,-0.23704283456423159,-0.0956771619140247,0.0
2020-03-13,SPY,SPY (S&P 500 ETF),ppo_profit_only,PPO-Profit,8281.795529311421,-0.1718204470688579,0.085486303098184,0.0
2020-03-16,SPY,SPY (S&P 500 ETF),ppo_profit_only,PPO-Profit,7375.570526634192,-0.2624429473365808,-0.1094237354049449,0.0
2020-03-17,SPY,SPY (S&P 500 ETF),ppo_profit_only,PPO-Profit,7773.792804645041,-0.2226207195354959,0.0539920642847646,0.0
2020-03-18,SPY,SPY (S&P 500 ETF),ppo_profit_only,PPO-Profit,7380.182953292242,-0.26198170467077575,-0.0506329228529999,0.0
2020-03-19,SPY,SPY (S&P 500 ETF),ppo_profit_only,PPO-Profit,7395.865673149007,-0.2604134326850993,0.0021249771118165,0.0
2020-03-20,SPY,SPY (S&P 500 ETF),ppo_profit_only,PPO-Profit,7035.774509315816,-0.29642254906841836,-0.0486881698163498,0.0
2020-03-23,SPY,SPY (S&P 500 ETF),ppo_profit_only,PPO-Profit,6855.88236214156,-0.314411763785844,-0.0255682081533551,0.0
2020-03-24,SPY,SPY (S&P 500 ETF),ppo_profit_only,PPO-Profit,7477.047666866445,-0.25229523331335546,0.090603261828847,0.0
2020-03-25,SPY,SPY (S&P 500 ETF),ppo_profit_only,PPO-Profit,7588.980422889267,-0.24110195771107323,0.0149701808801938,0.0
2020-03-26,SPY,SPY (S&P 500 ETF),ppo_profit_only,PPO-Profit,8032.099489541906,-0.19679005104580938,0.058389802313383,0.0
2020-03-27,SPY,SPY (S&P 500 ETF),ppo_profit_only,PPO-Profit,7792.858127124173,-0.22071418728758274,-0.0297856572530301,0.0
2020-03-30,SPY,SPY (S&P 500 ETF),ppo_profit_only,PPO-Profit,8045.9367695160545,-0.19540632304839456,0.0324757153618651,0.0
2020-03-31,SPY,SPY (S&P 500 ETF),ppo_profit_only,PPO-Profit,7926.008984212814,-0.20739910157871866,-0.0149053850084449,0.0
2020-04-01,SPY,SPY (S&P 500 ETF),ppo_profit_only,PPO-Profit,7569.299953782597,-0.24307000462174033,-0.0450048733405067,0.0
2020-04-02,SPY,SPY (S&P 500 ETF),ppo_profit_only,PPO-Profit,7743.964527671265,-0.22560354723287346,0.0230753933593796,0.0
2020-04-03,SPY,SPY (S&P 500 ETF),ppo_profit_only,PPO-Profit,7632.031771648442,-0.2367968228351558,-0.0144541927617123,0.0
2020-04-06,SPY,SPY (S&P 500 ETF),ppo_profit_only,PPO-Profit,8144.646453753476,-0.18553535462465243,0.0671662143767928,0.0
2020-04-07,SPY,SPY (S&P 500 ETF),ppo_profit_only,PPO-Profit,8152.949760176756,-0.18470502398232436,0.0010194802770664,0.0
2020-04-08,SPY,SPY (S&P 500 ETF),ppo_profit_only,PPO-Profit,8426.631357006918,-0.15733686429930827,0.0335684144856338,0.0
2020-04-09,SPY,SPY (S&P 500 ETF),ppo_profit_only,PPO-Profit,8554.862448733438,-0.1445137551266562,0.0152173610418941,0.0
2020-04-13,SPY,SPY (S&P 500 ETF),ppo_profit_only,PPO-Profit,8476.7552497149,-0.15232447502850988,-0.0091301525286477,0.0
2020-04-14,SPY,SPY (S&P 500 ETF),ppo_profit_only,PPO-Profit,8726.759097407883,-0.12732409025921165,0.0294928708365609,0.0
2020-04-15,SPY,SPY (S&P 500 ETF),ppo_profit_only,PPO-Profit,8541.332038243967,-0.14586679617560327,-0.0212481010526569,0.0
2020-04-16,SPY,SPY (S&P 500 ETF),ppo_profit_only,PPO-Profit,8582.537947120529,-0.14174620528794712,0.0048242954017079,0.0
2020-04-17,SPY,SPY (S&P 500 ETF),ppo_profit_only,PPO-Profit,8814.398957665988,-0.11856010423340124,0.0270154366894759,0.0
2020-04-20,SPY,SPY (S&P 500 ETF),ppo_profit_only,PPO-Profit,8659.107044960523,-0.13408929550394766,-0.0176179809254498,0.0
2020-04-21,SPY,SPY (S&P 500 ETF),ppo_profit_only,PPO-Profit,8396.188402625005,-0.16038115973749956,-0.030363251195576,0.0
2020-04-22,SPY,SPY (S&P 500 ETF),ppo_profit_only,PPO-Profit,8582.53794712053,-0.1417462052879469,0.0221945406128887,0.0
2020-04-23,SPY,SPY (S&P 500 ETF),ppo_profit_only,PPO-Profit,8581.922331273596,-0.1418077668726404,-7.172888144835188e-05,0.0
2020-04-24,SPY,SPY (S&P 500 ETF),ppo_profit_only,PPO-Profit,8701.54324709216,-0.12984567529078395,0.0139387087415894,0.0
2020-04-27,SPY,SPY (S&P 500 ETF),ppo_profit_only,PPO-Profit,8827.005944385062,-0.11729940556149376,0.0144184420774817,0.0
2020-04-28,SPY,SPY (S&P 500 ETF),ppo_profit_only,PPO-Profit,8786.415651355437,-0.1213584348644563,-0.0045984213996643,0.0
2020-04-29,SPY,SPY (S&P 500 ETF),ppo_profit_only,PPO-Profit,9016.430752798886,-0.09835692472011137,0.0261784908170108,0.0
2020-04-30,SPY,SPY (S&P 500 ETF),ppo_profit_only,PPO-Profit,8932.481772306013,-0.10675182276939865,-0.0093106665813201,0.0
2020-05-01,SPY,SPY (S&P 500 ETF),ppo_profit_only,PPO-Profit,8696.008335102504,-0.13039916648974959,-0.0264734307028382,0.0
2020-05-04,SPY,SPY (S&P 500 ETF),ppo_profit_only,PPO-Profit,8719.993892163151,-0.12800061078368485,0.0027582260890697,0.0
2020-05-05,SPY,SPY (S&P 500 ETF),ppo_profit_only,PPO-Profit,8800.560739253051,-0.11994392607469495,0.0092393237984154,0.0
2020-05-06,SPY,SPY (S&P 500 ETF),ppo_profit_only,PPO-Profit,8740.904185305502,-0.12590958146944975,-0.0067787219150097,0.0
2020-05-07,SPY,SPY (S&P 500 ETF),ppo_profit_only,PPO-Profit,8846.37907478766,-0.11536209252123408,0.0120668168013411,0.0
2020-05-08,SPY,SPY (S&P 500 ETF),ppo_profit_only,PPO-Profit,8992.7530036617,-0.1007246996338299,0.0165461967700673,0.0
2020-05-11,SPY,SPY (S&P 500 ETF),ppo_profit_only,PPO-Profit,8994.597974324919,-0.10054020256750806,0.0002051619412284,0.0
2020-05-12,SPY,SPY (S&P 500 ETF),ppo_profit_only,PPO-Profit,8815.321442997596,-0.11846785570024043,-0.0199315780248398,0.0
2020-05-13,SPY,SPY (S&P 500 ETF),ppo_profit_only,PPO-Profit,8659.414852883987,-0.13405851471160135,-0.017685865583206,0.0
2020-05-14,SPY,SPY (S&P 500 ETF),ppo_profit_only,PPO-Profit,8763.044771702926,-0.12369552282970742,0.0119673119465371,0.0
2020-05-15,SPY,SPY (S&P 500 ETF),ppo_profit_only,PPO-Profit,8803.328195247876,-0.11966718047521241,0.0045969665332568,0.0
2020-05-18,SPY,SPY (S&P 500 ETF),ppo_profit_only,PPO-Profit,9071.47488008838,-0.09285251199116196,0.0304596942080668,0.0
2020-05-19,SPY,SPY (S&P 500 ETF),ppo_profit_only,PPO-Profit,8978.300107840616,-0.10216998921593845,-0.0102711823027012,0.0
2020-05-20,SPY,SPY (S&P 500 ETF),ppo_profit_only,PPO-Profit,9130.82362611246,-0.08691763738875402,0.016988017379665,0.0
2020-05-21,SPY,SPY (S&P 500 ETF),ppo_profit_only,PPO-Profit,9067.78493876194,-0.09322150612380598,-0.0069039431634888,0.0
2020-05-22,SPY,SPY (S&P 500 ETF),ppo_profit_only,PPO-Profit,9085.00529057785,-0.091499470942215,0.001899069280117,0.0
2020-05-26,SPY,SPY (S&P 500 ETF),ppo_profit_only,PPO-Profit,9196.937577381275,-0.08030624226187244,0.0123205527375436,0.0
2020-05-27,SPY,SPY (S&P 500 ETF),ppo_profit_only,PPO-Profit,9333.778845015751,-0.0666221154984249,0.0148790036338857,0.0
2020-05-28,SPY,SPY (S&P 500 ETF),ppo_profit_only,PPO-Profit,9316.558493199842,-0.06834415068001576,-0.0018449496288533,0.0
2020-05-29,SPY,SPY (S&P 500 ETF),ppo_profit_only,PPO-Profit,9358.07220999987,-0.06419277900001308,0.0044559068491147,0.0
2020-06-01,SPY,SPY (S&P 500 ETF),ppo_profit_only,PPO-Profit,9395.895047034664,-0.06041049529653353,0.004041733830006,0.0
2020-06-02,SPY,SPY (S&P 500 ETF),ppo_profit_only,PPO-Profit,9473.694438129734,-0.05263055618702661,0.0082801468838908,0.0
2020-06-03,SPY,SPY (S&P 500 ETF),ppo_profit_only,PPO-Profit,9599.77275126957,-0.040022724873043036,0.013308252019655,0.0
2020-06-04,SPY,SPY (S&P 500 ETF),ppo_profit_only,PPO-Profit,9574.556900953845,-0.04254430990461555,-0.0026267132534349,0.0
2020-06-05,SPY,SPY (S&P 500 ETF),ppo_profit_only,PPO-Profit,9819.948321988775,-0.01800516780112249,0.0256295328936302,0.0
2020-06-08,SPY,SPY (S&P 500 ETF),ppo_profit_only,PPO-Profit,9938.646752475732,-0.006135324752426841,0.012087480157219,0.0
2020-06-09,SPY,SPY (S&P 500 ETF),ppo_profit_only,PPO-Profit,9864.5373027071,-0.013546269729289961,-0.0074566942174668,0.0
2020-06-10,SPY,SPY (S&P 500 ETF),ppo_profit_only,PPO-Profit,9809.4931754176,-0.019050682458240042,-0.0055800009265913,0.0
2020-06-11,SPY,SPY (S&P 500 ETF),ppo_profit_only,PPO-Profit,9243.98620617096,-0.07560137938290412,-0.0576489487411835,0.0
2020-06-12,SPY,SPY (S&P 500 ETF),ppo_profit_only,PPO-Profit,9354.689138158104,-0.06453108618418957,0.0119756703999882,0.0
2020-06-15,SPY,SPY (S&P 500 ETF),ppo_profit_only,PPO-Profit,9442.02119049274,-0.05579788095072602,0.0093356445141941,0.0
2020-06-16,SPY,SPY (S&P 500 ETF),ppo_profit_only,PPO-Profit,9623.758308330216,-0.037624169166978416,0.0192476922229818,0.0
2020-06-17,SPY,SPY (S&P 500 ETF),ppo_profit_only,PPO-Profit,9583.782692708734,-0.04162173072912667,-0.0041538465889028,0.0
2020-06-18,SPY,SPY (S&P 500 ETF),ppo_profit_only,PPO-Profit,9587.472634035174,-0.04125273659648265,0.0003850193023728,0.0
2020-06-19,SPY,SPY (S&P 500 ETF),ppo_profit_only,PPO-Profit,9490.915728384438,-0.05090842716155619,-0.0100711531950519,0.0
2020-06-22,SPY,SPY (S&P 500 ETF),ppo_profit_only,PPO-Profit,9551.801637148272,-0.04481983628517283,0.0064151774714154,0.0
2020-06-23,SPY,SPY (S&P 500 ETF),ppo_profit_only,PPO-Profit,9595.775002019662,-0.040422499798033806,0.0046036723271525,0.0
2020-06-24,SPY,SPY (S&P 500 ETF),ppo_profit_only,PPO-Profit,9350.999196831664,-0.06490008031683359,-0.0255087061895967,0.0
2020-06-25,SPY,SPY (S&P 500 ETF),ppo_profit_only,PPO-Profit,9451.24698224763,-0.05487530177523692,0.0107205426185825,0.0
2020-06-26,SPY,SPY (S&P 500 ETF),ppo_profit_only,PPO-Profit,9226.76585435505,-0.07732341456449499,-0.0237514825624836,0.0
2020-06-29,SPY,SPY (S&P 500 ETF),ppo_profit_only,PPO-Profit,9362.37682873445,-0.063762317126555,0.014697563211208,0.0
2020-06-30,SPY,SPY (S&P 500 ETF),ppo_profit_only,PPO-Profit,9482.304614037692,-0.05176953859623079,0.0128095447872986,0.0
2020-07-01,SPY,SPY (S&P 500 ETF),ppo_profit_only,PPO-Profit,9548.726373229976,-0.04512736267700235,0.007004811793744,0.0
2020-07-02,SPY,SPY (S&P 500 ETF),ppo_profit_only,PPO-Profit,9601.310852448112,-0.03986891475518883,0.0055069626212724,0.0
2020-07-06,SPY,SPY (S&P 500 ETF),ppo_profit_only,PPO-Profit,9749.528813546583,-0.025047118645341704,0.0154372630337948,0.0
2020-07-07,SPY,SPY (S&P 500 ETF),ppo_profit_only,PPO-Profit,9648.974158645942,-0.03510258413540579,-0.0103137963714641,0.0
2020-07-08,SPY,SPY (S&P 500 ETF),ppo_profit_only,PPO-Profit,9722.775800491108,-0.0277224199508892,0.0076486516215854,0.0
2020-07-09,SPY,SPY (S&P 500 ETF),ppo_profit_only,PPO-Profit,9667.424803716933,-0.0332575196283067,-0.0056929212305173,0.0
2020-07-10,SPY,SPY (S&P 500 ETF),ppo_profit_only,PPO-Profit,9766.134487954352,-0.023386551204564787,0.0102105458528594,0.0
2020-07-13,SPY,SPY (S&P 500 ETF),ppo_profit_only,PPO-Profit,9681.569891614545,-0.03184301083854557,-0.0086589629135366,0.0
2020-07-14,SPY,SPY (S&P 500 ETF),ppo_profit_only,PPO-Profit,9807.033527346235,-0.0192966472653765,0.0129590177147156,0.0
2020-07-15,SPY,SPY (S&P 500 ETF),ppo_profit_only,PPO-Profit,9897.1330356757,-0.010286696432429965,0.009187233639839,0.0
2020-07-16,SPY,SPY (S&P 500 ETF),ppo_profit_only,PPO-Profit,9864.537302707096,-0.013546269729290406,-0.003293452038192,0.0
2020-07-17,SPY,SPY (S&P 500 ETF),ppo_profit_only,PPO-Profit,9893.135286425791,-0.010686471357420846,0.0028990699554503,0.0
2020-07-20,SPY,SPY (S&P 500 ETF),ppo_profit_only,PPO-Profit,9973.08745610755,-0.0026912543892448904,0.0080815805472163,0.0
2020-07-21,SPY,SPY (S&P 500 ETF),ppo_profit_only,PPO-Profit,9994.30555717337,-0.0005694442826630342,0.0021275358467678,0.0
2020-07-22,SPY,SPY (S&P 500 ETF),ppo_profit_only,PPO-Profit,10051.193716687298,0.005119371668729666,0.0056920572608565,0.0
2020-07-23,SPY,SPY (S&P 500 ETF),ppo_profit_only,PPO-Profit,9931.265931384056,-0.006873406861594433,-0.0119316957451665,0.0
2020-07-24,SPY,SPY (S&P 500 ETF),ppo_profit_only,PPO-Profit,9867.304758701925,-0.01326952412980753,-0.0064403846522733,0.0
2020-07-27,SPY,SPY (S&P 500 ETF),ppo_profit_only,PPO-Profit,9939.261429883867,-0.006073857011613337,0.0072924342504456,0.0
2020-07-28,SPY,SPY (S&P 500 ETF),ppo_profit_only,PPO-Profit,9876.222742533348,-0.012377725746665291,-0.0063423915142212,0.0
2020-07-29,SPY,SPY (S&P 500 ETF),ppo_profit_only,PPO-Profit,9997.687690576342,-0.0002312309423657677,0.0122987250500019,0.0
2020-07-30,SPY,SPY (S&P 500 ETF),ppo_profit_only,PPO-Profit,9962.016693689442,-0.003798330631055835,-0.0035679247032813,0.0
2020-07-31,SPY,SPY (S&P 500 ETF),ppo_profit_only,PPO-Profit,10040.738570116124,0.004073857011612336,0.0079022028216986,0.0
2020-08-03,SPY,SPY (S&P 500 ETF),ppo_profit_only,PPO-Profit,10110.543401150171,0.011054340115017158,0.0069521609935951,0.0
2020-08-04,SPY,SPY (S&P 500 ETF),ppo_profit_only,PPO-Profit,10149.596531440044,0.014959653144004381,0.0038626143759423,0.0
2020-08-05,SPY,SPY (S&P 500 ETF),ppo_profit_only,PPO-Profit,10212.635218790569,0.02126352187905689,0.0062109550025215,0.0
2020-08-06,SPY,SPY (S&P 500 ETF),ppo_profit_only,PPO-Profit,10280.901948646071,0.028090194864607065,0.0066845362037311,0.0
2020-08-07,SPY,SPY (S&P 500 ETF),ppo_profit_only,PPO-Profit,10288.28276973774,0.028828276973773992,0.000717915716786,0.0
2020-08-10,SPY,SPY (S&P 500 ETF),ppo_profit_only,PPO-Profit,10319.033532043124,0.03190335320431248,0.0029889110742402,0.0
2020-08-11,SPY,SPY (S&P 500 ETF),ppo_profit_only,PPO-Profit,10233.853319856384,0.023385331985638302,-0.0082546695794945,0.0
2020-08-12,SPY,SPY (S&P 500 ETF),ppo_profit_only,PPO-Profit,10376.537307403984,0.03765373074039835,0.0139423522194477,0.0
2020-08-13,SPY,SPY (S&P 500 ETF),ppo_profit_only,PPO-Profit,10357.77885440953,0.03577788544095295,-0.00180777579637,0.0
2020-08-14,SPY,SPY (S&P 500 ETF),ppo_profit_only,PPO-Profit,10358.086662332997,0.0358086662332997,2.971756085878852e-05,0.0
2020-08-17,SPY,SPY (S&P 500 ETF),ppo_profit_only,PPO-Profit,10390.990203225068,0.03909902032250678,0.0031766041320859,0.0
2020-08-18,SPY,SPY (S&P 500 ETF),ppo_profit_only,PPO-Profit,10413.438597545965,0.041343859754596535,0.0021603710408588,0.0
2020-08-19,SPY,SPY (S&P 500 ETF),ppo_profit_only,PPO-Profit,10370.079910082715,0.03700799100827146,-0.0041637243123001,0.0
2020-08-20,SPY,SPY (S&P 500 ETF),ppo_profit_only,PPO-Profit,10402.367835127854,0.04023678351278548,0.0031135656933312,0.0
2020-08-21,SPY,SPY (S&P 500 ETF),ppo_profit_only,PPO-Profit,10439.269125269831,0.04392691252698322,0.0035473933172565,0.0
2020-08-24,SPY,SPY (S&P 500 ETF),ppo_profit_only,PPO-Profit,10545.051822675456,0.05450518226754553,0.0101331516733831,0.0
2020-08-25,SPY,SPY (S&P 500 ETF),ppo_profit_only,PPO-Profit,10581.95217437864,0.058195217437864155,0.0034993049179556,0.0
2020-08-26,SPY,SPY (S&P 500 ETF),ppo_profit_only,PPO-Profit,10688.042679707733,0.06880426797077321,0.0100256080901557,0.0
2020-08-27,SPY,SPY (S&P 500 ETF),ppo_profit_only,PPO-Profit,10711.412620921446,0.07114126209214455,0.0021865501396325,0.0
2020-08-28,SPY,SPY (S&P 500 ETF),ppo_profit_only,PPO-Profit,10780.60183610856,0.0780601836108561,0.0064593922049063,0.0
2020-08-31,SPY,SPY (S&P 500 ETF),ppo_profit_only,PPO-Profit,10741.548705818686,0.07415487058186865,-0.0036225371165337,0.0
2020-09-01,SPY,SPY (S&P 500 ETF),ppo_profit_only,PPO-Profit,10842.718976566264,0.08427189765662635,0.0094185925622414,0.0
2020-09-02,SPY,SPY (S&P 500 ETF),ppo_profit_only,PPO-Profit,10999.548052011482,0.09995480520114808,0.0144639989087758,0.0
2020-09-03,SPY,SPY (S&P 500 ETF),ppo_profit_only,PPO-Profit,10621.006243107304,0.06210062431073049,-0.0344143056709456,0.0
2020-09-04,SPY,SPY (S&P 500 ETF),ppo_profit_only,PPO-Profit,10534.288868180807,0.05342888681808078,-0.0081647042607447,0.0
2020-09-08,SPY,SPY (S&P 500 ETF),ppo_profit_only,PPO-Profit,10246.46124501424,0.024646124501424005,-0.0273229286540604,0.0
2020-09-09,SPY,SPY (S&P 500 ETF),ppo_profit_only,PPO-Profit,10448.801786509392,0.044880178650939184,0.0197473582983205,0.0
2020-09-10,SPY,SPY (S&P 500 ETF),ppo_profit_only,PPO-Profit,10267.372476595385,0.026737247659538443,-0.0173636473943121,0.0
2020-09-11,SPY,SPY (S&P 500 ETF),ppo_profit_only,PPO-Profit,10272.599580661576,0.027259958066157663,0.0005090985135784,0.0
2020-09-14,SPY,SPY (S&P 500 ETF),ppo_profit_only,PPO-Profit,10407.902747117509,0.040790274711750785,0.0131712684207652,0.0
2020-09-15,SPY,SPY (S&P 500 ETF),ppo_profit_only,PPO-Profit,10460.487226335646,0.04604872263356463,0.0050523607393142,0.0
2020-09-16,SPY,SPY (S&P 500 ETF),ppo_profit_only,PPO-Profit,10418.97350953562,0.04189735095356206,-0.0039686217192169,0.0
2020-09-17,SPY,SPY (S&P 500 ETF),ppo_profit_only,PPO-Profit,10327.335900027609,0.03273359000276077,-0.008795262741012,0.0
2020-09-18,SPY,SPY (S&P 500 ETF),ppo_profit_only,PPO-Profit,10167.73936858756,0.016773936858756056,-0.0154537949559305,0.0
2020-09-21,SPY,SPY (S&P 500 ETF),ppo_profit_only,PPO-Profit,10054.576788529055,0.00545767885290549,-0.0111295712799357,0.0
2020-09-22,SPY,SPY (S&P 500 ETF),ppo_profit_only,PPO-Profit,10156.976414092918,0.01569764140929175,0.0101843794838472,0.0
2020-09-23,SPY,SPY (S&P 500 ETF),ppo_profit_only,PPO-Profit,9921.426400659811,-0.007857359934018815,-0.023190958000678,0.0
2020-09-24,SPY,SPY (S&P 500 ETF),ppo_profit_only,PPO-Profit,9947.871605791825,-0.005212839420817517,0.0026654640234242,0.0
2020-09-25,SPY,SPY (S&P 500 ETF),ppo_profit_only,PPO-Profit,10108.698430486947,0.01086984304869465,0.0161669582266712,0.0
2020-09-28,SPY,SPY (S&P 500 ETF),ppo_profit_only,PPO-Profit,10276.597329911485,0.027659732991148545,0.0166093489264818,0.0
2020-09-29,SPY,SPY (S&P 500 ETF),ppo_profit_only,PPO-Profit,10220.630717290376,0.022063071729037542,-0.0054460256468559,0.0
2020-09-30,SPY,SPY (S&P 500 ETF),ppo_profit_only,PPO-Profit,10298.123238900773,0.029812323890077375,0.0075819705998476,0.0
2020-10-01,SPY,SPY (S&P 500 ETF),ppo_profit_only,PPO-Profit,10364.23719016959,0.036423719016958955,0.0064200000072902,0.0
2020-10-02,SPY,SPY (S&P 500 ETF),ppo_profit_only,PPO-Profit,10265.834375416844,0.026583437541684463,-0.0094944580046932,0.0
2020-10-05,SPY,SPY (S&P 500 ETF),ppo_profit_only,PPO-Profit,10447.879301177789,0.04478793011777893,0.0177330861870204,0.0
2020-10-06,SPY,SPY (S&P 500 ETF),ppo_profit_only,PPO-Profit,10299.352593717058,0.029935259371705714,-0.014215967009112,0.0
2020-10-07,SPY,SPY (S&P 500 ETF),ppo_profit_only,PPO-Profit,10478.630063483171,0.047863006348317194,0.0174066736850506,0.0
2020-10-08,SPY,SPY (S&P 500 ETF),ppo_profit_only,PPO-Profit,10571.497027807469,0.057149702780746825,0.0088625100572952,0.0
2020-10-09,SPY,SPY (S&P 500 ETF),ppo_profit_only,PPO-Profit,10665.902093310307,0.06659020933103066,0.0089301510708006,0.0
2020-10-12,SPY,SPY (S&P 500 ETF),ppo_profit_only,PPO-Profit,10837.490934061285,0.08374909340612846,0.0160876069599962,0.0
2020-10-13,SPY,SPY (S&P 500 ETF),ppo_profit_only,PPO-Profit,10766.764556134418,0.07667645561344183,-0.0065260841607331,0.0
2020-10-14,SPY,SPY (S&P 500 ETF),ppo_profit_only,PPO-Profit,10699.112503687056,0.0699112503687056,-0.0062834152353425,0.0
2020-10-15,SPY,SPY (S&P 500 ETF),ppo_profit_only,PPO-Profit,10685.88990112105,0.06858899011210506,-0.0012358597557927,0.0
2020-10-16,SPY,SPY (S&P 500 ETF),ppo_profit_only,PPO-Profit,10679.43250379978,0.06794325037997795,-0.0006042919570594,0.0
2020-10-19,SPY,SPY (S&P 500 ETF),ppo_profit_only,PPO-Profit,10517.068516364903,0.05170685163649025,-0.0152034284010041,0.0
2020-10-20,SPY,SPY (S&P 500 ETF),ppo_profit_only,PPO-Profit,10559.196910573071,0.05591969105730721,0.0040057164353941,0.0
2020-10-21,SPY,SPY (S&P 500 ETF),ppo_profit_only,PPO-Profit,10539.209102762332,0.05392091027623325,-0.0018929287880526,0.0
2020-10-22,SPY,SPY (S&P 500 ETF),ppo_profit_only,PPO-Profit,10597.01974760787,0.05970197476078698,0.0054852925188082,0.0
2020-10-23,SPY,SPY (S&P 500 ETF),ppo_profit_only,PPO-Profit,10632.998552418238,0.0632998552418238,0.0033951814441497,0.0
2020-10-26,SPY,SPY (S&P 500 ETF),ppo_profit_only,PPO-Profit,10436.501669275003,0.043650166927500234,-0.0184799125265135,0.0
2020-10-27,SPY,SPY (S&P 500 ETF),ppo_profit_only,PPO-Profit,10400.522864464636,0.040052286446463636,-0.003447400858114,0.0
2020-10-28,SPY,SPY (S&P 500 ETF),ppo_profit_only,PPO-Profit,10045.044127289497,0.004504412728949747,-0.0341789294449512,0.0
2020-10-29,SPY,SPY (S&P 500 ETF),ppo_profit_only,PPO-Profit,10147.136883368685,0.014713688336868369,0.0101634950315279,0.0
2020-10-30,SPY,SPY (S&P 500 ETF),ppo_profit_only,PPO-Profit,10041.354185963057,0.004135418596305618,-0.0104248812863662,0.0
2020-11-02,SPY,SPY (S&P 500 ETF),ppo_profit_only,PPO-Profit,10153.90208861342,0.015390208861342014,0.0112084386792863,0.0
2020-11-03,SPY,SPY (S&P 500 ETF),ppo_profit_only,PPO-Profit,10333.178619940742,0.03331786199407416,0.0176559247629897,0.0
2020-11-04,SPY,SPY (S&P 500 ETF),ppo_profit_only,PPO-Profit,10564.11714515459,0.05641171451545901,0.0223492241553038,0.0
2020-11-05,SPY,SPY (S&P 500 ETF),ppo_profit_only,PPO-Profit,10770.14668953739,0.07701466895373899,0.019502769758408,0.0
2020-11-06,SPY,SPY (S&P 500 ETF),ppo_profit_only,PPO-Profit,10767.687041466028,0.07676870414660275,-0.0002283764689808,0.0
2020-11-09,SPY,SPY (S&P 500 ETF),ppo_profit_only,PPO-Profit,10902.99020792196,0.09029902079219587,0.0125656666965601,0.0
2020-11-10,SPY,SPY (S&P 500 ETF),ppo_profit_only,PPO-Profit,10887.000149361127,0.08870001493611279,-0.0014665755224849,0.0
2020-11-11,SPY,SPY (S&P 500 ETF),ppo_profit_only,PPO-Profit,10967.874804374494,0.09678748043744956,0.0074285527605244,0.0
2020-11-12,SPY,SPY (S&P 500 ETF),ppo_profit_only,PPO-Profit,10861.476491121935,0.08614764911219353,-0.0097009051571341,0.0
2020-11-13,SPY,SPY (S&P 500 ETF),ppo_profit_only,PPO-Profit,11011.848169245884,0.10118481692458836,0.0138444969472484,0.0
2020-11-16,SPY,SPY (S&P 500 ETF),ppo_profit_only,PPO-Profit,11149.304114288509,0.11493041142885096,0.0124825499707226,0.0
2020-11-17,SPY,SPY (S&P 500 ETF),ppo_profit_only,PPO-Profit,11089.339752417489,0.10893397524174886,-0.0053783053414221,0.0
2020-11-18,SPY,SPY (S&P 500 ETF),ppo_profit_only,PPO-Profit,10955.881556624776,0.09558815566247758,-0.0120348189136886,0.0
2020-11-19,SPY,SPY (S&P 500 ETF),ppo_profit_only,PPO-Profit,11002.007700082851,0.1002007700082852,0.0042101717894336,0.0
2020-11-20,SPY,SPY (S&P 500 ETF),ppo_profit_only,PPO-Profit,10926.667957059144,0.0926667957059144,-0.006847817696323,0.0
2020-11-23,SPY,SPY (S&P 500 ETF),ppo_profit_only,PPO-Profit,10992.167230919818,0.09921672309198182,0.005994441683236,0.0
2020-11-24,SPY,SPY (S&P 500 ETF),ppo_profit_only,PPO-Profit,11169.291922099244,0.11692919220992448,0.0161137187470359,0.0
2020-11-25,SPY,SPY (S&P 500 ETF),ppo_profit_only,PPO-Profit,11152.071570283331,0.11520715702833306,-0.0015417585945479,0.0
2020-11-27,SPY,SPY (S&P 500 ETF),ppo_profit_only,PPO-Profit,11183.130140512185,0.11831301405121852,0.0027850045646777,0.0
2020-11-30,SPY,SPY (S&P 500 ETF),ppo_profit_only,PPO-Profit,11133.620925212344,0.11336209252123441,-0.0044271339667673,0.0
2020-12-01,SPY,SPY (S&P 500 ETF),ppo_profit_only,PPO-Profit,11255.393681178804,0.12553936811788047,0.0109373901612459,0.0
2020-12-02,SPY,SPY (S&P 500 ETF),ppo_profit_only,PPO-Profit,11279.072368754778,0.1279072368754779,0.0021037636040726,0.0
2020-12-03,SPY,SPY (S&P 500 ETF),ppo_profit_only,PPO-Profit,11275.997104836482,0.12759971048364815,-0.0002726522020387,0.0
2020-12-04,SPY,SPY (S&P 500 ETF),ppo_profit_only,PPO-Profit,11373.169626334153,0.1373169626334152,0.008617643352887,0.0
2020-12-07,SPY,SPY (S&P 500 ETF),ppo_profit_only,PPO-Profit,11349.798746681648,0.13497987466816475,-0.0020549134867724,0.0
2020-12-08,SPY,SPY (S&P 500 ETF),ppo_profit_only,PPO-Profit,11383.010095497186,0.13830100954971858,0.0029261619132452,0.0
2020-12-09,SPY,SPY (S&P 500 ETF),ppo_profit_only,PPO-Profit,11280.917339418,0.12809173394179996,-0.0089688716097661,0.0
2020-12-10,SPY,SPY (S&P 500 ETF),ppo_profit_only,PPO-Profit,11277.22739809156,0.12772273980915605,-0.0003270958571379,0.0
2020-12-11,SPY,SPY (S&P 500 ETF),ppo_profit_only,PPO-Profit,11264.003857086764,0.1264003857086764,-0.0011725879542902,0.0
2020-12-14,SPY,SPY (S&P 500 ETF),ppo_profit_only,PPO-Profit,11213.573094894104,0.12135730948941026,-0.0044771613036099,0.0
2020-12-15,SPY,SPY (S&P 500 ETF),ppo_profit_only,PPO-Profit,11365.174127834338,0.13651741278343388,0.013519422547775,0.0
2020-12-16,SPY,SPY (S&P 500 ETF),ppo_profit_only,PPO-Profit,11383.010095497182,0.13830100954971813,0.001569352784412,0.0
2020-12-17,SPY,SPY (S&P 500 ETF),ppo_profit_only,PPO-Profit,11446.663460255848,0.1446663460255848,0.0055919624268667,0.0
2020-12-18,SPY,SPY (S&P 500 ETF),ppo_profit_only,PPO-Profit,11352.566202676477,0.13525662026764773,-0.0082204965583279,0.0
2020-12-21,SPY,SPY (S&P 500 ETF),ppo_profit_only,PPO-Profit,11311.974971208056,0.13119749712080564,-0.003575511540188,0.0
2020-12-22,SPY,SPY (S&P 500 ETF),ppo_profit_only,PPO-Profit,11292.909648728926,0.1292909648728926,-0.0016854105960857,0.0
2020-12-23,SPY,SPY (S&P 500 ETF),ppo_profit_only,PPO-Profit,11303.057925815428,0.13030579258154296,0.0008986414840965,0.0
2020-12-24,SPY,SPY (S&P 500 ETF),ppo_profit_only,PPO-Profit,11347.031290686817,0.13470312906868176,0.0038903954275024,0.0
2020-12-28,SPY,SPY (S&P 500 ETF),ppo_profit_only,PPO-Profit,11444.511620107953,0.14445116201079533,0.0085908222973831,0.0
2020-12-29,SPY,SPY (S&P 500 ETF),ppo_profit_only,PPO-Profit,11422.6779031952,0.14226779031951997,-0.001907789308754,0.0
2020-12-30,SPY,SPY (S&P 500 ETF),ppo_profit_only,PPO-Profit,11438.9757696795,0.14389757696795002,0.0014267990940848,0.0
2020-12-31,SPY,SPY (S&P 500 ETF),ppo_profit_only,PPO-Profit,11497.095160887297,0.14970951608872962,0.005080821253407,0.0
2021-01-04,SPY,SPY (S&P 500 ETF),ppo_profit_only,PPO-Profit,11340.573893365545,0.13405738933655442,-0.013613983822125,0.0
2021-01-05,SPY,SPY (S&P 500 ETF),ppo_profit_only,PPO-Profit,11418.68015394529,0.1418680153945291,0.0068873287466906,0.0
2021-01-06,SPY,SPY (S&P 500 ETF),ppo_profit_only,PPO-Profit,11486.946883800796,0.1486946883800797,0.0059785131849865,0.0
2021-01-07,SPY,SPY (S&P 500 ETF),ppo_profit_only,PPO-Profit,11657.61417765895,0.16576141776589504,0.0148574983052141,0.0
2021-01-08,SPY,SPY (S&P 500 ETF),ppo_profit_only,PPO-Profit,11724.035936851236,0.1724035936851236,0.0056977146592807,0.0
2021-01-11,SPY,SPY (S&P 500 ETF),ppo_profit_only,PPO-Profit,11645.00625250109,0.1645006252501091,-0.0067408258364116,0.0
2021-01-12,SPY,SPY (S&P 500 ETF),ppo_profit_only,PPO-Profit,11647.465900572452,0.16474659005724512,0.0002112191284424,0.0
2021-01-13,SPY,SPY (S&P 500 ETF),ppo_profit_only,PPO-Profit,11678.832278724767,0.16788322787247667,0.0026929787492038,0.0
2021-01-14,SPY,SPY (S&P 500 ETF),ppo_profit_only,PPO-Profit,11637.933239332884,0.1637933239332885,-0.0035019801993723,0.0
2021-01-15,SPY,SPY (S&P 500 ETF),ppo_profit_only,PPO-Profit,11553.061773508403,0.1553061773508404,-0.0072926579040374,0.0
2021-01-19,SPY,SPY (S&P 500 ETF),ppo_profit_only,PPO-Profit,11643.775959246012,0.16437759592460122,0.0078519605898428,0.0
2021-01-20,SPY,SPY (S&P 500 ETF),ppo_profit_only,PPO-Profit,11804.910591864604,0.18049105918646036,0.0138386922921374,0.0
2021-01-21,SPY,SPY (S&P 500 ETF),ppo_profit_only,PPO-Profit,11815.672607920456,0.18156726079204555,0.0009116558716901,0.0
2021-01-22,SPY,SPY (S&P 500 ETF),ppo_profit_only,PPO-Profit,11773.852021635752,0.17738520216357512,-0.0035394164744094,0.0
2021-01-25,SPY,SPY (S&P 500 ETF),ppo_profit_only,PPO-Profit,11820.285973017297,0.1820285973017297,0.0039438198557462,0.0
2021-01-26,SPY,SPY (S&P 500 ETF),ppo_profit_only,PPO-Profit,11801.835327946308,0.18018353279463084,-0.0015609305149728,0.0
2021-01-27,SPY,SPY (S&P 500 ETF),ppo_profit_only,PPO-Profit,11513.393027371596,0.15133930273715968,-0.0244404613824504,0.0
2021-01-28,SPY,SPY (S&P 500 ETF),ppo_profit_only,PPO-Profit,11612.410519532485,0.16124105195324856,0.0086002008205128,0.0
2021-01-29,SPY,SPY (S&P 500 ETF),ppo_profit_only,PPO-Profit,11379.934831578885,0.1379934831578884,-0.020019589176818,0.0
2021-02-01,SPY,SPY (S&P 500 ETF),ppo_profit_only,PPO-Profit,11569.359639992706,0.15693596399927068,0.0166455090663766,0.0
2021-02-02,SPY,SPY (S&P 500 ETF),ppo_profit_only,PPO-Profit,11732.952982243873,0.17329529822438716,0.0141402244671917,0.0
2021-02-03,SPY,SPY (S&P 500 ETF),ppo_profit_only,PPO-Profit,11742.17877399876,0.17421787739987593,0.0007863145594164,0.0
2021-02-04,SPY,SPY (S&P 500 ETF),ppo_profit_only,PPO-Profit,11875.636969791474,0.18756369697914743,0.0113657097512633,0.0
2021-02-05,SPY,SPY (S&P 500 ETF),ppo_profit_only,PPO-Profit,11922.377790657692,0.19223777906576922,0.0039358580078789,0.0
2021-02-08,SPY,SPY (S&P 500 ETF),ppo_profit_only,PPO-Profit,12008.480488176045,0.20084804881760454,0.0072219400383219,0.0
2021-02-09,SPY,SPY (S&P 500 ETF),ppo_profit_only,PPO-Profit,12000.484989676232,0.20004849896762322,-0.0006658210010571,0.0
2021-02-10,SPY,SPY (S&P 500 ETF),ppo_profit_only,PPO-Profit,11995.256947171249,0.1995256947171249,-0.0004356526014973,0.0
2021-02-11,SPY,SPY (S&P 500 ETF),ppo_profit_only,PPO-Profit,12014.630077573847,0.20146300775738468,0.0016150658954552,0.0
2021-02-12,SPY,SPY (S&P 500 ETF),ppo_profit_only,PPO-Profit,12073.97976203672,0.20739797620367217,0.0049397845859318,0.0
2021-02-16,SPY,SPY (S&P 500 ETF),ppo_profit_only,PPO-Profit,12063.523677026757,0.20635236770267573,-0.0008660015352055,0.0
2021-02-17,SPY,SPY (S&P 500 ETF),ppo_profit_only,PPO-Profit,12066.292071460372,0.20662920714603716,0.0002294847266632,0.0
2021-02-18,SPY,SPY (S&P 500 ETF),ppo_profit_only,PPO-Profit,12014.937885497313,0.2014937885497312,-0.0042560038874349,0.0
2021-02-19,SPY,SPY (S&P 500 ETF),ppo_profit_only,PPO-Profit,11993.719784431494,0.19937197844314936,-0.0017659767589335,0.0
2021-02-22,SPY,SPY (S&P 500 ETF),ppo_profit_only,PPO-Profit,11901.46749751534,0.1901467497515339,-0.0076917160459177,0.0
2021-02-23,SPY,SPY (S&P 500 ETF),ppo_profit_only,PPO-Profit,11915.920393336422,0.19159203933364233,0.0012143793044092,0.0
2021-02-24,SPY,SPY (S&P 500 ETF),ppo_profit_only,PPO-Profit,12047.22581054245,0.204722581054245,0.0110193264868951,0.0
2021-02-25,SPY,SPY (S&P 500 ETF),ppo_profit_only,PPO-Profit,11756.938539304518,0.17569385393045178,-0.0240957773850228,0.0
2021-02-26,SPY,SPY (S&P 500 ETF),ppo_profit_only,PPO-Profit,11696.35950002536,0.16963595000253617,-0.0051526202230824,0.0
2021-03-01,SPY,SPY (S&P 500 ETF),ppo_profit_only,PPO-Profit,11979.881566018554,0.19798815660185531,0.0242401976437693,0.0
2021-03-02,SPY,SPY (S&P 500 ETF),ppo_profit_only,PPO-Profit,11886.399924286115,0.1886399924286115,-0.0078032191902133,0.0
2021-03-03,SPY,SPY (S&P 500 ETF),ppo_profit_only,PPO-Profit,11728.956171432756,0.17289561714327562,-0.0132457055000878,0.0
2021-03-04,SPY,SPY (S&P 500 ETF),ppo_profit_only,PPO-Profit,11583.812535813791,0.1583812535813791,-0.012374812685589,0.0
2021-03-05,SPY,SPY (S&P 500 ETF),ppo_profit_only,PPO-Profit,11796.915093364792,0.17969150933647926,0.0183965820313605,0.0
2021-03-08,SPY,SPY (S&P 500 ETF),ppo_profit_only,PPO-Profit,11738.181024748854,0.17381810247488527,-0.0049787650543465,0.0
2021-03-09,SPY,SPY (S&P 500 ETF),ppo_profit_only,PPO-Profit,11905.773054688714,0.19057730546887153,0.0142775128093959,0.0
2021-03-10,SPY,SPY (S&P 500 ETF),ppo_profit_only,PPO-Profit,11979.881566018554,0.19798815660185531,0.0062245862565517,0.0
2021-03-11,SPY,SPY (S&P 500 ETF),ppo_profit_only,PPO-Profit,12101.347452500338,0.21013474525003395,0.0101391558683123,0.0
2021-03-12,SPY,SPY (S&P 500 ETF),ppo_profit_only,PPO-Profit,12117.64531898464,0.211764531898464,0.0013467811372471,0.0
2021-03-15,SPY,SPY (S&P 500 ETF),ppo_profit_only,PPO-Profit,12189.90979809005,0.21899097980900506,0.0059635743746513,0.0
2021-03-16,SPY,SPY (S&P 500 ETF),ppo_profit_only,PPO-Profit,12174.534416937357,0.2174534416937357,-0.0012613203384902,0.0
2021-03-17,SPY,SPY (S&P 500 ETF),ppo_profit_only,PPO-Profit,12216.048133737384,0.2216048133737385,0.0034098812634899,0.0
2021-03-18,SPY,SPY (S&P 500 ETF),ppo_profit_only,PPO-Profit,12038.308765149814,0.20383087651498144,-0.0145496617761927,0.0
2021-03-19,SPY,SPY (S&P 500 ETF),ppo_profit_only,PPO-Profit,11976.807240539045,0.19768072405390447,-0.0051088176761848,0.0
2021-03-22,SPY,SPY (S&P 500 ETF),ppo_profit_only,PPO-Profit,12072.441660858172,0.2072441660858173,0.0079849678130765,0.0
2021-03-23,SPY,SPY (S&P 500 ETF),ppo_profit_only,PPO-Profit,11977.42191794719,0.19774219179471886,-0.0078707974393498,0.0
2021-03-24,SPY,SPY (S&P 500 ETF),ppo_profit_only,PPO-Profit,11916.535070744563,0.19165350707445628,-0.0050834685143212,0.0
2021-03-25,SPY,SPY (S&P 500 ETF),ppo_profit_only,PPO-Profit,11983.572445783786,0.19835724457837856,0.0056255761126235,0.0
2021-03-26,SPY,SPY (S&P 500 ETF),ppo_profit_only,PPO-Profit,12176.687195524044,0.2176687195524043,0.0161149565886091,0.0
2021-03-29,SPY,SPY (S&P 500 ETF),ppo_profit_only,PPO-Profit,12170.536667687453,0.21705366676874527,-0.0005051068273195,0.0
2021-03-30,SPY,SPY (S&P 500 ETF),ppo_profit_only,PPO-Profit,12138.248742642314,0.21382487426423147,-0.002652958199523,0.0
2021-03-31,SPY,SPY (S&P 500 ETF),ppo_profit_only,PPO-Profit,12187.449211579897,0.2187449211579897,0.0040533416294838,0.0
2021-04-01,SPY,SPY (S&P 500 ETF),ppo_profit_only,PPO-Profit,12319.062436709391,0.23190624367093915,0.0107990788592942,0.0
2021-04-05,SPY,SPY (S&P 500 ETF),ppo_profit_only,PPO-Profit,12495.879319965352,0.24958793199653528,0.0143531120297812,0.0
2021-04-06,SPY,SPY (S&P 500 ETF),ppo_profit_only,PPO-Profit,12488.499437312474,0.24884994373124747,-0.0005905853012749,0.0
2021-04-07,SPY,SPY (S&P 500 ETF),ppo_profit_only,PPO-Profit,12502.952333133557,0.2502952333133557,0.0011572964304984,0.0
2021-04-08,SPY,SPY (S&P 500 ETF),ppo_profit_only,PPO-Profit,12562.30107915764,0.25623010791576406,0.0047467785561978,0.0
2021-04-09,SPY,SPY (S&P 500 ETF),ppo_profit_only,PPO-Profit,12653.630880742185,0.2653630880742184,0.0072701490761171,0.0
2021-04-12,SPY,SPY (S&P 500 ETF),ppo_profit_only,PPO-Profit,12658.244245839023,0.2658244245839023,0.0003645882466716,0.0
2021-04-13,SPY,SPY (S&P 500 ETF),ppo_profit_only,PPO-Profit,12695.759274950353,0.26957592749503534,0.0029636834605764,0.0
2021-04-14,SPY,SPY (S&P 500 ETF),ppo_profit_only,PPO-Profit,12652.4015259259,0.26524015259259004,-0.0034151363526561,0.0
2021-04-15,SPY,SPY (S&P 500 ETF),ppo_profit_only,PPO-Profit,12788.319369789975,0.27883193697899755,0.0107424541961909,0.0
2021-04-16,SPY,SPY (S&P 500 ETF),ppo_profit_only,PPO-Profit,12831.06337984508,0.283106337984508,0.0033424259137662,0.0
2021-04-19,SPY,SPY (S&P 500 ETF),ppo_profit_only,PPO-Profit,12768.023754055768,0.27680237540557684,-0.0049130476503088,0.0
2021-04-20,SPY,SPY (S&P 500 ETF),ppo_profit_only,PPO-Profit,12674.54211232333,0.26745421123233304,-0.0073215435319615,0.0
2021-04-21,SPY,SPY (S&P 500 ETF),ppo_profit_only,PPO-Profit,12794.469897626572,0.27944698976265725,0.0094621000301571,0.0
2021-04-22,SPY,SPY (S&P 500 ETF),ppo_profit_only,PPO-Profit,12677.616437802835,0.26776164378028344,-0.0091331224160692,0.0
2021-04-23,SPY,SPY (S&P 500 ETF),ppo_profit_only,PPO-Profit,12815.072382845456,0.2815072382845456,0.010842412350696,0.0
2021-04-26,SPY,SPY (S&P 500 ETF),ppo_profit_only,PPO-Profit,12841.825395900934,0.28418253959009343,0.0020876209088986,0.0
2021-04-27,SPY,SPY (S&P 500 ETF),ppo_profit_only,PPO-Profit,12839.057939906104,0.28390579399061044,-0.0002155033189995,0.0
2021-04-28,SPY,SPY (S&P 500 ETF),ppo_profit_only,PPO-Profit,12835.367998579664,0.28353679985796654,-0.0002873996942541,0.0
2021-04-29,SPY,SPY (S&P 500 ETF),ppo_profit_only,PPO-Profit,12917.165138924642,0.2917165138924642,0.0063727927671437,0.0
2021-04-30,SPY,SPY (S&P 500 ETF),ppo_profit_only,PPO-Profit,12832.292734661369,0.2832292734661368,-0.0065705132163649,0.0
2021-05-03,SPY,SPY (S&P 500 ETF),ppo_profit_only,PPO-Profit,12859.969171487248,0.2859969171487249,0.0021567803508037,0.0
2021-05-04,SPY,SPY (S&P 500 ETF),ppo_profit_only,PPO-Profit,12780.631679213631,0.2780631679213632,-0.0061693376722489,0.0
2021-05-05,SPY,SPY (S&P 500 ETF),ppo_profit_only,PPO-Profit,12784.629428463537,0.27846294284635364,0.0003127974696592,0.0
2021-05-06,SPY,SPY (S&P 500 ETF),ppo_profit_only,PPO-Profit,12886.722184542725,0.2886722184542725,0.0079855858670325,0.0
2021-05-07,SPY,SPY (S&P 500 ETF),ppo_profit_only,PPO-Profit,12980.511634198629,0.2980511634198628,0.0072779911223974,0.0
2021-05-10,SPY,SPY (S&P 500 ETF),ppo_profit_only,PPO-Profit,12851.973672987437,0.28519736729874356,-0.0099023801860433,0.0
2021-05-11,SPY,SPY (S&P 500 ETF),ppo_profit_only,PPO-Profit,12737.272991750384,0.27372729917503835,-0.0089247522719511,0.0
2021-05-12,SPY,SPY (S&P 500 ETF),ppo_profit_only,PPO-Profit,12466.66665883852,0.2466666658838519,-0.0212452330327793,0.0
2021-05-13,SPY,SPY (S&P 500 ETF),ppo_profit_only,PPO-Profit,12616.422721115536,0.26164227211155366,0.0120125183720094,0.0
2021-05-14,SPY,SPY (S&P 500 ETF),ppo_profit_only,PPO-Profit,12810.15214826394,0.281015214826394,0.0153553373591523,0.0
2021-05-17,SPY,SPY (S&P 500 ETF),ppo_profit_only,PPO-Profit,12777.556415295336,0.27775564152953347,-0.0025445234835108,0.0
2021-05-18,SPY,SPY (S&P 500 ETF),ppo_profit_only,PPO-Profit,12667.469099155129,0.26674690991551286,-0.0086156783474207,0.0
2021-05-19,SPY,SPY (S&P 500 ETF),ppo_profit_only,PPO-Profit,12634.25775033959,0.26342577503395903,-0.0026217825009539,0.0
2021-05-20,SPY,SPY (S&P 500 ETF),ppo_profit_only,PPO-Profit,12770.176532642456,0.27701765326424566,0.010757955472233,0.0
2021-05-21,SPY,SPY (S&P 500 ETF),ppo_profit_only,PPO-Profit,12759.721386071284,0.2759721386071283,-0.0008187158998506,0.0
2021-05-24,SPY,SPY (S&P 500 ETF),ppo_profit_only,PPO-Profit,12889.797448461022,0.2889797448461022,0.0101942713680043,0.0
2021-05-25,SPY,SPY (S&P 500 ETF),ppo_profit_only,PPO-Profit,12861.198526303531,0.2861198526303532,-0.0022187254898178,0.0
2021-05-26,SPY,SPY (S&P 500 ETF),ppo_profit_only,PPO-Profit,12886.722184542728,0.28867221845427293,0.0019845474111135,0.0
2021-05-27,SPY,SPY (S&P 500 ETF),ppo_profit_only,PPO-Profit,12893.48738978746,0.28934873897874613,0.0005249748654354,0.0
2021-05-28,SPY,SPY (S&P 500 ETF),ppo_profit_only,PPO-Profit,12916.5504615165,0.29165504615164983,0.001788738068438,0.0
2021-06-01,SPY,SPY (S&P 500 ETF),ppo_profit_only,PPO-Profit,12905.172829613712,0.29051728296137114,-0.000880856846159,0.0
2021-06-02,SPY,SPY (S&P 500 ETF),ppo_profit_only,PPO-Profit,12925.46750690913,0.29254675069091296,0.001572600193997,0.0
2021-06-03,SPY,SPY (S&P 500 ETF),ppo_profit_only,PPO-Profit,12877.496392787834,0.2877496392787835,-0.0037113639483951,0.0
2021-06-04,SPY,SPY (S&P 500 ETF),ppo_profit_only,PPO-Profit,12995.27233794318,0.299527233794318,0.009145872890425,0.0
2021-06-07,SPY,SPY (S&P 500 ETF),ppo_profit_only,PPO-Profit,12982.664412785318,0.29826644127853186,-0.0009701932233501,0.0
2021-06-08,SPY,SPY (S&P 500 ETF),ppo_profit_only,PPO-Profit,12985.431868780148,0.29854318687801484,0.0002131654879797,0.0
2021-06-09,SPY,SPY (S&P 500 ETF),ppo_profit_only,PPO-Profit,12966.05873837755,0.29660587383775483,-0.0014919126755557,0.0
2021-06-10,SPY,SPY (S&P 500 ETF),ppo_profit_only,PPO-Profit,13026.32996973324,0.30263299697332413,0.0046483848771483,0.0
2021-06-11,SPY,SPY (S&P 500 ETF),ppo_profit_only,PPO-Profit,13047.855878722528,0.30478558787225274,0.0016524922245406,0.0
2021-06-14,SPY,SPY (S&P 500 ETF),ppo_profit_only,PPO-Profit,13077.069478288158,0.3077069478288159,0.0022389578668837,0.0
2021-06-15,SPY,SPY (S&P 500 ETF),ppo_profit_only,PPO-Profit,13053.083921227511,0.30530839212275107,-0.0018341691233245,0.0
2021-06-16,SPY,SPY (S&P 500 ETF),ppo_profit_only,PPO-Profit,12980.203826275168,0.29802038262751696,-0.00558336216883,0.0
2021-06-17,SPY,SPY (S&P 500 ETF),ppo_profit_only,PPO-Profit,12975.899207540584,0.29758992075405843,-0.000331629517702,0.0
2021-06-18,SPY,SPY (S&P 500 ETF),ppo_profit_only,PPO-Profit,12759.10670866314,0.27591067086631393,-0.0167073198866603,0.0
2021-06-21,SPY,SPY (S&P 500 ETF),ppo_profit_only,PPO-Profit,12941.765373393437,0.2941765373393437,0.0143159445955785,0.0
2021-06-22,SPY,SPY (S&P 500 ETF),ppo_profit_only,PPO-Profit,13010.954588580553,0.3010954588580552,0.0053461960706966,0.0
2021-06-23,SPY,SPY (S&P 500 ETF),ppo_profit_only,PPO-Profit,12995.272337943185,0.29952723379431845,-0.0012053113036865,0.0
2021-06-24,SPY,SPY (S&P 500 ETF),ppo_profit_only,PPO-Profit,13072.149243706644,0.30721492437066455,0.0059157594980905,0.0
2021-06-25,SPY,SPY (S&P 500 ETF),ppo_profit_only,PPO-Profit,13118.582256649395,0.3118582256649396,0.0035520565193292,0.0
2021-06-28,SPY,SPY (S&P 500 ETF),ppo_profit_only,PPO-Profit,13145.0284002202,0.31450284002202,0.0020159300032134,0.0
2021-06-29,SPY,SPY (S&P 500 ETF),ppo_profit_only,PPO-Profit,13152.101413388402,0.3152101413388402,0.000538075153043,0.0
2021-06-30,SPY,SPY (S&P 500 ETF),ppo_profit_only,PPO-Profit,13163.17123736772,0.3163171237367719,0.000841677206659,0.0
2021-07-01,SPY,SPY (S&P 500 ETF),ppo_profit_only,PPO-Profit,13236.050393881278,0.3236050393881278,0.0055365956424442,0.0
2021-07-02,SPY,SPY (S&P 500 ETF),ppo_profit_only,PPO-Profit,13337.220664628854,0.3337220664628855,0.0076435392535483,0.0
2021-07-06,SPY,SPY (S&P 500 ETF),ppo_profit_only,PPO-Profit,13312.92729964474,0.3312927299644739,-0.0018214713241223,0.0
2021-07-07,SPY,SPY (S&P 500 ETF),ppo_profit_only,PPO-Profit,13359.975928434424,0.33599759284344244,0.0035340558639527,0.0
2021-07-08,SPY,SPY (S&P 500 ETF),ppo_profit_only,PPO-Profit,13251.118905549294,0.3251118905549295,-0.008147995435639,0.0
2021-07-09,SPY,SPY (S&P 500 ETF),ppo_profit_only,PPO-Profit,13392.57166140303,0.339257166140303,0.0106747782479332,0.0
2021-07-12,SPY,SPY (S&P 500 ETF),ppo_profit_only,PPO-Profit,13440.542775524327,0.3440542775524327,0.0035819195397361,0.0
2021-07-13,SPY,SPY (S&P 500 ETF),ppo_profit_only,PPO-Profit,13394.724439989715,0.3394724439989716,-0.0034089646750016,0.0
2021-07-14,SPY,SPY (S&P 500 ETF),ppo_profit_only,PPO-Profit,13414.712247800458,0.34147122478004577,0.0014922149313552,0.0
2021-07-15,SPY,SPY (S&P 500 ETF),ppo_profit_only,PPO-Profit,13368.893912265848,0.3368893912265849,-0.0034155287633637,0.0
2021-07-16,SPY,SPY (S&P 500 ETF),ppo_profit_only,PPO-Profit,13264.033700191832,0.3264033700191833,-0.0078435966926035,0.0
2021-07-19,SPY,SPY (S&P 500 ETF),ppo_profit_only,PPO-Profit,13068.15149445674,0.3068151494456741,-0.0147679212947309,0.0
2021-07-20,SPY,SPY (S&P 500 ETF),ppo_profit_only,PPO-Profit,13255.42352428388,0.325542352428388,0.0143304146654998,0.0
2021-07-21,SPY,SPY (S&P 500 ETF),ppo_profit_only,PPO-Profit,13362.743384429255,0.33627433844292565,0.0080962980887611,0.0
2021-07-22,SPY,SPY (S&P 500 ETF),ppo_profit_only,PPO-Profit,13390.72669073981,0.3390726690739809,0.0020941288405762,0.0
2021-07-23,SPY,SPY (S&P 500 ETF),ppo_profit_only,PPO-Profit,13528.4904437059,0.35284904437058984,0.0102879967717777,0.0
2021-07-26,SPY,SPY (S&P 500 ETF),ppo_profit_only,PPO-Profit,13561.700854082645,0.35617008540826456,0.0024548496755745,0.0
2021-07-27,SPY,SPY (S&P 500 ETF),ppo_profit_only,PPO-Profit,13499.8924599872,0.34998924599872017,-0.0045575694937142,0.0
2021-07-28,SPY,SPY (S&P 500 ETF),ppo_profit_only,PPO-Profit,13494.356609558748,0.34943566095587486,-0.0004100662612578,0.0
2021-07-29,SPY,SPY (S&P 500 ETF),ppo_profit_only,PPO-Profit,13550.32322217986,0.3550323222179861,0.0041474087457764,0.0
2021-07-30,SPY,SPY (S&P 500 ETF),ppo_profit_only,PPO-Profit,13484.517078834508,0.3484517078834508,-0.0048564260989462,0.0
2021-08-02,SPY,SPY (S&P 500 ETF),ppo_profit_only,PPO-Profit,13456.225964600486,0.34562259646004856,-0.0020980443028566,0.0
2021-08-03,SPY,SPY (S&P 500 ETF),ppo_profit_only,PPO-Profit,13565.69860333255,0.356569860333255,0.0081354637637667,0.0
2021-08-04,SPY,SPY (S&P 500 ETF),ppo_profit_only,PPO-Profit,13498.969974655589,0.3498969974655588,-0.004918923133127,0.0
2021-08-05,SPY,SPY (S&P 500 ETF),ppo_profit_only,PPO-Profit,13584.457056327004,0.3584457056327004,0.0063328596057268,0.0
2021-08-06,SPY,SPY (S&P 500 ETF),ppo_profit_only,PPO-Profit,13606.904512209108,0.3606904512209108,0.001652436736266,0.0
2021-08-09,SPY,SPY (S&P 500 ETF),ppo_profit_only,PPO-Profit,13595.834688229788,0.35958346882297887,-0.0008135446213639,0.0
2021-08-10,SPY,SPY (S&P 500 ETF),ppo_profit_only,PPO-Profit,13612.747232122234,0.3612747232122233,0.0012439503921806,0.0
2021-08-11,SPY,SPY (S&P 500 ETF),ppo_profit_only,PPO-Profit,13646.573258345914,0.3646573258345913,0.0024848787424671,0.0
2021-08-12,SPY,SPY (S&P 500 ETF),ppo_profit_only,PPO-Profit,13687.471359299008,0.3687471359299008,0.0029969502364324,0.0
2021-08-13,SPY,SPY (S&P 500 ETF),ppo_profit_only,PPO-Profit,13712.380340130054,0.3712380340130055,0.0018198380239258,0.0
2021-08-16,SPY,SPY (S&P 500 ETF),ppo_profit_only,PPO-Profit,13744.66826517519,0.37446682651751906,0.0023546550084119,0.0
2021-08-17,SPY,SPY (S&P 500 ETF),ppo_profit_only,PPO-Profit,13654.568756845723,0.3654568756845724,-0.0065552333887716,0.0
2021-08-18,SPY,SPY (S&P 500 ETF),ppo_profit_only,PPO-Profit,13505.119564053388,0.3505119564053387,-0.0109449954409882,0.0
2021-08-19,SPY,SPY (S&P 500 ETF),ppo_profit_only,PPO-Profit,13526.029857195736,0.3526029857195736,0.001548323437136,0.0
2021-08-20,SPY,SPY (S&P 500 ETF),ppo_profit_only,PPO-Profit,13633.657525264582,0.3633657525264582,0.0079570775168433,0.0
2021-08-23,SPY,SPY (S&P 500 ETF),ppo_profit_only,PPO-Profit,13753.586249006612,0.3753586249006613,0.0087965187272593,0.0
2021-08-24,SPY,SPY (S&P 500 ETF),ppo_profit_only,PPO-Profit,13775.419027480575,0.37754190274805755,0.0015874244054374,0.0
2021-08-25,SPY,SPY (S&P 500 ETF),ppo_profit_only,PPO-Profit,13804.32481912274,0.38043248191227397,0.0020983602447592,0.0
2021-08-26,SPY,SPY (S&P 500 ETF),ppo_profit_only,PPO-Profit,13722.835486701231,0.37228354867012303,-0.0059031740769114,0.0
2021-08-27,SPY,SPY (S&P 500 ETF),ppo_profit_only,PPO-Profit,13845.530727999305,0.38455307279993045,0.0089409540336597,0.0
2021-08-30,SPY,SPY (S&P 500 ETF),ppo_profit_only,PPO-Profit,13906.417575201927,0.3906417575201928,0.0043975813133327,0.0
2021-08-31,SPY,SPY (S&P 500 ETF),ppo_profit_only,PPO-Profit,13885.814151544251,0.3885814151544251,-0.0014815766566952,0.0
2021-09-01,SPY,SPY (S&P 500 ETF),ppo_profit_only,PPO-Profit,13893.194034197131,0.38931940341971316,0.0005314692082394,0.0
2021-09-02,SPY,SPY (S&P 500 ETF),ppo_profit_only,PPO-Profit,13935.938044252238,0.39359380442522385,0.0030766150641741,0.0
2021-09-03,SPY,SPY (S&P 500 ETF),ppo_profit_only,PPO-Profit,13932.554972410471,0.39325549724104714,-0.0002427588175996,0.0
2021-09-07,SPY,SPY (S&P 500 ETF),ppo_profit_only,PPO-Profit,13882.738887625956,0.3882738887625956,-0.0035755168296958,0.0
2021-09-08,SPY,SPY (S&P 500 ETF),ppo_profit_only,PPO-Profit,13865.826343733514,0.3865826343733514,-0.0012182425981892,0.0
2021-09-09,SPY,SPY (S&P 500 ETF),ppo_profit_only,PPO-Profit,13806.477597709432,0.38064775977094323,-0.0042802170280247,0.0
2021-09-10,SPY,SPY (S&P 500 ETF),ppo_profit_only,PPO-Profit,13697.619636385512,0.3697619636385512,-0.007884557125706,0.0
2021-09-13,SPY,SPY (S&P 500 ETF),ppo_profit_only,PPO-Profit,13732.675017425478,0.37326750174254775,0.0025592316015876,0.0
2021-09-14,SPY,SPY (S&P 500 ETF),ppo_profit_only,PPO-Profit,13658.566506095636,0.3658566506095635,-0.0053965095100411,0.0
2021-09-15,SPY,SPY (S&P 500 ETF),ppo_profit_only,PPO-Profit,13772.65157148575,0.377265157148575,0.0083526382757077,0.0
2021-09-16,SPY,SPY (S&P 500 ETF),ppo_profit_only,PPO-Profit,13750.81879301179,0.375081879301179,-0.0015852269521696,0.0
2021-09-17,SPY,SPY (S&P 500 ETF),ppo_profit_only,PPO-Profit,13573.386293908894,0.35733862939088934,-0.0129034133729597,0.0
2021-09-20,SPY,SPY (S&P 500 ETF),ppo_profit_only,PPO-Profit,13347.061133791884,0.33470611337918843,-0.0166741854402665,0.0
2021-09-21,SPY,SPY (S&P 500 ETF),ppo_profit_only,PPO-Profit,13334.453208634024,0.3334453208634025,-0.0009446218183523,0.0
2021-09-22,SPY,SPY (S&P 500 ETF),ppo_profit_only,PPO-Profit,13464.528332584972,0.3464528332584973,0.0097548149830939,0.0
2021-09-23,SPY,SPY (S&P 500 ETF),ppo_profit_only,PPO-Profit,13628.122613274929,0.3628122613274929,0.0121500194176165,0.0
2021-09-24,SPY,SPY (S&P 500 ETF),ppo_profit_only,PPO-Profit,13650.57100759582,0.365057100759582,0.0016472110618543,0.0
2021-09-27,SPY,SPY (S&P 500 ETF),ppo_profit_only,PPO-Profit,13611.517877305949,0.361151787730595,-0.0028609155080868,0.0
2021-09-28,SPY,SPY (S&P 500 ETF),ppo_profit_only,PPO-Profit,13337.220664628852,0.33372206646288527,-0.0201518460431531,0.0
2021-09-29,SPY,SPY (S&P 500 ETF),ppo_profit_only,PPO-Profit,13359.669058949748,0.3359669058949748,0.0016831388551912,0.0
2021-09-30,SPY,SPY (S&P 500 ETF),ppo_profit_only,PPO-Profit,13196.38258618326,0.31963825861832595,-0.0122223441348723,0.0
2021-10-01,SPY,SPY (S&P 500 ETF),ppo_profit_only,PPO-Profit,13353.210723189686,0.33532107231896857,0.0118841762871158,0.0
2021-10-04,SPY,SPY (S&P 500 ETF),ppo_profit_only,PPO-Profit,13181.007205030568,0.3181007205030568,-0.012896038393228,0.0
2021-10-05,SPY,SPY (S&P 500 ETF),ppo_profit_only,PPO-Profit,13318.15534214972,0.331815534214972,0.0104049815758244,0.0
2021-10-06,SPY,SPY (S&P 500 ETF),ppo_profit_only,PPO-Profit,13373.506338923897,0.33735063389238973,0.0041560558014366,0.0
2021-10-07,SPY,SPY (S&P 500 ETF),ppo_profit_only,PPO-Profit,13489.129505492554,0.3489129505492554,0.0086456882464798,0.0
2021-10-08,SPY,SPY (S&P 500 ETF),ppo_profit_only,PPO-Profit,13464.528332584972,0.3464528332584973,-0.0018237776498153,0.0
2021-10-11,SPY,SPY (S&P 500 ETF),ppo_profit_only,PPO-Profit,13367.048941602628,0.33670489416026284,-0.0072397182117726,0.0
2021-10-12,SPY,SPY (S&P 500 ETF),ppo_profit_only,PPO-Profit,13334.145400710557,0.33341454007105575,-0.002461541140144,0.0
2021-10-13,SPY,SPY (S&P 500 ETF),ppo_profit_only,PPO-Profit,13382.116514831852,0.3382116514831852,0.0035976144461977,0.0
2021-10-14,SPY,SPY (S&P 500 ETF),ppo_profit_only,PPO-Profit,13607.212320132574,0.36072123201325734,0.0168206430613004,0.0
2021-10-15,SPY,SPY (S&P 500 ETF),ppo_profit_only,PPO-Profit,13710.842238951513,0.3710842238951513,0.007615808174435,0.0
2021-10-18,SPY,SPY (S&P 500 ETF),ppo_profit_only,PPO-Profit,13751.433470419932,0.37514334704199315,0.0029605206420582,0.0
2021-10-19,SPY,SPY (S&P 500 ETF),ppo_profit_only,PPO-Profit,13857.523975749022,0.3857523975749022,0.0077148688212975,0.0
2021-10-20,SPY,SPY (S&P 500 ETF),ppo_profit_only,PPO-Profit,13911.952487191587,0.3911952487191588,0.0039277226969129,0.0
2021-10-21,SPY,SPY (S&P 500 ETF),ppo_profit_only,PPO-Profit,13948.23816148663,0.394823816148663,0.002608237364845,0.0
2021-10-22,SPY,SPY (S&P 500 ETF),ppo_profit_only,PPO-Profit,13933.785265665549,0.3933785265665548,-0.0010361807458226,0.0
2021-10-25,SPY,SPY (S&P 500 ETF),ppo_profit_only,PPO-Profit,14008.509392842325,0.40085093928423254,0.0053628016904283,0.0
2021-10-26,SPY,SPY (S&P 500 ETF),ppo_profit_only,PPO-Profit,14021.117318000186,0.4021117318000187,0.0009000190387353,0.0
2021-10-27,SPY,SPY (S&P 500 ETF),ppo_profit_only,PPO-Profit,13959.001115981277,0.39590011159812777,-0.0044301891646798,0.0
2021-10-28,SPY,SPY (S&P 500 ETF),ppo_profit_only,PPO-Profit,14093.689605029069,0.40936896050290694,0.0096488629758464,0.0
2021-10-29,SPY,SPY (S&P 500 ETF),ppo_profit_only,PPO-Profit,14122.287588747764,0.4122287588747764,0.0020291339259019,0.0
2021-11-01,SPY,SPY (S&P 500 ETF),ppo_profit_only,PPO-Profit,14146.58095373188,0.414658095373188,0.0017202145779464,0.0
2021-11-02,SPY,SPY (S&P 500 ETF),ppo_profit_only,PPO-Profit,14203.776921169276,0.42037769211692755,0.004043094767878,0.0
2021-11-03,SPY,SPY (S&P 500 ETF),ppo_profit_only,PPO-Profit,14290.494296095769,0.4290494296095768,0.0061052335169562,0.0
2021-11-04,SPY,SPY (S&P 500 ETF),ppo_profit_only,PPO-Profit,14357.838540619665,0.4357838540619665,0.0047125203039544,0.0
2021-11-05,SPY,SPY (S&P 500 ETF),ppo_profit_only,PPO-Profit,14407.654625404182,0.44076546254041826,0.003469608927805,0.0
2021-11-08,SPY,SPY (S&P 500 ETF),ppo_profit_only,PPO-Profit,14419.95474263858,0.4419954742638579,0.0008537209944434,0.0
2021-11-09,SPY,SPY (S&P 500 ETF),ppo_profit_only,PPO-Profit,14372.29143644075,0.43722914364407495,-0.0033053714140235,0.0
2021-11-10,SPY,SPY (S&P 500 ETF),ppo_profit_only,PPO-Profit,14256.66826987209,0.42566682698720903,-0.0080448665461582,0.0
2021-11-11,SPY,SPY (S&P 500 ETF),ppo_profit_only,PPO-Profit,14261.28069653014,0.4261280696530141,0.00032352766935,0.0
2021-11-12,SPY,SPY (S&P 500 ETF),ppo_profit_only,PPO-Profit,14368.908364598983,0.43689083645989824,0.0075468445197233,0.0
2021-11-15,SPY,SPY (S&P 500 ETF),ppo_profit_only,PPO-Profit,14373.8285991805,0.43738285991805004,0.0003424222951855,0.0
2021-11-16,SPY,SPY (S&P 500 ETF),ppo_profit_only,PPO-Profit,14430.717697133216,0.4430717697133215,0.0039578249844971,0.0
2021-11-17,SPY,SPY (S&P 500 ETF),ppo_profit_only,PPO-Profit,14395.66231609325,0.43956623160932495,-0.0024292195146282,0.0
2021-11-18,SPY,SPY (S&P 500 ETF),ppo_profit_only,PPO-Profit,14444.555915546156,0.44445559155461556,0.0033964119454403,0.0
2021-11-19,SPY,SPY (S&P 500 ETF),ppo_profit_only,PPO-Profit,14418.72538782229,0.4418725387822289,-0.0017882535035962,0.0
2021-11-22,SPY,SPY (S&P 500 ETF),ppo_profit_only,PPO-Profit,14378.134156353874,0.43781341563538745,-0.0028151747381705,0.0
2021-11-23,SPY,SPY (S&P 500 ETF),ppo_profit_only,PPO-Profit,14397.199478833005,0.4397199478833005,0.0013259941986774,0.0
2021-11-24,SPY,SPY (S&P 500 ETF),ppo_profit_only,PPO-Profit,14435.637931714737,0.44356379317147376,0.002669856241017,0.0
2021-11-26,SPY,SPY (S&P 500 ETF),ppo_profit_only,PPO-Profit,14113.677412839808,0.4113677412839809,-0.0223031722184987,0.0
2021-11-29,SPY,SPY (S&P 500 ETF),ppo_profit_only,PPO-Profit,14286.804354769329,0.4286804354769329,0.0122666075513402,0.0
2021-11-30,SPY,SPY (S&P 500 ETF),ppo_profit_only,PPO-Profit,14008.817200765792,0.4008817200765793,-0.0194576160700861,0.0
2021-12-01,SPY,SPY (S&P 500 ETF),ppo_profit_only,PPO-Profit,13853.21841857565,0.385321841857565,-0.0111072034105517,0.0
2021-12-02,SPY,SPY (S&P 500 ETF),ppo_profit_only,PPO-Profit,14065.398490795043,0.40653984907950425,0.015316301657013,0.0
2021-12-03,SPY,SPY (S&P 500 ETF),ppo_profit_only,PPO-Profit,13943.01105742044,0.3943011057420438,-0.0087013129030577,0.0
2021-12-06,SPY,SPY (S&P 500 ETF),ppo_profit_only,PPO-Profit,14108.142500850148,0.41081425008501493,0.0118433129508153,0.0
2021-12-07,SPY,SPY (S&P 500 ETF),ppo_profit_only,PPO-Profit,14399.966934827831,0.43999669348278303,0.0206848232472913,0.0
2021-12-08,SPY,SPY (S&P 500 ETF),ppo_profit_only,PPO-Profit,14438.097579786096,0.44380975797860955,0.002647967535678,0.0
2021-12-09,SPY,SPY (S&P 500 ETF),ppo_profit_only,PPO-Profit,14340.61818880375,0.4340618188803751,-0.0067515398371333,0.0
2021-12-10,SPY,SPY (S&P 500 ETF),ppo_profit_only,PPO-Profit,14475.613547336216,0.44756135473362146,0.0094134964584624,0.0
2021-12-13,SPY,SPY (S&P 500 ETF),ppo_profit_only,PPO-Profit,14347.38339404849,0.43473833940484896,-0.008858357047762,0.0
2021-12-14,SPY,SPY (S&P 500 ETF),ppo_profit_only,PPO-Profit,14248.672771372274,0.4248672771372275,-0.0068800435567339,0.0
2021-12-15,SPY,SPY (S&P 500 ETF),ppo_profit_only,PPO-Profit,14471.308928601637,0.4471308928601636,0.015625045279773,0.0
2021-12-16,SPY,SPY (S&P 500 ETF),ppo_profit_only,PPO-Profit,14343.69345272205,0.43436934527220483,-0.008818516452742,0.0
2021-12-17,SPY,SPY (S&P 500 ETF),ppo_profit_only,PPO-Profit,14141.352911226895,0.41413529112268943,-0.0141065857383305,0.0
2021-12-20,SPY,SPY (S&P 500 ETF),ppo_profit_only,PPO-Profit,13990.982171541737,0.3990982171541737,-0.0106334054902044,0.0
2021-12-21,SPY,SPY (S&P 500 ETF),ppo_profit_only,PPO-Profit,14239.447918056176,0.4239447918056176,0.017758992432985,0.0
2021-12-22,SPY,SPY (S&P 500 ETF),ppo_profit_only,PPO-Profit,14381.824097680314,0.43818240976803136,0.0099987148689661,0.0
2021-12-23,SPY,SPY (S&P 500 ETF),ppo_profit_only,PPO-Profit,14471.308928601637,0.4471308928601636,0.0062220779724149,0.0
2021-12-27,SPY,SPY (S&P 500 ETF),ppo_profit_only,PPO-Profit,14676.109118168151,0.467610911816815,0.0141521537945845,0.0
2021-12-28,SPY,SPY (S&P 500 ETF),ppo_profit_only,PPO-Profit,14664.11587041843,0.46641158704184305,-0.0008171953242616,0.0
2021-12-29,SPY,SPY (S&P 500 ETF),ppo_profit_only,PPO-Profit,14682.874323412889,0.4682874323412889,0.0012792079086265,0.0
2021-12-30,SPY,SPY (S&P 500 ETF),ppo_profit_only,PPO-Profit,14642.28309194447,0.464228309194447,-0.0027645289726202,0.0
2021-12-31,SPY,SPY (S&P 500 ETF),ppo_profit_only,PPO-Profit,14605.381801802492,0.4605381801802493,-0.0025201869073463,0.0
2022-01-03,SPY,SPY (S&P 500 ETF),ppo_profit_only,PPO-Profit,14689.9463981423,0.46899463981422995,0.0057899613640617,0.0
2022-01-04,SPY,SPY (S&P 500 ETF),ppo_profit_only,PPO-Profit,14685.026163560784,0.46850261635607837,-0.0003349389063895,0.0
2022-01-05,SPY,SPY (S&P 500 ETF),ppo_profit_only,PPO-Profit,14403.042198746132,0.4403042198746132,-0.0192021424867708,0.0
2022-01-06,SPY,SPY (S&P 500 ETF),ppo_profit_only,PPO-Profit,14389.51178825666,0.4389511788256659,-0.0009394133755054,0.0
2022-01-07,SPY,SPY (S&P 500 ETF),ppo_profit_only,PPO-Profit,14332.62269030394,0.433262269030394,-0.003953511334495,0.0
2022-01-10,SPY,SPY (S&P 500 ETF),ppo_profit_only,PPO-Profit,14314.787661079885,0.4314787661079884,-0.0012443660598223,0.0
2022-01-11,SPY,SPY (S&P 500 ETF),ppo_profit_only,PPO-Profit,14445.1705929543,0.44451705929542995,0.0091082686632446,0.0
2022-01-12,SPY,SPY (S&P 500 ETF),ppo_profit_only,PPO-Profit,14484.223723244171,0.4484223723244172,0.0027035423388437,0.0
2022-01-13,SPY,SPY (S&P 500 ETF),ppo_profit_only,PPO-Profit,14284.65157618264,0.42846515761826387,-0.0137785877154921,0.0
2022-01-14,SPY,SPY (S&P 500 ETF),ppo_profit_only,PPO-Profit,14290.494296095769,0.4290494296095768,0.0004090208208415,0.0
2022-01-18,SPY,SPY (S&P 500 ETF),ppo_profit_only,PPO-Profit,14037.41518448449,0.40374151844844897,-0.0177096121636898,0.0
2022-01-19,SPY,SPY (S&P 500 ETF),ppo_profit_only,PPO-Profit,13891.65687145738,0.38916568714573807,-0.0103835578781067,0.0
2022-01-20,SPY,SPY (S&P 500 ETF),ppo_profit_only,PPO-Profit,13737.90305993046,0.3737903059930461,-0.0110680686220254,0.0
2022-01-21,SPY,SPY (S&P 500 ETF),ppo_profit_only,PPO-Profit,13468.219212350205,0.34682192123502054,-0.0196306413288682,0.0
2022-01-24,SPY,SPY (S&P 500 ETF),ppo_profit_only,PPO-Profit,13525.415179787597,0.35254151797875966,0.0042467357068962,0.0
2022-01-25,SPY,SPY (S&P 500 ETF),ppo_profit_only,PPO-Profit,13360.28373635789,0.33602837363578897,-0.0122089740857995,0.0
2022-01-26,SPY,SPY (S&P 500 ETF),ppo_profit_only,PPO-Profit,13326.765518057677,0.3326765518057677,-0.0025087953939929,0.0
2022-01-27,SPY,SPY (S&P 500 ETF),ppo_profit_only,PPO-Profit,13260.958436273531,0.3260958436273531,-0.0049379635062216,0.0
2022-01-28,SPY,SPY (S&P 500 ETF),ppo_profit_only,PPO-Profit,13590.299776240132,0.3590299776240131,0.0248354100157444,0.0
2022-01-31,SPY,SPY (S&P 500 ETF),ppo_profit_only,PPO-Profit,13835.07558142813,0.3835075581428129,0.0180110673949913,0.0
2022-02-01,SPY,SPY (S&P 500 ETF),ppo_profit_only,PPO-Profit,13928.55816159936,0.39285581615993603,0.0067569258744577,0.0
2022-02-02,SPY,SPY (S&P 500 ETF),ppo_profit_only,PPO-Profit,14063.86132805529,0.40638613280552915,0.0097140827418129,0.0
2022-02-03,SPY,SPY (S&P 500 ETF),ppo_profit_only,PPO-Profit,13733.290633272409,0.3733290633272408,-0.0235049739948333,0.0
2022-02-04,SPY,SPY (S&P 500 ETF),ppo_profit_only,PPO-Profit,13797.867421801477,0.37978674218014774,0.0047022079597305,0.0
2022-02-07,SPY,SPY (S&P 500 ETF),ppo_profit_only,PPO-Profit,13753.586249006616,0.3753586249006615,-0.0032092765817484,0.0
2022-02-08,SPY,SPY (S&P 500 ETF),ppo_profit_only,PPO-Profit,13866.748829065124,0.3866748829065123,0.0082278598475855,0.0
2022-02-09,SPY,SPY (S&P 500 ETF),ppo_profit_only,PPO-Profit,14069.704047968416,0.40697040479684166,0.0146361069494453,0.0
2022-02-10,SPY,SPY (S&P 500 ETF),ppo_profit_only,PPO-Profit,13816.932744280606,0.38169327442806056,-0.0179656446806576,0.0
2022-02-11,SPY,SPY (S&P 500 ETF),ppo_profit_only,PPO-Profit,13544.480502266728,0.3544480502266727,-0.01971872101112,0.0
2022-02-14,SPY,SPY (S&P 500 ETF),ppo_profit_only,PPO-Profit,13500.19932947187,0.35001993294718714,-0.0032693149646785,0.0
2022-02-15,SPY,SPY (S&P 500 ETF),ppo_profit_only,PPO-Profit,13717.915252119716,0.3717915252119717,0.016126867265771,0.0
2022-02-16,SPY,SPY (S&P 500 ETF),ppo_profit_only,PPO-Profit,13733.290633272409,0.3733290633272408,0.0011208249118113,0.0
2022-02-17,SPY,SPY (S&P 500 ETF),ppo_profit_only,PPO-Profit,13439.92809811618,0.34399280981161784,-0.0213614160648054,0.0
2022-02-18,SPY,SPY (S&P 500 ETF),ppo_profit_only,PPO-Profit,13352.90385370501,0.33529038537050093,-0.006475052825868,0.0
2022-02-22,SPY,SPY (S&P 500 ETF),ppo_profit_only,PPO-Profit,13209.605188749263,0.32096051887492627,-0.0107316480763832,0.0
2022-02-23,SPY,SPY (S&P 500 ETF),ppo_profit_only,PPO-Profit,12975.284530132443,0.29752845301324427,-0.0177386572322687,0.0
2022-02-24,SPY,SPY (S&P 500 ETF),ppo_profit_only,PPO-Profit,13170.551120020602,0.31705511200206016,0.0150491181472507,0.0
2022-02-25,SPY,SPY (S&P 500 ETF),ppo_profit_only,PPO-Profit,13461.146199181998,0.3461146199181997,0.0220640029800773,0.0
2022-02-28,SPY,SPY (S&P 500 ETF),ppo_profit_only,PPO-Profit,13426.705495550174,0.3426705495550173,-0.0025585268239577,0.0
2022-03-01,SPY,SPY (S&P 500 ETF),ppo_profit_only,PPO-Profit,13222.213113907124,0.3222213113907124,-0.0152302723635981,0.0
2022-03-02,SPY,SPY (S&P 500 ETF),ppo_profit_only,PPO-Profit,13465.451756355367,0.34654517563553666,0.0183962125215184,0.0
2022-03-03,SPY,SPY (S&P 500 ETF),ppo_profit_only,PPO-Profit,13398.41438131615,0.33984143813161505,-0.0049784720373439,0.0
2022-03-04,SPY,SPY (S&P 500 ETF),ppo_profit_only,PPO-Profit,13289.55735843102,0.3289557358431021,-0.0081246198085148,0.0
2022-03-07,SPY,SPY (S&P 500 ETF),ppo_profit_only,PPO-Profit,12897.792008522048,0.2897792008522049,-0.0294791872552799,0.0
2022-03-08,SPY,SPY (S&P 500 ETF),ppo_profit_only,PPO-Profit,12800.004809616232,0.2800004809616232,-0.0075817007159987,0.0
2022-03-09,SPY,SPY (S&P 500 ETF),ppo_profit_only,PPO-Profit,13143.183429556975,0.3143183429556975,0.0268108196086711,0.0
2022-03-10,SPY,SPY (S&P 500 ETF),ppo_profit_only,PPO-Profit,13083.834683532894,0.30838346835328934,-0.0045155533544951,0.0
2022-03-11,SPY,SPY (S&P 500 ETF),ppo_profit_only,PPO-Profit,12917.472946848113,0.2917472946848112,-0.012715059514942,0.0
2022-03-14,SPY,SPY (S&P 500 ETF),ppo_profit_only,PPO-Profit,12823.06788134527,0.28230678813452714,-0.0073083230668483,0.0
2022-03-15,SPY,SPY (S&P 500 ETF),ppo_profit_only,PPO-Profit,13105.052784598714,0.3105052784598714,0.0219904398746628,0.0
2022-03-16,SPY,SPY (S&P 500 ETF),ppo_profit_only,PPO-Profit,13395.646925321322,0.3395646925321323,0.0221742060485341,0.0
2022-03-17,SPY,SPY (S&P 500 ETF),ppo_profit_only,PPO-Profit,13563.238955261184,0.3563238955261183,0.0125109321613328,0.0
2022-03-18,SPY,SPY (S&P 500 ETF),ppo_profit_only,PPO-Profit,13669.328522151483,0.36693285221514826,0.007821846038416,0.0
2022-03-21,SPY,SPY (S&P 500 ETF),ppo_profit_only,PPO-Profit,13665.331711340366,0.3665331711340367,-0.0002923926222594,0.0
2022-03-22,SPY,SPY (S&P 500 ETF),ppo_profit_only,PPO-Profit,13825.23511226509,0.38252351122650907,0.0117013918361035,0.0
2022-03-23,SPY,SPY (S&P 500 ETF),ppo_profit_only,PPO-Profit,13647.187935754057,0.3647187935754057,-0.012878419431224,0.0
2022-03-24,SPY,SPY (S&P 500 ETF),ppo_profit_only,PPO-Profit,13852.910610652178,0.3852910610652178,0.0150743637346089,0.0
2022-03-25,SPY,SPY (S&P 500 ETF),ppo_profit_only,PPO-Profit,13920.56266309954,0.3920562663099538,0.0048835984255426,0.0
2022-03-28,SPY,SPY (S&P 500 ETF),ppo_profit_only,PPO-Profit,14019.580155260428,0.4019580155260427,0.0071130380687385,0.0
2022-03-29,SPY,SPY (S&P 500 ETF),ppo_profit_only,PPO-Profit,14193.013966674627,0.4193013966674628,0.0123708277632781,0.0
2022-03-30,SPY,SPY (S&P 500 ETF),ppo_profit_only,PPO-Profit,14105.375044855316,0.4105375044855317,-0.0061747928963565,0.0
2022-03-31,SPY,SPY (S&P 500 ETF),ppo_profit_only,PPO-Profit,13888.274738054402,0.38882747380544025,-0.0153913175729486,0.0
2022-04-01,SPY,SPY (S&P 500 ETF),ppo_profit_only,PPO-Profit,13927.635676267742,0.3927635676267742,0.002834112872601,0.0
2022-04-04,SPY,SPY (S&P 500 ETF),ppo_profit_only,PPO-Profit,14046.947845724051,0.40469478457240515,0.0085665774313448,0.0
2022-04-05,SPY,SPY (S&P 500 ETF),ppo_profit_only,PPO-Profit,13869.516285059946,0.3869516285059946,-0.0126313247982988,0.0
2022-04-06,SPY,SPY (S&P 500 ETF),ppo_profit_only,PPO-Profit,13730.83004676225,0.373083004676225,-0.0099993565346678,0.0
2022-04-07,SPY,SPY (S&P 500 ETF),ppo_profit_only,PPO-Profit,13800.019261949365,0.38000192619493656,0.00503896814333,0.0
2022-04-08,SPY,SPY (S&P 500 ETF),ppo_profit_only,PPO-Profit,13763.11891024618,0.37631189102461793,-0.0026739347969556,0.0
2022-04-11,SPY,SPY (S&P 500 ETF),ppo_profit_only,PPO-Profit,13527.875766297746,0.35278757662977456,-0.0170922844947087,0.0
2022-04-12,SPY,SPY (S&P 500 ETF),ppo_profit_only,PPO-Profit,13477.751873589765,0.3477751873589765,-0.0037052301169749,0.0
2022-04-13,SPY,SPY (S&P 500 ETF),ppo_profit_only,PPO-Profit,13632.120362524827,0.36321203625248266,0.0114535784886762,0.0
2022-04-14,SPY,SPY (S&P 500 ETF),ppo_profit_only,PPO-Profit,13462.376492437072,0.34623764924370715,-0.012451758462637,0.0
2022-04-18,SPY,SPY (S&P 500 ETF),ppo_profit_only,PPO-Profit,13467.911404426732,0.3467911404426731,0.0004111392957082,0.0
2022-04-19,SPY,SPY (S&P 500 ETF),ppo_profit_only,PPO-Profit,13685.319519151108,0.3685319519151107,0.0161426748510475,0.0
2022-04-20,SPY,SPY (S&P 500 ETF),ppo_profit_only,PPO-Profit,13675.171242064607,0.36751712420646077,-0.0007415447679024,0.0
2022-04-21,SPY,SPY (S&P 500 ETF),ppo_profit_only,PPO-Profit,13470.67886042156,0.3470678860421559,-0.014953551807383,0.0
2022-04-22,SPY,SPY (S&P 500 ETF),ppo_profit_only,PPO-Profit,13101.055035348803,0.3101055035348803,-0.0274391386583161,0.0
2022-04-25,SPY,SPY (S&P 500 ETF),ppo_profit_only,PPO-Profit,13177.009455780655,0.3177009455780655,0.0057975804411869,0.0
2022-04-26,SPY,SPY (S&P 500 ETF),ppo_profit_only,PPO-Profit,12795.392382958184,0.2795392382958184,-0.0289608256033435,0.0
2022-04-27,SPY,SPY (S&P 500 ETF),ppo_profit_only,PPO-Profit,12831.37024932976,0.2831370249329761,0.0028117829680232,0.0
2022-04-28,SPY,SPY (S&P 500 ETF),ppo_profit_only,PPO-Profit,13155.483546791367,0.31554835467913667,0.0252594454967536,0.0
2022-04-29,SPY,SPY (S&P 500 ETF),ppo_profit_only,PPO-Profit,12669.314069818343,0.26693140698183426,-0.0369556523896531,0.0
2022-05-02,SPY,SPY (S&P 500 ETF),ppo_profit_only,PPO-Profit,12745.576298173664,0.2745576298173664,0.006019444141573,0.0
2022-05-03,SPY,SPY (S&P 500 ETF),ppo_profit_only,PPO-Profit,12804.002558866134,0.28040025588661344,0.0045840422846037,0.0
2022-05-04,SPY,SPY (S&P 500 ETF),ppo_profit_only,PPO-Profit,13193.921999673095,0.3193921999673095,0.0304529336833787,0.0
2022-05-05,SPY,SPY (S&P 500 ETF),ppo_profit_only,PPO-Profit,12724.972874515985,0.2724972874515985,-0.0355428147270182,0.0
2022-05-06,SPY,SPY (S&P 500 ETF),ppo_profit_only,PPO-Profit,12649.018454084136,0.26490184540841355,-0.0059689259207744,0.0
2022-05-09,SPY,SPY (S&P 500 ETF),ppo_profit_only,PPO-Profit,12244.031440047946,0.22440314400479466,-0.0320172680201463,0.0
2022-05-10,SPY,SPY (S&P 500 ETF),ppo_profit_only,PPO-Profit,12272.321615843175,0.22723216158431758,0.0023105278627999,0.0
2022-05-11,SPY,SPY (S&P 500 ETF),ppo_profit_only,PPO-Profit,12077.361895439692,0.2077361895439691,-0.0158861319403327,0.0
2022-05-12,SPY,SPY (S&P 500 ETF),ppo_profit_only,PPO-Profit,12064.753970281832,0.20647539702818318,-0.0010439303936583,0.0
2022-05-13,SPY,SPY (S&P 500 ETF),ppo_profit_only,PPO-Profit,12353.196270856542,0.23531962708565435,0.023907847709552,0.0
2022-05-16,SPY,SPY (S&P 500 ETF),ppo_profit_only,PPO-Profit,12303.07237814856,0.23030723781485585,-0.0040575646665822,0.0
2022-05-17,SPY,SPY (S&P 500 ETF),ppo_profit_only,PPO-Profit,12556.151489759835,0.2556151489759835,0.0205703993143022,0.0
2022-05-18,SPY,SPY (S&P 500 ETF),ppo_profit_only,PPO-Profit,12049.99326653728,0.204999326653728,-0.0403115734654327,0.0
2022-05-19,SPY,SPY (S&P 500 ETF),ppo_profit_only,PPO-Profit,11976.191624692116,0.19761916246921163,-0.0061246210029104,0.0
2022-05-20,SPY,SPY (S&P 500 ETF),ppo_profit_only,PPO-Profit,11981.4196671971,0.19814196671970996,0.0004365363104414,0.0
2022-05-23,SPY,SPY (S&P 500 ETF),ppo_profit_only,PPO-Profit,12205.59298716621,0.22055929871662094,0.0187100799567898,0.0
2022-05-24,SPY,SPY (S&P 500 ETF),ppo_profit_only,PPO-Profit,12112.418214918447,0.21124182149184478,-0.0076337767731344,0.0
2022-05-25,SPY,SPY (S&P 500 ETF),ppo_profit_only,PPO-Profit,12219.430267140357,0.22194302671403565,0.0088349040070385,0.0
2022-05-26,SPY,SPY (S&P 500 ETF),ppo_profit_only,PPO-Profit,12463.59139492021,0.24635913949202104,0.0199813839468796,0.0
2022-05-27,SPY,SPY (S&P 500 ETF),ppo_profit_only,PPO-Profit,12769.561855234298,0.27695618552342993,0.0245491408229889,0.0
2022-05-31,SPY,SPY (S&P 500 ETF),ppo_profit_only,PPO-Profit,12697.912053537031,0.26979120535370305,-0.0056109835646316,0.0
2022-06-01,SPY,SPY (S&P 500 ETF),ppo_profit_only,PPO-Profit,12595.2046200497,0.25952046200497003,-0.0080885292837353,0.0
2022-06-02,SPY,SPY (S&P 500 ETF),ppo_profit_only,PPO-Profit,12835.061129094973,0.28350611290949734,0.0190434785524211,0.0
2022-06-03,SPY,SPY (S&P 500 ETF),ppo_profit_only,PPO-Profit,12624.418219615332,0.2624418219615332,-0.0164115236663849,0.0
2022-06-06,SPY,SPY (S&P 500 ETF),ppo_profit_only,PPO-Profit,12662.856672497062,0.26628566724970626,0.0030447702391549,0.0
2022-06-07,SPY,SPY (S&P 500 ETF),ppo_profit_only,PPO-Profit,12784.321620540057,0.2784321620540058,0.0095922232387584,0.0
2022-06-08,SPY,SPY (S&P 500 ETF),ppo_profit_only,PPO-Profit,12645.328512757684,0.2645328512757683,-0.0108721535571395,0.0
2022-06-09,SPY,SPY (S&P 500 ETF),ppo_profit_only,PPO-Profit,12344.58609494858,0.23445860949485797,-0.0237828868981687,0.0
2022-06-10,SPY,SPY (S&P 500 ETF),ppo_profit_only,PPO-Profit,11986.646771263288,0.19866467712632874,-0.0289956520965706,0.0
2022-06-13,SPY,SPY (S&P 500 ETF),ppo_profit_only,PPO-Profit,11531.535864519114,0.15315358645191135,-0.0379681586876534,0.0
2022-06-14,SPY,SPY (S&P 500 ETF),ppo_profit_only,PPO-Profit,11496.787352963824,0.14967873529638243,-0.0030133463541666,0.0
2022-06-15,SPY,SPY (S&P 500 ETF),ppo_profit_only,PPO-Profit,11660.689441577248,0.16606894415772477,0.0142563381909617,0.0
2022-06-16,SPY,SPY (S&P 500 ETF),ppo_profit_only,PPO-Profit,11274.766811581398,0.12747668115813982,-0.0330960387830764,0.0
2022-06-17,SPY,SPY (S&P 500 ETF),ppo_profit_only,PPO-Profit,11250.473446597283,0.12504734465972844,-0.0021546667341412,0.0
2022-06-21,SPY,SPY (S&P 500 ETF),ppo_profit_only,PPO-Profit,11533.688643105805,0.1533688643105804,0.0251736247236937,0.0
2022-06-22,SPY,SPY (S&P 500 ETF),ppo_profit_only,PPO-Profit,11512.778349963452,0.15127783499634506,-0.0018129753446094,0.0
2022-06-23,SPY,SPY (S&P 500 ETF),ppo_profit_only,PPO-Profit,11625.633122098488,0.16256331220984888,0.0098025662185528,0.0
2022-06-24,SPY,SPY (S&P 500 ETF),ppo_profit_only,PPO-Profit,11995.25694717124,0.199525694717124,0.0317938662944865,0.0
2022-06-27,SPY,SPY (S&P 500 ETF),ppo_profit_only,PPO-Profit,11949.438611636631,0.19494386116366313,-0.0038197043828573,0.0
2022-06-28,SPY,SPY (S&P 500 ETF),ppo_profit_only,PPO-Profit,11705.277483856777,0.17052774838567775,-0.020432853434812,0.0
2022-06-29,SPY,SPY (S&P 500 ETF),ppo_profit_only,PPO-Profit,11695.744822617213,0.16957448226172134,-0.00081439002644,0.0
2022-06-30,SPY,SPY (S&P 500 ETF),ppo_profit_only,PPO-Profit,11600.725079706228,0.1600725079706229,-0.0081243002777586,0.0
2022-07-01,SPY,SPY (S&P 500 ETF),ppo_profit_only,PPO-Profit,11723.420321004298,0.17234203210042986,0.0105765148691185,0.0
2022-07-05,SPY,SPY (S&P 500 ETF),ppo_profit_only,PPO-Profit,11745.560907401725,0.17455609074017242,0.0018885773768393,0.0
2022-07-06,SPY,SPY (S&P 500 ETF),ppo_profit_only,PPO-Profit,11785.229653538532,0.17852296535385315,0.0033773394433473,0.0
2022-07-07,SPY,SPY (S&P 500 ETF),ppo_profit_only,PPO-Profit,11961.738728871029,0.19617387288710297,0.0149771434686889,0.0
2022-07-08,SPY,SPY (S&P 500 ETF),ppo_profit_only,PPO-Profit,11951.899198146784,0.19518991981467848,-0.0008225836516971,0.0
2022-07-11,SPY,SPY (S&P 500 ETF),ppo_profit_only,PPO-Profit,11815.365738435776,0.18153657384357746,-0.0114235785834087,0.0
2022-07-12,SPY,SPY (S&P 500 ETF),ppo_profit_only,PPO-Profit,11710.812395846437,0.17108123958464372,-0.0088489298515088,0.0
2022-07-13,SPY,SPY (S&P 500 ETF),ppo_profit_only,PPO-Profit,11649.310871235668,0.16493108712356674,-0.0052516872896521,0.0
2022-07-14,SPY,SPY (S&P 500 ETF),ppo_profit_only,PPO-Profit,11621.020695440437,0.1621020695440436,-0.0024284849213771,0.0
2022-07-15,SPY,SPY (S&P 500 ETF),ppo_profit_only,PPO-Profit,11843.041236822864,0.18430412368228644,0.0191050809736132,0.0
2022-07-18,SPY,SPY (S&P 500 ETF),ppo_profit_only,PPO-Profit,11745.254037917051,0.17452540379170522,-0.0082569330757512,0.0
2022-07-19,SPY,SPY (S&P 500 ETF),ppo_profit_only,PPO-Profit,12062.601191695136,0.20626011916951348,0.027019181769385,0.0
2022-07-20,SPY,SPY (S&P 500 ETF),ppo_profit_only,PPO-Profit,12139.478097458596,0.21394780974585959,0.0063731615214459,0.0
2022-07-21,SPY,SPY (S&P 500 ETF),ppo_profit_only,PPO-Profit,12263.09676252707,0.22630967625270704,0.0101831943742582,0.0
2022-07-22,SPY,SPY (S&P 500 ETF),ppo_profit_only,PPO-Profit,12149.318566621632,0.2149318566621632,-0.0092780965614749,0.0
2022-07-25,SPY,SPY (S&P 500 ETF),ppo_profit_only,PPO-Profit,12164.079270366185,0.21640792703661837,0.001214940876199,0.0
2022-07-26,SPY,SPY (S&P 500 ETF),ppo_profit_only,PPO-Profit,12020.165928002294,0.20201659280022932,-0.011831009907547,0.0
2022-07-27,SPY,SPY (S&P 500 ETF),ppo_profit_only,PPO-Profit,12332.285977714186,0.23322859777141858,0.0259663678173338,0.0
2022-07-28,SPY,SPY (S&P 500 ETF),ppo_profit_only,PPO-Profit,12486.96227457272,0.24869622745727193,0.0125423864754719,0.0
2022-07-29,SPY,SPY (S&P 500 ETF),ppo_profit_only,PPO-Profit,12669.006261894869,0.26690062618948684,0.014578724858715,0.0
2022-08-01,SPY,SPY (S&P 500 ETF),ppo_profit_only,PPO-Profit,12631.490294344749,0.26314902943447493,-0.0029612399563617,0.0
2022-08-02,SPY,SPY (S&P 500 ETF),ppo_profit_only,PPO-Profit,12548.15599126002,0.25481559912600216,-0.006597345296781,0.0
2022-08-03,SPY,SPY (S&P 500 ETF),ppo_profit_only,PPO-Profit,12744.653812842049,0.27446538128420483,0.0156594978352908,0.0
2022-08-04,SPY,SPY (S&P 500 ETF),ppo_profit_only,PPO-Profit,12736.04363693409,0.2736043636934089,-0.0006755911956809,0.0
2022-08-05,SPY,SPY (S&P 500 ETF),ppo_profit_only,PPO-Profit,12714.517727944803,0.2714517727944803,-0.0016901566611206,0.0
2022-08-08,SPY,SPY (S&P 500 ETF),ppo_profit_only,PPO-Profit,12699.757024200257,0.26997570242002555,-0.0011609330420851,0.0
2022-08-09,SPY,SPY (S&P 500 ETF),ppo_profit_only,PPO-Profit,12649.326262007597,0.26493262620075964,-0.0039710021299272,0.0
2022-08-10,SPY,SPY (S&P 500 ETF),ppo_profit_only,PPO-Profit,12915.012360337949,0.29150123603379496,0.0210039722928438,0.0
2022-08-11,SPY,SPY (S&P 500 ETF),ppo_profit_only,PPO-Profit,12915.012360337949,0.29150123603379496,0.0,0.0
2022-08-12,SPY,SPY (S&P 500 ETF),ppo_profit_only,PPO-Profit,13133.6507683174,0.31336507683174,0.0169290126775947,0.0
2022-08-15,SPY,SPY (S&P 500 ETF),ppo_profit_only,PPO-Profit,13187.7714718365,0.31877714718365,0.0041207661505402,0.0
2022-08-16,SPY,SPY (S&P 500 ETF),ppo_profit_only,PPO-Profit,13213.60293799916,0.32136029379991604,0.0019587438421893,0.0
2022-08-17,SPY,SPY (S&P 500 ETF),ppo_profit_only,PPO-Profit,13119.812549904462,0.31198125499044616,-0.0070980177423811,0.0
2022-08-18,SPY,SPY (S&P 500 ETF),ppo_profit_only,PPO-Profit,13157.944133301517,0.31579441333015157,0.0029064122106936,0.0
2022-08-19,SPY,SPY (S&P 500 ETF),ppo_profit_only,PPO-Profit,12981.127250045558,0.2981127250045559,-0.0134380326793189,0.0
2022-08-22,SPY,SPY (S&P 500 ETF),ppo_profit_only,PPO-Profit,12710.827786618367,0.2710827786618366,-0.0208224954752092,0.0
2022-08-23,SPY,SPY (S&P 500 ETF),ppo_profit_only,PPO-Profit,12680.077024312985,0.26800770243129857,-0.0024192572522898,0.0
2022-08-24,SPY,SPY (S&P 500 ETF),ppo_profit_only,PPO-Profit,12720.6682557814,0.27206682557814,0.0032011817744155,0.0
2022-08-25,SPY,SPY (S&P 500 ETF),ppo_profit_only,PPO-Profit,12900.25259503219,0.2900252595032191,0.0141175239885036,0.0
2022-08-26,SPY,SPY (S&P 500 ETF),ppo_profit_only,PPO-Profit,12463.591394920217,0.2463591394920217,-0.0338490426365859,0.0
2022-08-29,SPY,SPY (S&P 500 ETF),ppo_profit_only,PPO-Profit,12381.179577167097,0.23811795771670963,-0.0066122047122556,0.0
2022-08-30,SPY,SPY (S&P 500 ETF),ppo_profit_only,PPO-Profit,12245.260794864227,0.22452607948642278,-0.0109778540449833,0.0
2022-08-31,SPY,SPY (S&P 500 ETF),ppo_profit_only,PPO-Profit,12152.086022616468,0.21520860226164684,-0.0076090475987934,0.0
2022-09-01,SPY,SPY (S&P 500 ETF),ppo_profit_only,PPO-Profit,12190.21760601352,0.21902176060135203,0.0031378631887633,0.0
2022-09-02,SPY,SPY (S&P 500 ETF),ppo_profit_only,PPO-Profit,12061.678706363531,0.206167870636353,-0.0105444302804388,0.0
2022-09-06,SPY,SPY (S&P 500 ETF),ppo_profit_only,PPO-Profit,12016.16817875239,0.2016168178752391,-0.0037731503813919,0.0
2022-09-07,SPY,SPY (S&P 500 ETF),ppo_profit_only,PPO-Profit,12232.038192298223,0.22320381922982224,0.0179649627347548,0.0
2022-09-08,SPY,SPY (S&P 500 ETF),ppo_profit_only,PPO-Profit,12311.990361979984,0.23119903619799853,0.0065362916976583,0.0
2022-09-09,SPY,SPY (S&P 500 ETF),ppo_profit_only,PPO-Profit,12503.260141057028,0.2503260141057029,0.0155352443799576,0.0
2022-09-12,SPY,SPY (S&P 500 ETF),ppo_profit_only,PPO-Profit,12637.64082218135,0.2637640822181351,0.010747651381183,0.0
2022-09-13,SPY,SPY (S&P 500 ETF),ppo_profit_only,PPO-Profit,12088.12484993434,0.20881248499343408,-0.0434824806290198,0.0
2022-09-14,SPY,SPY (S&P 500 ETF),ppo_profit_only,PPO-Profit,12134.250993392418,0.2134250993392417,0.0038158228865685,0.0
2022-09-15,SPY,SPY (S&P 500 ETF),ppo_profit_only,PPO-Profit,11996.48724042633,0.199648724042633,-0.0113532967993743,0.0
2022-09-16,SPY,SPY (S&P 500 ETF),ppo_profit_only,PPO-Profit,11856.26383938888,0.18562638393888786,-0.0116887050540027,0.0
2022-09-19,SPY,SPY (S&P 500 ETF),ppo_profit_only,PPO-Profit,11948.208318381568,0.1948208318381568,0.0077549285540718,0.0
2022-09-20,SPY,SPY (S&P 500 ETF),ppo_profit_only,PPO-Profit,11811.060181262412,0.18110601812624116,-0.0114785525548765,0.0
2022-09-21,SPY,SPY (S&P 500 ETF),ppo_profit_only,PPO-Profit,11605.030636879612,0.1605030636879612,-0.0174437807631913,0.0
2022-09-22,SPY,SPY (S&P 500 ETF),ppo_profit_only,PPO-Profit,11507.550307458476,0.15075503074584762,-0.0083998338713,0.0
2022-09-23,SPY,SPY (S&P 500 ETF),ppo_profit_only,PPO-Profit,11314.743365641683,0.1314743365641684,-0.0167548206755895,0.0
2022-09-26,SPY,SPY (S&P 500 ETF),ppo_profit_only,PPO-Profit,11202.810140399462,0.12028101403994618,-0.009892687940419,0.0
2022-09-27,SPY,SPY (S&P 500 ETF),ppo_profit_only,PPO-Profit,11174.212156680764,0.11742121566807628,-0.0025527509044867,0.0
2022-09-28,SPY,SPY (S&P 500 ETF),ppo_profit_only,PPO-Profit,11394.079919476506,0.13940799194765052,0.0196763547812439,0.0
2022-09-29,SPY,SPY (S&P 500 ETF),ppo_profit_only,PPO-Profit,11156.069319533244,0.11560693195332439,-0.0208889705553511,0.0
2022-09-30,SPY,SPY (S&P 500 ETF),ppo_profit_only,PPO-Profit,10983.557055011866,0.09835570550118655,-0.0154635346536727,0.0
2022-10-03,SPY,SPY (S&P 500 ETF),ppo_profit_only,PPO-Profit,11273.536518326331,0.12735365183263303,0.0264012343052513,0.0
2022-10-04,SPY,SPY (S&P 500 ETF),ppo_profit_only,PPO-Profit,11622.86566610367,0.162286566610367,0.030986651545366,0.0
2022-10-05,SPY,SPY (S&P 500 ETF),ppo_profit_only,PPO-Profit,11595.804845124723,0.15958048451247242,-0.0023282400189708,0.0
2022-10-06,SPY,SPY (S&P 500 ETF),ppo_profit_only,PPO-Profit,11476.184867744952,0.14761848677449518,-0.0103157977369776,0.0
2022-10-07,SPY,SPY (S&P 500 ETF),ppo_profit_only,PPO-Profit,11156.069319533244,0.11560693195332439,-0.0278938995755834,0.0
2022-10-10,SPY,SPY (S&P 500 ETF),ppo_profit_only,PPO-Profit,11070.889107346502,0.10708891073465021,-0.007635324749874,0.0
2022-10-11,SPY,SPY (S&P 500 ETF),ppo_profit_only,PPO-Profit,11000.777406827776,0.10007774068277753,-0.0063329783036306,0.0
2022-10-12,SPY,SPY (S&P 500 ETF),ppo_profit_only,PPO-Profit,10964.491732532731,0.09644917325327307,-0.0032984645496529,0.0
2022-10-13,SPY,SPY (S&P 500 ETF),ppo_profit_only,PPO-Profit,11253.856518439054,0.12538565184390538,0.0263910806779805,0.0
2022-10-14,SPY,SPY (S&P 500 ETF),ppo_profit_only,PPO-Profit,10997.395273424803,0.09973952734248037,-0.0227887430938938,0.0
2022-10-17,SPY,SPY (S&P 500 ETF),ppo_profit_only,PPO-Profit,11279.994854086392,0.12799948540863926,0.0256969558368507,0.0
2022-10-18,SPY,SPY (S&P 500 ETF),ppo_profit_only,PPO-Profit,11412.530564547493,0.14125305645474917,0.0117496250818844,0.0
2022-10-19,SPY,SPY (S&P 500 ETF),ppo_profit_only,PPO-Profit,11331.655909534124,0.1331655909534124,-0.007086478722309,0.0
2022-10-20,SPY,SPY (S&P 500 ETF),ppo_profit_only,PPO-Profit,11236.636166623142,0.12366361666231418,-0.0083853360594047,0.0
2022-10-21,SPY,SPY (S&P 500 ETF),ppo_profit_only,PPO-Profit,11509.703086045163,0.1509703086045162,0.0243014827011243,0.0
2022-10-24,SPY,SPY (S&P 500 ETF),ppo_profit_only,PPO-Profit,11650.541164490756,0.16505411644907553,0.0122364649541959,0.0
2022-10-25,SPY,SPY (S&P 500 ETF),ppo_profit_only,PPO-Profit,11836.583839501604,0.18365838395016043,0.0159685865561234,0.0
2022-10-26,SPY,SPY (S&P 500 ETF),ppo_profit_only,PPO-Profit,11747.405878064958,0.17474058780649582,-0.0075340962093335,0.0
2022-10-27,SPY,SPY (S&P 500 ETF),ppo_profit_only,PPO-Profit,11684.674998637904,0.16846749986379028,-0.0053399771897033,0.0
2022-10-28,SPY,SPY (S&P 500 ETF),ppo_profit_only,PPO-Profit,11962.66121420265,0.196266121420265,0.0237906673139947,0.0
2022-10-31,SPY,SPY (S&P 500 ETF),ppo_profit_only,PPO-Profit,11876.251647199622,0.18762516471996227,-0.007223272936998,0.0
2022-11-01,SPY,SPY (S&P 500 ETF),ppo_profit_only,PPO-Profit,11824.28278382842,0.18242827838284192,-0.0043758641122645,0.0
2022-11-02,SPY,SPY (S&P 500 ETF),ppo_profit_only,PPO-Profit,11527.53811526922,0.15275381152692202,-0.0250962087074783,0.0
2022-11-03,SPY,SPY (S&P 500 ETF),ppo_profit_only,PPO-Profit,11408.840623221056,0.1408840623221057,-0.0102968639844215,0.0
2022-11-04,SPY,SPY (S&P 500 ETF),ppo_profit_only,PPO-Profit,11573.049581319152,0.15730495813191525,0.0143931327924655,0.0
2022-11-07,SPY,SPY (S&P 500 ETF),ppo_profit_only,PPO-Profit,11683.752513306295,0.16837525133062958,0.009565580032236,0.0
2022-11-08,SPY,SPY (S&P 500 ETF),ppo_profit_only,PPO-Profit,11746.791200656817,0.17467912006568165,0.0053954144679739,0.0
2022-11-09,SPY,SPY (S&P 500 ETF),ppo_profit_only,PPO-Profit,11504.782851463648,0.15047828514636485,-0.0206020814586059,0.0
2022-11-10,SPY,SPY (S&P 500 ETF),ppo_profit_only,PPO-Profit,12137.01844938725,0.2137018449387249,0.0549541530758372,0.0
2022-11-11,SPY,SPY (S&P 500 ETF),ppo_profit_only,PPO-Profit,12254.486586619125,0.22544865866191244,0.0096785003435342,0.0
2022-11-14,SPY,SPY (S&P 500 ETF),ppo_profit_only,PPO-Profit,12150.241051953251,0.21502410519532522,-0.0085067239601616,0.0
2022-11-15,SPY,SPY (S&P 500 ETF),ppo_profit_only,PPO-Profit,12253.870970772192,0.22538709707721916,0.0085290422120702,0.0
2022-11-16,SPY,SPY (S&P 500 ETF),ppo_profit_only,PPO-Profit,12160.389329039755,0.21603893290397558,-0.0076287437623104,0.0
2022-11-17,SPY,SPY (S&P 500 ETF),ppo_profit_only,PPO-Profit,12123.180230974309,0.21231802309743086,-0.0030598607543418,0.0
2022-11-18,SPY,SPY (S&P 500 ETF),ppo_profit_only,PPO-Profit,12178.224358263808,0.21782243582638072,0.0045404032803919,0.0
2022-11-21,SPY,SPY (S&P 500 ETF),ppo_profit_only,PPO-Profit,12133.94318546895,0.21339431854689495,-0.0036360943510462,0.0
2022-11-22,SPY,SPY (S&P 500 ETF),ppo_profit_only,PPO-Profit,12297.229658235436,0.22972296582354357,0.0134569999439284,0.0
2022-11-23,SPY,SPY (S&P 500 ETF),ppo_profit_only,PPO-Profit,12374.722179845834,0.2374722179845834,0.0063016243303628,0.0
2022-11-25,SPY,SPY (S&P 500 ETF),ppo_profit_only,PPO-Profit,12371.953785412214,0.2371953785412213,-0.0002237136634977,0.0
2022-11-28,SPY,SPY (S&P 500 ETF),ppo_profit_only,PPO-Profit,12174.53441693737,0.21745344169373704,-0.01595700823807,0.0
2022-11-29,SPY,SPY (S&P 500 ETF),ppo_profit_only,PPO-Profit,12153.624123795018,0.2153624123795017,-0.0017175435565947,0.0
2022-11-30,SPY,SPY (S&P 500 ETF),ppo_profit_only,PPO-Profit,12536.47055143378,0.25364705514337804,0.0315005979894675,0.0
2022-12-01,SPY,SPY (S&P 500 ETF),ppo_profit_only,PPO-Profit,12527.24569811768,0.25272456981176794,-0.0007358413421267,0.0
2022-12-02,SPY,SPY (S&P 500 ETF),ppo_profit_only,PPO-Profit,12512.7928022966,0.2512792802296602,-0.0011537169597666,0.0
2022-12-05,SPY,SPY (S&P 500 ETF),ppo_profit_only,PPO-Profit,12287.696996995875,0.2287696996995876,-0.0179892537866853,0.0
2022-12-06,SPY,SPY (S&P 500 ETF),ppo_profit_only,PPO-Profit,12110.57230581645,0.21105723058164494,-0.0144147997157424,0.0
2022-12-07,SPY,SPY (S&P 500 ETF),ppo_profit_only,PPO-Profit,12089.969820597564,0.20899698205975636,-0.0017011983165312,0.0
2022-12-08,SPY,SPY (S&P 500 ETF),ppo_profit_only,PPO-Profit,12184.68175558508,0.21846817555850784,0.0078339265021287,0.0
2022-12-09,SPY,SPY (S&P 500 ETF),ppo_profit_only,PPO-Profit,12093.659761924004,0.20936597619240027,-0.0074701986877379,0.0
2022-12-12,SPY,SPY (S&P 500 ETF),ppo_profit_only,PPO-Profit,12268.016997108602,0.22680169971086017,0.0144172433007871,0.0
2022-12-13,SPY,SPY (S&P 500 ETF),ppo_profit_only,PPO-Profit,12360.883961432895,0.23608839614328958,0.0075698431414124,0.0
2022-12-14,SPY,SPY (S&P 500 ETF),ppo_profit_only,PPO-Profit,12281.854277082748,0.22818542770827488,-0.0063935301550218,0.0
2022-12-15,SPY,SPY (S&P 500 ETF),ppo_profit_only,PPO-Profit,11981.419667197108,0.19814196671971085,-0.0244616654055433,0.0
2022-12-16,SPY,SPY (S&P 500 ETF),ppo_profit_only,PPO-Profit,11785.844330946691,0.1785844330946691,-0.0163232189242035,0.0
2022-12-19,SPY,SPY (S&P 500 ETF),ppo_profit_only,PPO-Profit,11685.904353454192,0.1685904353454193,-0.0084796621002435,0.0
2022-12-20,SPY,SPY (S&P 500 ETF),ppo_profit_only,PPO-Profit,11701.89535045382,0.17018953504538215,0.0013684004691429,0.0
2022-12-21,SPY,SPY (S&P 500 ETF),ppo_profit_only,PPO-Profit,11876.86726304656,0.187686726304656,0.0149524420918663,0.0
2022-12-22,SPY,SPY (S&P 500 ETF),ppo_profit_only,PPO-Profit,11707.43026244348,0.17074302624434812,-0.014266135745262,0.0
2022-12-23,SPY,SPY (S&P 500 ETF),ppo_profit_only,PPO-Profit,11774.774506967377,0.1774774506967376,0.0057522652720751,0.0
2022-12-27,SPY,SPY (S&P 500 ETF),ppo_profit_only,PPO-Profit,11728.34055558583,0.172834055558583,-0.0039435108803204,0.0
2022-12-28,SPY,SPY (S&P 500 ETF),ppo_profit_only,PPO-Profit,11582.58224255872,0.15825822425587188,-0.0124278718149677,0.0
2022-12-29,SPY,SPY (S&P 500 ETF),ppo_profit_only,PPO-Profit,11791.072373451676,0.17910723734516765,0.0180003151738379,0.0
2022-12-30,SPY,SPY (S&P 500 ETF),ppo_profit_only,PPO-Profit,11760.013803222824,0.1760013803222824,-0.0026340751074331,0.0
2020-01-02,SPY,SPY (S&P 500 ETF),sac_profit_only,SAC-Profit,10000.0,0.0,0.0,0.0
2020-01-03,SPY,SPY (S&P 500 ETF),sac_profit_only,SAC-Profit,9914.353387491616,-0.008564661250838435,-0.0085646612508384,1.0
2020-01-06,SPY,SPY (S&P 500 ETF),sac_profit_only,SAC-Profit,9952.177162965205,-0.004782283703479551,0.0038150521769082,0.0
2020-01-07,SPY,SPY (S&P 500 ETF),sac_profit_only,SAC-Profit,9924.193856654649,-0.007580614334535163,-0.0028117773480448,0.0
2020-01-08,SPY,SPY (S&P 500 ETF),sac_profit_only,SAC-Profit,9977.085205357462,-0.0022914794642537872,0.0053295360274876,0.0
2020-01-09,SPY,SPY (S&P 500 ETF),sac_profit_only,SAC-Profit,10044.736319366031,0.004473631936603217,0.0067806491190678,0.0
2020-01-10,SPY,SPY (S&P 500 ETF),sac_profit_only,SAC-Profit,10015.830527723869,0.0015830527723867949,-0.0028777053695709,0.0
2020-01-13,SPY,SPY (S&P 500 ETF),sac_profit_only,SAC-Profit,10084.712873426308,0.008471287342630696,0.0068773473664287,0.0
2020-01-14,SPY,SPY (S&P 500 ETF),sac_profit_only,SAC-Profit,10069.337492273617,0.006933749227361563,-0.0015246225991427,0.0
2020-01-15,SPY,SPY (S&P 500 ETF),sac_profit_only,SAC-Profit,10092.092756079188,0.009209275607918732,0.0022598570981489,0.0
2020-01-16,SPY,SPY (S&P 500 ETF),sac_profit_only,SAC-Profit,10176.04267501085,0.017604267501085014,0.0083183855876765,0.0
2020-01-17,SPY,SPY (S&P 500 ETF),sac_profit_only,SAC-Profit,10207.715922647843,0.020771592264784422,0.0031125309364881,0.0
2020-01-21,SPY,SPY (S&P 500 ETF),sac_profit_only,SAC-Profit,10187.727176398314,0.01877271763983135,-0.0019581996992278,0.0
2020-01-22,SPY,SPY (S&P 500 ETF),sac_profit_only,SAC-Profit,10188.957469653393,0.018895746965339244,0.0001207622891519,0.0
2020-01-23,SPY,SPY (S&P 500 ETF),sac_profit_only,SAC-Profit,10200.642909479642,0.020064290947964247,0.0011468729613461,0.0
2020-01-24,SPY,SPY (S&P 500 ETF),sac_profit_only,SAC-Profit,10109.927785303242,0.010992778530324099,-0.0088930790913284,0.0
2020-01-27,SPY,SPY (S&P 500 ETF),sac_profit_only,SAC-Profit,9947.87160579183,-0.0052128394208169615,-0.0160294101948968,0.0
2020-01-28,SPY,SPY (S&P 500 ETF),sac_profit_only,SAC-Profit,10052.117140457702,0.005211714045770144,0.0104791797478747,0.0
2020-01-29,SPY,SPY (S&P 500 ETF),sac_profit_only,SAC-Profit,10043.81383403442,0.004381383403441852,-0.0008260256329346,0.0
2020-01-30,SPY,SPY (S&P 500 ETF),sac_profit_only,SAC-Profit,10076.409567003026,0.007640956700302626,0.0032453541560228,0.0
2020-01-31,SPY,SPY (S&P 500 ETF),sac_profit_only,SAC-Profit,9893.443094349264,-0.010655690565073539,-0.0181579035108814,0.0
2020-02-03,SPY,SPY (S&P 500 ETF),sac_profit_only,SAC-Profit,9966.93692827096,-0.0033063071729040328,0.0074285396116215,0.0
2020-02-04,SPY,SPY (S&P 500 ETF),sac_profit_only,SAC-Profit,10118.84576913466,0.011884576913465894,0.0152412764279479,0.0
2020-02-05,SPY,SPY (S&P 500 ETF),sac_profit_only,SAC-Profit,10235.698290519606,0.02356982905196059,0.0115480089380726,0.0
2020-02-06,SPY,SPY (S&P 500 ETF),sac_profit_only,SAC-Profit,10270.13993259022,0.027013993259022095,0.0033648551464744,0.0
2020-02-07,SPY,SPY (S&P 500 ETF),sac_profit_only,SAC-Profit,10215.403613224187,0.021540361322418766,-0.0053296566283713,0.0
2020-02-10,SPY,SPY (S&P 500 ETF),sac_profit_only,SAC-Profit,10291.664903140716,0.02916649031407159,0.00746532323185,0.0
2020-02-11,SPY,SPY (S&P 500 ETF),sac_profit_only,SAC-Profit,10309.500870803562,0.030950087080356292,0.0017330497864735,0.0
2020-02-12,SPY,SPY (S&P 500 ETF),sac_profit_only,SAC-Profit,10375.922629995846,0.037592262999584625,0.006442771577855,0.0
2020-02-13,SPY,SPY (S&P 500 ETF),sac_profit_only,SAC-Profit,10364.851867577736,0.03648518675777357,-0.0010669665544831,0.0
2020-02-14,SPY,SPY (S&P 500 ETF),sac_profit_only,SAC-Profit,10381.457541985506,0.0381457541985506,0.0016021140118476,0.0
2020-02-18,SPY,SPY (S&P 500 ETF),sac_profit_only,SAC-Profit,10354.704528930028,0.03547045289300277,-0.0025769997081124,0.0
2020-02-19,SPY,SPY (S&P 500 ETF),sac_profit_only,SAC-Profit,10404.212805791078,0.040421280579107766,0.0047812351113185,0.0
2020-02-20,SPY,SPY (S&P 500 ETF),sac_profit_only,SAC-Profit,10361.469734174763,0.03614697341747641,-0.0041082465741686,0.0
2020-02-21,SPY,SPY (S&P 500 ETF),sac_profit_only,SAC-Profit,10254.76455143753,0.025476455143753185,-0.0102982670870807,0.0
2020-02-24,SPY,SPY (S&P 500 ETF),sac_profit_only,SAC-Profit,9914.661195415085,-0.00853388045849146,-0.0331653988072082,0.0
2020-02-25,SPY,SPY (S&P 500 ETF),sac_profit_only,SAC-Profit,9614.225647090652,-0.038577435290934825,-0.0303021497560969,0.0
2020-02-26,SPY,SPY (S&P 500 ETF),sac_profit_only,SAC-Profit,9578.862458127218,-0.04211375418727825,-0.0036782149973914,0.0
2020-02-27,SPY,SPY (S&P 500 ETF),sac_profit_only,SAC-Profit,9148.659593775305,-0.08513404062246954,-0.044911686145666,0.0
2020-02-28,SPY,SPY (S&P 500 ETF),sac_profit_only,SAC-Profit,9110.221140893576,-0.08897788591064237,-0.0042015393061387,0.0
2020-03-02,SPY,SPY (S&P 500 ETF),sac_profit_only,SAC-Profit,9504.753008358588,-0.04952469916414115,0.0433065083013248,0.0
2020-03-03,SPY,SPY (S&P 500 ETF),sac_profit_only,SAC-Profit,9232.60857426818,-0.07673914257318193,-0.0286324572401914,0.0
2020-03-04,SPY,SPY (S&P 500 ETF),sac_profit_only,SAC-Profit,9620.683044411924,-0.0379316955588076,0.0420330253386167,0.0
2020-03-05,SPY,SPY (S&P 500 ETF),sac_profit_only,SAC-Profit,9300.875304123683,-0.06991246958763164,-0.0332416876028356,0.0
2020-03-06,SPY,SPY (S&P 500 ETF),sac_profit_only,SAC-Profit,9147.121492596763,-0.08528785074032363,-0.0165311120189679,0.0
2020-03-09,SPY,SPY (S&P 500 ETF),sac_profit_only,SAC-Profit,8432.78188484351,-0.1567218115156489,-0.0780944703020949,0.0
2020-03-10,SPY,SPY (S&P 500 ETF),sac_profit_only,SAC-Profit,8869.135277032019,-0.11308647229679814,0.0517448925096448,0.0
2020-03-11,SPY,SPY (S&P 500 ETF),sac_profit_only,SAC-Profit,8436.778695654628,-0.15632213043453724,-0.0487484481713842,0.0
2020-03-12,SPY,SPY (S&P 500 ETF),sac_profit_only,SAC-Profit,7629.571654357685,-0.23704283456423159,-0.0956771619140247,0.0
2020-03-13,SPY,SPY (S&P 500 ETF),sac_profit_only,SAC-Profit,8281.795529311421,-0.1718204470688579,0.085486303098184,0.0
2020-03-16,SPY,SPY (S&P 500 ETF),sac_profit_only,SAC-Profit,7375.570526634192,-0.2624429473365808,-0.1094237354049449,0.0
2020-03-17,SPY,SPY (S&P 500 ETF),sac_profit_only,SAC-Profit,7773.792804645041,-0.2226207195354959,0.0539920642847646,0.0
2020-03-18,SPY,SPY (S&P 500 ETF),sac_profit_only,SAC-Profit,7380.182953292242,-0.26198170467077575,-0.0506329228529999,0.0
2020-03-19,SPY,SPY (S&P 500 ETF),sac_profit_only,SAC-Profit,7395.865673149007,-0.2604134326850993,0.0021249771118165,0.0
2020-03-20,SPY,SPY (S&P 500 ETF),sac_profit_only,SAC-Profit,7035.774509315816,-0.29642254906841836,-0.0486881698163498,0.0
2020-03-23,SPY,SPY (S&P 500 ETF),sac_profit_only,SAC-Profit,6855.88236214156,-0.314411763785844,-0.0255682081533551,0.0
2020-03-24,SPY,SPY (S&P 500 ETF),sac_profit_only,SAC-Profit,7477.047666866445,-0.25229523331335546,0.090603261828847,0.0
2020-03-25,SPY,SPY (S&P 500 ETF),sac_profit_only,SAC-Profit,7588.980422889267,-0.24110195771107323,0.0149701808801938,0.0
2020-03-26,SPY,SPY (S&P 500 ETF),sac_profit_only,SAC-Profit,8032.099489541906,-0.19679005104580938,0.058389802313383,0.0
2020-03-27,SPY,SPY (S&P 500 ETF),sac_profit_only,SAC-Profit,7792.858127124173,-0.22071418728758274,-0.0297856572530301,0.0
2020-03-30,SPY,SPY (S&P 500 ETF),sac_profit_only,SAC-Profit,8045.9367695160545,-0.19540632304839456,0.0324757153618651,0.0
2020-03-31,SPY,SPY (S&P 500 ETF),sac_profit_only,SAC-Profit,7926.008984212814,-0.20739910157871866,-0.0149053850084449,0.0
2020-04-01,SPY,SPY (S&P 500 ETF),sac_profit_only,SAC-Profit,7569.299953782597,-0.24307000462174033,-0.0450048733405067,0.0
2020-04-02,SPY,SPY (S&P 500 ETF),sac_profit_only,SAC-Profit,7743.964527671265,-0.22560354723287346,0.0230753933593796,0.0
2020-04-03,SPY,SPY (S&P 500 ETF),sac_profit_only,SAC-Profit,7632.031771648442,-0.2367968228351558,-0.0144541927617123,0.0
2020-04-06,SPY,SPY (S&P 500 ETF),sac_profit_only,SAC-Profit,8144.646453753476,-0.18553535462465243,0.0671662143767928,0.0
2020-04-07,SPY,SPY (S&P 500 ETF),sac_profit_only,SAC-Profit,8152.949760176756,-0.18470502398232436,0.0010194802770664,0.0
2020-04-08,SPY,SPY (S&P 500 ETF),sac_profit_only,SAC-Profit,8426.631357006918,-0.15733686429930827,0.0335684144856338,0.0
2020-04-09,SPY,SPY (S&P 500 ETF),sac_profit_only,SAC-Profit,8554.862448733438,-0.1445137551266562,0.0152173610418941,0.0
2020-04-13,SPY,SPY (S&P 500 ETF),sac_profit_only,SAC-Profit,8476.7552497149,-0.15232447502850988,-0.0091301525286477,0.0
2020-04-14,SPY,SPY (S&P 500 ETF),sac_profit_only,SAC-Profit,8726.759097407883,-0.12732409025921165,0.0294928708365609,0.0
2020-04-15,SPY,SPY (S&P 500 ETF),sac_profit_only,SAC-Profit,8541.332038243967,-0.14586679617560327,-0.0212481010526569,0.0
2020-04-16,SPY,SPY (S&P 500 ETF),sac_profit_only,SAC-Profit,8582.537947120529,-0.14174620528794712,0.0048242954017079,0.0
2020-04-17,SPY,SPY (S&P 500 ETF),sac_profit_only,SAC-Profit,8814.398957665988,-0.11856010423340124,0.0270154366894759,0.0
2020-04-20,SPY,SPY (S&P 500 ETF),sac_profit_only,SAC-Profit,8659.107044960523,-0.13408929550394766,-0.0176179809254498,0.0
2020-04-21,SPY,SPY (S&P 500 ETF),sac_profit_only,SAC-Profit,8396.188402625005,-0.16038115973749956,-0.030363251195576,0.0
2020-04-22,SPY,SPY (S&P 500 ETF),sac_profit_only,SAC-Profit,8582.53794712053,-0.1417462052879469,0.0221945406128887,0.0
2020-04-23,SPY,SPY (S&P 500 ETF),sac_profit_only,SAC-Profit,8581.922331273596,-0.1418077668726404,-7.172888144835188e-05,0.0
2020-04-24,SPY,SPY (S&P 500 ETF),sac_profit_only,SAC-Profit,8701.54324709216,-0.12984567529078395,0.0139387087415894,0.0
2020-04-27,SPY,SPY (S&P 500 ETF),sac_profit_only,SAC-Profit,8827.005944385062,-0.11729940556149376,0.0144184420774817,0.0
2020-04-28,SPY,SPY (S&P 500 ETF),sac_profit_only,SAC-Profit,8786.415651355437,-0.1213584348644563,-0.0045984213996643,0.0
2020-04-29,SPY,SPY (S&P 500 ETF),sac_profit_only,SAC-Profit,9016.430752798886,-0.09835692472011137,0.0261784908170108,0.0
2020-04-30,SPY,SPY (S&P 500 ETF),sac_profit_only,SAC-Profit,8932.481772306013,-0.10675182276939865,-0.0093106665813201,0.0
2020-05-01,SPY,SPY (S&P 500 ETF),sac_profit_only,SAC-Profit,8696.008335102504,-0.13039916648974959,-0.0264734307028382,0.0
2020-05-04,SPY,SPY (S&P 500 ETF),sac_profit_only,SAC-Profit,8719.993892163151,-0.12800061078368485,0.0027582260890697,0.0
2020-05-05,SPY,SPY (S&P 500 ETF),sac_profit_only,SAC-Profit,8800.560739253051,-0.11994392607469495,0.0092393237984154,0.0
2020-05-06,SPY,SPY (S&P 500 ETF),sac_profit_only,SAC-Profit,8740.904185305502,-0.12590958146944975,-0.0067787219150097,0.0
2020-05-07,SPY,SPY (S&P 500 ETF),sac_profit_only,SAC-Profit,8846.37907478766,-0.11536209252123408,0.0120668168013411,0.0
2020-05-08,SPY,SPY (S&P 500 ETF),sac_profit_only,SAC-Profit,8992.7530036617,-0.1007246996338299,0.0165461967700673,0.0
2020-05-11,SPY,SPY (S&P 500 ETF),sac_profit_only,SAC-Profit,8994.597974324919,-0.10054020256750806,0.0002051619412284,0.0
2020-05-12,SPY,SPY (S&P 500 ETF),sac_profit_only,SAC-Profit,8815.321442997596,-0.11846785570024043,-0.0199315780248398,0.0
2020-05-13,SPY,SPY (S&P 500 ETF),sac_profit_only,SAC-Profit,8659.414852883987,-0.13405851471160135,-0.017685865583206,0.0
2020-05-14,SPY,SPY (S&P 500 ETF),sac_profit_only,SAC-Profit,8763.044771702926,-0.12369552282970742,0.0119673119465371,0.0
2020-05-15,SPY,SPY (S&P 500 ETF),sac_profit_only,SAC-Profit,8803.328195247876,-0.11966718047521241,0.0045969665332568,0.0
2020-05-18,SPY,SPY (S&P 500 ETF),sac_profit_only,SAC-Profit,9071.47488008838,-0.09285251199116196,0.0304596942080668,0.0
2020-05-19,SPY,SPY (S&P 500 ETF),sac_profit_only,SAC-Profit,8978.300107840616,-0.10216998921593845,-0.0102711823027012,0.0
2020-05-20,SPY,SPY (S&P 500 ETF),sac_profit_only,SAC-Profit,9130.82362611246,-0.08691763738875402,0.016988017379665,0.0
2020-05-21,SPY,SPY (S&P 500 ETF),sac_profit_only,SAC-Profit,9067.78493876194,-0.09322150612380598,-0.0069039431634888,0.0
2020-05-22,SPY,SPY (S&P 500 ETF),sac_profit_only,SAC-Profit,9085.00529057785,-0.091499470942215,0.001899069280117,0.0
2020-05-26,SPY,SPY (S&P 500 ETF),sac_profit_only,SAC-Profit,9196.937577381275,-0.08030624226187244,0.0123205527375436,0.0
2020-05-27,SPY,SPY (S&P 500 ETF),sac_profit_only,SAC-Profit,9333.778845015751,-0.0666221154984249,0.0148790036338857,0.0
2020-05-28,SPY,SPY (S&P 500 ETF),sac_profit_only,SAC-Profit,9316.558493199842,-0.06834415068001576,-0.0018449496288533,0.0
2020-05-29,SPY,SPY (S&P 500 ETF),sac_profit_only,SAC-Profit,9358.07220999987,-0.06419277900001308,0.0044559068491147,0.0
2020-06-01,SPY,SPY (S&P 500 ETF),sac_profit_only,SAC-Profit,9395.895047034664,-0.06041049529653353,0.004041733830006,0.0
2020-06-02,SPY,SPY (S&P 500 ETF),sac_profit_only,SAC-Profit,9473.694438129734,-0.05263055618702661,0.0082801468838908,0.0
2020-06-03,SPY,SPY (S&P 500 ETF),sac_profit_only,SAC-Profit,9599.77275126957,-0.040022724873043036,0.013308252019655,0.0
2020-06-04,SPY,SPY (S&P 500 ETF),sac_profit_only,SAC-Profit,9574.556900953845,-0.04254430990461555,-0.0026267132534349,0.0
2020-06-05,SPY,SPY (S&P 500 ETF),sac_profit_only,SAC-Profit,9819.948321988775,-0.01800516780112249,0.0256295328936302,0.0
2020-06-08,SPY,SPY (S&P 500 ETF),sac_profit_only,SAC-Profit,9938.646752475732,-0.006135324752426841,0.012087480157219,0.0
2020-06-09,SPY,SPY (S&P 500 ETF),sac_profit_only,SAC-Profit,9864.5373027071,-0.013546269729289961,-0.0074566942174668,0.0
2020-06-10,SPY,SPY (S&P 500 ETF),sac_profit_only,SAC-Profit,9809.4931754176,-0.019050682458240042,-0.0055800009265913,0.0
2020-06-11,SPY,SPY (S&P 500 ETF),sac_profit_only,SAC-Profit,9243.98620617096,-0.07560137938290412,-0.0576489487411835,0.0
2020-06-12,SPY,SPY (S&P 500 ETF),sac_profit_only,SAC-Profit,9354.689138158104,-0.06453108618418957,0.0119756703999882,0.0
2020-06-15,SPY,SPY (S&P 500 ETF),sac_profit_only,SAC-Profit,9442.02119049274,-0.05579788095072602,0.0093356445141941,0.0
2020-06-16,SPY,SPY (S&P 500 ETF),sac_profit_only,SAC-Profit,9623.758308330216,-0.037624169166978416,0.0192476922229818,0.0
2020-06-17,SPY,SPY (S&P 500 ETF),sac_profit_only,SAC-Profit,9583.782692708734,-0.04162173072912667,-0.0041538465889028,0.0
2020-06-18,SPY,SPY (S&P 500 ETF),sac_profit_only,SAC-Profit,9587.472634035174,-0.04125273659648265,0.0003850193023728,0.0
2020-06-19,SPY,SPY (S&P 500 ETF),sac_profit_only,SAC-Profit,9490.915728384438,-0.05090842716155619,-0.0100711531950519,0.0
2020-06-22,SPY,SPY (S&P 500 ETF),sac_profit_only,SAC-Profit,9551.801637148272,-0.04481983628517283,0.0064151774714154,0.0
2020-06-23,SPY,SPY (S&P 500 ETF),sac_profit_only,SAC-Profit,9595.775002019662,-0.040422499798033806,0.0046036723271525,0.0
2020-06-24,SPY,SPY (S&P 500 ETF),sac_profit_only,SAC-Profit,9350.999196831664,-0.06490008031683359,-0.0255087061895967,0.0
2020-06-25,SPY,SPY (S&P 500 ETF),sac_profit_only,SAC-Profit,9451.24698224763,-0.05487530177523692,0.0107205426185825,0.0
2020-06-26,SPY,SPY (S&P 500 ETF),sac_profit_only,SAC-Profit,9226.76585435505,-0.07732341456449499,-0.0237514825624836,0.0
2020-06-29,SPY,SPY (S&P 500 ETF),sac_profit_only,SAC-Profit,9362.37682873445,-0.063762317126555,0.014697563211208,0.0
2020-06-30,SPY,SPY (S&P 500 ETF),sac_profit_only,SAC-Profit,9482.304614037692,-0.05176953859623079,0.0128095447872986,0.0
2020-07-01,SPY,SPY (S&P 500 ETF),sac_profit_only,SAC-Profit,9548.726373229976,-0.04512736267700235,0.007004811793744,0.0
2020-07-02,SPY,SPY (S&P 500 ETF),sac_profit_only,SAC-Profit,9601.310852448112,-0.03986891475518883,0.0055069626212724,0.0
2020-07-06,SPY,SPY (S&P 500 ETF),sac_profit_only,SAC-Profit,9749.528813546583,-0.025047118645341704,0.0154372630337948,0.0
2020-07-07,SPY,SPY (S&P 500 ETF),sac_profit_only,SAC-Profit,9648.974158645942,-0.03510258413540579,-0.0103137963714641,0.0
2020-07-08,SPY,SPY (S&P 500 ETF),sac_profit_only,SAC-Profit,9722.775800491108,-0.0277224199508892,0.0076486516215854,0.0
2020-07-09,SPY,SPY (S&P 500 ETF),sac_profit_only,SAC-Profit,9667.424803716933,-0.0332575196283067,-0.0056929212305173,0.0
2020-07-10,SPY,SPY (S&P 500 ETF),sac_profit_only,SAC-Profit,9766.134487954352,-0.023386551204564787,0.0102105458528594,0.0
2020-07-13,SPY,SPY (S&P 500 ETF),sac_profit_only,SAC-Profit,9681.569891614545,-0.03184301083854557,-0.0086589629135366,0.0
2020-07-14,SPY,SPY (S&P 500 ETF),sac_profit_only,SAC-Profit,9807.033527346235,-0.0192966472653765,0.0129590177147156,0.0
2020-07-15,SPY,SPY (S&P 500 ETF),sac_profit_only,SAC-Profit,9897.1330356757,-0.010286696432429965,0.009187233639839,0.0
2020-07-16,SPY,SPY (S&P 500 ETF),sac_profit_only,SAC-Profit,9864.537302707096,-0.013546269729290406,-0.003293452038192,0.0
2020-07-17,SPY,SPY (S&P 500 ETF),sac_profit_only,SAC-Profit,9893.135286425791,-0.010686471357420846,0.0028990699554503,0.0
2020-07-20,SPY,SPY (S&P 500 ETF),sac_profit_only,SAC-Profit,9973.08745610755,-0.0026912543892448904,0.0080815805472163,0.0
2020-07-21,SPY,SPY (S&P 500 ETF),sac_profit_only,SAC-Profit,9994.30555717337,-0.0005694442826630342,0.0021275358467678,0.0
2020-07-22,SPY,SPY (S&P 500 ETF),sac_profit_only,SAC-Profit,10051.193716687298,0.005119371668729666,0.0056920572608565,0.0
2020-07-23,SPY,SPY (S&P 500 ETF),sac_profit_only,SAC-Profit,9931.265931384056,-0.006873406861594433,-0.0119316957451665,0.0
2020-07-24,SPY,SPY (S&P 500 ETF),sac_profit_only,SAC-Profit,9867.304758701925,-0.01326952412980753,-0.0064403846522733,0.0
2020-07-27,SPY,SPY (S&P 500 ETF),sac_profit_only,SAC-Profit,9939.261429883867,-0.006073857011613337,0.0072924342504456,0.0
2020-07-28,SPY,SPY (S&P 500 ETF),sac_profit_only,SAC-Profit,9876.222742533348,-0.012377725746665291,-0.0063423915142212,0.0
2020-07-29,SPY,SPY (S&P 500 ETF),sac_profit_only,SAC-Profit,9997.687690576342,-0.0002312309423657677,0.0122987250500019,0.0
2020-07-30,SPY,SPY (S&P 500 ETF),sac_profit_only,SAC-Profit,9962.016693689442,-0.003798330631055835,-0.0035679247032813,0.0
2020-07-31,SPY,SPY (S&P 500 ETF),sac_profit_only,SAC-Profit,10040.738570116124,0.004073857011612336,0.0079022028216986,0.0
2020-08-03,SPY,SPY (S&P 500 ETF),sac_profit_only,SAC-Profit,10110.543401150171,0.011054340115017158,0.0069521609935951,0.0
2020-08-04,SPY,SPY (S&P 500 ETF),sac_profit_only,SAC-Profit,10149.596531440044,0.014959653144004381,0.0038626143759423,0.0
2020-08-05,SPY,SPY (S&P 500 ETF),sac_profit_only,SAC-Profit,10212.635218790569,0.02126352187905689,0.0062109550025215,0.0
2020-08-06,SPY,SPY (S&P 500 ETF),sac_profit_only,SAC-Profit,10280.901948646071,0.028090194864607065,0.0066845362037311,0.0
2020-08-07,SPY,SPY (S&P 500 ETF),sac_profit_only,SAC-Profit,10288.28276973774,0.028828276973773992,0.000717915716786,0.0
2020-08-10,SPY,SPY (S&P 500 ETF),sac_profit_only,SAC-Profit,10319.033532043124,0.03190335320431248,0.0029889110742402,0.0
2020-08-11,SPY,SPY (S&P 500 ETF),sac_profit_only,SAC-Profit,10233.853319856384,0.023385331985638302,-0.0082546695794945,0.0
2020-08-12,SPY,SPY (S&P 500 ETF),sac_profit_only,SAC-Profit,10376.537307403984,0.03765373074039835,0.0139423522194477,0.0
2020-08-13,SPY,SPY (S&P 500 ETF),sac_profit_only,SAC-Profit,10357.77885440953,0.03577788544095295,-0.00180777579637,0.0
2020-08-14,SPY,SPY (S&P 500 ETF),sac_profit_only,SAC-Profit,10358.086662332997,0.0358086662332997,2.971756085878852e-05,0.0
2020-08-17,SPY,SPY (S&P 500 ETF),sac_profit_only,SAC-Profit,10390.990203225068,0.03909902032250678,0.0031766041320859,0.0
2020-08-18,SPY,SPY (S&P 500 ETF),sac_profit_only,SAC-Profit,10413.438597545965,0.041343859754596535,0.0021603710408588,0.0
2020-08-19,SPY,SPY (S&P 500 ETF),sac_profit_only,SAC-Profit,10370.079910082715,0.03700799100827146,-0.0041637243123001,0.0
2020-08-20,SPY,SPY (S&P 500 ETF),sac_profit_only,SAC-Profit,10402.367835127854,0.04023678351278548,0.0031135656933312,0.0
2020-08-21,SPY,SPY (S&P 500 ETF),sac_profit_only,SAC-Profit,10439.269125269831,0.04392691252698322,0.0035473933172565,0.0
2020-08-24,SPY,SPY (S&P 500 ETF),sac_profit_only,SAC-Profit,10545.051822675456,0.05450518226754553,0.0101331516733831,0.0
2020-08-25,SPY,SPY (S&P 500 ETF),sac_profit_only,SAC-Profit,10581.95217437864,0.058195217437864155,0.0034993049179556,0.0
2020-08-26,SPY,SPY (S&P 500 ETF),sac_profit_only,SAC-Profit,10688.042679707733,0.06880426797077321,0.0100256080901557,0.0
2020-08-27,SPY,SPY (S&P 500 ETF),sac_profit_only,SAC-Profit,10711.412620921446,0.07114126209214455,0.0021865501396325,0.0
2020-08-28,SPY,SPY (S&P 500 ETF),sac_profit_only,SAC-Profit,10780.60183610856,0.0780601836108561,0.0064593922049063,0.0
2020-08-31,SPY,SPY (S&P 500 ETF),sac_profit_only,SAC-Profit,10741.548705818686,0.07415487058186865,-0.0036225371165337,0.0
2020-09-01,SPY,SPY (S&P 500 ETF),sac_profit_only,SAC-Profit,10842.718976566264,0.08427189765662635,0.0094185925622414,0.0
2020-09-02,SPY,SPY (S&P 500 ETF),sac_profit_only,SAC-Profit,10999.548052011482,0.09995480520114808,0.0144639989087758,0.0
2020-09-03,SPY,SPY (S&P 500 ETF),sac_profit_only,SAC-Profit,10621.006243107304,0.06210062431073049,-0.0344143056709456,0.0
2020-09-04,SPY,SPY (S&P 500 ETF),sac_profit_only,SAC-Profit,10534.288868180807,0.05342888681808078,-0.0081647042607447,0.0
2020-09-08,SPY,SPY (S&P 500 ETF),sac_profit_only,SAC-Profit,10246.46124501424,0.024646124501424005,-0.0273229286540604,0.0
2020-09-09,SPY,SPY (S&P 500 ETF),sac_profit_only,SAC-Profit,10448.801786509392,0.044880178650939184,0.0197473582983205,0.0
2020-09-10,SPY,SPY (S&P 500 ETF),sac_profit_only,SAC-Profit,10267.372476595385,0.026737247659538443,-0.0173636473943121,0.0
2020-09-11,SPY,SPY (S&P 500 ETF),sac_profit_only,SAC-Profit,10272.599580661576,0.027259958066157663,0.0005090985135784,0.0
2020-09-14,SPY,SPY (S&P 500 ETF),sac_profit_only,SAC-Profit,10407.902747117509,0.040790274711750785,0.0131712684207652,0.0
2020-09-15,SPY,SPY (S&P 500 ETF),sac_profit_only,SAC-Profit,10460.487226335646,0.04604872263356463,0.0050523607393142,0.0
2020-09-16,SPY,SPY (S&P 500 ETF),sac_profit_only,SAC-Profit,10418.97350953562,0.04189735095356206,-0.0039686217192169,0.0
2020-09-17,SPY,SPY (S&P 500 ETF),sac_profit_only,SAC-Profit,10327.335900027609,0.03273359000276077,-0.008795262741012,0.0
2020-09-18,SPY,SPY (S&P 500 ETF),sac_profit_only,SAC-Profit,10167.73936858756,0.016773936858756056,-0.0154537949559305,0.0
2020-09-21,SPY,SPY (S&P 500 ETF),sac_profit_only,SAC-Profit,10054.576788529055,0.00545767885290549,-0.0111295712799357,0.0
2020-09-22,SPY,SPY (S&P 500 ETF),sac_profit_only,SAC-Profit,10156.976414092918,0.01569764140929175,0.0101843794838472,0.0
2020-09-23,SPY,SPY (S&P 500 ETF),sac_profit_only,SAC-Profit,9921.426400659811,-0.007857359934018815,-0.023190958000678,0.0
2020-09-24,SPY,SPY (S&P 500 ETF),sac_profit_only,SAC-Profit,9947.871605791825,-0.005212839420817517,0.0026654640234242,0.0
2020-09-25,SPY,SPY (S&P 500 ETF),sac_profit_only,SAC-Profit,10108.698430486947,0.01086984304869465,0.0161669582266712,0.0
2020-09-28,SPY,SPY (S&P 500 ETF),sac_profit_only,SAC-Profit,10276.597329911485,0.027659732991148545,0.0166093489264818,0.0
2020-09-29,SPY,SPY (S&P 500 ETF),sac_profit_only,SAC-Profit,10220.630717290376,0.022063071729037542,-0.0054460256468559,0.0
2020-09-30,SPY,SPY (S&P 500 ETF),sac_profit_only,SAC-Profit,10298.123238900773,0.029812323890077375,0.0075819705998476,0.0
2020-10-01,SPY,SPY (S&P 500 ETF),sac_profit_only,SAC-Profit,10364.23719016959,0.036423719016958955,0.0064200000072902,0.0
2020-10-02,SPY,SPY (S&P 500 ETF),sac_profit_only,SAC-Profit,10265.834375416844,0.026583437541684463,-0.0094944580046932,0.0
2020-10-05,SPY,SPY (S&P 500 ETF),sac_profit_only,SAC-Profit,10447.879301177789,0.04478793011777893,0.0177330861870204,0.0
2020-10-06,SPY,SPY (S&P 500 ETF),sac_profit_only,SAC-Profit,10299.352593717058,0.029935259371705714,-0.014215967009112,0.0
2020-10-07,SPY,SPY (S&P 500 ETF),sac_profit_only,SAC-Profit,10478.630063483171,0.047863006348317194,0.0174066736850506,0.0
2020-10-08,SPY,SPY (S&P 500 ETF),sac_profit_only,SAC-Profit,10571.497027807469,0.057149702780746825,0.0088625100572952,0.0
2020-10-09,SPY,SPY (S&P 500 ETF),sac_profit_only,SAC-Profit,10665.902093310307,0.06659020933103066,0.0089301510708006,0.0
2020-10-12,SPY,SPY (S&P 500 ETF),sac_profit_only,SAC-Profit,10837.490934061285,0.08374909340612846,0.0160876069599962,0.0
2020-10-13,SPY,SPY (S&P 500 ETF),sac_profit_only,SAC-Profit,10766.764556134418,0.07667645561344183,-0.0065260841607331,0.0
2020-10-14,SPY,SPY (S&P 500 ETF),sac_profit_only,SAC-Profit,10699.112503687056,0.0699112503687056,-0.0062834152353425,0.0
2020-10-15,SPY,SPY (S&P 500 ETF),sac_profit_only,SAC-Profit,10685.88990112105,0.06858899011210506,-0.0012358597557927,0.0
2020-10-16,SPY,SPY (S&P 500 ETF),sac_profit_only,SAC-Profit,10679.43250379978,0.06794325037997795,-0.0006042919570594,0.0
2020-10-19,SPY,SPY (S&P 500 ETF),sac_profit_only,SAC-Profit,10517.068516364903,0.05170685163649025,-0.0152034284010041,0.0
2020-10-20,SPY,SPY (S&P 500 ETF),sac_profit_only,SAC-Profit,10559.196910573071,0.05591969105730721,0.0040057164353941,0.0
2020-10-21,SPY,SPY (S&P 500 ETF),sac_profit_only,SAC-Profit,10539.209102762332,0.05392091027623325,-0.0018929287880526,0.0
2020-10-22,SPY,SPY (S&P 500 ETF),sac_profit_only,SAC-Profit,10597.01974760787,0.05970197476078698,0.0054852925188082,0.0
2020-10-23,SPY,SPY (S&P 500 ETF),sac_profit_only,SAC-Profit,10632.998552418238,0.0632998552418238,0.0033951814441497,0.0
2020-10-26,SPY,SPY (S&P 500 ETF),sac_profit_only,SAC-Profit,10436.501669275003,0.043650166927500234,-0.0184799125265135,0.0
2020-10-27,SPY,SPY (S&P 500 ETF),sac_profit_only,SAC-Profit,10400.522864464636,0.040052286446463636,-0.003447400858114,0.0
2020-10-28,SPY,SPY (S&P 500 ETF),sac_profit_only,SAC-Profit,10045.044127289497,0.004504412728949747,-0.0341789294449512,0.0
2020-10-29,SPY,SPY (S&P 500 ETF),sac_profit_only,SAC-Profit,10147.136883368685,0.014713688336868369,0.0101634950315279,0.0
2020-10-30,SPY,SPY (S&P 500 ETF),sac_profit_only,SAC-Profit,10041.354185963057,0.004135418596305618,-0.0104248812863662,0.0
2020-11-02,SPY,SPY (S&P 500 ETF),sac_profit_only,SAC-Profit,10153.90208861342,0.015390208861342014,0.0112084386792863,0.0
2020-11-03,SPY,SPY (S&P 500 ETF),sac_profit_only,SAC-Profit,10333.178619940742,0.03331786199407416,0.0176559247629897,0.0
2020-11-04,SPY,SPY (S&P 500 ETF),sac_profit_only,SAC-Profit,10564.11714515459,0.05641171451545901,0.0223492241553038,0.0
2020-11-05,SPY,SPY (S&P 500 ETF),sac_profit_only,SAC-Profit,10770.14668953739,0.07701466895373899,0.019502769758408,0.0
2020-11-06,SPY,SPY (S&P 500 ETF),sac_profit_only,SAC-Profit,10767.687041466028,0.07676870414660275,-0.0002283764689808,0.0
2020-11-09,SPY,SPY (S&P 500 ETF),sac_profit_only,SAC-Profit,10902.99020792196,0.09029902079219587,0.0125656666965601,0.0
2020-11-10,SPY,SPY (S&P 500 ETF),sac_profit_only,SAC-Profit,10887.000149361127,0.08870001493611279,-0.0014665755224849,0.0
2020-11-11,SPY,SPY (S&P 500 ETF),sac_profit_only,SAC-Profit,10967.874804374494,0.09678748043744956,0.0074285527605244,0.0
2020-11-12,SPY,SPY (S&P 500 ETF),sac_profit_only,SAC-Profit,10861.476491121935,0.08614764911219353,-0.0097009051571341,0.0
2020-11-13,SPY,SPY (S&P 500 ETF),sac_profit_only,SAC-Profit,11011.848169245884,0.10118481692458836,0.0138444969472484,0.0
2020-11-16,SPY,SPY (S&P 500 ETF),sac_profit_only,SAC-Profit,11149.304114288509,0.11493041142885096,0.0124825499707226,0.0
2020-11-17,SPY,SPY (S&P 500 ETF),sac_profit_only,SAC-Profit,11089.339752417489,0.10893397524174886,-0.0053783053414221,0.0
2020-11-18,SPY,SPY (S&P 500 ETF),sac_profit_only,SAC-Profit,10955.881556624776,0.09558815566247758,-0.0120348189136886,0.0
2020-11-19,SPY,SPY (S&P 500 ETF),sac_profit_only,SAC-Profit,11002.007700082851,0.1002007700082852,0.0042101717894336,0.0
2020-11-20,SPY,SPY (S&P 500 ETF),sac_profit_only,SAC-Profit,10926.667957059144,0.0926667957059144,-0.006847817696323,0.0
2020-11-23,SPY,SPY (S&P 500 ETF),sac_profit_only,SAC-Profit,10992.167230919818,0.09921672309198182,0.005994441683236,0.0
2020-11-24,SPY,SPY (S&P 500 ETF),sac_profit_only,SAC-Profit,11169.291922099244,0.11692919220992448,0.0161137187470359,0.0
2020-11-25,SPY,SPY (S&P 500 ETF),sac_profit_only,SAC-Profit,11152.071570283331,0.11520715702833306,-0.0015417585945479,0.0
2020-11-27,SPY,SPY (S&P 500 ETF),sac_profit_only,SAC-Profit,11183.130140512185,0.11831301405121852,0.0027850045646777,0.0
2020-11-30,SPY,SPY (S&P 500 ETF),sac_profit_only,SAC-Profit,11133.620925212344,0.11336209252123441,-0.0044271339667673,0.0
2020-12-01,SPY,SPY (S&P 500 ETF),sac_profit_only,SAC-Profit,11255.393681178804,0.12553936811788047,0.0109373901612459,0.0
2020-12-02,SPY,SPY (S&P 500 ETF),sac_profit_only,SAC-Profit,11279.072368754778,0.1279072368754779,0.0021037636040726,0.0
2020-12-03,SPY,SPY (S&P 500 ETF),sac_profit_only,SAC-Profit,11275.997104836482,0.12759971048364815,-0.0002726522020387,0.0
2020-12-04,SPY,SPY (S&P 500 ETF),sac_profit_only,SAC-Profit,11373.169626334153,0.1373169626334152,0.008617643352887,0.0
2020-12-07,SPY,SPY (S&P 500 ETF),sac_profit_only,SAC-Profit,11349.798746681648,0.13497987466816475,-0.0020549134867724,0.0
2020-12-08,SPY,SPY (S&P 500 ETF),sac_profit_only,SAC-Profit,11383.010095497186,0.13830100954971858,0.0029261619132452,0.0
2020-12-09,SPY,SPY (S&P 500 ETF),sac_profit_only,SAC-Profit,11280.917339418,0.12809173394179996,-0.0089688716097661,0.0
2020-12-10,SPY,SPY (S&P 500 ETF),sac_profit_only,SAC-Profit,11277.22739809156,0.12772273980915605,-0.0003270958571379,0.0
2020-12-11,SPY,SPY (S&P 500 ETF),sac_profit_only,SAC-Profit,11264.003857086764,0.1264003857086764,-0.0011725879542902,0.0
2020-12-14,SPY,SPY (S&P 500 ETF),sac_profit_only,SAC-Profit,11213.573094894104,0.12135730948941026,-0.0044771613036099,0.0
2020-12-15,SPY,SPY (S&P 500 ETF),sac_profit_only,SAC-Profit,11365.174127834338,0.13651741278343388,0.013519422547775,0.0
2020-12-16,SPY,SPY (S&P 500 ETF),sac_profit_only,SAC-Profit,11383.010095497182,0.13830100954971813,0.001569352784412,0.0
2020-12-17,SPY,SPY (S&P 500 ETF),sac_profit_only,SAC-Profit,11446.663460255848,0.1446663460255848,0.0055919624268667,0.0
2020-12-18,SPY,SPY (S&P 500 ETF),sac_profit_only,SAC-Profit,11352.566202676477,0.13525662026764773,-0.0082204965583279,0.0
2020-12-21,SPY,SPY (S&P 500 ETF),sac_profit_only,SAC-Profit,11311.974971208056,0.13119749712080564,-0.003575511540188,0.0
2020-12-22,SPY,SPY (S&P 500 ETF),sac_profit_only,SAC-Profit,11292.909648728926,0.1292909648728926,-0.0016854105960857,0.0
2020-12-23,SPY,SPY (S&P 500 ETF),sac_profit_only,SAC-Profit,11303.057925815428,0.13030579258154296,0.0008986414840965,0.0
2020-12-24,SPY,SPY (S&P 500 ETF),sac_profit_only,SAC-Profit,11347.031290686817,0.13470312906868176,0.0038903954275024,0.0
2020-12-28,SPY,SPY (S&P 500 ETF),sac_profit_only,SAC-Profit,11444.511620107953,0.14445116201079533,0.0085908222973831,0.0
2020-12-29,SPY,SPY (S&P 500 ETF),sac_profit_only,SAC-Profit,11422.6779031952,0.14226779031951997,-0.001907789308754,0.0
2020-12-30,SPY,SPY (S&P 500 ETF),sac_profit_only,SAC-Profit,11438.9757696795,0.14389757696795002,0.0014267990940848,0.0
2020-12-31,SPY,SPY (S&P 500 ETF),sac_profit_only,SAC-Profit,11497.095160887297,0.14970951608872962,0.005080821253407,0.0
2021-01-04,SPY,SPY (S&P 500 ETF),sac_profit_only,SAC-Profit,11340.573893365545,0.13405738933655442,-0.013613983822125,0.0
2021-01-05,SPY,SPY (S&P 500 ETF),sac_profit_only,SAC-Profit,11418.68015394529,0.1418680153945291,0.0068873287466906,0.0
2021-01-06,SPY,SPY (S&P 500 ETF),sac_profit_only,SAC-Profit,11486.946883800796,0.1486946883800797,0.0059785131849865,0.0
2021-01-07,SPY,SPY (S&P 500 ETF),sac_profit_only,SAC-Profit,11657.61417765895,0.16576141776589504,0.0148574983052141,0.0
2021-01-08,SPY,SPY (S&P 500 ETF),sac_profit_only,SAC-Profit,11724.035936851236,0.1724035936851236,0.0056977146592807,0.0
2021-01-11,SPY,SPY (S&P 500 ETF),sac_profit_only,SAC-Profit,11645.00625250109,0.1645006252501091,-0.0067408258364116,0.0
2021-01-12,SPY,SPY (S&P 500 ETF),sac_profit_only,SAC-Profit,11647.465900572452,0.16474659005724512,0.0002112191284424,0.0
2021-01-13,SPY,SPY (S&P 500 ETF),sac_profit_only,SAC-Profit,11678.832278724767,0.16788322787247667,0.0026929787492038,0.0
2021-01-14,SPY,SPY (S&P 500 ETF),sac_profit_only,SAC-Profit,11637.933239332884,0.1637933239332885,-0.0035019801993723,0.0
2021-01-15,SPY,SPY (S&P 500 ETF),sac_profit_only,SAC-Profit,11553.061773508403,0.1553061773508404,-0.0072926579040374,0.0
2021-01-19,SPY,SPY (S&P 500 ETF),sac_profit_only,SAC-Profit,11643.775959246012,0.16437759592460122,0.0078519605898428,0.0
2021-01-20,SPY,SPY (S&P 500 ETF),sac_profit_only,SAC-Profit,11804.910591864604,0.18049105918646036,0.0138386922921374,0.0
2021-01-21,SPY,SPY (S&P 500 ETF),sac_profit_only,SAC-Profit,11815.672607920456,0.18156726079204555,0.0009116558716901,0.0
2021-01-22,SPY,SPY (S&P 500 ETF),sac_profit_only,SAC-Profit,11773.852021635752,0.17738520216357512,-0.0035394164744094,0.0
2021-01-25,SPY,SPY (S&P 500 ETF),sac_profit_only,SAC-Profit,11820.285973017297,0.1820285973017297,0.0039438198557462,0.0
2021-01-26,SPY,SPY (S&P 500 ETF),sac_profit_only,SAC-Profit,11801.835327946308,0.18018353279463084,-0.0015609305149728,0.0
2021-01-27,SPY,SPY (S&P 500 ETF),sac_profit_only,SAC-Profit,11513.393027371596,0.15133930273715968,-0.0244404613824504,0.0
2021-01-28,SPY,SPY (S&P 500 ETF),sac_profit_only,SAC-Profit,11612.410519532485,0.16124105195324856,0.0086002008205128,0.0
2021-01-29,SPY,SPY (S&P 500 ETF),sac_profit_only,SAC-Profit,11379.934831578885,0.1379934831578884,-0.020019589176818,0.0
2021-02-01,SPY,SPY (S&P 500 ETF),sac_profit_only,SAC-Profit,11569.359639992706,0.15693596399927068,0.0166455090663766,0.0
2021-02-02,SPY,SPY (S&P 500 ETF),sac_profit_only,SAC-Profit,11732.952982243873,0.17329529822438716,0.0141402244671917,0.0
2021-02-03,SPY,SPY (S&P 500 ETF),sac_profit_only,SAC-Profit,11742.17877399876,0.17421787739987593,0.0007863145594164,0.0
2021-02-04,SPY,SPY (S&P 500 ETF),sac_profit_only,SAC-Profit,11875.636969791474,0.18756369697914743,0.0113657097512633,0.0
2021-02-05,SPY,SPY (S&P 500 ETF),sac_profit_only,SAC-Profit,11922.377790657692,0.19223777906576922,0.0039358580078789,0.0
2021-02-08,SPY,SPY (S&P 500 ETF),sac_profit_only,SAC-Profit,12008.480488176045,0.20084804881760454,0.0072219400383219,0.0
2021-02-09,SPY,SPY (S&P 500 ETF),sac_profit_only,SAC-Profit,12000.484989676232,0.20004849896762322,-0.0006658210010571,0.0
2021-02-10,SPY,SPY (S&P 500 ETF),sac_profit_only,SAC-Profit,11995.256947171249,0.1995256947171249,-0.0004356526014973,0.0
2021-02-11,SPY,SPY (S&P 500 ETF),sac_profit_only,SAC-Profit,12014.630077573847,0.20146300775738468,0.0016150658954552,0.0
2021-02-12,SPY,SPY (S&P 500 ETF),sac_profit_only,SAC-Profit,12073.97976203672,0.20739797620367217,0.0049397845859318,0.0
2021-02-16,SPY,SPY (S&P 500 ETF),sac_profit_only,SAC-Profit,12063.523677026757,0.20635236770267573,-0.0008660015352055,0.0
2021-02-17,SPY,SPY (S&P 500 ETF),sac_profit_only,SAC-Profit,12066.292071460372,0.20662920714603716,0.0002294847266632,0.0
2021-02-18,SPY,SPY (S&P 500 ETF),sac_profit_only,SAC-Profit,12014.937885497313,0.2014937885497312,-0.0042560038874349,0.0
2021-02-19,SPY,SPY (S&P 500 ETF),sac_profit_only,SAC-Profit,11993.719784431494,0.19937197844314936,-0.0017659767589335,0.0
2021-02-22,SPY,SPY (S&P 500 ETF),sac_profit_only,SAC-Profit,11901.46749751534,0.1901467497515339,-0.0076917160459177,0.0
2021-02-23,SPY,SPY (S&P 500 ETF),sac_profit_only,SAC-Profit,11915.920393336422,0.19159203933364233,0.0012143793044092,0.0
2021-02-24,SPY,SPY (S&P 500 ETF),sac_profit_only,SAC-Profit,12047.22581054245,0.204722581054245,0.0110193264868951,0.0
2021-02-25,SPY,SPY (S&P 500 ETF),sac_profit_only,SAC-Profit,11756.938539304518,0.17569385393045178,-0.0240957773850228,0.0
2021-02-26,SPY,SPY (S&P 500 ETF),sac_profit_only,SAC-Profit,11696.35950002536,0.16963595000253617,-0.0051526202230824,0.0
2021-03-01,SPY,SPY (S&P 500 ETF),sac_profit_only,SAC-Profit,11979.881566018554,0.19798815660185531,0.0242401976437693,0.0
2021-03-02,SPY,SPY (S&P 500 ETF),sac_profit_only,SAC-Profit,11886.399924286115,0.1886399924286115,-0.0078032191902133,0.0
2021-03-03,SPY,SPY (S&P 500 ETF),sac_profit_only,SAC-Profit,11728.956171432756,0.17289561714327562,-0.0132457055000878,0.0
2021-03-04,SPY,SPY (S&P 500 ETF),sac_profit_only,SAC-Profit,11583.812535813791,0.1583812535813791,-0.012374812685589,0.0
2021-03-05,SPY,SPY (S&P 500 ETF),sac_profit_only,SAC-Profit,11796.915093364792,0.17969150933647926,0.0183965820313605,0.0
2021-03-08,SPY,SPY (S&P 500 ETF),sac_profit_only,SAC-Profit,11738.181024748854,0.17381810247488527,-0.0049787650543465,0.0
2021-03-09,SPY,SPY (S&P 500 ETF),sac_profit_only,SAC-Profit,11905.773054688714,0.19057730546887153,0.0142775128093959,0.0
2021-03-10,SPY,SPY (S&P 500 ETF),sac_profit_only,SAC-Profit,11979.881566018554,0.19798815660185531,0.0062245862565517,0.0
2021-03-11,SPY,SPY (S&P 500 ETF),sac_profit_only,SAC-Profit,12101.347452500338,0.21013474525003395,0.0101391558683123,0.0
2021-03-12,SPY,SPY (S&P 500 ETF),sac_profit_only,SAC-Profit,12117.64531898464,0.211764531898464,0.0013467811372471,0.0
2021-03-15,SPY,SPY (S&P 500 ETF),sac_profit_only,SAC-Profit,12189.90979809005,0.21899097980900506,0.0059635743746513,0.0
2021-03-16,SPY,SPY (S&P 500 ETF),sac_profit_only,SAC-Profit,12174.534416937357,0.2174534416937357,-0.0012613203384902,0.0
2021-03-17,SPY,SPY (S&P 500 ETF),sac_profit_only,SAC-Profit,12216.048133737384,0.2216048133737385,0.0034098812634899,0.0
2021-03-18,SPY,SPY (S&P 500 ETF),sac_profit_only,SAC-Profit,12038.308765149814,0.20383087651498144,-0.0145496617761927,0.0
2021-03-19,SPY,SPY (S&P 500 ETF),sac_profit_only,SAC-Profit,11976.807240539045,0.19768072405390447,-0.0051088176761848,0.0
2021-03-22,SPY,SPY (S&P 500 ETF),sac_profit_only,SAC-Profit,12072.441660858172,0.2072441660858173,0.0079849678130765,0.0
2021-03-23,SPY,SPY (S&P 500 ETF),sac_profit_only,SAC-Profit,11977.42191794719,0.19774219179471886,-0.0078707974393498,0.0
2021-03-24,SPY,SPY (S&P 500 ETF),sac_profit_only,SAC-Profit,11916.535070744563,0.19165350707445628,-0.0050834685143212,0.0
2021-03-25,SPY,SPY (S&P 500 ETF),sac_profit_only,SAC-Profit,11983.572445783786,0.19835724457837856,0.0056255761126235,0.0
2021-03-26,SPY,SPY (S&P 500 ETF),sac_profit_only,SAC-Profit,12176.687195524044,0.2176687195524043,0.0161149565886091,0.0
2021-03-29,SPY,SPY (S&P 500 ETF),sac_profit_only,SAC-Profit,12170.536667687453,0.21705366676874527,-0.0005051068273195,0.0
2021-03-30,SPY,SPY (S&P 500 ETF),sac_profit_only,SAC-Profit,12138.248742642314,0.21382487426423147,-0.002652958199523,0.0
2021-03-31,SPY,SPY (S&P 500 ETF),sac_profit_only,SAC-Profit,12187.449211579897,0.2187449211579897,0.0040533416294838,0.0
2021-04-01,SPY,SPY (S&P 500 ETF),sac_profit_only,SAC-Profit,12319.062436709391,0.23190624367093915,0.0107990788592942,0.0
2021-04-05,SPY,SPY (S&P 500 ETF),sac_profit_only,SAC-Profit,12495.879319965352,0.24958793199653528,0.0143531120297812,0.0
2021-04-06,SPY,SPY (S&P 500 ETF),sac_profit_only,SAC-Profit,12488.499437312474,0.24884994373124747,-0.0005905853012749,0.0
2021-04-07,SPY,SPY (S&P 500 ETF),sac_profit_only,SAC-Profit,12502.952333133557,0.2502952333133557,0.0011572964304984,0.0
2021-04-08,SPY,SPY (S&P 500 ETF),sac_profit_only,SAC-Profit,12562.30107915764,0.25623010791576406,0.0047467785561978,0.0
2021-04-09,SPY,SPY (S&P 500 ETF),sac_profit_only,SAC-Profit,12653.630880742185,0.2653630880742184,0.0072701490761171,0.0
2021-04-12,SPY,SPY (S&P 500 ETF),sac_profit_only,SAC-Profit,12658.244245839023,0.2658244245839023,0.0003645882466716,0.0
2021-04-13,SPY,SPY (S&P 500 ETF),sac_profit_only,SAC-Profit,12695.759274950353,0.26957592749503534,0.0029636834605764,0.0
2021-04-14,SPY,SPY (S&P 500 ETF),sac_profit_only,SAC-Profit,12652.4015259259,0.26524015259259004,-0.0034151363526561,0.0
2021-04-15,SPY,SPY (S&P 500 ETF),sac_profit_only,SAC-Profit,12788.319369789975,0.27883193697899755,0.0107424541961909,0.0
2021-04-16,SPY,SPY (S&P 500 ETF),sac_profit_only,SAC-Profit,12831.06337984508,0.283106337984508,0.0033424259137662,0.0
2021-04-19,SPY,SPY (S&P 500 ETF),sac_profit_only,SAC-Profit,12768.023754055768,0.27680237540557684,-0.0049130476503088,0.0
2021-04-20,SPY,SPY (S&P 500 ETF),sac_profit_only,SAC-Profit,12674.54211232333,0.26745421123233304,-0.0073215435319615,0.0
2021-04-21,SPY,SPY (S&P 500 ETF),sac_profit_only,SAC-Profit,12794.469897626572,0.27944698976265725,0.0094621000301571,0.0
2021-04-22,SPY,SPY (S&P 500 ETF),sac_profit_only,SAC-Profit,12677.616437802835,0.26776164378028344,-0.0091331224160692,0.0
2021-04-23,SPY,SPY (S&P 500 ETF),sac_profit_only,SAC-Profit,12815.072382845456,0.2815072382845456,0.010842412350696,0.0
2021-04-26,SPY,SPY (S&P 500 ETF),sac_profit_only,SAC-Profit,12841.825395900934,0.28418253959009343,0.0020876209088986,0.0
2021-04-27,SPY,SPY (S&P 500 ETF),sac_profit_only,SAC-Profit,12839.057939906104,0.28390579399061044,-0.0002155033189995,0.0
2021-04-28,SPY,SPY (S&P 500 ETF),sac_profit_only,SAC-Profit,12835.367998579664,0.28353679985796654,-0.0002873996942541,0.0
2021-04-29,SPY,SPY (S&P 500 ETF),sac_profit_only,SAC-Profit,12917.165138924642,0.2917165138924642,0.0063727927671437,0.0
2021-04-30,SPY,SPY (S&P 500 ETF),sac_profit_only,SAC-Profit,12832.292734661369,0.2832292734661368,-0.0065705132163649,0.0
2021-05-03,SPY,SPY (S&P 500 ETF),sac_profit_only,SAC-Profit,12859.969171487248,0.2859969171487249,0.0021567803508037,0.0
2021-05-04,SPY,SPY (S&P 500 ETF),sac_profit_only,SAC-Profit,12780.631679213631,0.2780631679213632,-0.0061693376722489,0.0
2021-05-05,SPY,SPY (S&P 500 ETF),sac_profit_only,SAC-Profit,12784.629428463537,0.27846294284635364,0.0003127974696592,0.0
2021-05-06,SPY,SPY (S&P 500 ETF),sac_profit_only,SAC-Profit,12886.722184542725,0.2886722184542725,0.0079855858670325,0.0
2021-05-07,SPY,SPY (S&P 500 ETF),sac_profit_only,SAC-Profit,12980.511634198629,0.2980511634198628,0.0072779911223974,0.0
2021-05-10,SPY,SPY (S&P 500 ETF),sac_profit_only,SAC-Profit,12851.973672987437,0.28519736729874356,-0.0099023801860433,0.0
2021-05-11,SPY,SPY (S&P 500 ETF),sac_profit_only,SAC-Profit,12737.272991750384,0.27372729917503835,-0.0089247522719511,0.0
2021-05-12,SPY,SPY (S&P 500 ETF),sac_profit_only,SAC-Profit,12466.66665883852,0.2466666658838519,-0.0212452330327793,0.0
2021-05-13,SPY,SPY (S&P 500 ETF),sac_profit_only,SAC-Profit,12616.422721115536,0.26164227211155366,0.0120125183720094,0.0
2021-05-14,SPY,SPY (S&P 500 ETF),sac_profit_only,SAC-Profit,12810.15214826394,0.281015214826394,0.0153553373591523,0.0
2021-05-17,SPY,SPY (S&P 500 ETF),sac_profit_only,SAC-Profit,12777.556415295336,0.27775564152953347,-0.0025445234835108,0.0
2021-05-18,SPY,SPY (S&P 500 ETF),sac_profit_only,SAC-Profit,12667.469099155129,0.26674690991551286,-0.0086156783474207,0.0
2021-05-19,SPY,SPY (S&P 500 ETF),sac_profit_only,SAC-Profit,12634.25775033959,0.26342577503395903,-0.0026217825009539,0.0
2021-05-20,SPY,SPY (S&P 500 ETF),sac_profit_only,SAC-Profit,12770.176532642456,0.27701765326424566,0.010757955472233,0.0
2021-05-21,SPY,SPY (S&P 500 ETF),sac_profit_only,SAC-Profit,12759.721386071284,0.2759721386071283,-0.0008187158998506,0.0
2021-05-24,SPY,SPY (S&P 500 ETF),sac_profit_only,SAC-Profit,12889.797448461022,0.2889797448461022,0.0101942713680043,0.0
2021-05-25,SPY,SPY (S&P 500 ETF),sac_profit_only,SAC-Profit,12861.198526303531,0.2861198526303532,-0.0022187254898178,0.0
2021-05-26,SPY,SPY (S&P 500 ETF),sac_profit_only,SAC-Profit,12886.722184542728,0.28867221845427293,0.0019845474111135,0.0
2021-05-27,SPY,SPY (S&P 500 ETF),sac_profit_only,SAC-Profit,12893.48738978746,0.28934873897874613,0.0005249748654354,0.0
2021-05-28,SPY,SPY (S&P 500 ETF),sac_profit_only,SAC-Profit,12916.5504615165,0.29165504615164983,0.001788738068438,0.0
2021-06-01,SPY,SPY (S&P 500 ETF),sac_profit_only,SAC-Profit,12905.172829613712,0.29051728296137114,-0.000880856846159,0.0
2021-06-02,SPY,SPY (S&P 500 ETF),sac_profit_only,SAC-Profit,12925.46750690913,0.29254675069091296,0.001572600193997,0.0
2021-06-03,SPY,SPY (S&P 500 ETF),sac_profit_only,SAC-Profit,12877.496392787834,0.2877496392787835,-0.0037113639483951,0.0
2021-06-04,SPY,SPY (S&P 500 ETF),sac_profit_only,SAC-Profit,12995.27233794318,0.299527233794318,0.009145872890425,0.0
2021-06-07,SPY,SPY (S&P 500 ETF),sac_profit_only,SAC-Profit,12982.664412785318,0.29826644127853186,-0.0009701932233501,0.0
2021-06-08,SPY,SPY (S&P 500 ETF),sac_profit_only,SAC-Profit,12985.431868780148,0.29854318687801484,0.0002131654879797,0.0
2021-06-09,SPY,SPY (S&P 500 ETF),sac_profit_only,SAC-Profit,12966.05873837755,0.29660587383775483,-0.0014919126755557,0.0
2021-06-10,SPY,SPY (S&P 500 ETF),sac_profit_only,SAC-Profit,13026.32996973324,0.30263299697332413,0.0046483848771483,0.0
2021-06-11,SPY,SPY (S&P 500 ETF),sac_profit_only,SAC-Profit,13047.855878722528,0.30478558787225274,0.0016524922245406,0.0
2021-06-14,SPY,SPY (S&P 500 ETF),sac_profit_only,SAC-Profit,13077.069478288158,0.3077069478288159,0.0022389578668837,0.0
2021-06-15,SPY,SPY (S&P 500 ETF),sac_profit_only,SAC-Profit,13053.083921227511,0.30530839212275107,-0.0018341691233245,0.0
2021-06-16,SPY,SPY (S&P 500 ETF),sac_profit_only,SAC-Profit,12980.203826275168,0.29802038262751696,-0.00558336216883,0.0
2021-06-17,SPY,SPY (S&P 500 ETF),sac_profit_only,SAC-Profit,12975.899207540584,0.29758992075405843,-0.000331629517702,0.0
2021-06-18,SPY,SPY (S&P 500 ETF),sac_profit_only,SAC-Profit,12759.10670866314,0.27591067086631393,-0.0167073198866603,0.0
2021-06-21,SPY,SPY (S&P 500 ETF),sac_profit_only,SAC-Profit,12941.765373393437,0.2941765373393437,0.0143159445955785,0.0
2021-06-22,SPY,SPY (S&P 500 ETF),sac_profit_only,SAC-Profit,13010.954588580553,0.3010954588580552,0.0053461960706966,0.0
2021-06-23,SPY,SPY (S&P 500 ETF),sac_profit_only,SAC-Profit,12995.272337943185,0.29952723379431845,-0.0012053113036865,0.0
2021-06-24,SPY,SPY (S&P 500 ETF),sac_profit_only,SAC-Profit,13072.149243706644,0.30721492437066455,0.0059157594980905,0.0
2021-06-25,SPY,SPY (S&P 500 ETF),sac_profit_only,SAC-Profit,13118.582256649395,0.3118582256649396,0.0035520565193292,0.0
2021-06-28,SPY,SPY (S&P 500 ETF),sac_profit_only,SAC-Profit,13145.0284002202,0.31450284002202,0.0020159300032134,0.0
2021-06-29,SPY,SPY (S&P 500 ETF),sac_profit_only,SAC-Profit,13152.101413388402,0.3152101413388402,0.000538075153043,0.0
2021-06-30,SPY,SPY (S&P 500 ETF),sac_profit_only,SAC-Profit,13163.17123736772,0.3163171237367719,0.000841677206659,0.0
2021-07-01,SPY,SPY (S&P 500 ETF),sac_profit_only,SAC-Profit,13236.050393881278,0.3236050393881278,0.0055365956424442,0.0
2021-07-02,SPY,SPY (S&P 500 ETF),sac_profit_only,SAC-Profit,13337.220664628854,0.3337220664628855,0.0076435392535483,0.0
2021-07-06,SPY,SPY (S&P 500 ETF),sac_profit_only,SAC-Profit,13312.92729964474,0.3312927299644739,-0.0018214713241223,0.0
2021-07-07,SPY,SPY (S&P 500 ETF),sac_profit_only,SAC-Profit,13359.975928434424,0.33599759284344244,0.0035340558639527,0.0
2021-07-08,SPY,SPY (S&P 500 ETF),sac_profit_only,SAC-Profit,13251.118905549294,0.3251118905549295,-0.008147995435639,0.0
2021-07-09,SPY,SPY (S&P 500 ETF),sac_profit_only,SAC-Profit,13392.57166140303,0.339257166140303,0.0106747782479332,0.0
2021-07-12,SPY,SPY (S&P 500 ETF),sac_profit_only,SAC-Profit,13440.542775524327,0.3440542775524327,0.0035819195397361,0.0
2021-07-13,SPY,SPY (S&P 500 ETF),sac_profit_only,SAC-Profit,13394.724439989715,0.3394724439989716,-0.0034089646750016,0.0
2021-07-14,SPY,SPY (S&P 500 ETF),sac_profit_only,SAC-Profit,13414.712247800458,0.34147122478004577,0.0014922149313552,0.0
2021-07-15,SPY,SPY (S&P 500 ETF),sac_profit_only,SAC-Profit,13368.893912265848,0.3368893912265849,-0.0034155287633637,0.0
2021-07-16,SPY,SPY (S&P 500 ETF),sac_profit_only,SAC-Profit,13264.033700191832,0.3264033700191833,-0.0078435966926035,0.0
2021-07-19,SPY,SPY (S&P 500 ETF),sac_profit_only,SAC-Profit,13068.15149445674,0.3068151494456741,-0.0147679212947309,0.0
2021-07-20,SPY,SPY (S&P 500 ETF),sac_profit_only,SAC-Profit,13255.42352428388,0.325542352428388,0.0143304146654998,0.0
2021-07-21,SPY,SPY (S&P 500 ETF),sac_profit_only,SAC-Profit,13362.743384429255,0.33627433844292565,0.0080962980887611,0.0
2021-07-22,SPY,SPY (S&P 500 ETF),sac_profit_only,SAC-Profit,13390.72669073981,0.3390726690739809,0.0020941288405762,0.0
2021-07-23,SPY,SPY (S&P 500 ETF),sac_profit_only,SAC-Profit,13528.4904437059,0.35284904437058984,0.0102879967717777,0.0
2021-07-26,SPY,SPY (S&P 500 ETF),sac_profit_only,SAC-Profit,13561.700854082645,0.35617008540826456,0.0024548496755745,0.0
2021-07-27,SPY,SPY (S&P 500 ETF),sac_profit_only,SAC-Profit,13499.8924599872,0.34998924599872017,-0.0045575694937142,0.0
2021-07-28,SPY,SPY (S&P 500 ETF),sac_profit_only,SAC-Profit,13494.356609558748,0.34943566095587486,-0.0004100662612578,0.0
2021-07-29,SPY,SPY (S&P 500 ETF),sac_profit_only,SAC-Profit,13550.32322217986,0.3550323222179861,0.0041474087457764,0.0
2021-07-30,SPY,SPY (S&P 500 ETF),sac_profit_only,SAC-Profit,13484.517078834508,0.3484517078834508,-0.0048564260989462,0.0
2021-08-02,SPY,SPY (S&P 500 ETF),sac_profit_only,SAC-Profit,13456.225964600486,0.34562259646004856,-0.0020980443028566,0.0
2021-08-03,SPY,SPY (S&P 500 ETF),sac_profit_only,SAC-Profit,13565.69860333255,0.356569860333255,0.0081354637637667,0.0
2021-08-04,SPY,SPY (S&P 500 ETF),sac_profit_only,SAC-Profit,13498.969974655589,0.3498969974655588,-0.004918923133127,0.0
2021-08-05,SPY,SPY (S&P 500 ETF),sac_profit_only,SAC-Profit,13584.457056327004,0.3584457056327004,0.0063328596057268,0.0
2021-08-06,SPY,SPY (S&P 500 ETF),sac_profit_only,SAC-Profit,13606.904512209108,0.3606904512209108,0.001652436736266,0.0
2021-08-09,SPY,SPY (S&P 500 ETF),sac_profit_only,SAC-Profit,13595.834688229788,0.35958346882297887,-0.0008135446213639,0.0
2021-08-10,SPY,SPY (S&P 500 ETF),sac_profit_only,SAC-Profit,13612.747232122234,0.3612747232122233,0.0012439503921806,0.0
2021-08-11,SPY,SPY (S&P 500 ETF),sac_profit_only,SAC-Profit,13646.573258345914,0.3646573258345913,0.0024848787424671,0.0
2021-08-12,SPY,SPY (S&P 500 ETF),sac_profit_only,SAC-Profit,13687.471359299008,0.3687471359299008,0.0029969502364324,0.0
2021-08-13,SPY,SPY (S&P 500 ETF),sac_profit_only,SAC-Profit,13712.380340130054,0.3712380340130055,0.0018198380239258,0.0
2021-08-16,SPY,SPY (S&P 500 ETF),sac_profit_only,SAC-Profit,13744.66826517519,0.37446682651751906,0.0023546550084119,0.0
2021-08-17,SPY,SPY (S&P 500 ETF),sac_profit_only,SAC-Profit,13654.568756845723,0.3654568756845724,-0.0065552333887716,0.0
2021-08-18,SPY,SPY (S&P 500 ETF),sac_profit_only,SAC-Profit,13505.119564053388,0.3505119564053387,-0.0109449954409882,0.0
2021-08-19,SPY,SPY (S&P 500 ETF),sac_profit_only,SAC-Profit,13526.029857195736,0.3526029857195736,0.001548323437136,0.0
2021-08-20,SPY,SPY (S&P 500 ETF),sac_profit_only,SAC-Profit,13633.657525264582,0.3633657525264582,0.0079570775168433,0.0
2021-08-23,SPY,SPY (S&P 500 ETF),sac_profit_only,SAC-Profit,13753.586249006612,0.3753586249006613,0.0087965187272593,0.0
2021-08-24,SPY,SPY (S&P 500 ETF),sac_profit_only,SAC-Profit,13775.419027480575,0.37754190274805755,0.0015874244054374,0.0
2021-08-25,SPY,SPY (S&P 500 ETF),sac_profit_only,SAC-Profit,13804.32481912274,0.38043248191227397,0.0020983602447592,0.0
2021-08-26,SPY,SPY (S&P 500 ETF),sac_profit_only,SAC-Profit,13722.835486701231,0.37228354867012303,-0.0059031740769114,0.0
2021-08-27,SPY,SPY (S&P 500 ETF),sac_profit_only,SAC-Profit,13845.530727999305,0.38455307279993045,0.0089409540336597,0.0
2021-08-30,SPY,SPY (S&P 500 ETF),sac_profit_only,SAC-Profit,13906.417575201927,0.3906417575201928,0.0043975813133327,0.0
2021-08-31,SPY,SPY (S&P 500 ETF),sac_profit_only,SAC-Profit,13885.814151544251,0.3885814151544251,-0.0014815766566952,0.0
2021-09-01,SPY,SPY (S&P 500 ETF),sac_profit_only,SAC-Profit,13893.194034197131,0.38931940341971316,0.0005314692082394,0.0
2021-09-02,SPY,SPY (S&P 500 ETF),sac_profit_only,SAC-Profit,13935.938044252238,0.39359380442522385,0.0030766150641741,0.0
2021-09-03,SPY,SPY (S&P 500 ETF),sac_profit_only,SAC-Profit,13932.554972410471,0.39325549724104714,-0.0002427588175996,0.0
2021-09-07,SPY,SPY (S&P 500 ETF),sac_profit_only,SAC-Profit,13882.738887625956,0.3882738887625956,-0.0035755168296958,0.0
2021-09-08,SPY,SPY (S&P 500 ETF),sac_profit_only,SAC-Profit,13865.826343733514,0.3865826343733514,-0.0012182425981892,0.0
2021-09-09,SPY,SPY (S&P 500 ETF),sac_profit_only,SAC-Profit,13806.477597709432,0.38064775977094323,-0.0042802170280247,0.0
2021-09-10,SPY,SPY (S&P 500 ETF),sac_profit_only,SAC-Profit,13697.619636385512,0.3697619636385512,-0.007884557125706,0.0
2021-09-13,SPY,SPY (S&P 500 ETF),sac_profit_only,SAC-Profit,13732.675017425478,0.37326750174254775,0.0025592316015876,0.0
2021-09-14,SPY,SPY (S&P 500 ETF),sac_profit_only,SAC-Profit,13658.566506095636,0.3658566506095635,-0.0053965095100411,0.0
2021-09-15,SPY,SPY (S&P 500 ETF),sac_profit_only,SAC-Profit,13772.65157148575,0.377265157148575,0.0083526382757077,0.0
2021-09-16,SPY,SPY (S&P 500 ETF),sac_profit_only,SAC-Profit,13750.81879301179,0.375081879301179,-0.0015852269521696,0.0
2021-09-17,SPY,SPY (S&P 500 ETF),sac_profit_only,SAC-Profit,13573.386293908894,0.35733862939088934,-0.0129034133729597,0.0
2021-09-20,SPY,SPY (S&P 500 ETF),sac_profit_only,SAC-Profit,13347.061133791884,0.33470611337918843,-0.0166741854402665,0.0
2021-09-21,SPY,SPY (S&P 500 ETF),sac_profit_only,SAC-Profit,13334.453208634024,0.3334453208634025,-0.0009446218183523,0.0
2021-09-22,SPY,SPY (S&P 500 ETF),sac_profit_only,SAC-Profit,13464.528332584972,0.3464528332584973,0.0097548149830939,0.0
2021-09-23,SPY,SPY (S&P 500 ETF),sac_profit_only,SAC-Profit,13628.122613274929,0.3628122613274929,0.0121500194176165,0.0
2021-09-24,SPY,SPY (S&P 500 ETF),sac_profit_only,SAC-Profit,13650.57100759582,0.365057100759582,0.0016472110618543,0.0
2021-09-27,SPY,SPY (S&P 500 ETF),sac_profit_only,SAC-Profit,13611.517877305949,0.361151787730595,-0.0028609155080868,0.0
2021-09-28,SPY,SPY (S&P 500 ETF),sac_profit_only,SAC-Profit,13337.220664628852,0.33372206646288527,-0.0201518460431531,0.0
2021-09-29,SPY,SPY (S&P 500 ETF),sac_profit_only,SAC-Profit,13359.669058949748,0.3359669058949748,0.0016831388551912,0.0
2021-09-30,SPY,SPY (S&P 500 ETF),sac_profit_only,SAC-Profit,13196.38258618326,0.31963825861832595,-0.0122223441348723,0.0
2021-10-01,SPY,SPY (S&P 500 ETF),sac_profit_only,SAC-Profit,13353.210723189686,0.33532107231896857,0.0118841762871158,0.0
2021-10-04,SPY,SPY (S&P 500 ETF),sac_profit_only,SAC-Profit,13181.007205030568,0.3181007205030568,-0.012896038393228,0.0
2021-10-05,SPY,SPY (S&P 500 ETF),sac_profit_only,SAC-Profit,13318.15534214972,0.331815534214972,0.0104049815758244,0.0
2021-10-06,SPY,SPY (S&P 500 ETF),sac_profit_only,SAC-Profit,13373.506338923897,0.33735063389238973,0.0041560558014366,0.0
2021-10-07,SPY,SPY (S&P 500 ETF),sac_profit_only,SAC-Profit,13489.129505492554,0.3489129505492554,0.0086456882464798,0.0
2021-10-08,SPY,SPY (S&P 500 ETF),sac_profit_only,SAC-Profit,13464.528332584972,0.3464528332584973,-0.0018237776498153,0.0
2021-10-11,SPY,SPY (S&P 500 ETF),sac_profit_only,SAC-Profit,13367.048941602628,0.33670489416026284,-0.0072397182117726,0.0
2021-10-12,SPY,SPY (S&P 500 ETF),sac_profit_only,SAC-Profit,13334.145400710557,0.33341454007105575,-0.002461541140144,0.0
2021-10-13,SPY,SPY (S&P 500 ETF),sac_profit_only,SAC-Profit,13382.116514831852,0.3382116514831852,0.0035976144461977,0.0
2021-10-14,SPY,SPY (S&P 500 ETF),sac_profit_only,SAC-Profit,13607.212320132574,0.36072123201325734,0.0168206430613004,0.0
2021-10-15,SPY,SPY (S&P 500 ETF),sac_profit_only,SAC-Profit,13710.842238951513,0.3710842238951513,0.007615808174435,0.0
2021-10-18,SPY,SPY (S&P 500 ETF),sac_profit_only,SAC-Profit,13751.433470419932,0.37514334704199315,0.0029605206420582,0.0
2021-10-19,SPY,SPY (S&P 500 ETF),sac_profit_only,SAC-Profit,13857.523975749022,0.3857523975749022,0.0077148688212975,0.0
2021-10-20,SPY,SPY (S&P 500 ETF),sac_profit_only,SAC-Profit,13911.952487191587,0.3911952487191588,0.0039277226969129,0.0
2021-10-21,SPY,SPY (S&P 500 ETF),sac_profit_only,SAC-Profit,13948.23816148663,0.394823816148663,0.002608237364845,0.0
2021-10-22,SPY,SPY (S&P 500 ETF),sac_profit_only,SAC-Profit,13933.785265665549,0.3933785265665548,-0.0010361807458226,0.0
2021-10-25,SPY,SPY (S&P 500 ETF),sac_profit_only,SAC-Profit,14008.509392842325,0.40085093928423254,0.0053628016904283,0.0
2021-10-26,SPY,SPY (S&P 500 ETF),sac_profit_only,SAC-Profit,14021.117318000186,0.4021117318000187,0.0009000190387353,0.0
2021-10-27,SPY,SPY (S&P 500 ETF),sac_profit_only,SAC-Profit,13959.001115981277,0.39590011159812777,-0.0044301891646798,0.0
2021-10-28,SPY,SPY (S&P 500 ETF),sac_profit_only,SAC-Profit,14093.689605029069,0.40936896050290694,0.0096488629758464,0.0
2021-10-29,SPY,SPY (S&P 500 ETF),sac_profit_only,SAC-Profit,14122.287588747764,0.4122287588747764,0.0020291339259019,0.0
2021-11-01,SPY,SPY (S&P 500 ETF),sac_profit_only,SAC-Profit,14146.58095373188,0.414658095373188,0.0017202145779464,0.0
2021-11-02,SPY,SPY (S&P 500 ETF),sac_profit_only,SAC-Profit,14203.776921169276,0.42037769211692755,0.004043094767878,0.0
2021-11-03,SPY,SPY (S&P 500 ETF),sac_profit_only,SAC-Profit,14290.494296095769,0.4290494296095768,0.0061052335169562,0.0
2021-11-04,SPY,SPY (S&P 500 ETF),sac_profit_only,SAC-Profit,14357.838540619665,0.4357838540619665,0.0047125203039544,0.0
2021-11-05,SPY,SPY (S&P 500 ETF),sac_profit_only,SAC-Profit,14407.654625404182,0.44076546254041826,0.003469608927805,0.0
2021-11-08,SPY,SPY (S&P 500 ETF),sac_profit_only,SAC-Profit,14419.95474263858,0.4419954742638579,0.0008537209944434,0.0
2021-11-09,SPY,SPY (S&P 500 ETF),sac_profit_only,SAC-Profit,14372.29143644075,0.43722914364407495,-0.0033053714140235,0.0
2021-11-10,SPY,SPY (S&P 500 ETF),sac_profit_only,SAC-Profit,14256.66826987209,0.42566682698720903,-0.0080448665461582,0.0
2021-11-11,SPY,SPY (S&P 500 ETF),sac_profit_only,SAC-Profit,14261.28069653014,0.4261280696530141,0.00032352766935,0.0
2021-11-12,SPY,SPY (S&P 500 ETF),sac_profit_only,SAC-Profit,14368.908364598983,0.43689083645989824,0.0075468445197233,0.0
2021-11-15,SPY,SPY (S&P 500 ETF),sac_profit_only,SAC-Profit,14373.8285991805,0.43738285991805004,0.0003424222951855,0.0
2021-11-16,SPY,SPY (S&P 500 ETF),sac_profit_only,SAC-Profit,14430.717697133216,0.4430717697133215,0.0039578249844971,0.0
2021-11-17,SPY,SPY (S&P 500 ETF),sac_profit_only,SAC-Profit,14395.66231609325,0.43956623160932495,-0.0024292195146282,0.0
2021-11-18,SPY,SPY (S&P 500 ETF),sac_profit_only,SAC-Profit,14444.555915546156,0.44445559155461556,0.0033964119454403,0.0
2021-11-19,SPY,SPY (S&P 500 ETF),sac_profit_only,SAC-Profit,14418.72538782229,0.4418725387822289,-0.0017882535035962,0.0
2021-11-22,SPY,SPY (S&P 500 ETF),sac_profit_only,SAC-Profit,14378.134156353874,0.43781341563538745,-0.0028151747381705,0.0
2021-11-23,SPY,SPY (S&P 500 ETF),sac_profit_only,SAC-Profit,14397.199478833005,0.4397199478833005,0.0013259941986774,0.0
2021-11-24,SPY,SPY (S&P 500 ETF),sac_profit_only,SAC-Profit,14435.637931714737,0.44356379317147376,0.002669856241017,0.0
2021-11-26,SPY,SPY (S&P 500 ETF),sac_profit_only,SAC-Profit,14113.677412839808,0.4113677412839809,-0.0223031722184987,0.0
2021-11-29,SPY,SPY (S&P 500 ETF),sac_profit_only,SAC-Profit,14286.804354769329,0.4286804354769329,0.0122666075513402,0.0
2021-11-30,SPY,SPY (S&P 500 ETF),sac_profit_only,SAC-Profit,14008.817200765792,0.4008817200765793,-0.0194576160700861,0.0
2021-12-01,SPY,SPY (S&P 500 ETF),sac_profit_only,SAC-Profit,13853.21841857565,0.385321841857565,-0.0111072034105517,0.0
2021-12-02,SPY,SPY (S&P 500 ETF),sac_profit_only,SAC-Profit,14065.398490795043,0.40653984907950425,0.015316301657013,0.0
2021-12-03,SPY,SPY (S&P 500 ETF),sac_profit_only,SAC-Profit,13943.01105742044,0.3943011057420438,-0.0087013129030577,0.0
2021-12-06,SPY,SPY (S&P 500 ETF),sac_profit_only,SAC-Profit,14108.142500850148,0.41081425008501493,0.0118433129508153,0.0
2021-12-07,SPY,SPY (S&P 500 ETF),sac_profit_only,SAC-Profit,14399.966934827831,0.43999669348278303,0.0206848232472913,0.0
2021-12-08,SPY,SPY (S&P 500 ETF),sac_profit_only,SAC-Profit,14438.097579786096,0.44380975797860955,0.002647967535678,0.0
2021-12-09,SPY,SPY (S&P 500 ETF),sac_profit_only,SAC-Profit,14340.61818880375,0.4340618188803751,-0.0067515398371333,0.0
2021-12-10,SPY,SPY (S&P 500 ETF),sac_profit_only,SAC-Profit,14475.613547336216,0.44756135473362146,0.0094134964584624,0.0
2021-12-13,SPY,SPY (S&P 500 ETF),sac_profit_only,SAC-Profit,14347.38339404849,0.43473833940484896,-0.008858357047762,0.0
2021-12-14,SPY,SPY (S&P 500 ETF),sac_profit_only,SAC-Profit,14248.672771372274,0.4248672771372275,-0.0068800435567339,0.0
2021-12-15,SPY,SPY (S&P 500 ETF),sac_profit_only,SAC-Profit,14471.308928601637,0.4471308928601636,0.015625045279773,0.0
2021-12-16,SPY,SPY (S&P 500 ETF),sac_profit_only,SAC-Profit,14343.69345272205,0.43436934527220483,-0.008818516452742,0.0
2021-12-17,SPY,SPY (S&P 500 ETF),sac_profit_only,SAC-Profit,14141.352911226895,0.41413529112268943,-0.0141065857383305,0.0
2021-12-20,SPY,SPY (S&P 500 ETF),sac_profit_only,SAC-Profit,13990.982171541737,0.3990982171541737,-0.0106334054902044,0.0
2021-12-21,SPY,SPY (S&P 500 ETF),sac_profit_only,SAC-Profit,14239.447918056176,0.4239447918056176,0.017758992432985,0.0
2021-12-22,SPY,SPY (S&P 500 ETF),sac_profit_only,SAC-Profit,14381.824097680314,0.43818240976803136,0.0099987148689661,0.0
2021-12-23,SPY,SPY (S&P 500 ETF),sac_profit_only,SAC-Profit,14471.308928601637,0.4471308928601636,0.0062220779724149,0.0
2021-12-27,SPY,SPY (S&P 500 ETF),sac_profit_only,SAC-Profit,14676.109118168151,0.467610911816815,0.0141521537945845,0.0
2021-12-28,SPY,SPY (S&P 500 ETF),sac_profit_only,SAC-Profit,14664.11587041843,0.46641158704184305,-0.0008171953242616,0.0
2021-12-29,SPY,SPY (S&P 500 ETF),sac_profit_only,SAC-Profit,14682.874323412889,0.4682874323412889,0.0012792079086265,0.0
2021-12-30,SPY,SPY (S&P 500 ETF),sac_profit_only,SAC-Profit,14642.28309194447,0.464228309194447,-0.0027645289726202,0.0
2021-12-31,SPY,SPY (S&P 500 ETF),sac_profit_only,SAC-Profit,14605.381801802492,0.4605381801802493,-0.0025201869073463,0.0
2022-01-03,SPY,SPY (S&P 500 ETF),sac_profit_only,SAC-Profit,14689.9463981423,0.46899463981422995,0.0057899613640617,0.0
2022-01-04,SPY,SPY (S&P 500 ETF),sac_profit_only,SAC-Profit,14685.026163560784,0.46850261635607837,-0.0003349389063895,0.0
2022-01-05,SPY,SPY (S&P 500 ETF),sac_profit_only,SAC-Profit,14403.042198746132,0.4403042198746132,-0.0192021424867708,0.0
2022-01-06,SPY,SPY (S&P 500 ETF),sac_profit_only,SAC-Profit,14389.51178825666,0.4389511788256659,-0.0009394133755054,0.0
2022-01-07,SPY,SPY (S&P 500 ETF),sac_profit_only,SAC-Profit,14332.62269030394,0.433262269030394,-0.003953511334495,0.0
2022-01-10,SPY,SPY (S&P 500 ETF),sac_profit_only,SAC-Profit,14314.787661079885,0.4314787661079884,-0.0012443660598223,0.0
2022-01-11,SPY,SPY (S&P 500 ETF),sac_profit_only,SAC-Profit,14445.1705929543,0.44451705929542995,0.0091082686632446,0.0
2022-01-12,SPY,SPY (S&P 500 ETF),sac_profit_only,SAC-Profit,14484.223723244171,0.4484223723244172,0.0027035423388437,0.0
2022-01-13,SPY,SPY (S&P 500 ETF),sac_profit_only,SAC-Profit,14284.65157618264,0.42846515761826387,-0.0137785877154921,0.0
2022-01-14,SPY,SPY (S&P 500 ETF),sac_profit_only,SAC-Profit,14290.494296095769,0.4290494296095768,0.0004090208208415,0.0
2022-01-18,SPY,SPY (S&P 500 ETF),sac_profit_only,SAC-Profit,14037.41518448449,0.40374151844844897,-0.0177096121636898,0.0
2022-01-19,SPY,SPY (S&P 500 ETF),sac_profit_only,SAC-Profit,13891.65687145738,0.38916568714573807,-0.0103835578781067,0.0
2022-01-20,SPY,SPY (S&P 500 ETF),sac_profit_only,SAC-Profit,13737.90305993046,0.3737903059930461,-0.0110680686220254,0.0
2022-01-21,SPY,SPY (S&P 500 ETF),sac_profit_only,SAC-Profit,13468.219212350205,0.34682192123502054,-0.0196306413288682,0.0
2022-01-24,SPY,SPY (S&P 500 ETF),sac_profit_only,SAC-Profit,13525.415179787597,0.35254151797875966,0.0042467357068962,0.0
2022-01-25,SPY,SPY (S&P 500 ETF),sac_profit_only,SAC-Profit,13360.28373635789,0.33602837363578897,-0.0122089740857995,0.0
2022-01-26,SPY,SPY (S&P 500 ETF),sac_profit_only,SAC-Profit,13326.765518057677,0.3326765518057677,-0.0025087953939929,0.0
2022-01-27,SPY,SPY (S&P 500 ETF),sac_profit_only,SAC-Profit,13260.958436273531,0.3260958436273531,-0.0049379635062216,0.0
2022-01-28,SPY,SPY (S&P 500 ETF),sac_profit_only,SAC-Profit,13590.299776240132,0.3590299776240131,0.0248354100157444,0.0
2022-01-31,SPY,SPY (S&P 500 ETF),sac_profit_only,SAC-Profit,13835.07558142813,0.3835075581428129,0.0180110673949913,0.0
2022-02-01,SPY,SPY (S&P 500 ETF),sac_profit_only,SAC-Profit,13928.55816159936,0.39285581615993603,0.0067569258744577,0.0
2022-02-02,SPY,SPY (S&P 500 ETF),sac_profit_only,SAC-Profit,14063.86132805529,0.40638613280552915,0.0097140827418129,0.0
2022-02-03,SPY,SPY (S&P 500 ETF),sac_profit_only,SAC-Profit,13733.290633272409,0.3733290633272408,-0.0235049739948333,0.0
2022-02-04,SPY,SPY (S&P 500 ETF),sac_profit_only,SAC-Profit,13797.867421801477,0.37978674218014774,0.0047022079597305,0.0
2022-02-07,SPY,SPY (S&P 500 ETF),sac_profit_only,SAC-Profit,13753.586249006616,0.3753586249006615,-0.0032092765817484,0.0
2022-02-08,SPY,SPY (S&P 500 ETF),sac_profit_only,SAC-Profit,13866.748829065124,0.3866748829065123,0.0082278598475855,0.0
2022-02-09,SPY,SPY (S&P 500 ETF),sac_profit_only,SAC-Profit,14069.704047968416,0.40697040479684166,0.0146361069494453,0.0
2022-02-10,SPY,SPY (S&P 500 ETF),sac_profit_only,SAC-Profit,13816.932744280606,0.38169327442806056,-0.0179656446806576,0.0
2022-02-11,SPY,SPY (S&P 500 ETF),sac_profit_only,SAC-Profit,13544.480502266728,0.3544480502266727,-0.01971872101112,0.0
2022-02-14,SPY,SPY (S&P 500 ETF),sac_profit_only,SAC-Profit,13500.19932947187,0.35001993294718714,-0.0032693149646785,0.0
2022-02-15,SPY,SPY (S&P 500 ETF),sac_profit_only,SAC-Profit,13717.915252119716,0.3717915252119717,0.016126867265771,0.0
2022-02-16,SPY,SPY (S&P 500 ETF),sac_profit_only,SAC-Profit,13733.290633272409,0.3733290633272408,0.0011208249118113,0.0
2022-02-17,SPY,SPY (S&P 500 ETF),sac_profit_only,SAC-Profit,13439.92809811618,0.34399280981161784,-0.0213614160648054,0.0
2022-02-18,SPY,SPY (S&P 500 ETF),sac_profit_only,SAC-Profit,13352.90385370501,0.33529038537050093,-0.006475052825868,0.0
2022-02-22,SPY,SPY (S&P 500 ETF),sac_profit_only,SAC-Profit,13209.605188749263,0.32096051887492627,-0.0107316480763832,0.0
2022-02-23,SPY,SPY (S&P 500 ETF),sac_profit_only,SAC-Profit,12975.284530132443,0.29752845301324427,-0.0177386572322687,0.0
2022-02-24,SPY,SPY (S&P 500 ETF),sac_profit_only,SAC-Profit,13170.551120020602,0.31705511200206016,0.0150491181472507,0.0
2022-02-25,SPY,SPY (S&P 500 ETF),sac_profit_only,SAC-Profit,13461.146199181998,0.3461146199181997,0.0220640029800773,0.0
2022-02-28,SPY,SPY (S&P 500 ETF),sac_profit_only,SAC-Profit,13426.705495550174,0.3426705495550173,-0.0025585268239577,0.0
2022-03-01,SPY,SPY (S&P 500 ETF),sac_profit_only,SAC-Profit,13222.213113907124,0.3222213113907124,-0.0152302723635981,0.0
2022-03-02,SPY,SPY (S&P 500 ETF),sac_profit_only,SAC-Profit,13465.451756355367,0.34654517563553666,0.0183962125215184,0.0
2022-03-03,SPY,SPY (S&P 500 ETF),sac_profit_only,SAC-Profit,13398.41438131615,0.33984143813161505,-0.0049784720373439,0.0
2022-03-04,SPY,SPY (S&P 500 ETF),sac_profit_only,SAC-Profit,13289.55735843102,0.3289557358431021,-0.0081246198085148,0.0
2022-03-07,SPY,SPY (S&P 500 ETF),sac_profit_only,SAC-Profit,12897.792008522048,0.2897792008522049,-0.0294791872552799,0.0
2022-03-08,SPY,SPY (S&P 500 ETF),sac_profit_only,SAC-Profit,12800.004809616232,0.2800004809616232,-0.0075817007159987,0.0
2022-03-09,SPY,SPY (S&P 500 ETF),sac_profit_only,SAC-Profit,13143.183429556975,0.3143183429556975,0.0268108196086711,0.0
2022-03-10,SPY,SPY (S&P 500 ETF),sac_profit_only,SAC-Profit,13083.834683532894,0.30838346835328934,-0.0045155533544951,0.0
2022-03-11,SPY,SPY (S&P 500 ETF),sac_profit_only,SAC-Profit,12917.472946848113,0.2917472946848112,-0.012715059514942,0.0
2022-03-14,SPY,SPY (S&P 500 ETF),sac_profit_only,SAC-Profit,12823.06788134527,0.28230678813452714,-0.0073083230668483,0.0
2022-03-15,SPY,SPY (S&P 500 ETF),sac_profit_only,SAC-Profit,13105.052784598714,0.3105052784598714,0.0219904398746628,0.0
2022-03-16,SPY,SPY (S&P 500 ETF),sac_profit_only,SAC-Profit,13395.646925321322,0.3395646925321323,0.0221742060485341,0.0
2022-03-17,SPY,SPY (S&P 500 ETF),sac_profit_only,SAC-Profit,13563.238955261184,0.3563238955261183,0.0125109321613328,0.0
2022-03-18,SPY,SPY (S&P 500 ETF),sac_profit_only,SAC-Profit,13669.328522151483,0.36693285221514826,0.007821846038416,0.0
2022-03-21,SPY,SPY (S&P 500 ETF),sac_profit_only,SAC-Profit,13665.331711340366,0.3665331711340367,-0.0002923926222594,0.0
2022-03-22,SPY,SPY (S&P 500 ETF),sac_profit_only,SAC-Profit,13825.23511226509,0.38252351122650907,0.0117013918361035,0.0
2022-03-23,SPY,SPY (S&P 500 ETF),sac_profit_only,SAC-Profit,13647.187935754057,0.3647187935754057,-0.012878419431224,0.0
2022-03-24,SPY,SPY (S&P 500 ETF),sac_profit_only,SAC-Profit,13852.910610652178,0.3852910610652178,0.0150743637346089,0.0
2022-03-25,SPY,SPY (S&P 500 ETF),sac_profit_only,SAC-Profit,13920.56266309954,0.3920562663099538,0.0048835984255426,0.0
2022-03-28,SPY,SPY (S&P 500 ETF),sac_profit_only,SAC-Profit,14019.580155260428,0.4019580155260427,0.0071130380687385,0.0
2022-03-29,SPY,SPY (S&P 500 ETF),sac_profit_only,SAC-Profit,14193.013966674627,0.4193013966674628,0.0123708277632781,0.0
2022-03-30,SPY,SPY (S&P 500 ETF),sac_profit_only,SAC-Profit,14105.375044855316,0.4105375044855317,-0.0061747928963565,0.0
2022-03-31,SPY,SPY (S&P 500 ETF),sac_profit_only,SAC-Profit,13888.274738054402,0.38882747380544025,-0.0153913175729486,0.0
2022-04-01,SPY,SPY (S&P 500 ETF),sac_profit_only,SAC-Profit,13927.635676267742,0.3927635676267742,0.002834112872601,0.0
2022-04-04,SPY,SPY (S&P 500 ETF),sac_profit_only,SAC-Profit,14046.947845724051,0.40469478457240515,0.0085665774313448,0.0
2022-04-05,SPY,SPY (S&P 500 ETF),sac_profit_only,SAC-Profit,13869.516285059946,0.3869516285059946,-0.0126313247982988,0.0
2022-04-06,SPY,SPY (S&P 500 ETF),sac_profit_only,SAC-Profit,13730.83004676225,0.373083004676225,-0.0099993565346678,0.0
2022-04-07,SPY,SPY (S&P 500 ETF),sac_profit_only,SAC-Profit,13800.019261949365,0.38000192619493656,0.00503896814333,0.0
2022-04-08,SPY,SPY (S&P 500 ETF),sac_profit_only,SAC-Profit,13763.11891024618,0.37631189102461793,-0.0026739347969556,0.0
2022-04-11,SPY,SPY (S&P 500 ETF),sac_profit_only,SAC-Profit,13527.875766297746,0.35278757662977456,-0.0170922844947087,0.0
2022-04-12,SPY,SPY (S&P 500 ETF),sac_profit_only,SAC-Profit,13477.751873589765,0.3477751873589765,-0.0037052301169749,0.0
2022-04-13,SPY,SPY (S&P 500 ETF),sac_profit_only,SAC-Profit,13632.120362524827,0.36321203625248266,0.0114535784886762,0.0
2022-04-14,SPY,SPY (S&P 500 ETF),sac_profit_only,SAC-Profit,13462.376492437072,0.34623764924370715,-0.012451758462637,0.0
2022-04-18,SPY,SPY (S&P 500 ETF),sac_profit_only,SAC-Profit,13467.911404426732,0.3467911404426731,0.0004111392957082,0.0
2022-04-19,SPY,SPY (S&P 500 ETF),sac_profit_only,SAC-Profit,13685.319519151108,0.3685319519151107,0.0161426748510475,0.0
2022-04-20,SPY,SPY (S&P 500 ETF),sac_profit_only,SAC-Profit,13675.171242064607,0.36751712420646077,-0.0007415447679024,0.0
2022-04-21,SPY,SPY (S&P 500 ETF),sac_profit_only,SAC-Profit,13470.67886042156,0.3470678860421559,-0.014953551807383,0.0
2022-04-22,SPY,SPY (S&P 500 ETF),sac_profit_only,SAC-Profit,13101.055035348803,0.3101055035348803,-0.0274391386583161,0.0
2022-04-25,SPY,SPY (S&P 500 ETF),sac_profit_only,SAC-Profit,13177.009455780655,0.3177009455780655,0.0057975804411869,0.0
2022-04-26,SPY,SPY (S&P 500 ETF),sac_profit_only,SAC-Profit,12795.392382958184,0.2795392382958184,-0.0289608256033435,0.0
2022-04-27,SPY,SPY (S&P 500 ETF),sac_profit_only,SAC-Profit,12831.37024932976,0.2831370249329761,0.0028117829680232,0.0
2022-04-28,SPY,SPY (S&P 500 ETF),sac_profit_only,SAC-Profit,13155.483546791367,0.31554835467913667,0.0252594454967536,0.0
2022-04-29,SPY,SPY (S&P 500 ETF),sac_profit_only,SAC-Profit,12669.314069818343,0.26693140698183426,-0.0369556523896531,0.0
2022-05-02,SPY,SPY (S&P 500 ETF),sac_profit_only,SAC-Profit,12745.576298173664,0.2745576298173664,0.006019444141573,0.0
2022-05-03,SPY,SPY (S&P 500 ETF),sac_profit_only,SAC-Profit,12804.002558866134,0.28040025588661344,0.0045840422846037,0.0
2022-05-04,SPY,SPY (S&P 500 ETF),sac_profit_only,SAC-Profit,13193.921999673095,0.3193921999673095,0.0304529336833787,0.0
2022-05-05,SPY,SPY (S&P 500 ETF),sac_profit_only,SAC-Profit,12724.972874515985,0.2724972874515985,-0.0355428147270182,0.0
2022-05-06,SPY,SPY (S&P 500 ETF),sac_profit_only,SAC-Profit,12649.018454084136,0.26490184540841355,-0.0059689259207744,0.0
2022-05-09,SPY,SPY (S&P 500 ETF),sac_profit_only,SAC-Profit,12244.031440047946,0.22440314400479466,-0.0320172680201463,0.0
2022-05-10,SPY,SPY (S&P 500 ETF),sac_profit_only,SAC-Profit,12272.321615843175,0.22723216158431758,0.0023105278627999,0.0
2022-05-11,SPY,SPY (S&P 500 ETF),sac_profit_only,SAC-Profit,12077.361895439692,0.2077361895439691,-0.0158861319403327,0.0
2022-05-12,SPY,SPY (S&P 500 ETF),sac_profit_only,SAC-Profit,12064.753970281832,0.20647539702818318,-0.0010439303936583,0.0
2022-05-13,SPY,SPY (S&P 500 ETF),sac_profit_only,SAC-Profit,12353.196270856542,0.23531962708565435,0.023907847709552,0.0
2022-05-16,SPY,SPY (S&P 500 ETF),sac_profit_only,SAC-Profit,12303.07237814856,0.23030723781485585,-0.0040575646665822,0.0
2022-05-17,SPY,SPY (S&P 500 ETF),sac_profit_only,SAC-Profit,12556.151489759835,0.2556151489759835,0.0205703993143022,0.0
2022-05-18,SPY,SPY (S&P 500 ETF),sac_profit_only,SAC-Profit,12049.99326653728,0.204999326653728,-0.0403115734654327,0.0
2022-05-19,SPY,SPY (S&P 500 ETF),sac_profit_only,SAC-Profit,11976.191624692116,0.19761916246921163,-0.0061246210029104,0.0
2022-05-20,SPY,SPY (S&P 500 ETF),sac_profit_only,SAC-Profit,11981.4196671971,0.19814196671970996,0.0004365363104414,0.0
2022-05-23,SPY,SPY (S&P 500 ETF),sac_profit_only,SAC-Profit,12205.59298716621,0.22055929871662094,0.0187100799567898,0.0
2022-05-24,SPY,SPY (S&P 500 ETF),sac_profit_only,SAC-Profit,12112.418214918447,0.21124182149184478,-0.0076337767731344,0.0
2022-05-25,SPY,SPY (S&P 500 ETF),sac_profit_only,SAC-Profit,12219.430267140357,0.22194302671403565,0.0088349040070385,0.0
2022-05-26,SPY,SPY (S&P 500 ETF),sac_profit_only,SAC-Profit,12463.59139492021,0.24635913949202104,0.0199813839468796,0.0
2022-05-27,SPY,SPY (S&P 500 ETF),sac_profit_only,SAC-Profit,12769.561855234298,0.27695618552342993,0.0245491408229889,0.0
2022-05-31,SPY,SPY (S&P 500 ETF),sac_profit_only,SAC-Profit,12697.912053537031,0.26979120535370305,-0.0056109835646316,0.0
2022-06-01,SPY,SPY (S&P 500 ETF),sac_profit_only,SAC-Profit,12595.2046200497,0.25952046200497003,-0.0080885292837353,0.0
2022-06-02,SPY,SPY (S&P 500 ETF),sac_profit_only,SAC-Profit,12835.061129094973,0.28350611290949734,0.0190434785524211,0.0
2022-06-03,SPY,SPY (S&P 500 ETF),sac_profit_only,SAC-Profit,12624.418219615332,0.2624418219615332,-0.0164115236663849,0.0
2022-06-06,SPY,SPY (S&P 500 ETF),sac_profit_only,SAC-Profit,12662.856672497062,0.26628566724970626,0.0030447702391549,0.0
2022-06-07,SPY,SPY (S&P 500 ETF),sac_profit_only,SAC-Profit,12784.321620540057,0.2784321620540058,0.0095922232387584,0.0
2022-06-08,SPY,SPY (S&P 500 ETF),sac_profit_only,SAC-Profit,12645.328512757684,0.2645328512757683,-0.0108721535571395,0.0
2022-06-09,SPY,SPY (S&P 500 ETF),sac_profit_only,SAC-Profit,12344.58609494858,0.23445860949485797,-0.0237828868981687,0.0
2022-06-10,SPY,SPY (S&P 500 ETF),sac_profit_only,SAC-Profit,11986.646771263288,0.19866467712632874,-0.0289956520965706,0.0
2022-06-13,SPY,SPY (S&P 500 ETF),sac_profit_only,SAC-Profit,11531.535864519114,0.15315358645191135,-0.0379681586876534,0.0
2022-06-14,SPY,SPY (S&P 500 ETF),sac_profit_only,SAC-Profit,11496.787352963824,0.14967873529638243,-0.0030133463541666,0.0
2022-06-15,SPY,SPY (S&P 500 ETF),sac_profit_only,SAC-Profit,11660.689441577248,0.16606894415772477,0.0142563381909617,0.0
2022-06-16,SPY,SPY (S&P 500 ETF),sac_profit_only,SAC-Profit,11274.766811581398,0.12747668115813982,-0.0330960387830764,0.0
2022-06-17,SPY,SPY (S&P 500 ETF),sac_profit_only,SAC-Profit,11250.473446597283,0.12504734465972844,-0.0021546667341412,0.0
2022-06-21,SPY,SPY (S&P 500 ETF),sac_profit_only,SAC-Profit,11533.688643105805,0.1533688643105804,0.0251736247236937,0.0
2022-06-22,SPY,SPY (S&P 500 ETF),sac_profit_only,SAC-Profit,11512.778349963452,0.15127783499634506,-0.0018129753446094,0.0
2022-06-23,SPY,SPY (S&P 500 ETF),sac_profit_only,SAC-Profit,11625.633122098488,0.16256331220984888,0.0098025662185528,0.0
2022-06-24,SPY,SPY (S&P 500 ETF),sac_profit_only,SAC-Profit,11995.25694717124,0.199525694717124,0.0317938662944865,0.0
2022-06-27,SPY,SPY (S&P 500 ETF),sac_profit_only,SAC-Profit,11949.438611636631,0.19494386116366313,-0.0038197043828573,0.0
2022-06-28,SPY,SPY (S&P 500 ETF),sac_profit_only,SAC-Profit,11705.277483856777,0.17052774838567775,-0.020432853434812,0.0
2022-06-29,SPY,SPY (S&P 500 ETF),sac_profit_only,SAC-Profit,11695.744822617213,0.16957448226172134,-0.00081439002644,0.0
2022-06-30,SPY,SPY (S&P 500 ETF),sac_profit_only,SAC-Profit,11600.725079706228,0.1600725079706229,-0.0081243002777586,0.0
2022-07-01,SPY,SPY (S&P 500 ETF),sac_profit_only,SAC-Profit,11723.420321004298,0.17234203210042986,0.0105765148691185,0.0
2022-07-05,SPY,SPY (S&P 500 ETF),sac_profit_only,SAC-Profit,11745.560907401725,0.17455609074017242,0.0018885773768393,0.0
2022-07-06,SPY,SPY (S&P 500 ETF),sac_profit_only,SAC-Profit,11785.229653538532,0.17852296535385315,0.0033773394433473,0.0
2022-07-07,SPY,SPY (S&P 500 ETF),sac_profit_only,SAC-Profit,11961.738728871029,0.19617387288710297,0.0149771434686889,0.0
2022-07-08,SPY,SPY (S&P 500 ETF),sac_profit_only,SAC-Profit,11951.899198146784,0.19518991981467848,-0.0008225836516971,0.0
2022-07-11,SPY,SPY (S&P 500 ETF),sac_profit_only,SAC-Profit,11815.365738435776,0.18153657384357746,-0.0114235785834087,0.0
2022-07-12,SPY,SPY (S&P 500 ETF),sac_profit_only,SAC-Profit,11710.812395846437,0.17108123958464372,-0.0088489298515088,0.0
2022-07-13,SPY,SPY (S&P 500 ETF),sac_profit_only,SAC-Profit,11649.310871235668,0.16493108712356674,-0.0052516872896521,0.0
2022-07-14,SPY,SPY (S&P 500 ETF),sac_profit_only,SAC-Profit,11621.020695440437,0.1621020695440436,-0.0024284849213771,0.0
2022-07-15,SPY,SPY (S&P 500 ETF),sac_profit_only,SAC-Profit,11843.041236822864,0.18430412368228644,0.0191050809736132,0.0
2022-07-18,SPY,SPY (S&P 500 ETF),sac_profit_only,SAC-Profit,11745.254037917051,0.17452540379170522,-0.0082569330757512,0.0
2022-07-19,SPY,SPY (S&P 500 ETF),sac_profit_only,SAC-Profit,12062.601191695136,0.20626011916951348,0.027019181769385,0.0
2022-07-20,SPY,SPY (S&P 500 ETF),sac_profit_only,SAC-Profit,12139.478097458596,0.21394780974585959,0.0063731615214459,0.0
2022-07-21,SPY,SPY (S&P 500 ETF),sac_profit_only,SAC-Profit,12263.09676252707,0.22630967625270704,0.0101831943742582,0.0
2022-07-22,SPY,SPY (S&P 500 ETF),sac_profit_only,SAC-Profit,12149.318566621632,0.2149318566621632,-0.0092780965614749,0.0
2022-07-25,SPY,SPY (S&P 500 ETF),sac_profit_only,SAC-Profit,12164.079270366185,0.21640792703661837,0.001214940876199,0.0
2022-07-26,SPY,SPY (S&P 500 ETF),sac_profit_only,SAC-Profit,12020.165928002294,0.20201659280022932,-0.011831009907547,0.0
2022-07-27,SPY,SPY (S&P 500 ETF),sac_profit_only,SAC-Profit,12332.285977714186,0.23322859777141858,0.0259663678173338,0.0
2022-07-28,SPY,SPY (S&P 500 ETF),sac_profit_only,SAC-Profit,12486.96227457272,0.24869622745727193,0.0125423864754719,0.0
2022-07-29,SPY,SPY (S&P 500 ETF),sac_profit_only,SAC-Profit,12669.006261894869,0.26690062618948684,0.014578724858715,0.0
2022-08-01,SPY,SPY (S&P 500 ETF),sac_profit_only,SAC-Profit,12631.490294344749,0.26314902943447493,-0.0029612399563617,0.0
2022-08-02,SPY,SPY (S&P 500 ETF),sac_profit_only,SAC-Profit,12548.15599126002,0.25481559912600216,-0.006597345296781,0.0
2022-08-03,SPY,SPY (S&P 500 ETF),sac_profit_only,SAC-Profit,12744.653812842049,0.27446538128420483,0.0156594978352908,0.0
2022-08-04,SPY,SPY (S&P 500 ETF),sac_profit_only,SAC-Profit,12736.04363693409,0.2736043636934089,-0.0006755911956809,0.0
2022-08-05,SPY,SPY (S&P 500 ETF),sac_profit_only,SAC-Profit,12714.517727944803,0.2714517727944803,-0.0016901566611206,0.0
2022-08-08,SPY,SPY (S&P 500 ETF),sac_profit_only,SAC-Profit,12699.757024200257,0.26997570242002555,-0.0011609330420851,0.0
2022-08-09,SPY,SPY (S&P 500 ETF),sac_profit_only,SAC-Profit,12649.326262007597,0.26493262620075964,-0.0039710021299272,0.0
2022-08-10,SPY,SPY (S&P 500 ETF),sac_profit_only,SAC-Profit,12915.012360337949,0.29150123603379496,0.0210039722928438,0.0
2022-08-11,SPY,SPY (S&P 500 ETF),sac_profit_only,SAC-Profit,12915.012360337949,0.29150123603379496,0.0,0.0
2022-08-12,SPY,SPY (S&P 500 ETF),sac_profit_only,SAC-Profit,13133.6507683174,0.31336507683174,0.0169290126775947,0.0
2022-08-15,SPY,SPY (S&P 500 ETF),sac_profit_only,SAC-Profit,13187.7714718365,0.31877714718365,0.0041207661505402,0.0
2022-08-16,SPY,SPY (S&P 500 ETF),sac_profit_only,SAC-Profit,13213.60293799916,0.32136029379991604,0.0019587438421893,0.0
2022-08-17,SPY,SPY (S&P 500 ETF),sac_profit_only,SAC-Profit,13119.812549904462,0.31198125499044616,-0.0070980177423811,0.0
2022-08-18,SPY,SPY (S&P 500 ETF),sac_profit_only,SAC-Profit,13157.944133301517,0.31579441333015157,0.0029064122106936,0.0
2022-08-19,SPY,SPY (S&P 500 ETF),sac_profit_only,SAC-Profit,12981.127250045558,0.2981127250045559,-0.0134380326793189,0.0
2022-08-22,SPY,SPY (S&P 500 ETF),sac_profit_only,SAC-Profit,12710.827786618367,0.2710827786618366,-0.0208224954752092,0.0
2022-08-23,SPY,SPY (S&P 500 ETF),sac_profit_only,SAC-Profit,12680.077024312985,0.26800770243129857,-0.0024192572522898,0.0
2022-08-24,SPY,SPY (S&P 500 ETF),sac_profit_only,SAC-Profit,12720.6682557814,0.27206682557814,0.0032011817744155,0.0
2022-08-25,SPY,SPY (S&P 500 ETF),sac_profit_only,SAC-Profit,12900.25259503219,0.2900252595032191,0.0141175239885036,0.0
2022-08-26,SPY,SPY (S&P 500 ETF),sac_profit_only,SAC-Profit,12463.591394920217,0.2463591394920217,-0.0338490426365859,0.0
2022-08-29,SPY,SPY (S&P 500 ETF),sac_profit_only,SAC-Profit,12381.179577167097,0.23811795771670963,-0.0066122047122556,0.0
2022-08-30,SPY,SPY (S&P 500 ETF),sac_profit_only,SAC-Profit,12245.260794864227,0.22452607948642278,-0.0109778540449833,0.0
2022-08-31,SPY,SPY (S&P 500 ETF),sac_profit_only,SAC-Profit,12152.086022616468,0.21520860226164684,-0.0076090475987934,0.0
2022-09-01,SPY,SPY (S&P 500 ETF),sac_profit_only,SAC-Profit,12190.21760601352,0.21902176060135203,0.0031378631887633,0.0
2022-09-02,SPY,SPY (S&P 500 ETF),sac_profit_only,SAC-Profit,12061.678706363531,0.206167870636353,-0.0105444302804388,0.0
2022-09-06,SPY,SPY (S&P 500 ETF),sac_profit_only,SAC-Profit,12016.16817875239,0.2016168178752391,-0.0037731503813919,0.0
2022-09-07,SPY,SPY (S&P 500 ETF),sac_profit_only,SAC-Profit,12232.038192298223,0.22320381922982224,0.0179649627347548,0.0
2022-09-08,SPY,SPY (S&P 500 ETF),sac_profit_only,SAC-Profit,12311.990361979984,0.23119903619799853,0.0065362916976583,0.0
2022-09-09,SPY,SPY (S&P 500 ETF),sac_profit_only,SAC-Profit,12503.260141057028,0.2503260141057029,0.0155352443799576,0.0
2022-09-12,SPY,SPY (S&P 500 ETF),sac_profit_only,SAC-Profit,12637.64082218135,0.2637640822181351,0.010747651381183,0.0
2022-09-13,SPY,SPY (S&P 500 ETF),sac_profit_only,SAC-Profit,12088.12484993434,0.20881248499343408,-0.0434824806290198,0.0
2022-09-14,SPY,SPY (S&P 500 ETF),sac_profit_only,SAC-Profit,12134.250993392418,0.2134250993392417,0.0038158228865685,0.0
2022-09-15,SPY,SPY (S&P 500 ETF),sac_profit_only,SAC-Profit,11996.48724042633,0.199648724042633,-0.0113532967993743,0.0
2022-09-16,SPY,SPY (S&P 500 ETF),sac_profit_only,SAC-Profit,11856.26383938888,0.18562638393888786,-0.0116887050540027,0.0
2022-09-19,SPY,SPY (S&P 500 ETF),sac_profit_only,SAC-Profit,11948.208318381568,0.1948208318381568,0.0077549285540718,0.0
2022-09-20,SPY,SPY (S&P 500 ETF),sac_profit_only,SAC-Profit,11811.060181262412,0.18110601812624116,-0.0114785525548765,0.0
2022-09-21,SPY,SPY (S&P 500 ETF),sac_profit_only,SAC-Profit,11605.030636879612,0.1605030636879612,-0.0174437807631913,0.0
2022-09-22,SPY,SPY (S&P 500 ETF),sac_profit_only,SAC-Profit,11507.550307458476,0.15075503074584762,-0.0083998338713,0.0
2022-09-23,SPY,SPY (S&P 500 ETF),sac_profit_only,SAC-Profit,11314.743365641683,0.1314743365641684,-0.0167548206755895,0.0
2022-09-26,SPY,SPY (S&P 500 ETF),sac_profit_only,SAC-Profit,11202.810140399462,0.12028101403994618,-0.009892687940419,0.0
2022-09-27,SPY,SPY (S&P 500 ETF),sac_profit_only,SAC-Profit,11174.212156680764,0.11742121566807628,-0.0025527509044867,0.0
2022-09-28,SPY,SPY (S&P 500 ETF),sac_profit_only,SAC-Profit,11394.079919476506,0.13940799194765052,0.0196763547812439,0.0
2022-09-29,SPY,SPY (S&P 500 ETF),sac_profit_only,SAC-Profit,11156.069319533244,0.11560693195332439,-0.0208889705553511,0.0
2022-09-30,SPY,SPY (S&P 500 ETF),sac_profit_only,SAC-Profit,10983.557055011866,0.09835570550118655,-0.0154635346536727,0.0
2022-10-03,SPY,SPY (S&P 500 ETF),sac_profit_only,SAC-Profit,11273.536518326331,0.12735365183263303,0.0264012343052513,0.0
2022-10-04,SPY,SPY (S&P 500 ETF),sac_profit_only,SAC-Profit,11622.86566610367,0.162286566610367,0.030986651545366,0.0
2022-10-05,SPY,SPY (S&P 500 ETF),sac_profit_only,SAC-Profit,11595.804845124723,0.15958048451247242,-0.0023282400189708,0.0
2022-10-06,SPY,SPY (S&P 500 ETF),sac_profit_only,SAC-Profit,11476.184867744952,0.14761848677449518,-0.0103157977369776,0.0
2022-10-07,SPY,SPY (S&P 500 ETF),sac_profit_only,SAC-Profit,11156.069319533244,0.11560693195332439,-0.0278938995755834,0.0
2022-10-10,SPY,SPY (S&P 500 ETF),sac_profit_only,SAC-Profit,11070.889107346502,0.10708891073465021,-0.007635324749874,0.0
2022-10-11,SPY,SPY (S&P 500 ETF),sac_profit_only,SAC-Profit,11000.777406827776,0.10007774068277753,-0.0063329783036306,0.0
2022-10-12,SPY,SPY (S&P 500 ETF),sac_profit_only,SAC-Profit,10964.491732532731,0.09644917325327307,-0.0032984645496529,0.0
2022-10-13,SPY,SPY (S&P 500 ETF),sac_profit_only,SAC-Profit,11253.856518439054,0.12538565184390538,0.0263910806779805,0.0
2022-10-14,SPY,SPY (S&P 500 ETF),sac_profit_only,SAC-Profit,10997.395273424803,0.09973952734248037,-0.0227887430938938,0.0
2022-10-17,SPY,SPY (S&P 500 ETF),sac_profit_only,SAC-Profit,11279.994854086392,0.12799948540863926,0.0256969558368507,0.0
2022-10-18,SPY,SPY (S&P 500 ETF),sac_profit_only,SAC-Profit,11412.530564547493,0.14125305645474917,0.0117496250818844,0.0
2022-10-19,SPY,SPY (S&P 500 ETF),sac_profit_only,SAC-Profit,11331.655909534124,0.1331655909534124,-0.007086478722309,0.0
2022-10-20,SPY,SPY (S&P 500 ETF),sac_profit_only,SAC-Profit,11236.636166623142,0.12366361666231418,-0.0083853360594047,0.0
2022-10-21,SPY,SPY (S&P 500 ETF),sac_profit_only,SAC-Profit,11509.703086045163,0.1509703086045162,0.0243014827011243,0.0
2022-10-24,SPY,SPY (S&P 500 ETF),sac_profit_only,SAC-Profit,11650.541164490756,0.16505411644907553,0.0122364649541959,0.0
2022-10-25,SPY,SPY (S&P 500 ETF),sac_profit_only,SAC-Profit,11836.583839501604,0.18365838395016043,0.0159685865561234,0.0
2022-10-26,SPY,SPY (S&P 500 ETF),sac_profit_only,SAC-Profit,11747.405878064958,0.17474058780649582,-0.0075340962093335,0.0
2022-10-27,SPY,SPY (S&P 500 ETF),sac_profit_only,SAC-Profit,11684.674998637904,0.16846749986379028,-0.0053399771897033,0.0
2022-10-28,SPY,SPY (S&P 500 ETF),sac_profit_only,SAC-Profit,11962.66121420265,0.196266121420265,0.0237906673139947,0.0
2022-10-31,SPY,SPY (S&P 500 ETF),sac_profit_only,SAC-Profit,11876.251647199622,0.18762516471996227,-0.007223272936998,0.0
2022-11-01,SPY,SPY (S&P 500 ETF),sac_profit_only,SAC-Profit,11824.28278382842,0.18242827838284192,-0.0043758641122645,0.0
2022-11-02,SPY,SPY (S&P 500 ETF),sac_profit_only,SAC-Profit,11527.53811526922,0.15275381152692202,-0.0250962087074783,0.0
2022-11-03,SPY,SPY (S&P 500 ETF),sac_profit_only,SAC-Profit,11408.840623221056,0.1408840623221057,-0.0102968639844215,0.0
2022-11-04,SPY,SPY (S&P 500 ETF),sac_profit_only,SAC-Profit,11573.049581319152,0.15730495813191525,0.0143931327924655,0.0
2022-11-07,SPY,SPY (S&P 500 ETF),sac_profit_only,SAC-Profit,11683.752513306295,0.16837525133062958,0.009565580032236,0.0
2022-11-08,SPY,SPY (S&P 500 ETF),sac_profit_only,SAC-Profit,11746.791200656817,0.17467912006568165,0.0053954144679739,0.0
2022-11-09,SPY,SPY (S&P 500 ETF),sac_profit_only,SAC-Profit,11504.782851463648,0.15047828514636485,-0.0206020814586059,0.0
2022-11-10,SPY,SPY (S&P 500 ETF),sac_profit_only,SAC-Profit,12137.01844938725,0.2137018449387249,0.0549541530758372,0.0
2022-11-11,SPY,SPY (S&P 500 ETF),sac_profit_only,SAC-Profit,12254.486586619125,0.22544865866191244,0.0096785003435342,0.0
2022-11-14,SPY,SPY (S&P 500 ETF),sac_profit_only,SAC-Profit,12150.241051953251,0.21502410519532522,-0.0085067239601616,0.0
2022-11-15,SPY,SPY (S&P 500 ETF),sac_profit_only,SAC-Profit,12253.870970772192,0.22538709707721916,0.0085290422120702,0.0
2022-11-16,SPY,SPY (S&P 500 ETF),sac_profit_only,SAC-Profit,12160.389329039755,0.21603893290397558,-0.0076287437623104,0.0
2022-11-17,SPY,SPY (S&P 500 ETF),sac_profit_only,SAC-Profit,12123.180230974309,0.21231802309743086,-0.0030598607543418,0.0
2022-11-18,SPY,SPY (S&P 500 ETF),sac_profit_only,SAC-Profit,12178.224358263808,0.21782243582638072,0.0045404032803919,0.0
2022-11-21,SPY,SPY (S&P 500 ETF),sac_profit_only,SAC-Profit,12133.94318546895,0.21339431854689495,-0.0036360943510462,0.0
2022-11-22,SPY,SPY (S&P 500 ETF),sac_profit_only,SAC-Profit,12297.229658235436,0.22972296582354357,0.0134569999439284,0.0
2022-11-23,SPY,SPY (S&P 500 ETF),sac_profit_only,SAC-Profit,12374.722179845834,0.2374722179845834,0.0063016243303628,0.0
2022-11-25,SPY,SPY (S&P 500 ETF),sac_profit_only,SAC-Profit,12371.953785412214,0.2371953785412213,-0.0002237136634977,0.0
2022-11-28,SPY,SPY (S&P 500 ETF),sac_profit_only,SAC-Profit,12174.53441693737,0.21745344169373704,-0.01595700823807,0.0
2022-11-29,SPY,SPY (S&P 500 ETF),sac_profit_only,SAC-Profit,12153.624123795018,0.2153624123795017,-0.0017175435565947,0.0
2022-11-30,SPY,SPY (S&P 500 ETF),sac_profit_only,SAC-Profit,12536.47055143378,0.25364705514337804,0.0315005979894675,0.0
2022-12-01,SPY,SPY (S&P 500 ETF),sac_profit_only,SAC-Profit,12527.24569811768,0.25272456981176794,-0.0007358413421267,0.0
2022-12-02,SPY,SPY (S&P 500 ETF),sac_profit_only,SAC-Profit,12512.7928022966,0.2512792802296602,-0.0011537169597666,0.0
2022-12-05,SPY,SPY (S&P 500 ETF),sac_profit_only,SAC-Profit,12287.696996995875,0.2287696996995876,-0.0179892537866853,0.0
2022-12-06,SPY,SPY (S&P 500 ETF),sac_profit_only,SAC-Profit,12110.57230581645,0.21105723058164494,-0.0144147997157424,0.0
2022-12-07,SPY,SPY (S&P 500 ETF),sac_profit_only,SAC-Profit,12089.969820597564,0.20899698205975636,-0.0017011983165312,0.0
2022-12-08,SPY,SPY (S&P 500 ETF),sac_profit_only,SAC-Profit,12184.68175558508,0.21846817555850784,0.0078339265021287,0.0
2022-12-09,SPY,SPY (S&P 500 ETF),sac_profit_only,SAC-Profit,12093.659761924004,0.20936597619240027,-0.0074701986877379,0.0
2022-12-12,SPY,SPY (S&P 500 ETF),sac_profit_only,SAC-Profit,12268.016997108602,0.22680169971086017,0.0144172433007871,0.0
2022-12-13,SPY,SPY (S&P 500 ETF),sac_profit_only,SAC-Profit,12360.883961432895,0.23608839614328958,0.0075698431414124,0.0
2022-12-14,SPY,SPY (S&P 500 ETF),sac_profit_only,SAC-Profit,12281.854277082748,0.22818542770827488,-0.0063935301550218,0.0
2022-12-15,SPY,SPY (S&P 500 ETF),sac_profit_only,SAC-Profit,11981.419667197108,0.19814196671971085,-0.0244616654055433,0.0
2022-12-16,SPY,SPY (S&P 500 ETF),sac_profit_only,SAC-Profit,11785.844330946691,0.1785844330946691,-0.0163232189242035,0.0
2022-12-19,SPY,SPY (S&P 500 ETF),sac_profit_only,SAC-Profit,11685.904353454192,0.1685904353454193,-0.0084796621002435,0.0
2022-12-20,SPY,SPY (S&P 500 ETF),sac_profit_only,SAC-Profit,11701.89535045382,0.17018953504538215,0.0013684004691429,0.0
2022-12-21,SPY,SPY (S&P 500 ETF),sac_profit_only,SAC-Profit,11876.86726304656,0.187686726304656,0.0149524420918663,0.0
2022-12-22,SPY,SPY (S&P 500 ETF),sac_profit_only,SAC-Profit,11707.43026244348,0.17074302624434812,-0.014266135745262,0.0
2022-12-23,SPY,SPY (S&P 500 ETF),sac_profit_only,SAC-Profit,11774.774506967377,0.1774774506967376,0.0057522652720751,0.0
2022-12-27,SPY,SPY (S&P 500 ETF),sac_profit_only,SAC-Profit,11728.34055558583,0.172834055558583,-0.0039435108803204,0.0
2022-12-28,SPY,SPY (S&P 500 ETF),sac_profit_only,SAC-Profit,11582.58224255872,0.15825822425587188,-0.0124278718149677,0.0
2022-12-29,SPY,SPY (S&P 500 ETF),sac_profit_only,SAC-Profit,11791.072373451676,0.17910723734516765,0.0180003151738379,0.0
2022-12-30,SPY,SPY (S&P 500 ETF),sac_profit_only,SAC-Profit,11760.013803222824,0.1760013803222824,-0.0026340751074331,0.0
2020-01-02,SPY,SPY (S&P 500 ETF),ppo_variance_penalized,PPO-Variance,10000.0,0.0,0.0,0.0
2020-01-03,SPY,SPY (S&P 500 ETF),ppo_variance_penalized,PPO-Variance,9943.0696330462,-0.005693036695380016,-0.00569303669538,0.6645153164863586
2020-01-06,SPY,SPY (S&P 500 ETF),ppo_variance_penalized,PPO-Variance,9968.259998783198,-0.0031740001216802316,0.0025334596524675,0.0016966509997404
2020-01-07,SPY,SPY (S&P 500 ETF),ppo_variance_penalized,PPO-Variance,9949.626172011403,-0.00503738279885968,-0.001869315886029,0.0008483568323208
2020-01-08,SPY,SPY (S&P 500 ETF),ppo_variance_penalized,PPO-Variance,9984.857082706169,-0.0015142917293831104,0.0035409280796769,0.0006280161983442
2020-01-09,SPY,SPY (S&P 500 ETF),ppo_variance_penalized,PPO-Variance,10029.83542822526,0.0029835428225259975,0.0045046559151051,0.0011839455598927
2020-01-10,SPY,SPY (S&P 500 ETF),ppo_variance_penalized,PPO-Variance,10010.640516960531,0.0010640516960531698,-0.0019137812780766,0.0015048613769153
2020-01-13,SPY,SPY (S&P 500 ETF),ppo_variance_penalized,PPO-Variance,10056.383707891731,0.005638370789173175,0.0045694569546972,0.0006427695688139
2020-01-14,SPY,SPY (S&P 500 ETF),ppo_variance_penalized,PPO-Variance,10046.179900141313,0.0046179900141312125,-0.0010146597471628,0.0015262244427268
2020-01-15,SPY,SPY (S&P 500 ETF),ppo_variance_penalized,PPO-Variance,10061.262922286069,0.006126292228606944,0.0015013689078517,0.0003402360030035
2020-01-16,SPY,SPY (S&P 500 ETF),ppo_variance_penalized,PPO-Variance,10116.873422080427,0.011687342208042795,0.00552718880561,0.0005030451604923
2020-01-17,SPY,SPY (S&P 500 ETF),ppo_variance_penalized,PPO-Variance,10137.779702283706,0.013777970228370684,0.0020664764034361,0.0018442623648191
2020-01-21,SPY,SPY (S&P 500 ETF),ppo_variance_penalized,PPO-Variance,10124.580868147015,0.012458086814701508,-0.0013019452507649,0.0006924589538825
2020-01-22,SPY,SPY (S&P 500 ETF),ppo_variance_penalized,PPO-Variance,10125.388923462418,0.012538892346241948,7.981123623057584e-05,0.0004371194866715
2020-01-23,SPY,SPY (S&P 500 ETF),ppo_variance_penalized,PPO-Variance,10133.105357903927,0.013310535790392652,0.0007620877084169,2.6919945706138648e-05
2020-01-24,SPY,SPY (S&P 500 ETF),ppo_variance_penalized,PPO-Variance,10073.220313968526,0.007322031396852724,-0.0059098412401971,0.0002554830843789
2020-01-27,SPY,SPY (S&P 500 ETF),ppo_variance_penalized,PPO-Variance,9965.902625120383,-0.003409737487961695,-0.0106537617071001,0.0019943618694455
2020-01-28,SPY,SPY (S&P 500 ETF),ppo_variance_penalized,PPO-Variance,10035.264692577786,0.003526469257778553,0.0069599383083038,0.0036119860351838
2020-01-29,SPY,SPY (S&P 500 ETF),ppo_variance_penalized,PPO-Variance,10029.732999495383,0.0029732999495384327,-0.0005512254287117,0.0023200172894192
2020-01-30,SPY,SPY (S&P 500 ETF),ppo_variance_penalized,PPO-Variance,10051.361144779845,0.005136114477984455,0.0021564028958245,0.0001842509220234
2020-01-31,SPY,SPY (S&P 500 ETF),ppo_variance_penalized,PPO-Variance,9930.072191722713,-0.006992780827728695,-0.0120669182322757,0.0007219451517799
2020-02-03,SPY,SPY (S&P 500 ETF),ppo_variance_penalized,PPO-Variance,9979.04989611059,-0.0020950103889409988,0.0049322606565442,0.0040974678521301
2020-02-04,SPY,SPY (S&P 500 ETF),ppo_variance_penalized,PPO-Variance,10080.101716983929,0.00801017169839291,0.0101263969942393,0.0016479444514909
2020-02-05,SPY,SPY (S&P 500 ETF),ppo_variance_penalized,PPO-Variance,10157.420524939937,0.01574205249399374,0.007670439260125,0.0033637413703664
2020-02-06,SPY,SPY (S&P 500 ETF),ppo_variance_penalized,PPO-Variance,10180.106486033894,0.0180106486033893,0.0022334372233834,0.0025548465758238
2020-02-07,SPY,SPY (S&P 500 ETF),ppo_variance_penalized,PPO-Variance,10144.044636851178,0.01440446368511794,-0.00354238427979,0.0007484694324381
2020-02-10,SPY,SPY (S&P 500 ETF),ppo_variance_penalized,PPO-Variance,10194.35527725607,0.019435527725607082,0.0049596233263924,0.0011923884671198
2020-02-11,SPY,SPY (S&P 500 ETF),ppo_variance_penalized,PPO-Variance,10206.078583527344,0.020607858352734265,0.0011499801559231,0.0016560642352577
2020-02-12,SPY,SPY (S&P 500 ETF),ppo_variance_penalized,PPO-Variance,10249.77012039471,0.024977012039471003,0.0042809328293713,0.0003859125211015
2020-02-13,SPY,SPY (S&P 500 ETF),ppo_variance_penalized,PPO-Variance,10242.488224533005,0.0242488224533004,-0.0007104447979,0.0014301942974246
2020-02-14,SPY,SPY (S&P 500 ETF),ppo_variance_penalized,PPO-Variance,10253.39023695574,0.025339023695573948,0.0010643910135648,0.0002380326489533
2020-02-18,SPY,SPY (S&P 500 ETF),ppo_variance_penalized,PPO-Variance,10235.82810760303,0.023582810760303108,-0.0017128119526175,0.0003567869777754
2020-02-19,SPY,SPY (S&P 500 ETF),ppo_variance_penalized,PPO-Variance,10268.343511919333,0.026834351191933337,0.003176626646568,0.0005754881823131
2020-02-20,SPY,SPY (S&P 500 ETF),ppo_variance_penalized,PPO-Variance,10240.300127735858,0.02403001277358574,-0.0027310523991452,0.0010625273997846
2020-02-21,SPY,SPY (S&P 500 ETF),ppo_variance_penalized,PPO-Variance,10170.212766130007,0.01702127661300068,-0.0068442683057715,0.0009183779263571
2020-02-24,SPY,SPY (S&P 500 ETF),ppo_variance_penalized,PPO-Variance,9946.049314570577,-0.005395068542942361,-0.0220411761989842,0.0023116607108532
2020-02-25,SPY,SPY (S&P 500 ETF),ppo_variance_penalized,PPO-Variance,9745.699570946685,-0.025430042905331574,-0.0201436507388302,0.0075603402870129
2020-02-26,SPY,SPY (S&P 500 ETF),ppo_variance_penalized,PPO-Variance,9721.811812887174,-0.027818818711282667,-0.0024511075767945,0.0068942247704482
2020-02-27,SPY,SPY (S&P 500 ETF),ppo_variance_penalized,PPO-Variance,9431.66141489882,-0.05683385851011813,-0.029845300811494,0.0008220109801853
2020-02-28,SPY,SPY (S&P 500 ETF),ppo_variance_penalized,PPO-Variance,9405.231270182509,-0.059476872981749196,-0.0028022787877605,0.0103203803820101
2020-03-02,SPY,SPY (S&P 500 ETF),ppo_variance_penalized,PPO-Variance,9675.884404200671,-0.032411559579932914,0.0287768717475578,0.0009392914391581
2020-03-03,SPY,SPY (S&P 500 ETF),ppo_variance_penalized,PPO-Variance,9491.695117365383,-0.050830488263461704,-0.0190359122888366,0.0093844594428269
2020-03-04,SPY,SPY (S&P 500 ETF),ppo_variance_penalized,PPO-Variance,9756.74975824703,-0.024325024175297028,0.0279249004107515,0.0065069748701004
2020-03-05,SPY,SPY (S&P 500 ETF),ppo_variance_penalized,PPO-Variance,9541.13997798852,-0.045886002201148024,-0.0220985251852197,0.0091159960840634
2020-03-06,SPY,SPY (S&P 500 ETF),ppo_variance_penalized,PPO-Variance,9436.25735559054,-0.056374264440945954,-0.0109926720119342,0.0075781238107082
2020-03-09,SPY,SPY (S&P 500 ETF),ppo_variance_penalized,PPO-Variance,8946.52971014077,-0.10534702898592296,-0.0518985045654386,0.0037262926594506
2020-03-10,SPY,SPY (S&P 500 ETF),ppo_variance_penalized,PPO-Variance,9253.988648907372,-0.0746011351092628,0.0343662792980055,0.0183629108789393
2020-03-11,SPY,SPY (S&P 500 ETF),ppo_variance_penalized,PPO-Variance,8954.11424373797,-0.10458857562620305,-0.0324048814566905,0.011152259156211
2020-03-12,SPY,SPY (S&P 500 ETF),ppo_variance_penalized,PPO-Variance,8384.726981093294,-0.16152730189067066,-0.0635894569965839,0.0112315572695554
2020-03-13,SPY,SPY (S&P 500 ETF),ppo_variance_penalized,PPO-Variance,8860.835976170243,-0.11391640238297573,0.0567828858531145,0.0227779588763017
2020-03-16,SPY,SPY (S&P 500 ETF),ppo_variance_penalized,PPO-Variance,8216.38320815798,-0.17836167918420198,-0.0727304703241784,0.0180334394139657
2020-03-17,SPY,SPY (S&P 500 ETF),ppo_variance_penalized,PPO-Variance,8510.951248606145,-0.14890487513938555,0.0358513025726077,0.0263072473483725
2020-03-18,SPY,SPY (S&P 500 ETF),ppo_variance_penalized,PPO-Variance,8224.493212515594,-0.17755067874844066,-0.0336575815937689,0.0116198034850955
2020-03-19,SPY,SPY (S&P 500 ETF),ppo_variance_penalized,PPO-Variance,8236.01064879576,-0.17639893512042404,0.0014003824895423,0.0116808541441675
2020-03-20,SPY,SPY (S&P 500 ETF),ppo_variance_penalized,PPO-Variance,7969.538705410505,-0.2030461294589495,-0.0323544923323062,0.0004730631545997
2020-03-23,SPY,SPY (S&P 500 ETF),ppo_variance_penalized,PPO-Variance,7834.044652464701,-0.21659553475352988,-0.0170014925523628,0.0112172048843254
2020-03-24,SPY,SPY (S&P 500 ETF),ppo_variance_penalized,PPO-Variance,8305.662816998883,-0.16943371830011167,0.0602011075320849,0.0057985613452847
2020-03-25,SPY,SPY (S&P 500 ETF),ppo_variance_penalized,PPO-Variance,8388.12703041969,-0.16118729695803102,0.0099286733928121,0.0190515692660493
2020-03-26,SPY,SPY (S&P 500 ETF),ppo_variance_penalized,PPO-Variance,8713.565265125308,-0.12864347348746918,0.0387974852461592,0.0033045000587734
2020-03-27,SPY,SPY (S&P 500 ETF),ppo_variance_penalized,PPO-Variance,8540.990418353182,-0.14590095816468185,-0.0198053083349051,0.0125309031384539
2020-03-30,SPY,SPY (S&P 500 ETF),ppo_variance_penalized,PPO-Variance,8725.251095675074,-0.1274748904324926,0.0215736897357883,0.0067743415966395
2020-03-31,SPY,SPY (S&P 500 ETF),ppo_variance_penalized,PPO-Variance,8638.767510888385,-0.13612324891116145,-0.0099118734622499,0.007087021948413
2020-04-01,SPY,SPY (S&P 500 ETF),ppo_variance_penalized,PPO-Variance,8380.384709236847,-0.16196152907631534,-0.029909683450315,0.0033561700773189
2020-04-02,SPY,SPY (S&P 500 ETF),ppo_variance_penalized,PPO-Variance,8508.801126005306,-0.14911988739946935,0.0153234512762783,0.0103424542761654
2020-04-03,SPY,SPY (S&P 500 ETF),ppo_variance_penalized,PPO-Variance,8427.031118106712,-0.15729688818932885,-0.0096100504275135,0.0050666149100487
2020-04-06,SPY,SPY (S&P 500 ETF),ppo_variance_penalized,PPO-Variance,8803.125972449136,-0.11968740275508649,0.0446295793941391,0.0032535921390517
2020-04-07,SPY,SPY (S&P 500 ETF),ppo_variance_penalized,PPO-Variance,8808.96347170446,-0.11910365282955404,0.0006631166330679,0.0143339152404654
2020-04-08,SPY,SPY (S&P 500 ETF),ppo_variance_penalized,PPO-Variance,9005.460557121854,-0.09945394428781451,0.0223064933858074,0.0002271236733099
2020-04-09,SPY,SPY (S&P 500 ETF),ppo_variance_penalized,PPO-Variance,9096.458711548,-0.09035412884519989,0.0101047751915563,0.0073202734392944
2020-04-13,SPY,SPY (S&P 500 ETF),ppo_variance_penalized,PPO-Variance,9041.238983349294,-0.09587610166507055,-0.0060704643366987,0.0033585160966005
2020-04-14,SPY,SPY (S&P 500 ETF),ppo_variance_penalized,PPO-Variance,9218.414505686942,-0.07815854943130585,0.0195963764107929,0.0020478524915854
2020-04-15,SPY,SPY (S&P 500 ETF),ppo_variance_penalized,PPO-Variance,9088.194756992,-0.09118052430080004,-0.0141260461454197,0.006448601930579
2020-04-16,SPY,SPY (S&P 500 ETF),ppo_variance_penalized,PPO-Variance,9117.286050243276,-0.08827139497567238,0.0032009980011589,0.0048047812752302
2020-04-17,SPY,SPY (S&P 500 ETF),ppo_variance_penalized,PPO-Variance,9280.951182879484,-0.07190488171205156,0.0179510801497602,0.0010720660505872
2020-04-20,SPY,SPY (S&P 500 ETF),ppo_variance_penalized,PPO-Variance,9172.240938796213,-0.08277590612037877,-0.0117132653691582,0.0059164651641451
2020-04-21,SPY,SPY (S&P 500 ETF),ppo_variance_penalized,PPO-Variance,8987.138333979312,-0.1012861666020688,-0.0201807394781753,0.0039741869481911
2020-04-22,SPY,SPY (S&P 500 ETF),ppo_variance_penalized,PPO-Variance,9119.623149317324,-0.08803768506826759,0.0147416018775523,0.0069084125927993
2020-04-23,SPY,SPY (S&P 500 ETF),ppo_variance_penalized,PPO-Variance,9119.14399768784,-0.08808560023121603,-5.25407269180711e-05,0.0048760189764881
2020-04-24,SPY,SPY (S&P 500 ETF),ppo_variance_penalized,PPO-Variance,9203.609789109803,-0.07963902108901966,0.0092624693110867,1.5991619669919466e-05
2020-04-27,SPY,SPY (S&P 500 ETF),ppo_variance_penalized,PPO-Variance,9291.763502484311,-0.07082364975156885,0.0095781671968337,0.0030789036993015
2020-04-28,SPY,SPY (S&P 500 ETF),ppo_variance_penalized,PPO-Variance,9263.340968097677,-0.07366590319023236,-0.0030588955884466,0.003183865717529
2020-04-29,SPY,SPY (S&P 500 ETF),ppo_variance_penalized,PPO-Variance,9424.476431604113,-0.0575523568395887,0.0173949619323499,0.001028289911683
2020-04-30,SPY,SPY (S&P 500 ETF),ppo_variance_penalized,PPO-Variance,9366.11270958868,-0.06338872904113191,-0.0061927813644599,0.0057363054590295
2020-05-01,SPY,SPY (S&P 500 ETF),ppo_variance_penalized,PPO-Variance,9201.324835233914,-0.07986751647660861,-0.0175940520325004,0.0020885930536441
2020-05-04,SPY,SPY (S&P 500 ETF),ppo_variance_penalized,PPO-Variance,9218.134412979834,-0.07818655870201652,0.001826864940313,0.0060075311016558
2020-05-05,SPY,SPY (S&P 500 ETF),ppo_variance_penalized,PPO-Variance,9274.7250437303,-0.07252749562697014,0.006139054630271,0.0006137793490194
2020-05-06,SPY,SPY (S&P 500 ETF),ppo_variance_penalized,PPO-Variance,9232.927544532908,-0.07670724554670927,-0.0045066025138552,0.002047196859918
2020-05-07,SPY,SPY (S&P 500 ETF),ppo_variance_penalized,PPO-Variance,9306.948426582856,-0.06930515734171439,0.0080170543625437,0.0015180505653858
2020-05-08,SPY,SPY (S&P 500 ETF),ppo_variance_penalized,PPO-Variance,9409.25508626731,-0.05907449137326892,0.0109925031272595,0.0026687130109562
2020-05-11,SPY,SPY (S&P 500 ETF),ppo_variance_penalized,PPO-Variance,9410.50354528462,-0.058949645471537915,0.0001326841504309,0.0036486044491933
2020-05-12,SPY,SPY (S&P 500 ETF),ppo_variance_penalized,PPO-Variance,9285.86251739844,-0.07141374826015601,-0.0132448840050259,4.573148328057552e-05
2020-05-13,SPY,SPY (S&P 500 ETF),ppo_variance_penalized,PPO-Variance,9176.688829329416,-0.08233111706705842,-0.0117569787259363,0.0045030831909176
2020-05-14,SPY,SPY (S&P 500 ETF),ppo_variance_penalized,PPO-Variance,9249.629196088405,-0.07503708039115953,0.0079484406756678,0.0039896821800219
2020-05-15,SPY,SPY (S&P 500 ETF),ppo_variance_penalized,PPO-Variance,9277.85998663046,-0.0722140013369541,0.0030520997051419,0.0026468800130078
2020-05-18,SPY,SPY (S&P 500 ETF),ppo_variance_penalized,PPO-Variance,9465.642861048083,-0.05343571389519164,0.0202398909541881,0.0010217023538822
2020-05-19,SPY,SPY (S&P 500 ETF),ppo_variance_penalized,PPO-Variance,9400.973888762644,-0.059902611123735516,-0.0068319683337685,0.0066558034407538
2020-05-20,SPY,SPY (S&P 500 ETF),ppo_variance_penalized,PPO-Variance,9507.077662613216,-0.049292233738678415,0.0112864661795735,0.0023055391848215
2020-05-21,SPY,SPY (S&P 500 ETF),ppo_variance_penalized,PPO-Variance,9463.425879986276,-0.05365741200137231,-0.0045915037381677,0.0037449428366551
2020-05-22,SPY,SPY (S&P 500 ETF),ppo_variance_penalized,PPO-Variance,9475.353699786408,-0.05246463002135915,0.0012604124501418,0.0015462222929264
2020-05-26,SPY,SPY (S&P 500 ETF),ppo_variance_penalized,PPO-Variance,9552.926238399828,-0.04470737616001719,0.0081867697049842,0.0004228348595077
2020-05-27,SPY,SPY (S&P 500 ETF),ppo_variance_penalized,PPO-Variance,9647.35284947838,-0.035264715052162,0.0098845744981246,0.0027243738765769
2020-05-28,SPY,SPY (S&P 500 ETF),ppo_variance_penalized,PPO-Variance,9635.49357249854,-0.03645064275014598,-0.0012292778303927,0.0032845707486188
2020-05-29,SPY,SPY (S&P 500 ETF),ppo_variance_penalized,PPO-Variance,9664.020466054331,-0.03359795339456684,0.0029606053225141,0.0004118081873767
2020-06-01,SPY,SPY (S&P 500 ETF),ppo_variance_penalized,PPO-Variance,9689.966437203537,-0.031003356279646344,0.0026848009314901,0.0009904435824301
2020-06-02,SPY,SPY (S&P 500 ETF),ppo_variance_penalized,PPO-Variance,9743.274633030864,-0.025672536696913606,0.0055013808533597,0.000898629228859
2020-06-03,SPY,SPY (S&P 500 ETF),ppo_variance_penalized,PPO-Variance,9829.421600509835,-0.01705783994901644,0.0088416852365964,0.0018358308859341
2020-06-04,SPY,SPY (S&P 500 ETF),ppo_variance_penalized,PPO-Variance,9812.235575181872,-0.01877644248181276,-0.0017484269193492,0.0029408636755278
2020-06-05,SPY,SPY (S&P 500 ETF),ppo_variance_penalized,PPO-Variance,9979.34403612828,-0.002065596387172075,0.0170306205620538,0.0005866094807724
2020-06-08,SPY,SPY (S&P 500 ETF),ppo_variance_penalized,PPO-Variance,10059.444763341296,0.005944476334129645,0.0080266525458012,0.0056180306003373
2020-06-09,SPY,SPY (S&P 500 ETF),ppo_variance_penalized,PPO-Variance,10009.572576031143,0.0009572576031142699,-0.0049577475182226,0.0026732465311453
2020-06-10,SPY,SPY (S&P 500 ETF),ppo_variance_penalized,PPO-Variance,9972.440459812462,-0.0027559540187538367,-0.0037096605211293,0.0016706341059175
2020-06-11,SPY,SPY (S&P 500 ETF),ppo_variance_penalized,PPO-Variance,9590.398158653788,-0.040960184134621214,-0.0383098101912217,0.0012486057170547
2020-06-12,SPY,SPY (S&P 500 ETF),ppo_variance_penalized,PPO-Variance,9666.58951943665,-0.03334104805633509,0.0079445461515184,0.0133639042963839
2020-06-15,SPY,SPY (S&P 500 ETF),ppo_variance_penalized,PPO-Variance,9726.532172735371,-0.027346782726462848,0.0062010136230774,0.0026487141050551
2020-06-16,SPY,SPY (S&P 500 ETF),ppo_variance_penalized,PPO-Variance,9850.917900724517,-0.014908209927548377,0.0127882914259831,0.0020684074728976
2020-06-17,SPY,SPY (S&P 500 ETF),ppo_variance_penalized,PPO-Variance,9823.684843391871,-0.01763151566081289,-0.0027645197744099,0.0042367885342662
2020-06-18,SPY,SPY (S&P 500 ETF),ppo_variance_penalized,PPO-Variance,9826.189120573328,-0.01738108794266713,0.0002549223861898,0.0009285997964242
2020-06-19,SPY,SPY (S&P 500 ETF),ppo_variance_penalized,PPO-Variance,9760.427145590427,-0.02395728544095732,-0.0066925207907113,8.581221160652852e-05
2020-06-22,SPY,SPY (S&P 500 ETF),ppo_variance_penalized,PPO-Variance,9802.013531395596,-0.019798646860440416,0.0042607137151733,0.0022603367816025
2020-06-23,SPY,SPY (S&P 500 ETF),ppo_variance_penalized,PPO-Variance,9831.985955092205,-0.016801404490779492,0.0030577823220308,0.0014240948402295
2020-06-24,SPY,SPY (S&P 500 ETF),ppo_variance_penalized,PPO-Variance,9665.314799615167,-0.03346852003848322,-0.0169519318109597,0.001023188209747
2020-06-25,SPY,SPY (S&P 500 ETF),ppo_variance_penalized,PPO-Variance,9734.113851187409,-0.026588614881259076,0.0071181387258052,0.0057848343317005
2020-06-26,SPY,SPY (S&P 500 ETF),ppo_variance_penalized,PPO-Variance,9580.455417102914,-0.04195445828970856,-0.0157855595726106,0.0023730753613191
2020-06-29,SPY,SPY (S&P 500 ETF),ppo_variance_penalized,PPO-Variance,9673.97334057181,-0.03260266594281891,0.0097613233815534,0.0053799427333813
2020-06-30,SPY,SPY (S&P 500 ETF),ppo_variance_penalized,PPO-Variance,9756.287885179709,-0.024371211482029143,0.0085088661824894,0.0032449048085415
2020-07-01,SPY,SPY (S&P 500 ETF),ppo_variance_penalized,PPO-Variance,9801.673745743426,-0.019832625425657335,0.0046519599562722,0.0028315892798889
2020-07-02,SPY,SPY (S&P 500 ETF),ppo_variance_penalized,PPO-Variance,9837.527297357492,-0.016247270264250768,0.0036579009406056,0.0015543803533211
2020-07-06,SPY,SPY (S&P 500 ETF),ppo_variance_penalized,PPO-Variance,9938.43142443535,-0.006156857556465001,0.010257061965659,0.0012232168042854
2020-07-07,SPY,SPY (S&P 500 ETF),ppo_variance_penalized,PPO-Variance,9870.283015094206,-0.012971698490579331,-0.006857058868826,0.0034065562987851
2020-07-08,SPY,SPY (S&P 500 ETF),ppo_variance_penalized,PPO-Variance,9920.427203555057,-0.00795727964449433,0.0050803192151802,0.0023151706383393
2020-07-09,SPY,SPY (S&P 500 ETF),ppo_variance_penalized,PPO-Variance,9882.881129961726,-0.011711887003827415,-0.0037847234622996,0.0016965270891716
2020-07-10,SPY,SPY (S&P 500 ETF),ppo_variance_penalized,PPO-Variance,9949.924436095693,-0.005007556390430712,0.0067837814957332,0.0012739692152619
2020-07-13,SPY,SPY (S&P 500 ETF),ppo_variance_penalized,PPO-Variance,9892.650069973472,-0.010734993002652793,-0.0057562614158599,0.002260944432278
2020-07-14,SPY,SPY (S&P 500 ETF),ppo_variance_penalized,PPO-Variance,9977.82091478043,-0.002217908521957024,0.008609507483285,0.0019415551259525
2020-07-15,SPY,SPY (S&P 500 ETF),ppo_variance_penalized,PPO-Variance,10038.70733044876,0.0038707330448759514,0.0061021756341745,0.0028643486243292
2020-07-16,SPY,SPY (S&P 500 ETF),ppo_variance_penalized,PPO-Variance,10016.716732989244,0.0016716732989243699,-0.0021905805932618,0.0020357250546411
2020-07-17,SPY,SPY (S&P 500 ETF),ppo_variance_penalized,PPO-Variance,10036.006316418234,0.0036006316418233375,0.0019257391362044,0.0007358351887502
2020-07-20,SPY,SPY (S&P 500 ETF),ppo_variance_penalized,PPO-Variance,10089.89651431675,0.008989651431674961,0.0053696855302247,0.000645060627579
2020-07-21,SPY,SPY (S&P 500 ETF),ppo_variance_penalized,PPO-Variance,10104.143302719209,0.010414330271920846,0.0014119855820369,0.0017920409622114
2020-07-22,SPY,SPY (S&P 500 ETF),ppo_variance_penalized,PPO-Variance,10142.357009090734,0.014235700909073445,0.0037819838086858,0.0004736319768878
2020-07-23,SPY,SPY (S&P 500 ETF),ppo_variance_penalized,PPO-Variance,10061.927623808331,0.006192762380833106,-0.0079300487263772,0.0012641754463155
2020-07-24,SPY,SPY (S&P 500 ETF),ppo_variance_penalized,PPO-Variance,10018.838384516524,0.0018838384516524087,-0.0042824040186743,0.002681248204627
2020-07-27,SPY,SPY (S&P 500 ETF),ppo_variance_penalized,PPO-Variance,10067.374499891426,0.006737449989142608,0.004844485309785,0.0014419564793991
2020-07-28,SPY,SPY (S&P 500 ETF),ppo_variance_penalized,PPO-Variance,10024.928159859735,0.0024928159859736176,-0.0042162273820395,0.0016178964994286
2020-07-29,SPY,SPY (S&P 500 ETF),ppo_variance_penalized,PPO-Variance,10106.844450733646,0.010684445073364524,0.0081712596407328,0.0014199236503651
2020-07-30,SPY,SPY (S&P 500 ETF),ppo_variance_penalized,PPO-Variance,10082.854301484367,0.008285430148436745,-0.0023736537517936,0.0027195863707646
2020-07-31,SPY,SPY (S&P 500 ETF),ppo_variance_penalized,PPO-Variance,10135.792647360193,0.013579264736019336,0.0052503333176232,0.0007973046232288
2020-08-03,SPY,SPY (S&P 500 ETF),ppo_variance_penalized,PPO-Variance,10182.600314471389,0.018260031447138836,0.0046180568939901,0.0017524728284138
2020-08-04,SPY,SPY (S&P 500 ETF),ppo_variance_penalized,PPO-Variance,10208.720921434404,0.020872092143440435,0.0025652197038408,0.0015427507724797
2020-08-05,SPY,SPY (S&P 500 ETF),ppo_variance_penalized,PPO-Variance,10250.84631278764,0.025084631278764036,0.0041264122780346,0.0008589062066155
2020-08-06,SPY,SPY (S&P 500 ETF),ppo_variance_penalized,PPO-Variance,10296.366135017744,0.02963661350177449,0.0044405916195735,0.0013789461666274
2020-08-07,SPY,SPY (S&P 500 ETF),ppo_variance_penalized,PPO-Variance,10301.262897885794,0.030126289788579452,0.0004755816570467,0.001483624917051
2020-08-10,SPY,SPY (S&P 500 ETF),ppo_variance_penalized,PPO-Variance,10321.721380078949,0.03217213800789476,0.0019860168987002,0.0001599720153786
2020-08-11,SPY,SPY (S&P 500 ETF),ppo_variance_penalized,PPO-Variance,10265.096254211869,0.026509625421186955,-0.0054860157314814,0.0006650111954022
2020-08-12,SPY,SPY (S&P 500 ETF),ppo_variance_penalized,PPO-Variance,10360.182241680775,0.03601822416807754,0.009263039051377,0.0018504024875125
2020-08-13,SPY,SPY (S&P 500 ETF),ppo_variance_penalized,PPO-Variance,10347.70474167026,0.034770474167026055,-0.0012043707069471,0.0030797011145281
2020-08-14,SPY,SPY (S&P 500 ETF),ppo_variance_penalized,PPO-Variance,10347.904910420104,0.034790491042010485,1.9344265693721496e-05,0.0004035006973195
2020-08-17,SPY,SPY (S&P 500 ETF),ppo_variance_penalized,PPO-Variance,10369.748255929013,0.03697482559290122,0.0021108954612552,6.624945003030902e-06
2020-08-18,SPY,SPY (S&P 500 ETF),ppo_variance_penalized,PPO-Variance,10384.62772420264,0.03846277242026419,0.0014348919478464,0.000706683583149
2020-08-19,SPY,SPY (S&P 500 ETF),ppo_variance_penalized,PPO-Variance,10355.88994741897,0.03558899474189703,-0.0027673381797493,0.0004809312681136
2020-08-20,SPY,SPY (S&P 500 ETF),ppo_variance_penalized,PPO-Variance,10377.306749592191,0.037730674959219224,0.0020680793521334,0.0009308141057472
2020-08-21,SPY,SPY (S&P 500 ETF),ppo_variance_penalized,PPO-Variance,10401.76194047526,0.04017619404752604,0.0023566028713595,0.0006926886856392
2020-08-24,SPY,SPY (S&P 500 ETF),ppo_variance_penalized,PPO-Variance,10471.795341432542,0.047179534143254154,0.0067328402013093,0.0007889772488598
2020-08-25,SPY,SPY (S&P 500 ETF),ppo_variance_penalized,PPO-Variance,10496.1222914441,0.0496122291444101,0.002323092575664,0.0022439214890566
2020-08-26,SPY,SPY (S&P 500 ETF),ppo_variance_penalized,PPO-Variance,10566.04102025953,0.05660410202595312,0.006661386641086,0.0007783067002933
2020-08-27,SPY,SPY (S&P 500 ETF),ppo_variance_penalized,PPO-Variance,10581.369942721503,0.058136994272150355,0.0014507725677554,0.0022202642603402
2020-08-28,SPY,SPY (S&P 500 ETF),ppo_variance_penalized,PPO-Variance,10626.783872704653,0.06267838727046526,0.0042918762153654,0.0004867506758686
2020-08-31,SPY,SPY (S&P 500 ETF),ppo_variance_penalized,PPO-Variance,10601.187544175573,0.06011875441755721,-0.0024086618148718,0.001433868047021
2020-09-01,SPY,SPY (S&P 500 ETF),ppo_variance_penalized,PPO-Variance,10667.529610582167,0.06675296105821671,0.0062579844126091,0.000809538009176
2020-09-02,SPY,SPY (S&P 500 ETF),ppo_variance_penalized,PPO-Variance,10770.03861856753,0.07700386185675301,0.0096094420852297,0.0020866711521557
2020-09-03,SPY,SPY (S&P 500 ETF),ppo_variance_penalized,PPO-Variance,10523.706790541864,0.052370679054186464,-0.0228719540151872,0.0031938297608005
2020-09-04,SPY,SPY (S&P 500 ETF),ppo_variance_penalized,PPO-Variance,10466.52749108348,0.046652749108347935,-0.0054333801384292,0.0078517025528878
2020-09-08,SPY,SPY (S&P 500 ETF),ppo_variance_penalized,PPO-Variance,10276.473129465669,0.02764731294656686,-0.0181583014786634,0.0018301254575159
2020-09-09,SPY,SPY (S&P 500 ETF),ppo_variance_penalized,PPO-Variance,10411.26075654288,0.04112607565428816,0.0131161367697967,0.0062038697835182
2020-09-10,SPY,SPY (S&P 500 ETF),ppo_variance_penalized,PPO-Variance,10291.086646459058,0.02910866464590578,-0.0115427048552499,0.0043453500903304
2020-09-11,SPY,SPY (S&P 500 ETF),ppo_variance_penalized,PPO-Variance,10294.527844734856,0.029452784473485538,0.0003343862892244,0.0039161458020178
2020-09-14,SPY,SPY (S&P 500 ETF),ppo_variance_penalized,PPO-Variance,10384.62962034315,0.038462962034315096,0.0087523951527681,0.0001134573467654
2020-09-15,SPY,SPY (S&P 500 ETF),ppo_variance_penalized,PPO-Variance,10419.464346025265,0.04194643460252645,0.0033544504672435,0.0029108556223751
2020-09-16,SPY,SPY (S&P 500 ETF),ppo_variance_penalized,PPO-Variance,10391.974365502716,0.039197436550271636,-0.0026383295349566,0.0011225776696542
2020-09-17,SPY,SPY (S&P 500 ETF),ppo_variance_penalized,PPO-Variance,10331.22840459459,0.03312284045945901,-0.0058454687022494,0.0008870829585951
2020-09-18,SPY,SPY (S&P 500 ETF),ppo_variance_penalized,PPO-Variance,10225.113924764531,0.022511392476453063,-0.0102712354885954,0.00197229661294
2020-09-21,SPY,SPY (S&P 500 ETF),ppo_variance_penalized,PPO-Variance,10149.45599829835,0.014945599829834899,-0.0073992257712596,0.0034809340047636
2020-09-22,SPY,SPY (S&P 500 ETF),ppo_variance_penalized,PPO-Variance,10218.11868782217,0.02181186878221708,0.006765159584448,0.0024996546249944
2020-09-23,SPY,SPY (S&P 500 ETF),ppo_variance_penalized,PPO-Variance,10060.627159328453,0.006062715932845242,-0.0154129672305936,0.0022551893024246
2020-09-24,SPY,SPY (S&P 500 ETF),ppo_variance_penalized,PPO-Variance,10078.394039534043,0.007839403953404434,0.0017659813771269,0.0052509912072986
2020-09-25,SPY,SPY (S&P 500 ETF),ppo_variance_penalized,PPO-Variance,10186.662112864004,0.018666211286400447,0.010742591816242,0.0005931737966414
2020-09-28,SPY,SPY (S&P 500 ETF),ppo_variance_penalized,PPO-Variance,10299.05727611319,0.029905727611319044,0.0110335615340819,0.003565867358805
2020-09-29,SPY,SPY (S&P 500 ETF),ppo_variance_penalized,PPO-Variance,10261.747740462202,0.02617477404622015,-0.0036226165804049,0.0036623781188368
2020-09-30,SPY,SPY (S&P 500 ETF),ppo_variance_penalized,PPO-Variance,10313.437302223208,0.031343730222320954,0.0050371109355176,0.0012185179284555
2020-10-01,SPY,SPY (S&P 500 ETF),ppo_variance_penalized,PPO-Variance,10357.418948903784,0.03574189489037827,0.0042644993508709,0.0016818108940804
2020-10-02,SPY,SPY (S&P 500 ETF),ppo_variance_penalized,PPO-Variance,10292.057121192382,0.02920571211923817,-0.0063106289350516,0.001425160839392
2020-10-05,SPY,SPY (S&P 500 ETF),ppo_variance_penalized,PPO-Variance,10413.31558777872,0.04133155877787198,0.0117817521957448,0.002130083397336
2020-10-06,SPY,SPY (S&P 500 ETF),ppo_variance_penalized,PPO-Variance,10314.90352640923,0.03149035264092315,-0.0094505981826756,0.0039072774423937
2020-10-07,SPY,SPY (S&P 500 ETF),ppo_variance_penalized,PPO-Variance,10434.182644803612,0.043418264480361124,0.0115637648077842,0.0031994568900642
2020-10-08,SPY,SPY (S&P 500 ETF),ppo_variance_penalized,PPO-Variance,10495.592138858694,0.04955921388586937,0.0058854149046034,0.0038361786775599
2020-10-09,SPY,SPY (S&P 500 ETF),ppo_variance_penalized,PPO-Variance,10557.85457665533,0.055785457665533,0.0059322463156812,0.0019641934424451
2020-10-12,SPY,SPY (S&P 500 ETF),ppo_variance_penalized,PPO-Variance,10670.70179329696,0.06707017932969594,0.0106884609768302,0.0019790962481305
2020-10-13,SPY,SPY (S&P 500 ETF),ppo_variance_penalized,PPO-Variance,10624.388642184573,0.062438864218457235,-0.004340216042911,0.0035485503624647
2020-10-14,SPY,SPY (S&P 500 ETF),ppo_variance_penalized,PPO-Variance,10580.011837359049,0.058001183735904904,-0.0041768807900461,0.0014612275645596
2020-10-15,SPY,SPY (S&P 500 ETF),ppo_variance_penalized,PPO-Variance,10571.308156274996,0.057130815627499665,-0.0008226532463146,0.0014066647815601
2020-10-16,SPY,SPY (S&P 500 ETF),ppo_variance_penalized,PPO-Variance,10567.060214652034,0.056706021465203316,-0.0004018368928579,0.0002757424899467
2020-10-19,SPY,SPY (S&P 500 ETF),ppo_variance_penalized,PPO-Variance,10460.30073564243,0.046030073564242935,-0.0101030444457554,0.0001347717717126
2020-10-20,SPY,SPY (S&P 500 ETF),ppo_variance_penalized,PPO-Variance,10488.1086799436,0.04881086799435996,0.0026584268467939,0.0034239639141486
2020-10-21,SPY,SPY (S&P 500 ETF),ppo_variance_penalized,PPO-Variance,10474.90656658124,0.04749065665812391,-0.0012587696948265,0.0008906424689406
2020-10-22,SPY,SPY (S&P 500 ETF),ppo_variance_penalized,PPO-Variance,10513.083796771072,0.05130837967710722,0.0036446368229796,0.000422531025028
2020-10-23,SPY,SPY (S&P 500 ETF),ppo_variance_penalized,PPO-Variance,10536.790053274246,0.053679005327424534,0.0022549289020652,0.0012184208821538
2020-10-26,SPY,SPY (S&P 500 ETF),ppo_variance_penalized,PPO-Variance,10407.388463279049,0.04073884632790481,-0.0122809308471498,0.0007551999484085
2020-10-27,SPY,SPY (S&P 500 ETF),ppo_variance_penalized,PPO-Variance,10383.5033802842,0.03835033802842003,-0.0022950121520999,0.0041710350332981
2020-10-28,SPY,SPY (S&P 500 ETF),ppo_variance_penalized,PPO-Variance,10147.661051604431,0.014766105160443077,-0.0227131749316492,0.0007703099778993
2020-10-29,SPY,SPY (S&P 500 ETF),ppo_variance_penalized,PPO-Variance,10216.11665255356,0.02161166525535596,0.0067459487068994,0.0077967528885926
2020-10-30,SPY,SPY (S&P 500 ETF),ppo_variance_penalized,PPO-Variance,10145.321739950865,0.01453217399508655,-0.0069297282921098,0.0022505957545884
2020-11-02,SPY,SPY (S&P 500 ETF),ppo_variance_penalized,PPO-Variance,10220.861994334462,0.022086199433446252,0.0074458214652897,0.0023402801682026
2020-11-03,SPY,SPY (S&P 500 ETF),ppo_variance_penalized,PPO-Variance,10340.753963256946,0.03407539632569456,0.011730123055075,0.0024802764900041
2020-11-04,SPY,SPY (S&P 500 ETF),ppo_variance_penalized,PPO-Variance,10494.287826993232,0.04942878269932316,0.0148474535108202,0.0038904729885825
2020-11-05,SPY,SPY (S&P 500 ETF),ppo_variance_penalized,PPO-Variance,10630.240445184116,0.06302404451841159,0.0129549160869388,0.004909504792
2020-11-06,SPY,SPY (S&P 500 ETF),ppo_variance_penalized,PPO-Variance,10628.58158311036,0.06285815831103592,-0.0001560512278446,0.0042922176673266
2020-11-09,SPY,SPY (S&P 500 ETF),ppo_variance_penalized,PPO-Variance,10717.33052242973,0.07173305224297288,0.0083500266357645,5.0920769748330486e-05
2020-11-10,SPY,SPY (S&P 500 ETF),ppo_variance_penalized,PPO-Variance,10706.856075385223,0.07068560753852227,-0.0009773373157226,0.0027781257027528
2020-11-11,SPY,SPY (S&P 500 ETF),ppo_variance_penalized,PPO-Variance,10759.70574015124,0.07597057401512397,0.0049360582036324,0.000327269534157
2020-11-12,SPY,SPY (S&P 500 ETF),ppo_variance_penalized,PPO-Variance,10690.326755290123,0.06903267552901227,-0.0064480373847233,0.0016479473541101
2020-11-13,SPY,SPY (S&P 500 ETF),ppo_variance_penalized,PPO-Variance,10788.652997775223,0.07886529977752232,0.0091976835447469,0.0021767003655338
2020-11-16,SPY,SPY (S&P 500 ETF),ppo_variance_penalized,PPO-Variance,10878.10994066089,0.08781099406608894,0.0082917619932825,0.0030582830827161
2020-11-17,SPY,SPY (S&P 500 ETF),ppo_variance_penalized,PPO-Variance,10839.2020273811,0.08392020273810985,-0.0035767163130385,0.0027599007153621
2020-11-18,SPY,SPY (S&P 500 ETF),ppo_variance_penalized,PPO-Variance,10752.504505344104,0.07525045053441048,-0.0079985151875562,0.0012033115398943
2020-11-19,SPY,SPY (S&P 500 ETF),ppo_variance_penalized,PPO-Variance,10782.557878701902,0.07825578787019016,0.0027950114638746,0.0027046084958155
2020-11-20,SPY,SPY (S&P 500 ETF),ppo_variance_penalized,PPO-Variance,10733.482021211035,0.0733482021211036,-0.004551411459409,0.0009359748307182
2020-11-23,SPY,SPY (S&P 500 ETF),ppo_variance_penalized,PPO-Variance,10776.22122899666,0.07762212289966586,0.0039818586085262,0.0015335948489499
2020-11-24,SPY,SPY (S&P 500 ETF),ppo_variance_penalized,PPO-Variance,10891.596492361963,0.08915964923619635,0.0107064675931907,0.0013310669522578
2020-11-25,SPY,SPY (S&P 500 ETF),ppo_variance_penalized,PPO-Variance,10880.399138172595,0.08803991381725962,-0.0010280728079875,0.0035542489929645
2020-11-27,SPY,SPY (S&P 500 ETF),ppo_variance_penalized,PPO-Variance,10900.531505071138,0.09005315050711382,0.0018503334889534,0.0003440640073683
2020-11-30,SPY,SPY (S&P 500 ETF),ppo_variance_penalized,PPO-Variance,10868.4565141675,0.08684565141674994,-0.0029425162331503,0.0006197272710174
2020-12-01,SPY,SPY (S&P 500 ETF),ppo_variance_penalized,PPO-Variance,10947.43830732309,0.09474383073230896,0.0072670662161304,0.000989873938337
2020-12-02,SPY,SPY (S&P 500 ETF),ppo_variance_penalized,PPO-Variance,10962.716103633147,0.09627161036331477,0.0013955590231407,0.0024207298927143
2020-12-03,SPY,SPY (S&P 500 ETF),ppo_variance_penalized,PPO-Variance,10960.724728153187,0.09607247281531883,-0.0001816498266612,0.0004683471888594
2020-12-04,SPY,SPY (S&P 500 ETF),ppo_variance_penalized,PPO-Variance,11023.49126194027,0.10234912619402703,0.0057264948572117,6.07946546379301e-05
2020-12-07,SPY,SPY (S&P 500 ETF),ppo_variance_penalized,PPO-Variance,11008.4174190913,0.10084174190913009,-0.001367429110323,0.0019102327723427
2020-12-08,SPY,SPY (S&P 500 ETF),ppo_variance_penalized,PPO-Variance,11029.81800029945,0.10298180002994495,0.0019440197799036,0.0004587379601077
2020-12-09,SPY,SPY (S&P 500 ETF),ppo_variance_penalized,PPO-Variance,10964.073669851734,0.09640736698517349,-0.0059605997529543,0.0006510770534945
2020-12-10,SPY,SPY (S&P 500 ETF),ppo_variance_penalized,PPO-Variance,10961.66846751592,0.09616684675159193,-0.0002193712308251,0.0020114610092871
2020-12-11,SPY,SPY (S&P 500 ETF),ppo_variance_penalized,PPO-Variance,10953.12630744989,0.09531263074498897,-0.0007792755355944,7.293687383702618e-05
2020-12-14,SPY,SPY (S&P 500 ETF),ppo_variance_penalized,PPO-Variance,10920.536341516205,0.09205363415162049,-0.0029754030966956,0.0002616144069319
2020-12-15,SPY,SPY (S&P 500 ETF),ppo_variance_penalized,PPO-Variance,11018.633917061454,0.10186339170614533,0.0089828532663103,0.0010010930539666
2020-12-16,SPY,SPY (S&P 500 ETF),ppo_variance_penalized,PPO-Variance,11030.091849966877,0.10300918499668765,0.0010398687343338,0.0029871127410414
2020-12-17,SPY,SPY (S&P 500 ETF),ppo_variance_penalized,PPO-Variance,11071.075191789208,0.10710751917892081,0.0037155938844202,0.0003494987310033
2020-12-18,SPY,SPY (S&P 500 ETF),ppo_variance_penalized,PPO-Variance,11010.58415313049,0.10105841531304915,-0.0054638811145983,0.0012420272211041
2020-12-21,SPY,SPY (S&P 500 ETF),ppo_variance_penalized,PPO-Variance,10984.402960364152,0.09844029603641524,-0.0023778205045456,0.0018427000393227
2020-12-22,SPY,SPY (S&P 500 ETF),ppo_variance_penalized,PPO-Variance,10972.09186928944,0.09720918692894398,-0.0011207792648479,0.0007990040499935
2020-12-23,SPY,SPY (S&P 500 ETF),ppo_variance_penalized,PPO-Variance,10978.63984527098,0.0978639845270981,0.0005967846477723,0.0003761578132127
2020-12-24,SPY,SPY (S&P 500 ETF),ppo_variance_penalized,PPO-Variance,11007.019921438265,0.10070199214382636,0.0025850266123363,0.0002002188163526
2020-12-28,SPY,SPY (S&P 500 ETF),ppo_variance_penalized,PPO-Variance,11069.846483095653,0.10698464830956533,0.0057078629916005,0.0008650677820223
2020-12-29,SPY,SPY (S&P 500 ETF),ppo_variance_penalized,PPO-Variance,11055.791573654502,0.1055791573654501,-0.0012696571233044,0.0019043212216423
2020-12-30,SPY,SPY (S&P 500 ETF),ppo_variance_penalized,PPO-Variance,11066.269187079632,0.10662691870796315,0.000947703595471,0.0004258523340295
2020-12-31,SPY,SPY (S&P 500 ETF),ppo_variance_penalized,PPO-Variance,11103.628521089227,0.11036285210892283,0.0033759646885522,0.0003177817448245
2021-01-04,SPY,SPY (S&P 500 ETF),ppo_variance_penalized,PPO-Variance,11003.164895150912,0.1003164895150912,-0.0090478194355568,0.0011288799969929
2021-01-05,SPY,SPY (S&P 500 ETF),ppo_variance_penalized,PPO-Variance,11053.489615861452,0.10534896158614515,0.0045736586873035,0.0030627372111429
2021-01-06,SPY,SPY (S&P 500 ETF),ppo_variance_penalized,PPO-Variance,11097.38610793005,0.10973861079300495,0.0039712790796497,0.00152842942412
2021-01-07,SPY,SPY (S&P 500 ETF),ppo_variance_penalized,PPO-Variance,11206.93611375305,0.12069361137530499,0.0098716945375738,0.0013275440220403
2021-01-08,SPY,SPY (S&P 500 ETF),ppo_variance_penalized,PPO-Variance,11249.331127926424,0.1249331127926423,0.0037829263719411,0.0032798698154267
2021-01-11,SPY,SPY (S&P 500 ETF),ppo_variance_penalized,PPO-Variance,11198.926904957278,0.11989269049572782,-0.0044806417729156,0.0012654271848636
2021-01-12,SPY,SPY (S&P 500 ETF),ppo_variance_penalized,PPO-Variance,11200.4818603726,0.12004818603725997,0.0001388486083102,0.0015095258000429
2021-01-13,SPY,SPY (S&P 500 ETF),ppo_variance_penalized,PPO-Variance,11220.524881404452,0.12205248814044523,0.0017894784600978,4.708146700427296e-05
2021-01-14,SPY,SPY (S&P 500 ETF),ppo_variance_penalized,PPO-Variance,11194.40667071611,0.11944066707161083,-0.0023277173719054,0.0005992860005619
2021-01-15,SPY,SPY (S&P 500 ETF),ppo_variance_penalized,PPO-Variance,11140.148930699888,0.11401489306998891,-0.0048468616168961,0.000782533992517
2021-01-19,SPY,SPY (S&P 500 ETF),ppo_variance_penalized,PPO-Variance,11198.257126690483,0.11982571266904829,0.0052161058485009,0.00163370364289
2021-01-20,SPY,SPY (S&P 500 ETF),ppo_variance_penalized,PPO-Variance,11301.216876813403,0.13012168768134025,0.0091942655859831,0.0017413884359025
2021-01-21,SPY,SPY (S&P 500 ETF),ppo_variance_penalized,PPO-Variance,11308.028690096058,0.13080286900960592,0.0006027504256316,0.0030570125045358
2021-01-22,SPY,SPY (S&P 500 ETF),ppo_variance_penalized,PPO-Variance,11281.429955215268,0.12814299552152675,-0.0023521990976275,0.0002031166879832
2021-01-25,SPY,SPY (S&P 500 ETF),ppo_variance_penalized,PPO-Variance,11310.986576389932,0.1310986576389932,0.0026199357077956,0.0007909190263107
2021-01-26,SPY,SPY (S&P 500 ETF),ppo_variance_penalized,PPO-Variance,11299.244208672975,0.1299244208672976,-0.0010381382417574,0.0008769161789652
2021-01-27,SPY,SPY (S&P 500 ETF),ppo_variance_penalized,PPO-Variance,11115.728622878656,0.11157286228786556,-0.0162414036200279,0.0003483469197913
2021-01-28,SPY,SPY (S&P 500 ETF),ppo_variance_penalized,PPO-Variance,11179.192707607022,0.11791927076070219,0.0057093949377049,0.0055385795949087
2021-01-29,SPY,SPY (S&P 500 ETF),ppo_variance_penalized,PPO-Variance,11030.4512606451,0.10304512606451,-0.0133052046647975,0.0019063883384241
2021-02-01,SPY,SPY (S&P 500 ETF),ppo_variance_penalized,PPO-Variance,11152.410795770384,0.11524107957703844,0.0110566224575434,0.0045232353845032
2021-02-02,SPY,SPY (S&P 500 ETF),ppo_variance_penalized,PPO-Variance,11257.161944118552,0.12571619441185522,0.0093926909855126,0.003670264236112
2021-02-03,SPY,SPY (S&P 500 ETF),ppo_variance_penalized,PPO-Variance,11263.0088401245,0.12630088401245,0.000519393434595,0.0031230018883672
2021-02-04,SPY,SPY (S&P 500 ETF),ppo_variance_penalized,PPO-Variance,11348.072845985653,0.13480728459856528,0.0075525116839214,0.0001752052608623
2021-02-05,SPY,SPY (S&P 500 ETF),ppo_variance_penalized,PPO-Variance,11377.724413163272,0.13777244131632727,0.0026129165348203,0.0025148175815274
2021-02-08,SPY,SPY (S&P 500 ETF),ppo_variance_penalized,PPO-Variance,11432.317128996365,0.14323171289963654,0.0047982104198209,0.0008751504643931
2021-02-09,SPY,SPY (S&P 500 ETF),ppo_variance_penalized,PPO-Variance,11427.240609996585,0.1427240609996585,-0.0004440498756725,0.0016023313805758
2021-02-10,SPY,SPY (S&P 500 ETF),ppo_variance_penalized,PPO-Variance,11423.930752221097,0.14239307522210964,-0.0002896462836876,0.0001485003159149
2021-02-11,SPY,SPY (S&P 500 ETF),ppo_variance_penalized,PPO-Variance,11436.190215219249,0.14361902152192485,0.0010731387701883,9.715021142997492e-05
2021-02-12,SPY,SPY (S&P 500 ETF),ppo_variance_penalized,PPO-Variance,11473.726097826322,0.14737260978263222,0.0032822016686222,0.0003596682391587
2021-02-16,SPY,SPY (S&P 500 ETF),ppo_variance_penalized,PPO-Variance,11467.11071108765,0.1467110711087649,-0.0005765682989352,0.0010976463545148
2021-02-17,SPY,SPY (S&P 500 ETF),ppo_variance_penalized,PPO-Variance,11468.857185456563,0.14688571854565624,0.0001523029133421,0.0001931729671614
2021-02-18,SPY,SPY (S&P 500 ETF),ppo_variance_penalized,PPO-Variance,11436.420610577678,0.14364206105776778,-0.0028282307778686,5.1152310606705775e-05
2021-02-19,SPY,SPY (S&P 500 ETF),ppo_variance_penalized,PPO-Variance,11422.988889210768,0.14229888892107678,-0.0011744689902788,0.0009515020138809
2021-02-22,SPY,SPY (S&P 500 ETF),ppo_variance_penalized,PPO-Variance,11364.598507879016,0.13645985078790157,-0.0051116552679925,0.00039416007193
2021-02-23,SPY,SPY (S&P 500 ETF),ppo_variance_penalized,PPO-Variance,11373.749836018009,0.13737498360180078,0.0008052486968765,0.0017235600600066
2021-02-24,SPY,SPY (S&P 500 ETF),ppo_variance_penalized,PPO-Variance,11457.031147664704,0.14570311476647047,0.0073222387380951,0.0002705090051986
2021-02-25,SPY,SPY (S&P 500 ETF),ppo_variance_penalized,PPO-Variance,11273.553521189446,0.12735535211894455,-0.0160144128186869,0.0024387327141379
2021-02-26,SPY,SPY (S&P 500 ETF),ppo_variance_penalized,PPO-Variance,11234.89159581216,0.12348915958121598,-0.0034294355639167,0.0054591979076127
2021-03-01,SPY,SPY (S&P 500 ETF),ppo_variance_penalized,PPO-Variance,11415.849875818558,0.14158498758185578,0.0161068113976152,0.0011526445477131
2021-03-02,SPY,SPY (S&P 500 ETF),ppo_variance_penalized,PPO-Variance,11356.594201435186,0.13565942014351862,-0.0051906494065666,0.0053183141359924
2021-03-03,SPY,SPY (S&P 500 ETF),ppo_variance_penalized,PPO-Variance,11256.614068268867,0.12566140682688665,-0.0088037074665997,0.0017486759241052
2021-03-04,SPY,SPY (S&P 500 ETF),ppo_variance_penalized,PPO-Variance,11164.014828349464,0.11640148283494645,-0.008226207219845,0.0029791499236165
2021-03-05,SPY,SPY (S&P 500 ETF),ppo_variance_penalized,PPO-Variance,11300.461360379457,0.13004613603794568,0.0122219948762072,0.0027816494916291
2021-03-08,SPY,SPY (S&P 500 ETF),ppo_variance_penalized,PPO-Variance,11263.028537641938,0.1263028537641937,-0.003312503936234,0.0040517053615798
2021-03-09,SPY,SPY (S&P 500 ETF),ppo_variance_penalized,PPO-Variance,11369.875277615049,0.1369875277615049,0.0094865017535932,0.0011136239332566
2021-03-10,SPY,SPY (S&P 500 ETF),ppo_variance_penalized,PPO-Variance,11416.868868927271,0.14168688689272702,0.0041331668259143,0.0031530383385013
2021-03-11,SPY,SPY (S&P 500 ETF),ppo_variance_penalized,PPO-Variance,11493.775558895011,0.1493775558895012,0.0067362330995193,0.0013819600889755
2021-03-12,SPY,SPY (S&P 500 ETF),ppo_variance_penalized,PPO-Variance,11504.036160861584,0.15040361608615838,0.0008927094420798,0.0022452421812118
2021-03-15,SPY,SPY (S&P 500 ETF),ppo_variance_penalized,PPO-Variance,11549.621886000004,0.15496218860000055,0.0039625853483935,0.0002999757977812
2021-03-16,SPY,SPY (S&P 500 ETF),ppo_variance_penalized,PPO-Variance,11539.926096072264,0.15399260960722638,-0.0008394898139039,0.0013242399151018
2021-03-17,SPY,SPY (S&P 500 ETF),ppo_variance_penalized,PPO-Variance,11566.071371088568,0.15660713710885688,0.0022656362613278,0.0002814279682342
2021-03-18,SPY,SPY (S&P 500 ETF),ppo_variance_penalized,PPO-Variance,11454.236433551932,0.1454236433551932,-0.0096692242290832,0.0007584622792189
2021-03-19,SPY,SPY (S&P 500 ETF),ppo_variance_penalized,PPO-Variance,11415.313199770791,0.14153131997707913,-0.0033981517674217,0.0032752917077768
2021-03-22,SPY,SPY (S&P 500 ETF),ppo_variance_penalized,PPO-Variance,11475.871259780746,0.14758712597807455,0.0053049845370138,0.0011428125103747
2021-03-23,SPY,SPY (S&P 500 ETF),ppo_variance_penalized,PPO-Variance,11415.829192410249,0.14158291924102495,-0.0052320269207729,0.0017707307552623
2021-03-24,SPY,SPY (S&P 500 ETF),ppo_variance_penalized,PPO-Variance,11377.24596571688,0.137724596571688,-0.0033798006297274,0.0017638996128633
2021-03-25,SPY,SPY (S&P 500 ETF),ppo_variance_penalized,PPO-Variance,11419.764328038398,0.14197643280383976,0.003737140117181,0.0011371228317628
2021-03-26,SPY,SPY (S&P 500 ETF),ppo_variance_penalized,PPO-Variance,11542.040000071123,0.15420400000711232,0.010707372632245,0.0012494653297432
2021-03-29,SPY,SPY (S&P 500 ETF),ppo_variance_penalized,PPO-Variance,11538.12488759523,0.15381248875952291,-0.0003392045492712,0.0035545191343718
2021-03-30,SPY,SPY (S&P 500 ETF),ppo_variance_penalized,PPO-Variance,11517.782668017937,0.15177826680179374,-0.0017630438026514,0.0001126436533716
2021-03-31,SPY,SPY (S&P 500 ETF),ppo_variance_penalized,PPO-Variance,11548.799060672623,0.15487990606726232,0.0026929135189199,0.0005924809718383
2021-04-01,SPY,SPY (S&P 500 ETF),ppo_variance_penalized,PPO-Variance,11631.664530729451,0.16316645307294508,0.0071752456356275,0.0009012031457813
2021-04-05,SPY,SPY (S&P 500 ETF),ppo_variance_penalized,PPO-Variance,11742.577682187375,0.17425776821873762,0.0095354496482342,0.0023903361023669
2021-04-06,SPY,SPY (S&P 500 ETF),ppo_variance_penalized,PPO-Variance,11737.93206821755,0.17379320682175492,-0.0003956213103766,0.003169575897175
2021-04-07,SPY,SPY (S&P 500 ETF),ppo_variance_penalized,PPO-Variance,11746.95747439029,0.17469574743902894,0.0007689093888334,0.0001317136546649
2021-04-08,SPY,SPY (S&P 500 ETF),ppo_variance_penalized,PPO-Variance,11784.00794726468,0.17840079472646786,0.0031540484380883,0.0002578032835119
2021-04-09,SPY,SPY (S&P 500 ETF),ppo_variance_penalized,PPO-Variance,11840.925476602772,0.18409254766027705,0.0048300654236492,0.0010548942435505
2021-04-12,SPY,SPY (S&P 500 ETF),ppo_variance_penalized,PPO-Variance,11843.77512683884,0.18437751268388403,0.0002406611072502,0.001612976090819
2021-04-13,SPY,SPY (S&P 500 ETF),ppo_variance_penalized,PPO-Variance,11867.099447850836,0.18670994478508374,0.0019693316330482,8.125968812677797e-05
2021-04-14,SPY,SPY (S&P 500 ETF),ppo_variance_penalized,PPO-Variance,11840.16032126062,0.184016032126062,-0.0022700683270244,0.0006594092655016
2021-04-15,SPY,SPY (S&P 500 ETF),ppo_variance_penalized,PPO-Variance,11924.67250632631,0.19246725063263104,0.0071377568185404,0.0007630841857784
2021-04-16,SPY,SPY (S&P 500 ETF),ppo_variance_penalized,PPO-Variance,11951.12989695316,0.1951129896953161,0.0022187100411197,0.0023778912806198
2021-04-19,SPY,SPY (S&P 500 ETF),ppo_variance_penalized,PPO-Variance,11912.103046317752,0.19121030463177524,-0.0032655364783004,0.0007434913902443
2021-04-20,SPY,SPY (S&P 500 ETF),ppo_variance_penalized,PPO-Variance,11854.134329365472,0.1854134329365471,-0.0048663713474338,0.0010988764631265
2021-04-21,SPY,SPY (S&P 500 ETF),ppo_variance_penalized,PPO-Variance,11928.650127547206,0.19286501275472046,0.0062860598767757,0.0016402062478195
2021-04-22,SPY,SPY (S&P 500 ETF),ppo_variance_penalized,PPO-Variance,11856.229106573755,0.18562291065737546,-0.006071183260393,0.0020962499198688
2021-04-23,SPY,SPY (S&P 500 ETF),ppo_variance_penalized,PPO-Variance,11941.62817075818,0.19416281707581806,0.007202885792505,0.002048522691599
2021-04-26,SPY,SPY (S&P 500 ETF),ppo_variance_penalized,PPO-Variance,11958.165568929082,0.19581655689290822,0.0013848528805642,0.002399859196758
2021-04-27,SPY,SPY (S&P 500 ETF),ppo_variance_penalized,PPO-Variance,11956.447539902456,0.1956447539902455,-0.0001436699480972,0.0004647584243095
2021-04-28,SPY,SPY (S&P 500 ETF),ppo_variance_penalized,PPO-Variance,11954.163505232944,0.19541635052329442,-0.0001910295396596,4.805005108332594e-05
2021-04-29,SPY,SPY (S&P 500 ETF),ppo_variance_penalized,PPO-Variance,12004.78644752206,0.200478644752206,0.0042347540475715,6.408360646026345e-05
2021-04-30,SPY,SPY (S&P 500 ETF),ppo_variance_penalized,PPO-Variance,11952.354159544164,0.1952354159544163,-0.0043676152180716,0.001414725605492
2021-05-03,SPY,SPY (S&P 500 ETF),ppo_variance_penalized,PPO-Variance,11969.466826073358,0.19694668260733583,0.0014317402497254,0.0014712191093432
2021-05-04,SPY,SPY (S&P 500 ETF),ppo_variance_penalized,PPO-Variance,11920.390844578762,0.1920390844578761,-0.004100097540493,0.0004801330701882
2021-05-05,SPY,SPY (S&P 500 ETF),ppo_variance_penalized,PPO-Variance,11922.852135903064,0.19228521359030637,0.0002064774013195,0.0013810211699585
2021-05-06,SPY,SPY (S&P 500 ETF),ppo_variance_penalized,PPO-Variance,11986.12044113616,0.19861204411361588,0.0053064740308719,6.971892170271055e-05
2021-05-07,SPY,SPY (S&P 500 ETF),ppo_variance_penalized,PPO-Variance,12044.068025325543,0.20440680253255428,0.0048345571424852,0.0017708670902243
2021-05-10,SPY,SPY (S&P 500 ETF),ppo_variance_penalized,PPO-Variance,11964.795325917874,0.1964795325917874,-0.0065818873856391,0.0016147075756178
2021-05-11,SPY,SPY (S&P 500 ETF),ppo_variance_penalized,PPO-Variance,11893.81006644181,0.189381006644181,-0.0059328436084733,0.0022222070131416
2021-05-12,SPY,SPY (S&P 500 ETF),ppo_variance_penalized,PPO-Variance,11725.87237035724,0.17258723703572398,-0.0141197560030326,0.0020015072735432
2021-05-13,SPY,SPY (S&P 500 ETF),ppo_variance_penalized,PPO-Variance,11819.417393042851,0.18194173930428525,0.0079776599753969,0.0048041234498533
2021-05-14,SPY,SPY (S&P 500 ETF),ppo_variance_penalized,PPO-Variance,11939.9893141081,0.19399893141080993,0.0102011729559716,0.0026567993996275
2021-05-17,SPY,SPY (S&P 500 ETF),ppo_variance_penalized,PPO-Variance,11919.759894577004,0.19197598945770045,-0.0016942577584382,0.0033886602864368
2021-05-18,SPY,SPY (S&P 500 ETF),ppo_variance_penalized,PPO-Variance,11851.50955226427,0.185150955226427,-0.0057258151939608,0.0005682234011624
2021-05-19,SPY,SPY (S&P 500 ETF),ppo_variance_penalized,PPO-Variance,11830.83882416914,0.18308388241691387,-0.0017441430565424,0.00193179376203
2021-05-20,SPY,SPY (S&P 500 ETF),ppo_variance_penalized,PPO-Variance,11915.40845799833,0.1915408457998331,0.0071482364932926,0.0005855064010317
2021-05-21,SPY,SPY (S&P 500 ETF),ppo_variance_penalized,PPO-Variance,11908.897530196318,0.19088975301963185,-0.0005464292579614,0.0023812982033438
2021-05-24,SPY,SPY (S&P 500 ETF),ppo_variance_penalized,PPO-Variance,11989.56918338244,0.19895691833824403,0.0067740656078003,0.0001826195462588
2021-05-25,SPY,SPY (S&P 500 ETF),ppo_variance_penalized,PPO-Variance,11971.865012556664,0.1971865012556664,-0.0014766311078395,0.0022573649840914
2021-05-26,SPY,SPY (S&P 500 ETF),ppo_variance_penalized,PPO-Variance,11987.64711679275,0.198764711679275,0.0013182661364401,0.0004953612743701
2021-05-27,SPY,SPY (S&P 500 ETF),ppo_variance_penalized,PPO-Variance,11991.823755016692,0.19918237550166928,0.0003484118428953,0.0004418418185837
2021-05-28,SPY,SPY (S&P 500 ETF),ppo_variance_penalized,PPO-Variance,12006.076357854605,0.20060763578546048,0.0011885267102886,0.0001169943058071
2021-06-01,SPY,SPY (S&P 500 ETF),ppo_variance_penalized,PPO-Variance,11999.043907509513,0.19990439075095123,-0.0005857409311321,0.0003982983687965
2021-06-02,SPY,SPY (S&P 500 ETF),ppo_variance_penalized,PPO-Variance,12011.58075122523,0.20115807512252304,0.0010448202217072,0.0001964885793031
2021-06-03,SPY,SPY (S&P 500 ETF),ppo_variance_penalized,PPO-Variance,11981.952895502343,0.19819528955023435,-0.0024666075462101,0.0003502211821437
2021-06-04,SPY,SPY (S&P 500 ETF),ppo_variance_penalized,PPO-Variance,12054.764085652974,0.20547640856529736,0.0060767381399038,0.0008294374548353
2021-06-07,SPY,SPY (S&P 500 ETF),ppo_variance_penalized,PPO-Variance,12046.967865089604,0.2046967865089604,-0.0006467335659143,0.0020266156227729
2021-06-08,SPY,SPY (S&P 500 ETF),ppo_variance_penalized,PPO-Variance,12048.671731263632,0.20486717312636316,0.0001414352717721,0.0002164292792571
2021-06-09,SPY,SPY (S&P 500 ETF),ppo_variance_penalized,PPO-Variance,12036.726120353156,0.20367261203531561,-0.0009914462919161,4.751525576329741e-05
2021-06-10,SPY,SPY (S&P 500 ETF),ppo_variance_penalized,PPO-Variance,12073.90262012665,0.20739026201266486,0.0030885889902099,0.0003329291862308
2021-06-11,SPY,SPY (S&P 500 ETF),ppo_variance_penalized,PPO-Variance,12087.148562601402,0.2087148562601402,0.0010970721639473,0.0010330951861092
2021-06-14,SPY,SPY (S&P 500 ETF),ppo_variance_penalized,PPO-Variance,12105.12763106512,0.210512763106512,0.001487453254223,0.0003679937795928
2021-06-15,SPY,SPY (S&P 500 ETF),ppo_variance_penalized,PPO-Variance,12090.367470442608,0.2090367470442609,-0.0012193312679029,0.0004983998939669
2021-06-16,SPY,SPY (S&P 500 ETF),ppo_variance_penalized,PPO-Variance,12045.504498808712,0.20455044988087123,-0.0037106375586657,0.0004093989519231
2021-06-17,SPY,SPY (S&P 500 ETF),ppo_variance_penalized,PPO-Variance,12042.834950260847,0.20428349502608478,-0.0002216219792311,0.0012493606444566
2021-06-18,SPY,SPY (S&P 500 ETF),ppo_variance_penalized,PPO-Variance,11909.131264876942,0.1909131264876942,-0.0111023430891586,7.394802670979139e-05
2021-06-21,SPY,SPY (S&P 500 ETF),ppo_variance_penalized,PPO-Variance,12022.379507145712,0.20223795071457107,0.0095093621650446,0.0037664577553264
2021-06-22,SPY,SPY (S&P 500 ETF),ppo_variance_penalized,PPO-Variance,12065.05242019506,0.20650524201950593,0.0035494564968594,0.0031614456139366
2021-06-23,SPY,SPY (S&P 500 ETF),ppo_variance_penalized,PPO-Variance,12055.37462534836,0.20553746253483607,-0.0008021345046542,0.0011876334528004
2021-06-24,SPY,SPY (S&P 500 ETF),ppo_variance_penalized,PPO-Variance,12102.762408098884,0.21027624080988838,0.0039308428168531,0.0002689211185044
2021-06-25,SPY,SPY (S&P 500 ETF),ppo_variance_penalized,PPO-Variance,12131.313783126683,0.21313137831266826,0.0023590791973815,0.0013136639706872
2021-06-28,SPY,SPY (S&P 500 ETF),ppo_variance_penalized,PPO-Variance,12147.55549286699,0.21475554928669904,0.0013388252938355,0.0007900119512986
2021-06-29,SPY,SPY (S&P 500 ETF),ppo_variance_penalized,PPO-Variance,12151.893508845997,0.21518935088459967,0.0003571102006123,0.000448819525958
2021-06-30,SPY,SPY (S&P 500 ETF),ppo_variance_penalized,PPO-Variance,12158.688694771146,0.2158688694771147,0.0005591874155417,0.0001199127526414
2021-07-01,SPY,SPY (S&P 500 ETF),ppo_variance_penalized,PPO-Variance,12203.420077404397,0.22034200774043966,0.0036789643814538,0.0001875341752688
2021-07-02,SPY,SPY (S&P 500 ETF),ppo_variance_penalized,PPO-Variance,12265.389201798484,0.22653892017984845,0.0050780128849967,0.0012297748182598
2021-07-06,SPY,SPY (S&P 500 ETF),ppo_variance_penalized,PPO-Variance,12250.522459200034,0.2250522459200035,-0.0012120889401756,0.001695398858966
2021-07-07,SPY,SPY (S&P 500 ETF),ppo_variance_penalized,PPO-Variance,12279.287013450115,0.22792870134501153,0.0023480267348501,0.0004065612825696
2021-07-08,SPY,SPY (S&P 500 ETF),ppo_variance_penalized,PPO-Variance,12212.791610251446,0.22127916102514456,-0.0054152495275853,0.0007860178102732
2021-07-09,SPY,SPY (S&P 500 ETF),ppo_variance_penalized,PPO-Variance,12299.401239531662,0.2299401239531662,0.0070917143306952,0.0018263597708593
2021-07-12,SPY,SPY (S&P 500 ETF),ppo_variance_penalized,PPO-Variance,12328.6476383501,0.23286476383500987,0.0023778717556133,0.0023630164161501
2021-07-13,SPY,SPY (S&P 500 ETF),ppo_variance_penalized,PPO-Variance,12300.709639718872,0.2300709639718872,-0.0022661040732741,0.000796638006168
2021-07-14,SPY,SPY (S&P 500 ETF),ppo_variance_penalized,PPO-Variance,12312.89764066266,0.2312897640662661,0.0009908372200275,0.0007617020440866
2021-07-15,SPY,SPY (S&P 500 ETF),ppo_variance_penalized,PPO-Variance,12284.947329036995,0.22849473290369948,-0.0022700027598181,0.0003323369587153
2021-07-16,SPY,SPY (S&P 500 ETF),ppo_variance_penalized,PPO-Variance,12220.906521054058,0.2220906521054058,-0.0052129493328449,0.0007631720661896
2021-07-19,SPY,SPY (S&P 500 ETF),ppo_variance_penalized,PPO-Variance,12100.955263252794,0.21009552632527928,-0.0098152504149027,0.0017577717998945
2021-07-20,SPY,SPY (S&P 500 ETF),ppo_variance_penalized,PPO-Variance,12216.149380711917,0.2216149380711916,0.0095194234631157,0.0033249113106562
2021-07-21,SPY,SPY (S&P 500 ETF),ppo_variance_penalized,PPO-Variance,12281.834790729896,0.22818347907298953,0.0053769324499002,0.0031646109528186
2021-07-22,SPY,SPY (S&P 500 ETF),ppo_variance_penalized,PPO-Variance,12298.903874751184,0.22989038747511836,0.0013897829039495,0.0017952870226838
2021-07-23,SPY,SPY (S&P 500 ETF),ppo_variance_penalized,PPO-Variance,12382.979944642524,0.23829799446425248,0.0068360620383367,0.0004662052449034
2021-07-26,SPY,SPY (S&P 500 ETF),ppo_variance_penalized,PPO-Variance,12403.151862497834,0.24031518624978343,0.0016290035149444,0.0022779781144178
2021-07-27,SPY,SPY (S&P 500 ETF),ppo_variance_penalized,PPO-Variance,12365.58123382987,0.23655812338298698,-0.0030291194596724,0.0005463799006417
2021-07-28,SPY,SPY (S&P 500 ETF),ppo_variance_penalized,PPO-Variance,12362.199072258229,0.23621990722582287,-0.0002735141606111,0.001019126938406
2021-07-29,SPY,SPY (S&P 500 ETF),ppo_variance_penalized,PPO-Variance,12396.268364999143,0.23962683649991434,0.0027559249403588,9.14429210645551e-05
2021-07-30,SPY,SPY (S&P 500 ETF),ppo_variance_penalized,PPO-Variance,12356.252112275592,0.2356252112275592,-0.0032280886106449,0.0009220601555237
2021-08-02,SPY,SPY (S&P 500 ETF),ppo_variance_penalized,PPO-Variance,12339.011838607832,0.23390118386078318,-0.0013952672307999,0.0010861712057352
2021-08-03,SPY,SPY (S&P 500 ETF),ppo_variance_penalized,PPO-Variance,12405.71245690691,0.240571245690691,0.0054056693657085,0.0004683799066739
2021-08-04,SPY,SPY (S&P 500 ETF),ppo_variance_penalized,PPO-Variance,12365.139601719806,0.23651396017198056,-0.0032704977910812,0.00180392498857
2021-08-05,SPY,SPY (S&P 500 ETF),ppo_variance_penalized,PPO-Variance,12417.161937356665,0.24171619373566644,0.0042071773803202,0.0011001949121992
2021-08-06,SPY,SPY (S&P 500 ETF),ppo_variance_penalized,PPO-Variance,12430.779367984536,0.2430779367984537,0.001096662079191,0.0014058978090033
2021-08-09,SPY,SPY (S&P 500 ETF),ppo_variance_penalized,PPO-Variance,12424.054556956096,0.24240545569560967,-0.0005409806440422,0.0003679814364532
2021-08-10,SPY,SPY (S&P 500 ETF),ppo_variance_penalized,PPO-Variance,12434.322323330229,0.2434322323330229,0.0008264424731123,0.0001814654373069
2021-08-11,SPY,SPY (S&P 500 ETF),ppo_variance_penalized,PPO-Variance,12454.85092240026,0.24548509224002601,0.0016509624357665,0.0002770906709097
2021-08-12,SPY,SPY (S&P 500 ETF),ppo_variance_penalized,PPO-Variance,12479.648096920571,0.24796480969205703,0.0019909651809411,0.0005530525010281
2021-08-13,SPY,SPY (S&P 500 ETF),ppo_variance_penalized,PPO-Variance,12494.73153171479,0.2494731531714789,0.0012086426377631,0.0006667962960497
2021-08-16,SPY,SPY (S&P 500 ETF),ppo_variance_penalized,PPO-Variance,12514.277021121126,0.25142770211211274,0.0015642984690567,0.0004052150325897
2021-08-17,SPY,SPY (S&P 500 ETF),ppo_variance_penalized,PPO-Variance,12459.757636945877,0.24597576369458762,-0.0043565748211611,0.0005241142491317
2021-08-18,SPY,SPY (S&P 500 ETF),ppo_variance_penalized,PPO-Variance,12369.11820529192,0.23691182052919202,-0.0072745742168521,0.0014677827983601
2021-08-19,SPY,SPY (S&P 500 ETF),ppo_variance_penalized,PPO-Variance,12381.814167723707,0.2381814167723708,0.0010264242140036,0.0024578959567442
2021-08-20,SPY,SPY (S&P 500 ETF),ppo_variance_penalized,PPO-Variance,12447.279954810016,0.24472799548100155,0.0052872532408829,0.0003448202571714
2021-08-23,SPY,SPY (S&P 500 ETF),ppo_variance_penalized,PPO-Variance,12520.017459162344,0.25200174591623425,0.0058436465329294,0.0017645783892813
2021-08-24,SPY,SPY (S&P 500 ETF),ppo_variance_penalized,PPO-Variance,12533.199987389518,0.25331999873895183,0.0010529161217365,0.0019496528147763
2021-08-25,SPY,SPY (S&P 500 ETF),ppo_variance_penalized,PPO-Variance,12550.671750826972,0.25506717508269716,0.0013940385101198,0.0003535190845812
2021-08-26,SPY,SPY (S&P 500 ETF),ppo_variance_penalized,PPO-Variance,12501.432768365876,0.25014327683658766,-0.0039232149034454,0.0004671459491685
2021-08-27,SPY,SPY (S&P 500 ETF),ppo_variance_penalized,PPO-Variance,12575.692177167855,0.2575692177167854,0.005940071844396,0.0013212051617084
2021-08-30,SPY,SPY (S&P 500 ETF),ppo_variance_penalized,PPO-Variance,12612.41662987392,0.26124166298739193,0.0029202728715591,0.0019814762555452
2021-08-31,SPY,SPY (S&P 500 ETF),ppo_variance_penalized,PPO-Variance,12599.987005811938,0.2599987005811937,-0.0009855069354861,0.0009775169587667
2021-09-01,SPY,SPY (S&P 500 ETF),ppo_variance_penalized,PPO-Variance,12604.432768746055,0.26044327687460544,0.0003528386919819,0.0003306203690512
2021-09-02,SPY,SPY (S&P 500 ETF),ppo_variance_penalized,PPO-Variance,12630.20050411653,0.2630200504116531,0.0020443391498241,0.0001184411043765
2021-09-03,SPY,SPY (S&P 500 ETF),ppo_variance_penalized,PPO-Variance,12628.15439487488,0.262815439487488,-0.0001620013269767,0.0006844848885947
2021-09-07,SPY,SPY (S&P 500 ETF),ppo_variance_penalized,PPO-Variance,12598.149398730557,0.2598149398730556,-0.0023760396971787,5.412809853722056e-05
2021-09-08,SPY,SPY (S&P 500 ETF),ppo_variance_penalized,PPO-Variance,12587.94062412169,0.25879406241216896,-0.0008103392241003,0.000799005234832
2021-09-09,SPY,SPY (S&P 500 ETF),ppo_variance_penalized,PPO-Variance,12552.133713321246,0.2552133713321245,-0.0028445408085122,0.0002718086012888
2021-09-10,SPY,SPY (S&P 500 ETF),ppo_variance_penalized,PPO-Variance,12486.356002715049,0.2486356002715049,-0.0052403608907056,0.000956930713729
2021-09-13,SPY,SPY (S&P 500 ETF),ppo_variance_penalized,PPO-Variance,12507.568805634528,0.2507568805634528,0.0016988785931513,0.0017669994943622
2021-09-14,SPY,SPY (S&P 500 ETF),ppo_variance_penalized,PPO-Variance,12462.708774681263,0.24627087746812637,-0.0035866307553754,0.0005695729131881
2021-09-15,SPY,SPY (S&P 500 ETF),ppo_variance_penalized,PPO-Variance,12531.867361230828,0.25318673612308285,0.005549241966567,0.001207399095589
2021-09-16,SPY,SPY (S&P 500 ETF),ppo_variance_penalized,PPO-Variance,12518.64301478924,0.25186430147892414,-0.0010552574536897,0.0018518145816071
2021-09-17,SPY,SPY (S&P 500 ETF),ppo_variance_penalized,PPO-Variance,12411.297321392343,0.24112973213923428,-0.00857486656262,0.0003537747809222
2021-09-20,SPY,SPY (S&P 500 ETF),ppo_variance_penalized,PPO-Variance,12273.741411867488,0.2273741411867487,-0.0110831209633309,0.0029014976642143
2021-09-21,SPY,SPY (S&P 500 ETF),ppo_variance_penalized,PPO-Variance,12265.99088523634,0.22659908852363397,-0.0006314722113709,0.003758904311879
2021-09-22,SPY,SPY (S&P 500 ETF),ppo_variance_penalized,PPO-Variance,12345.49918385662,0.23454991838566208,0.0064820118785493,0.0002107212647791
2021-09-23,SPY,SPY (S&P 500 ETF),ppo_variance_penalized,PPO-Variance,12445.148298665494,0.24451482986654938,0.0080716958727093,0.0021606808385027
2021-09-24,SPY,SPY (S&P 500 ETF),ppo_variance_penalized,PPO-Variance,12458.737244106273,0.24587372441062727,0.0010919070721107,0.0026869668315177
2021-09-27,SPY,SPY (S&P 500 ETF),ppo_variance_penalized,PPO-Variance,12435.047101054512,0.24350471010545105,-0.0019014882959319,0.0003668190024673
2021-09-28,SPY,SPY (S&P 500 ETF),ppo_variance_penalized,PPO-Variance,12268.51892985941,0.2268518929859411,-0.0133918408062146,0.0006390122112492
2021-09-29,SPY,SPY (S&P 500 ETF),ppo_variance_penalized,PPO-Variance,12282.18499176302,0.2282184991763021,0.0011139129329089,0.0045535231528994
2021-09-30,SPY,SPY (S&P 500 ETF),ppo_variance_penalized,PPO-Variance,12182.425318956646,0.21824253189566467,-0.0081223066476588,0.0003748108583699
2021-10-01,SPY,SPY (S&P 500 ETF),ppo_variance_penalized,PPO-Variance,12278.598846728008,0.22785988467280083,0.007894448375703,0.002747096491886
2021-10-04,SPY,SPY (S&P 500 ETF),ppo_variance_penalized,PPO-Variance,12173.3439820707,0.21733439820707012,-0.008572221144382,0.002628636488577
2021-10-05,SPY,SPY (S&P 500 ETF),ppo_variance_penalized,PPO-Variance,12257.478219954815,0.2257478219954816,0.0069113497497508,0.0028998249712853
2021-10-06,SPY,SPY (S&P 500 ETF),ppo_variance_penalized,PPO-Variance,12291.3021509663,0.2291302150966299,0.002759452670813,0.0023037031322433
2021-10-07,SPY,SPY (S&P 500 ETF),ppo_variance_penalized,PPO-Variance,12361.906622834418,0.23619066228344177,0.0057442629756332,0.0009239772914501
2021-10-08,SPY,SPY (S&P 500 ETF),ppo_variance_penalized,PPO-Variance,12346.90121799514,0.2346901217995141,-0.0012138422734533,0.0019164138415526
2021-10-11,SPY,SPY (S&P 500 ETF),ppo_variance_penalized,PPO-Variance,12287.496464042546,0.22874964640425466,-0.0048113087570517,0.0004070766903491
2021-10-12,SPY,SPY (S&P 500 ETF),ppo_variance_penalized,PPO-Variance,12267.3775203569,0.22673775203569013,-0.0016373509237231,0.0016217867444168
2021-10-13,SPY,SPY (S&P 500 ETF),ppo_variance_penalized,PPO-Variance,12296.69801154301,0.22966980115430102,0.002390118926189,0.0005496620615176
2021-10-14,SPY,SPY (S&P 500 ETF),ppo_variance_penalized,PPO-Variance,12434.135326360183,0.24341353263601828,0.0111767658836674,0.0008001203120142
2021-10-15,SPY,SPY (S&P 500 ETF),ppo_variance_penalized,PPO-Variance,12497.015916990067,0.24970159169900663,0.0050570939578384,0.0037084536747843
2021-10-18,SPY,SPY (S&P 500 ETF),ppo_variance_penalized,PPO-Variance,12521.580285286058,0.2521580285286058,0.0019656187092307,0.0016892788534685
2021-10-19,SPY,SPY (S&P 500 ETF),ppo_variance_penalized,PPO-Variance,12585.765735692032,0.25857657356920316,0.0051259864125454,0.0006587069310887
2021-10-20,SPY,SPY (S&P 500 ETF),ppo_variance_penalized,PPO-Variance,12618.593393422703,0.26185933934227035,0.0026083162852439,0.0017111396368656
2021-10-21,SPY,SPY (S&P 500 ETF),ppo_variance_penalized,PPO-Variance,12640.45307258687,0.264045307258687,0.0017323388180143,0.0008733462613218
2021-10-22,SPY,SPY (S&P 500 ETF),ppo_variance_penalized,PPO-Variance,12631.742055567782,0.2631742055567783,-0.0006891380371467,0.0005804605799991
2021-10-25,SPY,SPY (S&P 500 ETF),ppo_variance_penalized,PPO-Variance,12676.754407895532,0.2676754407895532,0.0035634318789712,0.0002311598216809
2021-10-26,SPY,SPY (S&P 500 ETF),ppo_variance_penalized,PPO-Variance,12684.320965030043,0.26843209650300426,0.0005968844146573,0.0011913092174753
2021-10-27,SPY,SPY (S&P 500 ETF),ppo_variance_penalized,PPO-Variance,12646.97669429954,0.2646976694299539,-0.0029441284900831,0.0002005255543634
2021-10-28,SPY,SPY (S&P 500 ETF),ppo_variance_penalized,PPO-Variance,12728.054189525596,0.2728054189525595,0.0064108203237696,0.0009905590746595
2021-10-29,SPY,SPY (S&P 500 ETF),ppo_variance_penalized,PPO-Variance,12745.189336664052,0.27451893366640534,0.0013462503288645,0.0021373621003879
2021-11-01,SPY,SPY (S&P 500 ETF),ppo_variance_penalized,PPO-Variance,12759.752712181313,0.27597527121813137,0.001142656663041,0.0004517552421138
2021-11-02,SPY,SPY (S&P 500 ETF),ppo_variance_penalized,PPO-Variance,12794.029418515212,0.27940294185152115,0.002686314312438,0.0003830576625389
2021-11-03,SPY,SPY (S&P 500 ETF),ppo_variance_penalized,PPO-Variance,12845.92351926944,0.284592351926944,0.0040561186047554,0.0008989310056783
2021-11-04,SPY,SPY (S&P 500 ETF),ppo_variance_penalized,PPO-Variance,12886.133599221384,0.28861335992213855,0.0031301821073139,0.0013555688957759
2021-11-05,SPY,SPY (S&P 500 ETF),ppo_variance_penalized,PPO-Variance,12915.830448653473,0.29158304486534736,0.0023045585553982,0.0010473046718695
2021-11-08,SPY,SPY (S&P 500 ETF),ppo_variance_penalized,PPO-Variance,12923.147764146575,0.29231477641465764,0.0005665385220248,0.0007717169852918
2021-11-09,SPY,SPY (S&P 500 ETF),ppo_variance_penalized,PPO-Variance,12894.76000587312,0.28947600058731204,-0.0021966597296221,0.0001902161312227
2021-11-10,SPY,SPY (S&P 500 ETF),ppo_variance_penalized,PPO-Variance,12825.81595882362,0.28258159588236187,-0.0053466715951361,0.0007385041218453
2021-11-11,SPY,SPY (S&P 500 ETF),ppo_variance_penalized,PPO-Variance,12828.550237896534,0.28285502378965344,0.0002131855845812,0.0018031193581791
2021-11-12,SPY,SPY (S&P 500 ETF),ppo_variance_penalized,PPO-Variance,12892.884407768874,0.2892884407768874,0.0050149213028212,7.211004447804648e-05
2021-11-15,SPY,SPY (S&P 500 ETF),ppo_variance_penalized,PPO-Variance,12895.796528994428,0.28957965289944276,0.000225870420726,0.0016740582077701
2021-11-16,SPY,SPY (S&P 500 ETF),ppo_variance_penalized,PPO-Variance,12929.711942571714,0.29297119425717133,0.0026299588009963,7.632044896854762e-05
2021-11-17,SPY,SPY (S&P 500 ETF),ppo_variance_penalized,PPO-Variance,12908.828748785849,0.2908828748785848,-0.0016151321760777,0.0008800220785374
2021-11-18,SPY,SPY (S&P 500 ETF),ppo_variance_penalized,PPO-Variance,12937.956541098229,0.2937956541098228,0.0022564241016147,0.0005424329739452
2021-11-19,SPY,SPY (S&P 500 ETF),ppo_variance_penalized,PPO-Variance,12922.572322075628,0.2922572322075627,-0.0011890764181908,0.0007554730359907
2021-11-22,SPY,SPY (S&P 500 ETF),ppo_variance_penalized,PPO-Variance,12898.392572343504,0.28983925723435044,-0.0018711251235032,0.0003991380818786
2021-11-23,SPY,SPY (S&P 500 ETF),ppo_variance_penalized,PPO-Variance,12909.749789181851,0.290974978918185,0.0008805141241163,0.0006287764345437
2021-11-24,SPY,SPY (S&P 500 ETF),ppo_variance_penalized,PPO-Variance,12932.6499359217,0.29326499359217006,0.0017738644910869,0.0002953498873741
2021-11-26,SPY,SPY (S&P 500 ETF),ppo_variance_penalized,PPO-Variance,12740.970153584549,0.274097015358455,-0.0148213848891667,0.0005941495120301
2021-11-29,SPY,SPY (S&P 500 ETF),ppo_variance_penalized,PPO-Variance,12844.76141558845,0.28447614155884504,0.0081462605086397,0.0050469510954168
2021-11-30,SPY,SPY (S&P 500 ETF),ppo_variance_penalized,PPO-Variance,12678.645750301355,0.2678645750301356,-0.0129325613697653,0.0027125417317641
2021-12-01,SPY,SPY (S&P 500 ETF),ppo_variance_penalized,PPO-Variance,12585.010541473255,0.2585010541473256,-0.0073852689531824,0.0043945996719045
2021-12-02,SPY,SPY (S&P 500 ETF),ppo_variance_penalized,PPO-Variance,12713.068020733304,0.27130680207333047,0.0101753970597036,0.0024945935407689
2021-12-03,SPY,SPY (S&P 500 ETF),ppo_variance_penalized,PPO-Variance,12639.516358657647,0.26395163586576476,-0.0057855162857386,0.0033801325691195
2021-12-06,SPY,SPY (S&P 500 ETF),ppo_variance_penalized,PPO-Variance,12738.96529171778,0.27389652917177787,0.0078680963921544,0.0019511062745051
2021-12-07,SPY,SPY (S&P 500 ETF),ppo_variance_penalized,PPO-Variance,12914.033403661995,0.2914033403661995,0.0137427261897038,0.002619668589272
2021-12-08,SPY,SPY (S&P 500 ETF),ppo_variance_penalized,PPO-Variance,12936.698283123622,0.2936698283123622,0.0017550581412619,0.0045488395486569
2021-12-09,SPY,SPY (S&P 500 ETF),ppo_variance_penalized,PPO-Variance,12878.650175943254,0.28786501759432537,-0.0044870882747642,0.000589286958192
2021-12-10,SPY,SPY (S&P 500 ETF),ppo_variance_penalized,PPO-Variance,12959.191852749074,0.29591918527490746,0.006253891184673,0.00151193588278
2021-12-13,SPY,SPY (S&P 500 ETF),ppo_variance_penalized,PPO-Variance,12882.880521357349,0.28828805213573494,-0.0058885872096675,0.0020855491387755
2021-12-14,SPY,SPY (S&P 500 ETF),ppo_variance_penalized,PPO-Variance,12823.955877845838,0.28239558778458385,-0.0045738717683382,0.0019865289958215
2021-12-15,SPY,SPY (S&P 500 ETF),ppo_variance_penalized,PPO-Variance,12957.08809722903,0.29570880972290303,0.0103815250653807,0.0015408451004859
2021-12-16,SPY,SPY (S&P 500 ETF),ppo_variance_penalized,PPO-Variance,12881.1146437147,0.28811146437146995,-0.0058634666172083,0.0034475685614437
2021-12-17,SPY,SPY (S&P 500 ETF),ppo_variance_penalized,PPO-Variance,12760.34129618862,0.276034129618862,-0.0093760012907742,0.0019775418867563
2021-12-20,SPY,SPY (S&P 500 ETF),ppo_variance_penalized,PPO-Variance,12670.13572575106,0.26701357257510616,-0.0070692129891937,0.0031746065053366
2021-12-21,SPY,SPY (S&P 500 ETF),ppo_variance_penalized,PPO-Variance,12819.626943282725,0.2819626943282725,0.0117987068779252,0.0023874248653804
2021-12-22,SPY,SPY (S&P 500 ETF),ppo_variance_penalized,PPO-Variance,12904.753884559292,0.29047538845592924,0.0066403602580005,0.0039129190029336
2021-12-23,SPY,SPY (S&P 500 ETF),ppo_variance_penalized,PPO-Variance,12958.082039378718,0.29580820393787177,0.0041324426096365,0.0022143478167255
2021-12-27,SPY,SPY (S&P 500 ETF),ppo_variance_penalized,PPO-Variance,13079.925959083695,0.3079925959083696,0.0094029285610868,0.0013814055018517
2021-12-28,SPY,SPY (S&P 500 ETF),ppo_variance_penalized,PPO-Variance,13072.782191088892,0.3072782191088892,-0.0005461627242502,0.0031256120460265
2021-12-29,SPY,SPY (S&P 500 ETF),ppo_variance_penalized,PPO-Variance,13083.89236711933,0.30838923671193297,0.0008498708131166,0.0001822801883681
2021-12-30,SPY,SPY (S&P 500 ETF),ppo_variance_penalized,PPO-Variance,13059.852595581831,0.3059852595581831,-0.0018373562593584,0.0002849376327994
2021-12-31,SPY,SPY (S&P 500 ETF),ppo_variance_penalized,PPO-Variance,13037.973173647895,0.30379731736478943,-0.0016753192100603,0.0006174437551093
2022-01-03,SPY,SPY (S&P 500 ETF),ppo_variance_penalized,PPO-Variance,13088.12964448815,0.3088129644488149,0.0038469530633509,0.0005627796275698
2022-01-04,SPY,SPY (S&P 500 ETF),ppo_variance_penalized,PPO-Variance,13085.199767416336,0.30851997674163356,-0.0002238575832756,0.0012858360838335
2022-01-05,SPY,SPY (S&P 500 ETF),ppo_variance_penalized,PPO-Variance,12918.230112242,0.29182301122419996,-0.0127601915249401,7.468613122263434e-05
2022-01-06,SPY,SPY (S&P 500 ETF),ppo_variance_penalized,PPO-Variance,12910.109867507528,0.2910109867507529,-0.0006285880235852,0.0043361539136851
2022-01-07,SPY,SPY (S&P 500 ETF),ppo_variance_penalized,PPO-Variance,12876.190130880675,0.2876190130880676,-0.0026273778437952,0.0002095586669978
2022-01-10,SPY,SPY (S&P 500 ETF),ppo_variance_penalized,PPO-Variance,12865.531436084992,0.28655314360849915,-0.000827783271864,0.0008836965253445
2022-01-11,SPY,SPY (S&P 500 ETF),ppo_variance_penalized,PPO-Variance,12943.39755260484,0.29433975526048406,0.0060523047109777,0.0002776419697082
2022-01-12,SPY,SPY (S&P 500 ETF),ppo_variance_penalized,PPO-Variance,12966.624781531587,0.2966624781531588,0.0017945233337959,0.0020183331081401
2022-01-13,SPY,SPY (S&P 500 ETF),ppo_variance_penalized,PPO-Variance,12847.893564577596,0.2847893564577597,-0.0091566787004666,0.0006016325688572
2022-01-14,SPY,SPY (S&P 500 ETF),ppo_variance_penalized,PPO-Variance,12851.345789046529,0.2851345789046529,0.0002686996472676,0.0031001103315926
2022-01-18,SPY,SPY (S&P 500 ETF),ppo_variance_penalized,PPO-Variance,12700.106029008302,0.27001060290083023,-0.0117683986191649,9.116016095411794e-05
2022-01-19,SPY,SPY (S&P 500 ETF),ppo_variance_penalized,PPO-Variance,12612.424486999862,0.26124244869998625,-0.0069040007861482,0.0039951028664321
2022-01-20,SPY,SPY (S&P 500 ETF),ppo_variance_penalized,PPO-Variance,12519.63216940616,0.2519632169406161,-0.0073572149184597,0.0023309390277784
2022-01-21,SPY,SPY (S&P 500 ETF),ppo_variance_penalized,PPO-Variance,12356.284582949856,0.2356284582949857,-0.013047315148401,0.0024857390404712
2022-01-24,SPY,SPY (S&P 500 ETF),ppo_variance_penalized,PPO-Variance,12391.099331772964,0.23910993317729634,0.0028175742141085,0.0044341948029119
2022-01-25,SPY,SPY (S&P 500 ETF),ppo_variance_penalized,PPO-Variance,12290.558116598975,0.22905581165989752,-0.0081139866998065,0.0009440805808359
2022-01-26,SPY,SPY (S&P 500 ETF),ppo_variance_penalized,PPO-Variance,12270.03445211434,0.227003445211434,-0.0016698724573719,0.0027440668574281
2022-01-27,SPY,SPY (S&P 500 ETF),ppo_variance_penalized,PPO-Variance,12229.76529383174,0.22297652938317403,-0.0032819107753735,0.0005602315557129
2022-01-28,SPY,SPY (S&P 500 ETF),ppo_variance_penalized,PPO-Variance,12431.58562159711,0.243158562159711,0.0165023876514753,0.0011044676128496
2022-01-31,SPY,SPY (S&P 500 ETF),ppo_variance_penalized,PPO-Variance,12580.306149500935,0.2580306149500935,0.0119631181758066,0.0054467838912156
2022-02-01,SPY,SPY (S&P 500 ETF),ppo_variance_penalized,PPO-Variance,12636.742599491752,0.26367425994917526,0.0044860951172525,0.00396780293224
2022-02-02,SPY,SPY (S&P 500 ETF),ppo_variance_penalized,PPO-Variance,12718.295681364754,0.2718295681364755,0.0064536474673688,0.0014996199002224
2022-02-03,SPY,SPY (S&P 500 ETF),ppo_variance_penalized,PPO-Variance,12519.616401335286,0.25196164013352873,-0.0156215333411833,0.0021517165574944
2022-02-04,SPY,SPY (S&P 500 ETF),ppo_variance_penalized,PPO-Variance,12558.669458706354,0.2558669458706353,0.0031193493569741,0.0053232201622637
2022-02-07,SPY,SPY (S&P 500 ETF),ppo_variance_penalized,PPO-Variance,12531.873575315029,0.2531873575315029,-0.0021336562347973,0.001045020008134
2022-02-08,SPY,SPY (S&P 500 ETF),ppo_variance_penalized,PPO-Variance,12600.383047127943,0.2600383047127943,0.0054668179822581,0.0007169882048045
2022-02-09,SPY,SPY (S&P 500 ETF),ppo_variance_penalized,PPO-Variance,12722.910119395776,0.2722910119395776,0.0097240751975202,0.0018243011170138
2022-02-10,SPY,SPY (S&P 500 ETF),ppo_variance_penalized,PPO-Variance,12570.97772036384,0.25709777203638406,-0.011941638949435,0.0032314672843147
2022-02-11,SPY,SPY (S&P 500 ETF),ppo_variance_penalized,PPO-Variance,12406.204980305914,0.2406204980305915,-0.0131073925770314,0.0040535589937701
2022-02-14,SPY,SPY (S&P 500 ETF),ppo_variance_penalized,PPO-Variance,12379.19723597748,0.23791972359774816,-0.0021769545458346,0.0044543545167667
2022-02-15,SPY,SPY (S&P 500 ETF),ppo_variance_penalized,PPO-Variance,12511.850386847207,0.25118503868472075,0.010715812046697,0.000730430653449
2022-02-16,SPY,SPY (S&P 500 ETF),ppo_variance_penalized,PPO-Variance,12521.124740308622,0.25211247403086223,0.0007412455531887,0.0035571184486508
2022-02-17,SPY,SPY (S&P 500 ETF),ppo_variance_penalized,PPO-Variance,12343.38444095248,0.23433844409524807,-0.0141952342974389,0.0002496848108186
2022-02-18,SPY,SPY (S&P 500 ETF),ppo_variance_penalized,PPO-Variance,12290.214303203693,0.22902143032036926,-0.0043075817660174,0.0048307738874183
2022-02-22,SPY,SPY (S&P 500 ETF),ppo_variance_penalized,PPO-Variance,12202.550860110829,0.2202550860110828,-0.0071327839311973,0.001449751980027
2022-02-23,SPY,SPY (S&P 500 ETF),ppo_variance_penalized,PPO-Variance,12058.682899421488,0.2058682899421489,-0.0117899906616766,0.0024096408375908
2022-02-24,SPY,SPY (S&P 500 ETF),ppo_variance_penalized,PPO-Variance,12179.225445994158,0.21792254459941574,0.0099963277563632,0.0040017332862428
2022-02-25,SPY,SPY (S&P 500 ETF),ppo_variance_penalized,PPO-Variance,12357.754591357934,0.23577545913579345,0.0146584974681207,0.0033217520516336
2022-02-28,SPY,SPY (S&P 500 ETF),ppo_variance_penalized,PPO-Variance,12336.684375404076,0.23366843754040767,-0.0017050197750805,0.0048477549767607
2022-03-01,SPY,SPY (S&P 500 ETF),ppo_variance_penalized,PPO-Variance,12211.820908843216,0.2211820908843216,-0.0101213148331656,0.0005713558450977
2022-03-02,SPY,SPY (S&P 500 ETF),ppo_variance_penalized,PPO-Variance,12361.062707668098,0.2361062707668098,0.0122210929835049,0.0034300712534681
2022-03-03,SPY,SPY (S&P 500 ETF),ppo_variance_penalized,PPO-Variance,12320.11904664919,0.23201190466491894,-0.0033123091426038,0.0040516249627269
2022-03-04,SPY,SPY (S&P 500 ETF),ppo_variance_penalized,PPO-Variance,12253.58988820604,0.225358988820604,-0.0054000418495343,0.0011135581752119
2022-03-07,SPY,SPY (S&P 500 ETF),ppo_variance_penalized,PPO-Variance,12013.52788652989,0.2013527886529889,-0.0195911568663813,0.0018210917206428
2022-03-08,SPY,SPY (S&P 500 ETF),ppo_variance_penalized,PPO-Variance,11952.921731996805,0.1952921731996804,-0.0050448257252593,0.0067032464656267
2022-03-09,SPY,SPY (S&P 500 ETF),ppo_variance_penalized,PPO-Variance,12165.856712289977,0.21658567122899774,0.0178144712286676,0.0016987829894277
2022-03-10,SPY,SPY (S&P 500 ETF),ppo_variance_penalized,PPO-Variance,12129.279952364184,0.21292799523641848,-0.0030065091831009,0.0058724377838433
2022-03-11,SPY,SPY (S&P 500 ETF),ppo_variance_penalized,PPO-Variance,12026.783255498074,0.20267832554980747,-0.0084503529697269,0.0010097033512399
2022-03-14,SPY,SPY (S&P 500 ETF),ppo_variance_penalized,PPO-Variance,11968.34105643902,0.19683410564390202,-0.0048593375150697,0.0028587829768362
2022-03-15,SPY,SPY (S&P 500 ETF),ppo_variance_penalized,PPO-Variance,12143.214352887157,0.21432143528871572,0.0146113229580846,0.0016372300839948
2022-03-16,SPY,SPY (S&P 500 ETF),ppo_variance_penalized,PPO-Variance,12322.0862867842,0.23220862867841996,0.0147301965277846,0.0048318249688287
2022-03-17,SPY,SPY (S&P 500 ETF),ppo_variance_penalized,PPO-Variance,12424.467962492845,0.24244679624928445,0.0083087939270845,0.0048716164556876
2022-03-18,SPY,SPY (S&P 500 ETF),ppo_variance_penalized,PPO-Variance,12489.012526804912,0.24890125268049124,0.0051949559938435,0.0027661242969527
2022-03-21,SPY,SPY (S&P 500 ETF),ppo_variance_penalized,PPO-Variance,12486.56425843211,0.24865642584321113,-0.0001960337830991,0.0017347442398097
2022-03-22,SPY,SPY (S&P 500 ETF),ppo_variance_penalized,PPO-Variance,12583.655891232444,0.25836558912324437,0.00777568839521,6.519713239916403e-05
2022-03-23,SPY,SPY (S&P 500 ETF),ppo_variance_penalized,PPO-Variance,12475.933840574107,0.24759338405741071,-0.0085604733305996,0.0025885187180501
2022-03-24,SPY,SPY (S&P 500 ETF),ppo_variance_penalized,PPO-Variance,12600.870596129109,0.2600870596129108,0.0100142207510498,0.0028958289441062
2022-03-25,SPY,SPY (S&P 500 ETF),ppo_variance_penalized,PPO-Variance,12641.721205873097,0.26417212058730954,0.0032418878864239,0.0033272691775166
2022-03-28,SPY,SPY (S&P 500 ETF),ppo_variance_penalized,PPO-Variance,12701.461333348332,0.27014613333483317,0.0047256324121023,0.0010852018765925
2022-03-29,SPY,SPY (S&P 500 ETF),ppo_variance_penalized,PPO-Variance,12805.85481258148,0.28058548125814786,0.0082190132688952,0.0015782829775895
2022-03-30,SPY,SPY (S&P 500 ETF),ppo_variance_penalized,PPO-Variance,12753.27437441497,0.2753274374414971,-0.0041059686320081,0.0027354002640093
2022-03-31,SPY,SPY (S&P 500 ETF),ppo_variance_penalized,PPO-Variance,12622.81941707711,0.2622819417077109,-0.0102291343781933,0.0013822473664625
2022-04-01,SPY,SPY (S&P 500 ETF),ppo_variance_penalized,PPO-Variance,12646.548274803865,0.2646548274803864,0.0018798381679019,0.0034667156872826
2022-04-04,SPY,SPY (S&P 500 ETF),ppo_variance_penalized,PPO-Variance,12718.532271887072,0.2718532271887073,0.0056919876885792,0.0006306344521175
2022-04-05,SPY,SPY (S&P 500 ETF),ppo_variance_penalized,PPO-Variance,12611.752666207014,0.26117526662070145,-0.0083955918338221,0.0018989773010478
2022-04-06,SPY,SPY (S&P 500 ETF),ppo_variance_penalized,PPO-Variance,12527.915453914537,0.25279154539145376,-0.0066475464997912,0.0028397971694058
2022-04-07,SPY,SPY (S&P 500 ETF),ppo_variance_penalized,PPO-Variance,12569.83661367377,0.25698366136737705,0.0033462198809885,0.0022441151852147
2022-04-08,SPY,SPY (S&P 500 ETF),ppo_variance_penalized,PPO-Variance,12547.48759186554,0.25474875918655404,-0.0017779882503737,0.0011196119163596
2022-04-11,SPY,SPY (S&P 500 ETF),ppo_variance_penalized,PPO-Variance,12404.964755335694,0.24049647553356945,-0.0113586752317047,0.00059717398114
2022-04-12,SPY,SPY (S&P 500 ETF),ppo_variance_penalized,PPO-Variance,12374.373778378327,0.2374373778378327,-0.0024660269142809,0.0038542402861945
2022-04-13,SPY,SPY (S&P 500 ETF),ppo_variance_penalized,PPO-Variance,12468.545781790475,0.24685457817904743,0.0076102439686032,0.0008280632465438
2022-04-14,SPY,SPY (S&P 500 ETF),ppo_variance_penalized,PPO-Variance,12365.344908122868,0.23653449081228684,-0.0082768973602619,0.002534112874585
2022-04-18,SPY,SPY (S&P 500 ETF),ppo_variance_penalized,PPO-Variance,12368.688602547812,0.23686886025478127,0.0002704085045575,0.0027990899152574
2022-04-19,SPY,SPY (S&P 500 ETF),ppo_variance_penalized,PPO-Variance,12501.367056073304,0.2501367056073305,0.0107269620724512,9.163218524299575e-05
2022-04-20,SPY,SPY (S&P 500 ETF),ppo_variance_penalized,PPO-Variance,12495.16229419522,0.2495162294195219,-0.0004963266697356,0.0035605681377638
2022-04-21,SPY,SPY (S&P 500 ETF),ppo_variance_penalized,PPO-Variance,12370.997517039146,0.23709975170391462,-0.0099370279659157,0.0001653975708663
2022-04-22,SPY,SPY (S&P 500 ETF),ppo_variance_penalized,PPO-Variance,12145.387219175182,0.2145387219175181,-0.018237033638817,0.0033671244032194
2022-04-25,SPY,SPY (S&P 500 ETF),ppo_variance_penalized,PPO-Variance,12192.102340866177,0.21921023408661777,0.0038463262511088,0.0062307461673299
2022-04-26,SPY,SPY (S&P 500 ETF),ppo_variance_penalized,PPO-Variance,11957.451006389569,0.19574510063895678,-0.0192461749349078,0.0012875216366794
2022-04-27,SPY,SPY (S&P 500 ETF),ppo_variance_penalized,PPO-Variance,11979.714315194577,0.19797143151945762,0.0018618774848511,0.0065830637598263
2022-04-28,SPY,SPY (S&P 500 ETF),ppo_variance_penalized,PPO-Variance,12180.789653926971,0.2180789653926971,0.0167846522414447,0.0006256749656771
2022-04-29,SPY,SPY (S&P 500 ETF),ppo_variance_penalized,PPO-Variance,11881.592926381833,0.1881592926381832,-0.0245629992837682,0.0055382461144174
2022-05-02,SPY,SPY (S&P 500 ETF),ppo_variance_penalized,PPO-Variance,11929.01869581203,0.19290186958120303,0.0039915329303106,0.0084461139346431
2022-05-03,SPY,SPY (S&P 500 ETF),ppo_variance_penalized,PPO-Variance,11965.340477813905,0.1965340477813904,0.0030448256414103,0.0013365966342397
2022-05-04,SPY,SPY (S&P 500 ETF),ppo_variance_penalized,PPO-Variance,12207.463945369364,0.22074639453693634,0.020235401408293,0.0010188385885029
2022-05-05,SPY,SPY (S&P 500 ETF),ppo_variance_penalized,PPO-Variance,11919.059655879728,0.19190596558797268,-0.0236252419651042,0.0066543554875697
2022-05-06,SPY,SPY (S&P 500 ETF),ppo_variance_penalized,PPO-Variance,11871.687044445183,0.18716870444451827,-0.0039745259107897,0.0081154027426917
2022-05-09,SPY,SPY (S&P 500 ETF),ppo_variance_penalized,PPO-Variance,11619.08992360741,0.16190899236074086,-0.0212772725470359,0.0013359798605494
2022-05-10,SPY,SPY (S&P 500 ETF),ppo_variance_penalized,PPO-Variance,11636.84478805468,0.16368447880546788,0.0015280770321948,0.0072929243855105
2022-05-11,SPY,SPY (S&P 500 ETF),ppo_variance_penalized,PPO-Variance,11513.993606711752,0.1513993606711752,-0.0105570868719531,0.0005143072029354
2022-05-12,SPY,SPY (S&P 500 ETF),ppo_variance_penalized,PPO-Variance,11505.96507618302,0.150596507618302,-0.0006972846088826,0.003579355977878
2022-05-13,SPY,SPY (S&P 500 ETF),ppo_variance_penalized,PPO-Variance,11688.759128288408,0.16887591282884085,0.0158868943973908,0.0002328898777498
2022-05-16,SPY,SPY (S&P 500 ETF),ppo_variance_penalized,PPO-Variance,11657.181404793451,0.16571814047934508,-0.0027015462589636,0.0052465366954772
2022-05-17,SPY,SPY (S&P 500 ETF),ppo_variance_penalized,PPO-Variance,11816.516726131062,0.1816516726131061,0.0136684259946482,0.0009070176090114
2022-05-18,SPY,SPY (S&P 500 ETF),ppo_variance_penalized,PPO-Variance,11499.927891237206,0.14999278912372072,-0.0267920608273459,0.004524015685859
2022-05-19,SPY,SPY (S&P 500 ETF),ppo_variance_penalized,PPO-Variance,11453.01852279947,0.14530185227994696,-0.0040791010936234,0.0092342118756344
2022-05-20,SPY,SPY (S&P 500 ETF),ppo_variance_penalized,PPO-Variance,11456.325166112852,0.1456325166112853,0.0002887136964635,0.0013709703293355
2022-05-23,SPY,SPY (S&P 500 ETF),ppo_variance_penalized,PPO-Variance,11598.762071661828,0.15987620716618278,0.0124330362034672,9.729087342336128e-05
2022-05-24,SPY,SPY (S&P 500 ETF),ppo_variance_penalized,PPO-Variance,11539.876773583608,0.15398767735836083,-0.005076860592053,0.004119902952864
2022-05-25,SPY,SPY (S&P 500 ETF),ppo_variance_penalized,PPO-Variance,11607.606716192582,0.16076067161925822,0.0058692084792462,0.0017105108296529
2022-05-26,SPY,SPY (S&P 500 ETF),ppo_variance_penalized,PPO-Variance,11761.708740763075,0.1761708740763075,0.0132759515667877,0.0019581108385829
2022-05-27,SPY,SPY (S&P 500 ETF),ppo_variance_penalized,PPO-Variance,11953.528239714497,0.1953528239714497,0.0163088121955121,0.0043961719599022
2022-05-31,SPY,SPY (S&P 500 ETF),ppo_variance_penalized,PPO-Variance,11908.89436952726,0.19088943695272587,-0.0037339494492464,0.0053850084546946
2022-06-01,SPY,SPY (S&P 500 ETF),ppo_variance_penalized,PPO-Variance,11844.8697667022,0.18448697667021996,-0.0053762004127679,0.0012555644756616
2022-06-02,SPY,SPY (S&P 500 ETF),ppo_variance_penalized,PPO-Variance,11994.74109486852,0.19947410948685196,0.0126528472763485,0.0018129584995664
2022-06-03,SPY,SPY (S&P 500 ETF),ppo_variance_penalized,PPO-Variance,11863.880202511578,0.18638802025115786,-0.0109098555210103,0.0041923989008465
2022-06-06,SPY,SPY (S&P 500 ETF),ppo_variance_penalized,PPO-Variance,11887.84037556961,0.18878403755696116,0.0020195899359267,0.0036990389212243
2022-06-07,SPY,SPY (S&P 500 ETF),ppo_variance_penalized,PPO-Variance,11963.607496828316,0.19636074968283146,0.0063734975289886,0.0006774143621552
2022-06-08,SPY,SPY (S&P 500 ETF),ppo_variance_penalized,PPO-Variance,11877.14863371224,0.187714863371224,-0.007226822105205,0.0021248950501788
2022-06-09,SPY,SPY (S&P 500 ETF),ppo_variance_penalized,PPO-Variance,11689.41253789062,0.168941253789062,-0.0158064954486422,0.002441418957521
2022-06-10,SPY,SPY (S&P 500 ETF),ppo_variance_penalized,PPO-Variance,11464.118535522692,0.14641185355226916,-0.0192733382997347,0.0053871703479674
2022-06-13,SPY,SPY (S&P 500 ETF),ppo_variance_penalized,PPO-Variance,11174.800320590924,0.11748003205909252,-0.0252368478252633,0.0065911356742274
2022-06-14,SPY,SPY (S&P 500 ETF),ppo_variance_penalized,PPO-Variance,11152.326892799658,0.11523268927996577,-0.0020110809273125,0.0086835090776569
2022-06-15,SPY,SPY (S&P 500 ETF),ppo_variance_penalized,PPO-Variance,11257.971497889512,0.12579714978895118,0.0094728755806163,0.0006731273777561
2022-06-16,SPY,SPY (S&P 500 ETF),ppo_variance_penalized,PPO-Variance,11010.342239275102,0.10103422392751016,-0.0219959038500703,0.0031484060314393
2022-06-17,SPY,SPY (S&P 500 ETF),ppo_variance_penalized,PPO-Variance,10994.494586648356,0.09944945866483557,-0.0014393424184595,0.0075441735150003
2022-06-21,SPY,SPY (S&P 500 ETF),ppo_variance_penalized,PPO-Variance,11178.40796462082,0.11784079646208201,0.0167277701146726,0.0004810387605536
2022-06-22,SPY,SPY (S&P 500 ETF),ppo_variance_penalized,PPO-Variance,11164.879151351666,0.11648791513516654,-0.0012102629741169,0.0055197391169057
2022-06-23,SPY,SPY (S&P 500 ETF),ppo_variance_penalized,PPO-Variance,11237.602128673216,0.12376021286732164,0.0065135480944946,0.0004046626511328
2022-06-24,SPY,SPY (S&P 500 ETF),ppo_variance_penalized,PPO-Variance,11474.999778192603,0.14749997781926028,0.0211252940619472,0.0021711892336581
2022-06-27,SPY,SPY (S&P 500 ETF),ppo_variance_penalized,PPO-Variance,11445.793887003094,0.14457938870030929,-0.0025451757519867,0.0069413039070285
2022-06-28,SPY,SPY (S&P 500 ETF),ppo_variance_penalized,PPO-Variance,11290.37389907179,0.12903738990717906,-0.0135787861869316,0.0008537116266287
2022-06-29,SPY,SPY (S&P 500 ETF),ppo_variance_penalized,PPO-Variance,11284.211725440233,0.1284211725440232,-0.0005457900408474,0.0046178937714029
2022-06-30,SPY,SPY (S&P 500 ETF),ppo_variance_penalized,PPO-Variance,11223.289364923496,0.12232893649234966,-0.0053989026437164,0.0001816541114931
2022-07-01,SPY,SPY (S&P 500 ETF),ppo_variance_penalized,PPO-Variance,11302.14893567816,0.13021489356781601,0.0070264223072715,0.0018210197107064
2022-07-05,SPY,SPY (S&P 500 ETF),ppo_variance_penalized,PPO-Variance,11316.306507426456,0.13163065074264568,0.0012526442386195,0.0023414162091269
2022-07-06,SPY,SPY (S&P 500 ETF),ppo_variance_penalized,PPO-Variance,11341.698854630424,0.13416988546304243,0.0022438723436224,0.0004205017261598
2022-07-07,SPY,SPY (S&P 500 ETF),ppo_variance_penalized,PPO-Variance,11454.568974984832,0.14545689749848312,0.0099517825152206,0.0007512401878526
2022-07-08,SPY,SPY (S&P 500 ETF),ppo_variance_penalized,PPO-Variance,11448.269836601094,0.14482698366010927,-0.0005499236503351,0.0033060218268803
2022-07-11,SPY,SPY (S&P 500 ETF),ppo_variance_penalized,PPO-Variance,11361.362299267092,0.13613622992670926,-0.0075913250276604,0.0001834827436032
2022-07-12,SPY,SPY (S&P 500 ETF),ppo_variance_penalized,PPO-Variance,11294.525671185187,0.1294525671185187,-0.005882800523509,0.0025661925202082
2022-07-13,SPY,SPY (S&P 500 ETF),ppo_variance_penalized,PPO-Variance,11255.087399929507,0.12550873999295065,-0.0034918041185472,0.0019844023969777
2022-07-14,SPY,SPY (S&P 500 ETF),ppo_variance_penalized,PPO-Variance,11236.911126938365,0.12369111269383648,-0.0016149384136509,0.0011748835261276
2022-07-15,SPY,SPY (S&P 500 ETF),ppo_variance_penalized,PPO-Variance,11379.564497767891,0.13795644977678911,0.0126950697765639,0.0005422686776879
2022-07-18,SPY,SPY (S&P 500 ETF),ppo_variance_penalized,PPO-Variance,11317.078840158276,0.13170788401582767,-0.0054910412100457,0.0042057905840794
2022-07-19,SPY,SPY (S&P 500 ETF),ppo_variance_penalized,PPO-Variance,11520.251821317925,0.1520251821317924,0.0179527759794952,0.0018509126820027
2022-07-20,SPY,SPY (S&P 500 ETF),ppo_variance_penalized,PPO-Variance,11568.97236154031,0.15689723615403106,0.0042291211145431,0.0059172708819734
2022-07-21,SPY,SPY (S&P 500 ETF),ppo_variance_penalized,PPO-Variance,11647.24183047877,0.16472418304787695,0.0067654642514884,0.0014148071217306
2022-07-22,SPY,SPY (S&P 500 ETF),ppo_variance_penalized,PPO-Variance,11575.4053897982,0.1575405389798199,-0.0061676782989587,0.0022549286402476
2022-07-25,SPY,SPY (S&P 500 ETF),ppo_variance_penalized,PPO-Variance,11584.726645875351,0.15847266458753517,0.0008052638990394,0.0020812415363776
2022-07-26,SPY,SPY (S&P 500 ETF),ppo_variance_penalized,PPO-Variance,11493.645720092369,0.14936457200923692,-0.0078621557993701,0.0002706339971845
2022-07-27,SPY,SPY (S&P 500 ETF),ppo_variance_penalized,PPO-Variance,11691.938059218675,0.1691938059218676,0.0172523448134189,0.0026584431507606
2022-07-28,SPY,SPY (S&P 500 ETF),ppo_variance_penalized,PPO-Variance,11789.318689915955,0.17893186899159552,0.0083288698763244,0.0056906128907657
2022-07-29,SPY,SPY (S&P 500 ETF),ppo_variance_penalized,PPO-Variance,11903.49807729413,0.190349807729413,0.0096849860777654,0.0027730212547545
2022-08-01,SPY,SPY (S&P 500 ETF),ppo_variance_penalized,PPO-Variance,11880.036260059487,0.18800362600594878,-0.0019710018922418,0.0032189196037435
2022-08-02,SPY,SPY (S&P 500 ETF),ppo_variance_penalized,PPO-Variance,11827.945917784456,0.1827945917784457,-0.0043846955627702,0.000661464796164
2022-08-03,SPY,SPY (S&P 500 ETF),ppo_variance_penalized,PPO-Variance,11951.009586329106,0.19510095863291066,0.0104044835341707,0.0014772535991732
2022-08-04,SPY,SPY (S&P 500 ETF),ppo_variance_penalized,PPO-Variance,11945.603018452828,0.19456030184528283,-0.0004523942380953,0.0034550920135761
2022-08-05,SPY,SPY (S&P 500 ETF),ppo_variance_penalized,PPO-Variance,11932.18469579684,0.19321846957968392,-0.0011232854997157,0.0001506803742732
2022-08-08,SPY,SPY (S&P 500 ETF),ppo_variance_penalized,PPO-Variance,11922.975021421327,0.1922975021421327,-0.0007718347151258,0.000377218253204
2022-08-09,SPY,SPY (S&P 500 ETF),ppo_variance_penalized,PPO-Variance,11891.509693407152,0.18915096934071518,-0.0026390500657464,0.0002590120887042
2022-08-10,SPY,SPY (S&P 500 ETF),ppo_variance_penalized,PPO-Variance,12057.474277277766,0.20574742772777666,0.0139565612903318,0.0008876164457344
2022-08-11,SPY,SPY (S&P 500 ETF),ppo_variance_penalized,PPO-Variance,12057.418595160798,0.20574185951607982,-4.618058118022184e-06,0.0046180581179822
2022-08-12,SPY,SPY (S&P 500 ETF),ppo_variance_penalized,PPO-Variance,12193.059589319411,0.21930595893194105,0.0112495882172534,0.0
2022-08-15,SPY,SPY (S&P 500 ETF),ppo_variance_penalized,PPO-Variance,12226.402363340663,0.22264023633406627,0.0027345699229142,0.003732080177533
2022-08-16,SPY,SPY (S&P 500 ETF),ppo_variance_penalized,PPO-Variance,12242.30521969156,0.22423052196915605,0.0013006979386329,0.0009161530961704
2022-08-17,SPY,SPY (S&P 500 ETF),ppo_variance_penalized,PPO-Variance,12184.556116786283,0.21845561167862826,-0.0047171755538643,0.0004361043515895
2022-08-18,SPY,SPY (S&P 500 ETF),ppo_variance_penalized,PPO-Variance,12208.069415842045,0.22080694158420444,0.0019297624657301,0.0015898936488898
2022-08-19,SPY,SPY (S&P 500 ETF),ppo_variance_penalized,PPO-Variance,12099.046235220165,0.20990462352201655,-0.0089304194552173,0.0006466911746838
2022-08-22,SPY,SPY (S&P 500 ETF),ppo_variance_penalized,PPO-Variance,11931.597272667252,0.19315972726672515,-0.0138398481415393,0.0030227968332423
2022-08-23,SPY,SPY (S&P 500 ETF),ppo_variance_penalized,PPO-Variance,11912.359563198164,0.1912359563198165,-0.0016123331209944,0.004707189763097
2022-08-24,SPY,SPY (S&P 500 ETF),ppo_variance_penalized,PPO-Variance,11937.693494489047,0.19376934944890478,0.0021266929659469,0.0005402048669466
2022-08-25,SPY,SPY (S&P 500 ETF),ppo_variance_penalized,PPO-Variance,12049.676127784938,0.20496761277849385,0.0093805921007761,0.000712139644697
2022-08-26,SPY,SPY (S&P 500 ETF),ppo_variance_penalized,PPO-Variance,11778.603538769774,0.1778603538769774,-0.0224962551806772,0.0031180348707641
2022-08-29,SPY,SPY (S&P 500 ETF),ppo_variance_penalized,PPO-Variance,11726.758870932525,0.17267588709325254,-0.0044015971559446,0.0077197688874171
2022-08-30,SPY,SPY (S&P 500 ETF),ppo_variance_penalized,PPO-Variance,11641.19549010759,0.16411954901075898,-0.007296421949719,0.0014805955497556
2022-08-31,SPY,SPY (S&P 500 ETF),ppo_variance_penalized,PPO-Variance,11582.305225294433,0.15823052252944336,-0.0050587815369307,0.0024653291733478
2022-09-01,SPY,SPY (S&P 500 ETF),ppo_variance_penalized,PPO-Variance,11606.43637510083,0.16064363751008304,0.0020834496533295,0.0017049415696384
2022-09-02,SPY,SPY (S&P 500 ETF),ppo_variance_penalized,PPO-Variance,11525.10277942239,0.15251027794223893,-0.00700762861656,0.0006980830085445
2022-09-06,SPY,SPY (S&P 500 ETF),ppo_variance_penalized,PPO-Variance,11496.17848723904,0.14961784872390393,-0.0025096775913351,0.0023673070812977
2022-09-07,SPY,SPY (S&P 500 ETF),ppo_variance_penalized,PPO-Variance,11633.409974129638,0.16334099741296382,0.0119371395497145,0.0008432805595067
2022-09-08,SPY,SPY (S&P 500 ETF),ppo_variance_penalized,PPO-Variance,11683.893051891951,0.16838930518919515,0.004339490989708,0.0039577659867171
2022-09-09,SPY,SPY (S&P 500 ETF),ppo_variance_penalized,PPO-Variance,11804.493518231331,0.18044935182313315,0.0103219419934565,0.0014508645176602
2022-09-12,SPY,SPY (S&P 500 ETF),ppo_variance_penalized,PPO-Variance,11888.760208262178,0.18887602082621768,0.0071385265196426,0.0034279570123073
2022-09-13,SPY,SPY (S&P 500 ETF),ppo_variance_penalized,PPO-Variance,11545.209697918026,0.15452096979180263,-0.0288970846687107,0.0023790335432298
2022-09-14,SPY,SPY (S&P 500 ETF),ppo_variance_penalized,PPO-Variance,11574.369032905402,0.15743690329054028,0.0025256652542773,0.0099821872864288
2022-09-15,SPY,SPY (S&P 500 ETF),ppo_variance_penalized,PPO-Variance,11487.037157567229,0.1487037157567228,-0.0075452817419154,0.000848527782298
2022-09-16,SPY,SPY (S&P 500 ETF),ppo_variance_penalized,PPO-Variance,11397.784555801883,0.13977845558018842,-0.0077698540137957,0.0025502844034794
2022-09-19,SPY,SPY (S&P 500 ETF),ppo_variance_penalized,PPO-Variance,11456.490316064384,0.1456490316064385,0.0051506290520833,0.0026262167541981
2022-09-20,SPY,SPY (S&P 500 ETF),ppo_variance_penalized,PPO-Variance,11369.084388312043,0.1369084388312043,-0.0076293808436059,0.001719979237899
2022-09-21,SPY,SPY (S&P 500 ETF),ppo_variance_penalized,PPO-Variance,11237.268856408044,0.12372688564080425,-0.0115942082406842,0.0025786367931844
2022-09-22,SPY,SPY (S&P 500 ETF),ppo_variance_penalized,PPO-Variance,11174.500498402484,0.11745004984024843,-0.0055857307329411,0.0039344307990616
2022-09-23,SPY,SPY (S&P 500 ETF),ppo_variance_penalized,PPO-Variance,11050.064645348117,0.10500646453481166,-0.0111356971232993,0.0018831257995141
2022-09-26,SPY,SPY (S&P 500 ETF),ppo_variance_penalized,PPO-Variance,10977.381794137144,0.09773817941371443,-0.0065775951131262,0.0037772867868572
2022-09-27,SPY,SPY (S&P 500 ETF),ppo_variance_penalized,PPO-Variance,10958.736070883522,0.09587360708835213,-0.0016985583268663,0.0022200175696629
2022-09-28,SPY,SPY (S&P 500 ETF),ppo_variance_penalized,PPO-Variance,11102.01783665325,0.11020178366532485,0.0130746616072281,0.0005700638074533
2022-09-29,SPY,SPY (S&P 500 ETF),ppo_variance_penalized,PPO-Variance,10947.862869556831,0.09478628695568303,-0.0138853107033817,0.0043299276206016
2022-09-30,SPY,SPY (S&P 500 ETF),ppo_variance_penalized,PPO-Variance,10835.31413685846,0.08353141368584605,-0.0102804295266925,0.0047224288340504
2022-10-03,SPY,SPY (S&P 500 ETF),ppo_variance_penalized,PPO-Variance,11025.370751138184,0.10253707511381838,0.017540480310876,0.0034831506281677
2022-10-04,SPY,SPY (S&P 500 ETF),ppo_variance_penalized,PPO-Variance,11252.330226154862,0.12523302261548608,0.0205852011818512,0.0057842721182546
2022-10-05,SPY,SPY (S&P 500 ETF),ppo_variance_penalized,PPO-Variance,11234.845125483464,0.12348451254834636,-0.0015539093076699,0.0067686266959969
2022-10-06,SPY,SPY (S&P 500 ETF),ppo_variance_penalized,PPO-Variance,11157.824398859835,0.11578243988598347,-0.0068555218842247,0.0005198498011522
2022-10-07,SPY,SPY (S&P 500 ETF),ppo_variance_penalized,PPO-Variance,10950.978460929611,0.09509784609296101,-0.0185381962052889,0.0023156229921019
2022-10-10,SPY,SPY (S&P 500 ETF),ppo_variance_penalized,PPO-Variance,10895.346460336015,0.0895346460336015,-0.0050800940566249,0.0063359613249902
2022-10-11,SPY,SPY (S&P 500 ETF),ppo_variance_penalized,PPO-Variance,10849.476346359328,0.0849476346359328,-0.0042100647412797,0.0017108594557794
2022-10-12,SPY,SPY (S&P 500 ETF),ppo_variance_penalized,PPO-Variance,10825.68024507148,0.08256802450714806,-0.0021932949137987,0.0014178073308105
2022-10-13,SPY,SPY (S&P 500 ETF),ppo_variance_penalized,PPO-Variance,11015.525083825449,0.10155250838254481,0.0175365274473535,0.000736957562638
2022-10-14,SPY,SPY (S&P 500 ETF),ppo_variance_penalized,PPO-Variance,10848.649094895882,0.08486490948958814,-0.0151491633544184,0.0057820858906539
2022-10-17,SPY,SPY (S&P 500 ETF),ppo_variance_penalized,PPO-Variance,11033.843933253229,0.1033843933253229,0.0170707741339406,0.0051585197302591
2022-10-18,SPY,SPY (S&P 500 ETF),ppo_variance_penalized,PPO-Variance,11119.931410189052,0.11199314101890523,0.0078021292902628,0.0056325616738867
2022-10-19,SPY,SPY (S&P 500 ETF),ppo_variance_penalized,PPO-Variance,11067.538068406348,0.10675380684063485,-0.0047116605175008,0.0025991059531611
2022-10-20,SPY,SPY (S&P 500 ETF),ppo_variance_penalized,PPO-Variance,11005.850237568273,0.10058502375682732,-0.0055737626974305,0.0015872967808713
2022-10-21,SPY,SPY (S&P 500 ETF),ppo_variance_penalized,PPO-Variance,11183.559469957538,0.1183559469957538,0.0161467972535787,0.0018798573797089
2022-10-24,SPY,SPY (S&P 500 ETF),ppo_variance_penalized,PPO-Variance,11274.43644214672,0.12744364421467202,0.0081259434827798,0.005331546430473
2022-10-25,SPY,SPY (S&P 500 ETF),ppo_variance_penalized,PPO-Variance,11394.04283114696,0.139404283114696,0.0106086357055614,0.0027059299955248
2022-10-26,SPY,SPY (S&P 500 ETF),ppo_variance_penalized,PPO-Variance,11336.958365915254,0.1336958365915255,-0.0050100272640417,0.0035225728976425
2022-10-27,SPY,SPY (S&P 500 ETF),ppo_variance_penalized,PPO-Variance,11296.710137744622,0.1296710137744621,-0.0035501787050431,0.0016880628828845
2022-10-28,SPY,SPY (S&P 500 ETF),ppo_variance_penalized,PPO-Variance,11475.289087699435,0.14752890876994362,0.0158080492264862,0.0011947056786955
2022-10-31,SPY,SPY (S&P 500 ETF),ppo_variance_penalized,PPO-Variance,11420.14835376283,0.1420148353762829,-0.0048051716619245,0.0052212218649092
2022-11-01,SPY,SPY (S&P 500 ETF),ppo_variance_penalized,PPO-Variance,11386.922093292716,0.13869220932927173,-0.0029094421053792,0.0016180850306001
2022-11-02,SPY,SPY (S&P 500 ETF),ppo_variance_penalized,PPO-Variance,11197.013544394516,0.11970135443945162,-0.0166777771325985,0.0009783769522798
2022-11-03,SPY,SPY (S&P 500 ETF),ppo_variance_penalized,PPO-Variance,11120.33556034296,0.11203355603429599,-0.0068480746002081,0.0056897021367461
2022-11-04,SPY,SPY (S&P 500 ETF),ppo_variance_penalized,PPO-Variance,11226.6695850289,0.12266695850288989,0.0095621237424834,0.0023113435853069
2022-11-07,SPY,SPY (S&P 500 ETF),ppo_variance_penalized,PPO-Variance,11297.99571444884,0.12979957144488408,0.00635327590963,0.0031783298940946
2022-11-08,SPY,SPY (S&P 500 ETF),ppo_variance_penalized,PPO-Variance,11338.478793528271,0.13384787935282705,0.0035832089250713,0.0021190302549451
2022-11-09,SPY,SPY (S&P 500 ETF),ppo_variance_penalized,PPO-Variance,11183.237094972435,0.11832370949724358,-0.0136915808004546,0.0011985280380224
2022-11-10,SPY,SPY (S&P 500 ETF),ppo_variance_penalized,PPO-Variance,11591.571186838732,0.15915711868387317,0.0365130497009551,0.0046566707476448
2022-11-11,SPY,SPY (S&P 500 ETF),ppo_variance_penalized,PPO-Variance,11665.984624298731,0.16659846242987308,0.0064196161383618,0.0118195628779487
2022-11-14,SPY,SPY (S&P 500 ETF),ppo_variance_penalized,PPO-Variance,11600.013713041624,0.16000137130416237,-0.005654980130841,0.0021438852504164
2022-11-15,SPY,SPY (S&P 500 ETF),ppo_variance_penalized,PPO-Variance,11665.736620076888,0.16657366200768875,0.0056657611500383,0.0019072252999828
2022-11-16,SPY,SPY (S&P 500 ETF),ppo_variance_penalized,PPO-Variance,11606.576191018028,0.16065761910180276,-0.0050712981944956,0.0018907036558412
2022-11-17,SPY,SPY (S&P 500 ETF),ppo_variance_penalized,PPO-Variance,11582.95645749588,0.1582956457495881,-0.002035030239187,0.0017093773298324
2022-11-18,SPY,SPY (S&P 500 ETF),ppo_variance_penalized,PPO-Variance,11617.896236247034,0.1617896236247034,0.0030164819214653,0.0006835390284143
2022-11-21,SPY,SPY (S&P 500 ETF),ppo_variance_penalized,PPO-Variance,11589.812910044306,0.1589812910044306,-0.0024172471187261,0.0010091686606015
2022-11-22,SPY,SPY (S&P 500 ETF),ppo_variance_penalized,PPO-Variance,11693.443949270104,0.16934439492701037,0.0089415627353213,0.0008125750185939
2022-11-23,SPY,SPY (S&P 500 ETF),ppo_variance_penalized,PPO-Variance,11742.375633122076,0.17423756331220752,0.0041845399921747,0.0029734427261735
2022-11-25,SPY,SPY (S&P 500 ETF),ppo_variance_penalized,PPO-Variance,11740.613572934357,0.17406135729343575,-0.0001500599404052,0.0013989924794379
2022-11-28,SPY,SPY (S&P 500 ETF),ppo_variance_penalized,PPO-Variance,11616.119326687063,0.16161193266870622,-0.0106037257315313,4.9880956198955495e-05
2022-11-29,SPY,SPY (S&P 500 ETF),ppo_variance_penalized,PPO-Variance,11602.81973670272,0.16028197367027208,-0.0011449253929227,0.0035954964955184
2022-11-30,SPY,SPY (S&P 500 ETF),ppo_variance_penalized,PPO-Variance,11845.69272647908,0.184569272647908,0.0209322384806245,0.0003833375920306
2022-12-01,SPY,SPY (S&P 500 ETF),ppo_variance_penalized,PPO-Variance,11839.819003391029,0.18398190033910278,-0.0004958530685943,0.0068785897252557
2022-12-02,SPY,SPY (S&P 500 ETF),ppo_variance_penalized,PPO-Variance,11830.739915362505,0.18307399153625048,-0.0007668265896567,0.0001641248300903
2022-12-05,SPY,SPY (S&P 500 ETF),ppo_variance_penalized,PPO-Variance,11689.310648288332,0.16893106482883313,-0.0119543889973038,0.0002574008962256
2022-12-06,SPY,SPY (S&P 500 ETF),ppo_variance_penalized,PPO-Variance,11577.293442407004,0.1577293442407004,-0.009582875265423,0.004058950326424
2022-12-07,SPY,SPY (S&P 500 ETF),ppo_variance_penalized,PPO-Variance,11564.16811075062,0.1564168110750619,-0.001133713308873,0.0032446391319888
2022-12-08,SPY,SPY (S&P 500 ETF),ppo_variance_penalized,PPO-Variance,11624.364028910606,0.16243640289106054,0.005205382486962,0.0003796853782567
2022-12-09,SPY,SPY (S&P 500 ETF),ppo_variance_penalized,PPO-Variance,11566.639875583744,0.1566639875583744,-0.0049657902301835,0.0017374095933649
2022-12-12,SPY,SPY (S&P 500 ETF),ppo_variance_penalized,PPO-Variance,11677.434281692873,0.16774342816928733,0.0095787892854697,0.0016736748074681
2022-12-13,SPY,SPY (S&P 500 ETF),ppo_variance_penalized,PPO-Variance,11736.137644074732,0.17361376440747311,0.0050270770929441,0.0031836035168859
2022-12-14,SPY,SPY (S&P 500 ETF),ppo_variance_penalized,PPO-Variance,11686.25588194194,0.16862558819419382,-0.0042502707147419,0.0016791342802671
2022-12-15,SPY,SPY (S&P 500 ETF),ppo_variance_penalized,PPO-Variance,11496.27756807402,0.14962775680740203,-0.0162565594821076,0.0014314213299089
2022-12-16,SPY,SPY (S&P 500 ETF),ppo_variance_penalized,PPO-Variance,11371.51407409184,0.13715140740918397,-0.0108525123235245,0.0055434641475959
2022-12-19,SPY,SPY (S&P 500 ETF),ppo_variance_penalized,PPO-Variance,11307.39552439688,0.13073955243968793,-0.0056385235314478,0.003678917411415
2022-12-20,SPY,SPY (S&P 500 ETF),ppo_variance_penalized,PPO-Variance,11317.656083714352,0.13176560837143514,0.0009074202185048,0.0019011235920988
2022-12-21,SPY,SPY (S&P 500 ETF),ppo_variance_penalized,PPO-Variance,11430.106265768813,0.14301062657688135,0.0099358189737071,0.0003047868129492
2022-12-22,SPY,SPY (S&P 500 ETF),ppo_variance_penalized,PPO-Variance,11321.710738477766,0.1321710738477766,-0.0094833350426208,0.0033006229430874
2022-12-23,SPY,SPY (S&P 500 ETF),ppo_variance_penalized,PPO-Variance,11364.951128419698,0.1364951128419698,0.0038192452484213,0.0032108559699203
2022-12-27,SPY,SPY (S&P 500 ETF),ppo_variance_penalized,PPO-Variance,11335.154527629473,0.13351545276294718,-0.0026217975293985,0.0012774964043541
2022-12-28,SPY,SPY (S&P 500 ETF),ppo_variance_penalized,PPO-Variance,11241.533118404412,0.1241533118404412,-0.0082593853481978,0.0008814553313202
2022-12-29,SPY,SPY (S&P 500 ETF),ppo_variance_penalized,PPO-Variance,11375.96676884062,0.13759667688406196,0.0119586580424797,0.0027936756081802
2022-12-30,SPY,SPY (S&P 500 ETF),ppo_variance_penalized,PPO-Variance,11356.009435109045,0.13560094351090446,-0.001754341774823,0.0039654622371322
2020-01-02,SPY,SPY (S&P 500 ETF),ppo_markovian_mdd_static,PPO-MDD-Static,10000.0,0.0,0.0,0.0
2020-01-03,SPY,SPY (S&P 500 ETF),ppo_markovian_mdd_static,PPO-MDD-Static,9978.342265069748,-0.002165773493025158,-0.0021657734930251,0.2527062594890594
2020-01-06,SPY,SPY (S&P 500 ETF),ppo_markovian_mdd_static,PPO-MDD-Static,9987.94795075612,-0.0012052049243881369,0.0009626534579794,0.0014327261290711
2020-01-07,SPY,SPY (S&P 500 ETF),ppo_markovian_mdd_static,PPO-MDD-Static,9980.8437931792,-0.0019156206820800659,-0.0007112729873991,0.0007197626886563
2020-01-08,SPY,SPY (S&P 500 ETF),ppo_markovian_mdd_static,PPO-MDD-Static,9994.280753943707,-0.0005719246056292704,0.0013462750287396,0.0005313699262007
2020-01-09,SPY,SPY (S&P 500 ETF),ppo_markovian_mdd_static,PPO-MDD-Static,10011.396016169374,0.0011396016169373802,0.0017125056466833,0.0010051068411616
2020-01-10,SPY,SPY (S&P 500 ETF),ppo_markovian_mdd_static,PPO-MDD-Static,10004.10279889798,0.00041027988979802643,-0.0007284915370058,0.0012783067528743
2020-01-13,SPY,SPY (S&P 500 ETF),ppo_markovian_mdd_static,PPO-MDD-Static,10021.483966566351,0.002148396656635132,0.0017374039449382,0.0005438380764209
2020-01-14,SPY,SPY (S&P 500 ETF),ppo_markovian_mdd_static,PPO-MDD-Static,10017.609884548518,0.0017609884548517307,-0.0003865776795891,0.0012965049467723
2020-01-15,SPY,SPY (S&P 500 ETF),ppo_markovian_mdd_static,PPO-MDD-Static,10023.327854529018,0.002332785452901831,0.0005707918402093,0.0002880295559442
2020-01-16,SPY,SPY (S&P 500 ETF),ppo_markovian_mdd_static,PPO-MDD-Static,10044.393689123395,0.004439368912339425,0.002101680689299,0.000426520957325
2020-01-17,SPY,SPY (S&P 500 ETF),ppo_markovian_mdd_static,PPO-MDD-Static,10052.27840980732,0.005227840980732035,0.0007849872205289,0.0015675969718231
2020-01-21,SPY,SPY (S&P 500 ETF),ppo_markovian_mdd_static,PPO-MDD-Static,10047.298145611065,0.004729814561106549,-0.0004954363571342,0.0005873264479313
2020-01-22,SPY,SPY (S&P 500 ETF),ppo_markovian_mdd_static,PPO-MDD-Static,10047.601045468937,0.004760104546893684,3.0147394203039468e-05,0.0003699808851117
2020-01-23,SPY,SPY (S&P 500 ETF),ppo_markovian_mdd_static,PPO-MDD-Static,10050.512831860213,0.005051283186021216,0.0002897991648056,2.280475587618236e-05
2020-01-24,SPY,SPY (S&P 500 ETF),ppo_markovian_mdd_static,PPO-MDD-Static,10027.923773751125,0.002792377375112398,-0.0022475527853146,0.0002165193965756
2020-01-27,SPY,SPY (S&P 500 ETF),ppo_markovian_mdd_static,PPO-MDD-Static,9987.286528434324,-0.001271347156567626,-0.0040524086773746,0.0016832034128625
2020-01-28,SPY,SPY (S&P 500 ETF),ppo_markovian_mdd_static,PPO-MDD-Static,10013.703968634609,0.0013703968634608543,0.0026451068691253,0.0030393986767916
2020-01-29,SPY,SPY (S&P 500 ETF),ppo_markovian_mdd_static,PPO-MDD-Static,10011.593929417031,0.0011593929417030857,-0.0002107151583656,0.0019737224231468
2020-01-30,SPY,SPY (S&P 500 ETF),ppo_markovian_mdd_static,PPO-MDD-Static,10019.803087610013,0.0019803087610013037,0.000819965157482,0.0001560240450965
2020-01-31,SPY,SPY (S&P 500 ETF),ppo_markovian_mdd_static,PPO-MDD-Static,9973.8199524189,-0.0026180047581099153,-0.0045892254357744,0.000612369303923
2020-02-03,SPY,SPY (S&P 500 ETF),ppo_markovian_mdd_static,PPO-MDD-Static,9992.508767991318,-0.0007491232008682847,0.0018737871408922,0.0034448510201241
2020-02-04,SPY,SPY (S&P 500 ETF),ppo_markovian_mdd_static,PPO-MDD-Static,10030.981528975948,0.0030981528975948525,0.003850160342903,0.0014002200028073
2020-02-05,SPY,SPY (S&P 500 ETF),ppo_markovian_mdd_static,PPO-MDD-Static,10060.22563754309,0.006022563754308985,0.0029153785681557,0.0028672078897463
2020-02-06,SPY,SPY (S&P 500 ETF),ppo_markovian_mdd_static,PPO-MDD-Static,10068.7581541493,0.006875815414929987,0.0008481436613476,0.0021744474641764
2020-02-07,SPY,SPY (S&P 500 ETF),ppo_markovian_mdd_static,PPO-MDD-Static,10055.190788139673,0.005519078813967182,-0.0013474716347257,0.0006348989146682
2020-02-10,SPY,SPY (S&P 500 ETF),ppo_markovian_mdd_static,PPO-MDD-Static,10074.150093382275,0.007415009338227474,0.0018855241677728,0.0010078406989159
2020-02-11,SPY,SPY (S&P 500 ETF),ppo_markovian_mdd_static,PPO-MDD-Static,10078.54791094215,0.007854791094215052,0.0004365447724234,0.0014071403640407
2020-02-12,SPY,SPY (S&P 500 ETF),ppo_markovian_mdd_static,PPO-MDD-Static,10094.95378168958,0.00949537816895818,0.0016278010376491,0.0003271359135978
2020-02-13,SPY,SPY (S&P 500 ETF),ppo_markovian_mdd_static,PPO-MDD-Static,10092.219628952416,0.009221962895241687,-0.0002708435121439,0.0012147126822883
2020-02-14,SPY,SPY (S&P 500 ETF),ppo_markovian_mdd_static,PPO-MDD-Static,10096.303572899347,0.009630357289934777,0.0004046626111082,0.0002015465016613
2020-02-18,SPY,SPY (S&P 500 ETF),ppo_markovian_mdd_static,PPO-MDD-Static,10089.725566698802,0.008972556669880172,-0.0006515261900604,0.000302430068598
2020-02-19,SPY,SPY (S&P 500 ETF),ppo_markovian_mdd_static,PPO-MDD-Static,10101.911538488475,0.0101911538488475,0.0012077604796203,0.0004869727149914
2020-02-20,SPY,SPY (S&P 500 ETF),ppo_markovian_mdd_static,PPO-MDD-Static,10091.414839043298,0.009141483904329784,-0.0010390805151266,0.0009018265676305
2020-02-21,SPY,SPY (S&P 500 ETF),ppo_markovian_mdd_static,PPO-MDD-Static,10065.144755262852,0.006514475526285146,-0.0026032111650794,0.0007766314180658
2020-02-24,SPY,SPY (S&P 500 ETF),ppo_markovian_mdd_static,PPO-MDD-Static,9980.76827040352,-0.0019231729596480562,-0.008383037393994,0.0019498589316359
2020-02-25,SPY,SPY (S&P 500 ETF),ppo_markovian_mdd_static,PPO-MDD-Static,9904.27755237858,-0.009572244762141913,-0.0076638106358768,0.0063160822069507
2020-02-26,SPY,SPY (S&P 500 ETF),ppo_markovian_mdd_static,PPO-MDD-Static,9895.014386781082,-0.010498561321891753,-0.00093526918531,0.0057665918156436
2020-02-27,SPY,SPY (S&P 500 ETF),ppo_markovian_mdd_static,PPO-MDD-Static,9782.7044735643,-0.021729552643570016,-0.0113501515840966,0.0006952617267758
2020-02-28,SPY,SPY (S&P 500 ETF),ppo_markovian_mdd_static,PPO-MDD-Static,9772.233801167797,-0.022776619883220328,-0.001070324921375,0.008578747755334
2020-03-02,SPY,SPY (S&P 500 ETF),ppo_markovian_mdd_static,PPO-MDD-Static,9879.171577927476,-0.012082842207252309,0.0109430227454134,0.0007942864141012
2020-03-03,SPY,SPY (S&P 500 ETF),ppo_markovian_mdd_static,PPO-MDD-Static,9807.610491043644,-0.019238950895635543,-0.0072436323551374,0.008089719975486
2020-03-04,SPY,SPY (S&P 500 ETF),ppo_markovian_mdd_static,PPO-MDD-Static,9911.7330292775,-0.008826697072249923,0.0106165042268899,0.0054465283695775
2020-03-05,SPY,SPY (S&P 500 ETF),ppo_markovian_mdd_static,PPO-MDD-Static,9828.393484194983,-0.01716065158050173,-0.0084081708855902,0.0078543317650379
2020-03-06,SPY,SPY (S&P 500 ETF),ppo_markovian_mdd_static,PPO-MDD-Static,9787.273257222178,-0.021272674277782233,-0.0041838197706403,0.0063307338712041
2020-03-09,SPY,SPY (S&P 500 ETF),ppo_markovian_mdd_static,PPO-MDD-Static,9594.091719652668,-0.04059082803473324,-0.0197380345365302,0.0031349273793801
2020-03-10,SPY,SPY (S&P 500 ETF),ppo_markovian_mdd_static,PPO-MDD-Static,9719.400312639656,-0.028059968736034335,0.0130610167849765,0.0150447201535126
2020-03-11,SPY,SPY (S&P 500 ETF),ppo_markovian_mdd_static,PPO-MDD-Static,9599.57405563659,-0.04004259443634095,-0.0123285648444004,0.0096456765697399
2020-03-12,SPY,SPY (S&P 500 ETF),ppo_markovian_mdd_static,PPO-MDD-Static,9367.386152237932,-0.0632613847762068,-0.0241873131092024,0.0093207628127159
2020-03-13,SPY,SPY (S&P 500 ETF),ppo_markovian_mdd_static,PPO-MDD-Static,9569.57188972889,-0.04304281102711105,0.0215840079831293,0.018515912512009
2020-03-16,SPY,SPY (S&P 500 ETF),ppo_markovian_mdd_static,PPO-MDD-Static,9304.806446004017,-0.0695193553995983,-0.0276674282586296,0.0158023527779395
2020-03-17,SPY,SPY (S&P 500 ETF),ppo_markovian_mdd_static,PPO-MDD-Static,9431.56201643576,-0.05684379835642395,0.0136225907725546,0.0212518715868848
2020-03-18,SPY,SPY (S&P 500 ETF),ppo_markovian_mdd_static,PPO-MDD-Static,9310.789103337918,-0.06892108966620814,-0.01280518676412,0.0100589295239683
2020-03-19,SPY,SPY (S&P 500 ETF),ppo_markovian_mdd_static,PPO-MDD-Static,9315.698720322303,-0.0684301279677697,0.0005273040694935,0.0096857467357318
2020-03-20,SPY,SPY (S&P 500 ETF),ppo_markovian_mdd_static,PPO-MDD-Static,9201.076486913254,-0.07989235130867456,-0.0123042014185152,0.0004010776385152
2020-03-23,SPY,SPY (S&P 500 ETF),ppo_markovian_mdd_static,PPO-MDD-Static,9141.540965763055,-0.08584590342369447,-0.0064704951898698,0.0093090939461711
2020-03-24,SPY,SPY (S&P 500 ETF),ppo_markovian_mdd_static,PPO-MDD-Static,9350.80034817261,-0.06491996518273901,0.022891040273546,0.0048598495589548
2020-03-25,SPY,SPY (S&P 500 ETF),ppo_markovian_mdd_static,PPO-MDD-Static,9386.01796896858,-0.061398203103142035,0.0037662680716792,0.0167270629731827
2020-03-26,SPY,SPY (S&P 500 ETF),ppo_markovian_mdd_static,PPO-MDD-Static,9524.486236927283,-0.04755137630727169,0.0147526105763382,0.0028164012623573
2020-03-27,SPY,SPY (S&P 500 ETF),ppo_markovian_mdd_static,PPO-MDD-Static,9452.692501983438,-0.05473074980165615,-0.0075378065711824,0.0108663314624679
2020-03-30,SPY,SPY (S&P 500 ETF),ppo_markovian_mdd_static,PPO-MDD-Static,9530.215001946332,-0.046978499805366836,0.0082011024844643,0.0056675562692315
2020-03-31,SPY,SPY (S&P 500 ETF),ppo_markovian_mdd_static,PPO-MDD-Static,9494.259938956153,-0.05057400610438467,-0.0037727441597944,0.0060829807328519
2020-04-01,SPY,SPY (S&P 500 ETF),ppo_markovian_mdd_static,PPO-MDD-Static,9386.255074757324,-0.06137449252426763,-0.011375806528708,0.0028254620672513
2020-04-02,SPY,SPY (S&P 500 ETF),ppo_markovian_mdd_static,PPO-MDD-Static,9440.907947793396,-0.05590920522066045,0.0058226494593198,0.0085967525559013
2020-04-03,SPY,SPY (S&P 500 ETF),ppo_markovian_mdd_static,PPO-MDD-Static,9406.38272124085,-0.05936172787591498,-0.003656981589426,0.0043324275863695
2020-04-06,SPY,SPY (S&P 500 ETF),ppo_markovian_mdd_static,PPO-MDD-Static,9566.014084220267,-0.04339859157797332,0.0169705366781376,0.0027396205970105
2020-04-07,SPY,SPY (S&P 500 ETF),ppo_markovian_mdd_static,PPO-MDD-Static,9568.359225802624,-0.0431640774197376,0.0002451534737151,0.0124723604829681
2020-04-08,SPY,SPY (S&P 500 ETF),ppo_markovian_mdd_static,PPO-MDD-Static,9649.525266684985,-0.03504747333150149,0.0084827543539003,0.0001924749873782
2020-04-09,SPY,SPY (S&P 500 ETF),ppo_markovian_mdd_static,PPO-MDD-Static,9686.57184262791,-0.03134281573720887,0.0038392122844459,0.0062859310572703
2020-04-13,SPY,SPY (S&P 500 ETF),ppo_markovian_mdd_static,PPO-MDD-Static,9664.194865744656,-0.033580513425534475,-0.002310102815196,0.0028627261322574
2020-04-14,SPY,SPY (S&P 500 ETF),ppo_markovian_mdd_static,PPO-MDD-Static,9736.205603751978,-0.02637943962480227,0.0074512920121847,0.0017281783460756
2020-04-15,SPY,SPY (S&P 500 ETF),ppo_markovian_mdd_static,PPO-MDD-Static,9683.873237166436,-0.0316126762833564,-0.0053750268549562,0.0055284016015912
2020-04-16,SPY,SPY (S&P 500 ETF),ppo_markovian_mdd_static,PPO-MDD-Static,9695.640019059789,-0.03043599809402109,0.0012150904503986,0.0040342769307179
2020-04-17,SPY,SPY (S&P 500 ETF),ppo_markovian_mdd_static,PPO-MDD-Static,9761.822979489423,-0.02381770205105771,0.0068260538035174,0.0009099386199077
2020-04-20,SPY,SPY (S&P 500 ETF),ppo_markovian_mdd_static,PPO-MDD-Static,9718.31239996796,-0.02816876000320412,-0.004457218658122,0.0050671585741364
2020-04-21,SPY,SPY (S&P 500 ETF),ppo_markovian_mdd_static,PPO-MDD-Static,9643.711718943525,-0.03562882810564749,-0.0076762999535476,0.0033419607974397
2020-04-22,SPY,SPY (S&P 500 ETF),ppo_markovian_mdd_static,PPO-MDD-Static,9697.74436159822,-0.03022556384017805,0.0056028886210439,0.0057783095162568
2020-04-23,SPY,SPY (S&P 500 ETF),ppo_markovian_mdd_static,PPO-MDD-Static,9697.528157847168,-0.030247184215283274,-2.2294230801689352e-05,0.0041679690236032
2020-04-24,SPY,SPY (S&P 500 ETF),ppo_markovian_mdd_static,PPO-MDD-Static,9731.686589005572,-0.02683134109944274,0.0035223853545363,1.3545943962023356e-05
2020-04-27,SPY,SPY (S&P 500 ETF),ppo_markovian_mdd_static,PPO-MDD-Static,9767.11964022184,-0.023288035977816035,0.0036409979803806,0.0026230273368357
2020-04-28,SPY,SPY (S&P 500 ETF),ppo_markovian_mdd_static,PPO-MDD-Static,9755.743292918156,-0.024425670708184355,-0.0011647596960761,0.0027129772272562
2020-04-29,SPY,SPY (S&P 500 ETF),ppo_markovian_mdd_static,PPO-MDD-Static,9820.27356752091,-0.017972643247909037,0.0066145933390433,0.0008694028846166
2020-04-30,SPY,SPY (S&P 500 ETF),ppo_markovian_mdd_static,PPO-MDD-Static,9797.119686141825,-0.020288031385817473,-0.0023577633779635,0.0049112082522343
2020-05-01,SPY,SPY (S&P 500 ETF),ppo_markovian_mdd_static,PPO-MDD-Static,9731.55978809369,-0.026844021190631118,-0.0066917522852018,0.0017624270848098
2020-05-04,SPY,SPY (S&P 500 ETF),ppo_markovian_mdd_static,PPO-MDD-Static,9738.293875869333,-0.02617061241306673,0.0006919844220534,0.0050330675865765
2020-05-05,SPY,SPY (S&P 500 ETF),ppo_markovian_mdd_static,PPO-MDD-Static,9761.026104056293,-0.02389738959437071,0.0023343132253677,0.0005205166176439
2020-05-06,SPY,SPY (S&P 500 ETF),ppo_markovian_mdd_static,PPO-MDD-Static,9744.288255498504,-0.02557117445014956,-0.0017147632205217,0.0017407432006442
2020-05-07,SPY,SPY (S&P 500 ETF),ppo_markovian_mdd_static,PPO-MDD-Static,9773.989566181308,-0.02260104338186919,0.0030480738976543,0.0012823298667487
2020-05-08,SPY,SPY (S&P 500 ETF),ppo_markovian_mdd_static,PPO-MDD-Static,9814.83551969825,-0.018516448030174937,0.0041790461551414,0.0022718400849519
2020-05-11,SPY,SPY (S&P 500 ETF),ppo_markovian_mdd_static,PPO-MDD-Static,9815.31383468008,-0.018468616531991944,4.873387647386096e-05,0.0031116689567286
2020-05-12,SPY,SPY (S&P 500 ETF),ppo_markovian_mdd_static,PPO-MDD-Static,9765.875344701555,-0.02341246552984444,-0.0050368730751982,3.874196352759984e-05
2020-05-13,SPY,SPY (S&P 500 ETF),ppo_markovian_mdd_static,PPO-MDD-Static,9722.191655753337,-0.02778083442466628,-0.0044730950791751,0.003783049509433
2020-05-14,SPY,SPY (S&P 500 ETF),ppo_markovian_mdd_static,PPO-MDD-Static,9751.56093449422,-0.024843906550578,0.003020849596552,0.0033548956714785
2020-05-15,SPY,SPY (S&P 500 ETF),ppo_markovian_mdd_static,PPO-MDD-Static,9762.867152048906,-0.02371328479510937,0.0011594264375351,0.002253162621667
2020-05-18,SPY,SPY (S&P 500 ETF),ppo_markovian_mdd_static,PPO-MDD-Static,9838.006879482067,-0.016199312051793258,0.0076964816035003,0.0008671105427888
2020-05-19,SPY,SPY (S&P 500 ETF),ppo_markovian_mdd_static,PPO-MDD-Static,9812.415414925534,-0.018758458507446618,-0.0026012854910588,0.0057082470937887
2020-05-20,SPY,SPY (S&P 500 ETF),ppo_markovian_mdd_static,PPO-MDD-Static,9854.520737353474,-0.014547926264652622,0.0042910252621279,0.0019447173925652
2020-05-21,SPY,SPY (S&P 500 ETF),ppo_markovian_mdd_static,PPO-MDD-Static,9837.29642969934,-0.016270357030066074,-0.0017478584817264,0.0031944023327898
2020-05-22,SPY,SPY (S&P 500 ETF),ppo_markovian_mdd_static,PPO-MDD-Static,9842.004559850766,-0.01579954401492345,0.0004786000081495,0.0013060593527423
2020-05-26,SPY,SPY (S&P 500 ETF),ppo_markovian_mdd_static,PPO-MDD-Static,9872.643913111528,-0.012735608688847266,0.0031131212218444,0.0003584592416817
2020-05-27,SPY,SPY (S&P 500 ETF),ppo_markovian_mdd_static,PPO-MDD-Static,9909.74224021238,-0.009025775978762085,0.003757689168915,0.0023194631070619
2020-05-28,SPY,SPY (S&P 500 ETF),ppo_markovian_mdd_static,PPO-MDD-Static,9905.094290393408,-0.009490570960659195,-0.0004690283264999,0.0027993119707042
2020-05-29,SPY,SPY (S&P 500 ETF),ppo_markovian_mdd_static,PPO-MDD-Static,9916.244322173628,-0.00837556778263715,0.0011256865864499,0.0003485735150546
2020-06-01,SPY,SPY (S&P 500 ETF),ppo_markovian_mdd_static,PPO-MDD-Static,9926.364147454671,-0.007363585254532845,0.0010205300466847,0.0008405328500825
2020-06-02,SPY,SPY (S&P 500 ETF),ppo_markovian_mdd_static,PPO-MDD-Static,9947.126933409736,-0.005287306659026436,0.0020916808658875,0.0007624857012602
2020-06-03,SPY,SPY (S&P 500 ETF),ppo_markovian_mdd_static,PPO-MDD-Static,9980.5643292576,-0.001943567074239927,0.0033615129345092,0.001560405947752
2020-06-04,SPY,SPY (S&P 500 ETF),ppo_markovian_mdd_static,PPO-MDD-Static,9973.914379028936,-0.0026085620971063594,-0.0006662900021763,0.0025047837930839
2020-06-05,SPY,SPY (S&P 500 ETF),ppo_markovian_mdd_static,PPO-MDD-Static,10038.507880206318,0.003850788020631768,0.0064762438018513,0.0004963732672868
2020-06-08,SPY,SPY (S&P 500 ETF),ppo_markovian_mdd_static,PPO-MDD-Static,10069.122903176143,0.006912290317614422,0.0030497583241619,0.0048088838873129
2020-06-09,SPY,SPY (S&P 500 ETF),ppo_markovian_mdd_static,PPO-MDD-Static,10050.126246855769,0.005012624685576839,-0.0018866247341547,0.0022757185629146
2020-06-10,SPY,SPY (S&P 500 ETF),ppo_markovian_mdd_static,PPO-MDD-Static,10035.940393191042,0.003594039319104292,-0.0014115099966195,0.001410823919592
2020-06-11,SPY,SPY (S&P 500 ETF),ppo_markovian_mdd_static,PPO-MDD-Static,9889.723866431996,-0.01102761335680047,-0.0145692900745253,0.0010552477780458
2020-06-12,SPY,SPY (S&P 500 ETF),ppo_markovian_mdd_static,PPO-MDD-Static,9919.543814088376,-0.008045618591162373,0.0030152457297212,0.0110477079582237
2020-06-15,SPY,SPY (S&P 500 ETF),ppo_markovian_mdd_static,PPO-MDD-Static,9942.923343178478,-0.0057076656821521965,0.00235691575422,0.0022547315731794
2020-06-16,SPY,SPY (S&P 500 ETF),ppo_markovian_mdd_static,PPO-MDD-Static,9991.268271520075,-0.0008731728479924872,0.0048622449025281,0.0017588478805525
2020-06-17,SPY,SPY (S&P 500 ETF),ppo_markovian_mdd_static,PPO-MDD-Static,9980.744303908392,-0.0019255696091607932,-0.0010533164885264,0.003617251593381
2020-06-18,SPY,SPY (S&P 500 ETF),ppo_markovian_mdd_static,PPO-MDD-Static,9981.707560018562,-0.0018292439981438813,9.651145053313216e-05,0.0007852607973247
2020-06-19,SPY,SPY (S&P 500 ETF),ppo_markovian_mdd_static,PPO-MDD-Static,9956.302956701293,-0.004369704329870716,-0.0025451159698393,7.270220675409389e-05
2020-06-22,SPY,SPY (S&P 500 ETF),ppo_markovian_mdd_static,PPO-MDD-Static,9972.424657091686,-0.002757534290831476,0.0016192456638277,0.0019067477975011
2020-06-23,SPY,SPY (S&P 500 ETF),ppo_markovian_mdd_static,PPO-MDD-Static,9984.014268849209,-0.0015985731150791604,0.0011621658880403,0.0012095185419673
2020-06-24,SPY,SPY (S&P 500 ETF),ppo_markovian_mdd_static,PPO-MDD-Static,9919.64660499871,-0.008035339500129024,-0.0064470725018221,0.0008683739646035
2020-06-25,SPY,SPY (S&P 500 ETF),ppo_markovian_mdd_static,PPO-MDD-Static,9946.472172619597,-0.005352782738040296,0.0027042866232116,0.004848466409267
2020-06-26,SPY,SPY (S&P 500 ETF),ppo_markovian_mdd_static,PPO-MDD-Static,9886.752009440048,-0.01132479905599526,-0.0060041552565686,0.0020190595788616
2020-06-29,SPY,SPY (S&P 500 ETF),ppo_markovian_mdd_static,PPO-MDD-Static,9923.42827060728,-0.007657172939271928,0.003709637010437,0.004512452273744
2020-06-30,SPY,SPY (S&P 500 ETF),ppo_markovian_mdd_static,PPO-MDD-Static,9955.52339530702,-0.004447660469298009,0.0032342778951508,0.0027653023767637
2020-07-01,SPY,SPY (S&P 500 ETF),ppo_markovian_mdd_static,PPO-MDD-Static,9973.122214992998,-0.002687778500700233,0.0017677442950185,0.0024112235522408
2020-07-02,SPY,SPY (S&P 500 ETF),ppo_markovian_mdd_static,PPO-MDD-Static,9986.988062184724,-0.0013011937815275987,0.0013903215956665,0.0013204918468301
2020-07-06,SPY,SPY (S&P 500 ETF),ppo_markovian_mdd_static,PPO-MDD-Static,10025.937819222194,0.0025937819222194847,0.0039000504251076,0.0010385215421027
2020-07-07,SPY,SPY (S&P 500 ETF),ppo_markovian_mdd_static,PPO-MDD-Static,9999.777568105616,-2.224318943844228e-05,-0.0026092572673271,0.0029039338625129
2020-07-08,SPY,SPY (S&P 500 ETF),ppo_markovian_mdd_static,PPO-MDD-Static,10019.086194210757,0.0019086194210755636,0.001930905560012,0.0019528069072726
2020-07-09,SPY,SPY (S&P 500 ETF),ppo_markovian_mdd_static,PPO-MDD-Static,10004.657944782615,0.00046579447826156084,-0.0014400763850578,0.001441629308845
2020-07-10,SPY,SPY (S&P 500 ETF),ppo_markovian_mdd_static,PPO-MDD-Static,10030.46185289093,0.003046185289093062,0.0025791894386326,0.0010766331818731
2020-07-13,SPY,SPY (S&P 500 ETF),ppo_markovian_mdd_static,PPO-MDD-Static,10008.494206827194,0.0008494206827194262,-0.0021900931767568,0.0019232562421322
2020-07-14,SPY,SPY (S&P 500 ETF),ppo_markovian_mdd_static,PPO-MDD-Static,10041.253817219054,0.004125381721905352,0.0032731807317742,0.0016387947980803
2020-07-15,SPY,SPY (S&P 500 ETF),ppo_markovian_mdd_static,PPO-MDD-Static,10064.54175933616,0.00645417593361608,0.0023192265170282,0.002439267968596
2020-07-16,SPY,SPY (S&P 500 ETF),ppo_markovian_mdd_static,PPO-MDD-Static,10056.147876590818,0.005614787659081744,-0.0008340054565878,0.0017309518392813
2020-07-17,SPY,SPY (S&P 500 ETF),ppo_markovian_mdd_static,PPO-MDD-Static,10063.508878243332,0.00635088782433324,0.0007319901957338,0.0006224726733916
2020-07-20,SPY,SPY (S&P 500 ETF),ppo_markovian_mdd_static,PPO-MDD-Static,10084.055723421963,0.008405572342196299,0.0020417177971643,0.0005470764067537
2020-07-21,SPY,SPY (S&P 500 ETF),ppo_markovian_mdd_static,PPO-MDD-Static,10089.46196463495,0.008946196463494926,0.0005361177448106,0.0015230620935025
2020-07-22,SPY,SPY (S&P 500 ETF),ppo_markovian_mdd_static,PPO-MDD-Static,10103.970776016313,0.010397077601631333,0.0014380163612508,0.0004015603260262
2020-07-23,SPY,SPY (S&P 500 ETF),ppo_markovian_mdd_static,PPO-MDD-Static,10073.49432717425,0.007349432717425053,-0.0030162843418355,0.0010733771750934
2020-07-24,SPY,SPY (S&P 500 ETF),ppo_markovian_mdd_static,PPO-MDD-Static,10057.076728428789,0.005707672842878875,-0.0016297819021127,0.0022600652797254
2020-07-27,SPY,SPY (S&P 500 ETF),ppo_markovian_mdd_static,PPO-MDD-Static,10075.598075409474,0.0075598075409475385,0.0018416233146887,0.0012182223178964
2020-07-28,SPY,SPY (S&P 500 ETF),ppo_markovian_mdd_static,PPO-MDD-Static,10059.435461482486,0.005943546148248657,-0.0016041344450246,0.0013746124270643
2020-07-29,SPY,SPY (S&P 500 ETF),ppo_markovian_mdd_static,PPO-MDD-Static,10090.687727466897,0.009068772746689602,0.003106761418578,0.0011996568012394
2020-07-30,SPY,SPY (S&P 500 ETF),ppo_markovian_mdd_static,PPO-MDD-Static,10081.56624843038,0.00815662484303803,-0.0009039501848506,0.0023153665658659
2020-07-31,SPY,SPY (S&P 500 ETF),ppo_markovian_mdd_static,PPO-MDD-Static,10101.691679643953,0.010169167964395376,0.0019962603743941,0.000674395676027
2020-08-03,SPY,SPY (S&P 500 ETF),ppo_markovian_mdd_static,PPO-MDD-Static,10119.423812018767,0.01194238120187685,0.0017553626597559,0.0014893237758438
2020-08-04,SPY,SPY (S&P 500 ETF),ppo_markovian_mdd_static,PPO-MDD-Static,10129.28817542556,0.012928817542555926,0.0009747949675829,0.0013105839401865
2020-08-05,SPY,SPY (S&P 500 ETF),ppo_markovian_mdd_static,PPO-MDD-Static,10145.179178312064,0.014517917831206484,0.0015688173355612,0.0007287272091149
2020-08-06,SPY,SPY (S&P 500 ETF),ppo_markovian_mdd_static,PPO-MDD-Static,10162.304759057002,0.016230475905700148,0.0016880510875103,0.0011710747457894
2020-08-07,SPY,SPY (S&P 500 ETF),ppo_markovian_mdd_static,PPO-MDD-Static,10164.13561359084,0.016413561359084117,0.0001801613489504,0.0012602178360978
2020-08-10,SPY,SPY (S&P 500 ETF),ppo_markovian_mdd_static,PPO-MDD-Static,10171.811374512192,0.017181137451219186,0.0007551808843526,0.0001355507802417
2020-08-11,SPY,SPY (S&P 500 ETF),ppo_markovian_mdd_static,PPO-MDD-Static,10150.587183000884,0.015058718300088314,-0.0020865695135173,0.0005640173089896
2020-08-12,SPY,SPY (S&P 500 ETF),ppo_markovian_mdd_static,PPO-MDD-Static,10186.33503427913,0.018633503427912812,0.0035217520556949,0.0015621183184477
2020-08-13,SPY,SPY (S&P 500 ETF),ppo_markovian_mdd_static,PPO-MDD-Static,10181.654833298604,0.018165483329860344,-0.0004594587714595,0.0026237105700002
2020-08-14,SPY,SPY (S&P 500 ETF),ppo_markovian_mdd_static,PPO-MDD-Static,10181.727818090165,0.01817278180901649,7.168264172685568e-06,0.0003415469081713
2020-08-17,SPY,SPY (S&P 500 ETF),ppo_markovian_mdd_static,PPO-MDD-Static,10189.901119982203,0.018990111998220316,0.0008027421315974,5.611994584819868e-06
2020-08-18,SPY,SPY (S&P 500 ETF),ppo_markovian_mdd_static,PPO-MDD-Static,10195.45807607769,0.019545807607769028,0.0005453395504093,0.0005994071945864
2020-08-19,SPY,SPY (S&P 500 ETF),ppo_markovian_mdd_static,PPO-MDD-Static,10184.726270413386,0.018472627041338674,-0.0010526065218672,0.0004077544011167
2020-08-20,SPY,SPY (S&P 500 ETF),ppo_markovian_mdd_static,PPO-MDD-Static,10192.731768671203,0.01927317686712038,0.0007860297906163,0.0007871300909681
2020-08-21,SPY,SPY (S&P 500 ETF),ppo_markovian_mdd_static,PPO-MDD-Static,10201.863033918886,0.020186303391888538,0.0008958604479072,0.0005875215503315
2020-08-24,SPY,SPY (S&P 500 ETF),ppo_markovian_mdd_static,PPO-MDD-Static,10227.9802096459,0.02279802096459016,0.002560039831958,0.0006693103476015
2020-08-25,SPY,SPY (S&P 500 ETF),ppo_markovian_mdd_static,PPO-MDD-Static,10237.005234690034,0.02370052346900331,0.0008823858532327,0.0019087155255408
2020-08-26,SPY,SPY (S&P 500 ETF),ppo_markovian_mdd_static,PPO-MDD-Static,10262.934258629291,0.026293425862929043,0.0025328720016077,0.0006602452049723
2020-08-27,SPY,SPY (S&P 500 ETF),ppo_markovian_mdd_static,PPO-MDD-Static,10268.585700956206,0.026858570095620538,0.0005506653540297,0.0018885094367487
2020-08-28,SPY,SPY (S&P 500 ETF),ppo_markovian_mdd_static,PPO-MDD-Static,10285.343164880658,0.028534316488065814,0.0016319154762365,0.0004126927878436
2020-08-31,SPY,SPY (S&P 500 ETF),ppo_markovian_mdd_static,PPO-MDD-Static,10275.915058466391,0.027591505846639164,-0.0009166545309309,0.0012178412092545
2020-09-01,SPY,SPY (S&P 500 ETF),ppo_markovian_mdd_static,PPO-MDD-Static,10300.366094196645,0.030036609419664462,0.0023794509385426,0.0006847277668729
2020-09-02,SPY,SPY (S&P 500 ETF),ppo_markovian_mdd_static,PPO-MDD-Static,10337.997061686216,0.03379970616862149,0.0036533621373686,0.0017744382961307
2020-09-03,SPY,SPY (S&P 500 ETF),ppo_markovian_mdd_static,PPO-MDD-Static,10248.062604151884,0.024806260415188408,-0.0086994083087565,0.0027215179929153
2020-09-04,SPY,SPY (S&P 500 ETF),ppo_markovian_mdd_static,PPO-MDD-Static,10226.851017014027,0.0226851017014027,-0.002069814359766,0.0065560130362014
2020-09-08,SPY,SPY (S&P 500 ETF),ppo_markovian_mdd_static,PPO-MDD-Static,10156.222241484267,0.015622224148426733,-0.0069062094883611,0.0015450580308671
2020-09-09,SPY,SPY (S&P 500 ETF),ppo_markovian_mdd_static,PPO-MDD-Static,10206.85161291506,0.020685161291505993,0.0049850594273124,0.0051956950676895
2020-09-10,SPY,SPY (S&P 500 ETF),ppo_markovian_mdd_static,PPO-MDD-Static,10162.027236131906,0.01620272361319053,-0.0043915967903792,0.0037106884142461
2020-09-11,SPY,SPY (S&P 500 ETF),ppo_markovian_mdd_static,PPO-MDD-Static,10163.301132153732,0.016330113215373254,0.000125358453803,0.0032935035577266
2020-09-14,SPY,SPY (S&P 500 ETF),ppo_markovian_mdd_static,PPO-MDD-Static,10197.128313278705,0.019712831327870495,0.0033283655266251,9.612875188846905e-05
2020-09-15,SPY,SPY (S&P 500 ETF),ppo_markovian_mdd_static,PPO-MDD-Static,10210.122319445009,0.021012231944500748,0.0012742809315622,0.0024790872520467
2020-09-16,SPY,SPY (S&P 500 ETF),ppo_markovian_mdd_static,PPO-MDD-Static,10199.872913732645,0.019987291373264382,-0.0010038474948377,0.0009529005072483
2020-09-17,SPY,SPY (S&P 500 ETF),ppo_markovian_mdd_static,PPO-MDD-Static,10177.194858083552,0.01771948580835514,-0.0022233664910236,0.0007502099491136
2020-09-18,SPY,SPY (S&P 500 ETF),ppo_markovian_mdd_static,PPO-MDD-Static,10137.43328172086,0.013743328172086011,-0.0039069288656794,0.0016646483577827
2020-09-21,SPY,SPY (S&P 500 ETF),ppo_markovian_mdd_static,PPO-MDD-Static,10108.892008260374,0.010889200826037504,-0.0028154339138242,0.0029298261269124
2020-09-22,SPY,SPY (S&P 500 ETF),ppo_markovian_mdd_static,PPO-MDD-Static,10134.887461969643,0.013488746196964385,0.0025715433192903,0.0021077007921881
2020-09-23,SPY,SPY (S&P 500 ETF),ppo_markovian_mdd_static,PPO-MDD-Static,10075.47262324054,0.007547262324054005,-0.0058624073480886,0.001918340202635
2020-09-24,SPY,SPY (S&P 500 ETF),ppo_markovian_mdd_static,PPO-MDD-Static,10082.214838774264,0.008221483877426383,0.0006691711432147,0.0044053326061675
2020-09-25,SPY,SPY (S&P 500 ETF),ppo_markovian_mdd_static,PPO-MDD-Static,10123.400549905762,0.01234005499057611,0.0040849864628063,0.0005030228757433
2020-09-28,SPY,SPY (S&P 500 ETF),ppo_markovian_mdd_static,PPO-MDD-Static,10165.860450944798,0.016586045094479696,0.0041942330375766,0.0030406397473673
2020-09-29,SPY,SPY (S&P 500 ETF),ppo_markovian_mdd_static,PPO-MDD-Static,10151.838029342354,0.01518380293423549,-0.0013793639672813,0.003123495677512
2020-09-30,SPY,SPY (S&P 500 ETF),ppo_markovian_mdd_static,PPO-MDD-Static,10171.278591869272,0.017127859186927052,0.0019149795801243,0.001029876464353
2020-10-01,SPY,SPY (S&P 500 ETF),ppo_markovian_mdd_static,PPO-MDD-Static,10187.76565250729,0.018776565250729016,0.0016209427840465,0.0014290852046831
2020-10-02,SPY,SPY (S&P 500 ETF),ppo_markovian_mdd_static,PPO-MDD-Static,10163.309753058462,0.016330975305846263,-0.0024005164903661,0.0012104263108781
2020-10-05,SPY,SPY (S&P 500 ETF),ppo_markovian_mdd_static,PPO-MDD-Static,10208.83585724221,0.020883585724220888,0.0044794565244896,0.0017973008535756
2020-10-06,SPY,SPY (S&P 500 ETF),ppo_markovian_mdd_static,PPO-MDD-Static,10172.12707074244,0.017212707074243827,-0.0035957857500203,0.0033338789674272
2020-10-07,SPY,SPY (S&P 500 ETF),ppo_markovian_mdd_static,PPO-MDD-Static,10216.84444566873,0.02168444456687313,0.0043960692405138,0.0026943049396327
2020-10-08,SPY,SPY (S&P 500 ETF),ppo_markovian_mdd_static,PPO-MDD-Static,10239.692698321009,0.023969269832100792,0.0022363316554128,0.003272781091219
2020-10-09,SPY,SPY (S&P 500 ETF),ppo_markovian_mdd_static,PPO-MDD-Static,10262.783526855204,0.026278352685520368,0.0022550313973759,0.0016699079087022
2020-10-12,SPY,SPY (S&P 500 ETF),ppo_markovian_mdd_static,PPO-MDD-Static,10304.4889084247,0.030448890842470044,0.004063749513995,0.0016826243888152
2020-10-13,SPY,SPY (S&P 500 ETF),ppo_markovian_mdd_static,PPO-MDD-Static,10287.463799872205,0.028746379987220516,-0.0016522031033072,0.0030257759937623
2020-10-14,SPY,SPY (S&P 500 ETF),ppo_markovian_mdd_static,PPO-MDD-Static,10271.116085172524,0.02711160851725225,-0.0015890908602647,0.0012344594714635
2020-10-15,SPY,SPY (S&P 500 ETF),ppo_markovian_mdd_static,PPO-MDD-Static,10267.89611484091,0.02678961148409109,-0.0003134976087224,0.0011884837578201
2020-10-16,SPY,SPY (S&P 500 ETF),ppo_markovian_mdd_static,PPO-MDD-Static,10266.325724488102,0.026632572448810343,-0.0001529417842998,0.0002334598432931
2020-10-19,SPY,SPY (S&P 500 ETF),ppo_markovian_mdd_static,PPO-MDD-Static,10226.88131817319,0.02268813181731888,-0.0038421152195499,0.0001141354310667
2020-10-20,SPY,SPY (S&P 500 ETF),ppo_markovian_mdd_static,PPO-MDD-Static,10237.204173888224,0.023720417388822357,0.0010093845224048,0.0028821770173823
2020-10-21,SPY,SPY (S&P 500 ETF),ppo_markovian_mdd_static,PPO-MDD-Static,10232.299424029785,0.023229942402978487,-0.0004791102897948,0.0007556977785644
2020-10-22,SPY,SPY (S&P 500 ETF),ppo_markovian_mdd_static,PPO-MDD-Static,10246.479442966784,0.02464794429667827,0.0013858096161356,0.0003576427426764
2020-10-23,SPY,SPY (S&P 500 ETF),ppo_markovian_mdd_static,PPO-MDD-Static,10255.260145849505,0.025526014584950518,0.0008569482749265,0.0010344405781606
2020-10-26,SPY,SPY (S&P 500 ETF),ppo_markovian_mdd_static,PPO-MDD-Static,10207.361648923295,0.020736164892329434,-0.0046706271947274,0.0006406161378689
2020-10-27,SPY,SPY (S&P 500 ETF),ppo_markovian_mdd_static,PPO-MDD-Static,10198.43344373184,0.019843344373184024,-0.0008746829492808,0.0035062280224024
2020-10-28,SPY,SPY (S&P 500 ETF),ppo_markovian_mdd_static,PPO-MDD-Static,10110.340646571116,0.011034064657111653,-0.0086378753802494,0.00065159484958
2020-10-29,SPY,SPY (S&P 500 ETF),ppo_markovian_mdd_static,PPO-MDD-Static,10136.24183598084,0.013624183598083928,0.0025618513079981,0.0065107825989391
2020-10-30,SPY,SPY (S&P 500 ETF),ppo_markovian_mdd_static,PPO-MDD-Static,10109.519234603404,0.010951923460340351,-0.0026363421285567,0.001914416463348
2020-11-02,SPY,SPY (S&P 500 ETF),ppo_markovian_mdd_static,PPO-MDD-Static,10138.133856030749,0.01381338560307488,0.002830463127208,0.001973895202155
2020-11-03,SPY,SPY (S&P 500 ETF),ppo_markovian_mdd_static,PPO-MDD-Static,10183.346309650007,0.018334630965000764,0.0044596425990535,0.0021106882320246
2020-11-04,SPY,SPY (S&P 500 ETF),ppo_markovian_mdd_static,PPO-MDD-Static,10240.825705392408,0.0240825705392409,0.0056444506544897,0.0033194368015274
2020-11-05,SPY,SPY (S&P 500 ETF),ppo_markovian_mdd_static,PPO-MDD-Static,10291.25413701498,0.029125413701498015,0.0049242544569445,0.004196854300066
2020-11-06,SPY,SPY (S&P 500 ETF),ppo_markovian_mdd_static,PPO-MDD-Static,10290.622491683673,0.029062249168367194,-6.137690537000307e-05,0.0036649536509559
2020-11-09,SPY,SPY (S&P 500 ETF),ppo_markovian_mdd_static,PPO-MDD-Static,10323.29912196064,0.03232991219606385,0.003175379361489,4.313042748449458e-05
2020-11-10,SPY,SPY (S&P 500 ETF),ppo_markovian_mdd_static,PPO-MDD-Static,10319.448764694844,0.031944876469484296,-0.0003729773999869,0.0023654621121156
2020-11-11,SPY,SPY (S&P 500 ETF),ppo_markovian_mdd_static,PPO-MDD-Static,10338.81800061162,0.03388180006116204,0.0018769642021037,0.0002770593181966
2020-11-12,SPY,SPY (S&P 500 ETF),ppo_markovian_mdd_static,PPO-MDD-Static,10313.458159528502,0.03134581595285013,-0.0024528762457776,0.0014002224766258
2020-11-13,SPY,SPY (S&P 500 ETF),ppo_markovian_mdd_static,PPO-MDD-Static,10349.52172511968,0.034952172511967916,0.0034967481356249,0.0018364773388658
2020-11-16,SPY,SPY (S&P 500 ETF),ppo_markovian_mdd_static,PPO-MDD-Static,10382.14139875224,0.03821413987522382,0.0031518049334964,0.0026053600938647
2020-11-17,SPY,SPY (S&P 500 ETF),ppo_markovian_mdd_static,PPO-MDD-Static,10368.00634064621,0.036800634064620974,-0.0013614780961976,0.0023498647520848
2020-11-18,SPY,SPY (S&P 500 ETF),ppo_markovian_mdd_static,PPO-MDD-Static,10336.46387905192,0.03364638790519203,-0.0030422880308852,0.0010170527149052
2020-11-19,SPY,SPY (S&P 500 ETF),ppo_markovian_mdd_static,PPO-MDD-Static,10347.437634315758,0.034743763431575925,0.0010616546811601,0.0022796581418638
2020-11-20,SPY,SPY (S&P 500 ETF),ppo_markovian_mdd_static,PPO-MDD-Static,10329.52333025319,0.03295233302531897,-0.0017312792495755,0.000794228275908
2020-11-23,SPY,SPY (S&P 500 ETF),ppo_markovian_mdd_static,PPO-MDD-Static,10345.15743102583,0.034515743102582874,0.0015135355497817,0.0012954233640546
2020-11-24,SPY,SPY (S&P 500 ETF),ppo_markovian_mdd_static,PPO-MDD-Static,10387.271560089332,0.03872715600893306,0.0040709026754102,0.001130312935354
2020-11-25,SPY,SPY (S&P 500 ETF),ppo_markovian_mdd_static,PPO-MDD-Static,10383.193085851037,0.038319308585103684,-0.000392641533891,0.0030306672120826
2020-11-27,SPY,SPY (S&P 500 ETF),ppo_markovian_mdd_static,PPO-MDD-Static,10390.497627019917,0.039049762701991675,0.0007034966130827,0.0002912681258678
2020-11-30,SPY,SPY (S&P 500 ETF),ppo_markovian_mdd_static,PPO-MDD-Static,10378.867652712685,0.03788676527126844,-0.0011192894435574,0.0005255665439909
2020-12-01,SPY,SPY (S&P 500 ETF),ppo_markovian_mdd_static,PPO-MDD-Static,10407.54558143411,0.040754558143411,0.0027631076607792,0.0008369820675946
2020-12-02,SPY,SPY (S&P 500 ETF),ppo_markovian_mdd_static,PPO-MDD-Static,10413.057140203206,0.04130571402032057,0.000529573349064,0.0020597871171552
2020-12-03,SPY,SPY (S&P 500 ETF),ppo_markovian_mdd_static,PPO-MDD-Static,10412.335536517365,0.04123355365173653,-6.929796659371767e-05,0.0003970758341369
2020-12-04,SPY,SPY (S&P 500 ETF),ppo_markovian_mdd_static,PPO-MDD-Static,10435.0102798276,0.04350102798276012,0.0021776808124087,5.149277272492592e-05
2020-12-07,SPY,SPY (S&P 500 ETF),ppo_markovian_mdd_static,PPO-MDD-Static,10429.574552253376,0.04295745522533756,-0.0005209125270084,0.0016238694508255
2020-12-08,SPY,SPY (S&P 500 ETF),ppo_markovian_mdd_static,PPO-MDD-Static,10437.282747108626,0.04372827471086249,0.0007390708812358,0.0003882634145874
2020-12-09,SPY,SPY (S&P 500 ETF),ppo_markovian_mdd_static,PPO-MDD-Static,10413.620999923927,0.04136209999239271,-0.0022670409299059,0.0005521850862426
2020-12-10,SPY,SPY (S&P 500 ETF),ppo_markovian_mdd_static,PPO-MDD-Static,10412.742542142209,0.04127425421422082,-8.435661156924734e-05,0.0016975813383179
2020-12-11,SPY,SPY (S&P 500 ETF),ppo_markovian_mdd_static,PPO-MDD-Static,10409.656391918494,0.04096563919184937,-0.0002963820733322,6.177578708443932e-05
2020-12-14,SPY,SPY (S&P 500 ETF),ppo_markovian_mdd_static,PPO-MDD-Static,10397.876533904731,0.03978765339047308,-0.0011316279395068,0.0002215039533428
2020-12-15,SPY,SPY (S&P 500 ETF),ppo_markovian_mdd_static,PPO-MDD-Static,10433.391451950323,0.043339145195032236,0.0034155933598349,0.000846450814654
2020-12-16,SPY,SPY (S&P 500 ETF),ppo_markovian_mdd_static,PPO-MDD-Static,10437.502624155728,0.04375026241557278,0.0003940398694266,0.0025443934718833
2020-12-17,SPY,SPY (S&P 500 ETF),ppo_markovian_mdd_static,PPO-MDD-Static,10452.249012193834,0.04522490121938327,0.0014128272412576,0.0002962482036456
2020-12-18,SPY,SPY (S&P 500 ETF),ppo_markovian_mdd_static,PPO-MDD-Static,10430.52481457892,0.04305248145789187,-0.0020784232742224,0.001054528471692
2020-12-21,SPY,SPY (S&P 500 ETF),ppo_markovian_mdd_static,PPO-MDD-Static,10421.084059167575,0.042108405916757574,-0.0009051083794123,0.0015556379345221
2020-12-22,SPY,SPY (S&P 500 ETF),ppo_markovian_mdd_static,PPO-MDD-Static,10416.638535686205,0.04166385356862046,-0.0004265893506024,0.0006758310082364
2020-12-23,SPY,SPY (S&P 500 ETF),ppo_markovian_mdd_static,PPO-MDD-Static,10419.00075677992,0.04190007567799192,0.0002267738374164,0.0003184183410651
2020-12-24,SPY,SPY (S&P 500 ETF),ppo_markovian_mdd_static,PPO-MDD-Static,10429.242191127303,0.042924219112730366,0.0009829574434687,0.000169666145403
2020-12-28,SPY,SPY (S&P 500 ETF),ppo_markovian_mdd_static,PPO-MDD-Static,10451.875930811506,0.0451875930811505,0.0021702190120254,0.0007339632804714
2020-12-29,SPY,SPY (S&P 500 ETF),ppo_markovian_mdd_static,PPO-MDD-Static,10446.820062154717,0.04468200621547158,-0.0004837283460172,0.0016188263616425
2020-12-30,SPY,SPY (S&P 500 ETF),ppo_markovian_mdd_static,PPO-MDD-Static,10450.583011759303,0.04505830117593024,0.0003602004803564,0.0003604517870261
2020-12-31,SPY,SPY (S&P 500 ETF),ppo_markovian_mdd_static,PPO-MDD-Static,10463.9982751047,0.046399827510470004,0.0012836856403419,0.0002693479084177
2021-01-04,SPY,SPY (S&P 500 ETF),ppo_markovian_mdd_static,PPO-MDD-Static,10427.98858174308,0.04279885817430795,-0.003441293893109,0.0009582614193934
2021-01-05,SPY,SPY (S&P 500 ETF),ppo_markovian_mdd_static,PPO-MDD-Static,10446.111245201111,0.04461112452011107,0.0017378867761479,0.0025798191988729
2021-01-06,SPY,SPY (S&P 500 ETF),ppo_markovian_mdd_static,PPO-MDD-Static,10461.879727002097,0.04618797270020969,0.0015095073593276,0.0012983833490185
2021-01-07,SPY,SPY (S&P 500 ETF),ppo_markovian_mdd_static,PPO-MDD-Static,10501.1478828075,0.05011478828075,0.0037534512754962,0.001127313985872
2021-01-08,SPY,SPY (S&P 500 ETF),ppo_markovian_mdd_static,PPO-MDD-Static,10516.238545330569,0.051623854533056956,0.0014370488532757,0.0027952811266659
2021-01-11,SPY,SPY (S&P 500 ETF),ppo_markovian_mdd_static,PPO-MDD-Static,10498.31339068128,0.04983133906812798,-0.0017045214952116,0.0010744424826127
2021-01-12,SPY,SPY (S&P 500 ETF),ppo_markovian_mdd_static,PPO-MDD-Static,10498.860365186236,0.049886036518623555,5.210117898002409e-05,0.0012751488384007
2021-01-13,SPY,SPY (S&P 500 ETF),ppo_markovian_mdd_static,PPO-MDD-Static,10506.004762747298,0.050600476274729855,0.0006804926737336,3.9885717577237134e-05
2021-01-14,SPY,SPY (S&P 500 ETF),ppo_markovian_mdd_static,PPO-MDD-Static,10496.701904818725,0.04967019048187238,-0.0008854800791221,0.0005082118874257
2021-01-15,SPY,SPY (S&P 500 ETF),ppo_markovian_mdd_static,PPO-MDD-Static,10477.350594549309,0.04773505945493084,-0.0018435610008636,0.0006619200539344
2021-01-19,SPY,SPY (S&P 500 ETF),ppo_markovian_mdd_static,PPO-MDD-Static,10498.125683795754,0.04981256837957537,0.0019828571220337,0.0013797305649439
2021-01-20,SPY,SPY (S&P 500 ETF),ppo_markovian_mdd_static,PPO-MDD-Static,10534.823342587672,0.05348233425876714,0.0034956391166629,0.001479873402123
2021-01-21,SPY,SPY (S&P 500 ETF),ppo_markovian_mdd_static,PPO-MDD-Static,10537.222925393402,0.05372229253934013,0.0002277762737632,0.0026042715376402
2021-01-22,SPY,SPY (S&P 500 ETF),ppo_markovian_mdd_static,PPO-MDD-Static,10527.796276589192,0.05277962765891919,-0.0008946046668037,0.0001721227339639
2021-01-25,SPY,SPY (S&P 500 ETF),ppo_markovian_mdd_static,PPO-MDD-Static,10538.281522616446,0.05382815226164461,0.0009959582947638,0.0006690023341027
2021-01-26,SPY,SPY (S&P 500 ETF),ppo_markovian_mdd_static,PPO-MDD-Static,10534.116786902629,0.053411678690262754,-0.0003952006505879,0.0007440323155872
2021-01-27,SPY,SPY (S&P 500 ETF),ppo_markovian_mdd_static,PPO-MDD-Static,10469.052281054042,0.04690522810540432,-0.006176550646323,0.000294891503052
2021-01-28,SPY,SPY (S&P 500 ETF),ppo_markovian_mdd_static,PPO-MDD-Static,10491.756204064392,0.04917562040643908,0.0021686703247665,0.0046441621682133
2021-01-29,SPY,SPY (S&P 500 ETF),ppo_markovian_mdd_static,PPO-MDD-Static,10438.660700513574,0.04386607005135734,-0.0050606878884824,0.0016205897872678
2021-02-01,SPY,SPY (S&P 500 ETF),ppo_markovian_mdd_static,PPO-MDD-Static,10482.53030481276,0.04825303048127605,0.0042026085105943,0.0037998391249764
2021-02-02,SPY,SPY (S&P 500 ETF),ppo_markovian_mdd_static,PPO-MDD-Static,10519.95484352202,0.05199548435220214,0.003570181780641,0.003130267341608
2021-02-03,SPY,SPY (S&P 500 ETF),ppo_markovian_mdd_static,PPO-MDD-Static,10522.017230891131,0.052201723089113194,0.0001960452682345,0.002660814136199
2021-02-04,SPY,SPY (S&P 500 ETF),ppo_markovian_mdd_static,PPO-MDD-Static,10552.236854835171,0.05522368548351708,0.0028720371085613,0.0001484627061458
2021-02-05,SPY,SPY (S&P 500 ETF),ppo_markovian_mdd_static,PPO-MDD-Static,10562.70967140678,0.05627096714067803,0.0009924736068454,0.0021402195091433
2021-02-08,SPY,SPY (S&P 500 ETF),ppo_markovian_mdd_static,PPO-MDD-Static,10581.97907020296,0.058197907020296036,0.0018242855664527,0.0007425317435028
2021-02-09,SPY,SPY (S&P 500 ETF),ppo_markovian_mdd_static,PPO-MDD-Static,10580.18417338714,0.05801841733871416,-0.0001696182541951,0.0013613485854632
2021-02-10,SPY,SPY (S&P 500 ETF),ppo_markovian_mdd_static,PPO-MDD-Static,10579.018047873322,0.05790180478733209,-0.0001102178841794,0.0001257586633248
2021-02-11,SPY,SPY (S&P 500 ETF),ppo_markovian_mdd_static,PPO-MDD-Static,10583.334868527048,0.058333486852704786,0.000408054947462,8.228022503004029e-05
2021-02-12,SPY,SPY (S&P 500 ETF),ppo_markovian_mdd_static,PPO-MDD-Static,10596.542968135867,0.059654296813586694,0.0012480092308237,0.0003048739901801
2021-02-16,SPY,SPY (S&P 500 ETF),ppo_markovian_mdd_static,PPO-MDD-Static,10594.21410761386,0.05942141076138596,-0.0002197754993311,0.000931694553316
2021-02-17,SPY,SPY (S&P 500 ETF),ppo_markovian_mdd_static,PPO-MDD-Static,10594.826756616503,0.05948267566165022,5.78286408430273e-05,0.0001635765555792
2021-02-18,SPY,SPY (S&P 500 ETF),ppo_markovian_mdd_static,PPO-MDD-Static,10583.43136238583,0.058343136238583115,-0.0010755621108724,4.333471507284026e-05
2021-02-19,SPY,SPY (S&P 500 ETF),ppo_markovian_mdd_static,PPO-MDD-Static,10578.699747124656,0.05786997471246558,-0.0004470776158658,0.0008045938398731
2021-02-22,SPY,SPY (S&P 500 ETF),ppo_markovian_mdd_static,PPO-MDD-Static,10558.133931913002,0.0558133931913003,-0.0019440777886945,0.0003336462016672
2021-02-23,SPY,SPY (S&P 500 ETF),ppo_markovian_mdd_static,PPO-MDD-Static,10561.358654485852,0.056135865448585065,0.0003054254277929,0.0014553771973231
2021-02-24,SPY,SPY (S&P 500 ETF),ppo_markovian_mdd_static,PPO-MDD-Static,10590.76594316834,0.0590765943168341,0.0027844228800995,0.0002292600827932
2021-02-25,SPY,SPY (S&P 500 ETF),ppo_markovian_mdd_static,PPO-MDD-Static,10526.255296905729,0.05262552969057288,-0.00609121631134,0.0020751749492496
2021-02-26,SPY,SPY (S&P 500 ETF),ppo_markovian_mdd_static,PPO-MDD-Static,10512.50093714921,0.05125009371492095,-0.001306671686042,0.0045782642542154
2021-03-01,SPY,SPY (S&P 500 ETF),ppo_markovian_mdd_static,PPO-MDD-Static,10576.886529831489,0.05768865298314885,0.006124669388114,0.0009743193792084
2021-03-02,SPY,SPY (S&P 500 ETF),ppo_markovian_mdd_static,PPO-MDD-Static,10555.981703353546,0.055598170335354524,-0.0019764631509454,0.004549789244303
2021-03-03,SPY,SPY (S&P 500 ETF),ppo_markovian_mdd_static,PPO-MDD-Static,10520.632420155507,0.05206324201555068,-0.0033487442657094,0.0014765167930623
2021-03-04,SPY,SPY (S&P 500 ETF),ppo_markovian_mdd_static,PPO-MDD-Static,10487.70605395574,0.048770605395574096,-0.003129694573939,0.0025097969045717
2021-03-05,SPY,SPY (S&P 500 ETF),ppo_markovian_mdd_static,PPO-MDD-Static,10536.43798005144,0.05364379800514407,0.0046465762717786,0.0023442624347209
2021-03-08,SPY,SPY (S&P 500 ETF),ppo_markovian_mdd_static,PPO-MDD-Static,10523.14501197793,0.05231450119779302,-0.0012616187841354,0.003458041163334
2021-03-09,SPY,SPY (S&P 500 ETF),ppo_markovian_mdd_static,PPO-MDD-Static,10561.102754301664,0.056110275430166334,0.0036070720569305,0.0009414033399167
2021-03-10,SPY,SPY (S&P 500 ETF),ppo_markovian_mdd_static,PPO-MDD-Static,10577.68686587552,0.057768686587551965,0.0015703011285543,0.0026865552760735
2021-03-11,SPY,SPY (S&P 500 ETF),ppo_markovian_mdd_static,PPO-MDD-Static,10604.776866751692,0.060477686675169284,0.0025610515058416,0.0011736408804282
2021-03-12,SPY,SPY (S&P 500 ETF),ppo_markovian_mdd_static,PPO-MDD-Static,10608.365836401848,0.06083658364018474,0.000338429529942,0.0019098436060818
2021-03-15,SPY,SPY (S&P 500 ETF),ppo_markovian_mdd_static,PPO-MDD-Static,10624.350288053343,0.06243502880533436,0.0015067779428052,0.0002542474386605
2021-03-16,SPY,SPY (S&P 500 ETF),ppo_markovian_mdd_static,PPO-MDD-Static,10620.95190169362,0.062095190169361825,-0.0003198676876784,0.0011245013486888
2021-03-17,SPY,SPY (S&P 500 ETF),ppo_markovian_mdd_static,PPO-MDD-Static,10630.101425464603,0.06301014254646042,0.0008614598630773,0.0002382710031695
2021-03-18,SPY,SPY (S&P 500 ETF),ppo_markovian_mdd_static,PPO-MDD-Static,10591.00995429436,0.05910099542943614,-0.0036774316260614,0.0006433873694132
2021-03-19,SPY,SPY (S&P 500 ETF),ppo_markovian_mdd_static,PPO-MDD-Static,10577.307470545353,0.05773074705453518,-0.001293784427372,0.0027577823921454
2021-03-22,SPY,SPY (S&P 500 ETF),ppo_markovian_mdd_static,PPO-MDD-Static,10598.640666113026,0.05986406661130261,0.0020168833729266,0.0009660259599697
2021-03-23,SPY,SPY (S&P 500 ETF),ppo_markovian_mdd_static,PPO-MDD-Static,10577.544054083652,0.057754405408365184,-0.0019905016779016,0.0015048910353741
2021-03-24,SPY,SPY (S&P 500 ETF),ppo_markovian_mdd_static,PPO-MDD-Static,10563.940150605153,0.056394015060515335,-0.0012861117296171,0.0014893293613141
2021-03-25,SPY,SPY (S&P 500 ETF),ppo_markovian_mdd_static,PPO-MDD-Static,10578.947872435469,0.05789478724354691,0.0014206557038713,0.0009612265233377
2021-03-26,SPY,SPY (S&P 500 ETF),ppo_markovian_mdd_static,PPO-MDD-Static,10622.017786581604,0.062201778658160345,0.0040712852228301,0.0010608583190665
2021-03-29,SPY,SPY (S&P 500 ETF),ppo_markovian_mdd_static,PPO-MDD-Static,10620.629763232326,0.062062976323232544,-0.0001306741691801,0.0030308990809966
2021-03-30,SPY,SPY (S&P 500 ETF),ppo_markovian_mdd_static,PPO-MDD-Static,10613.508477203084,0.06135084772030841,-0.0006705144787076,9.539948301168222e-05
2021-03-31,SPY,SPY (S&P 500 ETF),ppo_markovian_mdd_static,PPO-MDD-Static,10624.374618512724,0.06243746185127241,0.0010238029519624,0.0005013361345606
2021-04-01,SPY,SPY (S&P 500 ETF),ppo_markovian_mdd_static,PPO-MDD-Static,10653.360335513244,0.06533603355132445,0.0027282280643619,0.0007646733080834
2021-04-05,SPY,SPY (S&P 500 ETF),ppo_markovian_mdd_static,PPO-MDD-Static,10691.97961969828,0.06919796196982797,0.0036250800657042,0.0020338104918991
2021-04-06,SPY,SPY (S&P 500 ETF),ppo_markovian_mdd_static,PPO-MDD-Static,10690.355027619851,0.06903550276198511,-0.0001519449284616,0.0027007291364464
2021-04-07,SPY,SPY (S&P 500 ETF),ppo_markovian_mdd_static,PPO-MDD-Static,10693.480293829194,0.0693480293829194,0.0002923444732441,0.0001115462048434
2021-04-08,SPY,SPY (S&P 500 ETF),ppo_markovian_mdd_static,PPO-MDD-Static,10706.305218984096,0.07063052189840957,0.0011993219047965,0.0002184866793357
2021-04-09,SPY,SPY (S&P 500 ETF),ppo_markovian_mdd_static,PPO-MDD-Static,10725.965369980724,0.07259653699807234,0.0018363151988016,0.0008953352308855
2021-04-12,SPY,SPY (S&P 500 ETF),ppo_markovian_mdd_static,PPO-MDD-Static,10726.9388927749,0.07269388927748999,9.07631863982239e-05,0.0013704194100918
2021-04-13,SPY,SPY (S&P 500 ETF),ppo_markovian_mdd_static,PPO-MDD-Static,10734.972001950297,0.07349720019502959,0.0007488724654529,6.884461835421352e-05
2021-04-14,SPY,SPY (S&P 500 ETF),ppo_markovian_mdd_static,PPO-MDD-Static,10725.70143996234,0.07257014399623407,-0.0008635851110067,0.0005592603383579
2021-04-15,SPY,SPY (S&P 500 ETF),ppo_markovian_mdd_static,PPO-MDD-Static,10754.811403114323,0.07548114031143238,0.0027140381740933,0.0006454912527388
2021-04-16,SPY,SPY (S&P 500 ETF),ppo_markovian_mdd_static,PPO-MDD-Static,10763.873698295243,0.07638736982952432,0.0008426270662722,0.0020231751360285
2021-04-19,SPY,SPY (S&P 500 ETF),ppo_markovian_mdd_static,PPO-MDD-Static,10750.502945902324,0.07505029459023249,-0.0012421877818055,0.000630670418361
2021-04-20,SPY,SPY (S&P 500 ETF),ppo_markovian_mdd_static,PPO-MDD-Static,10730.602398316649,0.07306023983166487,-0.0018511271226859,0.0009289618028277
2021-04-21,SPY,SPY (S&P 500 ETF),ppo_markovian_mdd_static,PPO-MDD-Static,10756.245784443276,0.07562457844432746,0.0023897433876267,0.0013852056961676
2021-04-22,SPY,SPY (S&P 500 ETF),ppo_markovian_mdd_static,PPO-MDD-Static,10731.401269259964,0.07314012692599636,-0.0023097757043861,0.0017826154370934
2021-04-23,SPY,SPY (S&P 500 ETF),ppo_markovian_mdd_static,PPO-MDD-Static,10760.786120890638,0.07607861208906375,0.0027382119905299,0.0017287417943098
2021-04-26,SPY,SPY (S&P 500 ETF),ppo_markovian_mdd_static,PPO-MDD-Static,10766.441041454482,0.0766441041454482,0.0005255118446101,0.0020419492686652
2021-04-27,SPY,SPY (S&P 500 ETF),ppo_markovian_mdd_static,PPO-MDD-Static,10765.85046936045,0.07658504693604495,-5.485304677355085e-05,0.0003940305802112
2021-04-28,SPY,SPY (S&P 500 ETF),ppo_markovian_mdd_static,PPO-MDD-Static,10765.068132255115,0.07650681322551156,-7.2668397871678e-05,4.0699114386089086e-05
2021-04-29,SPY,SPY (S&P 500 ETF),ppo_markovian_mdd_static,PPO-MDD-Static,10782.404093092347,0.07824040930923482,0.0016103902571027,5.427816897668469e-05
2021-04-30,SPY,SPY (S&P 500 ETF),ppo_markovian_mdd_static,PPO-MDD-Static,10764.487949496111,0.0764487949496111,-0.001661609362954,0.001201540172062
2021-05-03,SPY,SPY (S&P 500 ETF),ppo_markovian_mdd_static,PPO-MDD-Static,10770.34155252948,0.0770341552529481,0.0005437883400334,0.0012428775496337
2021-05-04,SPY,SPY (S&P 500 ETF),ppo_markovian_mdd_static,PPO-MDD-Static,10753.545886758466,0.07535458867584666,-0.0015594366890869,0.0004070770535277
2021-05-05,SPY,SPY (S&P 500 ETF),ppo_markovian_mdd_static,PPO-MDD-Static,10754.38336122909,0.07543833612290896,7.787891356425547e-05,0.0011668727344975
2021-05-06,SPY,SPY (S&P 500 ETF),ppo_markovian_mdd_static,PPO-MDD-Static,10776.0851513803,0.07760851513803013,0.0020179483492701,5.906582133285987e-05
2021-05-07,SPY,SPY (S&P 500 ETF),ppo_markovian_mdd_static,PPO-MDD-Static,10795.88821368331,0.07958882136833112,0.0018376861378526,0.0015050072826406
2021-05-10,SPY,SPY (S&P 500 ETF),ppo_markovian_mdd_static,PPO-MDD-Static,10768.8578798948,0.07688578798947998,-0.0025037619187507,0.0013718949180892
2021-05-11,SPY,SPY (S&P 500 ETF),ppo_markovian_mdd_static,PPO-MDD-Static,10744.550292742624,0.07445502927426251,-0.0022572112496309,0.001874714239248
2021-05-12,SPY,SPY (S&P 500 ETF),ppo_markovian_mdd_static,PPO-MDD-Static,10686.846862525545,0.06868468625255453,-0.0053704835144244,0.0016892117834846
2021-05-13,SPY,SPY (S&P 500 ETF),ppo_markovian_mdd_static,PPO-MDD-Static,10719.24502850283,0.07192450285028307,0.0030315926104351,0.0040337294539888
2021-05-14,SPY,SPY (S&P 500 ETF),ppo_markovian_mdd_static,PPO-MDD-Static,10760.815541061944,0.07608155410619433,0.0038781194429808,0.0022616481664606
2021-05-17,SPY,SPY (S&P 500 ETF),ppo_markovian_mdd_static,PPO-MDD-Static,10753.865090095906,0.07538650900959065,-0.0006459037365259,0.0028885822332899
2021-05-18,SPY,SPY (S&P 500 ETF),ppo_markovian_mdd_static,PPO-MDD-Static,10730.44622997377,0.0730446229973769,-0.0021777156330242,0.0004808317708939
2021-05-19,SPY,SPY (S&P 500 ETF),ppo_markovian_mdd_static,PPO-MDD-Static,10723.319385707247,0.07233193857072484,-0.0006641703535696,0.0016305848888025
2021-05-20,SPY,SPY (S&P 500 ETF),ppo_markovian_mdd_static,PPO-MDD-Static,10752.466503390173,0.07524665033901723,0.0027181058993519,0.0004954408791185
2021-05-21,SPY,SPY (S&P 500 ETF),ppo_markovian_mdd_static,PPO-MDD-Static,10750.22009486152,0.07502200948615201,-0.0002089203000953,0.002026086646433
2021-05-24,SPY,SPY (S&P 500 ETF),ppo_markovian_mdd_static,PPO-MDD-Static,10777.912674126084,0.07779126741260844,0.0025760011441813,0.0001546430587326
2021-05-25,SPY,SPY (S&P 500 ETF),ppo_markovian_mdd_static,PPO-MDD-Static,10771.848967197671,0.07718489671976703,-0.0005626049413972,0.0019201986604392
2021-05-26,SPY,SPY (S&P 500 ETF),ppo_markovian_mdd_static,PPO-MDD-Static,10777.246612645742,0.07772466126457411,0.0005010881107325,0.000419232060676
2021-05-27,SPY,SPY (S&P 500 ETF),ppo_markovian_mdd_static,PPO-MDD-Static,10778.6723324369,0.07786723324369005,0.0001322897992781,0.0003745855977
2021-05-28,SPY,SPY (S&P 500 ETF),ppo_markovian_mdd_static,PPO-MDD-Static,10783.543496170156,0.0783543496170156,0.000451926135522,9.912615102780632e-05
2021-06-01,SPY,SPY (S&P 500 ETF),ppo_markovian_mdd_static,PPO-MDD-Static,10781.139460359123,0.07811394603591237,-0.0002229356066384,0.0003376430588784
2021-06-02,SPY,SPY (S&P 500 ETF),ppo_markovian_mdd_static,PPO-MDD-Static,10785.422154413389,0.07854221544133888,0.0003972394634175,0.0001663831575636
2021-06-03,SPY,SPY (S&P 500 ETF),ppo_markovian_mdd_static,PPO-MDD-Static,10775.303471055777,0.07753034710557771,-0.0009381814835568,0.0002968609766929
2021-06-04,SPY,SPY (S&P 500 ETF),ppo_markovian_mdd_static,PPO-MDD-Static,10800.199983994962,0.08001999839949625,0.0023105161730305,0.0007015334734905
2021-06-07,SPY,SPY (S&P 500 ETF),ppo_markovian_mdd_static,PPO-MDD-Static,10797.533450744795,0.07975334507447962,-0.0002468966550727,0.001723177096478
2021-06-08,SPY,SPY (S&P 500 ETF),ppo_markovian_mdd_static,PPO-MDD-Static,10798.113116127215,0.07981131161272148,5.368498139524114e-05,0.0001832618521693
2021-06-09,SPY,SPY (S&P 500 ETF),ppo_markovian_mdd_static,PPO-MDD-Static,10794.04162376222,0.07940416237622183,-0.0003770559097878,4.025323999679031e-05
2021-06-10,SPY,SPY (S&P 500 ETF),ppo_markovian_mdd_static,PPO-MDD-Static,10806.718079064967,0.08067180790649675,0.0011743937761774,0.0002818477125585
2021-06-11,SPY,SPY (S&P 500 ETF),ppo_markovian_mdd_static,PPO-MDD-Static,10811.22143262815,0.08112214326281508,0.0004167179647172,0.0008767980347088
2021-06-14,SPY,SPY (S&P 500 ETF),ppo_markovian_mdd_static,PPO-MDD-Static,10817.335032994002,0.08173350329940021,0.000565486555238,0.0003119359629549
2021-06-15,SPY,SPY (S&P 500 ETF),ppo_markovian_mdd_static,PPO-MDD-Static,10812.316564046185,0.08123165640461849,-0.0004639284012661,0.0004225787082868
2021-06-16,SPY,SPY (S&P 500 ETF),ppo_markovian_mdd_static,PPO-MDD-Static,10797.057178269515,0.07970571782695157,-0.0014112966158805,0.0003465357676726
2021-06-17,SPY,SPY (S&P 500 ETF),ppo_markovian_mdd_static,PPO-MDD-Static,10796.140932970691,0.07961409329706903,-8.486065079549299e-05,0.001055884329022
2021-06-18,SPY,SPY (S&P 500 ETF),ppo_markovian_mdd_static,PPO-MDD-Static,10750.558474194522,0.07505584741945226,-0.004222106682302,6.263209240542356e-05
2021-06-21,SPY,SPY (S&P 500 ETF),ppo_markovian_mdd_static,PPO-MDD-Static,10789.416893096628,0.07894168930966283,0.0036145488623107,0.0031684847716101
2021-06-22,SPY,SPY (S&P 500 ETF),ppo_markovian_mdd_static,PPO-MDD-Static,10803.9644776471,0.08039644776470989,0.001348319811405,0.0026937607983835
2021-06-23,SPY,SPY (S&P 500 ETF),ppo_markovian_mdd_static,PPO-MDD-Static,10800.662811508002,0.08006628115080017,-0.0003055976485232,0.0010082445497519
2021-06-24,SPY,SPY (S&P 500 ETF),ppo_markovian_mdd_static,PPO-MDD-Static,10816.806793639056,0.08168067936390555,0.0014947214270824,0.0002276873357298
2021-06-25,SPY,SPY (S&P 500 ETF),ppo_markovian_mdd_static,PPO-MDD-Static,10826.504173602129,0.08265041736021295,0.000896510416436,0.0011154987556951
2021-06-28,SPY,SPY (S&P 500 ETF),ppo_markovian_mdd_static,PPO-MDD-Static,10832.012348143542,0.08320123481435426,0.0005087675996877,0.0006701893959687
2021-06-29,SPY,SPY (S&P 500 ETF),ppo_markovian_mdd_static,PPO-MDD-Static,10833.481108374155,0.08334811083741545,0.0001355944014285,0.0003805060817961
2021-06-30,SPY,SPY (S&P 500 ETF),ppo_markovian_mdd_static,PPO-MDD-Static,10835.784257464042,0.08357842574640428,0.0002125954775613,0.0001015994209362
2021-07-01,SPY,SPY (S&P 500 ETF),ppo_markovian_mdd_static,PPO-MDD-Static,10850.943229667651,0.08509432296676511,0.0013989732393544,0.0001589134099814
2021-07-02,SPY,SPY (S&P 500 ETF),ppo_markovian_mdd_static,PPO-MDD-Static,10871.891237028569,0.08718912370285681,0.0019305240952363,0.0010441020291107
2021-07-06,SPY,SPY (S&P 500 ETF),ppo_markovian_mdd_static,PPO-MDD-Static,10866.87128030647,0.08668712803064693,-0.00046173720953,0.0014406675797107
2021-07-07,SPY,SPY (S&P 500 ETF),ppo_markovian_mdd_static,PPO-MDD-Static,10876.57250137355,0.08765725013735493,0.0008927335952402,0.0003441356248014
2021-07-08,SPY,SPY (S&P 500 ETF),ppo_markovian_mdd_static,PPO-MDD-Static,10854.169863235706,0.08541698632357053,-0.0020597148720348,0.0006667961267615
2021-07-09,SPY,SPY (S&P 500 ETF),ppo_markovian_mdd_static,PPO-MDD-Static,10883.433109319682,0.08834331093196823,0.0026960372329434,0.0015418895914597
2021-07-12,SPY,SPY (S&P 500 ETF),ppo_markovian_mdd_static,PPO-MDD-Static,10893.262603882878,0.08932626038828784,0.0009031612051513,0.0020104637077915
2021-07-13,SPY,SPY (S&P 500 ETF),ppo_markovian_mdd_static,PPO-MDD-Static,10883.871065238183,0.08838710652381843,-0.0008621419483034,0.0006758187489503
2021-07-14,SPY,SPY (S&P 500 ETF),ppo_markovian_mdd_static,PPO-MDD-Static,10887.9682711489,0.08879682711489001,0.0003764474869423,0.000644323744807
2021-07-15,SPY,SPY (S&P 500 ETF),ppo_markovian_mdd_static,PPO-MDD-Static,10878.567523703365,0.08785675237033641,-0.0008634069471384,0.0002816923073632
2021-07-16,SPY,SPY (S&P 500 ETF),ppo_markovian_mdd_static,PPO-MDD-Static,10856.997823469572,0.08569978234695719,-0.0019827702670222,0.0006455654859375
2021-07-19,SPY,SPY (S&P 500 ETF),ppo_markovian_mdd_static,PPO-MDD-Static,10816.464038714244,0.08164640387142441,-0.0037334247841245,0.0014841721547899
2021-07-20,SPY,SPY (S&P 500 ETF),ppo_markovian_mdd_static,PPO-MDD-Static,10855.604236352712,0.08556042363527117,0.0036185760428155,0.0027993068608963
2021-07-21,SPY,SPY (S&P 500 ETF),ppo_markovian_mdd_static,PPO-MDD-Static,10877.785310277952,0.0877785310277952,0.0020432832150383,0.002696473735594
2021-07-22,SPY,SPY (S&P 500 ETF),ppo_markovian_mdd_static,PPO-MDD-Static,10883.52522202164,0.08835252220216416,0.0005276728286101,0.0015258301115771
2021-07-23,SPY,SPY (S&P 500 ETF),ppo_markovian_mdd_static,PPO-MDD-Static,10911.81634610991,0.09118163461099105,0.0025994448959447,0.0003952582780958
2021-07-26,SPY,SPY (S&P 500 ETF),ppo_markovian_mdd_static,PPO-MDD-Static,10918.564397420048,0.09185643974200475,0.0006184168699414,0.0019378070509317
2021-07-27,SPY,SPY (S&P 500 ETF),ppo_markovian_mdd_static,PPO-MDD-Static,10905.984146466257,0.09059841464662566,-0.0011521891061764,0.0004633006540726
2021-07-28,SPY,SPY (S&P 500 ETF),ppo_markovian_mdd_static,PPO-MDD-Static,10904.844603172323,0.09048446031723234,-0.0001044878920258,0.0008616702923757
2021-07-29,SPY,SPY (S&P 500 ETF),ppo_markovian_mdd_static,PPO-MDD-Static,10916.272865292054,0.09162728652920538,0.0010479986222275,7.744731916126124e-05
2021-07-30,SPY,SPY (S&P 500 ETF),ppo_markovian_mdd_static,PPO-MDD-Static,10902.867346925825,0.09028673469258242,-0.0012280307144805,0.0007824007314629
2021-08-02,SPY,SPY (S&P 500 ETF),ppo_markovian_mdd_static,PPO-MDD-Static,10897.076761205415,0.08970767612054154,-0.0005311066837883,0.0009182426130494
2021-08-03,SPY,SPY (S&P 500 ETF),ppo_markovian_mdd_static,PPO-MDD-Static,10919.475543226426,0.09194755432264268,0.0020554853849201,0.0003964170431226
2021-08-04,SPY,SPY (S&P 500 ETF),ppo_markovian_mdd_static,PPO-MDD-Static,10905.885448352168,0.09058854483521683,-0.0012445739559981,0.0015331961395804
2021-08-05,SPY,SPY (S&P 500 ETF),ppo_markovian_mdd_static,PPO-MDD-Static,10923.328558198817,0.09233285581988171,0.0015994217002603,0.0009300741250754
2021-08-06,SPY,SPY (S&P 500 ETF),ppo_markovian_mdd_static,PPO-MDD-Static,10927.876885673402,0.09278768856734021,0.0004163865849453,0.0011940231171296
2021-08-09,SPY,SPY (S&P 500 ETF),ppo_markovian_mdd_static,PPO-MDD-Static,10925.626839324405,0.09256268393244049,-0.000205899679557,0.0003119254929732
2021-08-10,SPY,SPY (S&P 500 ETF),ppo_markovian_mdd_static,PPO-MDD-Static,10929.059674950631,0.09290596749506319,0.0003142003362106,0.0001536660815348
2021-08-11,SPY,SPY (S&P 500 ETF),ppo_markovian_mdd_static,PPO-MDD-Static,10935.919948702249,0.09359199487022485,0.0006277094238347,0.0002348409910992
2021-08-12,SPY,SPY (S&P 500 ETF),ppo_markovian_mdd_static,PPO-MDD-Static,10944.197114281797,0.09441971142817973,0.0007568787645093,0.0004689644450923
2021-08-13,SPY,SPY (S&P 500 ETF),ppo_markovian_mdd_static,PPO-MDD-Static,10949.22398830783,0.09492239883078302,0.0004593186666452,0.0005655331771853
2021-08-16,SPY,SPY (S&P 500 ETF),ppo_markovian_mdd_static,PPO-MDD-Static,10955.735407990343,0.09557354079903435,0.0005946923443587,0.000343510802963
2021-08-17,SPY,SPY (S&P 500 ETF),ppo_markovian_mdd_static,PPO-MDD-Static,10937.58184013843,0.09375818401384284,-0.0016569921758675,0.0004444022873038
2021-08-18,SPY,SPY (S&P 500 ETF),ppo_markovian_mdd_static,PPO-MDD-Static,10907.316398247389,0.09073163982473886,-0.0027671054108114,0.0012399824232274
2021-08-19,SPY,SPY (S&P 500 ETF),ppo_markovian_mdd_static,PPO-MDD-Static,10911.561499221,0.09115614992209986,0.0003891975641499,0.0020726491604366
2021-08-20,SPY,SPY (S&P 500 ETF),ppo_markovian_mdd_static,PPO-MDD-Static,10933.499307400964,0.09334993074009645,0.0020105104280017,0.0002922800265808
2021-08-23,SPY,SPY (S&P 500 ETF),ppo_markovian_mdd_static,PPO-MDD-Static,10957.787336627887,0.09577873366278866,0.002221432365252,0.0014996452247493
2021-08-24,SPY,SPY (S&P 500 ETF),ppo_markovian_mdd_static,PPO-MDD-Static,10962.164906019876,0.09621649060198756,0.0003994939176594,0.0016575011503099
2021-08-25,SPY,SPY (S&P 500 ETF),ppo_markovian_mdd_static,PPO-MDD-Static,10967.974513059991,0.09679745130599904,0.0005299689513815,0.0002996582326322
2021-08-26,SPY,SPY (S&P 500 ETF),ppo_markovian_mdd_static,PPO-MDD-Static,10951.60849079131,0.09516084907913092,-0.0014921645057793,0.0003960565150982
2021-08-27,SPY,SPY (S&P 500 ETF),ppo_markovian_mdd_static,PPO-MDD-Static,10976.340684264616,0.0976340684264616,0.0022583160723925,0.0011164551591877
2021-08-30,SPY,SPY (S&P 500 ETF),ppo_markovian_mdd_static,PPO-MDD-Static,10988.520139423516,0.09885201394235166,0.0011096097970393,0.001684655300804
2021-08-31,SPY,SPY (S&P 500 ETF),ppo_markovian_mdd_static,PPO-MDD-Static,10984.396884843862,0.09843968848438611,-0.0003752329273949,0.0008295429191481
2021-09-01,SPY,SPY (S&P 500 ETF),ppo_markovian_mdd_static,PPO-MDD-Static,10985.869075926974,0.09858690759269728,0.0001340256637252,0.0002798943312141
2021-09-02,SPY,SPY (S&P 500 ETF),ppo_markovian_mdd_static,PPO-MDD-Static,10994.409264836208,0.09944092648362068,0.00077737945448,0.000100352253074
2021-09-03,SPY,SPY (S&P 500 ETF),ppo_markovian_mdd_static,PPO-MDD-Static,10993.728411946911,0.09937284119469103,-6.192719162023685e-05,0.000580554481819
2021-09-07,SPY,SPY (S&P 500 ETF),ppo_markovian_mdd_static,PPO-MDD-Static,10983.794464781373,0.09837944647813734,-0.0009036012891445,4.5846797098403336e-05
2021-09-08,SPY,SPY (S&P 500 ETF),ppo_markovian_mdd_static,PPO-MDD-Static,10980.405600031305,0.09804056000313044,-0.0003085331540875,0.0006758320089453
2021-09-09,SPY,SPY (S&P 500 ETF),ppo_markovian_mdd_static,PPO-MDD-Static,10968.526255890376,0.09685262558903762,-0.0010818675168879,0.0002301308527577
2021-09-10,SPY,SPY (S&P 500 ETF),ppo_markovian_mdd_static,PPO-MDD-Static,10946.662862484094,0.09466628624840934,-0.0019932845029696,0.0008091762696083
2021-09-13,SPY,SPY (S&P 500 ETF),ppo_markovian_mdd_static,PPO-MDD-Static,10953.726097542549,0.09537260975425488,0.0006452409421193,0.0014919381970529
2021-09-14,SPY,SPY (S&P 500 ETF),ppo_markovian_mdd_static,PPO-MDD-Static,10938.78287037223,0.09387828703722301,-0.0013642140617036,0.0004829877897466
2021-09-15,SPY,SPY (S&P 500 ETF),ppo_markovian_mdd_static,PPO-MDD-Static,10961.860872601968,0.09618608726019673,0.0021097413216093,0.0010204998755562
2021-09-16,SPY,SPY (S&P 500 ETF),ppo_markovian_mdd_static,PPO-MDD-Static,10957.452339027966,0.09574523390279666,-0.0004021701812525,0.001574038283297
2021-09-17,SPY,SPY (S&P 500 ETF),ppo_markovian_mdd_static,PPO-MDD-Static,10921.719299821723,0.09217192998217238,-0.0032610718350075,0.0002994834334205
2021-09-20,SPY,SPY (S&P 500 ETF),ppo_markovian_mdd_static,PPO-MDD-Static,10875.672179464897,0.0875672179464897,-0.0042161054585591,0.002444727198574
2021-09-21,SPY,SPY (S&P 500 ETF),ppo_markovian_mdd_static,PPO-MDD-Static,10873.041645116547,0.08730416451165479,-0.0002418732658489,0.0031621743497192
2021-09-22,SPY,SPY (S&P 500 ETF),ppo_markovian_mdd_static,PPO-MDD-Static,10899.842865725526,0.08998428657255264,0.0024649239360741,0.0001784304620263
2021-09-23,SPY,SPY (S&P 500 ETF),ppo_markovian_mdd_static,PPO-MDD-Static,10933.28949889035,0.09332894988903506,0.0030685426915644,0.0018376259600166
2021-09-24,SPY,SPY (S&P 500 ETF),ppo_markovian_mdd_static,PPO-MDD-Static,10937.815576108853,0.09378155761088536,0.0004139721370188,0.0022874568333257
2021-09-27,SPY,SPY (S&P 500 ETF),ppo_markovian_mdd_static,PPO-MDD-Static,10929.904451295812,0.0929904451295811,-0.0007232819714312,0.000310939468637
2021-09-28,SPY,SPY (S&P 500 ETF),ppo_markovian_mdd_static,PPO-MDD-Static,10874.238059423888,0.08742380594238885,-0.0050930355448191,0.0005406627783965
2021-09-29,SPY,SPY (S&P 500 ETF),ppo_markovian_mdd_static,PPO-MDD-Static,10878.821692419971,0.0878821692419971,0.0004215130265714,0.0038250707703277
2021-09-30,SPY,SPY (S&P 500 ETF),ppo_markovian_mdd_static,PPO-MDD-Static,10845.217234077374,0.08452172340773734,-0.0030889796057613,0.0003177185752258
2021-10-01,SPY,SPY (S&P 500 ETF),ppo_markovian_mdd_static,PPO-MDD-Static,10877.762467461333,0.08777624674613316,0.0030008834937576,0.002315289577134
2021-10-04,SPY,SPY (S&P 500 ETF),ppo_markovian_mdd_static,PPO-MDD-Static,10842.288562369227,0.08422885623692267,-0.0032611398895883,0.0022375570044151
2021-10-05,SPY,SPY (S&P 500 ETF),ppo_markovian_mdd_static,PPO-MDD-Static,10870.770758108682,0.0870770758108681,0.00262695422425,0.0024433253398052
2021-10-06,SPY,SPY (S&P 500 ETF),ppo_markovian_mdd_static,PPO-MDD-Static,10882.166581370471,0.08821665813704715,0.0010482994734564,0.0019597840670895
2021-10-07,SPY,SPY (S&P 500 ETF),ppo_markovian_mdd_static,PPO-MDD-Static,10905.933600938748,0.09059336009387486,0.0021840337942413,0.0007840302705411
2021-10-08,SPY,SPY (S&P 500 ETF),ppo_markovian_mdd_static,PPO-MDD-Static,10900.889514822891,0.09008895148228913,-0.0004625084197672,0.0016291425819597
2021-10-11,SPY,SPY (S&P 500 ETF),ppo_markovian_mdd_static,PPO-MDD-Static,10880.942347182552,0.08809423471825517,-0.0018298660502168,0.0003445715662223
2021-10-12,SPY,SPY (S&P 500 ETF),ppo_markovian_mdd_static,PPO-MDD-Static,10874.158996909946,0.08741589969099461,-0.0006234156983988,0.0013696963099024
2021-10-13,SPY,SPY (S&P 500 ETF),ppo_markovian_mdd_static,PPO-MDD-Static,10884.040063830756,0.08840400638307555,0.0009086741258443,0.0004651410599096
2021-10-14,SPY,SPY (S&P 500 ETF),ppo_markovian_mdd_static,PPO-MDD-Static,10930.29723549149,0.09302972354914885,0.0042500001276595,0.000678777296044
2021-10-15,SPY,SPY (S&P 500 ETF),ppo_markovian_mdd_static,PPO-MDD-Static,10951.298634782155,0.09512986347821561,0.0019213932465143,0.0031630627216244
2021-10-18,SPY,SPY (S&P 500 ETF),ppo_markovian_mdd_static,PPO-MDD-Static,10959.476030502758,0.09594760305027572,0.0007467055728558,0.0014354508176462
2021-10-19,SPY,SPY (S&P 500 ETF),ppo_markovian_mdd_static,PPO-MDD-Static,10980.836442612634,0.09808364426126337,0.0019490358891633,0.0005586639465284
2021-10-20,SPY,SPY (S&P 500 ETF),ppo_markovian_mdd_static,PPO-MDD-Static,10991.719599925524,0.09917195999255246,0.0009911045820387,0.0014540857407787
2021-10-21,SPY,SPY (S&P 500 ETF),ppo_markovian_mdd_static,PPO-MDD-Static,10998.956288941325,0.0998956288941324,0.0006583764214516,0.0007409984725402
2021-10-22,SPY,SPY (S&P 500 ETF),ppo_markovian_mdd_static,PPO-MDD-Static,10996.070806670314,0.09960708066703128,-0.0002623414617904,0.0004922302493809
2021-10-25,SPY,SPY (S&P 500 ETF),ppo_markovian_mdd_static,PPO-MDD-Static,11010.970675711773,0.10109706757117731,0.0013550175606744,0.0001957296396881
2021-10-26,SPY,SPY (S&P 500 ETF),ppo_markovian_mdd_static,PPO-MDD-Static,11013.463877059305,0.10134638770593041,0.0002264288427387,0.0010113719821129
2021-10-27,SPY,SPY (S&P 500 ETF),ppo_markovian_mdd_static,PPO-MDD-Static,11001.1320325175,0.10011320325175,-0.0011197062685692,0.0001699261726147
2021-10-28,SPY,SPY (S&P 500 ETF),ppo_markovian_mdd_static,PPO-MDD-Static,11027.94716498588,0.10279471649858807,0.0024374884683793,0.0008375603224909
2021-10-29,SPY,SPY (S&P 500 ETF),ppo_markovian_mdd_static,PPO-MDD-Static,11033.581962932438,0.10335819629324372,0.0005109561972196,0.0018177151189325
2021-11-01,SPY,SPY (S&P 500 ETF),ppo_markovian_mdd_static,PPO-MDD-Static,11038.37413255406,0.10383741325540585,0.0004343258279786,0.0003829970402765
2021-11-02,SPY,SPY (S&P 500 ETF),ppo_markovian_mdd_static,PPO-MDD-Static,11049.648620927152,0.10496486209271505,0.0010213903096327,0.0003247141521386
2021-11-03,SPY,SPY (S&P 500 ETF),ppo_markovian_mdd_static,PPO-MDD-Static,11066.687917287984,0.10666879172879828,0.0015420668064107,0.0007627421843844
2021-11-04,SPY,SPY (S&P 500 ETF),ppo_markovian_mdd_static,PPO-MDD-Static,11079.854297157635,0.10798542971576364,0.0011897308361865,0.0011511716807032
2021-11-05,SPY,SPY (S&P 500 ETF),ppo_markovian_mdd_static,PPO-MDD-Static,11089.559166283714,0.10895591662837134,0.0008759022335309,0.0008888811408633
2021-11-08,SPY,SPY (S&P 500 ETF),ppo_markovian_mdd_static,PPO-MDD-Static,11091.944373552147,0.10919443735521472,0.0002150858508143,0.0006546471048683
2021-11-09,SPY,SPY (S&P 500 ETF),ppo_markovian_mdd_static,PPO-MDD-Static,11082.677618624904,0.10826776186249054,-0.0008354490984773,0.0001611868546578
2021-11-10,SPY,SPY (S&P 500 ETF),ppo_markovian_mdd_static,PPO-MDD-Static,11060.139756968549,0.10601397569685478,-0.0020336115902606,0.000624727355786
2021-11-11,SPY,SPY (S&P 500 ETF),ppo_markovian_mdd_static,PPO-MDD-Static,11061.027167376034,0.10610271673760341,8.023500850695697e-05,0.0015223341936503
2021-11-12,SPY,SPY (S&P 500 ETF),ppo_markovian_mdd_static,PPO-MDD-Static,11082.121360731157,0.10821213607311564,0.0019070736411657,6.109184873587248e-05
2021-11-15,SPY,SPY (S&P 500 ETF),ppo_markovian_mdd_static,PPO-MDD-Static,11083.06455628135,0.10830645562813501,8.510965721209018e-05,0.0014224770797486
2021-11-16,SPY,SPY (S&P 500 ETF),ppo_markovian_mdd_static,PPO-MDD-Static,11094.148756003398,0.10941487560033991,0.0010001024234553,6.465941916838913e-05
2021-11-17,SPY,SPY (S&P 500 ETF),ppo_markovian_mdd_static,PPO-MDD-Static,11087.330012710743,0.10873300127107433,-0.0006146251905054,0.0007466718521682
2021-11-18,SPY,SPY (S&P 500 ETF),ppo_markovian_mdd_static,PPO-MDD-Static,11096.84111394597,0.109684111394597,0.0008578351347279,0.000459029705644
2021-11-19,SPY,SPY (S&P 500 ETF),ppo_markovian_mdd_static,PPO-MDD-Static,11091.81931160112,0.1091819311601121,-0.0004525434124255,0.0006408481145695
2021-11-22,SPY,SPY (S&P 500 ETF),ppo_markovian_mdd_static,PPO-MDD-Static,11083.924710377516,0.10839247103775151,-0.0007117498943881,0.0003378568525233
2021-11-23,SPY,SPY (S&P 500 ETF),ppo_markovian_mdd_static,PPO-MDD-Static,11087.6328910728,0.10876328910728006,0.000334554843359,0.0005320124223599
2021-11-24,SPY,SPY (S&P 500 ETF),ppo_markovian_mdd_static,PPO-MDD-Static,11095.110821899094,0.10951108218990946,0.0006744388905872,0.0002503245625581
2021-11-26,SPY,SPY (S&P 500 ETF),ppo_markovian_mdd_static,PPO-MDD-Static,11032.57154065946,0.10325715406594616,-0.0056366522375059,0.0005038512104201
2021-11-29,SPY,SPY (S&P 500 ETF),ppo_markovian_mdd_static,PPO-MDD-Static,11066.72396522643,0.10667239652264304,0.0030955996470185,0.0042357337678897
2021-11-30,SPY,SPY (S&P 500 ETF),ppo_markovian_mdd_static,PPO-MDD-Static,11012.282773111598,0.10122827731115969,-0.0049193593592734,0.002309338788338
2021-12-01,SPY,SPY (S&P 500 ETF),ppo_markovian_mdd_static,PPO-MDD-Static,10981.332288665077,0.09813322886650777,-0.0028105421086801,0.0036926461555133
2021-12-02,SPY,SPY (S&P 500 ETF),ppo_markovian_mdd_static,PPO-MDD-Static,11023.812625007336,0.10238126250073365,0.0038684137066054,0.0021034528767848
2021-12-03,SPY,SPY (S&P 500 ETF),ppo_markovian_mdd_static,PPO-MDD-Static,10999.5409326829,0.09995409326828986,-0.0022017511681373,0.0028812673118597
2021-12-06,SPY,SPY (S&P 500 ETF),ppo_markovian_mdd_static,PPO-MDD-Static,11032.443062661325,0.10324430626613257,0.002991227559385,0.0016468276177157
2021-12-07,SPY,SPY (S&P 500 ETF),ppo_markovian_mdd_static,PPO-MDD-Static,11090.086946263677,0.10900869462636775,0.0052249427687909,0.0022298861984912
2021-12-08,SPY,SPY (S&P 500 ETF),ppo_markovian_mdd_static,PPO-MDD-Static,11097.464842209756,0.10974648422097566,0.0006652694412434,0.0038859296456413
2021-12-09,SPY,SPY (S&P 500 ETF),ppo_markovian_mdd_static,PPO-MDD-Static,11078.525295590678,0.10785252955906777,-0.001706655248597,0.0004997231695407
2021-12-10,SPY,SPY (S&P 500 ETF),ppo_markovian_mdd_static,PPO-MDD-Static,11104.865256795849,0.11048652567958483,0.002377569261466,0.0012771790488171
2021-12-13,SPY,SPY (S&P 500 ETF),ppo_markovian_mdd_static,PPO-MDD-Static,11079.986674190754,0.10799866741907538,-0.0022403317851938,0.0017734804819537
2021-12-14,SPY,SPY (S&P 500 ETF),ppo_markovian_mdd_static,PPO-MDD-Static,11060.704131564522,0.10607041315645227,-0.0017403037741143,0.001676616786759
2021-12-15,SPY,SPY (S&P 500 ETF),ppo_markovian_mdd_static,PPO-MDD-Static,11104.363386199062,0.1104363386199061,0.0039472400775957,0.001301530249759
2021-12-16,SPY,SPY (S&P 500 ETF),ppo_markovian_mdd_static,PPO-MDD-Static,11079.584811295734,0.10795848112957329,-0.0022314268762245,0.0029391190193042
2021-12-17,SPY,SPY (S&P 500 ETF),ppo_markovian_mdd_static,PPO-MDD-Static,11040.0696313294,0.10400696313293989,-0.0035664856255305,0.0016690593356241
2021-12-20,SPY,SPY (S&P 500 ETF),ppo_markovian_mdd_static,PPO-MDD-Static,11010.3741133833,0.10103741133832989,-0.0026897944431283,0.0026735001056839
2021-12-21,SPY,SPY (S&P 500 ETF),ppo_markovian_mdd_static,PPO-MDD-Static,11059.764295759374,0.10597642957593734,0.0044857860293809,0.0020134845201904
2021-12-22,SPY,SPY (S&P 500 ETF),ppo_markovian_mdd_static,PPO-MDD-Static,11087.67240180097,0.10876724018009698,0.0025233906704771,0.0033387276674796
2021-12-23,SPY,SPY (S&P 500 ETF),ppo_markovian_mdd_static,PPO-MDD-Static,11105.085276782036,0.11050852767820363,0.0015704716328233,0.0018834563669737
2021-12-27,SPY,SPY (S&P 500 ETF),ppo_markovian_mdd_static,PPO-MDD-Static,11144.78773884401,0.11447877388440109,0.0035751604848079,0.0011731686878677
2021-12-28,SPY,SPY (S&P 500 ETF),ppo_markovian_mdd_static,PPO-MDD-Static,11142.456551555451,0.11424565515554508,-0.0002091728746372,0.002663050918822
2021-12-29,SPY,SPY (S&P 500 ETF),ppo_markovian_mdd_static,PPO-MDD-Static,11146.056784452212,0.11460567844522118,0.0003231094400144,0.0001543557856621
2021-12-30,SPY,SPY (S&P 500 ETF),ppo_markovian_mdd_static,PPO-MDD-Static,11138.267305799098,0.11382673057990988,-0.00069885510219,0.0002414949818269
2021-12-31,SPY,SPY (S&P 500 ETF),ppo_markovian_mdd_static,PPO-MDD-Static,11131.167895530492,0.11311678955304916,-0.0006373891085293,0.0005224346818454
2022-01-03,SPY,SPY (S&P 500 ETF),ppo_markovian_mdd_static,PPO-MDD-Static,11147.449260595504,0.11474492605955033,0.0014626825520751,0.0004762300227357
2022-01-04,SPY,SPY (S&P 500 ETF),ppo_markovian_mdd_static,PPO-MDD-Static,11146.493557685772,0.11464935576857704,-8.573287820290432e-05,0.0010918124242521
2022-01-05,SPY,SPY (S&P 500 ETF),ppo_markovian_mdd_static,PPO-MDD-Static,11092.404478166263,0.10924044781662623,-0.004852564552214,6.325716186522667e-05
2022-01-06,SPY,SPY (S&P 500 ETF),ppo_markovian_mdd_static,PPO-MDD-Static,11089.730779395257,0.10897307793952571,-0.0002410387014167,0.0036439262308726
2022-01-07,SPY,SPY (S&P 500 ETF),ppo_markovian_mdd_static,PPO-MDD-Static,11078.649317892015,0.10786493178920153,-0.0009992543303062,0.0001774464009763
2022-01-10,SPY,SPY (S&P 500 ETF),ppo_markovian_mdd_static,PPO-MDD-Static,11075.15725884969,0.10751572588496883,-0.0003152062080967,0.0007473506950498
2022-01-11,SPY,SPY (S&P 500 ETF),ppo_markovian_mdd_static,PPO-MDD-Static,11100.646521701365,0.1100646521701365,0.0023014808960213,0.0002350672304347
2022-01-12,SPY,SPY (S&P 500 ETF),ppo_markovian_mdd_static,PPO-MDD-Static,11108.2114434765,0.11082114434765011,0.0006814847910294,0.0017161083412094
2022-01-13,SPY,SPY (S&P 500 ETF),ppo_markovian_mdd_static,PPO-MDD-Static,11069.527721515096,0.10695277215150956,-0.0034824437901856,0.0005102040593044
2022-01-14,SPY,SPY (S&P 500 ETF),ppo_markovian_mdd_static,PPO-MDD-Static,11070.64298453088,0.10706429845308785,0.0001007507315438,0.0026111202532985
2022-01-18,SPY,SPY (S&P 500 ETF),ppo_markovian_mdd_static,PPO-MDD-Static,11021.097354355754,0.10210973543557533,-0.0044754067351243,7.723388348535032e-05
2022-01-19,SPY,SPY (S&P 500 ETF),ppo_markovian_mdd_static,PPO-MDD-Static,10992.141176971758,0.0992141176971757,-0.0026273406769745,0.0033594204961157
2022-01-20,SPY,SPY (S&P 500 ETF),ppo_markovian_mdd_static,PPO-MDD-Static,10961.374934775777,0.0961374934775776,-0.0027989307725082,0.0019660502519843
2022-01-21,SPY,SPY (S&P 500 ETF),ppo_markovian_mdd_static,PPO-MDD-Static,10906.975038803876,0.09069750388038766,-0.0049628715645254,0.0020960208466194
2022-01-24,SPY,SPY (S&P 500 ETF),ppo_markovian_mdd_static,PPO-MDD-Static,10918.639471092654,0.09186394710926549,0.001069447050835,0.003725646416531
2022-01-25,SPY,SPY (S&P 500 ETF),ppo_markovian_mdd_static,PPO-MDD-Static,10884.943645400648,0.08849436454006487,-0.0030860828202283,0.0008011184853417
2022-01-26,SPY,SPY (S&P 500 ETF),ppo_markovian_mdd_static,PPO-MDD-Static,10878.017560302216,0.08780175603022156,-0.0006362995826219,0.0023127490385008
2022-01-27,SPY,SPY (S&P 500 ETF),ppo_markovian_mdd_static,PPO-MDD-Static,10864.438228881523,0.08644382288815233,-0.0012483277716196,0.0004740760466939
2022-01-28,SPY,SPY (S&P 500 ETF),ppo_markovian_mdd_static,PPO-MDD-Static,10932.613926276812,0.0932613926276813,0.0062751240293357,0.000933678792942
2022-01-31,SPY,SPY (S&P 500 ETF),ppo_markovian_mdd_static,PPO-MDD-Static,10982.322635328908,0.09823226353289094,0.0045468274455955,0.0046608114703162
2022-02-01,SPY,SPY (S&P 500 ETF),ppo_markovian_mdd_static,PPO-MDD-Static,11001.037894437648,0.10010378944376486,0.0017041257783243,0.0033859035652559
2022-02-02,SPY,SPY (S&P 500 ETF),ppo_markovian_mdd_static,PPO-MDD-Static,11028.029298940502,0.10280292989405027,0.0024535325450065,0.0012738420047275
2022-02-03,SPY,SPY (S&P 500 ETF),ppo_markovian_mdd_static,PPO-MDD-Static,10962.504353253797,0.09625043532537969,-0.0059416731594105,0.0018299715524194
2022-02-04,SPY,SPY (S&P 500 ETF),ppo_markovian_mdd_static,PPO-MDD-Static,10975.481839789649,0.09754818397896492,0.0011838067395615,0.0044653392200944
2022-02-07,SPY,SPY (S&P 500 ETF),ppo_markovian_mdd_static,PPO-MDD-Static,10966.570950354824,0.09665709503548237,-0.0008118904996516,0.0008869383229331
2022-02-08,SPY,SPY (S&P 500 ETF),ppo_markovian_mdd_static,PPO-MDD-Static,10989.366326550202,0.09893663265502028,0.0020786238741874,0.0006065503373695
2022-02-09,SPY,SPY (S&P 500 ETF),ppo_markovian_mdd_static,PPO-MDD-Static,11029.994887875062,0.10299948878750609,0.0036970795328481,0.0015505728236374
2022-02-10,SPY,SPY (S&P 500 ETF),ppo_markovian_mdd_static,PPO-MDD-Static,10979.888134322637,0.09798881343226373,-0.0045427721464772,0.0027537821747179
2022-02-11,SPY,SPY (S&P 500 ETF),ppo_markovian_mdd_static,PPO-MDD-Static,10925.137630833387,0.0925137630833388,-0.0049864354553942,0.003408210027028
2022-02-14,SPY,SPY (S&P 500 ETF),ppo_markovian_mdd_static,PPO-MDD-Static,10916.070687474928,0.0916070687474928,-0.000829915710432,0.0037424465373621
2022-02-15,SPY,SPY (S&P 500 ETF),ppo_markovian_mdd_static,PPO-MDD-Static,10960.550836026036,0.09605508360260351,0.0040747398788967,0.0006179069193459
2022-02-16,SPY,SPY (S&P 500 ETF),ppo_markovian_mdd_static,PPO-MDD-Static,10963.622042453362,0.09636220424533626,0.0002802054817565,0.0030331301473138
2022-02-17,SPY,SPY (S&P 500 ETF),ppo_markovian_mdd_static,PPO-MDD-Static,10904.43631014191,0.09044363101419095,-0.0053983740120074,0.0002116031493843
2022-02-18,SPY,SPY (S&P 500 ETF),ppo_markovian_mdd_static,PPO-MDD-Static,10886.549374505272,0.08865493745052722,-0.0016403356512799,0.0040559082882997
2022-02-22,SPY,SPY (S&P 500 ETF),ppo_markovian_mdd_static,PPO-MDD-Static,10857.012248793326,0.08570122487933252,-0.0027131761126365,0.0012247906774761
2022-02-23,SPY,SPY (S&P 500 ETF),ppo_markovian_mdd_static,PPO-MDD-Static,10808.32188471882,0.0808321884718819,-0.004484692745918,0.0020321377951938
2022-02-24,SPY,SPY (S&P 500 ETF),ppo_markovian_mdd_static,PPO-MDD-Static,10849.389493709485,0.08493894937094848,0.0037996286036527,0.0033649550025753
2022-02-25,SPY,SPY (S&P 500 ETF),ppo_markovian_mdd_static,PPO-MDD-Static,10909.851673226463,0.09098516732264628,0.0055728646807302,0.0028311957890838
2022-02-28,SPY,SPY (S&P 500 ETF),ppo_markovian_mdd_static,PPO-MDD-Static,10902.752669232026,0.09027526692320254,-0.000650696655378,0.0041435909558265
2022-03-01,SPY,SPY (S&P 500 ETF),ppo_markovian_mdd_static,PPO-MDD-Static,10860.785065584316,0.08607850655843152,-0.0038492667788515,0.0004834796565463
2022-03-02,SPY,SPY (S&P 500 ETF),ppo_markovian_mdd_static,PPO-MDD-Static,10911.243592537763,0.09112435925377627,0.0046459373469547,0.002887285600615
2022-03-03,SPY,SPY (S&P 500 ETF),ppo_markovian_mdd_static,PPO-MDD-Static,10897.478571361127,0.08974785713611277,-0.0012615446681116,0.0034579720272556
2022-03-04,SPY,SPY (S&P 500 ETF),ppo_markovian_mdd_static,PPO-MDD-Static,10875.094260087246,0.08750942600872458,-0.0020540816967247,0.0009413478653843
2022-03-07,SPY,SPY (S&P 500 ETF),ppo_markovian_mdd_static,PPO-MDD-Static,10794.062832765094,0.07940628327650945,-0.0074511011476512,0.0015374569933626
2022-03-08,SPY,SPY (S&P 500 ETF),ppo_markovian_mdd_static,PPO-MDD-Static,10773.321595383535,0.0773321595383536,-0.0019215412864375,0.0056088040820993
2022-03-09,SPY,SPY (S&P 500 ETF),ppo_markovian_mdd_static,PPO-MDD-Static,10846.298111862316,0.08462981118623158,0.0067738176970464,0.0014345208423305
2022-03-10,SPY,SPY (S&P 500 ETF),ppo_markovian_mdd_static,PPO-MDD-Static,10833.8668236336,0.08338668236336,-0.001146131896847,0.005029037787646
2022-03-11,SPY,SPY (S&P 500 ETF),ppo_markovian_mdd_static,PPO-MDD-Static,10799.046492860009,0.07990464928600094,-0.0032140261035545,0.0008537174967081
2022-03-14,SPY,SPY (S&P 500 ETF),ppo_markovian_mdd_static,PPO-MDD-Static,10779.076210752257,0.07790762107522564,-0.0018492634623763,0.0024089259622077
2022-03-15,SPY,SPY (S&P 500 ETF),ppo_markovian_mdd_static,PPO-MDD-Static,10838.961863152184,0.08389618631521834,0.0055557314216028,0.0013826998109365
2022-03-16,SPY,SPY (S&P 500 ETF),ppo_markovian_mdd_static,PPO-MDD-Static,10899.653629381914,0.08996536293819135,0.0055994076735388,0.0041298522483348
2022-03-17,SPY,SPY (S&P 500 ETF),ppo_markovian_mdd_static,PPO-MDD-Static,10934.068343247416,0.09340683432474162,0.0031574135321816,0.004164171623198
2022-03-18,SPY,SPY (S&P 500 ETF),ppo_markovian_mdd_static,PPO-MDD-Static,10955.65514207378,0.09556551420737791,0.0019742696084112,0.0023551909165215
2022-03-21,SPY,SPY (S&P 500 ETF),ppo_markovian_mdd_static,PPO-MDD-Static,10954.829485055723,0.09548294850557237,-7.536354579906757e-05,0.001474208854139
2022-03-22,SPY,SPY (S&P 500 ETF),ppo_markovian_mdd_static,PPO-MDD-Static,10987.222473018446,0.09872224730184453,0.0029569595772269,5.522120065487579e-05
2022-03-23,SPY,SPY (S&P 500 ETF),ppo_markovian_mdd_static,PPO-MDD-Static,10951.440898957768,0.09514408989577672,-0.0032566532759801,0.0022032437467652
2022-03-24,SPY,SPY (S&P 500 ETF),ppo_markovian_mdd_static,PPO-MDD-Static,10993.132342355802,0.09931323423558025,0.0038069368024442,0.002439976294687
2022-03-25,SPY,SPY (S&P 500 ETF),ppo_markovian_mdd_static,PPO-MDD-Static,11006.66792747322,0.10066679274732193,0.0012312764638762,0.0028359272262724
2022-03-28,SPY,SPY (S&P 500 ETF),ppo_markovian_mdd_static,PPO-MDD-Static,11026.442358238744,0.10264423582387439,0.0017965864779263,0.0009211103234961
2022-03-29,SPY,SPY (S&P 500 ETF),ppo_markovian_mdd_static,PPO-MDD-Static,11060.898232572885,0.10608982325728844,0.0031248405618695,0.0013408572032997
2022-03-30,SPY,SPY (S&P 500 ETF),ppo_markovian_mdd_static,PPO-MDD-Static,11043.612989946176,0.10436129899461766,-0.0015627340802943,0.0023288983700835
2022-03-31,SPY,SPY (S&P 500 ETF),ppo_markovian_mdd_static,PPO-MDD-Static,11000.646205039528,0.10006462050395282,-0.0038906456560696,0.001167906151859
2022-04-01,SPY,SPY (S&P 500 ETF),ppo_markovian_mdd_static,PPO-MDD-Static,11008.492724383126,0.10084927243831254,0.0007132780381577,0.0029179350276099
2022-04-04,SPY,SPY (S&P 500 ETF),ppo_markovian_mdd_static,PPO-MDD-Static,11032.318314412703,0.10323183144127035,0.0021642917542024,0.0005348272871824
2022-04-05,SPY,SPY (S&P 500 ETF),ppo_markovian_mdd_static,PPO-MDD-Static,10997.085238342426,0.09970852383424256,-0.0031936239570109,0.0016142676075667
2022-04-06,SPY,SPY (S&P 500 ETF),ppo_markovian_mdd_static,PPO-MDD-Static,10969.270454144422,0.09692704541444219,-0.0025292869515119,0.0023930112385622
2022-04-07,SPY,SPY (S&P 500 ETF),ppo_markovian_mdd_static,PPO-MDD-Static,10983.2176979041,0.09832176979040996,0.0012714832602573,0.001893120268895
2022-04-08,SPY,SPY (S&P 500 ETF),ppo_markovian_mdd_static,PPO-MDD-Static,10975.785686222009,0.09757856862220082,-0.0006766697962758,0.0009503778090067
2022-04-11,SPY,SPY (S&P 500 ETF),ppo_markovian_mdd_static,PPO-MDD-Static,10928.372153539503,0.09283721535395029,-0.0043198304010272,0.0005053028149148
2022-04-12,SPY,SPY (S&P 500 ETF),ppo_markovian_mdd_static,PPO-MDD-Static,10918.104143390983,0.09181041433909831,-0.0009395736166611,0.003241808672785
2022-04-13,SPY,SPY (S&P 500 ETF),ppo_markovian_mdd_static,PPO-MDD-Static,10949.697736639037,0.09496977366390369,0.0028936885775334,0.0007003729510978
2022-04-14,SPY,SPY (S&P 500 ETF),ppo_markovian_mdd_static,PPO-MDD-Static,10915.21946816105,0.09152194681610504,-0.0031487872366209,0.0021567178754201
2022-04-18,SPY,SPY (S&P 500 ETF),ppo_markovian_mdd_static,PPO-MDD-Static,10916.327781465314,0.09163277814653137,0.0001015383435483,0.0023588849170786
2022-04-19,SPY,SPY (S&P 500 ETF),ppo_markovian_mdd_static,PPO-MDD-Static,10960.858506627404,0.09608585066274045,0.0040792770291946,7.763386567433139e-05
2022-04-20,SPY,SPY (S&P 500 ETF),ppo_markovian_mdd_static,PPO-MDD-Static,10958.771246490112,0.09587712464901132,-0.0001904285267463,0.0030360911481498
2022-04-21,SPY,SPY (S&P 500 ETF),ppo_markovian_mdd_static,PPO-MDD-Static,10917.35809731448,0.09173580973144801,-0.0037789956779047,0.0001400638662972
2022-04-22,SPY,SPY (S&P 500 ETF),ppo_markovian_mdd_static,PPO-MDD-Static,10841.625944658226,0.08416259446582264,-0.006936857065711,0.0028346271905671
2022-04-25,SPY,SPY (S&P 500 ETF),ppo_markovian_mdd_static,PPO-MDD-Static,10857.453192848754,0.08574531928487539,0.0014598592749204,0.0052179477223953
2022-04-26,SPY,SPY (S&P 500 ETF),ppo_markovian_mdd_static,PPO-MDD-Static,10777.98024931559,0.07779802493155885,-0.0073196671559688,0.0010932470509991
2022-04-27,SPY,SPY (S&P 500 ETF),ppo_markovian_mdd_static,PPO-MDD-Static,10785.579175800454,0.07855791758004549,0.0007050417897498,0.0055094518251731
2022-04-28,SPY,SPY (S&P 500 ETF),ppo_markovian_mdd_static,PPO-MDD-Static,10854.420140844031,0.08544201408440322,0.0063826859848226,0.0005306163884128
2022-04-29,SPY,SPY (S&P 500 ETF),ppo_markovian_mdd_static,PPO-MDD-Static,10753.000560454411,0.0753000560454411,-0.0093436203015569,0.0047398846153068
2022-05-02,SPY,SPY (S&P 500 ETF),ppo_markovian_mdd_static,PPO-MDD-Static,10769.281633302508,0.07692816333025077,0.001514095787177,0.0070447099740933
2022-05-03,SPY,SPY (S&P 500 ETF),ppo_markovian_mdd_static,PPO-MDD-Static,10781.744705871231,0.07817447058712323,0.0011572798440133,0.001135020242591
2022-05-04,SPY,SPY (S&P 500 ETF),ppo_markovian_mdd_static,PPO-MDD-Static,10864.70781230282,0.08647078123028207,0.0076947756318519,0.0008646755054393
2022-05-05,SPY,SPY (S&P 500 ETF),ppo_markovian_mdd_static,PPO-MDD-Static,10767.060734856985,0.07670607348569858,-0.0089875474916372,0.0057069898246779
2022-05-06,SPY,SPY (S&P 500 ETF),ppo_markovian_mdd_static,PPO-MDD-Static,10750.747047852969,0.07507470478529688,-0.0015151476717507,0.0067729453532931
2022-05-09,SPY,SPY (S&P 500 ETF),ppo_markovian_mdd_static,PPO-MDD-Static,10663.751101657988,0.06637511016579878,-0.0080920838159199,0.0011289094559154
2022-05-10,SPY,SPY (S&P 500 ETF),ppo_markovian_mdd_static,PPO-MDD-Static,10669.912463999004,0.0669912463999005,0.0005777856480595,0.0060956464382473
2022-05-11,SPY,SPY (S&P 500 ETF),ppo_markovian_mdd_static,PPO-MDD-Static,10627.073199629533,0.06270731996295331,-0.0040149593086179,0.0004360788764633
2022-05-12,SPY,SPY (S&P 500 ETF),ppo_markovian_mdd_static,PPO-MDD-Static,10624.237693820822,0.06242376938208216,-0.0002668190719538,0.0030121216264846
2022-05-13,SPY,SPY (S&P 500 ETF),ppo_markovian_mdd_static,PPO-MDD-Static,10688.42364743222,0.06884236474322214,0.006041464381838,0.0001971938977756
2022-05-16,SPY,SPY (S&P 500 ETF),ppo_markovian_mdd_static,PPO-MDD-Static,10677.41611906933,0.06774161190693295,-0.0010298551709759,0.0044877830961044
2022-05-17,SPY,SPY (S&P 500 ETF),ppo_markovian_mdd_static,PPO-MDD-Static,10732.911964139448,0.07329119641394488,0.0051974976390594,0.0007670405713854
2022-05-18,SPY,SPY (S&P 500 ETF),ppo_markovian_mdd_static,PPO-MDD-Static,10623.534874799563,0.06235348747995628,-0.0101908121211963,0.0038645446946804
2022-05-19,SPY,SPY (S&P 500 ETF),ppo_markovian_mdd_static,PPO-MDD-Static,10607.010931123725,0.06070109311237237,-0.0015554091807085,0.0076910198976298
2022-05-20,SPY,SPY (S&P 500 ETF),ppo_markovian_mdd_static,PPO-MDD-Static,10608.16875985722,0.06081687598572216,0.0001091569284705,0.0011584018825722
2022-05-23,SPY,SPY (S&P 500 ETF),ppo_markovian_mdd_static,PPO-MDD-Static,10658.32494025833,0.06583249402583302,0.0047280715019266,8.242895816346074e-05
2022-05-24,SPY,SPY (S&P 500 ETF),ppo_markovian_mdd_static,PPO-MDD-Static,10637.726522038984,0.06377265220389838,-0.0019326130827126,0.0035166926623643
2022-05-25,SPY,SPY (S&P 500 ETF),ppo_markovian_mdd_static,PPO-MDD-Static,10661.461289021963,0.06614612890219629,0.0022311879266501,0.0014443931101481
2022-05-26,SPY,SPY (S&P 500 ETF),ppo_markovian_mdd_static,PPO-MDD-Static,10715.27765543345,0.07152776554334506,0.0050477476729107,0.0016647178590308
2022-05-27,SPY,SPY (S&P 500 ETF),ppo_markovian_mdd_static,PPO-MDD-Static,10781.711774877876,0.07817117748778757,0.006199943816737,0.003754442793009
2022-05-31,SPY,SPY (S&P 500 ETF),ppo_markovian_mdd_static,PPO-MDD-Static,10766.37444966325,0.07663744496632496,-0.0014225315548095,0.0046074191375723
2022-06-01,SPY,SPY (S&P 500 ETF),ppo_markovian_mdd_static,PPO-MDD-Static,10744.356342629564,0.07443563426295641,-0.0020450809264185,0.0010611153011059
2022-06-02,SPY,SPY (S&P 500 ETF),ppo_markovian_mdd_static,PPO-MDD-Static,10796.046025460142,0.0796046025460142,0.0048108682532701,0.0015306134386776
2022-06-03,SPY,SPY (S&P 500 ETF),ppo_markovian_mdd_static,PPO-MDD-Static,10751.233160953014,0.07512331609530132,-0.0041508589720206,0.0035790571773821
2022-06-06,SPY,SPY (S&P 500 ETF),ppo_markovian_mdd_static,PPO-MDD-Static,10759.472023899352,0.07594720238993524,0.000766317949113,0.0031121544346665
2022-06-07,SPY,SPY (S&P 500 ETF),ppo_markovian_mdd_static,PPO-MDD-Static,10785.546947075944,0.07855469470759435,0.0024234389121207,0.0005745500121548
2022-06-08,SPY,SPY (S&P 500 ETF),ppo_markovian_mdd_static,PPO-MDD-Static,10755.89463799451,0.07558946379945097,-0.00274926336392,0.0018070707615656
2022-06-09,SPY,SPY (S&P 500 ETF),ppo_markovian_mdd_static,PPO-MDD-Static,10691.22879222274,0.069122879222274,-0.0060121308313436,0.0020588171206877
2022-06-10,SPY,SPY (S&P 500 ETF),ppo_markovian_mdd_static,PPO-MDD-Static,10612.842112580547,0.06128421125805472,-0.0073318681290602,0.0045184547372848
2022-06-13,SPY,SPY (S&P 500 ETF),ppo_markovian_mdd_static,PPO-MDD-Static,10510.95612667749,0.05109561266774909,-0.0096002545616203,0.0055161260549748
2022-06-14,SPY,SPY (S&P 500 ETF),ppo_markovian_mdd_static,PPO-MDD-Static,10502.876086014488,0.05028760860144876,-0.0007687255627009,0.0072395898805123
2022-06-15,SPY,SPY (S&P 500 ETF),ppo_markovian_mdd_static,PPO-MDD-Static,10540.708436676,0.054070843667599844,0.0036020943550776,0.0005694914836368
2022-06-16,SPY,SPY (S&P 500 ETF),ppo_markovian_mdd_static,PPO-MDD-Static,10452.522378977932,0.04525223789779331,-0.0083662363139869,0.0026825852166346
2022-06-17,SPY,SPY (S&P 500 ETF),ppo_markovian_mdd_static,PPO-MDD-Static,10446.765159956229,0.044676515995622834,-0.0005507971007346,0.006302761744119
2022-06-21,SPY,SPY (S&P 500 ETF),ppo_markovian_mdd_static,PPO-MDD-Static,10513.218316318393,0.05132183163183934,0.0063611228303368,0.0004071214525871
2022-06-22,SPY,SPY (S&P 500 ETF),ppo_markovian_mdd_static,PPO-MDD-Static,10508.352042603234,0.050835204260323286,-0.0004628719359518,0.0047238823173882
2022-06-23,SPY,SPY (S&P 500 ETF),ppo_markovian_mdd_static,PPO-MDD-Static,10534.379407038114,0.05343794070381147,0.00247682646426,0.0003425297201029
2022-06-24,SPY,SPY (S&P 500 ETF),ppo_markovian_mdd_static,PPO-MDD-Static,10618.998364397148,0.06189983643971475,0.0080326475902794,0.0018465991776768
2022-06-27,SPY,SPY (S&P 500 ETF),ppo_markovian_mdd_static,PPO-MDD-Static,10608.685047279938,0.060868504727993766,-0.0009712137400631,0.0059562824977007
2022-06-28,SPY,SPY (S&P 500 ETF),ppo_markovian_mdd_static,PPO-MDD-Static,10553.8993760928,0.05538993760928013,-0.0051642282660832,0.0007220321035198
2022-06-29,SPY,SPY (S&P 500 ETF),ppo_markovian_mdd_static,PPO-MDD-Static,10551.686441380029,0.05516864413800282,-0.0002096793454168,0.0038786863092154
2022-06-30,SPY,SPY (S&P 500 ETF),ppo_markovian_mdd_static,PPO-MDD-Static,10530.021560037509,0.0530021560037508,-0.0020532150441429,0.0001538257984368
2022-07-01,SPY,SPY (S&P 500 ETF),ppo_markovian_mdd_static,PPO-MDD-Static,10558.149458987064,0.05581494589870628,0.0026712100055241,0.0015373964027776
2022-07-05,SPY,SPY (S&P 500 ETF),ppo_markovian_mdd_static,PPO-MDD-Static,10563.16735009668,0.05631673500966805,0.0004752623676249,0.0019920063361705
2022-07-06,SPY,SPY (S&P 500 ETF),ppo_markovian_mdd_static,PPO-MDD-Static,10572.17897865627,0.05721789786562703,0.0008531180337216,0.000356479784866
2022-07-07,SPY,SPY (S&P 500 ETF),ppo_markovian_mdd_static,PPO-MDD-Static,10612.185988290434,0.06121859882904346,0.0037841782394085,0.0006372525100208
2022-07-08,SPY,SPY (S&P 500 ETF),ppo_markovian_mdd_static,PPO-MDD-Static,10609.95011575749,0.06099501157574916,-0.0002106891582385,0.0028177062235235
2022-07-11,SPY,SPY (S&P 500 ETF),ppo_markovian_mdd_static,PPO-MDD-Static,10579.319563890447,0.0579319563890448,-0.0028869647390284,0.0001553737704905
2022-07-12,SPY,SPY (S&P 500 ETF),ppo_markovian_mdd_static,PPO-MDD-Static,10555.639463852483,0.05556394638524842,-0.0022383386658237,0.0021635406342281
2022-07-13,SPY,SPY (S&P 500 ETF),ppo_markovian_mdd_static,PPO-MDD-Static,10541.613057755443,0.054161305775544344,-0.0013288068567589,0.0016748285071466
2022-07-14,SPY,SPY (S&P 500 ETF),ppo_markovian_mdd_static,PPO-MDD-Static,10535.133277811963,0.05351332778119633,-0.0006146858083273,0.0009930770651577
2022-07-15,SPY,SPY (S&P 500 ETF),ppo_markovian_mdd_static,PPO-MDD-Static,10585.99176480721,0.058599176480720994,0.0048275124437542,0.0004588908103378
2022-07-18,SPY,SPY (S&P 500 ETF),ppo_markovian_mdd_static,PPO-MDD-Static,10563.865329633069,0.05638653296330687,-0.0020901617595907,0.0035905791919569
2022-07-19,SPY,SPY (S&P 500 ETF),ppo_markovian_mdd_static,PPO-MDD-Static,10635.977899288451,0.06359778992884513,0.0068263431428929,0.0015625475593986
2022-07-20,SPY,SPY (S&P 500 ETF),ppo_markovian_mdd_static,PPO-MDD-Static,10653.053555415388,0.06530535554153882,0.0016054617909726,0.0050678562574617
2022-07-21,SPY,SPY (S&P 500 ETF),ppo_markovian_mdd_static,PPO-MDD-Static,10680.45483117481,0.06804548311748104,0.0025721522582125,0.0012016095860043
2022-07-22,SPY,SPY (S&P 500 ETF),ppo_markovian_mdd_static,PPO-MDD-Static,10655.392645162983,0.06553926451629821,-0.0023465466974939,0.0019181175471449
2022-07-25,SPY,SPY (S&P 500 ETF),ppo_markovian_mdd_static,PPO-MDD-Static,10658.645378279143,0.06586453782791435,0.0003052663777376,0.0017562473781023
2022-07-26,SPY,SPY (S&P 500 ETF),ppo_markovian_mdd_static,PPO-MDD-Static,10626.776039895927,0.06267760398959266,-0.0029899989400304,0.0002293660681956
2022-07-27,SPY,SPY (S&P 500 ETF),ppo_markovian_mdd_static,PPO-MDD-Static,10696.483525472331,0.06964835254723312,0.0065596080424299,0.0022409364859097
2022-07-28,SPY,SPY (S&P 500 ETF),ppo_markovian_mdd_static,PPO-MDD-Static,10730.334178352294,0.07303341783522943,0.0031646524579176,0.0048716724066232
2022-07-29,SPY,SPY (S&P 500 ETF),ppo_markovian_mdd_static,PPO-MDD-Static,10769.840749690902,0.07698407496909021,0.0036817652350762,0.0023610935026331
2022-08-01,SPY,SPY (S&P 500 ETF),ppo_markovian_mdd_static,PPO-MDD-Static,10761.751900911966,0.07617519009119667,-0.0007510648455194,0.0027430253691553
2022-08-02,SPY,SPY (S&P 500 ETF),ppo_markovian_mdd_static,PPO-MDD-Static,10743.8039982619,0.07438039982618982,-0.001667749156022,0.0005596365354141
2022-08-03,SPY,SPY (S&P 500 ETF),ppo_markovian_mdd_static,PPO-MDD-Static,10786.306489278702,0.0786306489278703,0.0039560002233545,0.0012479615790279
2022-08-04,SPY,SPY (S&P 500 ETF),ppo_markovian_mdd_static,PPO-MDD-Static,10784.433218538654,0.07844332185386538,-0.0001736711952242,0.0029455741064261
2022-08-05,SPY,SPY (S&P 500 ETF),ppo_markovian_mdd_static,PPO-MDD-Static,10779.825669551132,0.07798256695511308,-0.0004272407176301,0.000127604349206
2022-08-08,SPY,SPY (S&P 500 ETF),ppo_markovian_mdd_static,PPO-MDD-Static,10776.659696538884,0.07766596965388839,-0.0002936942682838,0.0003193153805771
2022-08-09,SPY,SPY (S&P 500 ETF),ppo_markovian_mdd_static,PPO-MDD-Static,10765.842988875183,0.07658429888751828,-0.0010037161762819,0.000219301673572
2022-08-10,SPY,SPY (S&P 500 ETF),ppo_markovian_mdd_static,PPO-MDD-Static,10822.978185643076,0.08229781856430773,0.0053070806277717,0.0007506603829864
2022-08-11,SPY,SPY (S&P 500 ETF),ppo_markovian_mdd_static,PPO-MDD-Static,10822.935482828918,0.0822935482828917,-3.945569641228275e-06,0.0039455696411182
2022-08-12,SPY,SPY (S&P 500 ETF),ppo_markovian_mdd_static,PPO-MDD-Static,10869.236731054389,0.0869236731054388,0.0042780674705977,0.0
2022-08-15,SPY,SPY (S&P 500 ETF),ppo_markovian_mdd_static,PPO-MDD-Static,10880.520702324628,0.08805207023246275,0.0010381567307298,0.003183354437196
2022-08-16,SPY,SPY (S&P 500 ETF),ppo_markovian_mdd_static,PPO-MDD-Static,10885.897954287408,0.08858979542874068,0.0004942090649788,0.0007773798852282
2022-08-17,SPY,SPY (S&P 500 ETF),ppo_markovian_mdd_static,PPO-MDD-Static,10866.367754532215,0.08663677545322157,-0.0017940825678508,0.0003697175541179
2022-08-18,SPY,SPY (S&P 500 ETF),ppo_markovian_mdd_static,PPO-MDD-Static,10874.334157485222,0.08743341574852215,0.0007331247324739,0.0013428395503294
2022-08-19,SPY,SPY (S&P 500 ETF),ppo_markovian_mdd_static,PPO-MDD-Static,10837.400334374794,0.08374003343747938,-0.0033964215717066,0.0005484609289101
2022-08-22,SPY,SPY (S&P 500 ETF),ppo_markovian_mdd_static,PPO-MDD-Static,10780.346754600278,0.07803467546002785,-0.0052645079091108,0.0025463632422991
2022-08-23,SPY,SPY (S&P 500 ETF),ppo_markovian_mdd_static,PPO-MDD-Static,10773.71347705896,0.07737134770589593,-0.0006153120759763,0.0039530417455713
2022-08-24,SPY,SPY (S&P 500 ETF),ppo_markovian_mdd_static,PPO-MDD-Static,10782.424036862569,0.07824240368625679,0.0008085011562779,0.0004571460669808
2022-08-25,SPY,SPY (S&P 500 ETF),ppo_markovian_mdd_static,PPO-MDD-Static,10820.88473297556,0.08208847329755597,0.0035669804843052,0.0006040411077425
2022-08-26,SPY,SPY (S&P 500 ETF),ppo_markovian_mdd_static,PPO-MDD-Static,10728.295845896177,0.07282958458961764,-0.0085564987858366,0.0026565576951306
2022-08-29,SPY,SPY (S&P 500 ETF),ppo_markovian_mdd_static,PPO-MDD-Static,10710.300393982114,0.07103003939821129,-0.00167738214648,0.00644739992403
2022-08-30,SPY,SPY (S&P 500 ETF),ppo_markovian_mdd_static,PPO-MDD-Static,10680.5748148456,0.06805748148456003,-0.0027754197401612,0.0012507771080939
2022-08-31,SPY,SPY (S&P 500 ETF),ppo_markovian_mdd_static,PPO-MDD-Static,10660.015468266409,0.06600154682664083,-0.001924928848456,0.0020788888904735
2022-09-01,SPY,SPY (S&P 500 ETF),ppo_markovian_mdd_static,PPO-MDD-Static,10668.45304983794,0.06684530498379404,0.0007915168225269,0.0014397050685447
2022-09-02,SPY,SPY (S&P 500 ETF),ppo_markovian_mdd_static,PPO-MDD-Static,10640.019125405626,0.06400191254056264,-0.0026652340596601,0.0005921027902504
2022-09-06,SPY,SPY (S&P 500 ETF),ppo_markovian_mdd_static,PPO-MDD-Static,10629.85265727815,0.06298526572781493,-0.0009554934072628,0.0019965916391115
2022-09-07,SPY,SPY (S&P 500 ETF),ppo_markovian_mdd_static,PPO-MDD-Static,10678.103068703987,0.0678103068703988,0.004539142072943,0.0007132236824391
2022-09-08,SPY,SPY (S&P 500 ETF),ppo_markovian_mdd_static,PPO-MDD-Static,10695.704629261978,0.06957046292619773,0.0016483789718773,0.0033772755126225
2022-09-09,SPY,SPY (S&P 500 ETF),ppo_markovian_mdd_static,PPO-MDD-Static,10737.681166458811,0.07376811664588123,0.0039246163438351,0.0012323157811039
2022-09-12,SPY,SPY (S&P 500 ETF),ppo_markovian_mdd_static,PPO-MDD-Static,10766.81323151682,0.07668132315168208,0.0027130685486367,0.0029222932496754
2022-09-13,SPY,SPY (S&P 500 ETF),ppo_markovian_mdd_static,PPO-MDD-Static,10648.48275697922,0.06484827569792206,-0.0109902969423877,0.0020241512942126
2022-09-14,SPY,SPY (S&P 500 ETF),ppo_markovian_mdd_static,PPO-MDD-Static,10658.662404137354,0.06586624041373534,0.0009559716055755,0.0083027167988588
2022-09-15,SPY,SPY (S&P 500 ETF),ppo_markovian_mdd_static,PPO-MDD-Static,10628.074526404122,0.0628074526404121,-0.0028697670095414,0.0007199079536834
2022-09-16,SPY,SPY (S&P 500 ETF),ppo_markovian_mdd_static,PPO-MDD-Static,10596.658440039317,0.05966584400393171,-0.0029559527727018,0.0021501914888464
2022-09-19,SPY,SPY (S&P 500 ETF),ppo_markovian_mdd_static,PPO-MDD-Static,10617.401406846177,0.06174014068461764,0.0019575007465075,0.0022139023704961
2022-09-20,SPY,SPY (S&P 500 ETF),ppo_markovian_mdd_static,PPO-MDD-Static,10586.58801489008,0.05865880148900793,-0.0029021594621286,0.0014616213653801
2022-09-21,SPY,SPY (S&P 500 ETF),ppo_markovian_mdd_static,PPO-MDD-Static,10539.897805929932,0.0539897805929932,-0.00441031698735,0.0021739825836416
2022-09-22,SPY,SPY (S&P 500 ETF),ppo_markovian_mdd_static,PPO-MDD-Static,10517.490063879017,0.051749006387901586,-0.002125992344851,0.0033087704010459
2022-09-23,SPY,SPY (S&P 500 ETF),ppo_markovian_mdd_static,PPO-MDD-Static,10472.94185714922,0.047294185714922055,-0.0042356309784205,0.0015896477271707
2022-09-26,SPY,SPY (S&P 500 ETF),ppo_markovian_mdd_static,PPO-MDD-Static,10446.726892346996,0.04467268923469958,-0.0025031137534988,0.0031775314340687
2022-09-27,SPY,SPY (S&P 500 ETF),ppo_markovian_mdd_static,PPO-MDD-Static,10439.96819644265,0.04399681964426505,-0.0006469677990046,0.0018728747088678
2022-09-28,SPY,SPY (S&P 500 ETF),ppo_markovian_mdd_static,PPO-MDD-Static,10491.87418605236,0.04918741860523612,0.004971853231066,0.0004823874881331
2022-09-29,SPY,SPY (S&P 500 ETF),ppo_markovian_mdd_static,PPO-MDD-Static,10436.451369435352,0.04364513694353511,-0.0052824515081095,0.0036974122922135
2022-09-30,SPY,SPY (S&P 500 ETF),ppo_markovian_mdd_static,PPO-MDD-Static,10395.627288043524,0.03956272880435252,-0.003911682232467,0.0039657286628567
2022-10-03,SPY,SPY (S&P 500 ETF),ppo_markovian_mdd_static,PPO-MDD-Static,10464.953708925592,0.046495370892559285,0.006668805927835,0.0029316798830942
2022-10-04,SPY,SPY (S&P 500 ETF),ppo_markovian_mdd_static,PPO-MDD-Static,10546.84751084733,0.05468475108473303,0.0078255293047202,0.0049527190305492
2022-10-05,SPY,SPY (S&P 500 ETF),ppo_markovian_mdd_static,PPO-MDD-Static,10540.580957502014,0.054058095750201485,-0.0005941636435788,0.0058062333522841
2022-10-06,SPY,SPY (S&P 500 ETF),ppo_markovian_mdd_static,PPO-MDD-Static,10513.098443324254,0.05130984433242536,-0.0026073054501042,0.0004399372045379
2022-10-07,SPY,SPY (S&P 500 ETF),ppo_markovian_mdd_static,PPO-MDD-Static,10438.971611824594,0.043897161182459454,-0.0070509024432021,0.0019531868348232
2022-10-10,SPY,SPY (S&P 500 ETF),ppo_markovian_mdd_static,PPO-MDD-Static,10418.774402682797,0.041877440268279775,-0.0019347891624611,0.0053050409828901
2022-10-11,SPY,SPY (S&P 500 ETF),ppo_markovian_mdd_static,PPO-MDD-Static,10402.085342779574,0.04020853427795745,-0.0016018256330538,0.0014446865703152
2022-10-12,SPY,SPY (S&P 500 ETF),ppo_markovian_mdd_static,PPO-MDD-Static,10393.402311122512,0.03934023111225127,-0.0008347395133696,0.0011978734481345
2022-10-13,SPY,SPY (S&P 500 ETF),ppo_markovian_mdd_static,PPO-MDD-Static,10462.711376529816,0.04627113765298163,0.0066685637034498,0.0006234208439804
2022-10-14,SPY,SPY (S&P 500 ETF),ppo_markovian_mdd_static,PPO-MDD-Static,10402.406606379049,0.04024066063790488,-0.0057637803414937,0.0049508268877947
2022-10-17,SPY,SPY (S&P 500 ETF),ppo_markovian_mdd_static,PPO-MDD-Static,10469.91224382754,0.04699122438275416,0.0064894249958555,0.0043284856896611
2022-10-18,SPY,SPY (S&P 500 ETF),ppo_markovian_mdd_static,PPO-MDD-Static,10500.948917023845,0.05009489170238446,0.0029643680360933,0.0048214528723935
2022-10-19,SPY,SPY (S&P 500 ETF),ppo_markovian_mdd_static,PPO-MDD-Static,10482.120653998816,0.048212065399881654,-0.0017930058677366,0.0022122986520843
2022-10-20,SPY,SPY (S&P 500 ETF),ppo_markovian_mdd_static,PPO-MDD-Static,10459.894735153644,0.04598947351536453,-0.0021203647218747,0.0013406526227432
2022-10-21,SPY,SPY (S&P 500 ETF),ppo_markovian_mdd_static,PPO-MDD-Static,10524.113678843369,0.05241136788433698,0.0061395401498542,0.0015868982259595
2022-10-24,SPY,SPY (S&P 500 ETF),ppo_markovian_mdd_static,PPO-MDD-Static,10556.608521184333,0.05566085211843319,0.0030876559615933,0.0045612219971289
2022-10-25,SPY,SPY (S&P 500 ETF),ppo_markovian_mdd_static,PPO-MDD-Static,10599.18383851453,0.05991838385145298,0.0040330488001671,0.0023036815694659
2022-10-26,SPY,SPY (S&P 500 ETF),ppo_markovian_mdd_static,PPO-MDD-Static,10578.972137903676,0.05789721379036772,-0.0019069110337921,0.0030034804670631
2022-10-27,SPY,SPY (S&P 500 ETF),ppo_markovian_mdd_static,PPO-MDD-Static,10564.681329912815,0.056468132991281506,-0.001350869234229,0.0014254964921007
2022-10-28,SPY,SPY (S&P 500 ETF),ppo_markovian_mdd_static,PPO-MDD-Static,10628.185995788774,0.06281859957887725,0.0060110346817703,0.0010097949593257
2022-10-31,SPY,SPY (S&P 500 ETF),ppo_markovian_mdd_static,PPO-MDD-Static,10608.738285428217,0.06087382854282164,-0.0018298240516551,0.0044659184146572
2022-11-01,SPY,SPY (S&P 500 ETF),ppo_markovian_mdd_static,PPO-MDD-Static,10596.992573439991,0.05969925734399917,-0.0011071733199748,0.0013665793068454
2022-11-02,SPY,SPY (S&P 500 ETF),ppo_markovian_mdd_static,PPO-MDD-Static,10529.778063664851,0.05297780636648519,-0.0063427910616458,0.0008272783960844
2022-11-03,SPY,SPY (S&P 500 ETF),ppo_markovian_mdd_static,PPO-MDD-Static,10502.328626142966,0.05023286261429649,-0.0026068391333532,0.0047695621740953
2022-11-04,SPY,SPY (S&P 500 ETF),ppo_markovian_mdd_static,PPO-MDD-Static,10540.507511045917,0.054050751104591566,0.0036352780666102,0.0019495925771402
2022-11-07,SPY,SPY (S&P 500 ETF),ppo_markovian_mdd_static,PPO-MDD-Static,10565.958274447172,0.05659582744471714,0.0024145671709434,0.0027082322850987
2022-11-08,SPY,SPY (S&P 500 ETF),ppo_markovian_mdd_static,PPO-MDD-Static,10580.345416687633,0.05803454166876332,0.0013616504879878,0.0018020635743771
2022-11-09,SPY,SPY (S&P 500 ETF),ppo_markovian_mdd_static,PPO-MDD-Static,10525.250519854188,0.05252505198541879,-0.0052072871596939,0.0010175140587515
2022-11-10,SPY,SPY (S&P 500 ETF),ppo_markovian_mdd_static,PPO-MDD-Static,10671.375658573355,0.06713756585733544,0.0138832931761125,0.0039109783047033
2022-11-11,SPY,SPY (S&P 500 ETF),ppo_markovian_mdd_static,PPO-MDD-Static,10697.366400863302,0.06973664008633018,0.0024355568692837,0.0102357153013971
2022-11-14,SPY,SPY (S&P 500 ETF),ppo_markovian_mdd_static,PPO-MDD-Static,10674.350784301392,0.06743507843013918,-0.002151521757734,0.0018232847752895
2022-11-15,SPY,SPY (S&P 500 ETF),ppo_markovian_mdd_static,PPO-MDD-Static,10697.340442762956,0.06973404427629548,0.0021537289645168,0.0016099199907162
2022-11-16,SPY,SPY (S&P 500 ETF),ppo_markovian_mdd_static,PPO-MDD-Static,10676.700615297315,0.06767006152973143,-0.0019294354121076,0.0016072097628542
2022-11-17,SPY,SPY (S&P 500 ETF),ppo_markovian_mdd_static,PPO-MDD-Static,10668.429500369495,0.06684295003694962,-0.0007746882886244,0.0014434389706578
2022-11-18,SPY,SPY (S&P 500 ETF),ppo_markovian_mdd_static,PPO-MDD-Static,10680.664155358469,0.0680664155358468,0.0011468093770077,0.0005782890297673
2022-11-21,SPY,SPY (S&P 500 ETF),ppo_markovian_mdd_static,PPO-MDD-Static,10670.840940592185,0.06708409405921856,-0.0009197194690701,0.0008564534319426
2022-11-22,SPY,SPY (S&P 500 ETF),ppo_markovian_mdd_static,PPO-MDD-Static,10707.12157025853,0.0707121570258531,0.0033999784898239,0.0006872926964472
2022-11-23,SPY,SPY (S&P 500 ETF),ppo_markovian_mdd_static,PPO-MDD-Static,10724.145071193208,0.07241450711932074,0.0015899231948539,0.0025326851777214
2022-11-25,SPY,SPY (S&P 500 ETF),ppo_markovian_mdd_static,PPO-MDD-Static,10723.526052958096,0.07235260529580945,-5.772191918340664e-05,0.001188143254668
2022-11-28,SPY,SPY (S&P 500 ETF),ppo_markovian_mdd_static,PPO-MDD-Static,10680.283670668869,0.06802836706688686,-0.0040324779438849,4.224977561723131e-05
2022-11-29,SPY,SPY (S&P 500 ETF),ppo_markovian_mdd_static,PPO-MDD-Static,10675.615763946473,0.06756157639464733,-0.0004370583091546,0.0030256146776751
2022-11-30,SPY,SPY (S&P 500 ETF),ppo_markovian_mdd_static,PPO-MDD-Static,10760.594425688963,0.0760594425688963,0.0079600712147658,0.0003244917375698
2022-12-01,SPY,SPY (S&P 500 ETF),ppo_markovian_mdd_static,PPO-MDD-Static,10758.529979919464,0.07585299799194645,-0.0001918523910325,0.0059017753315276
2022-12-02,SPY,SPY (S&P 500 ETF),ppo_markovian_mdd_static,PPO-MDD-Static,10755.391819540517,0.07553918195405163,-0.000291690443286,0.0001389863960299
2022-12-05,SPY,SPY (S&P 500 ETF),ppo_markovian_mdd_static,PPO-MDD-Static,10706.495506859645,0.07064955068596457,-0.0045462139828357,0.0002179381492461
2022-12-06,SPY,SPY (S&P 500 ETF),ppo_markovian_mdd_static,PPO-MDD-Static,10667.458442295556,0.06674584422955565,-0.0036461103952339,0.0034127092952993
2022-12-07,SPY,SPY (S&P 500 ETF),ppo_markovian_mdd_static,PPO-MDD-Static,10662.843332647672,0.06628433326476713,-0.0004326344154841,0.0027321268152578
2022-12-08,SPY,SPY (S&P 500 ETF),ppo_markovian_mdd_static,PPO-MDD-Static,10683.94894062414,0.06839489406241395,0.0019793602248516,0.0003214023390666
2022-12-09,SPY,SPY (S&P 500 ETF),ppo_markovian_mdd_static,PPO-MDD-Static,10663.764400539078,0.06637644005390775,-0.0018892396619674,0.0014764812000439
2022-12-12,SPY,SPY (S&P 500 ETF),ppo_markovian_mdd_static,PPO-MDD-Static,10702.600861079658,0.07026008610796586,0.0036419090934358,0.0014133838293424
2022-12-13,SPY,SPY (S&P 500 ETF),ppo_markovian_mdd_static,PPO-MDD-Static,10723.045277515252,0.07230452775152507,0.0019102288033503,0.0027127524839835
2022-12-14,SPY,SPY (S&P 500 ETF),ppo_markovian_mdd_static,PPO-MDD-Static,10705.7049381751,0.07057049381751002,-0.0016171095888696,0.0014268037290581
2022-12-15,SPY,SPY (S&P 500 ETF),ppo_markovian_mdd_static,PPO-MDD-Static,10639.513514746292,0.06395135147462905,-0.0061828178350756,0.0012093452758286
2022-12-16,SPY,SPY (S&P 500 ETF),ppo_markovian_mdd_static,PPO-MDD-Static,10595.576487812905,0.05955764878129055,-0.0041296086397646,0.0046482164060129
2022-12-19,SPY,SPY (S&P 500 ETF),ppo_markovian_mdd_static,PPO-MDD-Static,10572.838885042403,0.05728388850424038,-0.0021459523978383,0.0030953396455746
2022-12-20,SPY,SPY (S&P 500 ETF),ppo_markovian_mdd_static,PPO-MDD-Static,10576.478035269703,0.0576478035269703,0.0003441980216354,0.0016047874639033
2022-12-21,SPY,SPY (S&P 500 ETF),ppo_markovian_mdd_static,PPO-MDD-Static,10616.439315767037,0.06164393157670367,0.0037783164077938,0.0002583273589251
2022-12-22,SPY,SPY (S&P 500 ETF),ppo_markovian_mdd_static,PPO-MDD-Static,10578.135789416676,0.05781357894166761,-0.0036079447365628,0.0028130765543308
2022-12-23,SPY,SPY (S&P 500 ETF),ppo_markovian_mdd_static,PPO-MDD-Static,10593.483878094266,0.05934838780942675,0.0014509256624353,0.0027038476561616
2022-12-27,SPY,SPY (S&P 500 ETF),ppo_markovian_mdd_static,PPO-MDD-Static,10582.915463513116,0.05829154635131162,-0.000997633517242,0.0010847143939628
2022-12-28,SPY,SPY (S&P 500 ETF),ppo_markovian_mdd_static,PPO-MDD-Static,10549.670884281531,0.05496708842815323,-0.0031413441169593,0.0007454583767444
2022-12-29,SPY,SPY (S&P 500 ETF),ppo_markovian_mdd_static,PPO-MDD-Static,10597.634195597566,0.0597634195597565,0.0045464272622472,0.0023543455284911
2022-12-30,SPY,SPY (S&P 500 ETF),ppo_markovian_mdd_static,PPO-MDD-Static,10590.544071979766,0.05905440719797661,-0.0006690289065407,0.0033838914063001
2020-01-02,SPY,SPY (S&P 500 ETF),ppo_hybrid_regime_aware_policy,PPO-HRAP,10000.0,0.0,0.0,0.0
2020-01-03,SPY,SPY (S&P 500 ETF),ppo_hybrid_regime_aware_policy,PPO-HRAP,9914.353387491616,-0.008564661250838435,-0.0085646612508384,1.0
2020-01-06,SPY,SPY (S&P 500 ETF),ppo_hybrid_regime_aware_policy,PPO-HRAP,9952.177162965205,-0.004782283703479551,0.0038150521769082,0.0
2020-01-07,SPY,SPY (S&P 500 ETF),ppo_hybrid_regime_aware_policy,PPO-HRAP,9924.193856654649,-0.007580614334535163,-0.0028117773480448,0.0
2020-01-08,SPY,SPY (S&P 500 ETF),ppo_hybrid_regime_aware_policy,PPO-HRAP,9977.085205357462,-0.0022914794642537872,0.0053295360274876,0.0
2020-01-09,SPY,SPY (S&P 500 ETF),ppo_hybrid_regime_aware_policy,PPO-HRAP,10044.736319366031,0.004473631936603217,0.0067806491190678,0.0
2020-01-10,SPY,SPY (S&P 500 ETF),ppo_hybrid_regime_aware_policy,PPO-HRAP,10015.830527723869,0.0015830527723867949,-0.0028777053695709,0.0
2020-01-13,SPY,SPY (S&P 500 ETF),ppo_hybrid_regime_aware_policy,PPO-HRAP,10084.712873426308,0.008471287342630696,0.0068773473664287,0.0
2020-01-14,SPY,SPY (S&P 500 ETF),ppo_hybrid_regime_aware_policy,PPO-HRAP,10069.337492273617,0.006933749227361563,-0.0015246225991427,0.0
2020-01-15,SPY,SPY (S&P 500 ETF),ppo_hybrid_regime_aware_policy,PPO-HRAP,10092.092756079188,0.009209275607918732,0.0022598570981489,0.0
2020-01-16,SPY,SPY (S&P 500 ETF),ppo_hybrid_regime_aware_policy,PPO-HRAP,10176.04267501085,0.017604267501085014,0.0083183855876765,0.0
2020-01-17,SPY,SPY (S&P 500 ETF),ppo_hybrid_regime_aware_policy,PPO-HRAP,10207.715922647843,0.020771592264784422,0.0031125309364881,0.0
2020-01-21,SPY,SPY (S&P 500 ETF),ppo_hybrid_regime_aware_policy,PPO-HRAP,10187.727176398314,0.01877271763983135,-0.0019581996992278,0.0
2020-01-22,SPY,SPY (S&P 500 ETF),ppo_hybrid_regime_aware_policy,PPO-HRAP,10188.957469653393,0.018895746965339244,0.0001207622891519,0.0
2020-01-23,SPY,SPY (S&P 500 ETF),ppo_hybrid_regime_aware_policy,PPO-HRAP,10200.642909479642,0.020064290947964247,0.0011468729613461,0.0
2020-01-24,SPY,SPY (S&P 500 ETF),ppo_hybrid_regime_aware_policy,PPO-HRAP,10109.927785303242,0.010992778530324099,-0.0088930790913284,0.0
2020-01-27,SPY,SPY (S&P 500 ETF),ppo_hybrid_regime_aware_policy,PPO-HRAP,9947.87160579183,-0.0052128394208169615,-0.0160294101948968,0.0
2020-01-28,SPY,SPY (S&P 500 ETF),ppo_hybrid_regime_aware_policy,PPO-HRAP,10017.837227013924,0.0017837227013923762,0.0070332251957652,0.3
2020-01-29,SPY,SPY (S&P 500 ETF),ppo_hybrid_regime_aware_policy,PPO-HRAP,10006.581234924082,0.0006581234924081247,-0.0011235950270271,0.2978153972444138
2020-01-30,SPY,SPY (S&P 500 ETF),ppo_hybrid_regime_aware_policy,PPO-HRAP,10039.056134922424,0.003905613492242388,0.0032453541560228,0.0
2020-01-31,SPY,SPY (S&P 500 ETF),ppo_hybrid_regime_aware_policy,PPO-HRAP,9949.827747187994,-0.005017225281200632,-0.0088881251917732,0.54
2020-02-03,SPY,SPY (S&P 500 ETF),ppo_hybrid_regime_aware_policy,PPO-HRAP,9968.211756408937,-0.0031788243591063248,0.0018476711042698,0.182154833543099
2020-02-04,SPY,SPY (S&P 500 ETF),ppo_hybrid_regime_aware_policy,PPO-HRAP,10027.927849360338,0.002792784936033854,0.005990652527321,0.1266456250617242
2020-02-05,SPY,SPY (S&P 500 ETF),ppo_hybrid_regime_aware_policy,PPO-HRAP,10080.64313072809,0.00806431307280886,0.0052568468939586,0.0549453432696114
2020-02-06,SPY,SPY (S&P 500 ETF),ppo_hybrid_regime_aware_policy,PPO-HRAP,10096.217478223489,0.009621747822348814,0.0015449755827507,0.0028533680889278
2020-02-07,SPY,SPY (S&P 500 ETF),ppo_hybrid_regime_aware_policy,PPO-HRAP,10071.456761894176,0.007145676189417749,-0.0024524745413537,0.0008345382921692
2020-02-10,SPY,SPY (S&P 500 ETF),ppo_hybrid_regime_aware_policy,PPO-HRAP,10141.150788558383,0.014115078855838403,0.0069199549093932,0.5413271403796471
2020-02-11,SPY,SPY (S&P 500 ETF),ppo_hybrid_regime_aware_policy,PPO-HRAP,10158.725907767091,0.015872590776709217,0.0017330497864735,0.0
2020-02-12,SPY,SPY (S&P 500 ETF),ppo_hybrid_regime_aware_policy,PPO-HRAP,10224.176258312877,0.02241762583128759,0.006442771577855,0.0
2020-02-13,SPY,SPY (S&P 500 ETF),ppo_hybrid_regime_aware_policy,PPO-HRAP,10213.267404198114,0.02132674041981142,-0.0010669665544832,0.0
2020-02-14,SPY,SPY (S&P 500 ETF),ppo_hybrid_regime_aware_policy,PPO-HRAP,10229.630223013126,0.02296302230131264,0.0016021140118476,0.0
2020-02-18,SPY,SPY (S&P 500 ETF),ppo_hybrid_regime_aware_policy,PPO-HRAP,10203.268468914324,0.020326846891432382,-0.0025769997081124,0.0
2020-02-19,SPY,SPY (S&P 500 ETF),ppo_hybrid_regime_aware_policy,PPO-HRAP,10252.052694368103,0.02520526943681034,0.0047812351113185,0.0
2020-02-20,SPY,SPY (S&P 500 ETF),ppo_hybrid_regime_aware_policy,PPO-HRAP,10209.934734008271,0.020993473400827023,-0.0041082465741686,0.0
2020-02-21,SPY,SPY (S&P 500 ETF),ppo_hybrid_regime_aware_policy,PPO-HRAP,10104.790099175792,0.01047900991757933,-0.0102982670870807,0.0
2020-02-24,SPY,SPY (S&P 500 ETF),ppo_hybrid_regime_aware_policy,PPO-HRAP,9867.238463867068,-0.013276153613293151,-0.0235088144312963,0.3
2020-02-25,SPY,SPY (S&P 500 ETF),ppo_hybrid_regime_aware_policy,PPO-HRAP,9774.05840897046,-0.022594159102953926,-0.0094433772162114,0.3941177478693004
2020-02-26,SPY,SPY (S&P 500 ETF),ppo_hybrid_regime_aware_policy,PPO-HRAP,9779.189500793053,-0.022081049920694706,0.0005249704480876,0.597768427687698
2020-02-27,SPY,SPY (S&P 500 ETF),ppo_hybrid_regime_aware_policy,PPO-HRAP,9927.309258625475,-0.00726907413745248,0.0151464247441375,0.0340611580047319
2020-02-28,SPY,SPY (S&P 500 ETF),ppo_hybrid_regime_aware_policy,PPO-HRAP,9941.70160705234,-0.005829839294765993,0.0014497733526694,0.0355121125434741
2020-03-02,SPY,SPY (S&P 500 ETF),ppo_hybrid_regime_aware_policy,PPO-HRAP,9789.160770480945,-0.02108392295190553,-0.0153435339945416,0.0027240118923492
2020-03-03,SPY,SPY (S&P 500 ETF),ppo_hybrid_regime_aware_policy,PPO-HRAP,9883.82605277125,-0.01161739472287504,0.009670418589484,0.036313975984184
2020-03-04,SPY,SPY (S&P 500 ETF),ppo_hybrid_regime_aware_policy,PPO-HRAP,9740.41642038526,-0.025958357961474054,-0.0145095261309036,0.0186064648144012
2020-03-05,SPY,SPY (S&P 500 ETF),ppo_hybrid_regime_aware_policy,PPO-HRAP,9844.648647643646,-0.015535135235635433,0.010701003197383,0.0413582102680941
2020-03-06,SPY,SPY (S&P 500 ETF),ppo_hybrid_regime_aware_policy,PPO-HRAP,9899.782714447352,-0.01002172855526473,0.0056004098040516,0.0315926594805085
2020-03-09,SPY,SPY (S&P 500 ETF),ppo_hybrid_regime_aware_policy,PPO-HRAP,10165.564952771214,0.01655649527712133,0.0268472799848413,0.0107275181033417
2020-03-10,SPY,SPY (S&P 500 ETF),ppo_hybrid_regime_aware_policy,PPO-HRAP,9978.079669216007,-0.0021920330783992137,-0.0184431740317685,0.0467685433124517
2020-03-11,SPY,SPY (S&P 500 ETF),ppo_hybrid_regime_aware_policy,PPO-HRAP,10145.571325139948,0.01455713251399482,0.0167859609741019,0.0358571023325903
2020-03-12,SPY,SPY (S&P 500 ETF),ppo_hybrid_regime_aware_policy,PPO-HRAP,10484.771607206643,0.048477160720664214,0.0334333347227262,0.0268965160900822
2020-03-13,SPY,SPY (S&P 500 ETF),ppo_hybrid_regime_aware_policy,PPO-HRAP,10163.962071692884,0.016396207169288468,-0.0305976655984812,0.0513144759651162
2020-03-16,SPY,SPY (S&P 500 ETF),ppo_hybrid_regime_aware_policy,PPO-HRAP,10547.156277052847,0.05471562770528471,0.0377012628202517,0.0550475929618008
2020-03-17,SPY,SPY (S&P 500 ETF),ppo_hybrid_regime_aware_policy,PPO-HRAP,10344.172677126408,0.03441726771264064,-0.0192453391790605,0.0592451477924544
2020-03-18,SPY,SPY (S&P 500 ETF),ppo_hybrid_regime_aware_policy,PPO-HRAP,10527.465822627497,0.05274658226274975,0.0177194591797946,0.0312975379427331
2020-03-19,SPY,SPY (S&P 500 ETF),ppo_hybrid_regime_aware_policy,PPO-HRAP,10519.461373165748,0.051946137316574825,-0.0007603396293668,0.0209345711132154
2020-03-20,SPY,SPY (S&P 500 ETF),ppo_hybrid_regime_aware_policy,PPO-HRAP,10694.656771441085,0.06946567714410845,0.0166544076792987,0.0067599332318135
2020-03-23,SPY,SPY (S&P 500 ETF),ppo_hybrid_regime_aware_policy,PPO-HRAP,10786.163214458247,0.07861632144582464,0.0085562767438709,0.0150305196036025
2020-03-24,SPY,SPY (S&P 500 ETF),ppo_hybrid_regime_aware_policy,PPO-HRAP,10466.288403941751,0.04662884039417503,-0.0296560328410125,0.0033907795324148
2020-03-25,SPY,SPY (S&P 500 ETF),ppo_hybrid_regime_aware_policy,PPO-HRAP,10415.599272512603,0.04155992725126034,-0.0048430856740062,0.0474825187698552
2020-03-26,SPY,SPY (S&P 500 ETF),ppo_hybrid_regime_aware_policy,PPO-HRAP,10221.77154636865,0.022177154636864982,-0.0186093686088207,0.0081493937762729
2020-03-27,SPY,SPY (S&P 500 ETF),ppo_hybrid_regime_aware_policy,PPO-HRAP,10315.055577136092,0.03150555771360919,0.0091260140518969,0.0359566045830364
2020-03-30,SPY,SPY (S&P 500 ETF),ppo_hybrid_regime_aware_policy,PPO-HRAP,10209.984131287514,0.020998413128751503,-0.0101862219803715,0.0173906672310137
2020-03-31,SPY,SPY (S&P 500 ETF),ppo_hybrid_regime_aware_policy,PPO-HRAP,10254.393297086515,0.02543932970865148,0.0043495822547767,0.0326069229176008
2020-04-01,SPY,SPY (S&P 500 ETF),ppo_hybrid_regime_aware_policy,PPO-HRAP,10384.481191513203,0.038448119151320403,0.0126860644660129,0.0063392871562544
2020-04-02,SPY,SPY (S&P 500 ETF),ppo_hybrid_regime_aware_policy,PPO-HRAP,10314.542981870363,0.03145429818703627,-0.0067348775882997,0.0248383368538667
2020-04-03,SPY,SPY (S&P 500 ETF),ppo_hybrid_regime_aware_policy,PPO-HRAP,10355.013618777406,0.03550136187774067,0.0039236480935875,0.0262384493420239
2020-04-06,SPY,SPY (S&P 500 ETF),ppo_hybrid_regime_aware_policy,PPO-HRAP,10545.81643870096,0.05458164387009612,0.0184261293077934,0.5509617808321858
2020-04-07,SPY,SPY (S&P 500 ETF),ppo_hybrid_regime_aware_policy,PPO-HRAP,10549.014509749011,0.05490145097490107,0.0003032549510642,0.0746783275979611
2020-04-08,SPY,SPY (S&P 500 ETF),ppo_hybrid_regime_aware_policy,PPO-HRAP,10682.108752059765,0.06821087520597646,0.0126167465394755,0.0050262020158864
2020-04-09,SPY,SPY (S&P 500 ETF),ppo_hybrid_regime_aware_policy,PPO-HRAP,10747.438211690507,0.07474382116905076,0.0061157830487492,0.0193963972942148
2020-04-13,SPY,SPY (S&P 500 ETF),ppo_hybrid_regime_aware_policy,PPO-HRAP,10679.94356108612,0.06799435610861204,-0.0062800687266079,0.2534311288834116
2020-04-14,SPY,SPY (S&P 500 ETF),ppo_hybrid_regime_aware_policy,PPO-HRAP,10899.975324429564,0.0899975324429565,0.0206023339060665,0.0418124608704523
2020-04-15,SPY,SPY (S&P 500 ETF),ppo_hybrid_regime_aware_policy,PPO-HRAP,10737.787520715252,0.07377875207152518,-0.0148796487044156,0.006068224326294
2020-04-16,SPY,SPY (S&P 500 ETF),ppo_hybrid_regime_aware_policy,PPO-HRAP,10774.000301243894,0.07740003012438934,0.0033724620140582,0.0045294710825519
2020-04-17,SPY,SPY (S&P 500 ETF),ppo_hybrid_regime_aware_policy,PPO-HRAP,10977.734243220457,0.09777342432204561,0.0189097768962416,0.001009692296626
2020-04-20,SPY,SPY (S&P 500 ETF),ppo_hybrid_regime_aware_policy,PPO-HRAP,10842.290014833326,0.08422900148333268,-0.0123380859279568,0.0055679473346925
2020-04-21,SPY,SPY (S&P 500 ETF),ppo_hybrid_regime_aware_policy,PPO-HRAP,10611.805240463833,0.06118052404638319,-0.021257942192486,0.0037459735375769
2020-04-22,SPY,SPY (S&P 500 ETF),ppo_hybrid_regime_aware_policy,PPO-HRAP,10773.962568910149,0.07739625689101493,0.0152808428699759,0.0047714143062463
2020-04-23,SPY,SPY (S&P 500 ETF),ppo_hybrid_regime_aware_policy,PPO-HRAP,10773.350505874409,0.07733505058744083,-5.680946372565998e-05,0.0065995780782108
2020-04-24,SPY,SPY (S&P 500 ETF),ppo_hybrid_regime_aware_policy,PPO-HRAP,10878.466958413828,0.08784669584138283,0.009757080908312,1.5063821461880345e-05
2020-04-27,SPY,SPY (S&P 500 ETF),ppo_hybrid_regime_aware_policy,PPO-HRAP,10988.23048716182,0.09882304871618208,0.0100899813519308,0.0028988445310103
2020-04-28,SPY,SPY (S&P 500 ETF),ppo_hybrid_regime_aware_policy,PPO-HRAP,10952.827694716709,0.09528276947167091,-0.0032218829488948,0.0029976181477278
2020-04-29,SPY,SPY (S&P 500 ETF),ppo_hybrid_regime_aware_policy,PPO-HRAP,11153.526838773863,0.1153526838773864,0.0183239570320246,0.000968786917274
2020-04-30,SPY,SPY (S&P 500 ETF),ppo_hybrid_regime_aware_policy,PPO-HRAP,11046.424817455503,0.10464248174555024,-0.0096025250906318,0.2946014451415782
2020-05-01,SPY,SPY (S&P 500 ETF),ppo_hybrid_regime_aware_policy,PPO-HRAP,10838.466568386955,0.08384665683869552,-0.0188258420715391,0.3
2020-05-04,SPY,SPY (S&P 500 ETF),ppo_hybrid_regime_aware_policy,PPO-HRAP,10859.33151543296,0.08593315154329595,0.001925082936258,0.0056643895240737
2020-05-05,SPY,SPY (S&P 500 ETF),ppo_hybrid_regime_aware_policy,PPO-HRAP,10929.558213002152,0.09295582130021529,0.0064669448086549,0.0005781112855635
2020-05-06,SPY,SPY (S&P 500 ETF),ppo_hybrid_regime_aware_policy,PPO-HRAP,10877.675338042474,0.0877675338042474,-0.004747023982905,0.0019277899646779
2020-05-07,SPY,SPY (S&P 500 ETF),ppo_hybrid_regime_aware_policy,PPO-HRAP,10969.540888951544,0.09695408889515433,0.0084453293607493,0.0014303186146491
2020-05-08,SPY,SPY (S&P 500 ETF),ppo_hybrid_regime_aware_policy,PPO-HRAP,11147.727777873852,0.11477277778738526,0.0162437872948517,0.2974871935740777
2020-05-11,SPY,SPY (S&P 500 ETF),ppo_hybrid_regime_aware_policy,PPO-HRAP,11150.014867345046,0.11500148673450461,0.0002051619412284,0.0
2020-05-12,SPY,SPY (S&P 500 ETF),ppo_hybrid_regime_aware_policy,PPO-HRAP,10927.777476038436,0.09277774760384361,-0.0199315780248398,0.0
2020-05-13,SPY,SPY (S&P 500 ETF),ppo_hybrid_regime_aware_policy,PPO-HRAP,10734.510272474034,0.07345102724740338,-0.0176858655832059,0.0
2020-05-14,SPY,SPY (S&P 500 ETF),ppo_hybrid_regime_aware_policy,PPO-HRAP,10821.18720523016,0.08211872052301605,0.0080746052270672,0.3
2020-05-15,SPY,SPY (S&P 500 ETF),ppo_hybrid_regime_aware_policy,PPO-HRAP,10867.697654272706,0.08676976542727055,0.0042980911576937,0.2975077424278988
2020-05-18,SPY,SPY (S&P 500 ETF),ppo_hybrid_regime_aware_policy,PPO-HRAP,11014.019174251012,0.1014019174251013,0.0134638931476696,0.54
2020-05-19,SPY,SPY (S&P 500 ETF),ppo_hybrid_regime_aware_policy,PPO-HRAP,10895.087032180634,0.08950870321806348,-0.0107982508645365,0.5325383604182929
2020-05-20,SPY,SPY (S&P 500 ETF),ppo_hybrid_regime_aware_policy,PPO-HRAP,11080.17296003628,0.10801729600362786,0.016988017379665,0.0
2020-05-21,SPY,SPY (S&P 500 ETF),ppo_hybrid_regime_aware_policy,PPO-HRAP,11003.676075678564,0.10036760756785634,-0.0069039431634888,0.0
2020-05-22,SPY,SPY (S&P 500 ETF),ppo_hybrid_regime_aware_policy,PPO-HRAP,11024.572818882243,0.10245728188822434,0.001899069280117,0.0
2020-05-26,SPY,SPY (S&P 500 ETF),ppo_hybrid_regime_aware_policy,PPO-HRAP,11160.401649706171,0.11604016497061709,0.0123205527375436,0.0
2020-05-27,SPY,SPY (S&P 500 ETF),ppo_hybrid_regime_aware_policy,PPO-HRAP,11326.457306407776,0.13264573064077756,0.0148790036338857,0.0
2020-05-28,SPY,SPY (S&P 500 ETF),ppo_hybrid_regime_aware_policy,PPO-HRAP,11305.560563204095,0.13055605632040956,-0.0018449496288533,0.0
2020-05-29,SPY,SPY (S&P 500 ETF),ppo_hybrid_regime_aware_policy,PPO-HRAP,11355.93708795076,0.13559370879507604,0.0044559068491147,0.0
2020-06-01,SPY,SPY (S&P 500 ETF),ppo_hybrid_regime_aware_policy,PPO-HRAP,11401.83476305055,0.14018347630505512,0.004041733830006,0.0
2020-06-02,SPY,SPY (S&P 500 ETF),ppo_hybrid_regime_aware_policy,PPO-HRAP,11496.243629634462,0.14962436296344617,0.0082801468838908,0.0
2020-06-03,SPY,SPY (S&P 500 ETF),ppo_hybrid_regime_aware_policy,PPO-HRAP,11649.238537136993,0.16492385371369922,0.013308252019655,0.0
2020-06-04,SPY,SPY (S&P 500 ETF),ppo_hybrid_regime_aware_policy,PPO-HRAP,11618.639327879066,0.16186393278790656,-0.0026267132534351,0.0
2020-06-05,SPY,SPY (S&P 500 ETF),ppo_hybrid_regime_aware_policy,PPO-HRAP,11916.419626712168,0.1916419626712167,0.0256295328936302,0.0
2020-06-08,SPY,SPY (S&P 500 ETF),ppo_hybrid_regime_aware_policy,PPO-HRAP,12060.459112495148,0.20604591124951477,0.012087480157219,0.0
2020-06-09,SPY,SPY (S&P 500 ETF),ppo_hybrid_regime_aware_policy,PPO-HRAP,11970.52795677101,0.19705279567710088,-0.0074566942174668,0.0
2020-06-10,SPY,SPY (S&P 500 ETF),ppo_hybrid_regime_aware_policy,PPO-HRAP,11903.73239968044,0.190373239968044,-0.0055800009265912,0.0
2020-06-11,SPY,SPY (S&P 500 ETF),ppo_hybrid_regime_aware_policy,PPO-HRAP,11217.4947407425,0.12174947407424996,-0.0576489487411834,0.0
2020-06-12,SPY,SPY (S&P 500 ETF),ppo_hybrid_regime_aware_policy,PPO-HRAP,11308.137195356248,0.13081371953562493,0.0080804543892076,0.3
2020-06-15,SPY,SPY (S&P 500 ETF),ppo_hybrid_regime_aware_policy,PPO-HRAP,11382.00693302612,0.13820069330261187,0.0065324408780791,0.0024939837944638
2020-06-16,SPY,SPY (S&P 500 ETF),ppo_hybrid_regime_aware_policy,PPO-HRAP,11597.626570154482,0.15976265701544823,0.0189439031619915,0.298052243147919
2020-06-17,SPY,SPY (S&P 500 ETF),ppo_hybrid_regime_aware_policy,PPO-HRAP,11549.451808586677,0.1549451808586677,-0.0041538465889028,0.0
2020-06-18,SPY,SPY (S&P 500 ETF),ppo_hybrid_regime_aware_policy,PPO-HRAP,11545.259510498332,0.15452595104983313,-0.000362986759703,0.54
2020-06-19,SPY,SPY (S&P 500 ETF),ppo_hybrid_regime_aware_policy,PPO-HRAP,11422.814874018331,0.14228148740183322,-0.0106056201134896,0.539904378140771
2020-06-22,SPY,SPY (S&P 500 ETF),ppo_hybrid_regime_aware_policy,PPO-HRAP,11496.094258658284,0.14960942586582848,0.0064151774714154,0.0
2020-06-23,SPY,SPY (S&P 500 ETF),ppo_hybrid_regime_aware_policy,PPO-HRAP,11549.018509667208,0.15490185096672082,0.0046036723271525,0.0
2020-06-24,SPY,SPY (S&P 500 ETF),ppo_hybrid_regime_aware_policy,PPO-HRAP,11254.41798972589,0.1254417989725889,-0.0255087061895969,0.0
2020-06-25,SPY,SPY (S&P 500 ETF),ppo_hybrid_regime_aware_policy,PPO-HRAP,11303.811228834911,0.13038112288349102,0.0043887866217615,0.54
2020-06-26,SPY,SPY (S&P 500 ETF),ppo_hybrid_regime_aware_policy,PPO-HRAP,11180.279755332898,0.11802797553328981,-0.0109283029414801,0.0026499148648436
2020-06-29,SPY,SPY (S&P 500 ETF),ppo_hybrid_regime_aware_policy,PPO-HRAP,11245.40122506541,0.124540122506541,0.0058246726519923,0.054034959597046
2020-06-30,SPY,SPY (S&P 500 ETF),ppo_hybrid_regime_aware_policy,PPO-HRAP,11302.980975905848,0.13029809759058475,0.0051202931481089,0.0035067986129767
2020-07-01,SPY,SPY (S&P 500 ETF),ppo_hybrid_regime_aware_policy,PPO-HRAP,11338.755911763245,0.13387559117632453,0.0031650885667822,0.0569413810575803
2020-07-02,SPY,SPY (S&P 500 ETF),ppo_hybrid_regime_aware_policy,PPO-HRAP,11363.031220455814,0.13630312204558148,0.0021409146542599,0.0617344066212662
2020-07-06,SPY,SPY (S&P 500 ETF),ppo_hybrid_regime_aware_policy,PPO-HRAP,11443.050175578534,0.1443050175578533,0.0070420430579005,0.0586812339290781
2020-07-07,SPY,SPY (S&P 500 ETF),ppo_hybrid_regime_aware_policy,PPO-HRAP,11388.717018870666,0.13887170188706666,-0.0047481358443943,0.00380757798944
2020-07-08,SPY,SPY (S&P 500 ETF),ppo_hybrid_regime_aware_policy,PPO-HRAP,11428.757430639178,0.14287574306391781,0.0035157965293339,0.0025741597239128
2020-07-09,SPY,SPY (S&P 500 ETF),ppo_hybrid_regime_aware_policy,PPO-HRAP,11398.806862374404,0.13988068623744043,-0.0026206320719066,0.0018932638416477
2020-07-10,SPY,SPY (S&P 500 ETF),ppo_hybrid_regime_aware_policy,PPO-HRAP,11452.329123305772,0.1452329123305771,0.0046954265983782,0.0014178345791259
2020-07-13,SPY,SPY (S&P 500 ETF),ppo_hybrid_regime_aware_policy,PPO-HRAP,11347.061782096254,0.1347061782096255,-0.0091917844899599,0.5374755573414083
2020-07-14,SPY,SPY (S&P 500 ETF),ppo_hybrid_regime_aware_policy,PPO-HRAP,11494.108556740412,0.14941085567404122,0.0129590177147156,0.0
2020-07-15,SPY,SPY (S&P 500 ETF),ppo_hybrid_regime_aware_policy,PPO-HRAP,11599.70761753286,0.15997076175328595,0.009187233639839,0.0
2020-07-16,SPY,SPY (S&P 500 ETF),ppo_hybrid_regime_aware_policy,PPO-HRAP,11561.504536837463,0.15615045368374636,-0.003293452038192,0.0
2020-07-17,SPY,SPY (S&P 500 ETF),ppo_hybrid_regime_aware_policy,PPO-HRAP,11595.022147280011,0.1595022147280012,0.0028990699554503,0.0
2020-07-20,SPY,SPY (S&P 500 ETF),ppo_hybrid_regime_aware_policy,PPO-HRAP,11688.728252710014,0.16887282527100145,0.0080815805472163,0.0
2020-07-21,SPY,SPY (S&P 500 ETF),ppo_hybrid_regime_aware_policy,PPO-HRAP,11713.596441070782,0.17135964410707816,0.0021275358467678,0.0
2020-07-22,SPY,SPY (S&P 500 ETF),ppo_hybrid_regime_aware_policy,PPO-HRAP,11780.27090274392,0.1780270902743919,0.0056920572608565,0.0
2020-07-23,SPY,SPY (S&P 500 ETF),ppo_hybrid_regime_aware_policy,PPO-HRAP,11639.712294536745,0.16397122945367437,-0.0119316957451663,0.0
2020-07-24,SPY,SPY (S&P 500 ETF),ppo_hybrid_regime_aware_policy,PPO-HRAP,11564.748070118132,0.15647480701181316,-0.0064403846522733,0.0
2020-07-27,SPY,SPY (S&P 500 ETF),ppo_hybrid_regime_aware_policy,PPO-HRAP,11649.083235042435,0.16490832350424345,0.0072924342504456,0.0
2020-07-28,SPY,SPY (S&P 500 ETF),ppo_hybrid_regime_aware_policy,PPO-HRAP,11575.200188384048,0.15752001883840472,-0.0063423915142212,0.0
2020-07-29,SPY,SPY (S&P 500 ETF),ppo_hybrid_regime_aware_policy,PPO-HRAP,11717.560392899712,0.17175603928997107,0.0122987250500019,0.0
2020-07-30,SPY,SPY (S&P 500 ETF),ppo_hybrid_regime_aware_policy,PPO-HRAP,11675.753019711694,0.16757530197116943,-0.0035679247032814,0.0
2020-07-31,SPY,SPY (S&P 500 ETF),ppo_hybrid_regime_aware_policy,PPO-HRAP,11768.017188169517,0.17680171881695173,0.0079022028216986,0.0
2020-08-03,SPY,SPY (S&P 500 ETF),ppo_hybrid_regime_aware_policy,PPO-HRAP,11849.830338237063,0.1849830338237064,0.0069521609935951,0.0
2020-08-04,SPY,SPY (S&P 500 ETF),ppo_hybrid_regime_aware_policy,PPO-HRAP,11895.601663254018,0.18956016632540185,0.0038626143759423,0.0
2020-08-05,SPY,SPY (S&P 500 ETF),ppo_hybrid_regime_aware_policy,PPO-HRAP,11969.484709912407,0.1969484709912408,0.0062109550025215,0.0
2020-08-06,SPY,SPY (S&P 500 ETF),ppo_hybrid_regime_aware_policy,PPO-HRAP,12049.495163795824,0.20494951637958247,0.0066845362037311,0.0
2020-08-07,SPY,SPY (S&P 500 ETF),ppo_hybrid_regime_aware_policy,PPO-HRAP,12058.14568575325,0.20581456857532499,0.000717915716786,0.0
2020-08-10,SPY,SPY (S&P 500 ETF),ppo_hybrid_regime_aware_policy,PPO-HRAP,12094.1864109282,0.20941864109282005,0.0029889110742402,0.0
2020-08-11,SPY,SPY (S&P 500 ETF),ppo_hybrid_regime_aware_policy,PPO-HRAP,11994.352898273177,0.19943528982731773,-0.0082546695794946,0.0
2020-08-12,SPY,SPY (S&P 500 ETF),ppo_hybrid_regime_aware_policy,PPO-HRAP,12161.582391025251,0.21615823910252518,0.0139423522194477,0.0
2020-08-13,SPY,SPY (S&P 500 ETF),ppo_hybrid_regime_aware_policy,PPO-HRAP,12139.596976733195,0.21395969767331957,-0.00180777579637,0.0
2020-08-14,SPY,SPY (S&P 500 ETF),ppo_hybrid_regime_aware_policy,PPO-HRAP,12139.957735945154,0.2139957735945155,2.971756085878852e-05,0.0
2020-08-17,SPY,SPY (S&P 500 ETF),ppo_hybrid_regime_aware_policy,PPO-HRAP,12178.521575852506,0.21785215758525056,0.0031766041320859,0.0
2020-08-18,SPY,SPY (S&P 500 ETF),ppo_hybrid_regime_aware_policy,PPO-HRAP,12204.831701185452,0.22048317011854524,0.0021603710408588,0.0
2020-08-19,SPY,SPY (S&P 500 ETF),ppo_hybrid_regime_aware_policy,PPO-HRAP,12154.014146703696,0.21540141467036955,-0.0041637243123,0.0
2020-08-20,SPY,SPY (S&P 500 ETF),ppo_hybrid_regime_aware_policy,PPO-HRAP,12191.856468187134,0.21918564681871344,0.0031135656933312,0.0
2020-08-21,SPY,SPY (S&P 500 ETF),ppo_hybrid_regime_aware_policy,PPO-HRAP,12235.105778347332,0.22351057783473305,0.0035473933172565,0.0
2020-08-24,SPY,SPY (S&P 500 ETF),ppo_hybrid_regime_aware_policy,PPO-HRAP,12359.085960939212,0.23590859609392112,0.0101331516733831,0.0
2020-08-25,SPY,SPY (S&P 500 ETF),ppo_hybrid_regime_aware_policy,PPO-HRAP,12402.334171223763,0.24023341712237634,0.0034993049179556,0.0
2020-08-26,SPY,SPY (S&P 500 ETF),ppo_hybrid_regime_aware_policy,PPO-HRAP,12526.6751130276,0.2526675113027601,0.0100256080901557,0.0
2020-08-27,SPY,SPY (S&P 500 ETF),ppo_hybrid_regime_aware_policy,PPO-HRAP,12554.06531624512,0.255406531624512,0.0021865501396325,0.0
2020-08-28,SPY,SPY (S&P 500 ETF),ppo_hybrid_regime_aware_policy,PPO-HRAP,12635.156947888758,0.2635156947888757,0.0064593922049063,0.0
2020-08-31,SPY,SPY (S&P 500 ETF),ppo_hybrid_regime_aware_policy,PPO-HRAP,12589.3856228718,0.25893856228718004,-0.0036225371165337,0.0
2020-09-01,SPY,SPY (S&P 500 ETF),ppo_hybrid_regime_aware_policy,PPO-HRAP,12707.95991666257,0.270795991666257,0.0094185925622414,0.0
2020-09-02,SPY,SPY (S&P 500 ETF),ppo_hybrid_regime_aware_policy,PPO-HRAP,12891.767835029945,0.2891767835029946,0.0144639989087758,0.0
2020-09-03,SPY,SPY (S&P 500 ETF),ppo_hybrid_regime_aware_policy,PPO-HRAP,12448.10659611636,0.24481065961163595,-0.0344143056709455,0.0
2020-09-04,SPY,SPY (S&P 500 ETF),ppo_hybrid_regime_aware_policy,PPO-HRAP,12346.471487152843,0.23464714871528436,-0.0081647042607446,0.0
2020-09-08,SPY,SPY (S&P 500 ETF),ppo_hybrid_regime_aware_policy,PPO-HRAP,12009.129727579975,0.20091297275799747,-0.0273229286540604,0.0
2020-09-09,SPY,SPY (S&P 500 ETF),ppo_hybrid_regime_aware_policy,PPO-HRAP,12111.674240105433,0.21116742401054323,0.0085388795734262,0.54
2020-09-10,SPY,SPY (S&P 500 ETF),ppo_hybrid_regime_aware_policy,PPO-HRAP,11895.002512288516,0.18950025122885172,-0.0178894943441799,0.5351389132645796
2020-09-11,SPY,SPY (S&P 500 ETF),ppo_hybrid_regime_aware_policy,PPO-HRAP,11890.286348645608,0.1890286348645609,-0.0003964827782118,0.6
2020-09-14,SPY,SPY (S&P 500 ETF),ppo_hybrid_regime_aware_policy,PPO-HRAP,11952.928949729478,0.19529289497294777,0.0052683845659449,0.0001221587669201
2020-09-15,SPY,SPY (S&P 500 ETF),ppo_hybrid_regime_aware_policy,PPO-HRAP,11980.027415115595,0.1980027415115595,0.0022670983405059,0.0568554625974913
2020-09-16,SPY,SPY (S&P 500 ETF),ppo_hybrid_regime_aware_policy,PPO-HRAP,11958.142111731462,0.19581421117314624,-0.001826815801483,0.0012520964279418
2020-09-17,SPY,SPY (S&P 500 ETF),ppo_hybrid_regime_aware_policy,PPO-HRAP,11909.749848735872,0.1909749848735871,-0.0040468044737579,0.0009876085796889
2020-09-18,SPY,SPY (S&P 500 ETF),ppo_hybrid_regime_aware_policy,PPO-HRAP,11835.445312059135,0.1835445312059134,-0.0062389670329325,0.0578063817486505
2020-09-21,SPY,SPY (S&P 500 ETF),ppo_hybrid_regime_aware_policy,PPO-HRAP,11782.711966156412,0.17827119661564117,-0.0044555438779303,0.0037319800914686
2020-09-22,SPY,SPY (S&P 500 ETF),ppo_hybrid_regime_aware_policy,PPO-HRAP,11830.680067869964,0.1830680067869963,0.0040710578219453,0.0026830415480469
2020-09-23,SPY,SPY (S&P 500 ETF),ppo_hybrid_regime_aware_policy,PPO-HRAP,11720.90561336971,0.17209056133697098,-0.0092787949526571,0.0024343342027985
2020-09-24,SPY,SPY (S&P 500 ETF),ppo_hybrid_regime_aware_policy,PPO-HRAP,11733.33635666512,0.17333363566651205,0.0010605616754757,0.0056179441226421
2020-09-25,SPY,SPY (S&P 500 ETF),ppo_hybrid_regime_aware_policy,PPO-HRAP,11809.205753718134,0.18092057537181327,0.0064661401281587,0.0006390300409881
2020-09-28,SPY,SPY (S&P 500 ETF),ppo_hybrid_regime_aware_policy,PPO-HRAP,11887.61721268058,0.1887617212680579,0.0066398588184271,0.0038551396219109
2020-09-29,SPY,SPY (S&P 500 ETF),ppo_hybrid_regime_aware_policy,PPO-HRAP,11861.674133748316,0.18616741337483167,-0.0021823615673449,0.0039599349657268
2020-09-30,SPY,SPY (S&P 500 ETF),ppo_hybrid_regime_aware_policy,PPO-HRAP,11897.632494842032,0.1897632494842032,0.0030314743676367,0.0013098996540898
2020-10-01,SPY,SPY (S&P 500 ETF),ppo_hybrid_regime_aware_policy,PPO-HRAP,11928.16397535568,0.1928163975355679,0.0025661811731774,0.0018141709476481
2020-10-02,SPY,SPY (S&P 500 ETF),ppo_hybrid_regime_aware_policy,PPO-HRAP,11882.845132362274,0.1882845132362274,-0.0037993142186038,0.0015368533623107
2020-10-05,SPY,SPY (S&P 500 ETF),ppo_hybrid_regime_aware_policy,PPO-HRAP,11979.029921537673,0.19790299215376717,0.0080944241975724,0.0622873568063823
2020-10-06,SPY,SPY (S&P 500 ETF),ppo_hybrid_regime_aware_policy,PPO-HRAP,11900.642917019552,0.19006429170195505,-0.0065436855097242,0.0043692576148018
2020-10-07,SPY,SPY (S&P 500 ETF),ppo_hybrid_regime_aware_policy,PPO-HRAP,12101.212279381023,0.2101212279381024,0.0168536577191664,0.5435544902424329
2020-10-08,SPY,SPY (S&P 500 ETF),ppo_hybrid_regime_aware_policy,PPO-HRAP,12208.4593949125,0.22084593949124987,0.0088625100572952,0.0
2020-10-09,SPY,SPY (S&P 500 ETF),ppo_hybrid_regime_aware_policy,PPO-HRAP,12317.482781650806,0.2317482781650806,0.0089301510708006,0.0
2020-10-12,SPY,SPY (S&P 500 ETF),ppo_hybrid_regime_aware_policy,PPO-HRAP,12515.641603378524,0.25156416033785245,0.0160876069599962,0.0
2020-10-13,SPY,SPY (S&P 500 ETF),ppo_hybrid_regime_aware_policy,PPO-HRAP,12433.963472949305,0.24339634729493054,-0.0065260841607331,0.0
2020-10-14,SPY,SPY (S&P 500 ETF),ppo_hybrid_regime_aware_policy,PPO-HRAP,12355.83571742768,0.23558357174276812,-0.0062834152353427,0.0
2020-10-15,SPY,SPY (S&P 500 ETF),ppo_hybrid_regime_aware_policy,PPO-HRAP,12340.565637315323,0.23405656373153239,-0.0012358597557926,0.0
2020-10-16,SPY,SPY (S&P 500 ETF),ppo_hybrid_regime_aware_policy,PPO-HRAP,12333.108332755131,0.23331083327551316,-0.0006042919570592,0.0
2020-10-19,SPY,SPY (S&P 500 ETF),ppo_hybrid_regime_aware_policy,PPO-HRAP,12145.60280325626,0.21456028032562613,-0.0152034284010043,0.0
2020-10-20,SPY,SPY (S&P 500 ETF),ppo_hybrid_regime_aware_policy,PPO-HRAP,12194.254644023034,0.21942546440230348,0.0040057164353941,0.0
2020-10-21,SPY,SPY (S&P 500 ETF),ppo_hybrid_regime_aware_policy,PPO-HRAP,12171.171788358515,0.21711717883585147,-0.0018929287880528,0.0
2020-10-22,SPY,SPY (S&P 500 ETF),ppo_hybrid_regime_aware_policy,PPO-HRAP,12237.93422591433,0.2237934225914331,0.0054852925188082,0.0
2020-10-23,SPY,SPY (S&P 500 ETF),ppo_hybrid_regime_aware_policy,PPO-HRAP,12279.48423311288,0.22794842331128806,0.0033951814441497,0.0
2020-10-26,SPY,SPY (S&P 500 ETF),ppo_hybrid_regime_aware_policy,PPO-HRAP,12052.560438614251,0.20525604386142504,-0.0184799125265135,0.0
2020-10-27,SPY,SPY (S&P 500 ETF),ppo_hybrid_regime_aware_policy,PPO-HRAP,12011.0104314157,0.20110104314157007,-0.0034474008581141,0.0
2020-10-28,SPY,SPY (S&P 500 ETF),ppo_hybrid_regime_aware_policy,PPO-HRAP,11815.785659889643,0.18157856598896438,-0.0162538174986035,0.54
2020-10-29,SPY,SPY (S&P 500 ETF),ppo_hybrid_regime_aware_policy,PPO-HRAP,11852.236278476035,0.1852236278476036,0.0030849085820952,0.1345635018329672
2020-10-30,SPY,SPY (S&P 500 ETF),ppo_hybrid_regime_aware_policy,PPO-HRAP,11804.958276085148,0.1804958276085149,-0.0039889520660961,0.0580842745229261
2020-11-02,SPY,SPY (S&P 500 ETF),ppo_hybrid_regime_aware_policy,PPO-HRAP,11855.136674993724,0.18551366749937248,0.0042506206066166,0.005057654884274
2020-11-03,SPY,SPY (S&P 500 ETF),ppo_hybrid_regime_aware_policy,PPO-HRAP,11938.17409179462,0.193817409179462,0.0070043407408408,0.0152683790033918
2020-11-04,SPY,SPY (S&P 500 ETF),ppo_hybrid_regime_aware_policy,PPO-HRAP,12060.204055123331,0.20602040551233314,0.0102218280945145,0.0582165137244212
2020-11-05,SPY,SPY (S&P 500 ETF),ppo_hybrid_regime_aware_policy,PPO-HRAP,12168.332585250317,0.21683325852503166,0.0089657297366416,0.00549505458511
2020-11-06,SPY,SPY (S&P 500 ETF),ppo_hybrid_regime_aware_policy,PPO-HRAP,12166.995844213769,0.21669958442137682,-0.0001098540845414,0.0048014132140315
2020-11-09,SPY,SPY (S&P 500 ETF),ppo_hybrid_regime_aware_policy,PPO-HRAP,12313.228823306385,0.23132288233063836,0.01201882378896,0.5400567346750527
2020-11-10,SPY,SPY (S&P 500 ETF),ppo_hybrid_regime_aware_policy,PPO-HRAP,12295.170543311364,0.22951705433113645,-0.001466575522485,0.0
2020-11-11,SPY,SPY (S&P 500 ETF),ppo_hybrid_regime_aware_policy,PPO-HRAP,12386.505866392,0.23865058663920014,0.0074285527605244,0.0
2020-11-12,SPY,SPY (S&P 500 ETF),ppo_hybrid_regime_aware_policy,PPO-HRAP,12266.345547753845,0.22663455477538452,-0.0097009051571342,0.0
2020-11-13,SPY,SPY (S&P 500 ETF),ppo_hybrid_regime_aware_policy,PPO-HRAP,12436.166931243615,0.24361669312436152,0.0138444969472484,0.0
2020-11-16,SPY,SPY (S&P 500 ETF),ppo_hybrid_regime_aware_policy,PPO-HRAP,12591.402006407112,0.2591402006407111,0.0124825499707226,0.0
2020-11-17,SPY,SPY (S&P 500 ETF),ppo_hybrid_regime_aware_policy,PPO-HRAP,12523.68160174006,0.252368160174006,-0.0053783053414221,0.0
2020-11-18,SPY,SPY (S&P 500 ETF),ppo_hybrid_regime_aware_policy,PPO-HRAP,12372.961361530424,0.23729613615304235,-0.0120348189136886,0.0
2020-11-19,SPY,SPY (S&P 500 ETF),ppo_hybrid_regime_aware_policy,PPO-HRAP,12425.053654406493,0.24250536544064927,0.0042101717894336,0.0
2020-11-20,SPY,SPY (S&P 500 ETF),ppo_hybrid_regime_aware_policy,PPO-HRAP,12339.969152114089,0.23399691521140875,-0.0068478176963229,0.0
2020-11-23,SPY,SPY (S&P 500 ETF),ppo_hybrid_regime_aware_policy,PPO-HRAP,12413.940377569366,0.24139403775693657,0.005994441683236,0.0
2020-11-24,SPY,SPY (S&P 500 ETF),ppo_hybrid_regime_aware_policy,PPO-HRAP,12613.975121355992,0.26139751213559914,0.0161137187470359,0.0
2020-11-25,SPY,SPY (S&P 500 ETF),ppo_hybrid_regime_aware_policy,PPO-HRAP,12594.527416801227,0.25945274168012267,-0.0015417585945479,0.0
2020-11-27,SPY,SPY (S&P 500 ETF),ppo_hybrid_regime_aware_policy,PPO-HRAP,12629.603233146978,0.26296032331469776,0.0027850045646777,0.0
2020-11-30,SPY,SPY (S&P 500 ETF),ppo_hybrid_regime_aware_policy,PPO-HRAP,12573.69028768672,0.25736902876867207,-0.0044271339667673,0.0
2020-12-01,SPY,SPY (S&P 500 ETF),ppo_hybrid_regime_aware_policy,PPO-HRAP,12711.213644129815,0.2711213644129815,0.0109373901612459,0.0
2020-12-02,SPY,SPY (S&P 500 ETF),ppo_hybrid_regime_aware_policy,PPO-HRAP,12737.955032757927,0.27379550327579283,0.0021037636040726,0.0
2020-12-03,SPY,SPY (S&P 500 ETF),ppo_hybrid_regime_aware_policy,PPO-HRAP,12734.482001268778,0.27344820012687787,-0.0002726522020386,0.0
2020-12-04,SPY,SPY (S&P 500 ETF),ppo_hybrid_regime_aware_policy,PPO-HRAP,12844.223225439471,0.28442232254394706,0.008617643352887,0.0
2020-12-07,SPY,SPY (S&P 500 ETF),ppo_hybrid_regime_aware_policy,PPO-HRAP,12817.8294579064,0.28178294579064,-0.0020549134867724,0.0
2020-12-08,SPY,SPY (S&P 500 ETF),ppo_hybrid_regime_aware_policy,PPO-HRAP,12855.3365022766,0.28553365022766,0.0029261619132452,0.0
2020-12-09,SPY,SPY (S&P 500 ETF),ppo_hybrid_regime_aware_policy,PPO-HRAP,12740.03863968734,0.2740038639687341,-0.0089688716097661,0.0
2020-12-10,SPY,SPY (S&P 500 ETF),ppo_hybrid_regime_aware_policy,PPO-HRAP,12735.87142582852,0.273587142582852,-0.0003270958571379,0.0
2020-12-11,SPY,SPY (S&P 500 ETF),ppo_hybrid_regime_aware_policy,PPO-HRAP,12720.937496407205,0.27209374964072053,-0.0011725879542903,0.0
2020-12-14,SPY,SPY (S&P 500 ETF),ppo_hybrid_regime_aware_policy,PPO-HRAP,12663.98380730265,0.266398380730265,-0.0044771613036098,0.0
2020-12-15,SPY,SPY (S&P 500 ETF),ppo_hybrid_regime_aware_policy,PPO-HRAP,12835.193555531756,0.28351935555317564,0.013519422547775,0.0
2020-12-16,SPY,SPY (S&P 500 ETF),ppo_hybrid_regime_aware_policy,PPO-HRAP,12855.336502276596,0.28553365022765953,0.001569352784412,0.0
2020-12-17,SPY,SPY (S&P 500 ETF),ppo_hybrid_regime_aware_policy,PPO-HRAP,12927.223060982056,0.2927223060982056,0.0055919624268667,0.0
2020-12-18,SPY,SPY (S&P 500 ETF),ppo_hybrid_regime_aware_policy,PPO-HRAP,12820.954868300516,0.2820954868300516,-0.0082204965583279,0.0
2020-12-21,SPY,SPY (S&P 500 ETF),ppo_hybrid_regime_aware_policy,PPO-HRAP,12775.113396212677,0.2775113396212676,-0.003575511540188,0.0
2020-12-22,SPY,SPY (S&P 500 ETF),ppo_hybrid_regime_aware_policy,PPO-HRAP,12753.5820847285,0.27535820847284986,-0.0016854105960858,0.0
2020-12-23,SPY,SPY (S&P 500 ETF),ppo_hybrid_regime_aware_policy,PPO-HRAP,12765.042982660669,0.2765042982660668,0.0008986414840965,0.0
2020-12-24,SPY,SPY (S&P 500 ETF),ppo_hybrid_regime_aware_policy,PPO-HRAP,12814.704047512285,0.2814704047512284,0.0038903954275024,0.0
2020-12-28,SPY,SPY (S&P 500 ETF),ppo_hybrid_regime_aware_policy,PPO-HRAP,12924.79289277802,0.29247928927780187,0.0085908222973831,0.0
2020-12-29,SPY,SPY (S&P 500 ETF),ppo_hybrid_regime_aware_policy,PPO-HRAP,12900.135111079318,0.29001351110793183,-0.0019077893087539,0.0
2020-12-30,SPY,SPY (S&P 500 ETF),ppo_hybrid_regime_aware_policy,PPO-HRAP,12918.54101216938,0.291854101216938,0.0014267990940848,0.0
2020-12-31,SPY,SPY (S&P 500 ETF),ppo_hybrid_regime_aware_policy,PPO-HRAP,12984.17780990702,0.29841778099070204,0.005080821253407,0.0
2021-01-04,SPY,SPY (S&P 500 ETF),ppo_hybrid_regime_aware_policy,PPO-HRAP,12807.411423259353,0.2807411423259354,-0.0136139838221249,0.0
2021-01-05,SPY,SPY (S&P 500 ETF),ppo_hybrid_regime_aware_policy,PPO-HRAP,12895.62027612546,0.2895620276125461,0.0068873287466906,0.0
2021-01-06,SPY,SPY (S&P 500 ETF),ppo_hybrid_regime_aware_policy,PPO-HRAP,12972.716911974854,0.2972716911974853,0.0059785131849865,0.0
2021-01-07,SPY,SPY (S&P 500 ETF),ppo_hybrid_regime_aware_policy,PPO-HRAP,13165.459031508542,0.3165459031508542,0.0148574983052141,0.0
2021-01-08,SPY,SPY (S&P 500 ETF),ppo_hybrid_regime_aware_policy,PPO-HRAP,13240.472060428528,0.32404720604285275,0.0056977146592807,0.0
2021-01-11,SPY,SPY (S&P 500 ETF),ppo_hybrid_regime_aware_policy,PPO-HRAP,13151.220344277304,0.31512203442773035,-0.0067408258364116,0.0
2021-01-12,SPY,SPY (S&P 500 ETF),ppo_hybrid_regime_aware_policy,PPO-HRAP,13153.998133576377,0.31539981335763767,0.0002112191284424,0.0
2021-01-13,SPY,SPY (S&P 500 ETF),ppo_hybrid_regime_aware_policy,PPO-HRAP,13189.421571017165,0.3189421571017166,0.0026929787492038,0.0
2021-01-14,SPY,SPY (S&P 500 ETF),ppo_hybrid_regime_aware_policy,PPO-HRAP,13143.232477834288,0.3143232477834288,-0.0035019801993723,0.0
2021-01-15,SPY,SPY (S&P 500 ETF),ppo_hybrid_regime_aware_policy,PPO-HRAP,13047.383379620209,0.304738337962021,-0.0072926579040374,0.0
2021-01-19,SPY,SPY (S&P 500 ETF),ppo_hybrid_regime_aware_policy,PPO-HRAP,13149.830919717557,0.3149830919717558,0.0078519605898428,0.0
2021-01-20,SPY,SPY (S&P 500 ETF),ppo_hybrid_regime_aware_policy,PPO-HRAP,13331.807383509162,0.3331807383509162,0.0138386922921374,0.0
2021-01-21,SPY,SPY (S&P 500 ETF),ppo_hybrid_regime_aware_policy,PPO-HRAP,13343.96140399058,0.33439614039905785,0.0009116558716901,0.0
2021-01-22,SPY,SPY (S&P 500 ETF),ppo_hybrid_regime_aware_policy,PPO-HRAP,13296.731567163411,0.3296731567163411,-0.0035394164744093,0.0
2021-01-25,SPY,SPY (S&P 500 ETF),ppo_hybrid_regime_aware_policy,PPO-HRAP,13349.17148113452,0.33491714811345186,0.0039438198557462,0.0
2021-01-26,SPY,SPY (S&P 500 ETF),ppo_hybrid_regime_aware_policy,PPO-HRAP,13328.33435202001,0.33283343520200104,-0.0015609305149728,0.0
2021-01-27,SPY,SPY (S&P 500 ETF),ppo_hybrid_regime_aware_policy,PPO-HRAP,13002.583710997078,0.30025837109970777,-0.0244404613824504,0.0
2021-01-28,SPY,SPY (S&P 500 ETF),ppo_hybrid_regime_aware_policy,PPO-HRAP,13114.408542097182,0.31144085420971823,0.0086002008205128,0.0
2021-01-29,SPY,SPY (S&P 500 ETF),ppo_hybrid_regime_aware_policy,PPO-HRAP,12851.863470787444,0.28518634707874435,-0.020019589176818,0.0
2021-02-01,SPY,SPY (S&P 500 ETF),ppo_hybrid_regime_aware_policy,PPO-HRAP,12943.276197906534,0.29432761979065347,0.0071127994260811,0.54
2021-02-02,SPY,SPY (S&P 500 ETF),ppo_hybrid_regime_aware_policy,PPO-HRAP,13027.412324131696,0.3027412324131695,0.0065003732392554,0.0041033255584069
2021-02-03,SPY,SPY (S&P 500 ETF),ppo_hybrid_regime_aware_policy,PPO-HRAP,13032.078921731709,0.3032078921731709,0.0003582137022994,0.0034897327794279
2021-02-04,SPY,SPY (S&P 500 ETF),ppo_hybrid_regime_aware_policy,PPO-HRAP,13100.211024096918,0.3100211024096917,0.0052280302148566,0.000195249913748
2021-02-05,SPY,SPY (S&P 500 ETF),ppo_hybrid_regime_aware_policy,PPO-HRAP,13123.892027188083,0.31238920271880843,0.0018076810402218,0.0028085585221619
2021-02-08,SPY,SPY (S&P 500 ETF),ppo_hybrid_regime_aware_policy,PPO-HRAP,13211.546805709591,0.3211546805709591,0.0066790231388613,0.5390240997330877
2021-02-09,SPY,SPY (S&P 500 ETF),ppo_hybrid_regime_aware_policy,PPO-HRAP,13202.7502803899,0.3202750280389901,-0.0006658210010571,0.0
2021-02-10,SPY,SPY (S&P 500 ETF),ppo_hybrid_regime_aware_policy,PPO-HRAP,13196.998467883328,0.31969984678833274,-0.0004356526014974,0.0
2021-02-11,SPY,SPY (S&P 500 ETF),ppo_hybrid_regime_aware_policy,PPO-HRAP,13218.31249003118,0.3218312490031179,0.0016150658954552,0.0
2021-02-12,SPY,SPY (S&P 500 ETF),ppo_hybrid_regime_aware_policy,PPO-HRAP,13283.608106321468,0.3283608106321467,0.0049397845859318,0.0
2021-02-16,SPY,SPY (S&P 500 ETF),ppo_hybrid_regime_aware_policy,PPO-HRAP,13272.104481308324,0.32721044813083244,-0.0008660015352055,0.0
2021-02-17,SPY,SPY (S&P 500 ETF),ppo_hybrid_regime_aware_policy,PPO-HRAP,13275.150226577463,0.32751502265774635,0.0002294847266632,0.0
2021-02-18,SPY,SPY (S&P 500 ETF),ppo_hybrid_regime_aware_policy,PPO-HRAP,13218.651135606868,0.3218651135606867,-0.0042560038874348,0.0
2021-02-19,SPY,SPY (S&P 500 ETF),ppo_hybrid_regime_aware_policy,PPO-HRAP,13195.307304916936,0.31953073049169367,-0.0017659767589335,0.0
2021-02-22,SPY,SPY (S&P 500 ETF),ppo_hybrid_regime_aware_policy,PPO-HRAP,13093.81274798889,0.3093812747988889,-0.0076917160459177,0.0
2021-02-23,SPY,SPY (S&P 500 ETF),ppo_hybrid_regime_aware_policy,PPO-HRAP,13109.713603205855,0.3109713603205855,0.0012143793044092,0.0
2021-02-24,SPY,SPY (S&P 500 ETF),ppo_hybrid_regime_aware_policy,PPO-HRAP,13254.173817549274,0.3254173817549273,0.0110193264868951,0.0
2021-02-25,SPY,SPY (S&P 500 ETF),ppo_hybrid_regime_aware_policy,PPO-HRAP,12934.80419581921,0.29348041958192095,-0.0240957773850226,0.0
2021-02-26,SPY,SPY (S&P 500 ETF),ppo_hybrid_regime_aware_policy,PPO-HRAP,12868.15606213822,0.28681560621382185,-0.0051526202230824,0.0
2021-03-01,SPY,SPY (S&P 500 ETF),ppo_hybrid_regime_aware_policy,PPO-HRAP,13004.616032564,0.30046160325640003,0.0106044696510392,0.54
2021-03-02,SPY,SPY (S&P 500 ETF),ppo_hybrid_regime_aware_policy,PPO-HRAP,12957.859049879846,0.2957859049879845,-0.0035954143180447,0.0059548654219184
2021-03-03,SPY,SPY (S&P 500 ETF),ppo_hybrid_regime_aware_policy,PPO-HRAP,12878.88144346605,0.28788814434660503,-0.006094957979538,0.0019453022720582
2021-03-04,SPY,SPY (S&P 500 ETF),ppo_hybrid_regime_aware_policy,PPO-HRAP,12814.405460623351,0.28144054606233504,-0.0050063340613644,0.0566895963833374
2021-03-05,SPY,SPY (S&P 500 ETF),ppo_hybrid_regime_aware_policy,PPO-HRAP,12908.663436139055,0.2908663436139056,0.0073556261197871,0.0029847292305997
2021-03-08,SPY,SPY (S&P 500 ETF),ppo_hybrid_regime_aware_policy,PPO-HRAP,12882.89929011446,0.288289929011446,-0.001995880220447,0.0043829273346269
2021-03-09,SPY,SPY (S&P 500 ETF),ppo_hybrid_regime_aware_policy,PPO-HRAP,12956.458081338558,0.29564580813385577,0.0057098009980209,0.0011972880193434
2021-03-10,SPY,SPY (S&P 500 ETF),ppo_hybrid_regime_aware_policy,PPO-HRAP,12988.673263259205,0.2988673263259205,0.0024864188745414,0.0034071448525447
2021-03-11,SPY,SPY (S&P 500 ETF),ppo_hybrid_regime_aware_policy,PPO-HRAP,13041.331502259078,0.3041331502259077,0.0040541661132418,0.0014901903741633
2021-03-12,SPY,SPY (S&P 500 ETF),ppo_hybrid_regime_aware_policy,PPO-HRAP,13048.659520610205,0.3048659520610204,0.0005619072216556,0.0575764317660376
2021-03-15,SPY,SPY (S&P 500 ETF),ppo_hybrid_regime_aware_policy,PPO-HRAP,13119.39226363611,0.31193922636361093,0.0054206903716189,0.5396656666914529
2021-03-16,SPY,SPY (S&P 500 ETF),ppo_hybrid_regime_aware_policy,PPO-HRAP,13102.844507345351,0.31028445073453503,-0.0012613203384902,0.0
2021-03-17,SPY,SPY (S&P 500 ETF),ppo_hybrid_regime_aware_policy,PPO-HRAP,13147.523651329371,0.31475236513293714,0.0034098812634899,0.0
2021-03-18,SPY,SPY (S&P 500 ETF),ppo_hybrid_regime_aware_policy,PPO-HRAP,12956.231629008036,0.2956231629008037,-0.0145496617761927,0.0
2021-03-19,SPY,SPY (S&P 500 ETF),ppo_hybrid_regime_aware_policy,PPO-HRAP,12890.040603845016,0.28900406038450166,-0.0051088176761848,0.0
2021-03-22,SPY,SPY (S&P 500 ETF),ppo_hybrid_regime_aware_policy,PPO-HRAP,12930.40063225384,0.293040063225384,0.0031311017280104,0.54
2021-03-23,SPY,SPY (S&P 500 ETF),ppo_hybrid_regime_aware_policy,PPO-HRAP,12821.725960938476,0.2821725960938477,-0.0084045865558322,0.5380237927727385
2021-03-24,SPY,SPY (S&P 500 ETF),ppo_hybrid_regime_aware_policy,PPO-HRAP,12756.547120716788,0.2756547120716788,-0.0050834685143212,0.0
2021-03-25,SPY,SPY (S&P 500 ETF),ppo_hybrid_regime_aware_policy,PPO-HRAP,12782.65170567105,0.2782651705671051,0.0020463676187005,0.54
2021-03-26,SPY,SPY (S&P 500 ETF),ppo_hybrid_regime_aware_policy,PPO-HRAP,12981.647818854108,0.29816478188541073,0.015567670759172,0.538606213685084
2021-03-29,SPY,SPY (S&P 500 ETF),ppo_hybrid_regime_aware_policy,PPO-HRAP,12975.090699910948,0.29750906999109494,-0.0005051068273195,0.0
2021-03-30,SPY,SPY (S&P 500 ETF),ppo_hybrid_regime_aware_policy,PPO-HRAP,12940.668326649062,0.2940668326649061,-0.0026529581995231,0.0
2021-03-31,SPY,SPY (S&P 500 ETF),ppo_hybrid_regime_aware_policy,PPO-HRAP,12993.121276290813,0.2993121276290813,0.0040533416294838,0.0
2021-04-01,SPY,SPY (S&P 500 ETF),ppo_hybrid_regime_aware_policy,PPO-HRAP,13133.43501758185,0.31334350175818515,0.0107990788592942,0.0
2021-04-05,SPY,SPY (S&P 500 ETF),ppo_hybrid_regime_aware_policy,PPO-HRAP,13321.940681725056,0.33219406817250574,0.0143531120297812,0.0
2021-04-06,SPY,SPY (S&P 500 ETF),ppo_hybrid_regime_aware_policy,PPO-HRAP,13314.072939373971,0.3314072939373971,-0.000590585301275,0.0
2021-04-07,SPY,SPY (S&P 500 ETF),ppo_hybrid_regime_aware_policy,PPO-HRAP,13329.481268462105,0.33294812684621045,0.0011572964304984,0.0
2021-04-08,SPY,SPY (S&P 500 ETF),ppo_hybrid_regime_aware_policy,PPO-HRAP,13392.753364312484,0.3392753364312484,0.0047467785561978,0.0
2021-04-09,SPY,SPY (S&P 500 ETF),ppo_hybrid_regime_aware_policy,PPO-HRAP,13490.120677810704,0.3490120677810704,0.0072701490761171,0.0
2021-04-12,SPY,SPY (S&P 500 ETF),ppo_hybrid_regime_aware_policy,PPO-HRAP,13495.039017256016,0.34950390172560164,0.0003645882466716,0.0
2021-04-13,SPY,SPY (S&P 500 ETF),ppo_hybrid_regime_aware_policy,PPO-HRAP,13535.03404119129,0.35350340411912895,0.0029636834605764,0.0
2021-04-14,SPY,SPY (S&P 500 ETF),ppo_hybrid_regime_aware_policy,PPO-HRAP,13488.810054402778,0.3488810054402778,-0.0034151363526561,0.0
2021-04-15,SPY,SPY (S&P 500 ETF),ppo_hybrid_regime_aware_policy,PPO-HRAP,13633.71297857332,0.363371297857332,0.0107424541961909,0.0
2021-04-16,SPY,SPY (S&P 500 ETF),ppo_hybrid_regime_aware_policy,PPO-HRAP,13679.282654133754,0.36792826541337553,0.0033424259137662,0.0
2021-04-19,SPY,SPY (S&P 500 ETF),ppo_hybrid_regime_aware_policy,PPO-HRAP,13612.075686631952,0.36120756866319526,-0.0049130476503088,0.0
2021-04-20,SPY,SPY (S&P 500 ETF),ppo_hybrid_regime_aware_policy,PPO-HRAP,13512.41428193192,0.35124142819319215,-0.0073215435319615,0.0
2021-04-21,SPY,SPY (S&P 500 ETF),ppo_hybrid_regime_aware_policy,PPO-HRAP,13640.270097516484,0.3640270097516485,0.0094621000301571,0.0
2021-04-22,SPY,SPY (S&P 500 ETF),ppo_hybrid_regime_aware_policy,PPO-HRAP,13515.69184092762,0.35156918409276194,-0.0091331224160691,0.0
2021-04-23,SPY,SPY (S&P 500 ETF),ppo_hybrid_regime_aware_policy,PPO-HRAP,13662.234545071897,0.3662234545071896,0.010842412350696,0.0
2021-04-26,SPY,SPY (S&P 500 ETF),ppo_hybrid_regime_aware_policy,PPO-HRAP,13690.756111570465,0.36907561115704657,0.0020876209088986,0.0
2021-04-27,SPY,SPY (S&P 500 ETF),ppo_hybrid_regime_aware_policy,PPO-HRAP,13687.805708188807,0.3687805708188807,-0.0002155033189995,0.0
2021-04-28,SPY,SPY (S&P 500 ETF),ppo_hybrid_regime_aware_policy,PPO-HRAP,13683.871837013265,0.3683871837013264,-0.000287399694254,0.0
2021-04-29,SPY,SPY (S&P 500 ETF),ppo_hybrid_regime_aware_policy,PPO-HRAP,13771.076316482706,0.37710763164827066,0.0063727927671437,0.0
2021-04-30,SPY,SPY (S&P 500 ETF),ppo_hybrid_regime_aware_policy,PPO-HRAP,13680.593277541686,0.3680593277541686,-0.0065705132163649,0.0
2021-05-03,SPY,SPY (S&P 500 ETF),ppo_hybrid_regime_aware_policy,PPO-HRAP,13710.099312310029,0.3710099312310029,0.0021567803508037,0.0
2021-05-04,SPY,SPY (S&P 500 ETF),ppo_hybrid_regime_aware_policy,PPO-HRAP,13625.517080132318,0.3625517080132319,-0.0061693376722489,0.0
2021-05-05,SPY,SPY (S&P 500 ETF),ppo_hybrid_regime_aware_policy,PPO-HRAP,13629.779107397782,0.36297791073977814,0.0003127974696592,0.0
2021-05-06,SPY,SPY (S&P 500 ETF),ppo_hybrid_regime_aware_policy,PPO-HRAP,13738.620878808591,0.3738620878808592,0.0079855858670325,0.0
2021-05-07,SPY,SPY (S&P 500 ETF),ppo_hybrid_regime_aware_policy,PPO-HRAP,13838.610439598546,0.38386104395985465,0.0072779911223974,0.0
2021-05-10,SPY,SPY (S&P 500 ETF),ppo_hybrid_regime_aware_policy,PPO-HRAP,13701.575257779092,0.3701575257779093,-0.0099023801860433,0.0
2021-05-11,SPY,SPY (S&P 500 ETF),ppo_hybrid_regime_aware_policy,PPO-HRAP,13579.29209286792,0.35792920928679206,-0.0089247522719509,0.0
2021-05-12,SPY,SPY (S&P 500 ETF),ppo_hybrid_regime_aware_policy,PPO-HRAP,13290.79686793476,0.329079686793476,-0.0212452330327794,0.0
2021-05-13,SPY,SPY (S&P 500 ETF),ppo_hybrid_regime_aware_policy,PPO-HRAP,13346.646449009912,0.3346646449009911,0.0042021243443943,0.6
2021-05-14,SPY,SPY (S&P 500 ETF),ppo_hybrid_regime_aware_policy,PPO-HRAP,13428.584822899957,0.3428584822899956,0.0061392481027413,0.0028692177966839
2021-05-17,SPY,SPY (S&P 500 ETF),ppo_hybrid_regime_aware_policy,PPO-HRAP,13414.86794718806,0.34148679471880605,-0.0010214684490434,0.0036627836547198
2021-05-18,SPY,SPY (S&P 500 ETF),ppo_hybrid_regime_aware_policy,PPO-HRAP,13360.89211079534,0.33608921107953393,-0.0040235831321795,0.0606113078308951
2021-05-19,SPY,SPY (S&P 500 ETF),ppo_hybrid_regime_aware_policy,PPO-HRAP,13346.10823449515,0.3346108234495151,-0.0011065036808615,0.0578513499427243
2021-05-20,SPY,SPY (S&P 500 ETF),ppo_hybrid_regime_aware_policy,PPO-HRAP,13403.530527007526,0.34035305270075256,0.0043025495899964,0.0006298883723538
2021-05-21,SPY,SPY (S&P 500 ETF),ppo_hybrid_regime_aware_policy,PPO-HRAP,13397.71316905562,0.33977131690556206,-0.0004340168390846,0.0574291535075009
2021-05-24,SPY,SPY (S&P 500 ETF),ppo_hybrid_regime_aware_policy,PPO-HRAP,13451.540734670809,0.3451540734670808,0.0040176681599299,0.0597965543509507
2021-05-25,SPY,SPY (S&P 500 ETF),ppo_hybrid_regime_aware_policy,PPO-HRAP,13437.038382624636,0.34370383826246353,-0.0010781182863902,0.0575633109793253
2021-05-26,SPY,SPY (S&P 500 ETF),ppo_hybrid_regime_aware_policy,PPO-HRAP,13449.29752499558,0.34492975249955804,0.000912339610996,0.0005516944786277
2021-05-27,SPY,SPY (S&P 500 ETF),ppo_hybrid_regime_aware_policy,PPO-HRAP,13449.098262214542,0.3449098262214543,-1.48158504685858e-05,0.5395074880332198
2021-05-28,SPY,SPY (S&P 500 ETF),ppo_hybrid_regime_aware_policy,PPO-HRAP,13452.895953877478,0.3452895953877477,0.0002823751889451,0.54
2021-06-01,SPY,SPY (S&P 500 ETF),ppo_hybrid_regime_aware_policy,PPO-HRAP,13433.793680851142,0.34337936808511427,-0.0014199376172853,0.5395560427604789
2021-06-02,SPY,SPY (S&P 500 ETF),ppo_hybrid_regime_aware_policy,PPO-HRAP,13454.919667399765,0.3454919667399765,0.001572600193997,0.0
2021-06-03,SPY,SPY (S&P 500 ETF),ppo_hybrid_regime_aware_policy,PPO-HRAP,13404.983563617625,0.3404983563617625,-0.0037113639483952,0.0
2021-06-04,SPY,SPY (S&P 500 ETF),ppo_hybrid_regime_aware_policy,PPO-HRAP,13527.583839388706,0.3527583839388706,0.009145872890425,0.0
2021-06-07,SPY,SPY (S&P 500 ETF),ppo_hybrid_regime_aware_policy,PPO-HRAP,13514.459469219431,0.3514459469219431,-0.00097019322335,0.0
2021-06-08,SPY,SPY (S&P 500 ETF),ppo_hybrid_regime_aware_policy,PPO-HRAP,13517.34028556697,0.351734028556697,0.0002131654879797,0.0
2021-06-09,SPY,SPY (S&P 500 ETF),ppo_hybrid_regime_aware_policy,PPO-HRAP,13497.173594255131,0.3497173594255132,-0.0014919126755557,0.0
2021-06-10,SPY,SPY (S&P 500 ETF),ppo_hybrid_regime_aware_policy,PPO-HRAP,13559.913651874916,0.35599136518749175,0.0046483848771483,0.0
2021-06-11,SPY,SPY (S&P 500 ETF),ppo_hybrid_regime_aware_policy,PPO-HRAP,13582.32130375008,0.358232130375008,0.0016524922245406,0.0
2021-06-14,SPY,SPY (S&P 500 ETF),ppo_hybrid_regime_aware_policy,PPO-HRAP,13612.731548883656,0.36127315488836564,0.0022389578668837,0.0
2021-06-15,SPY,SPY (S&P 500 ETF),ppo_hybrid_regime_aware_policy,PPO-HRAP,13587.763496992586,0.35877634969925865,-0.0018341691233246,0.0
2021-06-16,SPY,SPY (S&P 500 ETF),ppo_hybrid_regime_aware_policy,PPO-HRAP,13511.898092324467,0.3511898092324468,-0.00558336216883,0.0
2021-06-17,SPY,SPY (S&P 500 ETF),ppo_hybrid_regime_aware_policy,PPO-HRAP,13507.417148076873,0.35074171480768723,-0.000331629517702,0.0
2021-06-18,SPY,SPY (S&P 500 ETF),ppo_hybrid_regime_aware_policy,PPO-HRAP,13281.744408941388,0.3281744408941387,-0.0167073198866605,0.0
2021-06-21,SPY,SPY (S&P 500 ETF),ppo_hybrid_regime_aware_policy,PPO-HRAP,13361.989765868311,0.3361989765868312,0.0060417784333284,0.54
2021-06-22,SPY,SPY (S&P 500 ETF),ppo_hybrid_regime_aware_policy,PPO-HRAP,13394.80292023306,0.339480292023306,0.0024557086885792,0.0035328158633055
2021-06-23,SPY,SPY (S&P 500 ETF),ppo_hybrid_regime_aware_policy,PPO-HRAP,13387.358528086745,0.33873585280867435,-0.0005557672024477,0.0013247372436395
2021-06-24,SPY,SPY (S&P 500 ETF),ppo_hybrid_regime_aware_policy,PPO-HRAP,13423.784847732555,0.3423784847732556,0.0027209489885096,0.0002995654198456
2021-06-25,SPY,SPY (S&P 500 ETF),ppo_hybrid_regime_aware_policy,PPO-HRAP,13445.698882752664,0.34456988827526636,0.0016324781176606,0.0014654867045555
2021-06-28,SPY,SPY (S&P 500 ETF),ppo_hybrid_regime_aware_policy,PPO-HRAP,13465.54102420956,0.34655410242095597,0.0014757240683374,0.5391191084897572
2021-06-29,SPY,SPY (S&P 500 ETF),ppo_hybrid_regime_aware_policy,PPO-HRAP,13472.78649725697,0.347278649725697,0.000538075153043,0.0
2021-06-30,SPY,SPY (S&P 500 ETF),ppo_hybrid_regime_aware_policy,PPO-HRAP,13484.126234561894,0.3484126234561895,0.000841677206659,0.0
2021-07-01,SPY,SPY (S&P 500 ETF),ppo_hybrid_regime_aware_policy,PPO-HRAP,13558.782389114338,0.3558782389114339,0.0055365956424442,0.0
2021-07-02,SPY,SPY (S&P 500 ETF),ppo_hybrid_regime_aware_policy,PPO-HRAP,13662.419474535853,0.3662419474535852,0.0076435392535483,0.0
2021-07-06,SPY,SPY (S&P 500 ETF),ppo_hybrid_regime_aware_policy,PPO-HRAP,13637.533769244856,0.3637533769244856,-0.0018214713241222,0.0
2021-07-07,SPY,SPY (S&P 500 ETF),ppo_hybrid_regime_aware_policy,PPO-HRAP,13685.72957543191,0.36857295754319086,0.0035340558639527,0.0
2021-07-08,SPY,SPY (S&P 500 ETF),ppo_hybrid_regime_aware_policy,PPO-HRAP,13574.2183133179,0.35742183133179006,-0.008147995435639,0.0
2021-07-09,SPY,SPY (S&P 500 ETF),ppo_hybrid_regime_aware_policy,PPO-HRAP,13719.120083701604,0.37191200837016036,0.0106747782479332,0.0
2021-07-12,SPY,SPY (S&P 500 ETF),ppo_hybrid_regime_aware_policy,PPO-HRAP,13768.260867997402,0.37682608679974017,0.0035819195397361,0.0
2021-07-13,SPY,SPY (S&P 500 ETF),ppo_hybrid_regime_aware_policy,PPO-HRAP,13721.325353062191,0.37213253530621904,-0.0034089646750015,0.0
2021-07-14,SPY,SPY (S&P 500 ETF),ppo_hybrid_regime_aware_policy,PPO-HRAP,13741.800519632015,0.3741800519632015,0.0014922149313552,0.0
2021-07-15,SPY,SPY (S&P 500 ETF),ppo_hybrid_regime_aware_policy,PPO-HRAP,13694.865004696809,0.3694865004696808,-0.0034155287633635,0.0
2021-07-16,SPY,SPY (S&P 500 ETF),ppo_hybrid_regime_aware_policy,PPO-HRAP,13587.448006840315,0.3587448006840315,-0.0078435966926034,0.0
2021-07-19,SPY,SPY (S&P 500 ETF),ppo_hybrid_regime_aware_policy,PPO-HRAP,13386.789644079048,0.3386789644079049,-0.014767921294731,0.0
2021-07-20,SPY,SPY (S&P 500 ETF),ppo_hybrid_regime_aware_policy,PPO-HRAP,13578.62789071852,0.357862789071852,0.0143304146654998,0.0
2021-07-21,SPY,SPY (S&P 500 ETF),ppo_hybrid_regime_aware_policy,PPO-HRAP,13688.564509758144,0.3688564509758143,0.0080962980887611,0.0
2021-07-22,SPY,SPY (S&P 500 ETF),ppo_hybrid_regime_aware_policy,PPO-HRAP,13717.230127484116,0.37172301274841146,0.0020941288405762,0.0
2021-07-23,SPY,SPY (S&P 500 ETF),ppo_hybrid_regime_aware_policy,PPO-HRAP,13774.704265170843,0.3774704265170843,0.0041899229766197,0.54
2021-07-26,SPY,SPY (S&P 500 ETF),ppo_hybrid_regime_aware_policy,PPO-HRAP,13801.097615143575,0.3801097615143576,0.0019160738019958,0.5374564986673003
2021-07-27,SPY,SPY (S&P 500 ETF),ppo_hybrid_regime_aware_policy,PPO-HRAP,13738.198153673027,0.3738198153673027,-0.0045575694937142,0.0
2021-07-28,SPY,SPY (S&P 500 ETF),ppo_hybrid_regime_aware_policy,PPO-HRAP,13732.56458211973,0.37325645821197306,-0.0004100662612579,0.0
2021-07-29,SPY,SPY (S&P 500 ETF),ppo_hybrid_regime_aware_policy,PPO-HRAP,13789.519140569551,0.37895191405695505,0.0041474087457764,0.0
2021-07-30,SPY,SPY (S&P 500 ETF),ppo_hybrid_regime_aware_policy,PPO-HRAP,13722.551359923373,0.37225513599233717,-0.0048564260989462,0.0
2021-08-02,SPY,SPY (S&P 500 ETF),ppo_hybrid_regime_aware_policy,PPO-HRAP,13693.760839222028,0.3693760839222029,-0.0020980443028566,0.0
2021-08-03,SPY,SPY (S&P 500 ETF),ppo_hybrid_regime_aware_policy,PPO-HRAP,13805.165934319206,0.38051659343192057,0.0081354637637667,0.0
2021-08-04,SPY,SPY (S&P 500 ETF),ppo_hybrid_regime_aware_policy,PPO-HRAP,13737.259384248226,0.3737259384248226,-0.004918923133127,0.0
2021-08-05,SPY,SPY (S&P 500 ETF),ppo_hybrid_regime_aware_policy,PPO-HRAP,13824.255519296124,0.3824255519296125,0.0063328596057268,0.0
2021-08-06,SPY,SPY (S&P 500 ETF),ppo_hybrid_regime_aware_policy,PPO-HRAP,13847.099226967735,0.3847099226967736,0.001652436736266,0.0
2021-08-09,SPY,SPY (S&P 500 ETF),ppo_hybrid_regime_aware_policy,PPO-HRAP,13835.833993870145,0.3835833993870146,-0.0008135446213638,0.0
2021-08-10,SPY,SPY (S&P 500 ETF),ppo_hybrid_regime_aware_policy,PPO-HRAP,13853.045084992966,0.38530450849929654,0.0012439503921806,0.0
2021-08-11,SPY,SPY (S&P 500 ETF),ppo_hybrid_regime_aware_policy,PPO-HRAP,13887.468222243104,0.38874682222431045,0.0024848787424671,0.0
2021-08-12,SPY,SPY (S&P 500 ETF),ppo_hybrid_regime_aware_policy,PPO-HRAP,13929.088273415204,0.39290882734152044,0.0029969502364324,0.0
2021-08-13,SPY,SPY (S&P 500 ETF),ppo_hybrid_regime_aware_policy,PPO-HRAP,13954.436957893784,0.3954436957893783,0.0018198380239258,0.0
2021-08-16,SPY,SPY (S&P 500 ETF),ppo_hybrid_regime_aware_policy,PPO-HRAP,13987.294842766258,0.3987294842766258,0.0023546550084119,0.0
2021-08-17,SPY,SPY (S&P 500 ETF),ppo_hybrid_regime_aware_policy,PPO-HRAP,13895.604860594363,0.3895604860594364,-0.0065552333887716,0.0
2021-08-18,SPY,SPY (S&P 500 ETF),ppo_hybrid_regime_aware_policy,PPO-HRAP,13743.517528745384,0.37435175287453837,-0.0109449954409882,0.0
2021-08-19,SPY,SPY (S&P 500 ETF),ppo_hybrid_regime_aware_policy,PPO-HRAP,13764.79693904383,0.3764796939043831,0.001548323437136,0.0
2021-08-20,SPY,SPY (S&P 500 ETF),ppo_hybrid_regime_aware_policy,PPO-HRAP,13874.32449529141,0.387432449529141,0.0079570775168433,0.0
2021-08-23,SPY,SPY (S&P 500 ETF),ppo_hybrid_regime_aware_policy,PPO-HRAP,13996.370250542315,0.3996370250542316,0.0087965187272593,0.0
2021-08-24,SPY,SPY (S&P 500 ETF),ppo_hybrid_regime_aware_policy,PPO-HRAP,14018.588430265563,0.4018588430265564,0.0015874244054374,0.0
2021-08-25,SPY,SPY (S&P 500 ETF),ppo_hybrid_regime_aware_policy,PPO-HRAP,14048.004478915276,0.4048004478915277,0.0020983602447592,0.0
2021-08-26,SPY,SPY (S&P 500 ETF),ppo_hybrid_regime_aware_policy,PPO-HRAP,13965.076663043008,0.3965076663043008,-0.0059031740769114,0.0
2021-08-27,SPY,SPY (S&P 500 ETF),ppo_hybrid_regime_aware_policy,PPO-HRAP,14089.937771563811,0.4089937771563812,0.0089409540336597,0.0
2021-08-30,SPY,SPY (S&P 500 ETF),ppo_hybrid_regime_aware_policy,PPO-HRAP,14151.899418614064,0.41518994186140645,0.0043975813133327,0.0
2021-08-31,SPY,SPY (S&P 500 ETF),ppo_hybrid_regime_aware_policy,PPO-HRAP,14130.932294787544,0.4130932294787544,-0.0014815766566952,0.0
2021-09-01,SPY,SPY (S&P 500 ETF),ppo_hybrid_regime_aware_policy,PPO-HRAP,14138.44245018594,0.41384424501859396,0.0005314692082394,0.0
2021-09-02,SPY,SPY (S&P 500 ETF),ppo_hybrid_regime_aware_policy,PPO-HRAP,14181.94099521214,0.4181940995212141,0.0030766150641741,0.0
2021-09-03,SPY,SPY (S&P 500 ETF),ppo_hybrid_regime_aware_policy,PPO-HRAP,14178.498203984876,0.4178498203984877,-0.0002427588175996,0.0
2021-09-07,SPY,SPY (S&P 500 ETF),ppo_hybrid_regime_aware_policy,PPO-HRAP,14127.802745036715,0.4127802745036715,-0.0035755168296958,0.0
2021-09-08,SPY,SPY (S&P 500 ETF),ppo_hybrid_regime_aware_policy,PPO-HRAP,14110.591653913896,0.41105916539138954,-0.0012182425981892,0.0
2021-09-09,SPY,SPY (S&P 500 ETF),ppo_hybrid_regime_aware_policy,PPO-HRAP,14050.19525924131,0.40501952592413115,-0.0042802170280247,0.0
2021-09-10,SPY,SPY (S&P 500 ETF),ppo_hybrid_regime_aware_policy,PPO-HRAP,13939.4156920925,0.39394156920925005,-0.0078845571257059,0.0
2021-09-13,SPY,SPY (S&P 500 ETF),ppo_hybrid_regime_aware_policy,PPO-HRAP,13975.08988523937,0.3975089885239369,0.0025592316015876,0.0
2021-09-14,SPY,SPY (S&P 500 ETF),ppo_hybrid_regime_aware_policy,PPO-HRAP,13899.673179769996,0.3899673179769996,-0.0053965095100411,0.0
2021-09-15,SPY,SPY (S&P 500 ETF),ppo_hybrid_regime_aware_policy,PPO-HRAP,13937.745089004473,0.3937745089004472,0.002739050677097,0.6
2021-09-16,SPY,SPY (S&P 500 ETF),ppo_hybrid_regime_aware_policy,PPO-HRAP,13926.773795811663,0.3926773795811662,-0.0007871641447556,0.058002042101676
2021-09-17,SPY,SPY (S&P 500 ETF),ppo_hybrid_regime_aware_policy,PPO-HRAP,13844.104997583046,0.38441049975830466,-0.0059359618703276,0.0003940577235439
2021-09-20,SPY,SPY (S&P 500 ETF),ppo_hybrid_regime_aware_policy,PPO-HRAP,13737.874681743247,0.37378746817432473,-0.0076733249175982,0.0032243462149952
2021-09-21,SPY,SPY (S&P 500 ETF),ppo_hybrid_regime_aware_policy,PPO-HRAP,13731.85676417818,0.37318567641781786,-0.0004380530252664,0.1356265427155776
2021-09-22,SPY,SPY (S&P 500 ETF),ppo_hybrid_regime_aware_policy,PPO-HRAP,13781.605512507842,0.3781605512507842,0.0036228711953536,0.0572942789548948
2021-09-23,SPY,SPY (S&P 500 ETF),ppo_hybrid_regime_aware_policy,PPO-HRAP,13848.301317711035,0.3848301317711036,0.0048394800694784,0.0204284153111476
2021-09-24,SPY,SPY (S&P 500 ETF),ppo_hybrid_regime_aware_policy,PPO-HRAP,13857.385534875271,0.38573855348752706,0.0006559806113273,0.0029019013968997
2021-09-27,SPY,SPY (S&P 500 ETF),ppo_hybrid_regime_aware_policy,PPO-HRAP,13841.52214282682,0.38415221428268187,-0.0011447608214787,0.0003950703491453
2021-09-28,SPY,SPY (S&P 500 ETF),ppo_hybrid_regime_aware_policy,PPO-HRAP,13729.939815482236,0.3729939815482235,-0.0080614202826249,0.0006874063665546
2021-09-29,SPY,SPY (S&P 500 ETF),ppo_hybrid_regime_aware_policy,PPO-HRAP,13739.11658479762,0.37391165847976215,0.0006683765142974,0.0048757451566537
2021-09-30,SPY,SPY (S&P 500 ETF),ppo_hybrid_regime_aware_policy,PPO-HRAP,13671.94138128157,0.36719413812815693,-0.0048893393619194,0.0004036815444088
2021-10-01,SPY,SPY (S&P 500 ETF),ppo_hybrid_regime_aware_policy,PPO-HRAP,13736.892792530649,0.37368927925306483,0.0047507087280234,0.002947774076045
2021-10-04,SPY,SPY (S&P 500 ETF),ppo_hybrid_regime_aware_policy,PPO-HRAP,13665.99339991292,0.36659933999129213,-0.0051612394220823,0.0028387080262631
2021-10-05,SPY,SPY (S&P 500 ETF),ppo_hybrid_regime_aware_policy,PPO-HRAP,13722.828470538669,0.3722828470538668,0.0041588685844169,0.003111097547743
2021-10-06,SPY,SPY (S&P 500 ETF),ppo_hybrid_regime_aware_policy,PPO-HRAP,13745.607423604648,0.3745607423604649,0.0016599313410412,0.0024868453461942
2021-10-07,SPY,SPY (S&P 500 ETF),ppo_hybrid_regime_aware_policy,PPO-HRAP,13793.129783037724,0.37931297830377253,0.0034572760568927,0.0009957979555966
2021-10-08,SPY,SPY (S&P 500 ETF),ppo_hybrid_regime_aware_policy,PPO-HRAP,13783.039041488477,0.3783039041488476,-0.0007315773655415,0.0020678141087009
2021-10-11,SPY,SPY (S&P 500 ETF),ppo_hybrid_regime_aware_policy,PPO-HRAP,13743.118894135065,0.37431188941350646,-0.0028963240424154,0.0004380261808992
2021-10-12,SPY,SPY (S&P 500 ETF),ppo_hybrid_regime_aware_policy,PPO-HRAP,13729.563268228383,0.3729563268228384,-0.0009863573189681,0.001742578682274
2021-10-13,SPY,SPY (S&P 500 ETF),ppo_hybrid_regime_aware_policy,PPO-HRAP,13749.312607599804,0.3749312607599804,0.0014384535753677,0.0005913521286717
2021-10-14,SPY,SPY (S&P 500 ETF),ppo_hybrid_regime_aware_policy,PPO-HRAP,13841.80958524909,0.38418095852490897,0.0067273892367649,0.0008621867408976
2021-10-15,SPY,SPY (S&P 500 ETF),ppo_hybrid_regime_aware_policy,PPO-HRAP,13889.523487556784,0.3889523487556783,0.0034470855861608,0.0559900258031479
2021-10-18,SPY,SPY (S&P 500 ETF),ppo_hybrid_regime_aware_policy,PPO-HRAP,13923.147422474744,0.3923147422474744,0.002420812704488,0.5381148374860688
2021-10-19,SPY,SPY (S&P 500 ETF),ppo_hybrid_regime_aware_policy,PPO-HRAP,14030.562678418726,0.40305626784187254,0.0077148688212975,0.0
2021-10-20,SPY,SPY (S&P 500 ETF),ppo_hybrid_regime_aware_policy,PPO-HRAP,14085.670837901213,0.4085670837901212,0.0039277226969129,0.0
2021-10-21,SPY,SPY (S&P 500 ETF),ppo_hybrid_regime_aware_policy,PPO-HRAP,14122.409610889536,0.4122409610889535,0.002608237364845,0.0
2021-10-22,SPY,SPY (S&P 500 ETF),ppo_hybrid_regime_aware_policy,PPO-HRAP,14107.77624196611,0.410777624196611,-0.0010361807458226,0.0
2021-10-25,SPY,SPY (S&P 500 ETF),ppo_hybrid_regime_aware_policy,PPO-HRAP,14183.43344824471,0.4183433448244711,0.0053628016904283,0.0
2021-10-26,SPY,SPY (S&P 500 ETF),ppo_hybrid_regime_aware_policy,PPO-HRAP,14196.198808382767,0.4196198808382767,0.0009000190387353,0.0
2021-10-27,SPY,SPY (S&P 500 ETF),ppo_hybrid_regime_aware_policy,PPO-HRAP,14133.306962242228,0.4133306962242229,-0.0044301891646799,0.0
2021-10-28,SPY,SPY (S&P 500 ETF),ppo_hybrid_regime_aware_policy,PPO-HRAP,14269.67730451648,0.42696773045164793,0.0096488629758464,0.0
2021-10-29,SPY,SPY (S&P 500 ETF),ppo_hybrid_regime_aware_policy,PPO-HRAP,14298.632390846748,0.42986323908467483,0.0020291339259019,0.0
2021-11-01,SPY,SPY (S&P 500 ETF),ppo_hybrid_regime_aware_policy,PPO-HRAP,14323.22910673018,0.432322910673018,0.0017202145779464,0.0
2021-11-02,SPY,SPY (S&P 500 ETF),ppo_hybrid_regime_aware_policy,PPO-HRAP,14381.139279390718,0.4381139279390718,0.004043094767878,0.0
2021-11-03,SPY,SPY (S&P 500 ETF),ppo_hybrid_regime_aware_policy,PPO-HRAP,14468.93949293127,0.446893949293127,0.0061052335169562,0.0
2021-11-04,SPY,SPY (S&P 500 ETF),ppo_hybrid_regime_aware_policy,PPO-HRAP,14537.124664068397,0.4537124664068397,0.0047125203039544,0.0
2021-11-05,SPY,SPY (S&P 500 ETF),ppo_hybrid_regime_aware_policy,PPO-HRAP,14587.562801587464,0.45875628015874637,0.003469608927805,0.0
2021-11-08,SPY,SPY (S&P 500 ETF),ppo_hybrid_regime_aware_policy,PPO-HRAP,14600.01651020894,0.46000165102089396,0.0008537209944434,0.0
2021-11-09,SPY,SPY (S&P 500 ETF),ppo_hybrid_regime_aware_policy,PPO-HRAP,14551.758032991826,0.4551758032991826,-0.0033053714140235,0.0
2021-11-10,SPY,SPY (S&P 500 ETF),ppo_hybrid_regime_aware_policy,PPO-HRAP,14434.69108160442,0.44346910816044205,-0.0080448665461582,0.0
2021-11-11,SPY,SPY (S&P 500 ETF),ppo_hybrid_regime_aware_policy,PPO-HRAP,14439.36110356784,0.44393611035678404,0.00032352766935,0.0
2021-11-12,SPY,SPY (S&P 500 ETF),ppo_hybrid_regime_aware_policy,PPO-HRAP,14548.332716780607,0.45483327167806076,0.0075468445197233,0.0
2021-11-15,SPY,SPY (S&P 500 ETF),ppo_hybrid_regime_aware_policy,PPO-HRAP,14553.31439026061,0.455331439026061,0.0003424222951855,0.0
2021-11-16,SPY,SPY (S&P 500 ETF),ppo_hybrid_regime_aware_policy,PPO-HRAP,14610.913861561625,0.4610913861561625,0.0039578249844971,0.0
2021-11-17,SPY,SPY (S&P 500 ETF),ppo_hybrid_regime_aware_policy,PPO-HRAP,14575.420744482566,0.45754207444825656,-0.0024292195146282,0.0
2021-11-18,SPY,SPY (S&P 500 ETF),ppo_hybrid_regime_aware_policy,PPO-HRAP,14624.924877608946,0.4624924877608947,0.0033964119454403,0.0
2021-11-19,SPY,SPY (S&P 500 ETF),ppo_hybrid_regime_aware_policy,PPO-HRAP,14598.77180445673,0.45987718044567294,-0.0017882535035962,0.0
2021-11-22,SPY,SPY (S&P 500 ETF),ppo_hybrid_regime_aware_policy,PPO-HRAP,14557.673710864508,0.45576737108645093,-0.0028151747381705,0.0
2021-11-23,SPY,SPY (S&P 500 ETF),ppo_hybrid_regime_aware_policy,PPO-HRAP,14576.977101751354,0.4576977101751354,0.0013259941986774,0.0
2021-11-24,SPY,SPY (S&P 500 ETF),ppo_hybrid_regime_aware_policy,PPO-HRAP,14615.895535041627,0.46158955350416275,0.002669856241017,0.0
2021-11-26,SPY,SPY (S&P 500 ETF),ppo_hybrid_regime_aware_policy,PPO-HRAP,14289.914699796009,0.4289914699796009,-0.0223031722184987,0.0
2021-11-29,SPY,SPY (S&P 500 ETF),ppo_hybrid_regime_aware_policy,PPO-HRAP,14402.639466114291,0.4402639466114291,0.0078884142198478,0.329811668395996
2021-11-30,SPY,SPY (S&P 500 ETF),ppo_hybrid_regime_aware_policy,PPO-HRAP,14270.690035851649,0.427069003585165,-0.0091614756151527,0.2128775844550299
2021-12-01,SPY,SPY (S&P 500 ETF),ppo_hybrid_regime_aware_policy,PPO-HRAP,14288.642610620724,0.4288642610620723,0.0012580032727202,0.6247351082375855
2021-12-02,SPY,SPY (S&P 500 ETF),ppo_hybrid_regime_aware_policy,PPO-HRAP,14222.716124735123,0.4222716124735124,-0.0046139082404228,0.1256613519192204
2021-12-03,SPY,SPY (S&P 500 ETF),ppo_hybrid_regime_aware_policy,PPO-HRAP,14255.151203295012,0.4255151203295011,0.0022805122647058,0.0330134620103909
2021-12-06,SPY,SPY (S&P 500 ETF),ppo_hybrid_regime_aware_policy,PPO-HRAP,14206.167600099185,0.42061676000991843,-0.0034362036920735,0.0250607705448684
2021-12-07,SPY,SPY (S&P 500 ETF),ppo_hybrid_regime_aware_policy,PPO-HRAP,14132.309304957598,0.41323093049575976,-0.0051990302536674,0.0431698233777029
2021-12-08,SPY,SPY (S&P 500 ETF),ppo_hybrid_regime_aware_policy,PPO-HRAP,14136.50353431331,0.41365035343133094,0.0002967830143825,0.5913401024166448
2021-12-09,SPY,SPY (S&P 500 ETF),ppo_hybrid_regime_aware_policy,PPO-HRAP,14090.854821915917,0.4090854821915917,-0.0032291374091615,0.1238136130489153
2021-12-10,SPY,SPY (S&P 500 ETF),ppo_hybrid_regime_aware_policy,PPO-HRAP,14151.84735162334,0.4151847351623341,0.0043285187789006,0.0016823072511792
2021-12-13,SPY,SPY (S&P 500 ETF),ppo_hybrid_regime_aware_policy,PPO-HRAP,14018.94358976527,0.4018943589765269,-0.0093912659284602,0.5376717692041992
2021-12-14,SPY,SPY (S&P 500 ETF),ppo_hybrid_regime_aware_policy,PPO-HRAP,13967.029885083106,0.39670298850831065,-0.0037031110332781,0.54
2021-12-15,SPY,SPY (S&P 500 ETF),ppo_hybrid_regime_aware_policy,PPO-HRAP,14067.394085711963,0.4067394085711964,0.0071857940775259,0.0017144286777224
2021-12-16,SPY,SPY (S&P 500 ETF),ppo_hybrid_regime_aware_policy,PPO-HRAP,13935.864867179223,0.3935864867179224,-0.0093499348728939,0.5361464363217068
2021-12-17,SPY,SPY (S&P 500 ETF),ppo_hybrid_regime_aware_policy,PPO-HRAP,13837.95809508928,0.383795809508928,-0.0070255253637345,0.54
2021-12-20,SPY,SPY (S&P 500 ETF),ppo_hybrid_regime_aware_policy,PPO-HRAP,13770.22300285087,0.377022300285087,-0.0048948762362885,0.0035269624606408
2021-12-21,SPY,SPY (S&P 500 ETF),ppo_hybrid_regime_aware_policy,PPO-HRAP,13851.742767208803,0.38517427672088034,0.0059200032084489,0.1173456788184579
2021-12-22,SPY,SPY (S&P 500 ETF),ppo_hybrid_regime_aware_policy,PPO-HRAP,13913.837862916567,0.3913837862916567,0.004482836329791,0.116038800050812
2021-12-23,SPY,SPY (S&P 500 ETF),ppo_hybrid_regime_aware_policy,PPO-HRAP,13947.595663595455,0.39475956635954557,0.0024262033963224,0.0624723096107728
2021-12-27,SPY,SPY (S&P 500 ETF),ppo_hybrid_regime_aware_policy,PPO-HRAP,14136.51826222824,0.4136518262228239,0.0135451731746059,0.5985104086280857
2021-12-28,SPY,SPY (S&P 500 ETF),ppo_hybrid_regime_aware_policy,PPO-HRAP,14124.965965603007,0.4124965965603007,-0.0008171953242616,0.0
2021-12-29,SPY,SPY (S&P 500 ETF),ppo_hybrid_regime_aware_policy,PPO-HRAP,14143.034733775288,0.4143034733775288,0.0012792079086265,0.0
2021-12-30,SPY,SPY (S&P 500 ETF),ppo_hybrid_regime_aware_policy,PPO-HRAP,14103.935904492992,0.41039359044929924,-0.0027645289726202,0.0
2021-12-31,SPY,SPY (S&P 500 ETF),ppo_hybrid_regime_aware_policy,PPO-HRAP,14068.391349884436,0.4068391349884435,-0.0025201869073463,0.0
2022-01-03,SPY,SPY (S&P 500 ETF),ppo_hybrid_regime_aware_policy,PPO-HRAP,14149.846792254768,0.41498467922547677,0.0057899613640617,0.0
2022-01-04,SPY,SPY (S&P 500 ETF),ppo_hybrid_regime_aware_policy,PPO-HRAP,14145.10745804459,0.414510745804459,-0.0003349389063895,0.0
2022-01-05,SPY,SPY (S&P 500 ETF),ppo_hybrid_regime_aware_policy,PPO-HRAP,13873.491089144532,0.3873491089144532,-0.0192021424867707,0.0
2022-01-06,SPY,SPY (S&P 500 ETF),ppo_hybrid_regime_aware_policy,PPO-HRAP,13860.458146050434,0.3860458146050434,-0.0009394133755055,0.0
2022-01-07,SPY,SPY (S&P 500 ETF),ppo_hybrid_regime_aware_policy,PPO-HRAP,13827.780270289612,0.38277802702896113,-0.0023576331616521,0.54
2022-01-10,SPY,SPY (S&P 500 ETF),ppo_hybrid_regime_aware_policy,PPO-HRAP,13819.851536326065,0.38198515363260643,-0.0005733916658036,0.0009838414445075
2022-01-11,SPY,SPY (S&P 500 ETF),ppo_hybrid_regime_aware_policy,PPO-HRAP,13869.373582249504,0.38693735822495046,0.0035833992712055,0.0596907224376693
2022-01-12,SPY,SPY (S&P 500 ETF),ppo_hybrid_regime_aware_policy,PPO-HRAP,13885.818992477063,0.38858189924770636,0.0011857356159621,0.0578219508236453
2022-01-13,SPY,SPY (S&P 500 ETF),ppo_hybrid_regime_aware_policy,PPO-HRAP,13797.79932943603,0.3797799329436029,-0.006338816823748,0.0006707257826152
2022-01-14,SPY,SPY (S&P 500 ETF),ppo_hybrid_regime_aware_policy,PPO-HRAP,13799.276294277475,0.3799276294277476,0.0001070435078944,0.0565555674802943
2022-01-18,SPY,SPY (S&P 500 ETF),ppo_hybrid_regime_aware_policy,PPO-HRAP,13701.523016962898,0.37015230169628976,-0.0070839423191429,9.814893901816112e-05
2022-01-19,SPY,SPY (S&P 500 ETF),ppo_hybrid_regime_aware_policy,PPO-HRAP,13655.345324962002,0.36553453249620005,-0.0033702597838011,0.0786968172699346
2022-01-20,SPY,SPY (S&P 500 ETF),ppo_hybrid_regime_aware_policy,PPO-HRAP,13613.46490003809,0.36134649000380903,-0.0030669619791564,0.0413956530983528
2022-01-21,SPY,SPY (S&P 500 ETF),ppo_hybrid_regime_aware_policy,PPO-HRAP,13551.828299690374,0.3551828299690374,-0.0045276203229894,0.0426904697669034
2022-01-24,SPY,SPY (S&P 500 ETF),ppo_hybrid_regime_aware_policy,PPO-HRAP,13531.121094234844,0.35311210942348437,-0.0015280008717351,0.4734399082775032
2022-01-25,SPY,SPY (S&P 500 ETF),ppo_hybrid_regime_aware_policy,PPO-HRAP,13580.003751057337,0.3580003751057337,0.0036126095156536,0.0502716449320094
2022-01-26,SPY,SPY (S&P 500 ETF),ppo_hybrid_regime_aware_policy,PPO-HRAP,13590.42034952486,0.3590420349524861,0.0007670541671767,0.017402001367667
2022-01-27,SPY,SPY (S&P 500 ETF),ppo_hybrid_regime_aware_policy,PPO-HRAP,13611.806439254278,0.3611806439254279,0.0015736150302492,0.008803727069942
2022-01-28,SPY,SPY (S&P 500 ETF),ppo_hybrid_regime_aware_policy,PPO-HRAP,13505.945755967698,0.35059457559676965,-0.00777712229152,0.0054474872106248
2022-01-31,SPY,SPY (S&P 500 ETF),ppo_hybrid_regime_aware_policy,PPO-HRAP,13438.030788700666,0.34380307887006656,-0.0050285236216814,0.0465959393297097
2022-02-01,SPY,SPY (S&P 500 ETF),ppo_hybrid_regime_aware_policy,PPO-HRAP,13449.11463238979,0.3449114632389789,0.0008248116010005,0.475548820372449
2022-02-02,SPY,SPY (S&P 500 ETF),ppo_hybrid_regime_aware_policy,PPO-HRAP,13496.601998215136,0.34966019982151364,0.0035308915957175,0.1894697420028283
2022-02-03,SPY,SPY (S&P 500 ETF),ppo_hybrid_regime_aware_policy,PPO-HRAP,13369.511168552715,0.33695111685527146,-0.0094165057011557,0.0146538788387637
2022-02-04,SPY,SPY (S&P 500 ETF),ppo_hybrid_regime_aware_policy,PPO-HRAP,13386.880331562072,0.3386880331562072,0.0012991621601103,0.097296926421783
2022-02-07,SPY,SPY (S&P 500 ETF),ppo_hybrid_regime_aware_policy,PPO-HRAP,13373.512036720243,0.3373512036720243,-0.0009986116638623,0.0100476260136829
2022-02-08,SPY,SPY (S&P 500 ETF),ppo_hybrid_regime_aware_policy,PPO-HRAP,13408.081176214231,0.34080811762142305,0.0025848961289354,0.0077574689572346
2022-02-09,SPY,SPY (S&P 500 ETF),ppo_hybrid_regime_aware_policy,PPO-HRAP,13496.420665751506,0.3496420665751505,0.006588525858121,0.1431197691497623
2022-02-10,SPY,SPY (S&P 500 ETF),ppo_hybrid_regime_aware_policy,PPO-HRAP,13384.835255836164,0.3384835255836165,-0.0082677780041712,0.00361129552478
2022-02-11,SPY,SPY (S&P 500 ETF),ppo_hybrid_regime_aware_policy,PPO-HRAP,13268.113558186096,0.32681135581860965,-0.0087204433539197,0.0139601099834597
2022-02-14,SPY,SPY (S&P 500 ETF),ppo_hybrid_regime_aware_policy,PPO-HRAP,13251.442009043452,0.32514420090434526,-0.0012565123948881,0.0753073586025425
2022-02-15,SPY,SPY (S&P 500 ETF),ppo_hybrid_regime_aware_policy,PPO-HRAP,13322.830192983336,0.3322830192983337,0.0053872011733639,0.0249646243568352
2022-02-16,SPY,SPY (S&P 500 ETF),ppo_hybrid_regime_aware_policy,PPO-HRAP,13327.971289163572,0.33279712891635715,0.0003858861897785,0.0475120378006257
2022-02-17,SPY,SPY (S&P 500 ETF),ppo_hybrid_regime_aware_policy,PPO-HRAP,13240.467971947832,0.32404679719478313,-0.00656538908415,0.0834974088351082
2022-02-18,SPY,SPY (S&P 500 ETF),ppo_hybrid_regime_aware_policy,PPO-HRAP,13251.446485285478,0.32514464852854785,0.0008291635432302,0.5050836576943116
2022-02-22,SPY,SPY (S&P 500 ETF),ppo_hybrid_regime_aware_policy,PPO-HRAP,13287.922207729374,0.32879222077293746,0.0027525842167042,0.0572898120637764
2022-02-23,SPY,SPY (S&P 500 ETF),ppo_hybrid_regime_aware_policy,PPO-HRAP,13353.542219868748,0.3353542219868748,0.0049383200107238,0.0212895192973607
2022-02-24,SPY,SPY (S&P 500 ETF),ppo_hybrid_regime_aware_policy,PPO-HRAP,13292.556559410026,0.3292556559410027,-0.0045670024817818,0.0283159518859252
2022-02-25,SPY,SPY (S&P 500 ETF),ppo_hybrid_regime_aware_policy,PPO-HRAP,13206.391773664987,0.3206391773664987,-0.0064821831195475,0.0143928434892753
2022-02-28,SPY,SPY (S&P 500 ETF),ppo_hybrid_regime_aware_policy,PPO-HRAP,13189.138617719662,0.31891386177196623,-0.0013064246647392,0.5840609993764085
2022-03-01,SPY,SPY (S&P 500 ETF),ppo_hybrid_regime_aware_policy,PPO-HRAP,13226.873846614002,0.32268738466140023,0.0028610836528506,0.5029725379768566
2022-03-02,SPY,SPY (S&P 500 ETF),ppo_hybrid_regime_aware_policy,PPO-HRAP,13152.679646048571,0.31526796460485706,-0.0056093527031275,0.0835095109045687
2022-03-03,SPY,SPY (S&P 500 ETF),ppo_hybrid_regime_aware_policy,PPO-HRAP,13170.780321860431,0.31707803218604313,0.0013761968130423,0.02597625920343
2022-03-04,SPY,SPY (S&P 500 ETF),ppo_hybrid_regime_aware_policy,PPO-HRAP,13200.548455125969,0.3200548455125969,0.0022601647387687,0.0014891192245764
2022-03-07,SPY,SPY (S&P 500 ETF),ppo_hybrid_regime_aware_policy,PPO-HRAP,13313.562927026673,0.3313562927026672,0.008561346695926,0.0154629494695378
2022-03-08,SPY,SPY (S&P 500 ETF),ppo_hybrid_regime_aware_policy,PPO-HRAP,13345.265761223814,0.33452657612238146,0.0023812434260392,0.0393034360764819
2022-03-09,SPY,SPY (S&P 500 ETF),ppo_hybrid_regime_aware_policy,PPO-HRAP,13232.663330248011,0.3232663330248011,-0.0084376312162312,0.0014315066366195
2022-03-10,SPY,SPY (S&P 500 ETF),ppo_hybrid_regime_aware_policy,PPO-HRAP,13249.565442433215,0.32495654424332154,0.0012773023663776,0.0351748454077701
2022-03-11,SPY,SPY (S&P 500 ETF),ppo_hybrid_regime_aware_policy,PPO-HRAP,13294.903907004536,0.3294903907004536,0.0034218831378511,0.0184026319952803
2022-03-14,SPY,SPY (S&P 500 ETF),ppo_hybrid_regime_aware_policy,PPO-HRAP,13321.4697611904,0.33214697611903987,0.0019981982849734,0.0083411074241206
2022-03-15,SPY,SPY (S&P 500 ETF),ppo_hybrid_regime_aware_policy,PPO-HRAP,13238.61290897075,0.32386129089707505,-0.0062197980932282,0.0103671746458978
2022-03-16,SPY,SPY (S&P 500 ETF),ppo_hybrid_regime_aware_policy,PPO-HRAP,13162.3198375947,0.31623198375947004,-0.005762920322593,0.0319235800959364
2022-03-17,SPY,SPY (S&P 500 ETF),ppo_hybrid_regime_aware_policy,PPO-HRAP,13190.164211335006,0.3190164211335007,0.0021154609585445,0.4726841077293809
2022-03-18,SPY,SPY (S&P 500 ETF),ppo_hybrid_regime_aware_policy,PPO-HRAP,13219.590365805432,0.32195903658054315,0.0022309164616114,0.0873990644641694
2022-03-21,SPY,SPY (S&P 500 ETF),ppo_hybrid_regime_aware_policy,PPO-HRAP,13211.57203198266,0.3211572031982659,-0.0006065493408565,0.4019567757119627
2022-03-22,SPY,SPY (S&P 500 ETF),ppo_hybrid_regime_aware_policy,PPO-HRAP,13362.155142472511,0.33621551424725116,0.0113978192848906,0.3000614150207837
2022-03-23,SPY,SPY (S&P 500 ETF),ppo_hybrid_regime_aware_policy,PPO-HRAP,13190.071704042664,0.3190071704042665,-0.012878419431224,0.0
2022-03-24,SPY,SPY (S&P 500 ETF),ppo_hybrid_regime_aware_policy,PPO-HRAP,13388.903642594976,0.3388903642594976,0.0150743637346089,0.0
2022-03-25,SPY,SPY (S&P 500 ETF),ppo_hybrid_regime_aware_policy,PPO-HRAP,13454.289671343697,0.34542896713436977,0.0048835984255426,0.0
2022-03-28,SPY,SPY (S&P 500 ETF),ppo_hybrid_regime_aware_policy,PPO-HRAP,13549.990545963798,0.3549990545963797,0.0071130380687385,0.0
2022-03-29,SPY,SPY (S&P 500 ETF),ppo_hybrid_regime_aware_policy,PPO-HRAP,13717.615145201962,0.37176151452019623,0.0123708277632781,0.0
2022-03-30,SPY,SPY (S&P 500 ETF),ppo_hybrid_regime_aware_policy,PPO-HRAP,13632.911712648416,0.3632911712648417,-0.0061747928963565,0.0
2022-03-31,SPY,SPY (S&P 500 ETF),ppo_hybrid_regime_aware_policy,PPO-HRAP,13423.083239035075,0.3423083239035076,-0.0153913175729485,0.0
2022-04-01,SPY,SPY (S&P 500 ETF),ppo_hybrid_regime_aware_policy,PPO-HRAP,13461.12577203282,0.34611257720328203,0.002834112872601,0.0
2022-04-04,SPY,SPY (S&P 500 ETF),ppo_hybrid_regime_aware_policy,PPO-HRAP,13576.44154827201,0.35764415482720113,0.0085665774313448,0.0
2022-04-05,SPY,SPY (S&P 500 ETF),ppo_hybrid_regime_aware_policy,PPO-HRAP,13404.953105470668,0.3404953105470667,-0.0126313247982988,0.0
2022-04-06,SPY,SPY (S&P 500 ETF),ppo_hybrid_regime_aware_policy,PPO-HRAP,13270.912200038563,0.32709122000385626,-0.0099993565346678,0.0
2022-04-07,SPY,SPY (S&P 500 ETF),ppo_hybrid_regime_aware_policy,PPO-HRAP,13337.783903847489,0.3337783903847489,0.00503896814333,0.0
2022-04-08,SPY,SPY (S&P 500 ETF),ppo_hybrid_regime_aware_policy,PPO-HRAP,13302.119539352714,0.3302119539352715,-0.0026739347969556,0.0
2022-04-11,SPY,SPY (S&P 500 ETF),ppo_hybrid_regime_aware_policy,PPO-HRAP,13074.755927803471,0.3074755927803472,-0.0170922844947087,0.0
2022-04-12,SPY,SPY (S&P 500 ETF),ppo_hybrid_regime_aware_policy,PPO-HRAP,13045.422902794886,0.30454229027948854,-0.0022434854746473,0.54
2022-04-13,SPY,SPY (S&P 500 ETF),ppo_hybrid_regime_aware_policy,PPO-HRAP,13114.14252875513,0.31141425287551305,0.0052677192968211,0.0009219505389521
2022-04-14,SPY,SPY (S&P 500 ETF),ppo_hybrid_regime_aware_policy,PPO-HRAP,13038.99032405274,0.30389903240527394,-0.0057306228400069,0.0028301577967354
2022-04-18,SPY,SPY (S&P 500 ETF),ppo_hybrid_regime_aware_policy,PPO-HRAP,13040.392761311605,0.30403927613116055,0.0001075571976059,0.0568891649290977
2022-04-19,SPY,SPY (S&P 500 ETF),ppo_hybrid_regime_aware_policy,PPO-HRAP,13124.594194586003,0.31245941945860034,0.0064569706461763,9.865720622825867e-05
2022-04-20,SPY,SPY (S&P 500 ETF),ppo_hybrid_regime_aware_policy,PPO-HRAP,13119.380553837347,0.31193805538373476,-0.0003972420534577,0.056150613791723
2022-04-21,SPY,SPY (S&P 500 ETF),ppo_hybrid_regime_aware_policy,PPO-HRAP,13040.12796759045,0.3040127967590449,-0.0060408786772875,0.059815737425737
2022-04-22,SPY,SPY (S&P 500 ETF),ppo_hybrid_regime_aware_policy,PPO-HRAP,12896.957451857586,0.2896957451857587,-0.0109792262843352,0.0036104480425125
2022-04-25,SPY,SPY (S&P 500 ETF),ppo_hybrid_regime_aware_policy,PPO-HRAP,12914.659081778773,0.2914659081778772,0.0013725430968709,0.1335305867659462
2022-04-26,SPY,SPY (S&P 500 ETF),ppo_hybrid_regime_aware_policy,PPO-HRAP,12817.17007314518,0.2817170073145181,-0.0075487094174355,0.0002814088580906
2022-04-27,SPY,SPY (S&P 500 ETF),ppo_hybrid_regime_aware_policy,PPO-HRAP,12801.9788727708,0.28019788727708006,-0.0011852226573952,0.4991428820032869
2022-04-28,SPY,SPY (S&P 500 ETF),ppo_hybrid_regime_aware_policy,PPO-HRAP,12711.329642690334,0.27113296426903344,-0.007080876400544,0.0340107984693336
2022-04-29,SPY,SPY (S&P 500 ETF),ppo_hybrid_regime_aware_policy,PPO-HRAP,12832.020844820703,0.2832020844820704,0.0094947739947703,0.0303144865828276
2022-05-02,SPY,SPY (S&P 500 ETF),ppo_hybrid_regime_aware_policy,PPO-HRAP,12809.342606145376,0.2809342606145375,-0.0017673162278628,0.0409293932933221
2022-05-03,SPY,SPY (S&P 500 ETF),ppo_hybrid_regime_aware_policy,PPO-HRAP,12792.78683741654,0.2792786837416539,-0.0012924760651568,0.0090620878898176
2022-05-04,SPY,SPY (S&P 500 ETF),ppo_hybrid_regime_aware_policy,PPO-HRAP,12853.74194280446,0.28537419428044597,0.0047648027097297,0.4530405875343092
2022-05-05,SPY,SPY (S&P 500 ETF),ppo_hybrid_regime_aware_policy,PPO-HRAP,12715.337063545789,0.27153370635457885,-0.0107676721591684,0.12378199412183
2022-05-06,SPY,SPY (S&P 500 ETF),ppo_hybrid_regime_aware_policy,PPO-HRAP,12723.92076609456,0.27239207660945586,0.0006750668508332,0.4866966795218874
2022-05-09,SPY,SPY (S&P 500 ETF),ppo_hybrid_regime_aware_policy,PPO-HRAP,12823.242694221612,0.28232426942216127,0.0078059216143278,0.0521005488819146
2022-05-10,SPY,SPY (S&P 500 ETF),ppo_hybrid_regime_aware_policy,PPO-HRAP,12813.95488724323,0.2813954887243231,-0.0007242947201309,0.0542705897496712
2022-05-11,SPY,SPY (S&P 500 ETF),ppo_hybrid_regime_aware_policy,PPO-HRAP,12871.199057433694,0.2871199057433693,0.0044673303983184,0.0090843210694028
2022-05-12,SPY,SPY (S&P 500 ETF),ppo_hybrid_regime_aware_policy,PPO-HRAP,12874.910926045271,0.2874910926045271,0.0002883856115514,0.0042648501799004
2022-05-13,SPY,SPY (S&P 500 ETF),ppo_hybrid_regime_aware_policy,PPO-HRAP,12790.7944607073,0.27907944607073,-0.0065333628963449,0.0069791161870179
2022-05-16,SPY,SPY (S&P 500 ETF),ppo_hybrid_regime_aware_policy,PPO-HRAP,12775.41160441981,0.27754116044198107,-0.0012026505730152,0.4635769146731641
2022-05-17,SPY,SPY (S&P 500 ETF),ppo_hybrid_regime_aware_policy,PPO-HRAP,12843.619854366263,0.2843619854366264,0.0053390256266072,0.0819268351503043
2022-05-18,SPY,SPY (S&P 500 ETF),ppo_hybrid_regime_aware_policy,PPO-HRAP,12683.47215336759,0.268347215336759,-0.0124690471077926,0.0407930962062205
2022-05-19,SPY,SPY (S&P 500 ETF),ppo_hybrid_regime_aware_policy,PPO-HRAP,12691.69835787242,0.26916983578724185,0.0006485766992949,0.4847459501187135
2022-05-20,SPY,SPY (S&P 500 ETF),ppo_hybrid_regime_aware_policy,PPO-HRAP,12688.029441852255,0.26880294418522555,-0.0002890799888802,0.3705975055283309
2022-05-23,SPY,SPY (S&P 500 ETF),ppo_hybrid_regime_aware_policy,PPO-HRAP,12743.49954997141,0.2743499549971409,0.0043718457916075,0.0494443133259867
2022-05-24,SPY,SPY (S&P 500 ETF),ppo_hybrid_regime_aware_policy,PPO-HRAP,12717.27029186703,0.2717270291867029,-0.0020582460886451,0.0264827552195908
2022-05-25,SPY,SPY (S&P 500 ETF),ppo_hybrid_regime_aware_policy,PPO-HRAP,12745.875190613551,0.27458751906135515,0.0022492954926669,0.0090489035431521
2022-05-26,SPY,SPY (S&P 500 ETF),ppo_hybrid_regime_aware_policy,PPO-HRAP,12815.797216900231,0.2815797216900231,0.0054858552465799,0.0181667104197078
2022-05-27,SPY,SPY (S&P 500 ETF),ppo_hybrid_regime_aware_policy,PPO-HRAP,12910.262549073188,0.2910262549073188,0.0073710070918087,0.0217177908988212
2022-05-31,SPY,SPY (S&P 500 ETF),ppo_hybrid_regime_aware_policy,PPO-HRAP,12874.960977153993,0.2874960977153993,-0.0027343806359483,0.1537249684226802
2022-06-01,SPY,SPY (S&P 500 ETF),ppo_hybrid_regime_aware_policy,PPO-HRAP,12827.03888345558,0.28270388834555793,-0.0037221156462879,0.0013973750156478
2022-06-02,SPY,SPY (S&P 500 ETF),ppo_hybrid_regime_aware_policy,PPO-HRAP,12939.377650973986,0.29393776509739844,0.0087579657736363,0.0020166942356552
2022-06-03,SPY,SPY (S&P 500 ETF),ppo_hybrid_regime_aware_policy,PPO-HRAP,12841.634176967153,0.28416341769671516,-0.0075539548070517,0.00468932161445
2022-06-06,SPY,SPY (S&P 500 ETF),ppo_hybrid_regime_aware_policy,PPO-HRAP,12859.56727413668,0.28595672741366807,0.0013964809246544,0.0041076322303683
2022-06-07,SPY,SPY (S&P 500 ETF),ppo_hybrid_regime_aware_policy,PPO-HRAP,12975.91814338224,0.2975918143382239,0.0090478059459719,0.5392447368898086
2022-06-08,SPY,SPY (S&P 500 ETF),ppo_hybrid_regime_aware_policy,PPO-HRAP,12834.841968782515,0.28348419687825155,-0.0108721535571396,0.0
2022-06-09,SPY,SPY (S&P 500 ETF),ppo_hybrid_regime_aware_policy,PPO-HRAP,12529.592373883092,0.25295923738830917,-0.0237828868981687,0.0
2022-06-10,SPY,SPY (S&P 500 ETF),ppo_hybrid_regime_aware_policy,PPO-HRAP,12271.597198978749,0.22715971989787476,-0.0205908673806591,0.3
2022-06-13,SPY,SPY (S&P 500 ETF),ppo_hybrid_regime_aware_policy,PPO-HRAP,12054.450616199783,0.20544506161997833,-0.0176950546255735,0.2337847626579528
2022-06-14,SPY,SPY (S&P 500 ETF),ppo_hybrid_regime_aware_policy,PPO-HRAP,12053.734675306849,0.20537346753068486,-5.9392245713274505e-05,0.644797084265805
2022-06-15,SPY,SPY (S&P 500 ETF),ppo_hybrid_regime_aware_policy,PPO-HRAP,12007.648157955347,0.20076481579553485,-0.0038234222498618,0.0696285613546279
2022-06-16,SPY,SPY (S&P 500 ETF),ppo_hybrid_regime_aware_policy,PPO-HRAP,11930.54094029191,0.19305409402919094,-0.0064215087458531,0.4486376793308865
2022-06-17,SPY,SPY (S&P 500 ETF),ppo_hybrid_regime_aware_policy,PPO-HRAP,11931.48846775106,0.1931488467751059,7.942032669694399e-05,0.3966722863076037
2022-06-21,SPY,SPY (S&P 500 ETF),ppo_hybrid_regime_aware_policy,PPO-HRAP,11977.289613780438,0.19772896137804374,0.0038386783135375,0.388449381298284
2022-06-22,SPY,SPY (S&P 500 ETF),ppo_hybrid_regime_aware_policy,PPO-HRAP,11971.187545203213,0.19711875452032124,-0.0005094699029574,0.0706006256881473
2022-06-23,SPY,SPY (S&P 500 ETF),ppo_hybrid_regime_aware_policy,PPO-HRAP,12002.395632268115,0.20023956322681147,0.002606933267653,0.0269443125331885
2022-06-24,SPY,SPY (S&P 500 ETF),ppo_hybrid_regime_aware_policy,PPO-HRAP,12107.974086957138,0.21079740869571384,0.0087964484694351,0.0062484567077165
2022-06-27,SPY,SPY (S&P 500 ETF),ppo_hybrid_regime_aware_policy,PPO-HRAP,12092.714251843634,0.20927142518436348,-0.0012603128321807,0.0370761801659325
2022-06-28,SPY,SPY (S&P 500 ETF),ppo_hybrid_regime_aware_policy,PPO-HRAP,12011.223370291147,0.20112233702911464,-0.006738841244021,0.0098998344113699
2022-06-29,SPY,SPY (S&P 500 ETF),ppo_hybrid_regime_aware_policy,PPO-HRAP,12007.996475978329,0.20079964759783286,-0.0002686565900357,0.0224395532712963
2022-06-30,SPY,SPY (S&P 500 ETF),ppo_hybrid_regime_aware_policy,PPO-HRAP,11978.604138960058,0.19786041389600584,-0.0024477303167992,0.001006561852346
2022-07-01,SPY,SPY (S&P 500 ETF),ppo_hybrid_regime_aware_policy,PPO-HRAP,12015.339487009216,0.20153394870092156,0.0030667469784462,0.0086672329080232
2022-07-05,SPY,SPY (S&P 500 ETF),ppo_hybrid_regime_aware_policy,PPO-HRAP,12022.957329512556,0.20229573295125558,0.0006340097599053,0.090941053859943
2022-07-06,SPY,SPY (S&P 500 ETF),ppo_hybrid_regime_aware_policy,PPO-HRAP,12035.686684317894,0.20356866843178945,0.0010587540533053,0.0546539114055725
2022-07-07,SPY,SPY (S&P 500 ETF),ppo_hybrid_regime_aware_policy,PPO-HRAP,12106.06804619977,0.21060680461997716,0.0058477230030906,0.0643300565641443
2022-07-08,SPY,SPY (S&P 500 ETF),ppo_hybrid_regime_aware_policy,PPO-HRAP,12100.740843601738,0.21007408436017383,-0.0004400439992326,0.0616788580213114
2022-07-11,SPY,SPY (S&P 500 ETF),ppo_hybrid_regime_aware_policy,PPO-HRAP,12037.150851707444,0.20371508517074433,-0.0052550494813643,0.0002044071243826
2022-07-12,SPY,SPY (S&P 500 ETF),ppo_hybrid_regime_aware_policy,PPO-HRAP,11988.119338608138,0.19881193386081386,-0.0040733487270661,0.002852606930661
2022-07-13,SPY,SPY (S&P 500 ETF),ppo_hybrid_regime_aware_policy,PPO-HRAP,11959.132331230534,0.1959132331230533,-0.0024179778795035,0.0022070580218571
2022-07-14,SPY,SPY (S&P 500 ETF),ppo_hybrid_regime_aware_policy,PPO-HRAP,11923.631909503623,0.19236319095036225,-0.0029684780420234,0.5413076781805142
2022-07-15,SPY,SPY (S&P 500 ETF),ppo_hybrid_regime_aware_policy,PPO-HRAP,12151.433862634249,0.21514338626342489,0.0191050809736132,0.0
2022-07-18,SPY,SPY (S&P 500 ETF),ppo_hybrid_regime_aware_policy,PPO-HRAP,12051.10028645606,0.205110028645606,-0.0082569330757512,0.0
2022-07-19,SPY,SPY (S&P 500 ETF),ppo_hybrid_regime_aware_policy,PPO-HRAP,12194.292810375464,0.21942928103754644,0.0118821120491656,0.54
2022-07-20,SPY,SPY (S&P 500 ETF),ppo_hybrid_regime_aware_policy,PPO-HRAP,12265.46347648922,0.226546347648922,0.0058363914349506,0.5333708280572673
2022-07-21,SPY,SPY (S&P 500 ETF),ppo_hybrid_regime_aware_policy,PPO-HRAP,12390.365075160676,0.23903650751606764,0.0101831943742582,0.0
2022-07-22,SPY,SPY (S&P 500 ETF),ppo_hybrid_regime_aware_policy,PPO-HRAP,12275.406071561403,0.22754060715614033,-0.0092780965614751,0.0
2022-07-25,SPY,SPY (S&P 500 ETF),ppo_hybrid_regime_aware_policy,PPO-HRAP,12290.319964169688,0.22903199641696892,0.001214940876199,0.0
2022-07-26,SPY,SPY (S&P 500 ETF),ppo_hybrid_regime_aware_policy,PPO-HRAP,12144.913066906673,0.2144913066906673,-0.0118310099075469,0.0
2022-07-27,SPY,SPY (S&P 500 ETF),ppo_hybrid_regime_aware_policy,PPO-HRAP,12460.272346711516,0.24602723467115162,0.0259663678173338,0.0
2022-07-28,SPY,SPY (S&P 500 ETF),ppo_hybrid_regime_aware_policy,PPO-HRAP,12616.553898073607,0.2616553898073608,0.0125423864754719,0.0
2022-07-29,SPY,SPY (S&P 500 ETF),ppo_hybrid_regime_aware_policy,PPO-HRAP,12800.487166018773,0.28004871660187725,0.014578724858715,0.0
2022-08-01,SPY,SPY (S&P 500 ETF),ppo_hybrid_regime_aware_policy,PPO-HRAP,12762.58185196186,0.27625818519618606,-0.0029612399563617,0.0
2022-08-02,SPY,SPY (S&P 500 ETF),ppo_hybrid_regime_aware_policy,PPO-HRAP,12678.382692606036,0.2678382692606036,-0.006597345296781,0.0
2022-08-03,SPY,SPY (S&P 500 ETF),ppo_hybrid_regime_aware_policy,PPO-HRAP,12876.91979893589,0.2876919798935891,0.0156594978352908,0.0
2022-08-04,SPY,SPY (S&P 500 ETF),ppo_hybrid_regime_aware_policy,PPO-HRAP,12868.22026529224,0.28682202652922406,-0.0006755911956809,0.0
2022-08-05,SPY,SPY (S&P 500 ETF),ppo_hybrid_regime_aware_policy,PPO-HRAP,12846.47095709409,0.28464709570940894,-0.0016901566611206,0.0
2022-08-08,SPY,SPY (S&P 500 ETF),ppo_hybrid_regime_aware_policy,PPO-HRAP,12831.557064485813,0.28315570644858123,-0.0011609330420851,0.0
2022-08-09,SPY,SPY (S&P 500 ETF),ppo_hybrid_regime_aware_policy,PPO-HRAP,12780.602924052457,0.27806029240524577,-0.0039710021299271,0.0
2022-08-10,SPY,SPY (S&P 500 ETF),ppo_hybrid_regime_aware_policy,PPO-HRAP,13049.046353755097,0.3049046353755096,0.0210039722928438,0.0
2022-08-11,SPY,SPY (S&P 500 ETF),ppo_hybrid_regime_aware_policy,PPO-HRAP,13049.046353755097,0.3049046353755096,0.0,0.0
2022-08-12,SPY,SPY (S&P 500 ETF),ppo_hybrid_regime_aware_policy,PPO-HRAP,13269.953824908336,0.3269953824908336,0.0169290126775947,0.0
2022-08-15,SPY,SPY (S&P 500 ETF),ppo_hybrid_regime_aware_policy,PPO-HRAP,13324.63620144925,0.3324636201449249,0.0041207661505402,0.0
2022-08-16,SPY,SPY (S&P 500 ETF),ppo_hybrid_regime_aware_policy,PPO-HRAP,13350.735750558251,0.33507357505582513,0.0019587438421893,0.0
2022-08-17,SPY,SPY (S&P 500 ETF),ppo_hybrid_regime_aware_policy,PPO-HRAP,13255.971991326944,0.32559719913269447,-0.0070980177423812,0.0
2022-08-18,SPY,SPY (S&P 500 ETF),ppo_hybrid_regime_aware_policy,PPO-HRAP,13294.499310187151,0.3294499310187151,0.0029064122106936,0.0
2022-08-19,SPY,SPY (S&P 500 ETF),ppo_hybrid_regime_aware_policy,PPO-HRAP,13115.847394001672,0.3115847394001672,-0.013438032679319,0.0
2022-08-22,SPY,SPY (S&P 500 ETF),ppo_hybrid_regime_aware_policy,PPO-HRAP,12842.742720986536,0.28427427209865375,-0.0208224954752093,0.0
2022-08-23,SPY,SPY (S&P 500 ETF),ppo_hybrid_regime_aware_policy,PPO-HRAP,12811.672822519497,0.28116728225194976,-0.0024192572522898,0.0
2022-08-24,SPY,SPY (S&P 500 ETF),ppo_hybrid_regime_aware_policy,PPO-HRAP,12852.685316058722,0.28526853160587207,0.0032011817744155,0.0
2022-08-25,SPY,SPY (S&P 500 ETF),ppo_hybrid_regime_aware_policy,PPO-HRAP,13034.13340932487,0.30341334093248706,0.0141175239885036,0.0
2022-08-26,SPY,SPY (S&P 500 ETF),ppo_hybrid_regime_aware_policy,PPO-HRAP,12824.255818358044,0.28242558183580435,-0.0161021515106386,0.54
2022-08-29,SPY,SPY (S&P 500 ETF),ppo_hybrid_regime_aware_policy,PPO-HRAP,12789.678999669715,0.2789678999669716,-0.0026962046903986,0.0514589082305166
2022-08-30,SPY,SPY (S&P 500 ETF),ppo_hybrid_regime_aware_policy,PPO-HRAP,12733.497447155938,0.2733497447155937,-0.0043927257685848,0.0015911375016959
2022-08-31,SPY,SPY (S&P 500 ETF),ppo_hybrid_regime_aware_policy,PPO-HRAP,12694.707937724686,0.26947079377246874,-0.0030462572904441,0.0026463052720098
2022-09-01,SPY,SPY (S&P 500 ETF),ppo_hybrid_regime_aware_policy,PPO-HRAP,12710.61835774251,0.27106183577425114,0.0012533112298349,0.0018317465624234
2022-09-02,SPY,SPY (S&P 500 ETF),ppo_hybrid_regime_aware_policy,PPO-HRAP,12656.998346223376,0.2656998346223376,-0.0042185210829237,0.0007521431164241
2022-09-06,SPY,SPY (S&P 500 ETF),ppo_hybrid_regime_aware_policy,PPO-HRAP,12637.863525244926,0.26378635252449256,-0.0015117976991882,0.0025413822384369
2022-09-07,SPY,SPY (S&P 500 ETF),ppo_hybrid_regime_aware_policy,PPO-HRAP,12727.222114896746,0.27272221148967457,0.007070703799999,0.0052175954247064
2022-09-08,SPY,SPY (S&P 500 ETF),ppo_hybrid_regime_aware_policy,PPO-HRAP,12760.47384158014,0.276047384158014,0.0026126460576558,0.001865743390415
2022-09-09,SPY,SPY (S&P 500 ETF),ppo_hybrid_regime_aware_policy,PPO-HRAP,12839.748584043671,0.2839748584043671,0.0062125234100016,0.001564619284223
2022-09-12,SPY,SPY (S&P 500 ETF),ppo_hybrid_regime_aware_policy,PPO-HRAP,12894.89965932471,0.289489965932471,0.0042953391898636,0.0037054327299922
2022-09-13,SPY,SPY (S&P 500 ETF),ppo_hybrid_regime_aware_policy,PPO-HRAP,12670.586226315389,0.2670586226315388,-0.0173955159741869,0.0025683946473721
2022-09-14,SPY,SPY (S&P 500 ETF),ppo_hybrid_regime_aware_policy,PPO-HRAP,12689.786638637925,0.26897866386379254,0.0015153531162319,0.0104999496617021
2022-09-15,SPY,SPY (S&P 500 ETF),ppo_hybrid_regime_aware_policy,PPO-HRAP,12632.14824635129,0.2632148246351289,-0.0045421088571446,0.0007937420305861
2022-09-16,SPY,SPY (S&P 500 ETF),ppo_hybrid_regime_aware_policy,PPO-HRAP,12573.052449003457,0.2573052449003457,-0.0046782064455982,0.0027372218285801
2022-09-19,SPY,SPY (S&P 500 ETF),ppo_hybrid_regime_aware_policy,PPO-HRAP,12612.01815172696,0.26120181517269603,0.0030991442119205,0.0028184669043
2022-09-20,SPY,SPY (S&P 500 ETF),ppo_hybrid_regime_aware_policy,PPO-HRAP,12554.087773214616,0.2554087773214617,-0.0045932679302725,0.0018554273702997
2022-09-21,SPY,SPY (S&P 500 ETF),ppo_hybrid_regime_aware_policy,PPO-HRAP,12467.095301552292,0.24670953015522912,-0.0069294140071197,9.67657280315226e-06
2022-09-22,SPY,SPY (S&P 500 ETF),ppo_hybrid_regime_aware_policy,PPO-HRAP,12433.072763950217,0.2433072763950217,-0.0027289867269916,0.0773324316342398
2022-09-23,SPY,SPY (S&P 500 ETF),ppo_hybrid_regime_aware_policy,PPO-HRAP,12355.53479589787,0.2355534795897869,-0.0062364283974247,0.0550663714478852
2022-09-26,SPY,SPY (S&P 500 ETF),ppo_hybrid_regime_aware_policy,PPO-HRAP,12321.00834245106,0.23210083424510586,-0.0027944118985663,0.091808333048678
2022-09-27,SPY,SPY (S&P 500 ETF),ppo_hybrid_regime_aware_policy,PPO-HRAP,12313.362632261316,0.23133626322613154,-0.0006205425706434,0.0462778178922129
2022-09-28,SPY,SPY (S&P 500 ETF),ppo_hybrid_regime_aware_policy,PPO-HRAP,12365.253032956283,0.23652530329562826,0.004214153537476,0.0098481347305445
2022-09-29,SPY,SPY (S&P 500 ETF),ppo_hybrid_regime_aware_policy,PPO-HRAP,12297.893934110474,0.22978939341104732,-0.0054474500979707,0.0408564573049899
2022-09-30,SPY,SPY (S&P 500 ETF),ppo_hybrid_regime_aware_policy,PPO-HRAP,12252.742206702267,0.22527422067022673,-0.0036715007992521,0.0185738893357811
2022-10-03,SPY,SPY (S&P 500 ETF),ppo_hybrid_regime_aware_policy,PPO-HRAP,12328.142774654816,0.23281427746548156,0.0061537708604775,0.0003333878134389
2022-10-04,SPY,SPY (S&P 500 ETF),ppo_hybrid_regime_aware_policy,PPO-HRAP,12431.442806696305,0.24314428066963045,0.0083792047131268,0.0337208476829607
2022-10-05,SPY,SPY (S&P 500 ETF),ppo_hybrid_regime_aware_policy,PPO-HRAP,12422.052926560087,0.24220529265600876,-0.0007553330922421,0.0327692663295218
2022-10-06,SPY,SPY (S&P 500 ETF),ppo_hybrid_regime_aware_policy,PPO-HRAP,12380.484687647486,0.2380484687647486,-0.0033463260186022,0.0132492650912089
2022-10-07,SPY,SPY (S&P 500 ETF),ppo_hybrid_regime_aware_policy,PPO-HRAP,12279.487663443904,0.22794876634439043,-0.0081577601161568,0.0294345678593414
2022-10-10,SPY,SPY (S&P 500 ETF),ppo_hybrid_regime_aware_policy,PPO-HRAP,12254.478725107556,0.2254478725107556,-0.0020366434676912,0.0216998068495347
2022-10-11,SPY,SPY (S&P 500 ETF),ppo_hybrid_regime_aware_policy,PPO-HRAP,12235.319941931122,0.2235319941931122,-0.0015634107011978,0.0184591866302255
2022-10-12,SPY,SPY (S&P 500 ETF),ppo_hybrid_regime_aware_policy,PPO-HRAP,12237.802980074906,0.22378029800749055,0.0002029401891874,0.4368339916571969
2022-10-13,SPY,SPY (S&P 500 ETF),ppo_hybrid_regime_aware_policy,PPO-HRAP,12288.32340759275,0.22883234075927494,0.0041282269047884,0.3635444684724739
2022-10-14,SPY,SPY (S&P 500 ETF),ppo_hybrid_regime_aware_policy,PPO-HRAP,12216.986659919185,0.22169866599191845,-0.0058052465993438,0.0773913453131225
2022-10-17,SPY,SPY (S&P 500 ETF),ppo_hybrid_regime_aware_policy,PPO-HRAP,12296.93180871362,0.22969318087136203,0.0065437698361998,0.0079092013058724
2022-10-18,SPY,SPY (S&P 500 ETF),ppo_hybrid_regime_aware_policy,PPO-HRAP,12337.009640121005,0.2337009640121004,0.0032591732662115,0.019215164028662
2022-10-19,SPY,SPY (S&P 500 ETF),ppo_hybrid_regime_aware_policy,PPO-HRAP,12310.379362627777,0.2310379362627777,-0.0021585682649241,0.0203554896940737
2022-10-20,SPY,SPY (S&P 500 ETF),ppo_hybrid_regime_aware_policy,PPO-HRAP,12279.505844394367,0.22795058443943672,-0.0025079258180404,0.0013126648825596
2022-10-21,SPY,SPY (S&P 500 ETF),ppo_hybrid_regime_aware_policy,PPO-HRAP,12405.297346506775,0.24052973465067762,0.0102440198902491,0.1297673522349866
2022-10-24,SPY,SPY (S&P 500 ETF),ppo_hybrid_regime_aware_policy,PPO-HRAP,12508.212384040407,0.2508212384040407,0.0082960556816167,0.2671812386164483
2022-10-25,SPY,SPY (S&P 500 ETF),ppo_hybrid_regime_aware_policy,PPO-HRAP,12647.997089441838,0.2647997089441838,0.0111754342754673,0.0025478341024883
2022-10-26,SPY,SPY (S&P 500 ETF),ppo_hybrid_regime_aware_policy,PPO-HRAP,12548.981679710678,0.2548981679710678,-0.0078285446328744,0.2966836668305005
2022-10-27,SPY,SPY (S&P 500 ETF),ppo_hybrid_regime_aware_policy,PPO-HRAP,12481.970403787018,0.24819704037870172,-0.0053399771897033,0.0
2022-10-28,SPY,SPY (S&P 500 ETF),ppo_hybrid_regime_aware_policy,PPO-HRAP,12778.924809086642,0.27789248090866425,0.0237906673139947,0.0
2022-10-31,SPY,SPY (S&P 500 ETF),ppo_hybrid_regime_aware_policy,PPO-HRAP,12686.619147349233,0.2686619147349232,-0.007223272936998,0.0
2022-11-01,SPY,SPY (S&P 500 ETF),ppo_hybrid_regime_aware_policy,PPO-HRAP,12631.10422591638,0.2631104225916381,-0.0043758641122645,0.0
2022-11-02,SPY,SPY (S&P 500 ETF),ppo_hybrid_regime_aware_policy,PPO-HRAP,12314.11139805687,0.23141113980568706,-0.0250962087074783,0.0
2022-11-03,SPY,SPY (S&P 500 ETF),ppo_hybrid_regime_aware_policy,PPO-HRAP,12249.166778338478,0.22491667783384783,-0.0052739996918201,0.54
2022-11-04,SPY,SPY (S&P 500 ETF),ppo_hybrid_regime_aware_policy,PPO-HRAP,12330.234877276604,0.23302348772766046,0.0066182541559878,0.0025699135568899
2022-11-07,SPY,SPY (S&P 500 ETF),ppo_hybrid_regime_aware_policy,PPO-HRAP,12441.502920904606,0.24415029209046057,0.0090240003321475,0.53644826131178
2022-11-08,SPY,SPY (S&P 500 ETF),ppo_hybrid_regime_aware_policy,PPO-HRAP,12508.629985767397,0.25086299857673966,0.0053954144679739,0.0
2022-11-09,SPY,SPY (S&P 500 ETF),ppo_hybrid_regime_aware_policy,PPO-HRAP,12250.926171865054,0.2250926171865053,-0.0206020814586059,0.0
2022-11-10,SPY,SPY (S&P 500 ETF),ppo_hybrid_regime_aware_policy,PPO-HRAP,12924.165444034508,0.2924165444034508,0.0549541530758372,0.0
2022-11-11,SPY,SPY (S&P 500 ETF),ppo_hybrid_regime_aware_policy,PPO-HRAP,13049.251983724487,0.3049251983724488,0.0096785003435342,0.0
2022-11-14,SPY,SPY (S&P 500 ETF),ppo_hybrid_regime_aware_policy,PPO-HRAP,12938.245599212354,0.29382455992123546,-0.0085067239601616,0.0
2022-11-15,SPY,SPY (S&P 500 ETF),ppo_hybrid_regime_aware_policy,PPO-HRAP,13048.59644207817,0.30485964420781686,0.0085290422120702,0.0
2022-11-16,SPY,SPY (S&P 500 ETF),ppo_hybrid_regime_aware_policy,PPO-HRAP,12949.052043363758,0.2949052043363758,-0.0076287437623105,0.0
2022-11-17,SPY,SPY (S&P 500 ETF),ppo_hybrid_regime_aware_policy,PPO-HRAP,12909.42974721034,0.29094297472103414,-0.0030598607543418,0.0
2022-11-18,SPY,SPY (S&P 500 ETF),ppo_hybrid_regime_aware_policy,PPO-HRAP,12968.043764382564,0.2968043764382564,0.0045404032803919,0.0
2022-11-21,SPY,SPY (S&P 500 ETF),ppo_hybrid_regime_aware_policy,PPO-HRAP,12920.89073370677,0.29208907337067713,-0.0036360943510462,0.0
2022-11-22,SPY,SPY (S&P 500 ETF),ppo_hybrid_regime_aware_policy,PPO-HRAP,13094.767159585768,0.30947671595857673,0.0134569999439284,0.0
2022-11-23,SPY,SPY (S&P 500 ETF),ppo_hybrid_regime_aware_policy,PPO-HRAP,13177.28546291905,0.31772854629190506,0.0063016243303628,0.0
2022-11-25,SPY,SPY (S&P 500 ETF),ppo_hybrid_regime_aware_policy,PPO-HRAP,13174.337524113183,0.31743375241131844,-0.0002237136634978,0.0
2022-11-28,SPY,SPY (S&P 500 ETF),ppo_hybrid_regime_aware_policy,PPO-HRAP,12964.114511709797,0.29641145117097967,-0.01595700823807,0.0
2022-11-29,SPY,SPY (S&P 500 ETF),ppo_hybrid_regime_aware_policy,PPO-HRAP,12941.848080363252,0.2941848080363252,-0.0017175435565947,0.0
2022-11-30,SPY,SPY (S&P 500 ETF),ppo_hybrid_regime_aware_policy,PPO-HRAP,13349.524033983538,0.33495240339835375,0.0315005979894675,0.0
2022-12-01,SPY,SPY (S&P 500 ETF),ppo_hybrid_regime_aware_policy,PPO-HRAP,13339.700902301618,0.3339700902301619,-0.0007358413421267,0.0
2022-12-02,SPY,SPY (S&P 500 ETF),ppo_hybrid_regime_aware_policy,PPO-HRAP,13324.31066313242,0.33243106631324215,-0.0011537169597666,0.0
2022-12-05,SPY,SPY (S&P 500 ETF),ppo_hybrid_regime_aware_policy,PPO-HRAP,13084.616257080692,0.30846162570806923,-0.0179892537866853,0.0
2022-12-06,SPY,SPY (S&P 500 ETF),ppo_hybrid_regime_aware_policy,PPO-HRAP,12896.004134377525,0.28960041343775256,-0.0144147997157425,0.0
2022-12-07,SPY,SPY (S&P 500 ETF),ppo_hybrid_regime_aware_policy,PPO-HRAP,12874.065473854142,0.28740654738541416,-0.0017011983165312,0.0
2022-12-08,SPY,SPY (S&P 500 ETF),ppo_hybrid_regime_aware_policy,PPO-HRAP,12974.919956559908,0.29749199565599094,0.0078339265021287,0.0
2022-12-09,SPY,SPY (S&P 500 ETF),ppo_hybrid_regime_aware_policy,PPO-HRAP,12923.351970195326,0.2923351970195327,-0.0039744357990054,0.54
2022-12-12,SPY,SPY (S&P 500 ETF),ppo_hybrid_regime_aware_policy,PPO-HRAP,12997.12394326102,0.29971239432610197,0.0057084240401277,0.0581380042861142
2022-12-13,SPY,SPY (S&P 500 ETF),ppo_hybrid_regime_aware_policy,PPO-HRAP,13041.643917240375,0.30416439172403753,0.0034253711954821,0.0565597014562639
2022-12-14,SPY,SPY (S&P 500 ETF),ppo_hybrid_regime_aware_policy,PPO-HRAP,13003.263765283436,0.3003263765283437,-0.0029428921844895,0.0018738241411083
2022-12-15,SPY,SPY (S&P 500 ETF),ppo_hybrid_regime_aware_policy,PPO-HRAP,12856.925802050791,0.28569258020507915,-0.0112539410008233,0.0015928374635107
2022-12-16,SPY,SPY (S&P 500 ETF),ppo_hybrid_regime_aware_policy,PPO-HRAP,12772.29135290099,0.27722913529009885,-0.0065827905094001,0.0538545717043214
2022-12-19,SPY,SPY (S&P 500 ETF),ppo_hybrid_regime_aware_policy,PPO-HRAP,12728.919272538697,0.2728919272538697,-0.0033957947844999,0.0039433196095185
2022-12-20,SPY,SPY (S&P 500 ETF),ppo_hybrid_regime_aware_policy,PPO-HRAP,12735.860568923754,0.27358605689237536,0.0005453170246774,0.0020420452455285
2022-12-21,SPY,SPY (S&P 500 ETF),ppo_hybrid_regime_aware_policy,PPO-HRAP,12812.029250606154,0.2812029250606154,0.0059806466371228,0.0003282364490299
2022-12-22,SPY,SPY (S&P 500 ETF),ppo_hybrid_regime_aware_policy,PPO-HRAP,12738.87254831053,0.2738872548310529,-0.0057100011922126,0.0035672504596777
2022-12-23,SPY,SPY (S&P 500 ETF),ppo_hybrid_regime_aware_policy,PPO-HRAP,12768.139530444472,0.27681395304444734,0.0022974546627223,0.0034435228848296
2022-12-27,SPY,SPY (S&P 500 ETF),ppo_hybrid_regime_aware_policy,PPO-HRAP,12747.981452812364,0.27479814528123647,-0.0015787795539078,0.001377374455998
2022-12-28,SPY,SPY (S&P 500 ETF),ppo_hybrid_regime_aware_policy,PPO-HRAP,12684.59731683246,0.268459731683246,-0.0049720919515395,0.0009479378926341
2022-12-29,SPY,SPY (S&P 500 ETF),ppo_hybrid_regime_aware_policy,PPO-HRAP,12775.889719651874,0.2775889719651874,0.0071971068957994,0.0029975907048054
2022-12-30,SPY,SPY (S&P 500 ETF),ppo_hybrid_regime_aware_policy,PPO-HRAP,12762.373917898993,0.27623739178989926,-0.0010579147166628,0.004289192912018
