baseline,date,portfolio_value,daily_returns,turnover,weight_spy,weight_cash,reward,drawdown,lambda_rrc,vix_zscore_t,nav_after_cost
sac_profit_only_seed_19,2020-01-02,10000.0,0.0,0.0,0.0,1.0,0.0,0.0,,,10000.0
sac_profit_only_seed_19,2020-01-03,9997.865584714005,-0.0002134415285994784,0.024899721145629883,0.024715834727607716,0.9752841652723923,-0.00021346431048433506,0.00021344152859946916,,-1.121252637682178,9999.751002788544
sac_profit_only_seed_19,2020-01-06,9998.813480665203,9.480983147525102e-05,0.00018388641802216665,0.02499234076518622,0.9750076592348138,9.480533730723746e-05,0.00011865193347966851,,-0.5150265874899304,9997.863746242316
sac_profit_only_seed_19,2020-01-07,9998.112512995993,-7.010508502491852e-05,9.26196195563389e-05,0.024831447184737974,0.975168552815262,-7.010754250124676e-05,0.00018874870040071982,,-0.577966289820798,9998.812554578903
sac_profit_only_seed_19,2020-01-08,9999.438619426865,0.00013263567789900677,6.827396089190835e-05,0.0250291036453579,0.9749708963546421,0.000132626882565189,5.61380573135466e-05,,-0.5971291346020252,9998.11183038525
sac_profit_only_seed_19,2020-01-09,10001.125593397177,0.00016870686790704248,0.00012938249972801671,0.0250643256505717,0.9749356743494283,0.0001686926385037792,0.0,,-0.7317163457422727,9999.4373256745
sac_profit_only_seed_19,2020-01-10,10000.407326019054,-7.181865395200493e-05,0.00016460450494181628,0.024829846243711654,0.9751701537562883,-7.182123303501758e-05,7.18186539519936e-05,,-1.1033644571672967,10001.12394716685
sac_profit_only_seed_19,2020-01-13,10002.119137190519,0.00017117414477807458,6.987490191822862e-05,0.025066672659189486,0.9749333273408105,0.0001711594961557741,0.0,,-1.0880230504530377,10000.406627241573
sac_profit_only_seed_19,2020-01-14,10001.737760161152,-3.8129622746518876e-05,0.00016695151355960308,0.024862702322810723,0.9751372976771893,-3.813034969906328e-05,3.812962274656633e-05,,-1.17942901770067,10002.11746732159
sac_profit_only_seed_19,2020-01-15,10002.300185786926,5.623279066702125e-05,3.70188228191598e-05,0.02495458676730749,0.9750454132326926,5.623120966291738e-05,0.0,,-1.14220809996923,10001.737389908594
sac_profit_only_seed_19,2020-01-16,10004.37136813308,0.00020707060452918036,5.486562167760639e-05,0.025101647436332784,0.9748983525636672,0.0002070491683706981,0.0,,-1.1213026307072285,10002.299637004508
sac_profit_only_seed_19,2020-01-17,10005.144698140739,7.729921043542198e-05,0.00020192629070290083,0.02497528668450662,0.9750247133154933,7.729622300540467e-05,0.0,,-1.1555691481782835,10004.369347987478
sac_profit_only_seed_19,2020-01-21,10004.656105020455,-4.883418831269637e-05,7.556553887673803e-05,0.024852174277053905,0.9751478257229461,-4.883538074049144e-05,4.883418831265328e-05,,-1.2387623873728912,10005.143942096589
sac_profit_only_seed_19,2020-01-22,10004.685712802864,2.9594003130295476e-06,4.754686857597751e-05,0.024902653211988222,0.9750973467880117,2.9593959340130806e-06,4.587493251947254e-05,,-0.9143686757330924,10004.655629330386
sac_profit_only_seed_19,2020-01-23,10004.971385445937,2.8553884776849614e-05,2.932066358339591e-06,0.02492756611061501,0.975072433889385,2.8553477122441747e-05,1.732235765008116e-05,,-0.8850059128587179,10004.685683468462
sac_profit_only_seed_19,2020-01-24,10002.755654184868,-0.00022146302829928466,2.784496498512562e-05,0.02468375180738882,0.9753162481926112,-0.00022148755485695373,0.00023878154968761544,,-0.8491585386417684,10004.971106857858
sac_profit_only_seed_19,2020-01-27,9998.761116460448,-0.00039934372712069344,0.0002159693382410635,0.024510376075206116,0.9754896239247939,-0.00039942348606175073,0.0006380299208943412,,-0.1627746539082402,10002.753493896349
sac_profit_only_seed_19,2020-01-28,10001.366185751667,0.0002605392068955048,0.0003893450704237668,0.02515408637729701,0.974845913622703,0.0002605052724503809,0.0003776569458084755,,1.4216818453097495,9998.757223492097
sac_profit_only_seed_19,2020-01-29,10001.157935625526,-2.082216791920999e-05,0.0002543652316671259,0.024879665057882677,0.9751203349421174,-2.08223847035577e-05,0.00039847125009133486,,0.5866366623582641,10001.363641751841
sac_profit_only_seed_19,2020-01-30,10001.965912731193,8.078835579516941e-05,2.005608774720627e-05,0.024978511085281176,0.9750214889147188,8.078509259170475e-05,0.00031771508613326116,,0.6428733357594455,10001.157735041425
sac_profit_only_seed_19,2020-01-31,9997.4429688514,-0.00045220548832680674,7.878993965129352e-05,0.02445865282243858,0.9755413471775615,-0.00045230776406290484,0.0007697769019543441,,0.2542215121852175,10001.965124676903
sac_profit_only_seed_19,2020-02-03,9999.28777115847,0.00018452741494190406,0.0004410683231913029,0.025080050689496158,0.9749199493105039,0.0001845103918525904,0.0005853915319543165,,1.7092973316129427,9997.438559295993
sac_profit_only_seed_19,2020-02-04,10003.080732343393,0.00037932313498001413,0.00018032954386627484,0.025269634762920122,0.9747303652370799,0.0003792512101475757,0.00020629044952539743,,1.3230229086231358,9999.285967991467
sac_profit_only_seed_19,2020-02-05,10005.953338867645,0.0002871721823620721,0.00036991361729023925,0.025180023028698355,0.9748199769713016,0.00028713095632336964,0.0,,0.4879083594053889,10003.077032067615
sac_profit_only_seed_19,2020-02-06,10006.788872287794,8.350362947462386e-05,0.0002803018830684727,0.024981412058972682,0.9750185879410274,8.350014324063025e-05,0.0,,0.0975880082047145,10005.950534180081
sac_profit_only_seed_19,2020-02-07,10005.460084363442,-0.00013278864392074485,8.169091334279954e-05,0.024770301373270333,0.9752296986267297,-0.00013279746111327935,0.00013278864392077348,,0.0157457249951368,10006.788054824072
sac_profit_only_seed_19,2020-02-10,10007.318648830593,0.00018575502290540946,0.00012941977235955,0.025080943454565675,0.9749190565454343,0.00018573777257733249,0.0,,0.2391059158775173,10005.458789459075
sac_profit_only_seed_19,2020-02-11,10007.748675584762,4.29712262854931e-05,0.00018122230893579186,0.024941797302223585,0.9750582026977764,4.2970303048797174e-05,0.0,,0.0532871418176267,10007.3168352812
sac_profit_only_seed_19,2020-02-12,10009.353729654,0.00016038113278704635,4.207615659370181e-05,0.025056124777213886,0.9749438752227861,0.00016036827310811754,0.0,,0.1155957632010759,10007.748254497163
sac_profit_only_seed_19,2020-02-13,10009.086243997412,-2.672356915467411e-05,0.00015640363158400325,0.02487381480280995,0.9751261851971901,-2.6723926235609957e-05,2.6723569154691528e-05,,-0.5079166457394809,10009.352164154727
sac_profit_only_seed_19,2020-02-14,10009.485269079823,3.986628476204679e-05,2.5906342819931316e-05,0.02493861848160826,0.9750613815183917,3.98654901228359e-05,0.0,,-0.3269810390372755,10009.085984698591
sac_profit_only_seed_19,2020-02-18,10008.84260538403,-6.42054689643512e-05,3.889733597837661e-05,0.02483714828622206,0.9751628517137779,-6.420753022370356e-05,6.420546896435665e-05,,-0.5270928769657132,10009.484879737513
sac_profit_only_seed_19,2020-02-19,10010.03354596234,0.0001189888406947226,6.2572859407823e-05,0.02501579440076247,0.9749842055992375,0.0001189817620841292,0.0,,-0.0266714102394479,10008.84197910213
sac_profit_only_seed_19,2020-02-20,10009.008415869577,-0.00010241025547574889,0.00011607325513258646,0.024799963843850567,0.9752000361561495,-0.00010241549976401118,0.00010241025547576616,,-0.2215493742151412,10010.032384065162
sac_profit_only_seed_19,2020-02-21,10006.440867892583,-0.00025652371047302225,9.975730177931574e-05,0.0246496179199801,0.9753503820800199,-0.0002565566183079199,0.0003589076952900382,,0.2891102737620407,10009.007417397905
sac_profit_only_seed_19,2020-02-24,9998.174956568475,-0.0008260590786710598,0.00025010322564978163,0.024093808852225906,0.9759061911477741,-0.0008264004534819088,0.0011846702950010148,,0.9442302755974517,10006.438365249445
sac_profit_only_seed_19,2020-02-25,9990.623131228376,-0.0007553203832603161,0.0008059122934039771,0.024163437744729795,0.9758365622552702,-0.0007556057814214153,0.001939095872640047,,4.22184436454829,9998.166898916366
sac_profit_only_seed_19,2020-02-26,9993.14204575186,0.00025212786934281084,0.12734396543180254,-0.10276200726880501,1.102762007268805,0.00025209609045301145,0.0016874569034080631,,5.095597825897003,9989.350885661712
sac_profit_only_seed_19,2020-02-27,10042.079659564275,0.004897119803597638,0.006420529333215255,-0.10377012054705768,1.1037701205470576,0.004885167916412234,0.0,,4.734416174629932,9993.077884490223
sac_profit_only_seed_19,2020-02-28,9996.038542440816,-0.004584818950286729,0.9659279422023311,0.8616566882294999,0.13834331177050008,-0.0045953614687242374,0.004584818950286722,,7.883651998287038,10032.379734223281
sac_profit_only_seed_19,2020-03-02,10376.440717381192,0.03805529293682475,0.017505980952323807,0.8835946251954435,0.11640537480455648,0.03734905205023342,0.0,,7.25629335652188,9995.863551980494
sac_profit_only_seed_19,2020-03-03,10360.139091321813,-0.001571022906927344,0.8586949040498136,0.02420403697562123,0.9757959630243788,-0.001572258257426541,0.001571022906927347,,5.011807423017717,10367.530520615002
sac_profit_only_seed_19,2020-03-04,10329.89269812946,-0.0029194968258378085,0.0914907667882433,-0.07031386085073257,1.0703138608507325,-0.002923766869640529,0.004485933136375052,,5.553507894223165,10359.191234252316
sac_profit_only_seed_19,2020-03-05,10320.359823543158,-0.000922843524602035,0.09521358199636246,0.024091953514679285,0.9759080464853207,-0.000923269606845814,0.00540463684663038,,4.134371804762353,10328.909152044034
sac_profit_only_seed_19,2020-03-06,10320.485867020454,1.221308941268262e-05,0.02642958807812533,-0.0022989020265407585,1.0022989020265407,1.2213014833513347e-05,0.0053924897645307715,,5.629034102683704,10320.087060684204
sac_profit_only_seed_19,2020-03-09,10374.91754406537,0.005274139003363709,0.06608723545896339,-0.06271064712597799,1.062710647125978,0.005260279442393014,0.00014679150175938573,,5.7327036136449925,10319.803814640909
sac_profit_only_seed_19,2020-03-10,10880.854539491867,0.048765399173307244,1.025945429344911,0.9649802532550404,0.03501974674495956,0.04761366205100956,0.0,,7.443963267849547,10364.273444831206
sac_profit_only_seed_19,2020-03-11,10875.367883250547,-0.0005042486526593004,0.9746390071269582,-0.009183580527273777,1.0091835805272737,-0.0005043758287652051,0.0005042486526593196,,5.643705476690732,10870.249634226804
sac_profit_only_seed_19,2020-03-12,10253.278554058319,-0.05720168143923887,0.6011180230474154,0.5674363711835689,0.43256362881643107,-0.05890289137448669,0.057677086221102625,,6.253245263583844,10868.830503608653
sac_profit_only_seed_19,2020-03-13,11093.68221580247,0.08196438410536633,0.39638384785634806,0.9665742787742545,0.0334257212257455,0.07877826315920122,0.0,,8.326319460410785,10249.214320051919
sac_profit_only_seed_19,2020-03-16,11082.209304778393,-0.001034184214122713,0.9659500989341666,0.000555917719651112,0.9994440822803489,-0.001034719351602721,0.001034184214122722,,5.461591493098656,11082.96627236857
sac_profit_only_seed_19,2020-03-17,11651.846147113161,0.05140101821476639,0.970369294186782,0.9723734575972869,0.027626542402713117,0.050123577839841164,0.0,,7.637808953676683,11071.455469157285
sac_profit_only_seed_19,2020-03-18,11388.48256264765,-0.022602734462878304,0.5363281685576751,0.4233130518803342,0.5766869481196658,-0.022862091840684,0.022602734462878346,,6.268315464708368,11645.596933808765
sac_profit_only_seed_19,2020-03-19,11400.601756008291,0.0010641622616509583,0.14649996119644804,0.5703332705722177,0.4296667294277823,0.0010635964423715025,0.02156262517825282,,5.854942756782667,11386.814150394137
sac_profit_only_seed_19,2020-03-20,11364.314630593311,-0.00318291316472441,0.5155197663531625,0.05228426966602388,0.9477157303339762,-0.003187989407186058,0.024676906379431394,,5.105067223695603,11394.724520454749
sac_profit_only_seed_19,2020-03-23,11373.744725607721,0.0008297988326566585,0.08819100174839083,-0.0349565686774077,1.0349565686774076,0.0008294547399439832,0.02386758441488193,,4.3536582146712695,11363.312400301855
sac_profit_only_seed_19,2020-03-24,11342.74551741183,-0.00272550588603393,0.0049290599417509615,-0.032837436179949345,1.0328374361799493,-0.002729226839726622,0.02652803905910773,,3.820195907751789,11373.688663738207
sac_profit_only_seed_19,2020-03-25,11346.318421570359,0.0003149946503731016,0.05773715732557923,0.025263057586219845,0.9747369424137802,0.00031494504997385336,0.026221400599123056,,3.70585945184924,11342.090619529386
sac_profit_only_seed_19,2020-03-26,11362.810589613637,0.00145352593066006,0.00036333644058996264,0.02631535132023599,0.973684648679764,0.0014524705843695343,0.02480598815417208,,3.772196338990945,11346.31429903941
sac_profit_only_seed_19,2020-03-27,11354.367235720763,-0.0007430691400058809,0.0014156301746061084,0.02417599682417102,0.975824003175829,-0.0007433453527178665,0.025530624729893193,,3.430434764329368,11362.794504076097
sac_profit_only_seed_19,2020-03-30,11363.540564660721,0.0008079119469641682,0.0007237243214588615,0.025687585489176285,0.9743124145108237,0.0008075857617812588,0.0247433392796617,,3.6779857984602273,11354.35901828904
sac_profit_only_seed_19,2020-03-31,11359.314151402199,-0.00037192750221404225,0.0007878643435464024,0.024537688131213563,0.9754623118687864,-0.0003719966844018645,0.025106064053501038,,2.9486714335617124,11363.531611732295
sac_profit_only_seed_19,2020-04-01,11346.580696205074,-0.001120970423689971,0.00036203301441632,0.023805789326180393,0.9761942106738196,-0.001121599180958152,0.02619889132193181,,2.6272499166680947,11359.310038955455
sac_profit_only_seed_19,2020-04-02,11353.087691316,0.0005734762996134624,0.0010939318194494903,0.02545966362478061,0.9745403363752194,0.0005733119249206779,0.025640439465567613,,2.836512062548897,11346.568283819408
sac_profit_only_seed_19,2020-04-03,11348.99529931132,-0.00036046511010467963,0.0005599424791507268,0.024548650967766796,0.9754513490322332,-0.0003605300932690592,0.02599166209183726,,2.3395096860096287,11353.08133423993
sac_profit_only_seed_19,2020-04-06,11367.971595167799,0.00167206835107514,0.0003510701778630873,0.026527775571375978,0.973472224428624,0.001670672001101513,0.024363053576337734,,2.0094354870390974,11348.991315017522
sac_profit_only_seed_19,2020-04-07,11368.241660418262,2.3756678858788405e-05,0.001628054425746095,0.024924473218107337,0.9750755267818927,2.3756396673362388e-05,0.024339875682718733,,1.8728963918113288,11367.953087491333
sac_profit_only_seed_19,2020-04-08,11377.743457196775,0.0008358193872317621,2.4752072477454007e-05,0.025714072348421022,0.974285927651579,0.0008354702847186154,0.0235244000354654,,1.955665725318066,11368.24137903072
sac_profit_only_seed_19,2020-04-09,11382.045306754062,0.00037809338674854587,0.0008143512027911394,0.025269054544050838,0.9747309454559492,0.0003780219274556177,0.02315520106879755,,1.6949970867492063,11377.734191717705
sac_profit_only_seed_19,2020-04-13,11379.453529656266,-0.00022770750141520857,0.0003693333984209554,0.024677993145473566,0.9753220068545264,-0.00022773343070457943,0.023377635957232627,,1.558747995557223,11382.041102984587
sac_profit_only_seed_19,2020-04-14,11387.80766862601,0.0007341423687852178,0.00022172800015631683,0.025615274463178354,0.9743847255368216,0.0007338730180961683,0.02266065610148559,,1.5086692019686287,11379.451006512792
sac_profit_only_seed_19,2020-04-15,11381.774556553864,-0.0005297869658237309,0.0007155533175484709,0.024383550003017677,0.9756164499969823,-0.0005299273525238615,0.023178437747069753,,1.2542637659562617,11387.799520042454
sac_profit_only_seed_19,2020-04-16,11383.135900755085,0.00011960737707972235,0.0005161711426122061,0.025016839642762204,0.9749831603572378,0.00011960022468770996,0.023061602682133853,,1.460685022932264,11381.768681610287
sac_profit_only_seed_19,2020-04-17,11390.791738571756,0.0006725596429155711,0.00011711849713232081,0.025555207589533384,0.9744447924104667,0.0006723335760355595,0.022404553342483337,,1.396367074412422,11383.134567579316
sac_profit_only_seed_19,2020-04-20,11385.787330784637,-0.0004393380110859768,0.000655486443903501,0.02447177367993441,0.9755282263200656,-0.00043943454830598487,0.02283404818166458,,1.2471320181479757,11390.784272062185
sac_profit_only_seed_19,2020-04-21,11377.174391284692,-0.0007564641117665527,0.0004279474656954732,0.024161951975096047,0.9758380480249039,-0.0007567503751171532,0.023573239155455308,,1.632263957264105,11385.782458265803
sac_profit_only_seed_19,2020-04-22,11383.45345036492,0.0005518996953264299,0.0007377691705338363,0.025438300849391964,0.9745616991506081,0.0005517474547013735,0.023034349523636522,,1.7250882541303527,11377.165997556178
sac_profit_only_seed_19,2020-04-23,11383.426988299236,-2.324607887960184e-06,0.0005385797037620807,0.024897979585000955,0.975102020414999,-2.3246105898652877e-06,0.023036620585693935,,1.4713639749323046,11383.447319467932
sac_profit_only_seed_19,2020-04-24,11387.377814025976,0.00034706821863061954,1.741560628928246e-06,0.025238031743737753,0.9747619682562623,0.0003470080043883248,0.02269754764593326,,1.4168224608610036,11383.426968474307
sac_profit_only_seed_19,2020-04-27,11391.462201748578,0.0003586767550269876,0.0003383105981078702,0.02524967131724183,0.9747503286827581,0.0003586124458966898,0.022347011973642947,,1.0301204122785588,11387.373961555377
sac_profit_only_seed_19,2020-04-28,11390.153900053334,-0.00011484932066430087,0.0003499501716119485,0.024788059953321766,0.9752119400466782,-0.0001148559163525411,0.02245929475516322,,0.8405986968556356,11391.458215304425
sac_profit_only_seed_19,2020-04-29,11397.577152516162,0.0006517253873798978,0.00011166119230811636,0.025534913662371105,0.9744650863376288,0.0006515131066171209,0.021822206660358008,,0.853677813219134,11390.152628215168
sac_profit_only_seed_19,2020-04-30,11394.927580017114,-0.00023246804681309463,0.0006351925167412224,0.024673608300746625,0.9753263916992534,-0.00023249507169785177,0.022049601741411642,,0.6863267549098547,11397.569912860445
sac_profit_only_seed_19,2020-05-01,11387.413684937253,-0.000659407006064483,0.00022611284488325764,0.02425652954779019,0.9757434704522098,-0.0006596245104855218,0.02269446908560693,,0.8822878370494066,11394.925003477621
sac_profit_only_seed_19,2020-05-04,11388.188437018542,6.80358247029389e-05,0.0006431915978396922,0.02496668551759981,0.9750333144824002,6.803351037118844e-05,0.022627977297824432,,1.0843558520255343,11387.40636064845
sac_profit_only_seed_19,2020-05-05,11390.80760199452,0.0002299896063771012,6.69643719699263e-05,0.025123997790622337,0.9748760022093776,0.00022996316282199798,0.022403191891039138,,0.992510122868216,11388.187674415654
sac_profit_only_seed_19,2020-05-06,11388.882412849061,-0.0001690125241973206,0.00022427664499245423,0.024735107856666865,0.9752648921433331,-0.00016902680842348646,0.02256841799522484,,0.8239180749247235,11390.805047302407
sac_profit_only_seed_19,2020-05-07,11392.302445387535,0.00030029571072009986,0.00016461328896301766,0.025192612137447203,0.9748073878625528,0.0003002506309877691,0.022274899483626494,,0.8538177738861711,11388.88053808767
sac_profit_only_seed_19,2020-05-08,11396.992686766564,0.00041170267393386695,0.00029289099181731976,0.025301292807748496,0.9746987071922515,0.0004116179476419011,0.02187236744537172,,0.6655475635101678,11392.299108684772
sac_profit_only_seed_19,2020-05-11,11397.046331287542,4.706901412632192e-06,0.0004015716621186133,0.024904702395703453,0.9750952976042966,4.706890335206498e-06,0.02186776349503622,,0.4250931855870794,11396.988110057267
sac_profit_only_seed_19,2020-05-12,11391.390026045752,-0.0004962957135886681,4.9812500735706144e-06,0.02441554762088859,0.9755844523791114,-0.0004964189090689434,0.02235320633133654,,0.393766307387475,11397.046274516004
sac_profit_only_seed_19,2020-05-13,11386.368051084088,-0.0004408570815486179,0.000484173524741293,0.02447012400927608,0.9755298759907239,-0.00044095428760216156,0.022784208843578662,,0.7654796519762199,11391.384510636291
sac_profit_only_seed_19,2020-05-14,11389.756099115802,0.00029755300518252703,0.00042959713635380356,0.025190197632093424,0.9748098023679066,0.0002975087450666831,0.02249343534820821,,0.9131913732833082,11386.363159532979
sac_profit_only_seed_19,2020-05-15,11391.056498037902,0.00011417267505842155,0.0002904764864635409,0.02501132145491414,0.9749886785450859,0.00011416615785460956,0.022381830808834692,,0.7251961389028778,11389.75279065947
sac_profit_only_seed_19,2020-05-18,11399.694634705906,0.0007583262070107732,0.00011160030928425782,0.025638713665646712,0.9743612863343533,0.0007580388229707088,0.02164047733068706,,0.6710434353959198,11391.055226792474
sac_profit_only_seed_19,2020-05-19,11396.770745511418,-0.0002564883786961847,0.000738992520016829,0.024650275868037842,0.9753497241319622,-0.0002565212774659428,0.021891415178438532,,0.4900177434505237,11399.68621041684
sac_profit_only_seed_19,2020-05-20,11401.588700083132,0.0004227473447784291,0.00024944527759204055,0.02531201113906818,0.9746879888609318,0.00042265801229549705,0.021477922371300185,,0.5701742451217557,11396.767902640775
sac_profit_only_seed_19,2020-05-21,11399.623995663635,-0.00017231847869436656,0.0004122899934382966,0.02473206648309443,0.9752679335169055,-0.00017233332722922545,0.02164653980708601,,0.3928691522351087,11401.583999322202
sac_profit_only_seed_19,2020-05-22,11400.161130362123,4.711863292095053e-05,0.0001676546625354533,0.024945827845353763,0.9750541721546462,4.711752287303552e-05,0.021600441129528244,,0.4942890652188644,11399.62208446352
sac_profit_only_seed_19,2020-05-26,11403.657926942153,0.0003067322066805378,4.610669972388015e-05,0.025198769036933914,0.974801230963066,0.0003066851739746149,0.02130033447382064,,0.3974360107349571,11400.160604738317
sac_profit_only_seed_19,2020-05-27,11407.879377310817,0.0003701838827250281,0.0002990478913040308,0.025260845472179366,0.9747391545278207,0.0003701153815763395,0.020938035631614376,,0.3839041790246172,11403.654516702296
sac_profit_only_seed_19,2020-05-28,11407.351194332052,-4.629983902315615e-05,0.00036112432654948276,0.02485492421802849,0.9751450757819715,-4.6300910893788024e-05,0.020983366042958362,,0.3544471098927093,11407.87525764806
sac_profit_only_seed_19,2020-05-29,11408.616338435371,0.00011090603609620331,4.4796927601391257e-05,0.0250078973364578,0.9749921026635422,0.00011089988647646446,0.02087478718881404,,0.4178809736110189,11407.350683317767
sac_profit_only_seed_19,2020-06-01,11409.763245018525,0.00010052985823438831,0.00010817619082791746,0.024997843456839388,0.9750021565431606,0.00010052480544682451,0.02077635586997642,,0.3411927855090347,11408.615104294713
sac_profit_only_seed_19,2020-06-02,11412.114514328652,0.00020607520591231498,9.812231120950518e-05,0.02510071939471742,0.9748992806052825,0.00020605397533374957,0.02057456215587816,,0.3878253609395267,11409.762125466184
sac_profit_only_seed_19,2020-06-03,11415.893872273664,0.0003311706993709418,0.00020099824908753616,0.02522273480772324,0.9747772651922768,0.00033111587445881655,0.020250205148645613,,0.290520623450909,11412.112220513616
sac_profit_only_seed_19,2020-06-04,11415.143535021582,-6.572742007571186e-05,0.0003230136620933563,0.024835941098599792,0.9751640589014002,-6.572958021724097e-05,0.02031460157498087,,0.2074530345701913,11415.890184783979
sac_profit_only_seed_19,2020-06-05,11422.42758835383,0.0006381044013945569,6.378004703009102e-05,0.025521602292212932,0.9744783977077871,0.0006379008993467837,0.019689460010263813,,0.2151460629702627,11415.14280696319
sac_profit_only_seed_19,2020-06-08,11425.85834665641,0.00030035281695095506,0.000621881146583049,0.025193113536441793,0.9748068864635582,0.0003003077200733867,0.019395020978091197,,0.1245367615942675,11422.420484961465
sac_profit_only_seed_19,2020-06-09,11423.733560393684,-0.00018596294459993779,0.00029339239081191057,0.02471864103930624,0.9752813589606938,-0.00018598023785228925,0.019577377167479475,,0.2103730175758235,11425.854994396514
sac_profit_only_seed_19,2020-06-10,11422.14427319371,-0.0001391215220114539,0.00018108010632364446,0.02476422143105752,0.9752357785689425,-0.00013913120030804727,0.019713775054982365,,0.3278701658763039,11423.731491782797
sac_profit_only_seed_19,2020-06-11,11405.746893554551,-0.0014355780532068207,0.00013549971457236382,0.023498008443448164,0.9765019915565518,-0.0014366094826300567,0.02112105244537435,,0.3247931332388614,11422.14272549642
sac_profit_only_seed_19,2020-06-12,11409.1319906078,0.00029678872281158064,0.0014017127021817184,0.025190400452110955,0.974809599547889,0.0002967446897507151,0.020830532212742538,,1.221107989128025,11405.730905974253
sac_profit_only_seed_19,2020-06-15,11411.780782589036,0.00023216419824190204,0.0002906793064810717,0.025126335349843276,0.9748736646501567,0.00023213725230493662,0.020603204118310778,,0.8932550960760133,11409.128674209225
sac_profit_only_seed_19,2020-06-16,11417.247430088586,0.0004790354462373969,0.0002266142042133927,0.025366825954650125,0.9746331740453499,0.0004789207453870744,0.02013403833715218,,0.7721637529695902,11411.778196517414
sac_profit_only_seed_19,2020-06-17,11416.061216005934,-0.00010389667824195481,0.0004671048090202426,0.024798856460227878,0.9752011435397722,-0.00010390207587569705,0.020235843155691286,,0.717040415116921,11417.242097037406
sac_profit_only_seed_19,2020-06-18,11416.169508849533,9.486007612524716e-06,0.0001008646854020051,0.024909069218804907,0.9750909307811951,9.485962620639033e-06,0.020226549105441076,,0.6981737760064307,11416.06006452851
sac_profit_only_seed_19,2020-06-19,11413.306581816702,-0.00025077825190067404,9.348073175024368e-06,0.024655134980688793,0.9753448650193112,-0.00025080970202460187,0.020472254978715104,,0.6569115223597698,11416.169402130345
sac_profit_only_seed_19,2020-06-22,11415.126907259364,0.00015949150490390807,0.00024458616494109006,0.025055455014345012,0.974944544985655,0.00015947878748603524,0.02031602862456662,,0.7995690514026287,11413.303790279815
sac_profit_only_seed_19,2020-06-23,11416.433647125454,0.00011447440547152077,0.00015573386871512926,0.025011484232452665,0.9749885157675473,0.00011446785377676288,0.02020387988439351,,0.5668256573088222,11415.12512953749
sac_profit_only_seed_19,2020-06-24,11409.181113761775,-0.000635271363006118,0.00011176308682278244,0.024279983140824465,0.9757200168591755,-0.0006354732333579425,0.020826316301087486,,0.5352392917034265,11416.432371189589
sac_profit_only_seed_19,2020-06-25,11412.219591111882,0.0002663186182960686,0.0006197380048054181,0.025159943509235193,0.9748400564907648,0.00026628316178785554,0.020565544118572938,,0.6984696901367211,11409.174043058636
sac_profit_only_seed_19,2020-06-26,11405.46737608692,-0.0005916653610680278,0.00026022236360531,0.02432270042679151,0.9756772995732085,-0.0005918404640894398,0.021145041559554455,,0.5836973034311527,11412.216621397125
sac_profit_only_seed_19,2020-06-29,11409.634796927434,0.00036538799359098206,0.0005770207188383718,0.0252564433911088,0.9747435566088912,0.0003653212556543841,0.020787379710273408,,0.7491052555145135,11405.460794895935
sac_profit_only_seed_19,2020-06-30,11413.269875279191,0.0003185972571826401,0.00035672224547891873,0.02521063420386443,0.9747893657961356,0.00031854651585357737,0.02047540525525042,,0.5438638308565273,11409.630726856889
sac_profit_only_seed_19,2020-07-01,11415.257004236772,0.00017410689305474847,0.0003109130582345486,0.025069766390958547,0.9749302336090414,0.00017409173820866048,0.02030486327138869,,0.4477604903790185,11413.26632674455
sac_profit_only_seed_19,2020-07-02,11416.820343832193,0.00013695176506667295,0.00017004524532866425,0.0250334103521295,0.9749665896478705,0.00013694238802982025,0.02017069229318638,,0.3205436819003172,11415.255063126593
sac_profit_only_seed_19,2020-07-06,11421.207254813882,0.0003842498041988218,0.00013368920649961882,0.025274389630944288,0.9747256103690557,0.0003841759991485872,0.019794193073551854,,0.2526521753771651,11416.81881752654
sac_profit_only_seed_19,2020-07-07,11418.26988904636,-0.00025718522586870574,0.00037466848531440486,0.024649240679637356,0.9753507593203626,-0.00025721830366044274,0.020046287525404025,,0.2666694112611186,11421.20297564746
sac_profit_only_seed_19,2020-07-08,11420.441629870245,0.00019019876434778205,0.00025048046599252666,0.02508539294280895,0.974914607057191,0.00019018067885599144,0.019859901540173384,,0.3644895923270537,11418.267028992797
sac_profit_only_seed_19,2020-07-09,11418.820637548855,-0.0001419377966216384,0.00018567179717906765,0.024761478987397934,0.9752385210126021,-0.0001419478707439704,0.019999020466129308,,0.2686409262625371,11420.439509416323
sac_profit_only_seed_19,2020-07-10,11421.722176626277,0.0002541014671761932,0.0001382421582319486,0.025147567379005992,0.974852432620994,0.00025406918886624415,0.019750000779395722,,0.3452632419350072,11418.819058986446
sac_profit_only_seed_19,2020-07-13,11419.256757293042,-0.00021585355475384205,0.0002478462333761096,0.024689438568887424,0.9753105614311126,-0.00021587685448533887,0.01996159122627492,,0.2067203001504579,11421.719345795456
sac_profit_only_seed_19,2020-07-14,11422.939074512055,0.0003224655769877849,0.00021028257674245848,0.025214261037982997,0.974785738962017,0.00032241359613800345,0.019645562575319485,,0.5375716487308452,11419.254356022306
sac_profit_only_seed_19,2020-07-15,11425.54858718794,0.00022844494388563064,0.0003145398923531141,0.025122733635976294,0.9748772663640237,0.00022841885431271558,0.01942160556087408,,0.3502176105609451,11422.935481542028
sac_profit_only_seed_19,2020-07-16,11424.609075392578,-8.222903155952199e-05,0.0002230124903464109,0.024819750477657273,0.9751802495223427,-8.223241255168268e-05,0.019502237572617015,,0.2255767859205059,11425.546039147895
sac_profit_only_seed_19,2020-07-17,11425.432858906133,7.210605703167339e-05,7.99706679726099e-05,0.024970104686289574,0.9750298953137104,7.210345751490291e-05,0.019431537745039976,,0.2384681701347573,11424.608161758959
sac_profit_only_seed_19,2020-07-20,11427.73118417653,0.00020115870433778937,7.038354065969088e-05,0.02509590022220487,0.9749040997777951,0.00020113847463849855,0.019234287863658252,,0.0756133020464162,11425.432054743715
sac_profit_only_seed_19,2020-07-21,11428.334326799019,5.277885984256159e-05,0.00019617907657498712,0.024951374394652778,0.9750486256053472,5.2777467087543576e-05,0.01918252416759894,,-0.0111685309584925,11427.728942294778
sac_profit_only_seed_19,2020-07-22,11429.953481526343,0.0001416789779704608,5.165324902289478e-05,0.025037903146169552,0.9749620968538304,0.00014166894245193159,0.019043562950047516,,0.011951226922505,11428.33373648842
sac_profit_only_seed_19,2020-07-23,11426.556110301204,-0.0002972340377963567,0.00013818200053966959,0.024609936760013856,0.9753900632399861,-0.0002972782205882724,0.019335136592734243,,-0.0271886768743657,11429.951902112505
sac_profit_only_seed_19,2020-07-24,11424.720393842585,-0.00016065351982685883,0.0002897843856160265,0.024743325296939386,0.9752566747030607,-0.00016066642598587362,0.019492683854811194,,0.0907628090025317,11426.552799063662
sac_profit_only_seed_19,2020-07-27,11426.793102662135,0.00018142315506186613,0.0001563958486904965,0.0250767472997137,0.9749232527002863,0.00018140669987147477,0.01931479712395487,,0.0706463112433853,11424.718607063742
sac_profit_only_seed_19,2020-07-28,11424.986517779156,-0.00015810077829780944,0.0001770261540838189,0.02474570530085173,0.9752542946991483,-0.00015811327754330294,0.019469844217794744,,-0.009083740695794,11426.7910798209
sac_profit_only_seed_19,2020-07-29,11428.48348634901,0.00030608076118188166,0.00015401584477815408,0.025198239391411734,0.9748017606085883,0.00030603392802194124,0.019169722801351163,,0.0360930690044777,11424.984758150205
sac_profit_only_seed_19,2020-07-30,11427.46476479487,-8.913882190564326e-05,0.0002985182457818508,0.024813085218133142,0.9751869147818668,-8.91427950065354e-05,0.019257152856750007,,-0.0599446699725481,11428.480074738169
sac_profit_only_seed_19,2020-07-31,11429.712272783212,0.00019667599372219513,8.66359274967407e-05,0.025091546713185392,0.9749084532868146,0.0001966566555344718,0.01906426428270208,,-0.0164030963185681,11427.46377476586
sac_profit_only_seed_19,2020-08-03,11431.688641610315,0.00017291501132610243,0.00019182556755550917,0.025068488488149604,0.9749315115118504,0.0001729000632486713,0.018894645768850277,,-0.0391417109474953,11429.710080272169
sac_profit_only_seed_19,2020-08-04,11432.786189317618,9.600923727992594e-05,0.00016876734251972114,0.024993495341567768,0.9750065046584322,9.60046286880803e-05,0.0188004505920993,,-0.0535592244669842,11431.686712314602
sac_profit_only_seed_19,2020-08-05,11434.553209412774,0.00015455725891277972,9.37741959378853e-05,0.025050498107465225,0.9749495018925348,0.00015454531617018093,0.01864879907929642,,-0.0895879326774309,11432.785117217285
sac_profit_only_seed_19,2020-08-06,11436.454687398531,0.00016629228540310237,0.0001507769618353423,0.02506199283762484,0.9749380071623751,0.00016627846037365268,0.0184856079453122,,-0.1440868148157872,11434.55148534558
sac_profit_only_seed_19,2020-08-07,11436.657268486048,1.7713626561111084e-05,0.00016227169199495642,0.02491715163024434,0.9750828483697557,1.771346967668077e-05,0.018468221765906907,,-0.1687147993537758,11436.452831585679
sac_profit_only_seed_19,2020-08-10,11437.508220066506,7.440562049576549e-05,1.7430484614458508e-05,0.024972285684184584,0.9750277143158154,7.440285253488519e-05,0.018395190284911177,,-0.2009895924136115,11436.657069139568
sac_profit_only_seed_19,2020-08-11,11435.156536612907,-0.0002056115203024067,7.256453855470149e-05,0.024699258835188666,0.9753007411648114,-0.00020563266124897834,0.018597019542172796,,-0.2078100878188198,11437.507390109
sac_profit_only_seed_19,2020-08-12,11439.124080245558,0.00034696015047530615,0.00020046231044121635,0.025238120144996802,0.9747618798550032,0.0003468999737211853,0.018256511816396342,,-0.0759644289774409,11435.154244295007
sac_profit_only_seed_19,2020-08-13,11438.605298844259,-4.535149699047558e-05,0.00033839899936691925,0.02485582687055564,0.9751441731294443,-4.535252540070863e-05,0.018301035353246113,,-0.1995946398481177,11439.120209257415
sac_profit_only_seed_19,2020-08-14,11438.613260853292,6.960646707909746e-07,4.3894275074243816e-05,0.024900442679302266,0.9750995573206978,6.96064428538074e-07,0.018300352027279372,,-0.2100840463371293,11438.604796754971
sac_profit_only_seed_19,2020-08-17,11439.518007525985,7.909583548815213e-05,7.215336723827293e-07,0.024976842120490447,0.9750231578795095,7.909270757749174e-05,0.01822270367342452,,-0.2159277552541653,11438.613252599947
sac_profit_only_seed_19,2020-08-18,11440.13248708553,5.3715511365126645e-05,7.712097486056377e-05,0.024952171539025167,0.9750478284609748,5.371406873870675e-05,0.018169967003905683,,-0.2657164113769925,11439.517125299204
sac_profit_only_seed_19,2020-08-19,11438.945824802582,-0.00010372801925917496,5.245039339528412e-05,0.024798616582142417,0.9752013834178576,-0.00010373339938221423,0.018271810288477502,,-0.2559544369874821,11440.13188704608
sac_profit_only_seed_19,2020-08-20,11439.831494392914,7.74258051308152e-05,0.00010110456348746619,0.02497531180422383,0.9750246881957761,7.74228079078724e-05,0.01819579919296954,,-0.1854157550206676,11438.944668272958
sac_profit_only_seed_19,2020-08-21,11440.841099642448,8.825350705810031e-05,7.559065859394712e-05,0.024985843272864627,0.9750141567271353,8.824961294645728e-05,0.01810915152900396,,-0.1748827283481915,11439.830629648517
sac_profit_only_seed_19,2020-08-24,11443.726783031718,0.00025222650713674355,8.612212723474455e-05,0.02514568922111505,0.974854310778885,0.0002521947033790138,0.01786149262990456,,-0.1892365983022615,11440.840114332876
sac_profit_only_seed_19,2020-08-25,11444.721079554609,8.688572715365162e-05,0.0002459680754851659,0.024984675904588735,0.9750153240954113,8.688195280748307e-05,0.017776158811526135,,-0.2018840559825389,11443.723968240265
sac_profit_only_seed_19,2020-08-26,11447.577108209838,0.0002495498697938636,8.49547589588523e-05,0.025143079402641513,0.9748569205973585,0.00024951873740438805,0.017531044979849184,,-0.2265208448500457,11444.720107271089
sac_profit_only_seed_19,2020-08-27,11448.197579678808,5.420111724130372e-05,0.0002433582570116298,0.02495280709155275,0.9750471929084472,5.41996484138231e-05,0.01747779406483226,,-0.140448248779633,11447.574322347426
sac_profit_only_seed_19,2020-08-28,11450.03826633717,0.00016078397018826074,5.308594592286567e-05,0.025056528191857046,0.974943471808143,0.0001607710458310604,0.017319820243763828,,-0.0577552491510467,11448.196971940411
sac_profit_only_seed_19,2020-08-31,11449.003675722535,-9.035695694359358e-05,0.00015680704622716285,0.024811759006321023,0.975188240993679,-9.036103937934714e-05,0.01740861223445539,,-0.1651573469920713,11450.036470890489
sac_profit_only_seed_19,2020-09-01,11451.687692509202,0.00023443234561604243,8.796213930886004e-05,0.025128348365503563,0.9748716516344964,0.00023440487064763722,0.01717826103063936,,0.0748953227090401,11449.00266864368
sac_profit_only_seed_19,2020-09-02,11455.809393447465,0.0003599208299192025,0.00022862721987368037,0.025250776629534476,0.9747492233704655,0.0003598560739548453,0.016824523014686867,,0.0527546644477299,11451.685074341682
sac_profit_only_seed_19,2020-09-03,11445.98881642376,-0.0008572573692892105,0.0003510554839045929,0.024063434647322805,0.9759365653526771,-0.0008576250245195985,0.017667357437636966,,0.0818299597598005,11455.805371822755
sac_profit_only_seed_19,2020-09-04,11443.652289773581,-0.0002041349758113986,0.0008362864983070782,0.024701444061702334,0.9752985559382976,-0.00020415581419151643,0.017867885887865226,,0.5710534596248475,11445.979244297852
sac_profit_only_seed_19,2020-09-08,11435.864524526922,-0.0006805314465574419,0.00019827708392754911,0.02423587631507953,0.9757641236849205,-0.0006807631131925683,0.018536257676192436,,0.366671654116638,11443.650020759576
sac_profit_only_seed_19,2020-09-09,11441.47998622538,0.0004910395437454085,0.0006638448305503544,0.02537894593862033,0.9746210540613797,0.0004909190232805763,0.01805432016795904,,0.4123786139458149,11435.856932887375
sac_profit_only_seed_19,2020-09-10,11436.527781932597,-0.00043282899578955814,0.00047922479299044793,0.024477954210409453,0.9755220457895906,-0.00043292269329699704,0.0184793347304806,,0.2222786791681557,11441.474503184503
sac_profit_only_seed_19,2020-09-11,11436.667932449027,1.2254638741993062e-05,0.0004217669352204294,0.024912081760865786,0.9750879182391342,1.225456365452116e-05,0.01846730654930992,,0.281758672686571,11436.522958383324
sac_profit_only_seed_19,2020-09-14,11440.418571070186,0.0003279485461422649,1.2360615235903344e-05,0.025219411075414762,0.9747805889245852,0.00032789478277189804,0.018145414329501626,,0.0780287037670524,11436.667791084776
sac_profit_only_seed_19,2020-09-15,11441.854145033954,0.00012548264338851922,0.00031968992978487903,0.025022375644918292,0.9749776243550817,0.00012547477110017347,0.01802220862066859,,0.0026098690543933,11440.414913683577
sac_profit_only_seed_19,2020-09-16,11440.722085507456,-9.894021651990492e-05,0.00012265449928840905,0.024803354578818926,0.9751966454211811,-9.89451114259988e-05,0.018119365715965396,,-0.0188647166618576,11441.852741639063
sac_profit_only_seed_19,2020-09-17,11438.215469803725,-0.0002190959351163757,9.636656681095632e-05,0.02468612780783619,0.9753138721921638,-0.0002191199401371003,0.01833449177170652,,0.0097513886705692,11440.720983004347
sac_profit_only_seed_19,2020-09-18,11433.811657378927,-0.00038500869619251255,0.00021359333779369383,0.02452436281731385,0.9754756371826862,-0.0003850828310695767,0.018712441529126655,,0.0360604682945794,11438.213026677104
sac_profit_only_seed_19,2020-09-21,11430.638792073152,-0.0002774984756485077,0.00037535832831603333,0.02462942330941634,0.9753705766905837,-0.00027753698547494486,0.018984747330775136,,-0.0120053411430832,11433.807365602497
sac_profit_only_seed_19,2020-09-22,11433.534376833883,0.0002533178428083538,0.00027029783621354206,0.025146932389267764,0.9748530676107322,0.0002532857632610447,0.018736238663206797,,0.123263872051966,11430.635702396221
sac_profit_only_seed_19,2020-09-23,11426.929275980552,-0.0005776954558087688,0.00024721124363788136,0.024336325730359196,0.9756636742696408,-0.0005778623861216179,0.0193031102790809,,0.0544702513124791,11433.53155033563
sac_profit_only_seed_19,2020-09-24,11427.681235095537,6.580587809934535e-05,0.0005633954152706871,0.02496443358428269,0.9750355664157173,6.580371298753333e-05,0.01923857465910353,,0.1739263529601876,11426.922838100987
sac_profit_only_seed_19,2020-09-25,11432.280739810514,0.0004024880131283659,6.471243865280654e-05,0.025292092495818694,0.9747079075041813,0.0004024070365553479,0.018843829941665186,,0.1655465878012666,11427.680495582415
sac_profit_only_seed_19,2020-09-28,11437.004279528153,0.00041317562305742683,0.000392371350188811,0.025302824859673737,0.9746971751403263,0.0004130902895140332,0.018438440129784652,,0.0105644105670897,11432.276254111084
sac_profit_only_seed_19,2020-09-29,11435.448760379339,-0.0001360075690098883,0.0004031037140438537,0.02476747520725729,0.9752325247927427,-0.00013601681887801318,0.018571939931376187,,-0.0055633201582145,11436.999669229252
sac_profit_only_seed_19,2020-09-30,11437.606134208407,0.00018865668276557557,0.0001322459383725945,0.025083774559747214,0.9749162254402528,0.00018863888933146451,0.018386786969190657,,-0.0026907383436588,11435.447248087687
sac_profit_only_seed_19,2020-10-01,11439.432401108792,0.00015967212710044087,0.0001840534141173307,0.025055572066777967,0.974944427933222,0.00015965938086314897,0.018230050699476204,,0.002251794724036,11437.60402907795
sac_profit_only_seed_19,2020-10-02,11436.726229828713,-0.00023656517082226713,0.00015585092114808394,0.024669143805302607,0.9753308561946974,-0.0002365931567760452,0.018462303275240705,,0.0241575945326884,11439.430618262715
sac_profit_only_seed_19,2020-10-05,11441.773465513468,0.00044131822195692116,0.00023057734032727595,0.025330085575287365,0.9746699144247126,0.00044122086971156566,0.01802913280413854,,0.0884369439531869,11436.723592778797
sac_profit_only_seed_19,2020-10-06,11437.718457216093,-0.00035440382643447954,0.00043036442965748226,0.024554439154863314,0.9754455608451367,-0.000354466642312472,0.018377147036919988,,0.1090885157229678,11441.768541381156
sac_profit_only_seed_19,2020-10-07,11442.671857307228,0.0004330758891875064,0.00034528199076656885,0.02532216729926347,0.9746778327007365,0.0004329821388909607,0.017952029847026214,,0.2150132458046228,11437.714507977895
sac_profit_only_seed_19,2020-10-08,11445.192122829952,0.00022025148970028496,0.0004224461536335884,0.025114852978910345,0.9748851470210896,0.0002202272379018585,0.01773573231864283,,0.1108551145615472,11442.667023394515
sac_profit_only_seed_19,2020-10-09,11447.734593194153,0.00022214309178170133,0.00021513183328046234,0.025116494556766608,0.9748835054432334,0.00022211842165855217,0.017517529097273478,,-0.0134909087892714,11445.189660604789
sac_profit_only_seed_19,2020-10-12,11452.31780898241,0.0004003600669588714,0.00021677341113672532,0.025290167415282585,0.9747098325847174,0.00040027994425183863,0.017124182349437012,,-0.1134734716438392,11447.732111629675
sac_profit_only_seed_19,2020-10-13,11450.452363168057,-0.00016288805859809852,0.0003904462696527021,0.024741243864478478,0.9752587561355215,-0.00016290132629870167,0.017284281083217144,,-0.1112827051799082,11452.313337467644
sac_profit_only_seed_19,2020-10-14,11448.659065002334,-0.00015661373968867132,0.00015847728115140486,0.02474713767896064,0.9752528623210394,-0.0001566260049010182,0.01743818786700758,,-0.0425970032373333,11450.450548531498
sac_profit_only_seed_19,2020-10-15,11448.305013594289,-3.092514206548547e-05,0.00015258346666924272,0.02486971388718024,0.9751302861128197,-3.092562025755015e-05,0.017468573730635963,,-0.0225110661449376,11448.657318126245
sac_profit_only_seed_19,2020-10-16,11448.132410842181,-1.5076708028138874e-05,3.0007258449642193e-05,0.02488504888230397,0.9751149511176961,-1.5076821682843718e-05,0.017483387070078307,,0.014899810288873,11448.304670062042
sac_profit_only_seed_19,2020-10-19,11443.798425020907,-0.0003785757943514101,1.4672263325913454e-05,0.024530446291396973,0.975469553708603,-0.0003786474722583624,0.01785534407728172,,0.0429189051726926,11448.132242872169
sac_profit_only_seed_19,2020-10-20,11444.935617134277,9.937191054354422e-05,0.0003692748542329094,0.024996969139605637,0.9750030308603944,9.936697348230911e-05,0.01775774648639247,,0.1672665013817332,11443.79419911391
sac_profit_only_seed_19,2020-10-21,11444.395065473067,-4.723064238132402e-05,9.72479939757541e-05,0.024853759188806605,0.9751462408111934,-4.72317577832348e-05,0.01780413841899998,,0.1754866682814751,11444.934504137247
sac_profit_only_seed_19,2020-10-22,11445.957640669521,0.00013653628588627953,4.596195682327747e-05,0.02503288435197848,0.9749671156480215,0.0001365269656559545,0.017670033044046882,,0.1206462286333273,11444.394539466275
sac_profit_only_seed_19,2020-10-23,11446.923746988165,8.440589673419652e-05,0.00013316320634859657,0.024982148249218503,0.9750178517507815,8.440233475692794e-05,0.017587118602297024,,0.0773470369063149,11445.956116489102
sac_profit_only_seed_19,2020-10-26,11441.6555629503,-0.0004602270578809575,8.242710358861982e-05,0.02445082739479522,0.9755491726052048,-0.0004603329948579828,0.01803925159232709,,0.0325097388969624,11446.922803451394
sac_profit_only_seed_19,2020-10-27,11440.668283369794,-8.628817526223909e-05,0.0004488937508346641,0.024816012015183228,0.9751839879848168,-8.629189830100515e-05,0.018123983193486314,,0.38669047503396,11441.65042686262
sac_profit_only_seed_19,2020-10-28,11430.9307936647,-0.000851129450125665,8.370913044665473e-05,0.024069159290612742,0.9759308407093873,-0.0008514918664528325,0.018959686787762366,,0.4468070371546322,11440.667325681401
sac_profit_only_seed_19,2020-10-29,11433.814102157507,0.00025223742010616057,0.0008305618550171409,0.025146425577320042,0.97485357442268,0.00025220561359652524,0.01871223171013754,,0.9480484338748182,11430.921299569616
sac_profit_only_seed_19,2020-10-30,11430.843331104305,-0.0002598232773997067,0.0002467044316901597,0.024646542175154742,0.9753534578248453,-0.00025985703731531393,0.018967193114166895,,0.7441066275110758,11433.811281384897
sac_profit_only_seed_19,2020-11-02,11434.03063599269,0.00027883374796267013,0.00025317897047514096,0.025171783025873272,0.9748282169741267,0.0002787948810579373,0.018693648059748547,,0.7692720511842686,11430.840437055158
sac_profit_only_seed_19,2020-11-03,11439.054239344276,0.0004393554216806095,0.0002720618802433891,0.025328213766885724,0.9746717862331142,0.0004392589333480763,0.018262505793694043,,0.6975803335674434,11434.027525228817
sac_profit_only_seed_19,2020-11-04,11445.41504806031,0.0005560607182153454,0.000428492621255841,0.02544205236121087,0.9745579476387891,0.0005559061737422608,0.01771660013756678,,0.5754284469913702,11439.04933779394
sac_profit_only_seed_19,2020-11-05,11450.96688622738,0.0004850709339729864,0.0005423312155809872,0.025373013195713705,0.9746269868042863,0.0004849533250983878,0.01724012301136945,,0.1292090200194876,11445.408840854454
sac_profit_only_seed_19,2020-11-06,11450.896350564386,-6.159799752603057e-06,0.00047329205008382266,0.024894176196227722,0.9751058238037723,-6.15981872424746e-06,0.01724617661541663,,-0.0225662145092899,11450.961466575785
sac_profit_only_seed_19,2020-11-09,11454.4790617843,0.00031287605006902197,5.544949402160743e-06,0.02520471665039187,0.9747952833496081,0.00031282711456456736,0.016938696480965937,,-0.2285682265501054,11450.896287069745
sac_profit_only_seed_19,2020-11-10,11454.057281452177,-3.682230591606217e-05,0.00030499550476198803,0.02486411179484644,0.9751358882051535,-3.6822983873811355e-05,0.016974895065018397,,-0.1668460079291394,11454.475568219676
sac_profit_only_seed_19,2020-11-11,11456.175517792339,0.0001849332763153022,3.5609350783442906e-05,0.025080051008629835,0.9749199489913701,0.00018491617826492436,0.016793101011662568,,-0.2419036577753682,11454.056873580634
sac_profit_only_seed_19,2020-11-12,11453.406215114526,-0.00024173011957717705,0.00018032986299995266,0.02466412892858755,0.9753358710714124,-0.00024175934101176123,0.017030771732924072,,-0.3468931205130146,11456.173451901777
sac_profit_only_seed_19,2020-11-13,11457.351781153762,0.0003444884399568249,0.00023559221704233177,0.02523574588889066,0.9747642541111093,0.00034442911743774995,0.01669215019695284,,-0.2086429548016839,11453.403516781163
sac_profit_only_seed_19,2020-11-16,11460.909012579448,0.00031047588427357553,0.0003360247432607766,0.02520269985720009,0.9747973001427999,0.00031042769661003143,0.016386856822772185,,-0.381599334607038,11457.34793120007
sac_profit_only_seed_19,2020-11-17,11459.370715144498,-0.00013422124137463243,0.0003029787115702079,0.02476911988089955,0.9752308801191004,-0.00013423024985154548,0.016518878599881864,,-0.4347828906758582,11460.905540168002
sac_profit_only_seed_19,2020-11-18,11455.93526230148,-0.00029979419711745336,0.00013060126473033243,0.02460743146300083,0.9753925685369992,-0.0002998391443812764,0.016813720533052152,,-0.419256523453908,11459.369218536189
sac_profit_only_seed_19,2020-11-19,11457.132863290248,0.00010453978320823509,0.00029228968262905164,0.025001932244012467,0.9749980677559875,0.00010453431930589195,0.016710938452543452,,-0.3378472851732919,11455.931913849798
sac_profit_only_seed_19,2020-11-20,11455.178151028142,-0.00017061094476522598,0.00010221109838258469,0.02473342966073707,0.9752665703392629,-0.00017062550046806116,0.016878698328311327,,-0.3973333639141337,11457.131692244113
sac_profit_only_seed_19,2020-11-23,11456.886044892224,0.0001490936100307927,0.00016629148489281237,0.02504524282086768,0.9749547571791323,0.00014908249668312237,0.016732121224346936,,-0.3564991790476827,11455.176246129557
sac_profit_only_seed_19,2020-11-24,11461.481190200047,0.0004010815233579379,0.00014552167523779885,0.0252908008942642,0.9747091991057358,0.0004010011116641263,0.016337750645658705,,-0.4400794052908536,11456.884377666975
sac_profit_only_seed_19,2020-11-25,11461.036709101962,-3.878042381344482e-05,0.00039107974863431677,0.024862286233785492,0.9751377137662145,-3.878117579352186e-05,0.016375897484577955,,-0.5224196484838053,11461.476707846865
sac_profit_only_seed_19,2020-11-27,11461.83105521336,6.930839954200074e-05,3.7434911844391044e-05,0.024967335601893452,0.9750326643981065,6.93059978258493e-05,0.016307724072281746,,-0.5567981268513753,11461.036280059063
sac_profit_only_seed_19,2020-11-30,11460.566792229753,-0.00011030200824968528,6.761445626356916e-05,0.02479221969987723,0.9752077803001228,-0.00011030809196356525,0.01641622730581624,,-0.5926353906666775,11461.830280227887
sac_profit_only_seed_19,2020-12-01,11463.686707305538,0.00027223043435342653,0.00010750144575265297,0.025165205669803032,0.9748347943301969,0.00027219338637230524,0.016148465868152675,,-0.6172616092891968,11460.565560202253
sac_profit_only_seed_19,2020-12-02,11464.2841674725,5.211762866674796e-05,0.0002654845241731492,0.024950797271942934,0.9750492027280571,5.2116270590325314e-05,0.016097189859233668,,-0.6045089312570557,11463.683663874128
sac_profit_only_seed_19,2020-12-03,11464.205751315038,-6.840039580069401e-06,5.107612631305089e-05,0.02489310118019217,0.9751068988198078,-6.840062973246804e-06,0.016103919793397994,,-0.5758775967396791,11464.283581921274
sac_profit_only_seed_19,2020-12-04,11466.665629325424,0.00021457029503357816,6.619965437711789e-06,0.025108910269508972,0.974891089730491,0.00021454727812026116,0.015892804921185614,,-0.5702801289175281,11464.205675422392
sac_profit_only_seed_19,2020-12-07,11466.076518471402,-5.1375951219401195e-05,0.00020918912387908953,0.024849825858224636,0.9751501741417754,-5.137727100878686e-05,0.01594336436443468,,-0.611235386242582,11466.663230623686
sac_profit_only_seed_19,2020-12-08,11466.911371720953,7.281071674403172e-05,4.9895287405246624e-05,0.024970762376176257,0.9750292376238238,7.280806617245456e-05,0.015871714495477394,,-0.5751569358585644,11466.075946368219
sac_profit_only_seed_19,2020-12-09,11464.349739087478,-0.0002233934274395999,7.104123054637451e-05,0.024681910767156055,0.9753180892328439,-0.00022341838346805586,0.016091562286216502,,-0.625687096117064,11466.910557097459
sac_profit_only_seed_19,2020-12-10,11464.253869560667,-8.36240423507384e-06,0.0002178103784738275,0.024891779283476044,0.9751082207165239,-8.362439200171063e-06,0.016099790126303,,-0.5045341371837958,11464.347242033122
sac_profit_only_seed_19,2020-12-11,11463.919055399187,-2.9205054710934597e-05,7.941862153838797e-06,0.02487125020125391,0.9751287497987461,-2.9205481186848453e-05,0.016128524985762466,,-0.488234237778244,11464.253778513143
sac_profit_only_seed_19,2020-12-14,11462.640730571313,-0.0001115085357543677,2.8470944375972446e-05,0.02479100478054432,0.9752089952194557,-0.00011151475329335081,0.01623823505331176,,-0.4303334766316055,11463.918729010586
sac_profit_only_seed_19,2020-12-15,11466.498151021988,0.0003365210985273315,0.00010871636508556423,0.0252278585468434,0.9747721414531566,0.00033646448800252237,0.01590717846348281,,-0.3245016703691909,11462.639484394678
sac_profit_only_seed_19,2020-12-16,11466.942458292016,3.874829648742306e-05,0.00032813740121351645,0.024937823110824976,0.9750621768891751,3.8747545791574784e-05,0.015869046543062728,,-0.4732096198096684,11466.494388435083
sac_profit_only_seed_19,2020-12-17,11468.538658950549,0.00013920019781532567,3.810196519509271e-05,0.02503547355381105,0.9749645264461889,0.00013919051036677583,0.015732055319665244,,-0.5086512096640364,11466.942021378974
sac_profit_only_seed_19,2020-12-18,11466.189629320943,-0.00020482379660224925,0.00013575240818116882,0.02470008888722099,0.975299911112779,-0.00020484477586082636,0.015933656816968556,,-0.5582023180192586,11468.537102068807
sac_profit_only_seed_19,2020-12-21,11465.166514351526,-8.922885478890308e-05,0.00019963225840889318,0.024812900979050114,0.9751870990209499,-8.92328359199895e-05,0.016021463929807134,,-0.5912206650117584,11466.187340299612
sac_profit_only_seed_19,2020-12-22,11464.684368897162,-4.2053070381520286e-05,8.682016657976868e-05,0.024858798122404074,0.9751412018775959,-4.205395463667506e-05,0.016062843248438364,,-0.3106368249343207,11465.165518943859
sac_profit_only_seed_19,2020-12-23,11464.940432604484,2.2334998424966557e-05,4.092302322580843e-05,0.02492153942556241,0.9750784605744376,2.2334749002603128e-05,0.016040867013592055,,-0.3897607878577951,11464.683899727617
sac_profit_only_seed_19,2020-12-24,11466.050788477896,9.684794089759308e-05,2.1818279932528384e-05,0.024994169727665737,0.9750058302723342,9.684325143853889e-05,0.01594557259763487,,-0.4682084089829041,11464.940182459204
sac_profit_only_seed_19,2020-12-28,11468.502397665005,0.00021381461083103126,9.444858203585399e-05,0.025108259340600063,0.9748917406594,0.00021379175574490504,0.015735167383203193,,-0.6156661669193918,11466.049705525658
sac_profit_only_seed_19,2020-12-29,11467.9552130511,-4.771195008124174e-05,0.00020853819497018006,0.024853398345301873,0.9751466016546981,-4.7713088332537616e-05,0.015782128577763763,,-0.6061212804122721,11468.500006044216
sac_profit_only_seed_19,2020-12-30,11468.362102697596,3.548057512747782e-05,4.6322800328010144e-05,0.02493436220462146,0.9750656377953786,3.547994570676023e-05,0.015747207961634892,,-0.4984645761930652,11467.954681823301
sac_profit_only_seed_19,2020-12-31,11469.812579700685,0.00012647638695928443,3.4641058991577434e-05,0.02502306648405578,0.9749769335159442,0.00012646838949537508,0.015622723224643378,,-0.5277852380797079,11468.361705421388
sac_profit_only_seed_19,2021-01-04,11465.923077887133,-0.0003391077043782831,0.00012334533842589882,0.024569065274649474,0.9754309347253505,-0.00033916521439762866,0.015956533143212843,,-0.5343949912150368,11469.811164952771
sac_profit_only_seed_19,2021-01-05,11467.885606523545,0.0001711618526549774,0.00033065587098040847,0.025066914921318476,0.9749330850786815,0.00017114720613633494,0.01578810244033252,,-0.1958075701443868,11465.919286612352
sac_profit_only_seed_19,2021-01-06,11469.590836302552,0.00014869609250700577,0.00016719377568859273,0.025044856196580274,0.9749551438034197,0.00014868503833883652,0.01564175397696653,,-0.3335479297679812,11467.883689164451
sac_profit_only_seed_19,2021-01-07,11473.832318245313,0.0003698023759781677,0.00014513505095039084,0.0252603237151089,0.9747396762848911,0.0003697340159321472,0.01527773595877358,,-0.3603959788345364,11469.589171662901
sac_profit_only_seed_19,2021-01-08,11475.45599003759,0.00014151085245472927,0.00036060256947901756,0.025038040467300366,0.9749619595326996,0.0001415008407385479,0.015138387071758035,,-0.586597085360177,11473.828180751898
sac_profit_only_seed_19,2021-01-11,11473.528308746698,-0.00016798297972342446,0.00013831932167048325,0.024736028272851394,0.9752639717271486,-0.0001679970904444256,0.015303827060112978,,-0.6582237723302314,11475.4544027603
sac_profit_only_seed_19,2021-01-12,11473.586773299601,5.095603665239423e-06,0.00016369287277848837,0.02490484946101873,0.9750951505389813,5.095590682695169e-06,0.01529880943868499,,-0.4554975549183051,11473.526430611888
sac_profit_only_seed_19,2021-01-13,11474.35606916081,6.704929124690118e-05,5.12831538884706e-06,0.024965101545134157,0.9750348984548658,6.704704354364353e-05,0.015232785921767862,,-0.5231216848907005,11473.58671445943
sac_profit_only_seed_19,2021-01-14,11473.354774336345,-8.726370512035508e-05,6.538039950427371e-05,0.02481468661445072,0.9751853133855493,-8.726751281898829e-05,0.015318720357549423,,-0.6215768967412542,11474.355318962827
sac_profit_only_seed_19,2021-01-15,11471.27040805487,-0.0001816701673112986,8.503453117916435e-05,0.024722625258980942,0.975277374741019,-0.00018168667133503348,0.015497607570370324,,-0.5403016595238772,11473.353798705
sac_profit_only_seed_19,2021-01-19,11473.511142908594,0.00019533449862274566,0.0001770958866489404,0.02509032732399284,0.9749096726760071,0.0001953154233235718,0.01530530028915217,,-0.4547566807247573,11471.268376540067
sac_profit_only_seed_19,2021-01-20,11477.462492873272,0.000344388907236981,0.00019060617836295576,0.02523560505055777,0.9747643949494422,0.00034432961898901975,0.01496618235755665,,-0.5530337311145016,11473.508955986483
sac_profit_only_seed_19,2021-01-21,11477.719175825285,2.236408545641666e-05,0.0003358839049278882,0.024921855397071785,0.9750781446029282,2.236383538398593e-05,0.014944152977081486,,-0.6982003151956254,11477.45863777835
sac_profit_only_seed_19,2021-01-22,11476.707384859596,-8.815261553185572e-05,2.2134251441902064e-05,0.024813777512601814,0.9751862224873982,-8.81565012020246e-05,0.01503098822644151,,-0.7252433202538535,11477.718921774562
sac_profit_only_seed_19,2021-01-25,11477.833411246213,9.811406258397604e-05,8.594363302806898e-05,0.02499546660509959,0.9750045333949005,9.810924971414191e-05,0.014934348915177004,,-0.6803240407508724,11476.706398509668
sac_profit_only_seed_19,2021-01-26,11477.386206434081,-3.896247628876193e-05,9.574545946970658e-05,0.024861820708865286,0.9751381792911347,-3.896323534575776e-05,0.014972729512250225,,-0.5758005709743513,11477.832312295779
sac_profit_only_seed_19,2021-01-27,11470.401085825712,-0.0006085985504655778,3.7900436764597145e-05,0.02430595211911812,0.9756940478808819,-0.0006087838217377576,0.015572215681238141,,-0.5927094334622085,11477.385771436131
sac_profit_only_seed_19,2021-01-28,11472.850575135459,0.0002135487060495045,0.0005937690265117625,0.025108486951123367,0.9748915130488767,0.00021352590777021438,0.015361992401697668,,0.6149059939431424,11470.394275056826
sac_profit_only_seed_19,2021-01-29,11467.129169533751,-0.0004986908496923403,0.00020876580549348406,0.024413408607014853,0.9755865913929851,-0.0004988152373298272,0.015853022366346222,,0.0104230393710318,11472.848179996567
sac_profit_only_seed_19,2021-02-01,11471.876354830727,0.00041398201997999706,0.0004863125386150302,0.025303702091397096,0.9746962979086029,0.0004138963530657897,0.015445603212588189,,0.2526377708930529,11467.123592925054
sac_profit_only_seed_19,2021-02-02,11475.910824722469,0.00035168352298731165,0.0004039809457672128,0.025242921071137188,0.9747570789288628,0.00035162169683220987,0.01509935165375336,,0.0031282757989204,11471.871720411267
sac_profit_only_seed_19,2021-02-03,11476.13157312385,1.9235806617334816e-05,0.0003431999255073051,0.024918812273136127,0.9750811877268639,1.9235621611579194e-05,0.015080406295344531,,-0.4043358252961432,11475.906886190729
sac_profit_only_seed_19,2021-02-04,11479.379133672492,0.0002829839068982931,1.9091127506244004e-05,0.025175599378821183,0.9748244006211788,0.0002829438745046821,0.014801689900737299,,-0.6373405755443162,11476.131354031559
sac_profit_only_seed_19,2021-02-05,11480.500965888908,9.772586159528807e-05,0.00027587823319129984,0.024995273331545095,0.975004726668455,9.772108673435819e-05,0.014705410547040653,,-0.7401848096245571,11479.375966761658
sac_profit_only_seed_19,2021-02-08,11482.56434167513,0.0001797287237161882,9.555218591521253e-05,0.025075036338031004,0.974924963661969,0.00017971257444408695,0.014528324807993822,,-0.8222409328640775,11480.499868901947
sac_profit_only_seed_19,2021-02-09,11482.371961993593,-1.6754069545155126e-05,0.00017531519240112162,0.02488355492678753,0.9751164450732125,-1.6754209896145924e-05,0.014544835468974775,,-0.7936617201162512,11482.562328607153
sac_profit_only_seed_19,2021-02-10,11482.247219866096,-1.0863794337012678e-05,1.6166218842351976e-05,0.024889143505513522,0.9751108564944865,-1.0863853348453768e-05,0.01455554125121062,,-0.7637361250673007,11482.371776367056
sac_profit_only_seed_19,2021-02-11,11482.708853423504,4.0204112363051436e-05,1.057764011636042e-05,0.024938932924591355,0.9750610670754086,4.0203304199386913e-05,0.0145159223314635,,-0.7364032572859182,11482.247098411017
sac_profit_only_seed_19,2021-02-12,11484.120767787628,0.00012296004210732292,3.9211778961472515e-05,0.025019643006796058,0.974980356993204,0.00012295248314097293,0.014394747167777224,,-0.8063032239411334,11482.708403166063
sac_profit_only_seed_19,2021-02-16,11483.871756264705,-2.1683116013693216e-05,0.00011992186116617509,0.024878694413073797,0.9751213055869262,-2.1683351095851464e-05,0.01441611816081807,,-0.9231312556263124,11484.119390590491
sac_profit_only_seed_19,2021-02-17,11483.937134852098,5.6930788483455785e-06,2.1026732556085614e-05,0.024905292939854606,0.9750947070601454,5.693062642833698e-06,0.014410507154067088,,-0.7969472731990006,11483.871514796405
sac_profit_only_seed_19,2021-02-18,11482.720080042825,-0.00010597888119567855,5.571794224723536e-06,0.02479637558963507,0.9752036244103649,-0.00010598449735410792,0.014514958825837077,,-0.7977878175303572,11483.937070865963
sac_profit_only_seed_19,2021-02-19,11482.213971463498,-4.4075669858645306e-05,0.0001033455559948139,0.02485684183000583,0.9751431581699942,-4.407664121952441e-05,0.014558394739162546,,-0.7150456858550434,11482.718893354735
sac_profit_only_seed_19,2021-02-22,11480.014387392928,-0.00019156445577794834,4.287931562405381e-05,0.02471293262097269,0.9752870673790273,-0.0001915828065919203,0.014747170323975295,,-0.7582869940144594,11482.213479114022
sac_profit_only_seed_19,2021-02-23,11480.359372293575,3.0050911872248065e-05,0.00018678852465719292,0.024929205049700476,0.9750707949502995,3.005046035264158e-05,0.014717562578018917,,-0.6370409557544483,11480.012243057978
sac_profit_only_seed_19,2021-02-24,11483.508993558127,0.0002743486647425186,2.948390407059298e-05,0.025167193974073396,0.9748328060259266,0.00027431103802933067,0.014447251656917988,,-0.6664729092961816,11480.359033807761
sac_profit_only_seed_19,2021-02-25,11476.616069534424,-0.0006002454500249055,0.00026747282844351294,0.02431433107503284,0.9756856689249671,-0.0006004256694459101,0.015038825209870436,,-0.8212301645001946,11483.505922031496
sac_profit_only_seed_19,2021-02-26,11475.136915952331,-0.00012888412168976515,0.0005853900705970437,0.02477460089063713,0.9752253991093629,-0.0001288924279618824,0.015165771065781833,,-0.1482765672569006,11476.609351237334
sac_profit_only_seed_19,2021-03-01,11482.06157545978,0.0006034489660704523,0.000125120254992752,0.025487911462676437,0.9745120885373235,0.0006032669639587698,0.014571473868580613,,-0.2284064752891423,11475.135480180274
sac_profit_only_seed_19,2021-03-02,11479.823881742688,-0.00019488605790740632,0.0005881903170465545,0.024710224310470534,0.9752897756895295,-0.00019490505066284522,0.014763520149387921,,-0.6336766953462498,11482.054821822341
sac_profit_only_seed_19,2021-03-03,11476.035496150382,-0.0003300038076656797,0.00018949683515934873,0.024578012954240745,0.9754219870457592,-0.00033005827090459703,0.01508865193918975,,-0.5630744824258629,11479.821706352395
sac_profit_only_seed_19,2021-03-04,11472.49570159253,-0.00030845099416421107,0.0003217081913891376,0.02459917148811393,0.975400828511886,-0.00030849857495659155,0.015392448823662738,,-0.3300759907554155,11476.031804215758
sac_profit_only_seed_19,2021-03-05,11477.74745534104,0.00045776907528316535,0.00030054965751595206,0.025346180589317757,0.9746538194106822,0.0004576643309846039,0.014941725935443835,,-0.1590849258276594,11472.492253537876
sac_profit_only_seed_19,2021-03-08,11476.319436865157,-0.00012441626559911434,0.0004464594436878744,0.024778823111396373,0.9752211768886037,-0.0001244240059447104,0.015064283207300407,,-0.5035952037945599,11477.742330992296
sac_profit_only_seed_19,2021-03-09,11480.397950330573,0.0003553851465927238,0.00012089803423350962,0.0252462520369486,0.9747537479630514,0.00035532201224907685,0.01471425168320355,,-0.4260780098672345,11476.318049400696
sac_profit_only_seed_19,2021-03-10,11482.173323584106,0.00015464387743469032,0.0003465308913187179,0.025050828968108816,0.9749491710318912,0.00015463192130288881,0.014561883274702652,,-0.5491292449321689,11480.393972018039
sac_profit_only_seed_19,2021-03-11,11485.07040230713,0.00025231100780143123,0.0001511078224789332,0.025145834927758657,0.9748541650722413,0.0002522791827322,0.014313246390345714,,-0.6757808419421294,11482.171588537898
sac_profit_only_seed_19,2021-03-12,11485.45272138177,3.328835272631281e-05,0.00024611378212877413,0.02493241952479823,0.9750675804752018,3.3287798681394656e-05,0.014280434502013873,,-0.7293437251122816,11485.067575673016
sac_profit_only_seed_19,2021-03-15,11487.157836023474,0.00014845863572543472,3.269837916834717e-05,0.025044493594202546,0.9749555064057974,0.00014844761683272702,0.014134095920112182,,-0.8499149195779911,11485.452345826081
sac_profit_only_seed_19,2021-03-16,11486.795401345384,-3.1551292605569436e-05,0.000144772448572663,0.02486909567279377,0.9751309043272063,-3.1551790358071826e-05,0.01416520126372166,,-0.9097374694819284,11487.156172999506
sac_profit_only_seed_19,2021-03-17,11487.77033695421,8.487446452765113e-05,3.0625472836113415e-05,0.024982505096321894,0.9750174949036781,8.48708628940764e-05,0.01408152906306628,,-0.9581946044722924,11486.795049556844
sac_profit_only_seed_19,2021-03-18,11483.6075678975,-0.0003623652749498163,8.27839506920107e-05,0.024546331331435266,0.9754536686685648,-0.0003624309451109308,0.014438791680865476,,-1.0370217287941854,11487.769385951198
sac_profit_only_seed_19,2021-03-19,11482.142701916024,-0.00012756148038106652,0.00035338981419461707,0.024775664676218768,0.9752243353237813,-0.00012756961703866177,0.014564511327604768,,-0.8059444577610255,11483.603509707555
sac_profit_only_seed_19,2021-03-22,11484.4241966756,0.0001986993907674428,0.000124056469411115,0.02509355542971941,0.9749064445702806,0.00019867965265808738,0.014368705896364894,,-0.8943151488098354,11482.141277481938
sac_profit_only_seed_19,2021-03-23,11482.171245986476,-0.00019617445773001396,0.00019383428408952658,0.024708582888613936,0.9752914171113861,-0.00019619370245587038,0.0145620615810074,,-1.155683118743034,11484.421970600457
sac_profit_only_seed_19,2021-03-24,11480.715673384071,-0.000126768062522431,0.00019113825701594714,0.02477628030312563,0.9752237196968744,-0.00012677609827239366,0.014686983639196882,,-0.9945494687315648,11482.169051304278
sac_profit_only_seed_19,2021-03-25,11482.32242041857,0.00013995181835424475,0.00012344084250425283,0.025036289456949815,0.9749637105430502,0.00013994202601214117,0.014549087290909032,,-0.8922383520135697,11480.714256194857
sac_profit_only_seed_19,2021-03-26,11486.928224540357,0.00040112130221992004,0.00013656831131993175,0.02529083092461349,0.9747091690753865,0.0004010408745771478,0.014153801937529333,,-1.0944894518030022,11482.320852297187
sac_profit_only_seed_19,2021-03-29,11486.77926063066,-1.2968124008971849e-05,0.0003911097789836074,0.024887457136505847,0.9751125428634941,-1.2968208095818972e-05,0.014166586513279586,,-1.2466140842952032,11486.923731890398
sac_profit_only_seed_19,2021-03-30,11486.020327027674,-6.607018257820396e-05,1.2264009124036274e-05,0.02483530379474658,0.9751646962052534,-6.607236530885973e-05,0.014231720706900318,,-1.0147510412977032,11486.779119756693
sac_profit_only_seed_19,2021-03-31,11487.178837503721,0.00010086265242992276,6.441735088330222e-05,0.024998125234219577,0.9750018747657804,0.00010085756613460378,0.01413229350356962,,-1.2035915949010692,11486.019587128672
sac_profit_only_seed_19,2021-04-01,11490.266540880666,0.0002687956216773646,9.840408858969446e-05,0.025161849326229144,0.9748381506737709,0.00026875950260653525,0.01386729658051037,,-1.2521028451836504,11487.177707118357
sac_profit_only_seed_19,2021-04-05,11494.370016857152,0.0003571262652513063,0.0002621281805992616,0.02524808625739338,0.9747519137426066,0.0003570625108451038,0.013515122691096046,,-1.6204213633674094,11490.263528958003
sac_profit_only_seed_19,2021-04-06,11494.196983262631,-1.5053769303330355e-05,0.00034836511176349755,0.024885381686039067,0.975114618313961,-1.5053882612452628e-05,0.01352997300686031,,-1.54398921514429,11494.366012619657
sac_profit_only_seed_19,2021-04-07,11494.528039337125,2.8802018529505702e-05,1.4339459590815423e-05,0.024927819175060595,0.9750721808249394,2.880160375933414e-05,0.01350156067886403,,-1.516648279795646,11494.196818442058
sac_profit_only_seed_19,2021-04-08,11495.886294392865,0.00011816536103892439,2.8098029430712046e-05,0.025014958003521305,0.9749850419964787,0.00011815838006258397,0.013384990734617314,,-1.6878759907015009,11494.527716363538
sac_profit_only_seed_19,2021-04-09,11497.966008594825,0.00018090942696380452,0.0001152368578914223,0.025076206417952513,0.9749237935820475,0.00018089306482676915,0.01320650277865719,,-1.7364056840185984,11495.88496964305
sac_profit_only_seed_19,2021-04-12,11498.068359565137,8.901658800741785e-06,0.00017648527232263025,0.0249085731676492,0.9750914268323508,8.901619181212203e-06,0.013197718679638067,,-1.7845792035787733,11497.963979373164
sac_profit_only_seed_19,2021-04-13,11498.916756486196,7.378603905694447e-05,8.85202201931709e-06,0.024971673255437896,0.9750283267445621,7.37833170010636e-05,0.013124906447966999,,-1.7426509138213129,11498.068257783983
sac_profit_only_seed_19,2021-04-14,11497.938107957027,-8.510788884685816e-05,7.19521098080135e-05,0.024816795522380336,0.9751832044776196,-8.511151072873208e-05,0.013208897303734708,,-1.7867954584809362,11498.915929114875
sac_profit_only_seed_19,2021-04-15,11501.012670014843,0.00026740116610035614,8.292562324954678e-05,0.025160475232111856,0.9748395247678882,0.000267365420780625,0.012945028212176362,,-1.7141418181535928,11497.937154483343
sac_profit_only_seed_19,2021-04-16,11501.966848050974,8.296469741475576e-05,0.0002607540864819728,0.024980867574307706,0.9750191324256923,8.296125603458793e-05,0.0128631374951103,,-1.7883367996114012,11501.009671078791
sac_profit_only_seed_19,2021-04-19,11500.558838770803,-0.0001224146529694714,8.11464286778231e-05,0.024780419104970655,0.9752195808950294,-0.00012242214625463372,0.012983977511567208,,-1.842551543751521,11501.965914707442
sac_profit_only_seed_19,2021-04-20,11498.460864590565,-0.0001824236725928019,0.00011930204065922767,0.024721923668599377,0.9752780763314006,-0.00018244031381482902,0.01316403259929751,,-1.640361041290418,11500.557466730665
sac_profit_only_seed_19,2021-04-21,11501.167899085975,0.00023542581283608754,0.00017779747703050575,0.02512940421842131,0.9748705957815786,0.0002353981045281614,0.01293170593953633,,-1.3863247137068526,11498.458820193233
sac_profit_only_seed_19,2021-04-22,11498.549752153112,-0.00022764183218904055,0.00022968307279142702,0.024677921004621236,0.9753220789953788,-0.00022766774652378745,0.013156403974492003,,-1.6288186049055848,11501.165257462391
sac_profit_only_seed_19,2021-04-23,11501.651499563695,0.00026975118405703213,0.0002218001410086469,0.025162900884758452,0.9748370991152415,0.0002697148077479366,0.012890201745984944,,-1.3962620378677255,11498.547201773155
sac_profit_only_seed_19,2021-04-26,11502.246341804228,5.171798506986569e-05,0.00026317973912856965,0.02495040537264419,0.9750495946273559,5.171664774098495e-05,0.012839150416176575,,-1.6761943114770432,11501.648472562054
sac_profit_only_seed_19,2021-04-27,11502.184038086769,-5.416656504109163e-06,5.0684227014308886e-05,0.024894488756224124,0.9751055112437759,-5.41667117424598e-06,0.01284449752741307,,-1.6045490822666568,11502.245758821764
sac_profit_only_seed_19,2021-04-28,11502.101666293132,-7.161404596223164e-06,5.232389405758486e-06,0.024892743110142945,0.9751072568898571,-7.161430239203486e-06,0.012851566947365617,,-1.607766995881305,11502.183977902863
sac_profit_only_seed_19,2021-04-29,11503.92674828477,0.0001586737836778429,6.978035486937539e-06,0.025054426252980794,0.9749455737470192,0.00015866119632453396,0.012694932370441541,,-1.6513960617545282,11502.101586031058
sac_profit_only_seed_19,2021-04-30,11502.04288103918,-0.00016375862666806462,0.00015470510735091092,0.024740164787364176,0.9752598352126358,-0.0001637720365759808,0.01285661209241901,,-1.570048104966696,11503.924968568548
sac_profit_only_seed_19,2021-05-03,11502.658742562891,5.354366438026226e-05,0.00015955635826570697,0.02495208436742879,0.9750479156325712,5.3542230969431105e-05,0.01280375681816159,,-1.3585901379539385,11502.041045815105
sac_profit_only_seed_19,2021-05-04,11500.89116185851,-0.00015366714287023964,5.2363221798908816e-05,0.024749908309848072,0.975250091690152,-0.00015367895087532236,0.012955456444303622,,-1.4152400852917872,11502.65814024662
sac_profit_only_seed_19,2021-05-05,11500.979014357199,7.638755767036542e-06,0.00014981283578181098,0.024907315723033174,0.9750926842769668,7.638726591890282e-06,0.01294791665210417,,-1.170502511149699,11500.889438877392
sac_profit_only_seed_19,2021-05-06,11503.265768565503,0.00019883126518616123,7.5945774032915025e-06,0.025093570429933897,0.9749064295700661,0.00019881150086995274,0.012751659837567477,,-1.230458555042488,11500.978927012124
sac_profit_only_seed_19,2021-05-07,11505.348159502631,0.00018102606503433982,0.00019384928430401377,0.025076396751726265,0.9749236032482738,0.00018100968179339484,0.012572942155336126,,-1.3790695263015285,11503.263538665668
sac_profit_only_seed_19,2021-05-10,11502.509293801402,-0.0002467431373542883,0.00017667560609638255,0.02465923478166314,0.9753407652183369,-0.00024677358345055056,0.012816583005497246,,-1.7154865124604768,11505.346126788272
sac_profit_only_seed_19,2021-05-11,11499.950396401617,-0.00022246427578753725,0.00024048636396674372,0.02468298244997789,0.9753170175500221,-0.00022248902463509578,0.013036196049428447,,-1.0922801198484522,11502.506527604766
sac_profit_only_seed_19,2021-05-12,11493.864427127028,-0.0005292170022309639,0.00021673869565199191,0.02438361971148877,0.9756163802885113,-0.0005293570869743546,0.01355851407506568,,-0.6370393474399949,11499.947903917368
sac_profit_only_seed_19,2021-05-13,11497.296404265453,0.0002985921019151849,0.0005161014341411134,0.02519129457660003,0.9748087054233999,0.000298547532165418,0.013263970438366909,,0.5579331104402602,11493.858495127113
sac_profit_only_seed_19,2021-05-14,11501.688968585893,0.00038205193342766286,0.0002915734309701483,0.025272402022336493,0.9747275979776635,0.00038197897017098895,0.012886986030490178,,-0.3612020558429238,11497.293051959294
sac_profit_only_seed_19,2021-05-17,11500.955959248739,-6.373058245245922e-05,0.0003726808767066103,0.024837936900589927,0.9751620630994101,-6.373261333231565e-05,0.012949895317816833,,-1.2573931573464463,11501.684682126364
sac_profit_only_seed_19,2021-05-18,11498.487971877474,-0.0002145897593217594,6.178424503995583e-05,0.024690489958440365,0.9753095100415596,-0.00021461278699855694,0.013161706162219056,,-1.058536452824842,11500.955248670858
sac_profit_only_seed_19,2021-05-19,11497.734925888388,-6.549087070639725e-05,0.00020923118718951805,0.024836060831561157,0.9751639391684388,-6.549301532710608e-05,0.013226335061328958,,-0.7116301422291762,11498.485566035184
sac_profit_only_seed_19,2021-05-20,11500.814093047886,0.0002678064139889358,6.366031406872599e-05,0.025160851397423176,0.9748391486025768,0.00026777056025234654,0.012962070744702976,,-0.5290608912222639,11497.734193938972
sac_profit_only_seed_19,2021-05-21,11500.576636630249,-2.0646922532230327e-05,0.00026113025179329286,0.024879842543460613,0.9751201574565393,-2.0647135682869295e-05,0.012982450040364711,,-0.8412905490119578,11500.811089837405
sac_profit_only_seed_19,2021-05-24,11503.495651242089,0.0002538146306980682,1.987860216927026e-05,0.025147172439672672,0.9748528275603273,0.00025378242521405676,0.012731930545429301,,-0.9434657255266268,11500.57640801486
sac_profit_only_seed_19,2021-05-25,11502.857286796008,-5.549308361851857e-05,0.00024745129404278934,0.024845848124564654,0.9751541518754353,-5.549462341664901e-05,0.012786717094961488,,-1.3016812274868417,11503.492804687203
sac_profit_only_seed_19,2021-05-26,11503.425077050693,4.9360801453790515e-05,5.387302106522884e-05,0.024947903030193407,0.9750520969698065,4.9359583249517964e-05,0.012737987456111457,,-1.1991630056426097,11502.856667102335
sac_profit_only_seed_19,2021-05-27,11503.574892427638,1.3023545243351364e-05,4.818188456352443e-05,0.024912467224398358,0.9750875327756017,1.3023460437722325e-05,0.012725129804624057,,-1.4962253910221917,11503.424522793994
sac_profit_only_seed_19,2021-05-28,11504.087104427777,4.4526332459993156e-05,1.274607876847536e-05,0.02494314927983762,0.9750568507201623,4.452534119227689e-05,0.012681170075524252,,-1.6102040363741736,11503.574745802165
sac_profit_only_seed_19,2021-06-01,11503.834284661723,-2.1976517020294573e-05,4.342813420773681e-05,0.0248783337145197,0.9751216662854802,-2.1976758507482783e-05,0.012702867904594597,,-1.590348913894112,11504.086604826738
sac_profit_only_seed_19,2021-06-02,11504.284497777382,3.913591803561545e-05,2.1387431110183458e-05,0.024937901950868698,0.9750620980491314,3.913515224555507e-05,0.01266422912495621,,-1.3418309176338956,11503.83403862426
sac_profit_only_seed_19,2021-06-03,11503.220925471504,-9.245010466174541e-05,3.818080523881537e-05,0.024809601921376104,0.9751903980786238,-9.245437843608068e-05,0.012755508420309938,,-1.4162357204598155,11504.284058534537
sac_profit_only_seed_19,2021-06-04,11505.839513447378,0.00022763954485793825,9.011922425377836e-05,0.025121729866615584,0.9748782701333845,0.0002276136389081512,0.012530772533583277,,-1.2902126401976055,11503.219888810157
sac_profit_only_seed_19,2021-06-07,11505.55900632582,-2.4379544076635895e-05,0.00022200872098570093,0.024876164551869175,0.9751238354481309,-2.437984126255077e-05,0.012554846583138643,,-1.608056426490088,11505.836959050663
sac_profit_only_seed_19,2021-06-08,11505.619804052378,5.284204489752753e-06,2.3556593760708233e-05,0.02490489671759375,0.9750951032824062,5.2841905283933914e-06,0.01254962872102567,,-1.593359785069718,11505.55873529404
sac_profit_only_seed_19,2021-06-09,11505.192331330425,-3.715338497467524e-05,5.175571963868253e-06,0.024863496570416775,0.9751365034295832,-3.715407517877844e-05,0.012586315844813222,,-1.4480085427851028,11505.619744504214
sac_profit_only_seed_19,2021-06-10,11506.52356559303,0.00011570725845055918,3.622457521310768e-05,0.0250125695908197,0.9749874304091803,0.00011570056488205477,0.01247206491446303,,-1.2708095130754715,11505.19191455972
sac_profit_only_seed_19,2021-06-11,11506.995721318064,4.103374249764258e-05,0.00011284844518981776,0.02493984155164196,0.975060158448358,4.1032900636660624e-05,0.012431542947465457,,-1.617220821692743,11506.522267099735
sac_profit_only_seed_19,2021-06-14,11507.636768039674,5.570930389953155e-05,4.012040601207578e-05,0.024954079396555855,0.9750459206034442,5.570775219389042e-05,0.012376526196169876,,-1.7170388341618743,11506.995259652724
sac_profit_only_seed_19,2021-06-15,11507.110585313147,-4.572465547303395e-05,5.435825092597185e-05,0.02485518598971854,0.9751448140102814,-4.572570087696029e-05,0.012421684939246653,,-1.5608221774389248,11507.636142504667
sac_profit_only_seed_19,2021-06-16,11505.510306518092,-0.00013906869002344724,4.453515591134119e-05,0.024764139798330764,0.9752358602016692,-0.00013907836097034733,0.012559026161817735,,-1.4239211997301666,11507.110072842182
sac_profit_only_seed_19,2021-06-17,11505.413740048209,-8.393062742140245e-06,0.00013558134729911922,0.02489166920563866,0.9751083307943613,-8.393097964088421e-06,0.012567313815865353,,-1.1828023041439797,11505.508746585503
sac_profit_only_seed_19,2021-06-18,11500.627307816718,-0.0004160156548590477,8.051939991222251e-06,0.024493903189395202,0.9755060968106049,-0.00041610221337889025,0.012978101271437508,,-1.2596603785632985,11505.413647407308
sac_profit_only_seed_19,2021-06-21,11504.722187430232,0.0003560570657508144,0.000405817956234681,0.02524718448615642,0.9747528155138436,0.00035599369247633406,0.01262666515034446,,-0.6340766827268104,11500.622640655649
sac_profit_only_seed_19,2021-06-22,11506.249684141303,0.00013277128175581687,0.00034746334052653677,0.02502950803912183,0.9749704919608781,0.00013276246842928313,0.012495570327104856,,-1.2244523204914382,11504.71818996103
sac_profit_only_seed_19,2021-06-23,11505.90286623414,-3.014169835380276e-05,0.00012978689349194689,0.02487045564028394,0.9751295443597161,-3.0142152623920924e-05,0.012525335387747057,,-1.4765026445802332,11506.248190780901
sac_profit_only_seed_19,2021-06-24,11507.597357716644,0.0001472714920509599,2.9265505345942716e-05,0.025043333005465553,0.9749566669945344,0.00014726064866937537,0.012379908520527106,,-1.537663839599695,11505.90252950808
sac_profit_only_seed_19,2021-06-25,11508.613496886454,8.830159226302925e-05,0.00014361185983566976,0.02498595647411677,0.9750140435258833,8.829769390691683e-05,0.012292700093898415,,-1.6048006575770777,11507.595705089185
sac_profit_only_seed_19,2021-06-28,11509.190191843161,5.010985527187373e-05,8.623532848688747e-05,0.02494866491500658,0.9750513350849934,5.0108599815016376e-05,0.012243206224049242,,-1.6684466353679055,11508.612504437388
sac_profit_only_seed_19,2021-06-29,11509.343827756491,1.3348976841021098e-05,4.894376937669698e-05,0.02491278528736025,0.9750872147126397,1.3348887744222647e-05,0.012230020681484577,,-1.63302434785893,11509.18962854001
sac_profit_only_seed_19,2021-06-30,11509.584884786183,2.0944463324790163e-05,1.3064141730367157e-05,0.024920156408501103,0.9750798435914989,2.0944243992580705e-05,0.012209332369379445,,-1.5660659418197924,11509.343677396791
sac_profit_only_seed_19,2021-07-01,11511.171357328907,0.00013783924951282778,2.0435262871220522e-05,0.02503412963593208,0.9749658703640679,0.00013782975055635064,0.012073176045077419,,-1.5943910277829916,11509.58464958479
sac_profit_only_seed_19,2021-07-02,11513.360638944061,0.0001901875619079174,0.0001344084903021972,0.025085268863169204,0.9749147311368308,0.00019016947854634913,0.011885284651086058,,-1.654548701003993,11511.169810129742
sac_profit_only_seed_19,2021-07-06,11512.83632433051,-4.553966734766046e-05,0.0001855477175393208,0.024855494316856356,0.9751445056831436,-4.5540704309793586e-05,0.011930283066524347,,-1.7254767881335145,11513.358502666273
sac_profit_only_seed_19,2021-07-07,11513.848910231109,8.795277480477814e-05,4.422682877352688e-05,0.02498551950025786,0.9750144804997422,8.794890718625707e-05,0.011843379593219449,,-1.4177841383124885,11512.835815154269
sac_profit_only_seed_19,2021-07-08,11511.511960492559,-0.00020296859519097765,8.57983546279778e-05,0.02470184991221381,0.9752981500877862,-0.0002029891961039006,0.012043944354292025,,-1.4574510914001937,11513.847922361816
sac_profit_only_seed_19,2021-07-09,11514.569430476806,0.00026560107783768494,0.00019787123341607343,0.025158832954612464,0.9748411670453876,0.00026556581211568167,0.011781542161056337,,-0.8484397155139476,11511.509682695489
sac_profit_only_seed_19,2021-07-12,11515.59341725339,8.892966278661874e-05,0.0002591118089825817,0.024986681411261678,0.9750133185887383,8.89257087785744e-05,0.011693660226841249,,-1.4435594379049326,11514.566446915891
sac_profit_only_seed_19,2021-07-13,11514.614946231944,-8.496922268719231e-05,8.696026563179485e-05,0.0248169453944817,0.9751830546055184,-8.497283277609343e-05,0.011777635848308638,,-1.4328913342878564,11515.592415854328
sac_profit_only_seed_19,2021-07-14,11515.04182705503,3.7072956853512196e-05,8.277575114818206e-05,0.024935950367729175,0.9750640496322708,3.70722696684312e-05,0.011740999523240779,,-1.2223578975397402,11514.613993101044
sac_profit_only_seed_19,2021-07-15,11514.062104958197,-8.50819399137448e-05,3.622922209929255e-05,0.024816785993135578,0.9751832140068645,-8.508555958730857e-05,0.011825082516138577,,-1.3820525642775596,11515.041409874022
sac_profit_only_seed_19,2021-07-16,11511.812415087823,-0.00019538628937953995,8.293515249430464e-05,0.02470924357375587,0.9752907564262441,-0.00019540537976728587,0.012018158346523729,,-1.2252906319008718,11514.0611500377
sac_profit_only_seed_19,2021-07-19,11507.57713262017,-0.0003679075296694201,0.00019047757187401135,0.024541028179747074,0.9754589718202529,-0.00036797522424868655,0.012381644305244703,,-0.9074211584990032,11511.810222345746
sac_profit_only_seed_19,2021-07-20,11511.679175442361,0.0003564645081164386,0.0003586929658828085,0.02524753556501089,0.9747524644349891,0.0003564009897379153,0.01202959341387525,,-0.0303619679642356,11507.573004933198
sac_profit_only_seed_19,2021-07-21,11513.99587417145,0.0002012476801849239,0.00034781441938100746,0.02509625741616571,0.9749037425838343,0.00020122743258700984,0.011830766661458537,,-0.6245408767526351,11511.675171514353
sac_profit_only_seed_19,2021-07-22,11514.593988003646,5.1946677654957085e-05,0.000196536270535827,0.024950563366984355,0.9750494366330157,5.194532847302087e-05,0.011779434552825853,,-1.0100772040486092,11513.993611253643
sac_profit_only_seed_19,2021-07-23,11517.54307582631,0.00025611739551889556,5.0842221354471806e-05,0.025149446906572538,0.9748505530934275,0.00025608460305777885,0.011526334075405376,,-1.0498208939776936,11514.593402576109
sac_profit_only_seed_19,2021-07-26,11518.244210077399,6.087533135090695e-05,0.00024972576094265536,0.02495932057772935,0.9750406794222707,6.087347852311736e-05,0.011466160413460623,,-1.1459924476791212,11517.540199599101
sac_profit_only_seed_19,2021-07-27,11516.936407872023,-0.00011354180216394116,5.9599432099467775e-05,0.024789052052532783,0.9752109479474672,-0.0001135482485223192,0.01157840032710727,,-1.0559989142993251,11518.243523596586
sac_profit_only_seed_19,2021-07-28,11516.817539227435,-1.0321203519514377e-05,0.00011066909309710021,0.02488976474790128,0.9751102352520987,-1.0321256783501922e-05,0.011588602027600628,,-0.6690728958210704,11516.935133303115
sac_profit_only_seed_19,2021-07-29,11518.006758479778,0.00010325936382105105,9.95639772860199e-06,0.025000408691640184,0.9749995913083598,0.00010325403293991513,0.011486539295452604,,-0.8875937577735988,11516.81742456142
sac_profit_only_seed_19,2021-07-30,11516.612799417395,-0.00012102433099869803,0.00010068754601030155,0.024781794195148865,0.9752182058048511,-0.00012103165503397514,0.01160617347571755,,-1.0111078491247143,11518.005598759943
sac_profit_only_seed_19,2021-08-02,11516.009805246684,-5.235863888219949e-05,0.00011792695048101764,0.024848778545572516,0.9751512214544275,-5.236000964357997e-05,0.011657924431153955,,-0.8890531002326078,11516.611441298368
sac_profit_only_seed_19,2021-08-03,11518.34202555083,0.00020251982618879616,5.0942600057366644e-05,0.02509720796376739,0.9749027920362326,0.00020249932181711086,0.011457765565794751,,-0.6237751410476433,11516.009218591202
sac_profit_only_seed_19,2021-08-04,11516.928986715793,-0.00012267727698156428,0.00019748681813750585,0.024780276414933116,0.9752197235850669,-0.00012268480245418404,0.0115790372352964,,-0.92065745178312,11518.339750830113
sac_profit_only_seed_19,2021-08-05,11518.743674373738,0.00015756697467161906,0.00011944473069676678,0.025053456993468077,0.9749465430065319,0.00015755456229970164,0.011423294734491541,,-0.9292565144695858,11516.927611079313
sac_profit_only_seed_19,2021-08-06,11519.215844629896,4.099147177027973e-05,0.00015373584783819408,0.024939840204512766,0.9750601597954872,4.0990631642859414e-05,0.0113827715203848,,-1.069041455338986,11518.741903529914
sac_profit_only_seed_19,2021-08-09,11518.982037349706,-2.029715245754904e-05,4.011905888288286e-05,0.024879968105783495,0.9751200318942165,-2.0297358447535328e-05,0.011402837634993453,,-1.299400564126869,11519.215382489798
sac_profit_only_seed_19,2021-08-10,11519.338598963383,3.095426423271874e-05,1.9753039846387432e-05,0.024929922983633824,0.9750700770163662,3.095378515936787e-05,0.011372236337209844,,-1.1708086514118423,11518.981809814795
sac_profit_only_seed_19,2021-08-11,11520.050984629022,6.18425840615e-05,3.020183800394108e-05,0.024960049585547327,0.9750399504144527,6.184067188773374e-05,0.011311097041629943,,-1.14851243337466,11519.338251058185
sac_profit_only_seed_19,2021-08-12,11520.909952949103,7.456289223251034e-05,6.0328439917444604e-05,0.024972480843743216,0.9750275191562567,7.456011255823414e-05,0.011237377537507108,,-1.2688677788477092,11520.050289642319
sac_profit_only_seed_19,2021-08-13,11521.431166937738,4.5240696330717256e-05,7.275969811333313e-05,0.02494390431036245,0.9750560956896376,4.5239673001278985e-05,0.011192645227961087,,-1.3798951861712525,11520.909114691172
sac_profit_only_seed_19,2021-08-16,11522.106162280035,5.858606734854277e-05,4.418316473256759e-05,0.02495688817006341,0.9750431118299366,5.8584351251924994e-05,0.011134714893679763,,-1.3981750034648208,11521.430657884448
sac_profit_only_seed_19,2021-08-17,11520.224825398824,-0.00016328064111836849,5.7167024433528446e-05,0.02474053589865613,0.9752594641013439,-0.00016329397285347975,0.011296177451411675,,-1.2496662156968676,11522.10550359551
sac_profit_only_seed_19,2021-08-18,11517.083415885169,-0.000272686476285533,0.00015918524697375314,0.024633907224281288,0.9753660927757187,-0.0002727236620028893,0.011565783612872488,,-0.8734852502604865,11520.22299154899
sac_profit_only_seed_19,2021-08-19,11517.524370430947,3.828699765873189e-05,0.0002658139213485948,0.024937312563689685,0.9750626874363103,3.828626473034472e-05,0.011527939434343954,,-0.1139056612295378,11517.080354484064
sac_profit_only_seed_19,2021-08-20,11519.80589310127,0.00019809141243753992,3.759141805980207e-05,0.02509287852971959,0.9749071214702804,0.00019807179492436366,0.011332131607711465,,-0.0924338390767193,11517.523937470873
sac_profit_only_seed_19,2021-08-23,11522.326860508843,0.000218837663669591,0.0001931573840897073,0.02511325143184803,0.9748867485681519,0.00021881372220087052,0.01111577384124725,,-0.7337230460006157,11519.803667965698
sac_profit_only_seed_19,2021-08-24,11522.779836434724,3.9312886308762174e-05,0.00021353028621814638,0.02493826185032751,0.9750617381496725,3.931211357749934e-05,0.01107689794809168,,-1.0195284036964052,11522.32440014309
sac_profit_only_seed_19,2021-08-25,11523.381441256697,5.221004223932013e-05,3.854070469762674e-05,0.024950666093590323,0.9750493339064097,5.2208679342502546e-05,0.011025266231162206,,-0.9988327793265296,11522.779392338669
sac_profit_only_seed_19,2021-08-26,11521.687062541456,-0.00014703832584894716,5.0944947960439996e-05,0.02475637263179982,0.9752436273682001,-0.00014704913704336766,0.011170683420322495,,-1.080808705669999,11523.38085419863
sac_profit_only_seed_19,2021-08-27,11524.250452203863,0.00022248388178680578,0.0001433485138300633,0.02511675673305673,0.9748832432669433,0.00022245913591828153,0.010950684835545203,,-0.6543792078519346,11521.685410924738
sac_profit_only_seed_19,2021-08-30,11525.509839453634,0.00010928148906463875,0.0002170355874268476,0.025006481520619572,0.9749935184793804,0.00010927551827770636,0.010842600053625646,,-1.1496983503863034,11524.247951031397
sac_profit_only_seed_19,2021-08-31,11525.08342322724,-3.699760204411984e-05,0.00010676037498968949,0.02486374754469419,0.9751362524553058,-3.6998286472279865e-05,0.010879196505467825,,-1.1820554709608029,11525.508608985881
sac_profit_only_seed_19,2021-09-01,11525.235525066304,1.3197461005587385e-05,3.597360093569174e-05,0.024912624901108172,0.9750873750988919,1.3197373919865095e-05,0.010866142622233826,,-1.1136583954099324,11525.083008628488
sac_profit_only_seed_19,2021-09-02,11526.118288407813,7.659395242631817e-05,1.2903755478289175e-05,0.024974414791373425,0.9750255852086266,7.65910192593183e-05,0.010790380950618541,,-1.1797262002251907,11525.235376347482
sac_profit_only_seed_19,2021-09-03,11526.04775640098,-6.11932005800675e-06,7.469364574354265e-05,0.024893826992661388,0.9751061730073386,-6.1193387811221176e-06,0.010796434240882002,,-1.1094603731810753,11526.117427480018
sac_profit_only_seed_19,2021-09-07,11525.02153167722,-8.90352656391924e-05,5.8941529684948535e-06,0.024812900850599447,0.9751870991494006,-8.903922951374094e-05,0.010884508243130553,,-1.105640497292259,11526.04768846469
sac_profit_only_seed_19,2021-09-08,11524.670932239838,-3.0420718644008637e-05,8.682029503043545e-05,0.024870141653061572,0.9751298583469384,-3.0421181363454242e-05,0.010914597847211683,,-0.742878506079017,11525.02053107145
sac_profit_only_seed_19,2021-09-09,11523.442335627718,-0.000106605786780678,2.9579492568310856e-05,0.02479578757626406,0.9752042124237359,-0.00010661146958144878,0.011020040074701467,,-0.7744975243544296,11524.670591345921
sac_profit_only_seed_19,2021-09-10,11521.178818265733,-0.00019642718695156436,0.00010393356936582235,0.024708248676112647,0.9752917513238873,-0.00019644648129811537,0.011214302626181036,,-0.5929902037662343,11523.441137955226
sac_profit_only_seed_19,2021-09-13,11521.910789500966,6.35326685558546e-05,0.00019147246951723568,0.024961854625807505,0.9750381453741925,6.35306504413447e-05,0.011151482432197086,,-0.1357691290413482,11521.176612277173
sac_profit_only_seed_19,2021-09-14,11520.361856320762,-0.00013443370709098623,6.21334801776223e-05,0.02476867777008513,0.9752313222299148,-0.00013444274411171655,0.011284417004165104,,-0.4635552653262839,11521.91007360455
sac_profit_only_seed_19,2021-09-15,11522.756332350042,0.00020784729326583928,0.00013104337554475237,0.025102478737067863,0.9748975212629322,0.0002078256960097493,0.011078915146429624,,-0.4397344007926204,11520.360346653657
sac_profit_only_seed_19,2021-09-16,11522.299173230402,-3.967445864982988e-05,0.00020275759143797978,0.02486123075183547,0.9751387692481646,-3.967524570198177e-05,0.0111181500551186,,-0.7046042927773577,11522.75399602372
sac_profit_only_seed_19,2021-09-17,11518.596714302235,-0.00032132987284072545,3.849039379441241e-05,0.024586329126794888,0.9754136708732051,-0.0003213815103463937,0.011435907334215843,,-0.5911737025972323,11522.298729732569
sac_profit_only_seed_19,2021-09-20,11513.81078540348,-0.00041549582969702126,0.0003133920188349952,0.02449470835374838,0.9755052916462517,-0.0004155821720066771,0.011846651592106724,,-0.1375612525884669,11518.593104465957
sac_profit_only_seed_19,2021-09-21,11513.535308003069,-2.3925823130710455e-05,0.00040501279188150455,0.024876785448154175,0.9751232145518458,-2.3926109357782183e-05,0.011870293974346708,,0.9030527569568776,11513.806122162829
sac_profit_only_seed_19,2021-09-22,11516.331591476759,0.00024286923163785445,2.2935697475707367e-05,0.025136507857523346,0.9748634921424767,0.00024283974368039804,0.011630307671885722,,0.6210176562956203,11513.535043932106
sac_profit_only_seed_19,2021-09-23,11519.812923665326,0.0003022952370652643,0.00023678671189346356,0.02519463105651585,0.9748053689434841,0.00030224955506615676,0.011331528221435351,,-0.1174419786936952,11516.328864562469
sac_profit_only_seed_19,2021-09-24,11520.282012453194,4.072017410150508e-05,0.0002949099108859668,0.024939713336998626,0.9750602866630014,4.0719345057721444e-05,0.011291269469135912,,-0.5896318871837872,11519.809526358324
sac_profit_only_seed_19,2021-09-27,11519.460892974,-7.127598771494714e-05,3.999219136874288e-05,0.024830253955187644,0.9751697460448123,-7.12785279688663e-05,0.011361740660466942,,-0.771808938120422,11520.28155173187
sac_profit_only_seed_19,2021-09-28,11513.679911663616,-0.0005018447793777581,6.946719044223851e-05,0.02441019423226802,0.975589805767732,-0.0005019707456144809,0.011857883609609576,,-0.5489950059816147,11519.460092749418
sac_profit_only_seed_19,2021-09-29,11514.156809905697,4.142014071439881e-05,0.0004895269133618624,0.024940585581609675,0.9750594144183903,4.141928292405686e-05,0.011816954624102918,,0.421866317953839,11513.674275407428
sac_profit_only_seed_19,2021-09-30,11510.652202097395,-0.0003043738127038731,4.086443597979203e-05,0.024602875650914315,0.9753971243490857,-0.00030442014381435936,0.012117731665273319,,0.2766722718232056,11514.156339386172
sac_profit_only_seed_19,2021-10-01,11514.054932092009,0.00029561574225955844,0.00029684549471556756,0.025188180319392905,0.974811819680607,0.0002955720565352691,0.011825698115254567,,0.405781391545174,11510.648785212148
sac_profit_only_seed_19,2021-10-04,11510.354359437424,-0.0003213961264220133,0.00028845917376302266,0.024586508304359923,0.9754134916956401,-0.0003214477852259757,0.012143293508110125,,-0.03178353905376,11514.051610757237
sac_profit_only_seed_19,2021-10-05,11513.332869039117,0.0002587678457746101,0.00031321284126996016,0.025152285802519957,0.9748477141974801,0.0002587343711502531,0.011887667956237297,,0.3779783587114854,11510.35075424663
sac_profit_only_seed_19,2021-10-06,11514.521413875256,0.00010323203972806283,0.00025256465689007385,0.025000618596373078,0.974999381403627,0.00010322671166773083,0.011785663104719967,,0.0216435864596108,11513.329961178151
sac_profit_only_seed_19,2021-10-07,11516.999043044125,0.000215174307278021,0.00010089745074319534,0.025109590899212404,0.9748904091007876,0.00021515116060708445,0.011573024769336313,,-0.0369652356087516,11514.5202520894
sac_profit_only_seed_19,2021-10-08,11516.473621249672,-4.562141513508866e-05,0.00020986975358252072,0.024855438314819744,0.9751445616851803,-4.562245582350003e-05,0.011618118206704019,,-0.3531014147091992,11516.996625974374
sac_profit_only_seed_19,2021-10-11,11514.39707161642,-0.00018031123949435734,4.428283081013909e-05,0.024723911085389353,0.9752760889146106,-0.00018032749752026724,0.011796334568903924,,-0.5181320778909795,11516.473111267618
sac_profit_only_seed_19,2021-10-12,11513.689310561083,-6.146748726265638e-05,0.00017581006024052978,0.024839951940235517,0.9751600480597645,-6.146937646606837e-05,0.011857076965121739,,-0.2409660352724011,11514.395047269578
sac_profit_only_seed_19,2021-10-13,11514.720013978042,8.951982194038699e-05,5.976920539436589e-05,0.02498706241116119,0.9750129375888388,8.951581528024209e-05,0.011768618586600017,,-0.2700940997555754,11513.688622397021
sac_profit_only_seed_19,2021-10-14,11519.541710219813,0.0004187419438699269,8.734126553130647e-05,0.025307950755497473,0.9746920492445025,0.000418654295929208,0.011354804656953642,,-0.5339554750894331,11514.719008267823
sac_profit_only_seed_19,2021-10-15,11521.721474682032,0.0001892231928188881,0.00040822960986759,0.025084595815944417,0.9749154041840555,0.00018920529236862246,0.011167730056525759,,-0.9236554198282542,11519.537007601795
sac_profit_only_seed_19,2021-10-18,11522.568681265768,7.353125013453976e-05,0.00018487467031453458,0.024971596474400407,0.9750284035255996,7.35285468446833e-05,0.011095019983543394,,-1.0407191995650136,11521.719344607573
sac_profit_only_seed_19,2021-10-19,11524.781316265395,0.0001920261931893652,7.187532877052372e-05,0.025087000063351843,0.9749129999366482,0.00019200775851985164,0.010905124324804784,,-1.030742528682774,11522.567853077355
sac_profit_only_seed_19,2021-10-20,11525.906272097382,9.761190265700215e-05,0.00018727891772195998,0.02499507584710133,0.9750049241528986,9.760713892522742e-05,0.010808576892081808,,-1.1603238296638814,11524.779157916822
sac_profit_only_seed_19,2021-10-21,11526.653715848774,6.484902217196442e-05,9.535470147144579e-05,0.02496304431918337,0.9750369556808166,6.484691956502693e-05,0.010744428795552301,,-1.200541013431558,11525.90517304803
sac_profit_only_seed_19,2021-10-22,11526.355591247424,-2.586393316728053e-05,6.33231735534881e-05,0.024874562312924064,0.9751254376870759,-2.5864267644567247e-05,0.010770014835531338,,-1.3006160321611966,11526.65298594448
sac_profit_only_seed_19,2021-10-25,11527.894441607374,0.00013350710445880765,2.5158832705818313e-05,0.02502991111151607,0.9749700888884839,0.00013349819317847448,0.010637945604568226,,-1.1972379836015148,11526.355301257772
sac_profit_only_seed_19,2021-10-26,11528.151283443754,2.228003020698921e-05,0.0001301899658861863,0.024921572870712356,0.9750784271292876,2.2279782010802737e-05,0.010615902588110753,,-1.2315764613415112,11527.89294079119
sac_profit_only_seed_19,2021-10-27,11526.879355719644,-0.0001103323241374854,2.1851725082473045e-05,0.024792145504149408,0.9752078544958506,-0.00011033841119609718,0.010725063635042829,,-1.0612052355882178,11528.151031533762
sac_profit_only_seed_19,2021-10-28,11529.647494253864,0.00024014639598424203,0.00010757564148047502,0.02513393661435707,0.974866063385643,0.00024011756545409618,0.010487492824437327,,-0.8289604411857717,11526.878115708203
sac_profit_only_seed_19,2021-10-29,11530.227327623998,5.0290641619543663e-05,0.00023421546872718843,0.024948985470331354,0.9750510145296687,5.0289377087622316e-05,0.010437729605560903,,-0.952282641761229,11529.644793832073
sac_profit_only_seed_19,2021-11-01,11530.720632221764,4.2783596866824425e-05,4.9264324701470824e-05,0.024941485693684137,0.9750585143063158,4.278268167484737e-05,0.010395392572309821,,-1.0324312267271103,11530.226759595134
sac_profit_only_seed_19,2021-11-02,11531.880970524639,0.00010063016353312193,4.176454805425445e-05,0.024997876493385772,0.9750021235066142,0.00010062510065786471,0.010295808498831332,,-1.0119938235009551,11530.720150646428
sac_profit_only_seed_19,2021-11-03,11533.632898976834,0.00015192044183187647,9.815534775588913e-05,0.025047932005871507,0.9749520679941285,0.00015190890309018564,0.010145452200775592,,-1.1327244686023616,11531.879838608851
sac_profit_only_seed_19,2021-11-04,11534.98455094262,0.00011719221321038198,0.00014821086024162378,0.02501412641845475,0.9749858735815452,0.00011718534673942279,0.010029448955562738,,-1.4103131648115306,11533.63118956718
sac_profit_only_seed_19,2021-11-05,11535.97976495124,8.627787963000344e-05,0.00011440527282486831,0.02498395501920966,0.9750160449807903,8.627415790781338e-05,0.009944036395522436,,-1.312792191697161,11534.983231279564
sac_profit_only_seed_19,2021-11-08,11536.224018316132,2.1173179033606715e-05,8.423387357977749e-05,0.024920448816012755,0.9750795511839873,2.1172954885015473e-05,0.009923073763351708,,-1.0102282272831846,11535.97879323098
sac_profit_only_seed_19,2021-11-09,11535.274315373013,-8.232355245618717e-05,2.0727670382872376e-05,0.02481946103093281,0.9751805389690672,-8.232694122581664e-05,0.010004580413124449,,-0.7904921219773613,11536.223779197084
sac_profit_only_seed_19,2021-11-10,11532.962702026874,-0.00020039517769054882,8.026011469707342e-05,0.0247043548631821,0.9752956451368179,-0.0002004152594870779,0.010202970721145439,,-0.6226382672681363,11535.273389550573
sac_profit_only_seed_19,2021-11-11,11533.053355506541,7.860380893287555e-06,0.0001953662824477828,0.024907576245203407,0.9750924237547965,7.860350000655546e-06,0.010195190539488195,,-0.3412536592064396,11532.960448874826
sac_profit_only_seed_19,2021-11-12,11535.220490822005,0.00018790646749500262,7.855099573524094e-06,0.025082922029361555,0.9749170779706384,0.00018788881528601425,0.010009199814233012,,-0.6470745841846213,11533.053264913258
sac_profit_only_seed_19,2021-11-15,11535.316729365177,8.343017218415127e-06,0.0001832008837316726,0.024908034993916292,0.9750919650060837,8.342982415640548e-06,0.010000940303941075,,-1.039219989385372,11535.218377559417
sac_profit_only_seed_19,2021-11-16,11536.453424364237,9.854042378965033e-05,8.313848286409242e-06,0.024995806578881997,0.975004193421118,9.853556900101601e-05,0.009903385377047172,,-0.9729676118564252,11535.316633462304
sac_profit_only_seed_19,2021-11-17,11535.754511774014,-6.0582968137157245e-05,9.608543325211397e-05,0.024840736795991344,0.9751592632040087,-6.058480335929391e-05,0.00996336836870355,,-1.0001963248913306,11536.452315879113
sac_profit_only_seed_19,2021-11-18,11536.729406705073,8.45107209992424e-05,5.898434963853838e-05,0.0249821781203998,0.9750178218796002,8.450715016944134e-05,0.009879699659148781,,-0.7776181311477254,11535.753831345037
sac_profit_only_seed_19,2021-11-19,11536.214759356695,-4.4609466880563e-05,8.245697476991568e-05,0.024856300908900692,0.9751436990910993,-4.461046191242269e-05,0.009923868397894596,,-0.6313302858973215,11536.728455421267
sac_profit_only_seed_19,2021-11-22,11535.405603679754,-7.014048314979426e-05,4.342023672919068e-05,0.02483136468548137,0.9751686353145186,-7.014294310851164e-05,0.009993312816120273,,-0.532279738140675,11536.214258451519
sac_profit_only_seed_19,2021-11-23,11535.785678303559,3.294852707069751e-05,6.835646014851163e-05,0.02493191485723236,0.9750680851427677,3.2947984279902186e-05,0.00996069355398738,,-0.1578296976752609,11535.40481516026
sac_profit_only_seed_19,2021-11-24,11536.552190656474,6.644648004838771e-05,3.219371160247814e-05,0.024964540211952376,0.9750354597880476,6.644427257881748e-05,0.009894908926964568,,-0.0923751648439715,11535.7853069238
sac_profit_only_seed_19,2021-11-26,11530.144702446052,-0.0005554075519730306,6.481906632249332e-05,0.024357905363335472,0.9756420946366645,-0.0005555618478814786,0.010444820771793463,,-0.3245846911828484,11536.551442867933
sac_profit_only_seed_19,2021-11-29,11533.66016430945,0.00030489312615911146,0.0005418157822944109,0.025197460064139452,0.9748025399358605,0.0003048466556953653,0.01014311219969153,,2.591171396527735,11530.13845523168
sac_profit_only_seed_19,2021-11-30,11528.068798002636,-0.00048478680897112714,0.00029773891850956927,0.024427066581621894,0.9755729334183781,-0.00048490435608793293,0.010622981761666346,,0.9411110238047814,11533.656730289946
sac_profit_only_seed_19,2021-12-01,11524.875075754806,-0.0002770387914742267,0.00047265456400798905,0.02462996669596032,0.9753700333040397,-0.00027707717380931165,0.010897077575111434,,2.142231600699738,11528.063349208305
sac_profit_only_seed_19,2021-12-02,11529.267226194053,0.000381101782915394,0.0002697544496695625,0.025271454969638785,0.9747285450303612,0.00038102918207587723,0.010520128687888477,,3.194849203268089,11524.871966868472
sac_profit_only_seed_19,2021-12-03,11526.765007212847,-0.00021703191817090683,0.00037173382400890187,0.024688409878166714,0.9753115901218333,-0.00021705547300582162,0.010734877402350872,,2.270670618072056,11529.26294037546
sac_profit_only_seed_19,2021-12-06,11530.161758315155,0.00029468381633379614,0.00021131126746316842,0.025187188754734337,0.9748128112452656,0.00029464040558607876,0.010443356980657952,,2.966909929747352,11526.762571477524
sac_profit_only_seed_19,2021-12-07,11536.097009567173,0.0005147587151357325,0.00028746760910445396,0.0254016844320711,0.9745983155679289,0.0005146262723171093,0.00993397407454323,,1.98736282621478,11530.15844376712
sac_profit_only_seed_19,2021-12-08,11536.851835508189,6.54316568584612e-05,0.0005019632864412156,0.024964008830569206,0.9750359911694308,6.542951630097455e-05,0.009869192414067652,,0.5471955039792189,11536.091218870006
sac_profit_only_seed_19,2021-12-09,11534.91161695818,-0.00016817573612570857,6.428768493932369e-05,0.02473576805244457,0.9752642319475554,-0.00016818987925052846,0.010035708391494121,,0.0067360503887155,11536.851093830694
sac_profit_only_seed_19,2021-12-10,11537.613432907785,0.00023422944529838396,0.00016395309318531157,0.02512822469150432,0.9748717753084957,0.00023420201786465304,0.009803829604605487,,0.4646960774991172,11534.90972577374
sac_profit_only_seed_19,2021-12-13,11535.065938552063,-0.00022079907344230154,0.00022850354587443736,0.02468459522181205,0.9753154047781879,-0.00022082345314646147,0.010022464001554944,,-0.3179459523526494,11537.610796522205
sac_profit_only_seed_19,2021-12-14,11533.08737188926,-0.00017152625510274966,0.0002151259238178313,0.0247326469581869,0.9752673530418131,-0.0001715409674132335,0.010192271140940606,,0.1267665588056623,11535.063457060347
sac_profit_only_seed_19,2021-12-15,11537.572498816226,0.0003888921311649973,0.00016707418744298444,0.02527894540792834,0.9747210545920717,0.0003888165322194113,0.00980734270382106,,0.5625649125174047,11533.085445008059
sac_profit_only_seed_19,2021-12-16,11535.034720426022,-0.00021995774158423131,0.0003792242622984582,0.024685562966409433,0.9753144370335906,-0.00021998193583614646,0.010025143244453224,,-0.1451944298588444,11537.568123488805
sac_profit_only_seed_19,2021-12-17,11530.98056943553,-0.000351464134157653,0.00021415817922045,0.024557096775928437,0.9754429032240716,-0.0003515259121520428,0.010373083900320608,,0.2078470257515069,11535.032250103988
sac_profit_only_seed_19,2021-12-20,11527.92357543481,-0.00026511136518792,0.00034262436970144625,0.02464147660906445,0.9753585233909355,-0.00026514651341816336,0.010635445243074554,,0.4826244603819318,11530.97661864058
sac_profit_only_seed_19,2021-12-21,11533.018175264688,0.0004419356006777342,0.0002582445365654322,0.025330714016313042,0.974669285983687,0.000441837975901678,0.010198209824278727,,0.8370725726284668,11527.920598411529
sac_profit_only_seed_19,2021-12-22,11535.88452369416,0.00024853411187875096,0.0004309928706831591,0.025142426768069995,0.97485757323193,0.0002485032323926651,0.009952210315421308,,0.3331392309385471,11533.013204616076
sac_profit_only_seed_19,2021-12-23,11537.668955028357,0.00015468526323503262,0.00024270562244011265,0.025050768086529458,0.9749492319134705,0.00015467330070330392,0.009799064512458606,,-0.3166076124778934,11535.881723870127
sac_profit_only_seed_19,2021-12-27,11541.732909503022,0.0003522335829277967,0.00015104694089957543,0.02524321050798994,0.9747567894920101,0.00035217156324250887,0.009450282489133363,,-0.4963445974001821,11537.667212298757
sac_profit_only_seed_19,2021-12-28,11541.494094682155,-2.0691418068596867e-05,0.00034348936236005753,0.024879879464121703,0.9751201205358783,-2.0691632138940662e-05,0.009470778367456105,,-0.5694066032443946,11541.728945040544
sac_profit_only_seed_19,2021-12-29,11541.861484421242,3.1832077898474864e-05,1.984168150817936e-05,0.024930778972659308,0.9750692210273407,3.183157126863456e-05,0.009439247764112337,,-0.6034429585505241,11541.493865679506
sac_profit_only_seed_19,2021-12-30,11541.06663039767,-6.886705620623434e-05,3.105782702942511e-05,0.024832594521601956,0.9751674054783981,-6.88694276508265e-05,0.009507464767112242,,-0.7601499655219154,11541.861125956106
sac_profit_only_seed_19,2021-12-31,11540.341631283138,-6.281907363947514e-05,6.712662402792724e-05,0.024838527860490962,0.975161472139509,-6.282104684011845e-05,0.009569686590622357,,-0.6495276926996184,11541.06585568483
sac_profit_only_seed_19,2022-01-03,11542.004677848496,0.00014410722130175913,6.119328513892047e-05,0.02504027955141434,0.9749597204485857,0.00014409683885358867,0.00942695843026384,,-0.6742428660378282,11540.340925091721
sac_profit_only_seed_19,2022-01-04,11541.906796540296,-8.480442603486793e-06,0.00014055840578445708,0.024891588853257672,0.9751084111467423,-8.48047856264347e-06,0.009435358928087475,,-0.8401422730088052,11542.003055522719
sac_profit_only_seed_19,2022-01-05,11536.388193987306,-0.000478136121723316,8.132292372210748e-06,0.0244332753852408,0.9755667246147592,-0.0004782504652480632,0.009908983663885804,,-0.7474145188561339,11541.906702678136
sac_profit_only_seed_19,2022-01-06,11536.112963845257,-2.38575659401441e-05,0.0004664457603890844,0.02487691191364702,0.975123088086353,-2.3857850536396916e-05,0.009932604825594826,,0.0476136236107935,11536.382812887943
sac_profit_only_seed_19,2022-01-07,11534.977070440687,-9.846413676162236e-05,2.280923198286211e-05,0.024803721527185376,0.9751962784728146,-9.846898467296935e-05,0.010030090956996477,,0.0169855551671133,11536.11270071538
sac_profit_only_seed_19,2022-01-10,11534.618559148417,-3.108036453658425e-05,9.59996184445068e-05,0.024869507343702066,0.9751304926562979,-3.108084754112211e-05,0.010060859582649757,,-0.2192089591024337,11534.97596308729
sac_profit_only_seed_19,2022-01-11,11537.23418534679,0.00022676312918012975,3.0213801927816974e-05,0.025120817261166918,0.9748791827388331,0.00022673742230792574,0.009836377885470768,,-0.0338874826255193,11534.618210643737
sac_profit_only_seed_19,2022-01-12,11538.008291526776,6.7096339343653e-05,0.0002210961155370353,0.024965357991725595,0.9750346420082744,6.709408848495869e-05,0.009769941531075726,,-0.3086901884942477,11537.231634509128
sac_profit_only_seed_19,2022-01-13,11534.049040062942,-0.00034314860622353116,6.563684609571172e-05,0.024565066010076398,0.9754349339899236,-0.0003432074951786683,0.010109737595480024,,-0.5274999680896054,11538.007534208302
sac_profit_only_seed_19,2022-01-14,11534.162648667872,9.849845837850424e-06,0.0003346551355534848,0.024909651957552088,0.9750903480424479,9.849797328437449e-06,0.010099987328999015,,0.2382985344011492,11534.045180134197
sac_profit_only_seed_19,2022-01-18,11529.076379011316,-0.00044097433090595217,9.930811922204824e-06,0.02446954694035103,0.9755304530596489,-0.00044107158867938315,0.010536507824750374,,-0.0741234484077969,11534.162534124272
sac_profit_only_seed_19,2022-01-19,11526.090604651386,-0.00025897775864902606,0.0004301742052788514,0.024647546016191783,0.9753524539838082,-0.0002590112991797228,0.010792756862218941,,0.952735329704676,11529.071419500047
sac_profit_only_seed_19,2022-01-20,11522.911202545192,-0.0002758439279413327,0.00025217512943809944,0.02463091740273292,0.9753690825972671,-0.0002758819798753813,0.011065623673714036,,1.2494003600377594,11526.087698057996
sac_profit_only_seed_19,2022-01-21,11517.275736526637,-0.0004890661673510044,0.0002688037428969642,0.02442286148414534,0.9755771385158547,-0.0004891857992158833,0.011549278018905632,,1.7300526599813428,11522.908105143531
sac_profit_only_seed_19,2022-01-24,11518.488109752981,0.00010526562479529211,0.00047685966148454384,0.02500281981896396,0.974997180181036,0.00010526008475819057,0.011445228136076995,,2.610788116764616,11517.270244402429
sac_profit_only_seed_19,2022-01-25,11514.985301609435,-0.0003041031175420317,0.00010309867333407885,0.024603200469597353,0.9753967995304027,-0.0003041493662715739,0.01174585072406186,,2.8552121208324053,11518.486922212138
sac_profit_only_seed_19,2022-01-26,11514.275228772234,-6.166511016747478e-05,3.929189263202071e-05,0.02450379282261184,0.9754962071773882,-6.166701153854667e-05,0.011806791525050429,,3.13579207924774,11514.98484916387
sac_profit_only_seed_19,2022-01-27,11514.809779993973,4.6425086348778066e-05,0.04251631647373488,-0.017921984392471453,1.0179219843924714,4.642400873780881e-05,0.011760914570017725,,3.437309074752985,11513.785684202641
sac_profit_only_seed_19,2022-01-28,11515.320579503345,4.4360221239436726e-05,0.020535052019424578,0.002677790453355602,0.9973222095466444,4.435923735391933e-05,0.01171707606555053,,3.027389362861251,11514.573322776147
sac_profit_only_seed_19,2022-01-31,11520.228854306219,0.0004262386590965228,0.02222193069227428,0.025336828879573763,0.9746631711204262,0.00042614784520394675,0.011295831677244721,,2.2921751003452178,11515.064686847527
sac_profit_only_seed_19,2022-02-01,11522.162045348872,0.0001678083888003723,0.00043710773394388044,0.025063749850823686,0.9749362501491763,0.00016779431054764034,0.011129918823758193,,1.5223006328905455,11520.22381872509
sac_profit_only_seed_19,2022-02-02,11524.947111878293,0.00024171388307681063,0.00016402870519380275,0.025135519369152794,0.9748644806308472,0.00024168467498274769,0.010890895196578659,,0.7105246965458858,11522.160155383552
sac_profit_only_seed_19,2022-02-03,11518.1992212509,-0.0005855029582252369,0.00023579822352291085,0.024328692635826255,0.9756713073641737,-0.0005856744320178242,0.011470021503448535,,0.7493661482647109,11524.944394316239
sac_profit_only_seed_19,2022-02-04,11519.541236262347,0.00011651257159805972,0.0005710285098036276,0.025013876096257555,0.9749861239037424,0.0001165057845355698,0.011354845333552096,,1.391228873116218,11518.192644030763
sac_profit_only_seed_19,2022-02-07,11518.619393755187,-8.00242377931859e-05,0.00011415495062767206,0.024821794565551607,0.9751782054344484,-8.002743990333518e-05,0.011433960908502239,,1.062966501130047,11519.539921249685
sac_profit_only_seed_19,2022-02-08,11520.978331828284,0.00020479347328516972,7.792658007827608e-05,0.025099450401519768,0.9749005495984803,0.00020477250596441773,0.011231509035784905,,0.9569826544463482,11518.61849614857
sac_profit_only_seed_19,2022-02-09,11525.174677440777,0.00036423517965467056,0.00019972925588988485,0.025254952339235134,0.9747450476607649,0.0003641688621245845,0.010871364766841574,,0.552047459003096,11520.976030751855
sac_profit_only_seed_19,2022-02-10,11520.014918800354,-0.0004476946150344663,0.0003552311936052509,0.02446332501550662,0.9755366749844934,-0.0004477948601892255,0.011314192330411891,,0.1320802005243396,11525.170583339219
sac_profit_only_seed_19,2022-02-11,11514.353674313652,-0.0004914268363891416,0.0004363961301232615,0.02442072083681217,0.9755792791631879,-0.000491547626131405,0.01180005906905785,,1.2541706567289637,11520.009891510424
sac_profit_only_seed_19,2022-02-14,11513.41083306635,-8.188399227360144e-05,0.00047900030881771125,0.024820336614942675,0.9751796633850573,-8.18873449507184e-05,0.011880976825385773,,2.207141858518654,11514.348158934687
sac_profit_only_seed_19,2022-02-15,11518.033180618466,0.0004014750814624879,7.938453068720777e-05,0.025291119880555952,0.974708880119444,0.0004013945119056952,0.011484271660062105,,2.4449454980718386,11513.409919079633
sac_profit_only_seed_19,2022-02-16,11518.350120242356,2.7516818098982654e-05,0.00039139873492606905,0.024926933706843877,0.9750730662931562,2.751643951828838e-05,0.011457070852577316,,1.697847239112846,11518.02867247485
sac_profit_only_seed_19,2022-02-17,11512.223273671367,-0.0005319205013765149,2.7212561213994096e-05,0.024380795824368296,0.9756192041756317,-0.0005320620212735221,0.01198289710308158,,1.3018789715638073,11518.349806798547
sac_profit_only_seed_19,2022-02-18,11510.361219316186,-0.00016174585142381126,0.0005189253212615867,0.02474248329245801,0.975257516707542,-0.00016175893369472537,0.012142704770610895,,2.329609362502605,11512.217299687207
sac_profit_only_seed_19,2022-02-22,11507.283668249489,-0.000267372240371766,0.00015723785317187447,0.02463909003663635,0.9753609099633637,-0.00026740799070179924,0.012406830388804,,2.209357526823967,11510.3594094517
sac_profit_only_seed_19,2022-02-23,11502.198045698306,-0.0004419481345728782,0.0002606311089935337,0.024468841111208332,0.9755311588887917,-0.00044204582243274296,0.012843295347830548,,2.465655454073319,11507.280669093385
sac_profit_only_seed_19,2022-02-24,11506.503178144403,0.00037428780386083993,0.0004308800344215505,0.02526497272957493,0.974735027270425,0.000374217775654038,0.012473814632779726,,2.996520337730776,11502.193089630815
sac_profit_only_seed_19,2022-02-25,11512.820502329809,0.0005490220693116221,0.00036525158394504556,0.025435134921455105,0.9745648650785449,0.0005488714118356572,0.01193164096299,,2.798882301453319,11506.498975375891
sac_profit_only_seed_19,2022-02-28,11512.080895897847,-6.424198412646742e-05,0.000535413775825222,0.02483759686012863,0.9751624031398713,-6.424404773111019e-05,0.01199511643482715,,2.081681291610752,11512.814338207114
sac_profit_only_seed_19,2022-03-01,11507.714459906238,-0.0003792916355517262,6.212428550125132e-05,0.02452979403318487,0.9754702059668151,-0.00037936358481787096,0.01236985842304771,,2.713946430917946,11512.080180718047
sac_profit_only_seed_19,2022-03-02,11512.981431092623,0.0004576904653601499,0.00036992711244501417,0.025346171625933906,0.9746538283740661,0.0004575857570272279,0.011917829523945706,,3.4535025933692824,11507.710202890657
sac_profit_only_seed_19,2022-03-03,11511.549113039391,-0.00012440896059850992,0.00044645048030402326,0.024778830227532838,0.9752211697724672,-0.0001244167000351587,0.01204075579976053,,2.7665963153178468,11512.976291116533
sac_profit_only_seed_19,2022-03-04,11509.218926456815,-0.00020242163410799652,0.0001208909180970448,0.02470241769604623,0.9752975823039538,-0.0002024421241321034,0.01224074012440366,,2.686480857622913,11511.54772139765
sac_profit_only_seed_19,2022-03-07,11500.768619670045,-0.0007342207008804724,0.0001973034495836544,0.024183448824143475,0.9758165511758565,-0.000734490372906542,0.012965973420490698,,3.0092530983827364,11509.216655648219
sac_profit_only_seed_19,2022-03-08,11498.589242754362,-0.00018949837073978237,0.0007162723214864074,0.024715604779067795,0.9752843952209322,-0.0001895163278246336,0.013153014760392264,,3.9873711217771888,11500.760381987808
sac_profit_only_seed_19,2022-03-09,11506.26337468385,0.0006673976926623304,0.00018411636656208777,0.02555024619485523,0.9744497538051448,0.0006671750818633606,0.012494395359432503,,3.5725370966346115,11498.587125675891
sac_profit_only_seed_19,2022-03-10,11504.96217196151,-0.00011308647125207738,0.0006505250492253485,0.0247900724233473,0.9752099275766527,-0.00011309286600917906,0.012606068883602904,,2.887797975700156,11506.255889571301
sac_profit_only_seed_19,2022-03-11,11501.318423308603,-0.0003167110502794168,0.00010964872228258135,0.024590905225271287,0.9754090947747287,-0.0003167612138159452,0.01291878745256628,,2.3427243509747577,11504.960910457108
sac_profit_only_seed_19,2022-03-14,11499.221917370676,-0.00018228396613018116,0.00030881592035859537,0.024722244774818915,0.9752777552251811,-0.00018230058187155475,0.013098716530882017,,2.423621841905461,11501.314871518369
sac_profit_only_seed_19,2022-03-15,11505.516341307968,0.000547378247199859,0.00017747637081096806,0.025433350787114093,0.9745666492128859,0.0005472284903736991,0.01255850823617746,,2.6072687671155883,11499.219876530504
sac_profit_only_seed_19,2022-03-16,11511.86275677275,0.000551597622959088,0.0005336296414842102,0.02543780767675331,0.9745621923232467,0.0005514455489101471,0.012013837856509337,,2.1465726436486494,11505.510201623409
sac_profit_only_seed_19,2022-03-17,11515.442721239642,0.00031098046793376355,0.0005380865311234266,0.025203388540328567,0.9747966114596714,0.00031093212353056244,0.011706593457493789,,1.4372489578755987,11511.856562394452
sac_profit_only_seed_19,2022-03-18,11517.68199187586,0.00019445805866302734,0.000303667394698684,0.025089596436238613,0.9749104035637614,0.00019443915414545532,0.011514411840268107,,1.2107138026941635,11515.439224375152
sac_profit_only_seed_19,2022-03-21,11517.595950545185,-7.470368667550353e-06,0.0001898752906087306,0.024892621881473738,0.9751073781185262,-7.470396570893333e-06,0.01152179619203419,,0.8128325495862658,11517.679804952644
sac_profit_only_seed_19,2022-03-22,11520.95165156353,0.00029135429240212396,7.099264156144869e-06,0.025183744968331177,0.9748162550316688,0.00029131185698256774,0.011233798824408775,,0.7337314506852712,11517.595868778728
sac_profit_only_seed_19,2022-03-23,11517.253967736553,-0.0003209529853790416,0.0002840238227012938,0.024586936362586506,0.9754130636374135,-0.00032100450181165024,0.011551146288517946,,0.6020379841794518,11520.9483793388
sac_profit_only_seed_19,2022-03-24,11521.573335910016,0.0003750345512534281,0.00031278478304337665,0.025265585225995202,0.9747344147740048,0.0003749642433741512,0.011180443816229207,,0.7368711703114761,11517.250365314769
sac_profit_only_seed_19,2022-03-25,11522.970146138707,0.00012123433041355547,0.00036586408036531903,0.025018279155888827,0.9749817208441112,0.00012122698212602387,0.011060564939435346,,0.320582683445726,11521.569120580183
sac_profit_only_seed_19,2022-03-28,11525.00964370083,0.00017699408540150507,0.00011855801025894425,0.025072393171681955,0.974927606828318,0.0001769784237963519,0.01088552850860939,,0.1312793310317312,11522.968779998293
sac_profit_only_seed_19,2022-03-29,11528.557703624596,0.00030785743643213515,0.0001726720260520724,0.025199988950606184,0.9748000110493938,0.0003078100580551596,0.010581022263078128,,-0.1252437434845637,11525.007653654066
sac_profit_only_seed_19,2022-03-30,11526.781719593047,-0.00015405084288988569,0.0003002678049763008,0.024749775817786403,0.9752502241822136,-0.00015406270993975158,0.010733443090569781,,-0.2838834559111311,11528.55424196988
sac_profit_only_seed_19,2022-03-31,11522.362473625377,-0.00038338940349313955,0.00014994532784348008,0.024525880916722562,0.9754741190832774,-0.00038346291600037293,0.011112717405719015,,-0.1900038492989381,11526.779991205984
sac_profit_only_seed_19,2022-04-01,11523.171283020249,7.019475361258465e-05,0.00037384022890732047,0.02496852777129907,0.9750314722287009,7.01922900761515e-05,0.011043302706566626,,0.0756146589280775,11522.358166102753
sac_profit_only_seed_19,2022-04-04,11525.628444516084,0.00021323656791039092,6.880662566918772e-05,0.025107670933322154,0.9748923290666779,0.0002132138362248708,0.010832420974623766,,-0.1289968325413248,11523.170490149716
sac_profit_only_seed_19,2022-04-05,11522.001048600594,-0.00031472434956170137,0.00020794978769227146,0.02459293956487263,0.9754070604351274,-0.0003147738856635558,0.011143736097540003,,-0.3609987514496152,11525.626047764095
sac_profit_only_seed_19,2022-04-06,11519.128753218223,-0.0002492878945467014,0.0003067815807572538,0.024656879055353756,0.9753431209446463,-0.00024931897193880423,0.011390245993577588,,0.1732569190723647,11521.9975138629
sac_profit_only_seed_19,2022-04-07,11520.571247970347,0.0001252260290711682,0.0002428420902761269,0.025022050558060453,0.9749779494419395,0.000125218188946508,0.011266446319782443,,0.4030437427015956,11519.125955888918
sac_profit_only_seed_19,2022-04-08,11519.802796466764,-6.670255207341658e-05,0.00012232941243056975,0.024834794421168663,0.9751652055788314,-6.670477678757308e-05,0.011332397371133554,,0.2787686050458334,11520.569838665635
sac_profit_only_seed_19,2022-04-11,11514.899300055044,-0.00042565801675220616,6.492672446122005e-05,0.024484548483293362,0.9755154515167066,-0.0004257486348416087,0.011753231662095664,,0.1898366938173375,11519.802048523701
sac_profit_only_seed_19,2022-04-12,11513.83216446528,-9.267433105197842e-05,0.0004151726623365208,0.02480975087662285,0.9751902491233772,-9.267862558312696e-05,0.011844816770265615,,0.8867250240579007,11514.894519383644
sac_profit_only_seed_19,2022-04-13,11517.114768545462,0.0002851009145601324,8.997026900703364e-05,0.025177731595919645,0.9748222684040804,0.00028506028101731425,0.011563092823799472,,0.8559490190300765,11513.831128562704
sac_profit_only_seed_19,2022-04-14,11513.540740200984,-0.0003103232377469345,0.0002780104502897625,0.02459730211038137,0.9754026978896186,-0.00031037139796662524,0.011869827765142907,,0.317097676555998,11517.1115666672
sac_profit_only_seed_19,2022-04-18,11513.655125290323,9.934831683766632e-06,0.00030241903524851413,0.024909703392488942,0.975090296607511,9.934782333653196e-06,0.011860010858200057,,0.5051039642452173,11513.5372582871
sac_profit_only_seed_19,2022-04-19,11518.282902140536,0.00040193811607647234,9.98224685905963e-06,0.02529150337617827,0.9747084966238218,0.0004018573605903088,0.011462839732544595,,0.3846935997359747,11513.655010358176
sac_profit_only_seed_19,2022-04-20,11518.065713018786,-1.8856032934277955e-05,0.0003917822305483862,0.024881716310119994,0.97511828368988,-1.885621071150175e-05,0.011481479621795389,,0.2065783671397651,11518.278389481968
sac_profit_only_seed_19,2022-04-21,11513.776877534106,-0.0003723572682722276,1.800483550988899e-05,0.024536517784613028,0.9754634822153869,-0.00037242661045375626,0.01184956167767995,,-0.0267046520401094,11518.065505637907
sac_profit_only_seed_19,2022-04-22,11505.906176453163,-0.0006835898562791431,0.00036320336101685474,0.024233050916842885,0.9757669490831571,-0.0006838236103589629,0.012525051293794822,,0.4889192289287737,11513.772695691647
sac_profit_only_seed_19,2022-04-25,11507.559475872873,0.0001436913698369402,0.0006666702287869974,0.025040464487149215,0.9749595355128508,0.00014368104722089277,0.012383159665735591,,1.6876927513864766,11505.89850580806
sac_profit_only_seed_19,2022-04-26,11499.259566626572,-0.0007212571235197807,0.00014074334151933238,0.024196052836451144,0.9758039471635489,-0.0007215173545754202,0.013095485347134828,,1.414485241765549,11507.557856260499
sac_profit_only_seed_19,2022-04-27,11500.056567591839,6.930889425094122e-05,0.0007036683091787392,0.024967985683565955,0.975032014316434,6.930649250050455e-05,0.013027084086492996,,2.7776511131524044,11499.251474962035
sac_profit_only_seed_19,2022-04-28,11507.288778845765,0.0006288848416891035,6.82645379360726e-05,0.025512628047038695,0.9744873719529613,0.0006286871764851424,0.01240639178051728,,2.329425508122001,11500.05578254579
sac_profit_only_seed_19,2022-04-29,11496.692892859406,-0.0009207977821706903,0.000612906901408812,0.024001621649132783,0.9759983783508672,-0.0009212219768668635,0.013315765784651705,,1.962649781419904,11507.281725949055
sac_profit_only_seed_19,2022-05-02,11498.405718986956,0.00014898424647080688,0.0008980994964970998,0.02504584969212674,0.9749541503078732,0.00014897314942013544,0.013168765377512395,,2.635011256326345,11496.682567685308
sac_profit_only_seed_19,2022-05-03,11499.716482384403,0.00011399522938049245,0.00014612854649685703,0.02501100772943376,0.9749889922705662,0.00011398873241807548,0.013056271324561688,,2.3763922781649285,11498.40403874164
sac_profit_only_seed_19,2022-05-04,11508.435086570058,0.0007581581858135955,0.00011128658380387887,0.025638549770641242,0.9743614502293587,0.0007578709290777651,0.012308011857729048,,1.72093071753001,11499.715202620242
sac_profit_only_seed_19,2022-05-05,11498.241555212593,-0.0008857443501906204,0.000738828625011359,0.024035986967094858,0.9759640130329051,-0.0008861368535064129,0.013182854455954608,,0.9288607664182716,11508.426583808787
sac_profit_only_seed_19,2022-05-06,11496.52270381645,-0.0001494881967724071,0.000863734178535025,0.024754775723079978,0.9752452242769201,-0.00014949937124654277,0.013330371971586123,,2.085069107058948,11498.23162378837
sac_profit_only_seed_19,2022-05-09,11487.355768926485,-0.0007973658754156787,0.00014494542254990528,0.02412173045125409,0.9758782695487459,-0.0007976839406728117,0.014117108663285074,,1.8588647966015772,11496.521037448108
sac_profit_only_seed_19,2022-05-10,11488.007716158912,5.675346402966852e-05,0.0007779906943757922,0.024955816899545756,0.9750441831004543,5.675185361275971e-05,0.014061156394074186,,2.727116275298084,11487.346831870595
sac_profit_only_seed_19,2022-05-11,11483.462872719163,-0.00039561632896156773,5.6095753915873237e-05,0.02451385759800515,0.9754861424019948,-0.0003956946057471687,0.014451209899962219,,2.3420846911819413,11488.007071730459
sac_profit_only_seed_19,2022-05-12,11483.159945523166,-2.6379429215239725e-05,0.00038586354762473393,0.024874374143859575,0.9751256258561404,-2.6379777158501628e-05,0.01447720811450883,,2.238250561131708,11483.45844166944
sac_profit_only_seed_19,2022-05-13,11489.995564946328,0.0005952733790690612,2.5347001770308075e-05,0.025479851763110396,0.9745201482368896,0.0005950962741515567,0.013890552632033593,,2.060078956372082,11483.15965445949
sac_profit_only_seed_19,2022-05-16,11488.828040061553,-0.0001016123007337999,0.0005801306174805128,0.02480119463687091,0.9751988053631291,-0.00010161746361337446,0.013990753481755961,,1.4839876916571286,11489.988899248106
sac_profit_only_seed_19,2022-05-17,11494.71145315895,0.0005120986298063901,9.852650875897401e-05,0.0253989091021129,0.974601090897887,0.0005119675520509821,0.013485819497637486,,1.2043219997061985,11488.826908107436
sac_profit_only_seed_19,2022-05-18,11483.167939469997,-0.0010042456251289078,0.000499187956483016,0.023919983817918804,0.9760800161820812,-0.0010047502176181895,0.014476522047534584,,0.9351460084910984,11494.70571513743
sac_profit_only_seed_19,2022-05-19,11481.405492025886,-0.00015348094301159687,0.0009797373277110784,0.02475099435071318,0.9752490056492868,-0.0001534927224168223,0.014627781120290837,,1.8503752790209056,11483.156688981726
sac_profit_only_seed_19,2022-05-20,11481.528583071817,1.072090398834824e-05,0.0001487267949167037,0.024910320012008328,0.9750896799879917,1.072084651986782e-05,0.014617217039339488,,1.5291664185750724,11481.403784433245
sac_profit_only_seed_19,2022-05-23,11486.877427333957,0.00046586516973246006,1.0598866378445232e-05,0.025353785204871988,0.974646214795128,0.00046575668824479856,0.014158161521904139,,1.530332507264872,11481.528461380629
sac_profit_only_seed_19,2022-05-24,11484.688799372723,-0.00019053289069015378,0.00045406405924210483,0.024714339907554478,0.9752856600924455,-0.00019055104438732537,0.01434599681715268,,1.3390121135349409,11486.872211555765
sac_profit_only_seed_19,2022-05-25,11487.213148029281,0.0002198012241041436,0.00018538123807540496,0.025114183006863734,0.9748858169931363,0.0002197770713542226,0.014129348860709897,,1.5079009564998824,11484.686670326895
sac_profit_only_seed_19,2022-05-26,11492.925926597029,0.0004973163198183084,0.00021446186123385072,0.025384622400276922,0.974615377599723,0.0004971926990413847,0.013639059296668324,,1.2939275980678984,11487.21068446017
sac_profit_only_seed_19,2022-05-27,11499.9455938602,0.0006107815631986035,0.00048490125464703895,0.025495403413825588,0.9745045965861744,0.0006105951120563823,0.01303660821942757,,1.1217416198572123,11492.920353662827
sac_profit_only_seed_19,2022-05-31,11498.332064954493,-0.00014030752515636902,0.0005956822681957054,0.024763468971465065,0.9752365310285349,-0.00014031736917798106,0.013175086610348238,,0.78193854880351,11499.938743546525
sac_profit_only_seed_19,2022-06-01,11496.014710101044,-0.0002015383483758848,0.00013625217416481789,0.024703294317923223,0.9752967056820768,-0.00020155865995790547,0.013373969673528989,,0.8633653914719718,11498.33049828175
sac_profit_only_seed_19,2022-06-02,11501.463600184943,0.00047398078562932433,0.0001964268277066597,0.025361872426895644,0.9746381275731043,0.0004738684922186296,0.012906327892552612,,0.7636332585931843,11496.012451975344
sac_profit_only_seed_19,2022-06-03,11496.758301678889,-0.00040910432529461804,0.0004621512812657616,0.02450109096646737,0.9754989090335326,-0.00040918803129954304,0.01331015218328274,,0.5771355736797558,11501.458284768803
sac_profit_only_seed_19,2022-06-06,11497.625332804662,7.541526950660682e-05,0.00039863017916251173,0.02497364172561403,0.975026358274386,7.541242591813521e-05,0.013235740702490178,,0.5847433241716076,11496.753718724067
sac_profit_only_seed_19,2022-06-07,11500.370617880106,0.0002387697455761284,7.392057998414567e-05,0.025132562075731807,0.9748674379242682,0.00023874124461711473,0.013000131251354092,,0.631541481906686,11497.624482893529
sac_profit_only_seed_19,2022-06-08,11497.25463421073,-0.00027094636972224695,0.00023284093010192408,0.024635676766349104,0.9753643232336509,-0.00027098308232145985,0.013267555282707875,,0.4296956319911874,11500.367940123115
sac_profit_only_seed_19,2022-06-09,11490.443072597915,-0.0005924511398179844,0.0002640443792807784,0.024321937034878623,0.9756780629651214,-0.0005926267083417928,0.013852146044276054,,0.4141778337631167,11497.251598425268
sac_profit_only_seed_19,2022-06-10,11482.140526347208,-0.000722561018600465,0.0005777841107512602,0.0241952060371965,0.9758047939628035,-0.0007228221916298105,0.014564698042120936,,0.8081842687611117,11490.436433602481
sac_profit_only_seed_19,2022-06-13,11471.277268455427,-0.0009461004127978567,0.0007045151084333831,0.023976992348068864,0.9760230076519312,-0.0009465482482805762,0.015497018788088896,,1.111947474026112,11482.13243700573
sac_profit_only_seed_19,2022-06-14,11470.405977415676,-7.595414349781393e-05,0.0009227287975610184,0.024826552434766076,0.9751734475652339,-7.595702815984012e-05,0.015571795868797908,,2.2610663702361435,11471.266683577547
sac_profit_only_seed_19,2022-06-15,11474.47688931436,0.0003549056508287407,7.316871086380725e-05,0.02524573828811099,0.9747542617118891,0.00035484268671535154,0.015222416736316663,,1.9884957765763485,11470.405138140857
sac_profit_only_seed_19,2022-06-16,11465.017010787831,-0.0008244278687193907,0.0003460171424811073,0.024095495676468806,0.9759045043235312,-0.0008247678962730573,0.016034294820449428,,1.4060008819590597,11474.472918948655
sac_profit_only_seed_19,2022-06-17,11464.39268577254,-5.445478316379315e-05,0.0008042254691610767,0.024847403622921725,0.9751525963770783,-5.445626587932541e-05,0.016087876459565543,,1.9976200330633085,11465.007790329148
sac_profit_only_seed_19,2022-06-21,11471.578153077498,0.000626763885528403,5.231752270815765e-05,0.02551054695645701,0.974489453043543,0.0006265675510769141,0.015471195873996823,,1.646668201598336,11464.392085983915
sac_profit_only_seed_19,2022-06-22,11471.053289617272,-4.5753378761226315e-05,0.0006108258108271265,0.024855700615571744,0.9751442993844283,-4.575442547898772e-05,0.015516241393273332,,1.4613449837240462,11471.571145941472
sac_profit_only_seed_19,2022-06-23,11473.852652586935,0.00024403713407883387,4.4020530058138524e-05,0.0251376666800059,0.9748623333199941,0.00024400736186101516,0.015275990798275857,,1.2251902060221345,11471.052784655425
sac_profit_only_seed_19,2022-06-24,11482.933292162295,0.000791420270968235,0.00023794553437601548,0.0256710568425926,0.9743289431574074,0.0007911072630818889,0.014496660256084438,,1.2332999117826624,11473.849922434934
sac_profit_only_seed_19,2022-06-27,11481.832298914753,-9.588083632727784e-05,0.0007713356969627182,0.024806970952077276,0.9751930290479227,-9.588543318850153e-05,0.014591151140502391,,0.8948603384590061,11482.924434965942
sac_profit_only_seed_19,2022-06-28,11475.989595681955,-0.0005088650557412144,9.275019355260705e-05,0.024403364550090373,0.9755966354499096,-0.0005089945715029189,0.015092591269305133,,0.8369780813194766,11481.831233972585
sac_profit_only_seed_19,2022-06-29,11475.75118852688,-2.0774431092607237e-05,0.00049635659553951,0.02487994757874865,0.9751200524212513,-2.0774646884089482e-05,0.015113052160400414,,1.0857298341303832,11475.983899498828
sac_profit_only_seed_19,2022-06-30,11473.42949968517,-0.00020231258098657445,1.9773566881233634e-05,0.024702425457304972,0.9752975745426951,-0.0002023330489374497,0.015312307180797784,,1.0410010570893526,11475.750961610345
sac_profit_only_seed_19,2022-07-01,11476.448789144999,0.0002631549232869901,0.00019729568832491107,0.025156448408746472,0.9748435515912536,0.0002631203041035042,0.015053181766532208,,1.132552366241277,11473.427236026999
sac_profit_only_seed_19,2022-07-05,11476.985523267811,4.67683107094885e-05,0.0002567272631165893,0.02494557312885034,0.9750544268711496,4.6767217106142385e-05,0.01500711746770476,,0.7587429282238657,11476.44584282771
sac_profit_only_seed_19,2022-07-06,11477.95015190202,8.404895451441519e-05,4.585198322045597e-05,0.02498171512338776,0.9750182848766122,8.404542259893885e-05,0.01492432984572371,,0.9054324393983412,11476.984997025264
sac_profit_only_seed_19,2022-07-07,11482.22964445444,0.000372844671372885,8.199397775787709e-05,0.025263226509967474,0.9747367734900325,0.00037277518207034035,0.014557049631207528,,0.7503615822287254,11477.94921077923
sac_profit_only_seed_19,2022-07-08,11481.99029047134,-2.0845601465313557e-05,0.0003635053643375914,0.02487974863167135,0.9751202513683287,-2.084581873788324e-05,0.01457759178221767,,0.6249605595354227,11482.22547060237
sac_profit_only_seed_19,2022-07-11,11478.724078870819,-0.00028446388804492795,1.997251395853203e-05,0.02462228088254123,0.9753777191174587,-0.0002845043555712773,0.01485790887182587,,0.3558884717944307,11481.99006114713
sac_profit_only_seed_19,2022-07-12,11476.191720075205,-0.000220613264872771,0.0002774402630886519,0.02468482421249726,0.9753151757875027,-0.00022063760355878038,0.015075244284913266,,0.6318556944192438,11478.72089421059
sac_profit_only_seed_19,2022-07-13,11474.688563687943,-0.0001309804178882823,0.0002148969331326224,0.02477219494624697,0.9752278050537531,-0.00013098899657231866,0.01520425014100536,,0.8318379949970478,11476.1892538768
sac_profit_only_seed_19,2022-07-14,11473.993242130548,-6.059611583675295e-05,0.0001275261993829123,0.024840754633871014,0.975159245366129,-6.059795185555098e-05,0.015263924938339349,,0.7386076448685983,11474.687100364521
sac_profit_only_seed_19,2022-07-15,11479.45087219177,0.00047565219414491544,5.8966511758868495e-05,0.025363366697016467,0.9746366333029836,0.00047553910749853793,0.014795533063582687,,0.6547746047027228,11473.99256554919
sac_profit_only_seed_19,2022-07-18,11477.085429386736,-0.0002060588813324049,0.00046364555138658434,0.024699203855520237,0.9753007961444797,-0.00020608011438058175,0.014998543193923285,,0.247388694949008,11479.44554979544
sac_profit_only_seed_19,2022-07-19,11484.804566300481,0.0006725694394484893,0.0002005172901096454,0.025555298396826315,0.9744447016031736,0.0006723433659841055,0.014336061316263249,,0.4417388130979574,11477.083128032667
sac_profit_only_seed_19,2022-07-20,11486.619558930586,0.00015803426341531868,0.0006555772511964326,0.025054435203393028,0.974945564796607,0.00015802177731658235,0.014180292641738267,,0.29130534080969,11484.797037123873
sac_profit_only_seed_19,2022-07-21,11489.53031366455,0.0002534039470039051,0.0001547140577631452,0.025146903629719976,0.9748530963702801,0.00025337184564668577,0.013930482036859515,,0.1729648417697721,11486.617781789064
sac_profit_only_seed_19,2022-07-22,11486.873139840924,-0.00023126914252247222,0.00024718248409009297,0.024674399458021513,0.9753256005419785,-0.00023129588935450452,0.014158529488746394,,0.0257702530926703,11489.527473653907
sac_profit_only_seed_19,2022-07-25,11487.21804883509,3.0026360521961948e-05,0.0002253216876083701,0.024929218683684386,0.9750707813163156,3.0025909739822393e-05,0.014128928257335402,,0.0069057628723514,11486.870551599282
sac_profit_only_seed_19,2022-07-26,11483.833703763477,-0.0002946183364174182,2.9497538054503586e-05,0.024612382831555056,0.9753876171684449,-0.0002946617449256659,0.014419383952414305,,0.0641696281753185,11487.217709990438
sac_profit_only_seed_19,2022-07-27,11491.255335634682,0.0006462677937222328,0.00028733831407482674,0.025529770054854756,0.9744702299451452,0.0006460590526218899,0.013782434942145833,,0.3086476332459689,11483.830404018061
sac_profit_only_seed_19,2022-07-28,11494.8368344912,0.00031167168006551726,0.0006300489092248736,0.02520415176623661,0.9747958482337634,0.00031162312053693104,0.013475058856734222,,0.0336110239375911,11491.248095581792
sac_profit_only_seed_19,2022-07-29,11499.006030691455,0.000362701642510066,0.0003044306206067271,0.025253560130784333,0.9747464398692157,0.000362635882169768,0.013117244640204419,,-0.1405821009893909,11494.833335110889
sac_profit_only_seed_19,2022-08-01,11498.154093918896,-7.408786205387319e-05,0.00035383898515444975,0.024827817752005807,0.9751721822479942,-7.409060669508895e-05,0.013190360673646857,,-0.3320774923526572,11499.00196189483
sac_profit_only_seed_19,2022-08-02,11496.264441860003,-0.00016434394977304922,7.190339362407594e-05,0.02473951309817389,0.9752604869018261,-0.00016435745571973009,0.013352536867447824,,-0.050933534019929,11498.153267162597
sac_profit_only_seed_19,2022-08-03,11500.745189777532,0.0003897568588639988,0.00016020804745599249,0.02527978125527083,0.9747202187447291,0.0003896809233897569,0.012967984251411185,,0.151685938430985,11496.262600065924
sac_profit_only_seed_19,2022-08-04,11500.547352968595,-1.7202086097234393e-05,0.00038006010964094714,0.024883317701225097,0.9751166822987749,-1.720223405481423e-05,0.012984963261126801,,-0.2258746170516185,11500.740818803053
sac_profit_only_seed_19,2022-08-05,11500.063170353033,-4.2100832308378244e-05,1.6403444404785444e-05,0.024858682879564015,0.975141317120436,-4.2101718573293853e-05,0.013026517415674448,,-0.3255979134808168,11500.547164320005
sac_profit_only_seed_19,2022-08-08,11499.73026714427,-2.8947946096535837e-05,4.103826606586744e-05,0.02487153319576041,0.9751284668042396,-2.8948365096413586e-05,0.013055088270847016,,-0.3843515708456047,11500.06269841038
sac_profit_only_seed_19,2022-08-09,11498.592885967242,-9.890503086651403e-05,2.8187949869473705e-05,0.02480329677167383,0.9751967032283262,-9.89099222916064e-05,0.013152702087805107,,-0.3628127454268405,11499.72994299045
sac_profit_only_seed_19,2022-08-10,11504.60546084188,0.0005228965782391182,9.642437395605136e-05,0.025409425245786887,0.9745905747542131,0.0005227599154616082,0.012636683012482233,,-0.2758938046126559,11498.591777222622
sac_profit_only_seed_19,2022-08-11,11504.599596897306,-5.097041001489444e-07,0.0005097041001570039,0.024899721145629883,0.9751002788543701,-5.097042300481234e-07,0.01263718627561326,,-0.6677997799058171,11504.599596897306
sac_profit_only_seed_19,2022-08-12,11509.449104246627,0.00042152769494285813,0.0,0.025310579730241468,0.9746894202697586,0.0004214388771026326,0.012220985504671664,,-0.5844353283642059,11504.599596897306
sac_profit_only_seed_19,2022-08-15,11510.625312712202,0.00010219502731367847,0.0004108585846115849,0.024999761949908668,0.9750002380500913,0.00010218980575761633,0.012120039401305361,,-0.7186028044930198,11509.444375490659
sac_profit_only_seed_19,2022-08-16,11511.185559361302,4.867212978276747e-05,0.00010004080427878509,0.024947276588144957,0.975052723411855,4.8670945333091646e-05,0.012071957179653403,,-0.643424960724028,11510.624161179987
sac_profit_only_seed_19,2022-08-17,11509.1505404993,-0.00017678620950967172,4.75554425150744e-05,0.024727352762411562,0.9752726472375884,-0.00017680183803357358,0.012246609233611871,,-0.6984959953479226,11511.18501194178
sac_profit_only_seed_19,2022-08-18,11509.981460572364,7.219647272305174e-05,0.0001723683832183208,0.024970282928461297,0.9750297170715387,7.219386668314542e-05,0.012175296922878215,,-0.6601223094973319,11509.14855668563
sac_profit_only_seed_19,2022-08-19,11506.129371285693,-0.0003346738046334785,7.056178283141451e-05,0.024573340199067442,0.9754266598009326,-0.0003347298204095897,0.012505895974568,,-0.7240709405322424,11509.980648407553
sac_profit_only_seed_19,2022-08-22,11500.159985124468,-0.0005188005426153275,0.00032638094656244065,0.024393894422829684,0.9756061055771703,-0.0005189351661807025,0.013018208451565814,,-0.5210626534907583,11506.125615904297
sac_profit_only_seed_19,2022-08-23,11499.461412193272,-6.074462721383789e-05,0.000505826722800199,0.024840978706185526,0.9751590212938145,-6.074647224342303e-05,0.013078162292560314,,0.0963959823881194,11500.154168036232
sac_profit_only_seed_19,2022-08-24,11500.37734183844,7.964978639751763e-05,5.874243944435642e-05,0.024977438764134344,0.9750225612358656,7.964661452170608e-05,0.012999554178995763,,0.1517433401755043,11499.460736686857
sac_profit_only_seed_19,2022-08-25,11504.419088108107,0.00035144466564251964,7.77176185044609e-05,0.025242370297354672,0.9747576297026453,0.0003513829234315722,0.012652678137325119,,-0.1044849307339439,11500.376448056502
sac_profit_only_seed_19,2022-08-26,11494.718860092427,-0.0008431740830535661,0.0003426491517247894,0.024077182436082662,0.9759228175639173,-0.0008435297542632843,0.013485183810092064,,-0.3127380609585847,11504.415146128666
sac_profit_only_seed_19,2022-08-29,11492.816892680426,-0.00016546445677800836,0.0008225387095472207,0.02473915219695628,0.9752608478030437,-0.00016547814753147967,0.013648416948256364,,0.4241684437972159,11494.70940524121
sac_profit_only_seed_19,2022-08-30,11489.673537963701,-0.0002735060295554481,0.0001605689486736013,0.024633108990736792,0.9753668910092632,-0.0002735434391508718,0.01391819005348262,,0.5459400559912172,11492.8150472909
sac_profit_only_seed_19,2022-08-31,11487.493605362597,-0.00018972972503539243,0.0002666121548930908,0.024714940553056373,0.9752850594469437,-0.0001897477259965877,0.014105279084146164,,0.5399917172246588,11489.670474677081
sac_profit_only_seed_19,2022-09-01,11488.389022443791,7.794712336339771e-05,0.00018478059257351007,0.0249759016489138,0.9750240983510862,7.794408564423068e-05,0.01402843142671157,,0.4669696717099568,11487.491482696722
sac_profit_only_seed_19,2022-09-02,11485.371832186987,-0.00026262953412437007,7.618050328391662e-05,0.02464363804231376,0.9753563619576863,-0.0002626640272998839,0.014287376680425816,,0.3996118687200717,11488.388147252534
sac_profit_only_seed_19,2022-09-06,11484.289836063881,-9.42064513813623e-05,0.0002560831033161237,0.02480810148416028,0.9751918985158398,-9.421088908781247e-05,0.014380237168750616,,0.3759336506142725,11485.368890977326
sac_profit_only_seed_19,2022-09-07,11489.42596536428,0.0004472309018421772,9.161966146960243e-05,0.025335710473185613,0.9746642895268144,0.00044713092391009904,0.01393943755334617,,0.6577104995912809,11484.288783877135
sac_profit_only_seed_19,2022-09-08,11491.290880505192,0.00016231578031256078,0.0004359893275557303,0.025058394686370423,0.9749416053136296,0.00016230260853159753,0.013779384363717177,,0.1975666777226014,11489.42095609718
sac_profit_only_seed_19,2022-09-09,11495.734154955515,0.0003866645180707895,0.00015867354074054069,0.02527676675747784,0.9747232332425222,0.00038658978261043523,0.013398047844660603,,-0.0141139881706934,11491.28905714138
sac_profit_only_seed_19,2022-09-12,11498.806233288791,0.0002672363758475793,0.0003770456118479572,0.025160601350839543,0.9748393986491605,0.00026720067456760337,0.013134391914562572,,-0.1829840502824177,11495.729820539396
sac_profit_only_seed_19,2022-09-13,11486.353460331538,-0.0010829622401326011,0.0002608802052096598,0.023842834178971675,0.9761571658210283,-0.0010835490674521873,0.01420313010420457,,0.0328623200643394,11498.803233477862
sac_profit_only_seed_19,2022-09-14,11487.432671450066,9.395593843208871e-05,0.0010568869666582083,0.024992359474249843,0.9750076405257502,9.395152484935809e-05,0.014110508634190158,,0.7141363742818002,11486.341320554271
sac_profit_only_seed_19,2022-09-15,11484.184180151306,-0.0002827865365282456,9.263832861996016e-05,0.0246239882731209,0.975376011726879,-0.00028282652818044466,0.01438930490885304,,0.4847760263624702,11487.431607273504
sac_profit_only_seed_19,2022-09-16,11480.83859442039,-0.00029132114901975203,0.0002757328725089825,0.024615839978597526,0.9753841600214025,-0.0002913635912687684,0.014676434149033168,,0.5015738728030542,11484.181013584213
sac_profit_only_seed_19,2022-09-19,11483.052233537643,0.00019281162251760797,0.0002838811670323564,0.02508797232810221,0.9749120276718978,0.00019279303674571587,0.014486452313596564,,0.5023565770344456,11480.835335226531
sac_profit_only_seed_19,2022-09-20,11479.768069630816,-0.00028600095514974555,0.00018825118247232583,0.024620945368152628,0.9753790546318474,-0.00028604186122255536,0.014768310129547917,,0.3888168052920775,11483.050071839481
sac_profit_only_seed_19,2022-09-21,11474.778687700586,-0.00043462393142157385,0.00027877577747725465,0.024476006906894106,0.9755239930931059,-0.00043471840777790466,0.015196515399960517,,0.6718287861658783,11479.764869349547
sac_profit_only_seed_19,2022-09-22,11472.373836324407,-0.00020957714668223826,0.0004237142387357763,0.02469573282404032,0.9753042671759596,-0.00020959911104131607,0.015402907704305772,,0.8363724335067033,11474.77382567347
sac_profit_only_seed_19,2022-09-23,11467.585333269015,-0.00041739426588682793,0.0002039883215895627,0.02449274892176806,0.9755072510782319,-0.0004174813991202104,0.015813872884838816,,0.7011433702337387,11472.371496094123
sac_profit_only_seed_19,2022-09-26,11464.755912510618,-0.00024673204307346097,0.0004069722238618234,0.024659470222754498,0.9753405297772455,-0.0002467624864316715,0.0160567031387465,,1.2125229680918972,11467.58066628031
sac_profit_only_seed_19,2022-09-27,11464.024426444614,-6.38030213278018e-05,0.00024025092287538463,0.024837737115714874,0.9751622628842851,-6.380505682714821e-05,0.016119481693901528,,1.671057336516146,11464.75315809243
sac_profit_only_seed_19,2022-09-28,11469.640350883505,0.0004898737328173919,6.198402991500901e-05,0.025377223683797565,0.9746227763162024,0.0004897537838519726,0.015637504471752713,,1.72230389691595,11464.02371585818
sac_profit_only_seed_19,2022-09-29,11463.6691781689,-0.0005206067960225047,0.00047750253816768173,0.02439227874855247,0.9756077212514476,-0.0005207423587925118,0.016149970276674412,,1.225634194928241,11469.634874101126
sac_profit_only_seed_19,2022-09-30,11459.249418433837,-0.00038554494781473103,0.0005074423970774129,0.024524126157977697,0.9754758738420223,-0.0003856192893767469,0.016529288685041662,,1.544554640243038,11463.663361017134
sac_profit_only_seed_19,2022-10-03,11466.778231592232,0.0006570075302039236,0.00037559498765218566,0.025540314739503096,0.9744596852604969,0.0006567917952443748,0.015883141021972826,,1.4873554313287944,11459.245114397194
sac_profit_only_seed_19,2022-10-04,11475.618176127435,0.0007709178948667184,0.0006405935938732128,0.025651488491980266,0.9743485115080197,0.000770620890300693,0.015124467724746652,,1.1752781306362612,11466.770886047554
sac_profit_only_seed_19,2022-10-05,11474.944279045314,-5.872425099695544e-05,0.0007517673463503828,0.024843188840839033,0.975156811159161,-5.872597533329025e-05,0.015182303802704791,,0.964158015067476,11475.60954913241
sac_profit_only_seed_19,2022-10-06,11471.99617073056,-0.00025691700482921576,5.653230479085031e-05,0.024649192062062755,0.9753508079379373,-0.0002569500136567081,0.015435320215514636,,0.8546461573225558,11474.943630340267
sac_profit_only_seed_19,2022-10-07,11464.025420034062,-0.0006948006761746672,0.00025052908356712825,0.024221994218395628,0.9757780057816043,-0.0006950421620273083,0.016119396420766603,,1.2347919559628366,11471.993296661873
sac_profit_only_seed_19,2022-10-10,11461.838140671145,-0.00019079505520769313,0.0006777269272342547,0.024714302308811345,0.9752856976911887,-0.00019081325889972543,0.016307115974844234,,1.388676280273794,11464.01765055534
sac_profit_only_seed_19,2022-10-11,11460.028605457552,-0.00015787478337980776,0.00018541883681853777,0.02474593392316706,0.975254066076833,-0.00015788724691522395,0.016462416275822,,1.5888020029971168,11461.83601543045
sac_profit_only_seed_19,2022-10-12,11459.085621334647,-8.228462208692555e-05,0.00015378722246282145,0.02481962875527896,0.975180371244721,-8.22880076521628e-05,0.016543346294206982,,1.8012870788684383,11460.026843051583
sac_profit_only_seed_19,2022-10-13,11466.6148181784,0.0006570504045919634,8.009239035092208e-05,0.02554006853596921,0.9744599314640308,0.0006568346414811959,0.015897165701990897,,1.770574000229859,11459.084703549088
sac_profit_only_seed_19,2022-10-14,11460.100940088056,-0.0005680733323332188,0.0006403473903393263,0.02434610258784193,0.975653897412158,-0.0005682347471218589,0.016456208278429085,,1.4403821838964752,11466.607475561525
sac_profit_only_seed_19,2022-10-17,11467.427303107042,0.0006392930618401849,0.0005536185577879535,0.025523237212614406,0.9744767627873856,0.0006390888010810809,0.015827435556365472,,1.44466259855168,11460.094595563502
sac_profit_only_seed_19,2022-10-18,11470.77508880723,0.00029193868962051894,0.0006235160669845231,0.02518491537474825,0.9748150846252518,0.0002918960838132576,0.015540117507541373,,1.3088618186108631,11467.420152981873
sac_profit_only_seed_19,2022-10-19,11468.747784303441,-0.00017673648799609865,0.00028519422911836567,0.024727633025623478,0.9752723669743765,-0.0001767521077296049,0.015714107489746096,,1.131349809748192,11470.771817408371
sac_profit_only_seed_19,2022-10-20,11466.351222219144,-0.0002089645817808794,0.00017208812000640492,0.02469608497409106,0.975303915025909,-0.0002089864179211384,0.01591978837962732,,1.1745698471454054,11468.745810668197
sac_profit_only_seed_19,2022-10-21,11473.287176603015,0.0006048963832916421,0.00020363617153882144,0.025489397650158202,0.9745106023498418,0.0006047135072180498,0.01532452181874938,,1.0149045435710684,11466.348887255279
sac_profit_only_seed_19,2022-10-24,11476.776142528233,0.0003040947089978374,0.0005896765045283192,0.025196728656483286,0.9748032713435167,0.00030404848157325655,0.015025087215754478,,0.951683440069362,11473.280411075137
sac_profit_only_seed_19,2022-10-25,11481.336051920234,0.000397316226732336,0.00029700751085340316,0.025287279937819644,0.9747127200621803,0.00039723731754089987,0.014633740699981038,,0.977075355560386,11476.772733839518
sac_profit_only_seed_19,2022-10-26,11479.17774007194,-0.00018798438078404534,0.00038755879218976136,0.024716761038550927,0.9752832389614491,-0.00018800205206240562,0.014818974166081066,,0.6941810993608485,11481.331602227501
sac_profit_only_seed_19,2022-10-27,11477.64932338549,-0.0001331468787275636,0.00018296010707895619,0.024770050726293822,0.9752299492737062,-0.00013315574356011296,0.014950147944652464,,0.451286305536192,11479.175639840352
sac_profit_only_seed_19,2022-10-28,11484.446975369332,0.0005922512347533715,0.0001296704193360608,0.025477010031396317,0.9745229899686036,0.0005920759232064096,0.014366750953479062,,0.4674180445892433,11477.64783507389
sac_profit_only_seed_19,2022-10-31,11482.374783004272,-0.00018043466694606103,0.0005772888857664346,0.024724310515970727,0.9752756894840293,-0.00018045094723896125,0.014544593360501687,,0.1281873335430924,11484.440345525734
sac_profit_only_seed_19,2022-11-01,11481.121674842021,-0.00010913318768390745,0.00017541062965915552,0.02479346479074626,0.9752065352092537,-0.00010913914314353061,0.014652139250348634,,0.147880197791159,11482.372768873682
sac_profit_only_seed_19,2022-11-02,11473.946033628132,-0.0006249947885852425,0.0001062563548836215,0.024290011097996844,0.9757099889020031,-0.0006251901792444593,0.015267976528260783,,0.1266596369249917,11481.120454899881
sac_profit_only_seed_19,2022-11-03,11470.99724561137,-0.0002569985956112353,0.0006097100476330393,0.02464965200440355,0.9753503479955965,-0.0002570316254095041,0.015521051275346443,,0.1298591553747276,11473.93903784795
sac_profit_only_seed_19,2022-11-04,11475.105409307833,0.00035813483418234426,0.0002500691412263313,0.025249057255367975,0.974750942744632,0.00035807071921003006,0.015168475070288966,,0.0049088258900947,11470.99437706894
sac_profit_only_seed_19,2022-11-07,11477.834543450985,0.00023783085608419796,0.0003493361097380923,0.02513191549447499,0.974868084505525,0.00023780257880952853,0.014934251745616245,,-0.161576694434182,11475.10140063915
sac_profit_only_seed_19,2022-11-08,11479.373859832287,0.0001341120901747761,0.00023219434884510712,0.025030702728717512,0.9749692972712825,0.00013410309795237877,0.01480214251915828,,-0.2120219917942902,11477.831878362667
sac_profit_only_seed_19,2022-11-09,11473.483597981507,-0.0005131169977302674,0.00013098158308762903,0.024399251538774317,0.9756007484612257,-0.0005132486873069809,0.015307664285959102,,0.0349727644108438,11479.372356245725
sac_profit_only_seed_19,2022-11-10,11489.177509963973,0.0013678419329614666,0.0005004696068555657,0.026232169625039024,0.973767830374961,0.0013669072893840546,0.013960760818103593,,0.1466916431499088,11473.477855851681
sac_profit_only_seed_19,2022-11-11,11491.930996940617,0.00023965919007307157,0.0013324484794091408,0.025134655855321764,0.9748653441446782,0.00023963047639695095,0.013724447452660956,,-0.4112346948645904,11489.162201226869
sac_profit_only_seed_19,2022-11-14,11489.49413366892,-0.00021204993941792427,0.0002349347096918808,0.024693136469205294,0.9753068635307947,-0.00021207242518512108,0.013933587123827978,,-0.6372142368483097,11491.928297087145
sac_profit_only_seed_19,2022-11-15,11491.931792358748,0.00021216414417102314,0.0002065846764245892,0.025106759976333073,0.974893240023667,0.00021214164054190644,0.013724379187244388,,-0.3832722323780335,11489.491760115492
sac_profit_only_seed_19,2022-11-16,11489.746479807316,-0.0001901605918758209,0.00020703883070318993,0.02471446215412663,0.9752855378458734,-0.00019017867469363475,0.013911929943050851,,-0.2143042485518335,11491.929413082627
sac_profit_only_seed_19,2022-11-17,11488.868951288496,-7.637492440437654e-05,0.00018525899150325167,0.02482542290711775,0.9751745770928822,-7.637784111742554e-05,0.013987242344857473,,-0.3186477857824856,11489.74435122847
sac_profit_only_seed_19,2022-11-18,11490.166969090114,0.00011298046893237768,7.429823851213407e-05,0.025009948427093885,0.9749900515729061,0.00011297408711987317,0.013875842161124332,,-0.3672624092944041,11488.86809768577
sac_profit_only_seed_19,2022-11-21,11489.125408978161,-9.064795270208315e-05,0.00011022728146400235,0.024811429780894036,0.975188570219106,-9.065206147605087e-05,0.013965232297142482,,-0.5570648419748447,11490.165702560245
sac_profit_only_seed_19,2022-11-22,11492.974119217874,0.0003349872251114938,8.829136473584645e-05,0.02522634396071271,0.9747736560392873,0.00033493112941821064,0.0136349232464462,,-0.7361085110098488,11489.1243945876
sac_profit_only_seed_19,2022-11-23,11494.773712258351,0.00015658201452550813,0.00032662281508282626,0.025052698848098524,0.9749473011519014,0.00015656975684141025,0.013480476215670431,,-0.982864703541395,11492.970365350313
sac_profit_only_seed_19,2022-11-25,11494.707923246497,-5.723384687850164e-06,0.00015297770246864087,0.024894289409137155,0.9751057105908628,-5.7234010664788e-06,0.013486122446407085,,-1.19869807487687,11494.77195381428
sac_profit_only_seed_19,2022-11-28,11490.140725372135,-0.00039733048502477164,5.431736492728101e-06,0.024512135375730694,0.9754878646242693,-0.00039740944169722463,0.013878094483859087,,-1.1691166224702634,11494.707860810273
sac_profit_only_seed_19,2022-11-29,11489.644880703227,-4.315392480913616e-05,0.00038758576989918886,0.0248580178768476,0.9751419821231524,-4.31548559665382e-05,0.01392064951442235,,-0.7731840153922894,11490.136271957095
sac_profit_only_seed_19,2022-11-30,11498.656374287972,0.0007843143698791355,4.170326878228173e-05,0.025663947577505373,0.9743360524224947,0.0007840069560926014,0.013147253309995319,,-0.8445744561098272,11489.644401547477
sac_profit_only_seed_19,2022-12-01,11498.436905681483,-1.9086456655825756e-05,0.00076422643187549,0.024881854792823822,0.9751181452071762,-1.9086638804557313e-05,0.013166088832170745,,-1.1344074759529124,11498.64758671084
sac_profit_only_seed_19,2022-12-02,11498.106382003965,-2.8745096418703042e-05,1.786635280606047e-05,0.024871708410353112,0.9751282915896469,-2.8745509566904446e-05,0.013194455468096469,,-1.2922182733203118,11498.436700246353
sac_profit_only_seed_19,2022-12-05,11492.955743124796,-0.000447955403094058,2.8012735276770895e-05,0.024462751279371968,0.9755372487206281,-0.00044805576508855614,0.013636500343572755,,-1.4561488778144311,11498.106059910555
sac_profit_only_seed_19,2022-12-06,11488.825619535477,-0.00035936130631930574,0.00043696986625791495,0.024549608107988466,0.9754503918920115,-0.0003594258920670881,0.01399096121931493,,-1.0650943966094994,11492.950721049461
sac_profit_only_seed_19,2022-12-07,11488.33493797538,-4.2709461902101786e-05,0.0003501130376414169,0.024858414768566903,0.9751415852314331,-4.271037397713935e-05,0.01403307313479183,,-0.7383383577221311,11488.82159714784
sac_profit_only_seed_19,2022-12-08,11490.575407656013,0.00019502127094384036,4.130637706297943e-05,0.02508988963226972,0.9749101103677302,0.00019500225676785242,0.013840788611605908,,-0.6239226376501441,11488.334463433885
sac_profit_only_seed_19,2022-12-09,11488.435908507958,-0.00018619599734148728,0.00019016848663983704,0.024718313032580624,0.9752816869674193,-0.0001862133339682407,0.014024407509507824,,-0.7159079530461435,11490.573222510677
sac_profit_only_seed_19,2022-12-12,11492.558003710627,0.0003588038646422653,0.0001814081130492584,0.025249642232160165,0.9747503577678398,0.00035873950992897725,0.01367063565647919,,-0.5949742747398588,11488.433824412477
sac_profit_only_seed_19,2022-12-13,11494.720179053194,0.00018813699629527392,0.0003499210865302825,0.025083480219449044,0.9749165197805509,0.00018811930075000944,0.01348507061251372,,-0.108280319511607,11492.553982222244
sac_profit_only_seed_19,2022-12-14,11492.88814080565,-0.00015938084781597084,0.0001837590738191612,0.024744463274873386,0.9752555367251267,-0.00015939355029300173,0.013642302198342617,,-0.6706728289045408,11494.718066794061
sac_profit_only_seed_19,2022-12-15,11485.886169839247,-0.0006092438106608533,0.00015525787075649708,0.024305436663815103,0.9756945633361849,-0.0006094294750850316,0.014243234520825928,,-0.99175622944707,11492.886356444307
sac_profit_only_seed_19,2022-12-16,11481.210981812368,-0.0004070376423506161,0.0005942844818147795,0.02450323672995191,0.9754967632700481,-0.0004071205046579096,0.014644474630577702,,-0.6107970769967433,11485.879343955336
sac_profit_only_seed_19,2022-12-19,11478.782273738927,-0.0002115376224065546,0.0003964844156779737,0.024693793801716483,0.9753062061982836,-0.00021155999964520887,0.014852914395639558,,-0.661907577685417,11481.206429691141
sac_profit_only_seed_19,2022-12-20,11479.171024002224,3.386685573669723e-05,0.00020592734391339934,0.02493294440074602,0.975067055599254,3.386628226768618e-05,0.014819550561412027,,-0.7090496312935853,11478.779909943782
sac_profit_only_seed_19,2022-12-21,11483.44447145776,0.00037227840290920966,3.322325511613891e-05,0.025262627214031805,0.9747373727859682,0.00037220912449794426,0.014452789157117726,,-0.9228692677723788,11479.170642626796
sac_profit_only_seed_19,2022-12-22,11479.361124206018,-0.0003555855790386975,0.00036290606840192266,0.024553220207424484,0.9754467797925755,-0.0003556488145815833,0.014803235532755301,,-1.2444585237730037,11483.440304046075
sac_profit_only_seed_19,2022-12-23,11481.001332638976,0.00014288325066269536,0.0003465009382053984,0.025039364563650857,0.9749606354363491,0.00014287304382328141,0.014662467416505778,,-0.8147481318063508,11479.357146596618
sac_profit_only_seed_19,2022-12-27,11479.872383378954,-9.833195096087266e-05,0.0001396434180209738,0.024803964383214257,0.9751960356167857,-9.833678586411546e-05,0.014759357578439674,,-1.0745964053966588,11480.999729392708
sac_profit_only_seed_19,2022-12-28,11476.318831705395,-0.00030954626975676636,9.575676241562608e-05,0.024597882431069303,0.9754021175689307,-0.00030959418909241605,0.01506433514411398,,-0.902500771192736,11479.871284103541
sac_profit_only_seed_19,2022-12-29,11481.459084715054,0.00044790085436252625,0.00030183871456057956,0.025336568052529766,0.9746634319474702,0.0004478005767167017,0.014623181618332835,,-0.7974663145748441,11476.315367708072
sac_profit_only_seed_19,2022-12-30,11480.701026500787,-6.602455390680717e-05,0.00043684690689988273,0.024835762331392654,0.9751642376686074,-6.602673362361022e-05,0.01468824068319657,,-0.9710910182648248,11481.454069075166
