baseline,date,portfolio_value,daily_returns,turnover,weight_spy,weight_cash,reward,drawdown,lambda_rrc,vix_zscore_t,nav_after_cost
ppo_variance_penalized_seed_42,2020-01-02,10000.0,0.0,0.0,0.0,1.0,0.0,0.0,,,10000.0
ppo_variance_penalized_seed_42,2020-01-03,10002.741048957727,0.00027410489577262,0.041708510369062424,-0.041379615008024624,1.0413796150080246,0.0002740673358890853,0.0,,-1.121252637682178,9999.58291489631
ppo_variance_penalized_seed_42,2020-01-06,9975.719610576816,-0.0027014033702018603,0.5284858501561599,-0.5732858932936309,1.5732858932936309,-0.0049238567961211125,0.0027014033702018403,,-0.5150265874899304,9997.454741850577
ppo_variance_penalized_seed_42,2020-01-07,9984.474589785206,0.0008776288378342656,0.19259186157823782,-0.37921768007187306,1.3792176800718732,-0.0015751901424964857,0.0018261453618679821,,-0.577966289820798,9973.798368166432
ppo_variance_penalized_seed_42,2020-01-08,9961.155281554175,-0.002335556870953326,0.04970604600997508,-0.4321976790632743,1.4321976790632742,-0.004798943510650208,0.00415743716647404,,-0.5971291346020252,9983.97830103186
ppo_variance_penalized_seed_42,2020-01-09,9939.62386548689,-0.002161538040387323,0.13299076654572667,-0.30184812423769686,1.301848124237697,-0.004359308372746748,0.0063099887482754875,,-0.7317163457422727,9959.8305398776
ppo_variance_penalized_seed_42,2020-01-10,9937.143785981263,-0.0002495144221944523,0.2883491865265772,-0.013459568895635427,1.0134595688956354,-0.0022075081995809633,0.006557928737273361,,-1.1033644571672967,9936.757783030896
ppo_variance_penalized_seed_42,2020-01-13,9929.588915250053,-0.0007602658162064735,0.08476926567381876,-0.09897124879105547,1.0989712487910555,-0.0024491318378389304,0.007313208784435757,,-1.0880230504530377,9936.30142159963
ppo_variance_penalized_seed_42,2020-01-14,9928.268960808535,-0.00013293142876147357,0.11242374889595964,0.013432265614804609,0.9865677343851954,-0.0016944707616455058,0.007445168057904691,,-1.17942901770067,9928.472593639204
ppo_variance_penalized_seed_42,2020-01-15,9926.552227435837,-0.00017291366495753024,0.06235719973379074,-0.04904091960746328,1.0490409196074633,-0.0016131476003399276,0.007616794351567104,,-1.14220809996923,9927.649861757935
ppo_variance_penalized_seed_42,2020-01-16,9922.64734746487,-0.0003933772654894918,0.0019899517949251364,-0.047460931548545054,1.047460931548545,-0.0017059572551546397,0.008007175343322763,,-1.1213026307072285,9926.532474075415
ppo_variance_penalized_seed_42,2020-01-17,9922.200381668343,-4.5045014790523474e-05,0.04860462593815654,0.001147250089818328,0.9988527499101817,-0.0012824512245074916,0.008051859674781482,,-1.1555691481782835,9922.16506090223
ppo_variance_penalized_seed_42,2020-01-21,9920.351484680266,-0.0001863394123234885,0.062233997132605225,0.06326498609920515,0.9367350139007948,-0.0013415936647724505,0.008236698708305101,,-1.2387623873728912,9921.58288347824
ppo_variance_penalized_seed_42,2020-01-22,9917.185122078163,-0.0003191784693308275,0.2916109315766908,-0.2283798187623359,1.2283798187623358,-0.001394159845300581,0.00855324820074983,,-0.9143686757330924,9917.45860174225
ppo_variance_penalized_seed_42,2020-01-23,9914.642378368837,-0.00025639772556684814,0.03756098743775857,-0.19107949306640487,1.1910794930664048,-0.0012643228391875606,0.008807452892931755,,-0.8850059128587179,9916.812622812375
ppo_variance_penalized_seed_42,2020-01-24,9934.092588556621,0.0019617661883821746,0.03326300213661332,-0.22190467861205726,1.2219046786120573,0.0006074827528510778,0.0068629648678407785,,-0.8491585386417684,9914.312587598222
ppo_variance_penalized_seed_42,2020-01-27,10049.300162929369,0.011597191524614692,0.5353962347218355,-0.736224730314392,1.736224730314392,0.0018654363345141489,0.0,,-0.1627746539082402,9928.77391278933
ppo_variance_penalized_seed_42,2020-01-28,9941.368761078667,-0.010740190869096167,0.26377526968560805,-1.021180311790114,2.021180311790114,-0.02672303881193771,0.010740190869096219,,1.4216818453097495,10046.64940606874
ppo_variance_penalized_seed_42,2020-01-29,9946.143344835049,0.00048027428326324895,0.19885359202921915,-0.821089720986315,1.821089720986315,-0.014595692079330591,0.010265074823304845,,0.5866366623582641,9939.39188419084
ppo_variance_penalized_seed_42,2020-01-30,9916.039322341438,-0.0030267030596582423,0.08532317850785609,-0.9120374077582807,1.9120374077582807,-0.01768563945394819,0.01326070854958774,,0.6428733357594455,9945.294708270972
ppo_variance_penalized_seed_42,2020-01-31,10049.396213662514,0.013448604527073194,0.16232845723871892,-0.7262098099008958,1.7262098099008958,-0.00961214525130778,0.0,,0.2542215121852175,9914.429666976323
ppo_variance_penalized_seed_42,2020-02-03,9972.012888794492,-0.0077002959404482985,0.2737901900991042,-1.0149682716219042,2.014968271621904,-0.03249279850421719,0.007700295940448312,,1.7092973316129427,10046.644787562795
ppo_variance_penalized_seed_42,2020-02-04,9822.063160790065,-0.015037057179591584,0.03032731569691638,-1.0148786119906115,2.0148786119906115,-0.04857396630272144,0.022621563329683597,,1.3230229086231358,9971.71046441148
ppo_variance_penalized_seed_42,2020-02-05,9730.369246500855,-0.009335504444244913,0.2258497290102648,-0.805479896893377,1.805479896893377,-0.04439852047180541,0.03174588406892846,,0.4879083594053889,9819.84485048688
ppo_variance_penalized_seed_42,2020-02-06,9706.418463867765,-0.0024614464288396087,0.10513497673499073,-0.7043613485897023,1.7043613485897025,-0.03608953788679318,0.03412918970479623,,0.0975880082047145,9729.346244356502
ppo_variance_penalized_seed_42,2020-02-07,9741.89818269905,0.0036552842805364083,0.015587358912273142,-0.6825972947093065,1.6825972947093066,-0.029549731619282114,0.030598657314895215,,0.0157457249951368,9706.267166439417
ppo_variance_penalized_seed_42,2020-02-10,9682.224367984361,-0.0061254812558669824,0.12172041807450695,-0.815217169222877,1.8152171692228771,-0.03902709860525969,0.036536707068925145,,0.2391059158775173,9740.712394779412
ppo_variance_penalized_seed_42,2020-02-11,9669.543722050155,-0.0013096831319191482,0.14046052306656598,-0.676717377427996,1.676717377427996,-0.032975607697556794,0.03779853869190029,,0.0532871418176267,9680.864397685187
ppo_variance_penalized_seed_42,2020-02-12,9622.725168614888,-0.004841857566505792,0.06479194092374962,-0.7498690995227919,1.749869099522792,-0.03583635567737165,0.042457381117837825,,0.1155957632010759,9668.917213544557
ppo_variance_penalized_seed_42,2020-02-13,9622.973798163615,2.583774807773942e-05,0.374508968259059,-0.3748095245778379,1.374809524577838,-0.029953723161804776,0.04243264037287755,,-0.5079166457394809,9619.12137174015
ppo_variance_penalized_seed_42,2020-02-14,9611.939127203588,-0.0011467007176235722,0.20998690410258203,-0.5862826336190533,1.5862826336190534,-0.030128620056860813,0.04353068355133489,,-0.3269810390372755,9620.953099687478
ppo_variance_penalized_seed_42,2020-02-18,9620.08119196712,0.0008470782696166079,0.18551310189221615,-0.39932433339100926,1.3993243333910093,-0.027346123990216638,0.04272047917781621,,-0.5270928769657132,9610.155986560902
ppo_variance_penalized_seed_42,2020-02-19,9581.815030419917,-0.003977737898839706,0.35801532296198757,-0.763726142147167,1.763726142147167,-0.03152414468644538,0.04652828620757371,,-0.0266714102394479,9616.637055492258
ppo_variance_penalized_seed_42,2020-02-20,9601.088794839525,0.0020114941019440113,0.2203474910050467,-0.5399409893113288,1.539940989311329,-0.02502317297040527,0.044610383478909846,,-0.2215493742151412,9579.703701518689
ppo_variance_penalized_seed_42,2020-02-21,9683.195817989665,0.008551844994316937,0.3220220443648186,-0.8455803236808318,1.845580323680832,-0.020435292765781855,0.036440039569241675,,0.2891102737620407,9597.997032597683
ppo_variance_penalized_seed_42,2020-02-24,9992.179729852125,0.0319092908653591,0.12028874541859447,-0.904850178766263,1.9048501787662628,-0.025772874802252044,0.005693524525642762,,0.9442302755974517,9682.031038513076
ppo_variance_penalized_seed_42,2020-02-25,10293.984692407335,0.030204116690730975,0.09514982123373705,-0.9411781296132006,1.9411781296132005,-0.049787518646408215,0.0,,4.22184436454829,9991.228975737095
ppo_variance_penalized_seed_42,2020-02-26,10331.240442651288,0.0036191767675184394,0.058821870386799424,-0.9926705293739968,1.9926705293739968,-0.07398929311893683,0.0,,5.095597825897003,10293.379180973994
ppo_variance_penalized_seed_42,2020-02-27,10795.154747557497,0.04490402749615563,0.007329470626003198,-0.9140373550393902,1.9140373550393903,-0.07910984251449135,0.0,,4.734416174629932,10331.164720127934
ppo_variance_penalized_seed_42,2020-02-28,10839.579135545675,0.0041152154857464485,0.08596264496060979,-0.9916320795344691,1.991632079534469,-0.11588284672746073,0.0,,7.883651998287038,10794.226767502638
ppo_variance_penalized_seed_42,2020-03-02,10370.068035098619,-0.0433145138363733,0.00836792046553092,-1.0905337157137576,2.0905337157137573,-0.21363072572006783,0.04331451383637329,,7.25629335652188,10839.48843080959
ppo_variance_penalized_seed_42,2020-03-03,10666.02284258122,0.02853933132173392,0.09053371571375757,-0.9443290807349943,1.9443290807349944,-0.15472515730382969,0.016011349776055468,,5.011807423017717,10369.129194307197
ppo_variance_penalized_seed_42,2020-03-04,10217.128805556673,-0.042086356240721656,0.05567091926500567,-1.0877546438455759,2.087754643845576,-0.26768027644735887,0.0574238466462072,,5.553507894223165,10665.429055284672
ppo_variance_penalized_seed_42,2020-03-05,10555.837004495757,0.03315101584653357,0.08775464384557585,-0.9356555431286212,1.9356555431286213,-0.21025263927400167,0.026176489649810904,,4.134371804762353,10216.232205057217
ppo_variance_penalized_seed_42,2020-03-06,10729.646290782204,0.016465703876672233,0.0643444568713788,-0.9674754430562681,1.967475443056268,-0.22606130433566496,0.010141800100243153,,5.629034102683704,10555.15779489688
ppo_variance_penalized_seed_42,2020-03-09,11567.196104224588,0.0780594057571049,0.03252455694373191,-0.8551249960864525,1.8551249960864524,-0.2794241654004378,0.0,,5.7327036136449925,10729.297313790434
ppo_variance_penalized_seed_42,2020-03-10,10967.063701558325,-0.05188227097205356,0.14487500391354746,-1.1091370710284756,2.1091370710284756,-0.4680716203450766,0.051882270972053564,,7.443963267849547,11565.520306643719
ppo_variance_penalized_seed_42,2020-03-11,11500.435777134247,0.04863399083750508,0.10913707102847559,-0.9070350029954601,1.9070350029954601,-0.4015570348185464,0.005771522025632277,,5.643705476690732,10965.866788348154
ppo_variance_penalized_seed_42,2020-03-12,12599.593403,0.09557530228994926,0.09296499700453986,-0.8253551954174395,1.8253551954174396,-0.5074803614423518,0.0,,6.253245263583844,11499.366639156675
ppo_variance_penalized_seed_42,2020-03-13,11520.488397546796,-0.08564601816406758,0.1746448045825605,-1.1869546697611946,2.1869546697611946,-0.8540483986997564,0.0856460181640676,,8.326319460410785,12597.392949472314
ppo_variance_penalized_seed_42,2020-03-16,12778.713784754353,0.10921632345686727,0.18695466976119457,-0.8027377062290725,1.8027377062290726,-0.8445777579367305,0.0,,5.461591493098656,11518.334588442945
ppo_variance_penalized_seed_42,2020-03-17,12086.379991167845,-0.05417867598008941,0.19726229377092752,-1.114147169904962,2.114147169904962,-1.0559483479475746,0.05417867598008936,,7.637808953676683,12776.19302636173
ppo_variance_penalized_seed_42,2020-03-18,12696.899256261915,0.05051299607824755,0.1141471699049621,-0.9036144370661714,1.9036144370661714,-0.9708877696781826,0.0064024071491488015,,6.268315464708368,12085.000365097458
ppo_variance_penalized_seed_42,2020-03-19,12668.697438711264,-0.0022211578576353253,0.0963855629338286,-1.0042590045107378,2.004259004510738,-1.0040014640523043,0.008609344249837067,,5.854942756782667,12695.675458479585
ppo_variance_penalized_seed_42,2020-03-20,13285.45654789884,0.04868370344870421,0.004259004510737796,-0.9071446189292357,1.9071446189292356,-0.9694108177530804,0.0,,5.105067223695603,12668.643482671727
ppo_variance_penalized_seed_42,2020-03-23,13623.876698587734,0.02547297862657305,0.0928553810707643,-0.9501384540782646,1.9501384540782647,-0.9803670740402254,0.0,,4.3536582146712695,13284.222921768387
ppo_variance_penalized_seed_42,2020-03-24,12388.891270868167,-0.09064860575606837,0.04986154592173542,-1.1992601425227347,2.1992601425227347,-1.260245637574044,0.09064860575606841,,3.820195907751789,13623.197391034095
ppo_variance_penalized_seed_42,2020-03-25,12200.995670969643,-0.01516645806234096,0.19926014252273472,-1.030395386189569,2.0303953861895687,-1.1663552091491374,0.10444024554080027,,3.70585945184924,12386.422658627835
ppo_variance_penalized_seed_42,2020-03-26,11488.232745830272,-0.058418422918981916,0.03039538618956894,-1.1240211766118027,2.1240211766118025,-1.26014091883695,0.15675743402601738,,3.772196338990945,12200.624816994326
ppo_variance_penalized_seed_42,2020-03-27,11828.95008656616,0.029657942024159833,0.12402117661180267,-0.9421517341142934,1.9421517341142933,-1.1623800607041235,0.13174859489205729,,3.430434764329368,11486.807961687944
ppo_variance_penalized_seed_42,2020-03-30,11444.134408895892,-0.03253168496393377,0.05784826588570657,-1.067131576700447,2.0671315767004472,-1.2259642802747086,0.1599942760725217,,3.6779857984602273,11828.265802316402
ppo_variance_penalized_seed_42,2020-03-31,11613.93392430941,0.014837252809747348,0.067131576700447,-0.9706270451834861,1.9706270451834862,-1.1611192672751642,0.14753089878497488,,2.9486714335617124,11443.36614610905
ppo_variance_penalized_seed_42,2020-04-01,12136.26106123906,0.04497417845957896,0.02937295481651392,-0.9138666728000182,1.9138666728000182,-1.1402721501850528,0.10919180129565337,,2.6272499166680947,11613.592788753009
ppo_variance_penalized_seed_42,2020-04-02,11855.190848345841,-0.0231595391261733,0.08613332719998179,-1.0472408888107134,2.0472408888107134,-1.1999136564677573,0.12982250862746259,,2.836512062548897,12135.215724694088
ppo_variance_penalized_seed_42,2020-04-03,12025.979917274943,0.014406269043988562,0.04724088881071342,-0.9715035082612005,1.9715035082612005,-1.1458661444161826,0.11728649757072676,,2.3395096860096287,11854.630798593145
ppo_variance_penalized_seed_42,2020-04-06,11217.920691566162,-0.06719279686705859,0.028496491738799534,-1.1440046778149668,2.1440046778149666,-1.291365655737756,0.17659848663126673,,2.0094354870390974,12025.637219037579
ppo_variance_penalized_seed_42,2020-04-07,11204.870456518609,-0.0011633381449526192,0.14400467781496684,-1.0020410413555396,2.0020410413555396,-1.2045889632091502,0.17755638102038032,,1.8728963918113288,11216.305258511218
ppo_variance_penalized_seed_42,2020-04-08,10828.71861886872,-0.03357038701246717,0.002041041355539619,-1.0694687859726102,2.06946878597261,-1.2385279267748193,0.20516613160546027,,1.955665725318066,11204.847586914624
ppo_variance_penalized_seed_42,2020-04-09,10663.19328746883,-0.015285772696269517,0.06946878597261019,-1.0309050148528087,2.0309050148528085,-1.2060624006652552,0.21731578144903582,,1.6949970867492063,10827.966360932627
ppo_variance_penalized_seed_42,2020-04-13,10760.21731367236,0.009098965346295396,0.03090501485280872,-0.9819049059117503,1.9819049059117502,-1.1652850733731148,0.21019416486734824,,1.558747995557223,10662.863741321902
ppo_variance_penalized_seed_42,2020-04-14,10442.678649594862,-0.02951043225437655,0.01809509408824972,-1.0607782672590635,2.0607782672590638,-1.20106806654976,0.23350167645914166,,1.5086692019686287,10760.022606527658
ppo_variance_penalized_seed_42,2020-04-15,10653.262164198524,0.020165660715015132,0.10660243737167341,-0.9153433459143996,1.9153433459143996,-1.139851111713796,0.2180447313279888,,1.2542637659562617,10441.565434598126
ppo_variance_penalized_seed_42,2020-04-16,10600.9701618817,-0.004908543647086594,0.08465665408560041,-1.0096953641038802,2.00969536410388,-1.149090838496387,0.22188299289433466,,1.460685022932264,10652.360294668606
ppo_variance_penalized_seed_42,2020-04-17,10314.50470662194,-0.027022569716290246,0.009783698187437295,-1.0554352414949182,2.0554352414949184,-1.1666392826569332,0.24290971396627858,,1.396367074412422,10600.866445189142
ppo_variance_penalized_seed_42,2020-04-20,10486.630066863161,0.016687700004704764,0.1023322356088403,-0.920848595375034,1.920848595375034,-1.110766283087824,0.23027561839647176,,1.2471320181479757,10313.449200296112
ppo_variance_penalized_seed_42,2020-04-21,10804.183015823914,0.0302816964969701,0.07915140462496595,-0.941063016057018,1.9410630160570181,-1.0936625182479898,0.20696705828643566,,1.632263957264105,10485.800035363587
ppo_variance_penalized_seed_42,2020-04-22,10563.766503857187,-0.02225216951754805,0.05893698394298197,-1.0453966387686162,2.045396638768616,-1.1384075196607752,0.22461376173844566,,1.7250882541303527,10803.546249862993
ppo_variance_penalized_seed_42,2020-04-23,10563.934003882941,1.5856089368604387e-05,0.05516798581451465,-0.9900873010459111,1.9900873010459112,-1.1014023045167882,0.22460146714495657,,1.4713639749323046,10563.183722136555
ppo_variance_penalized_seed_42,2020-04-24,10416.993684580802,-0.013909621098364355,0.007308810442431146,-1.0255562326077896,2.02555623260779,-1.1040468990157377,0.23538696693719788,,1.4168224608610036,10563.85679409178
ppo_variance_penalized_seed_42,2020-04-27,10279.054465948044,-0.013241749280978765,0.11504044739050445,-0.9359311130508733,1.9359311130508732,-1.091970635222882,0.24551178101798424,,1.0301204122785588,10415.795308966864
ppo_variance_penalized_seed_42,2020-04-28,10320.771210173132,0.004058422334786371,0.04379871158450366,-0.8844018300303307,1.8844018300303307,-1.0612763694145257,0.2424497491787345,,0.8405986968556356,10278.604256606128
ppo_variance_penalized_seed_42,2020-04-29,10073.463014351843,-0.023962181777415936,0.029824701952091193,-0.9611631895907882,1.9611631895907882,-1.083836410805936,0.26060230599444073,,0.853677813219134,10320.463396247873
ppo_variance_penalized_seed_42,2020-04-30,10150.434459135728,0.007641011306064538,0.12676909226260213,-0.8202529792591985,1.8202529792591986,-1.0397302809046467,0.2549525598548662,,0.6863267549098547,10072.186010589572
ppo_variance_penalized_seed_42,2020-05-01,10400.008048274685,0.024587478510767813,0.11287668897658032,-0.8865265323844695,1.8865265323844695,-1.0173515754891478,0.2366337219307951,,0.8822878370494066,10149.288711702307
ppo_variance_penalized_seed_42,2020-05-04,10371.698273698044,-0.002722091602740395,0.07371728875963446,-0.9654494507297435,1.9654494507297435,-1.032087283938355,0.23871167486614245,,1.0843558520255343,10399.241387878288
ppo_variance_penalized_seed_42,2020-05-05,10284.133496466684,-0.008442665310985698,0.05788695645178943,-0.9236931688767748,1.9236931688767749,-1.0266534590723646,0.24513897740040846,,0.992510122868216,10371.097887651744
ppo_variance_penalized_seed_42,2020-05-06,10344.800144563831,0.005899052955505635,0.04655383896649645,-0.8660440492046315,1.8660440492046315,-1.0008082600837924,0.24068601225404626,,0.8239180749247235,10283.65473057198
ppo_variance_penalized_seed_42,2020-05-07,10231.569808794045,-0.010945628159794607,0.037931735573963454,-0.9249736090142757,1.9249736090142757,-1.0076014655932624,0.24899718082044434,,0.8538177738861711,10344.407748340182
ppo_variance_penalized_seed_42,2020-05-08,10090.252367950023,-0.013811902130849929,0.09594482378554647,-0.8544670163185125,1.8544670163185124,-1.0014348996213776,0.25936995825894477,,0.6655475635101678,10230.588142631692
ppo_variance_penalized_seed_42,2020-05-11,10087.798453445477,-0.00024319654405668967,0.08543364391632136,-0.7693125281271742,1.7693125281271742,-0.9766754707225103,0.2595500769255208,,0.4250931855870794,10089.390320922193
ppo_variance_penalized_seed_42,2020-05-12,10245.475804978754,0.01563050176517189,0.015695187098045515,-0.7575089524121742,1.757508952412174,-0.9526830799709076,0.2479764730958838,,0.393766307387475,10087.640123561343
ppo_variance_penalized_seed_42,2020-05-13,10409.751018649464,0.016033927247271373,0.15817503234429553,-0.8851545406259594,1.8851545406259596,-0.9443040178846549,0.2359185825772667,,0.7654796519762199,10243.85522651192
ppo_variance_penalized_seed_42,2020-05-14,10295.588683485148,-0.010966865101748269,0.028861825378984407,-0.935184026160779,1.935184026160779,-0.9622152858531311,0.24429816040889446,,0.9131913732833082,10409.450574233324
ppo_variance_penalized_seed_42,2020-05-15,10254.632194125246,-0.003978061927201737,0.08913096229130268,-0.8532609100508977,1.8532609100508977,-0.9451429306771847,0.24730438912528818,,0.7251961389028778,10294.671027758433
ppo_variance_penalized_seed_42,2020-05-18,9986.984795619093,-0.02610014610367839,0.0035019759964656227,-0.9065167494172045,1.9065167494172046,-0.9651043369350576,0.2669498545407156,,0.6710434353959198,10254.59628264945
ppo_variance_penalized_seed_42,2020-05-19,10064.453937526647,0.007757010097936279,0.13777621463479484,-0.7548841900241304,1.7548841900241303,-0.921673971050938,0.2612635771600943,,0.4900177434505237,9985.608826658337
ppo_variance_penalized_seed_42,2020-05-20,9918.334903717569,-0.014518327046463386,0.09426837497831098,-0.8762177919083709,1.876217791908371,-0.9365697193998663,0.2719887941480185,,0.5701742451217557,10063.505177808913
ppo_variance_penalized_seed_42,2020-05-21,9967.674508397153,0.0049745854680800505,0.1358913873368377,-0.7314765312115107,1.7314765312115106,-0.9077380916176916,0.26836724018278785,,0.3928691522351087,9916.987087427431
ppo_variance_penalized_seed_42,2020-05-22,9951.070271698693,-0.0016658084776416393,0.09549058895908258,-0.8298408263655738,1.8298408263655737,-0.9050812338190181,0.26958600023661167,,0.4942890652188644,9966.722689287793
ppo_variance_penalized_seed_42,2020-05-26,9857.101892172828,-0.009443042502987331,0.06893734869681156,-0.7775677333092789,1.777567733309279,-0.9046671938547531,0.2764833306811543,,0.3974360107349571,9950.384271297466
ppo_variance_penalized_seed_42,2020-05-27,9744.719142916749,-0.011401195857102642,0.012111772081861871,-0.7857947744108424,1.7857947744108424,-0.8989630803400634,0.28473228593393707,,0.3839041790246172,9856.982505201322
ppo_variance_penalized_seed_42,2020-05-28,9757.674170807846,0.001329440869572318,0.042268911717055824,-0.7411374264986907,1.7411374264986907,-0.8774054358583073,0.28378137980217205,,0.3544471098927093,9744.30724424359
ppo_variance_penalized_seed_42,2020-05-29,9723.122229168317,-0.003541001783283426,0.04375358283205877,-0.7911553984140484,1.7911553984140482,-0.8737722410059536,0.28631751121351334,,0.4178809736110189,9757.247237602765
ppo_variance_penalized_seed_42,2020-06-01,9693.56254882241,-0.003040142831613357,0.05172777228108327,-0.7446416090984561,1.7446416090984562,-0.8648946866017407,0.2884872079158456,,0.3411927855090347,9722.619273715785
ppo_variance_penalized_seed_42,2020-06-02,9631.543210899616,-0.006397992235612993,0.025043778512933046,-0.7810361232906641,1.7810361232906642,-0.8603376957743192,0.2930394612351393,,0.3878253609395267,9693.319785388936
ppo_variance_penalized_seed_42,2020-06-03,9539.182383797317,-0.009589411071507015,0.06533764268458497,-0.7321971312603391,1.7321971312603393,-0.8562337087395953,0.2998187964526896,,0.290520623450909,9630.913908570801
ppo_variance_penalized_seed_42,2020-06-04,9555.938413651367,0.0017565478025152181,0.045948292358819365,-0.6832147115441564,1.6832147115441565,-0.8369016497195161,0.2985888946982362,,0.2074530345701913,9538.744074656282
ppo_variance_penalized_seed_42,2020-06-05,9382.062345009024,-0.01819560372992235,0.025745761993288707,-0.7405875157415198,1.7405875157415198,-0.8521599253294744,0.3113514932220739,,0.2151460629702627,9555.692388735346
ppo_variance_penalized_seed_42,2020-06-08,9309.232922675164,-0.007762624000532514,0.10718326082818974,-0.6460065109660962,1.6460065109660962,-0.8343444463026004,0.31669721264871914,,0.1245367615942675,9381.056744973594
ppo_variance_penalized_seed_42,2020-06-09,9356.85829334174,0.005115928569213279,0.046323193795408946,-0.6836379392112033,1.6836379392112033,-0.8141677890838925,0.3132014843974856,,0.2103730175758235,9308.8016892744
ppo_variance_penalized_seed_42,2020-06-10,9395.29278710251,0.004107628068720448,0.0640163199936612,-0.7403934916536342,1.7403934916536343,-0.8079233080595912,0.31038037153724124,,0.3278701658763039,9356.259301707098
ppo_variance_penalized_seed_42,2020-06-11,9795.562156280614,0.042603182066617284,0.0013583621065150764,-0.6679718585364738,1.6679718585364738,-0.7789515793774436,0.2810003809491294,,0.3247931332388614,9395.280024892807
ppo_variance_penalized_seed_42,2020-06-12,9675.040279914978,-0.01230372228186627,0.3320281414635262,-1.0242416508201504,2.0242416508201506,-0.827040591697602,0.28984675258269893,,1.221107989128025,9792.309753983272
ppo_variance_penalized_seed_42,2020-06-15,9596.3412693386,-0.008134230793824582,0.17111601901091578,-0.8680033023130329,1.868003302313033,-0.816162274024523,0.2956233029961753,,0.8932550960760133,9673.384725538508
ppo_variance_penalized_seed_42,2020-06-16,9435.578426362737,-0.01675251415761103,0.002246743940171436,-0.9021109854940836,1.9021109854940836,-0.8201772970115243,0.3074233835850232,,0.7721637529695902,9596.319708817005
ppo_variance_penalized_seed_42,2020-06-17,9467.672920955583,0.0034014337163659203,0.06704979298157143,-0.8287178893528789,1.828717889352879,-0.7930336086720572,0.3050676301307826,,0.717040415116921,9434.945772782588
ppo_variance_penalized_seed_42,2020-06-18,9464.302364824469,-0.00035600682018221974,0.026673434213557834,-0.8560025834860241,1.856002583486024,-0.7899196934752922,0.30531503079402145,,0.6981737760064307,9467.420385604772
ppo_variance_penalized_seed_42,2020-06-19,9543.57562332279,0.008376027671405772,0.022104277593079757,-0.8186249162731021,1.818624916273102,-0.7751326518562217,0.2994963302690425,,0.6569115223597698,9464.093163257772
ppo_variance_penalized_seed_42,2020-06-22,9488.41951103919,-0.005779396995483244,0.07122951487924167,-0.9007047450307518,1.900704745030752,-0.7828750898783855,0.3035448190732106,,0.7995690514026287,9542.895839060926
ppo_variance_penalized_seed_42,2020-06-23,9452.768841673356,-0.003757282161097164,0.10791033861671984,-0.7993616548095437,1.7993616548095437,-0.7744050209278475,0.30616159770051055,,0.5668256573088222,9487.395612476816
ppo_variance_penalized_seed_42,2020-06-24,9648.629812069112,0.020719957683962953,0.013446441599300307,-0.7759853786967122,1.7759853786967121,-0.7473482691713014,0.29178529536535663,,0.5352392917034265,9452.641735569176
ppo_variance_penalized_seed_42,2020-06-25,9556.151213321584,-0.009584635388524276,0.10807309679767252,-0.9020856569600942,1.9020856569600944,-0.7718553237581098,0.2985732750860711,,0.6984696901367211,9647.587054765467
ppo_variance_penalized_seed_42,2020-06-26,9737.574481549187,0.01898497252478526,0.09854030116328027,-0.7697686251702084,1.7697686251702085,-0.7401610337831235,0.28525670798543007,,0.5836973034311527,9555.20954730306
ppo_variance_penalized_seed_42,2020-06-29,9606.63209821279,-0.013447125214241629,0.1360219422278629,-0.9315045212122292,1.9315045212122293,-0.767766738417023,0.2948679505291893,,0.7491052555145135,9736.24995775562
ppo_variance_penalized_seed_42,2020-06-30,9508.269490464927,-0.010239031404789989,0.14324608787024917,-0.8064990730590788,1.8064990730590789,-0.7592321498791264,0.30208781972824483,,0.5438638308565273,9605.255985747113
ppo_variance_penalized_seed_42,2020-07-01,9455.37410731432,-0.005563092548402482,0.01435548976134926,-0.8021433464204933,1.8021433464204932,-0.7487397239799272,0.30597036977775394,,0.4477604903790185,9508.132994599608
ppo_variance_penalized_seed_42,2020-07-02,9416.047012369296,-0.0041592320408138095,0.05722404634114764,-0.7521068677597729,1.7521068677597729,-0.741539852078857,0.3088570000530485,,0.3205436819003172,9454.83303254823
ppo_variance_penalized_seed_42,2020-07-06,9309.57436374948,-0.011307574025485323,0.02096387001807365,-0.7509051964048669,1.750905196404867,-0.7438650599327511,0.31667215068714466,,0.2526521753771651,9415.849615583644
ppo_variance_penalized_seed_42,2020-07-07,9378.827130249452,0.007438875698725367,0.02701179239790885,-0.7111180441201569,1.7111180441201568,-0.7198520799259254,0.311588959754629,,0.2666694112611186,9309.322895459452
ppo_variance_penalized_seed_42,2020-07-08,9322.008863936964,-0.006058141974835229,0.07162695958009946,-0.7934824826049355,1.7934824826049356,-0.727941404051609,0.3157594515734795,,0.3644895923270537,9378.155353377686
ppo_variance_penalized_seed_42,2020-07-09,9359.141702074525,0.00398335151570306,0.07971972244258196,-0.7068272465711087,1.7068272465711087,-0.7124925175315863,0.31303388094779927,,0.2686409262625371,9321.265715977725
ppo_variance_penalized_seed_42,2020-07-10,9284.402827181088,-0.007985654803887687,0.06860557851739224,-0.7896021656233752,1.7896021656233752,-0.7194434944898743,0.31851975523651654,,0.3452632419350072,9358.499612743628
ppo_variance_penalized_seed_42,2020-07-13,9338.643843965574,0.005842165381459985,0.10294670383519766,-0.6766863472345009,1.6766863472345008,-0.7005182066230956,0.31453843494241046,,0.2067203001504579,9283.447028512952
ppo_variance_penalized_seed_42,2020-07-14,9233.956234994273,-0.01121015114404944,0.17500460077499003,-0.8723562905873719,1.8723562905873719,-0.713169154263771,0.3222225626901427,,0.5375716487308452,9337.00953832788
ppo_variance_penalized_seed_42,2020-07-15,9171.858649141881,-0.006724916630756694,0.15739023185629275,-0.7263053997177971,1.726305399717797,-0.703685304440068,0.3267805594502594,,0.3502176105609451,9232.502900481497
ppo_variance_penalized_seed_42,2020-07-16,9192.944798311099,0.0022990050300426557,0.02166012364815595,-0.7006984389763925,1.7006984389763926,-0.6895424223859292,0.32523282457011304,,0.2255767859205059,9171.659985549457
ppo_variance_penalized_seed_42,2020-07-17,9173.466937617259,-0.002118783602118257,0.02243017783345247,-0.7267485732906094,1.7267485732906094,-0.6888891425323519,0.32666251019666154,,0.2384681701347573,9192.73859892446
ppo_variance_penalized_seed_42,2020-07-20,9125.009618426433,-0.005282334314861803,0.08338664721181299,-0.6519510493520896,1.6519510493520895,-0.687209026401906,0.3302193039245326,,0.0756133020464162,9172.701992966022
ppo_variance_penalized_seed_42,2020-07-21,9112.732098411861,-0.0013454802271966049,0.036824379945198715,-0.6172431620658855,1.6172431620658854,-0.6783209882204495,0.33112048060766014,,-0.0111685309584925,9124.67359560524
ppo_variance_penalized_seed_42,2020-07-22,9079.637889976768,-0.003631645051966448,0.017681488126375267,-0.6408547443046203,1.6408547443046202,-0.6758053268393052,0.33354961360462304,,0.011951226922505,9112.570971747464
ppo_variance_penalized_seed_42,2020-07-23,9144.68648838173,0.007164228264738615,0.037271766056024114,-0.5921169208339722,1.592116920833972,-0.6606623498396728,0.32877501090936334,,-0.0271886768743657,9079.299475837459
ppo_variance_penalized_seed_42,2020-07-24,9184.764484148476,0.004382653885145693,0.10471007358512574,-0.6892459392609824,1.6892459392609824,-0.6588686562227186,0.32583326410311836,,0.0907628090025317,9143.72894758662
ppo_variance_penalized_seed_42,2020-07-27,9139.753411171687,-0.004900623533077186,0.01995408535625831,-0.67747923894722,1.67747923894722,-0.6636135584511904,0.32913710147427244,,0.0706463112433853,9184.581210573982
ppo_variance_penalized_seed_42,2020-07-28,9175.439454960884,0.003904486498024884,0.05340776010353099,-0.6176685757116105,1.6176685757116105,-0.6503402248726504,0.32651772634495285,,-0.009083740695794,9139.265277414097
ppo_variance_penalized_seed_42,2020-07-29,9099.082545406998,-0.008321880377359148,0.054576330713865584,-0.686185878610215,1.6861858786102148,-0.6584652260251965,0.33212236526258204,,0.0360930690044777,9174.938693142745
ppo_variance_penalized_seed_42,2020-07-30,9117.300514982195,0.0020021765364017785,0.09761063466032482,-0.5852462392874024,1.5852462392874025,-0.6436731517328341,0.3307851563331233,,-0.0599446699725481,9098.194378184915
ppo_variance_penalized_seed_42,2020-07-31,9070.325191800724,-0.0051523280497639545,0.05929943503663326,-0.6529647704467004,1.6529647704467005,-0.6465560419575881,0.33423317074346653,,-0.0164030963185681,9116.759864212598
ppo_variance_penalized_seed_42,2020-08-03,9031.862265351872,-0.004240523425072085,0.05019730294792113,-0.6095121870266839,1.609512187026684,-0.6413633864430919,0.3370563705785648,,-0.0391417109474953,9069.869885939235
ppo_variance_penalized_seed_42,2020-08-04,9010.880710836775,-0.0023230596192312936,0.010908103965465599,-0.6023089044351085,1.6023089044351084,-0.635152683164092,0.3385964281539004,,-0.0535592244669842,9031.76374485928
ppo_variance_penalized_seed_42,2020-08-05,8978.373627890853,-0.0036075367091285004,0.0255778782624706,-0.5823992601579152,1.5823992601579153,-0.6322502842556179,0.3409824658188839,,-0.0895879326774309,9010.650231626914
ppo_variance_penalized_seed_42,2020-08-06,8945.35038631636,-0.003678087250892248,0.03779448186812029,-0.5502483494423086,1.5502483494423087,-0.6281882687379292,0.3434063898094699,,-0.1440868148157872,8978.034294911567
ppo_variance_penalized_seed_42,2020-08-07,8941.766037755056,-0.000400694037294147,0.02009948564988917,-0.5307314635574356,1.5307314635574356,-0.6207691614363898,0.3436694829539987,,-0.1687147993537758,8945.170589374638
ppo_variance_penalized_seed_42,2020-08-10,8927.834215965036,-0.0015580615430100808,0.014191532260133366,-0.5188849254625643,1.5188849254625643,-0.617850671607559,0.344692086292112,,-0.2009895924136115,8941.639140393869
ppo_variance_penalized_seed_42,2020-08-11,8965.440360180031,0.004212235947184784,0.0076669736879670936,-0.5048675082921457,1.5048675082921457,-0.6082190266103363,0.3419317747415169,,-0.2078100878188198,8927.765766495013
ppo_variance_penalized_seed_42,2020-08-12,8887.885454945714,-0.008650428993848158,0.10790203583245761,-0.6266668894311315,1.6266668894311316,-0.6175439437878748,0.3476243471972231,,-0.0759644289774409,8964.472970913033
ppo_variance_penalized_seed_42,2020-08-13,8894.638895302323,0.0007598478165413702,0.13281218791211902,-0.49252220966552696,1.4925222096655268,-0.6041831304306395,0.34712864098187624,,-0.1995946398481177,8886.70503543253
ppo_variance_penalized_seed_42,2020-08-14,8894.203830166833,-4.8913186989629764e-05,0.033287912824402244,-0.5258339648576233,1.5258339648576233,-0.6011169481946951,0.34716057500074,,-0.2100840463371293,8894.342811338172
ppo_variance_penalized_seed_42,2020-08-17,8879.56053035936,-0.001646386802808153,0.011008680376574764,-0.5173066819506416,1.5173066819506416,-0.598892405798355,0.34823540121441166,,-0.2159277552541653,8894.105916719662
ppo_variance_penalized_seed_42,2020-08-18,8869.992660825294,-0.0010775161114510157,0.034490939457965775,-0.4843640249368018,1.4843640249368018,-0.5945433785865291,0.34893768807047654,,-0.2657164113769925,8879.254265974694
ppo_variance_penalized_seed_42,2020-08-19,8888.136202059508,0.002045496758339649,0.009089656532161816,-0.4903915154743927,1.4903915154743927,-0.5877384678602888,0.3476059422219476,,-0.2559544369874821,8869.912035638565
ppo_variance_penalized_seed_42,2020-08-20,8872.436172313404,-0.001766402920610699,0.058255113382266244,-0.5512966271646632,1.551296627164663,-0.5878702500664147,0.3487583329909958,,-0.1854157550206676,8887.6184226773
ppo_variance_penalized_seed_42,2020-08-21,8855.485730675317,-0.0019104608146950364,0.01773247683125867,-0.5364723266155018,1.5364723266155018,-0.5843825577791998,0.3500025046767132,,-0.1748827283481915,8872.278842044541
ppo_variance_penalized_seed_42,2020-08-24,8808.49891625904,-0.0053059556353318715,0.014247483113457138,-0.5303229814767363,1.5303229814767363,-0.5843227066098368,0.3534513625499754,,-0.1892365983022615,8855.359562291907
ppo_variance_penalized_seed_42,2020-08-25,8792.82645812122,-0.001779242784362478,0.030594719052267294,-0.5023554337246278,1.5023554337246279,-0.5772373577880374,0.3546017295478977,,-0.2018840559825389,8808.229422709424
ppo_variance_penalized_seed_42,2020-08-26,8749.843977196007,-0.004888357700442714,0.016395695231662066,-0.4932348411844403,1.4932348411844403,-0.5769504205491279,0.35775666715311466,,-0.2265208448500457,8792.682293618389
ppo_variance_penalized_seed_42,2020-08-27,8739.526556513807,-0.0011791548179704847,0.03160420243280826,-0.5265909393566491,1.526590939356649,-0.5697637610049692,0.35851397147335046,,-0.140448248779633,8749.567445355697
ppo_variance_penalized_seed_42,2020-08-28,8707.589950927862,-0.003654271816605603,0.03390854995075443,-0.5661697851383725,1.5661697851383725,-0.5688681170084303,0.36085813578814163,,-0.0577552491510467,8739.230211841019
ppo_variance_penalized_seed_42,2020-08-31,8722.156277760236,0.001672831049057466,0.08177252280354885,-0.48179708325656534,1.4817970832565655,-0.5601885978714258,0.35978895943293554,,-0.1651573469920713,8706.877909330036
ppo_variance_penalized_seed_42,2020-09-01,8667.480203128882,-0.0062686419378620295,0.16622264778820395,-0.6581400792813006,1.6581400792813006,-0.5649810196509301,0.3638022132109165,,0.0748953227090401,8720.706457849325
ppo_variance_penalized_seed_42,2020-09-02,8593.844675877017,-0.008495609511202984,0.07598693778273491,-0.5955884146376004,1.5955884146376005,-0.5642656802939168,0.3692071011793681,,0.0527546644477299,8666.821587849954
ppo_variance_penalized_seed_42,2020-09-03,8770.917303009142,0.020604587796329454,0.0032289338426242375,-0.5665343906173358,1.5665343906173357,-0.5347206101713438,0.35620987351431727,,0.0818299597598005,8593.816926921105
ppo_variance_penalized_seed_42,2020-09-04,8831.400659945031,0.0068958986667377875,0.31719405395892764,-0.8702339930154472,1.8702339930154472,-0.5453369452215588,0.3517703620394257,,0.5710534596248475,8768.135220192862
ppo_variance_penalized_seed_42,2020-09-08,9004.667903082809,0.01961945220350314,0.14670054145828781,-0.6901213531601489,1.6901213531601489,-0.5319175030797939,0.339052451640564,,0.366671654116638,8830.105088686383
ppo_variance_penalized_seed_42,2020-09-09,8857.25672540041,-0.016370529071031314,0.13228690575479862,-0.8524934764758981,1.8524934764758982,-0.5661182404043559,0.34987251269540903,,0.4123786139458149,9003.476703428561
ppo_variance_penalized_seed_42,2020-09-10,8961.10370025079,0.011724507719480748,0.16749919613761077,-0.6651885293836848,1.6651885293836848,-0.5356698557536448,0.34225008795185974,,0.2222786791681557,8855.773142018921
ppo_variance_penalized_seed_42,2020-09-11,8956.471446112238,-0.0005169289736509652,0.11816962729737601,-0.7840696552081368,1.7840696552081368,-0.5447157215308622,0.34259009793881384,,0.281758672686571,8960.044769966358
ppo_variance_penalized_seed_42,2020-09-14,8876.70144605661,-0.008906409241136504,0.11664825466110917,-0.6822093435941826,1.6822093435941827,-0.5504436790163021,0.3484452595657462,,0.0780287037670524,8955.426689350128
ppo_variance_penalized_seed_42,2020-09-15,8847.230211428407,-0.0033200659960570533,0.031240791958440428,-0.6564163857884587,1.6564163857884586,-0.5418030615847281,0.35060846430403175,,0.0026098690543933,8876.424130873456
ppo_variance_penalized_seed_42,2020-09-16,8869.66244959579,0.0025355097167478746,0.013992398399847894,-0.6382472142077785,1.6382472142077784,-0.5329780932102485,0.3489619257553007,,-0.0188647166618576,8847.106417458554
ppo_variance_penalized_seed_42,2020-09-17,8921.429066290204,0.0058363682934488015,0.028605081190933634,-0.6571329765908654,1.6571329765908653,-0.526933542186345,0.34516222778095096,,0.0097513886705692,8869.408732181282
ppo_variance_penalized_seed_42,2020-09-18,9015.54892274524,0.010549863228826117,0.027325279176956818,-0.6668274261042653,1.6668274261042653,-0.5199832559697846,0.3382537788469708,,0.0360604682945794,8921.18528575031
ppo_variance_penalized_seed_42,2020-09-21,9083.65458298342,0.007554244430570067,0.013114108891767451,-0.6673241300365275,1.6673241300365276,-0.5203818127745574,0.33325478614137477,,-0.0120053411430832,9015.430691854948
ppo_variance_penalized_seed_42,2020-09-22,9013.8064852895,-0.007689426877235839,0.07991081049234217,-0.7606335807453989,1.7606335807453988,-0.5330085571718699,0.33838167470908764,,0.123263872051966,9082.928700783461
ppo_variance_penalized_seed_42,2020-09-23,9154.889059677276,0.015651830846160397,0.08212565666550387,-0.6525053414378497,1.6525053414378497,-0.5082972739574284,0.32802613659691426,,0.0544702513124791,9013.066220512841
ppo_variance_penalized_seed_42,2020-09-24,9134.631909014646,-0.002212713942307931,0.12924796018263374,-0.7854737563149232,1.7854737563149232,-0.5232123804758154,0.3295130225333328,,0.1739263529601876,9153.705808940615
ppo_variance_penalized_seed_42,2020-09-25,9025.933258594578,-0.011899620203940309,0.05264585447471326,-0.753603895985032,1.753603895985032,-0.5308604165634113,0.33749156291687404,,0.1655465878012666,9134.151008512485
ppo_variance_penalized_seed_42,2020-09-28,8925.514018481814,-0.011125635126666089,0.08906533368721092,-0.6831160446034299,1.68311604460343,-0.5278923906283318,0.34486239005619873,,0.0105644105670897,9025.129360837062
ppo_variance_penalized_seed_42,2020-09-29,8957.300234725852,0.003561275706723377,0.02465137442215548,-0.6525386410309987,1.6525386410309988,-0.5104786460896545,0.34252926440134507,,-0.0055633201582145,8925.293992293833
ppo_variance_penalized_seed_42,2020-09-30,8911.272731731246,-0.0051385464133674175,0.022271291677741556,-0.6834229796424459,1.683422979642446,-0.5165613260764284,0.34590770829164963,,-0.0026907383436588,8957.100744079678
ppo_variance_penalized_seed_42,2020-10-01,8873.493937932002,-0.0042394386230286685,0.027310308744008416,-0.6631181291815922,1.6631181291815922,-0.51302166560692,0.3486806924161433,,0.002251794724036,8911.02936212164
ppo_variance_penalized_seed_42,2020-10-02,8929.051615512519,0.006261082496830328,0.0033202223059818348,-0.6494649597887084,1.6494649597887086,-0.5001012777841631,0.34460272849958234,,0.0241575945326884,8873.464475959498
ppo_variance_penalized_seed_42,2020-10-05,8817.255161116034,-0.01252052952659155,0.053604607891650446,-0.7245708151153208,1.724570815115321,-0.5170418063154214,0.3528086493890509,,0.0884369439531869,8928.572977201826
ppo_variance_penalized_seed_42,2020-10-06,8900.510803453564,0.00944235375025615,0.05636090472255961,-0.6525122830200257,1.6525122830200258,-0.49294093043783754,0.3466976397124762,,0.1090885157229678,8816.758212637984
ppo_variance_penalized_seed_42,2020-10-07,8783.414962180605,-0.013156081022622224,0.09775200397490835,-0.7734245117170484,1.7734245117170484,-0.513802687899911,0.3552925384966892,,0.2150132458046228,8899.640760686127
ppo_variance_penalized_seed_42,2020-10-08,8731.540682879155,-0.0059059351658562464,0.12055308179685187,-0.6624907336623523,1.6624907336623522,-0.5040439541706051,0.3591001389652715,,0.1108551145615472,8782.356094438213
ppo_variance_penalized_seed_42,2020-10-09,8682.77818310608,-0.005584638673068132,0.04177374462197758,-0.6297508552766136,1.6297508552766136,-0.5012888886481591,0.36267933311477,,-0.0134909087892714,8731.175933728511
ppo_variance_penalized_seed_42,2020-10-12,8602.518983580641,-0.009243493019503557,0.05879998953106913,-0.5855141831352191,1.585514183135219,-0.5028181779972982,0.36857040225030896,,-0.1134734716438392,8682.267635839813
ppo_variance_penalized_seed_42,2020-10-13,8634.249621108582,0.0036885286261505446,0.017608220668025476,-0.5621164432148413,1.5621164432148413,-0.4874447180090206,0.3662413561036105,,-0.1112827051799082,8602.367508528077
ppo_variance_penalized_seed_42,2020-10-14,8667.53016553093,0.0038544802250082277,0.06107950300174192,-0.6168646294740905,1.6168646294740905,-0.48490493547970587,0.3637985459432838,,-0.0425970032373333,8633.722245432931
ppo_variance_penalized_seed_42,2020-10-15,8674.163707838316,0.0007653324742686873,0.012652210506988615,-0.6282500703359364,1.6282500703359364,-0.4855419857933575,0.36331164031031715,,-0.0225110661449376,8667.4205021147
ppo_variance_penalized_seed_42,2020-10-16,8677.39146612485,0.00037211175569784594,0.01902227806799428,-0.6466282837896034,1.6466282837896034,-0.48350932399542657,0.3630747210869607,,0.014899810288873,8673.998705484259
ppo_variance_penalized_seed_42,2020-10-19,8763.915651321424,0.009971220675516479,0.00988159246161735,-0.6401393162349456,1.6401393162349456,-0.4721116589796575,0.3567237985771039,,0.0429189051726926,8677.30571967875
ppo_variance_penalized_seed_42,2020-10-20,8737.340735641656,-0.003032310754355727,0.09356686004602977,-0.7388165910868233,1.7388165910868234,-0.48271202235157373,0.35867441192069965,,0.1672665013817332,8763.095639252222
ppo_variance_penalized_seed_42,2020-10-21,8748.601591170385,0.0012888195469811237,0.0379053075937813,-0.6986575468776084,1.6986575468776084,-0.47604294158367616,0.3578478589668038,,0.1754866682814751,8737.009544053519
ppo_variance_penalized_seed_42,2020-10-22,8715.35710729026,-0.0037999768915844,0.007209514021620844,-0.6978877726382069,1.697887772638207,-0.478846648375512,0.3602880222636114,,0.1206462286333273,8748.538518004545
ppo_variance_penalized_seed_42,2020-10-23,8695.41716575231,-0.0022879087216369776,0.03401421936214488,-0.6676323485106714,1.6676323485106714,-0.47502538248272935,0.3617516248768101,,0.0773470369063149,8715.060661221793
ppo_variance_penalized_seed_42,2020-10-26,8799.159588179202,0.011930701017484502,0.020884938213277637,-0.627298209673574,1.627298209673574,-0.4593398244764361,0.35413687433832014,,0.0325097388969624,8695.235562502065
ppo_variance_penalized_seed_42,2020-10-27,8822.413915607607,0.0026427895977299,0.1964529418881631,-0.8185867281948974,1.8185867281948975,-0.46633538706856054,0.35242999398826413,,0.38669047503396,8797.43096739196
ppo_variance_penalized_seed_42,2020-10-28,9057.385506472814,0.026633480713200486,0.038202366450970415,-0.734130417811168,1.7341304178111678,-0.44389467963879325,0.33518295072270343,,0.4468070371546322,8822.07687851822
ppo_variance_penalized_seed_42,2020-10-29,8967.388649914565,-0.009936295247004123,0.22189470578502346,-0.9752174355939749,1.975217435593975,-0.47834664751437495,0.3417887692095647,,0.9480484338748182,9055.375720580674
ppo_variance_penalized_seed_42,2020-10-30,9043.340217859848,0.008469753114359158,0.14840361856974393,-0.8112022751327909,1.811202275132791,-0.458076379898999,0.3362138825876712,,0.7441066275110758,8966.057856989795
ppo_variance_penalized_seed_42,2020-11-02,8952.21099839956,-0.010076942508511988,0.08071781458888883,-0.9110246637354716,1.9110246637354718,-0.47486675044561905,0.34290281713078363,,0.7692720511842686,9042.61025920088
ppo_variance_penalized_seed_42,2020-11-03,8819.557988910696,-0.014817904706734386,0.07600644617184249,-0.8624767473104057,1.8624767473104056,-0.4784493842881001,0.3526396205696033,,0.6975803335674434,8951.530572656191
ppo_variance_penalized_seed_42,2020-11-04,8660.027153404186,-0.018088302804641243,0.05557022599006267,-0.8400902202075841,1.8400902202075842,-0.48105589904375856,0.3643492711364678,,0.5754284469913702,8819.06788408012
ppo_variance_penalized_seed_42,2020-11-05,8549.714751158912,-0.012738112743897245,0.1969166448062779,-0.664046823219295,1.6640468232192949,-0.47414529529981064,0.3724462617864719,,0.1292090200194876,8658.321849913205
ppo_variance_penalized_seed_42,2020-11-06,8550.409969586977,8.131480971007576e-05,0.057254373268123104,-0.6065698161375929,1.606569816137593,-0.4591014100477645,0.3723952323736663,,-0.0225662145092899,8549.225242599214
ppo_variance_penalized_seed_42,2020-11-09,8494.330613079157,-0.006558674579030588,0.09188275482777841,-0.5245468946524163,1.5245468946524163,-0.4637949580663797,0.3765114878087755,,-0.2285682265501054,8549.624334364065
ppo_variance_penalized_seed_42,2020-11-10,8500.986267547933,0.0007835407840763864,0.030601826088855644,-0.5538835991769153,1.5538835991769153,-0.4543353274678446,0.37602295913107064,,-0.1668460079291394,8494.070671050995
ppo_variance_penalized_seed_42,2020-11-11,8468.48731707803,-0.0038229623536700785,0.04533212079099003,-0.5142720977710796,1.5142720977710797,-0.45690451927902115,0.37840839986786706,,-0.2419036577753682,8500.60089981161
ppo_variance_penalized_seed_42,2020-11-12,8504.599441471453,0.0042642945595015025,0.06768745583763847,-0.4403446723492691,1.4403446723492692,-0.4468646133511524,0.3757577501891918,,-0.3468931205130146,8467.914106716744
ppo_variance_penalized_seed_42,2020-11-13,8436.55775496821,-0.008000575097217189,0.12834622368497162,-0.5811395864824414,1.5811395864824414,-0.45734272061474124,0.380752047187659,,-0.2086429548016839,8503.507908249187
ppo_variance_penalized_seed_42,2020-11-16,8391.693112267127,-0.0053178848535306855,0.1685471456388592,-0.4199052450156447,1.4199052450156446,-0.45270260169053395,0.38404513649649963,,-0.381599334607038,8435.135797239593
ppo_variance_penalized_seed_42,2020-11-17,8409.594825045337,0.0021332659022099687,0.019608735749745032,-0.39728826381292787,1.3972882638129278,-0.44326269979879934,0.3827311409888872,,-0.4347828906758582,8391.528561774396
ppo_variance_penalized_seed_42,2020-11-18,8452.844119389183,0.005142851141298976,0.03278064630898986,-0.4227052701166263,1.4227052701166263,-0.4384226614127785,0.37955661913283356,,-0.419256523453908,8409.319153091776
ppo_variance_penalized_seed_42,2020-11-19,8434.23855515694,-0.0022011010695873745,0.08092071884363983,-0.5068209797345378,1.5068209797345378,-0.4437850575933616,0.3809222777220787,,-0.3378472851732919,8452.160109166769
ppo_variance_penalized_seed_42,2020-11-20,8459.094988962368,0.0029470868819840845,0.0666847557030894,-0.4358087358088293,1.4358087358088292,-0.4367368640939644,0.3790978018878248,,-0.3973333639141337,8433.676120019349
ppo_variance_penalized_seed_42,2020-11-23,8433.277668805635,-0.0030520191805885055,0.06287522343685248,-0.5031774555831509,1.5031774555831507,-0.44081438434621895,0.38099280730573276,,-0.3564991790476827,8458.563121474863
ppo_variance_penalized_seed_42,2020-11-24,8375.569257874628,-0.006842939743875398,0.08366932622485923,-0.4291690779537851,1.4291690779537851,-0.4428595772854721,0.3852286362263651,,-0.4400794052908536,8432.572062145218
ppo_variance_penalized_seed_42,2020-11-25,8379.564702400914,0.0004770355785106428,0.07262672909209078,-0.355797064191162,1.355797064191162,-0.4336108536760081,0.38493536841319553,,-0.5224196484838053,8374.960967675144
ppo_variance_penalized_seed_42,2020-11-27,8371.340757727787,-0.0009814286260920735,0.005301189309417642,-0.3518154260037229,1.351815426003723,-0.4331742916788331,0.38553901044953165,,-0.5567981268513753,8379.520280742096
ppo_variance_penalized_seed_42,2020-11-30,8382.908570055373,0.0013818350802299317,0.032365733039169065,-0.3175863010360305,1.3175863010360305,-0.4289525468079466,0.384689926698738,,-0.5926353906666775,8371.069813147642
ppo_variance_penalized_seed_42,2020-12-01,8353.834216351908,-0.0034682894917071883,0.0005307180358474217,-0.3216387096635905,1.3216387096635904,-0.43197642510854406,0.38682400016011037,,-0.6172616092891968,8382.904121094602
ppo_variance_penalized_seed_42,2020-12-02,8348.360684704687,-0.000655211906947728,0.019413179516037993,-0.3030540263230082,1.3030540263230082,-0.4273106071180235,0.38722576037626005,,-0.6045089312570557,8353.672041868618
ppo_variance_penalized_seed_42,2020-12-03,8348.944806803505,6.996847894802372e-05,0.017403432173085542,-0.3203420956761519,1.320342095676152,-0.42475714985892293,0.38718288549477503,,-0.5758775967396791,8348.215394575755
ppo_variance_penalized_seed_42,2020-12-04,8325.866755682986,-0.002764187769179305,0.00037377875736555044,-0.32437620528642397,1.3243762052864239,-0.4257965419767042,0.38887682706743415,,-0.5702801289175281,8348.94168614529
ppo_variance_penalized_seed_42,2020-12-07,8330.20246661172,0.000520751899587335,0.04772181280557375,-0.27592902575501427,1.2759290257550142,-0.42071498963166104,0.3885585835142476,,-0.611235386242582,8325.469430228228
ppo_variance_penalized_seed_42,2020-12-08,8322.048330783695,-0.0009788640625131295,0.04367927516928688,-0.32084358771041993,1.3208435877104199,-0.4204302248232183,0.3891571015431777,,-0.5751569358585644,8329.838609405964
ppo_variance_penalized_seed_42,2020-12-09,8341.743907908365,0.0023666742058940926,0.05124018628791932,-0.26654085713041836,1.2665408571304184,-0.41535865178001335,0.3877114354115463,,-0.625687096117064,8321.621907476929
ppo_variance_penalized_seed_42,2020-12-10,8341.733320238793,-1.2692393448476835e-06,0.1314251701294083,-0.39778407345940053,1.3977840734594005,-0.41597110307241203,0.38771221255228283,,-0.5045341371837958,8340.647592796093
ppo_variance_penalized_seed_42,2020-12-11,8345.319699575517,0.00042993214947584235,0.01679893265892446,-0.38036847693773423,1.3803684769377342,-0.41380545134295027,0.3874489703477277,,-0.488234237778244,8341.593188022487
ppo_variance_penalized_seed_42,2020-12-14,8360.883243069997,0.0018649427529147111,0.046607220341242206,-0.42425303952385496,1.424253039523855,-0.4106745882548707,0.3863065977441872,,-0.4303334766316055,8344.93074742146
ppo_variance_penalized_seed_42,2020-12-15,8303.870038661496,-0.006819040853818459,0.07465092046569277,-0.5090825610649315,1.5090825610649317,-0.4178219959045494,0.39049139812588846,,-0.3245016703691909,8360.259095439995
ppo_variance_penalized_seed_42,2020-12-16,8297.963303311684,-0.000711323192958413,0.15372053318140189,-0.3561183193228797,1.3561183193228796,-0.40999292728937226,0.3909249557307091,,-0.4732096198096684,8302.593563331684
ppo_variance_penalized_seed_42,2020-12-17,8281.137490034213,-0.0020277039874057046,0.005508961389248002,-0.3643863512047115,1.3643863512047116,-0.40963332212573605,0.3921599796266033,,-0.5086512096640364,8297.917590152238
ppo_variance_penalized_seed_42,2020-12-18,8302.083662787145,0.0025293835270987497,0.05053120980342063,-0.31047405921342486,1.310474059213425,-0.40345137447669627,0.3906225190919595,,-0.5582023180192586,8280.719034138292
ppo_variance_penalized_seed_42,2020-12-21,8311.737576060405,0.001162830159918915,0.020481684576247994,-0.32938263734916146,1.3293826373491615,-0.4031734183090914,0.38991391657838415,,-0.5912206650117584,8301.913622128239
ppo_variance_penalized_seed_42,2020-12-22,8317.47209238485,0.0006899299059877073,0.1969032494153649,-0.5249332590538288,1.524933259053829,-0.40201068735422074,0.3894929999442046,,-0.3106368249343207,8310.10096792339
ppo_variance_penalized_seed_42,2020-12-23,8313.470724855099,-0.0004810797662208044,0.09263108210146676,-0.4328588206382747,1.4328588206382746,-0.4015514979281148,0.3897867025090676,,-0.3897607878577951,8316.701635944584
ppo_variance_penalized_seed_42,2020-12-24,8300.238206156848,-0.001591696072097637,0.03191470690689041,-0.40313276391956393,1.4031327639195639,-0.40104891621249433,0.3907579766178257,,-0.4682084089829041,8313.205402873537
ppo_variance_penalized_seed_42,2020-12-28,8278.307661703779,-0.0026421584427301914,0.10813182335826937,-0.298291200805672,1.298291200805672,-0.400511721787638,0.39236769057357096,,-0.6156661669193918,8299.340686265308
ppo_variance_penalized_seed_42,2020-12-29,8283.041455413872,0.0005718310919986536,0.0030360277404705704,-0.30057956584720785,1.300579565847208,-0.3957099872397028,0.392020227526538,,-0.6061212804122721,8278.282528532074
ppo_variance_penalized_seed_42,2020-12-30,8277.793576021759,-0.000633569132831302,0.08436990967960184,-0.3857105709094148,1.3857105709094149,-0.39533667033174075,0.392405424743763,,-0.4984645761930652,8282.342615954405
ppo_variance_penalized_seed_42,2020-12-31,8263.017274427806,-0.0017850531616003806,0.042785201169882325,-0.34526928960604714,1.3452692896060472,-0.3949274901143689,0.39349001336129535,,-0.5277852380797079,8277.439408958366
ppo_variance_penalized_seed_42,2021-01-04,8300.607195703904,0.004549176169875713,0.01035085021777199,-0.32885940630318644,1.3288594063031864,-0.38715848682930987,0.39073089258328697,,-0.5343949912150368,8262.931745173652
ppo_variance_penalized_seed_42,2021-01-05,8263.448345098594,-0.004476642458703828,0.28055850904105184,-0.6162015358707865,1.6162015358707866,-0.3946970848083647,0.39345837253832516,,-0.1958075701443868,8298.278389724941
ppo_variance_penalized_seed_42,2021-01-06,8240.382678527763,-0.0027912882863860844,0.1792126456997355,-0.4407529203403249,1.4407529203403249,-0.39149167009351027,0.3951514050782645,,-0.3335479297679812,8261.967430658065
ppo_variance_penalized_seed_42,2021-01-07,8185.363613630649,-0.006676760903407963,0.008092644978736352,-0.45857237936359796,1.458572379363598,-0.3940145797954784,0.3991898345293192,,-0.3603959788345364,8240.315992036258
ppo_variance_penalized_seed_42,2021-01-08,8171.389018803451,-0.0017072662238152292,0.1927014505992547,-0.26779145112344355,1.2677914511234436,-0.38752041837764073,0.4002155774317521,,-0.586597085360177,8183.786282188619
ppo_variance_penalized_seed_42,2021-01-11,8184.547029534704,0.0016102538627122964,0.025170506146636906,-0.24059199951939703,1.240591999519397,-0.3827294818641645,0.39924977224851693,,-0.6582237723302314,8171.1833408059265
ppo_variance_penalized_seed_42,2021-01-12,8182.349391716949,-0.00026851062249688695,0.17974365092463374,-0.4204617632009516,1.4204617632009515,-0.38312404749288265,0.3994110800661356,,-0.4554975549183051,8183.075909170451
ppo_variance_penalized_seed_42,2021-01-13,8174.268750486766,-0.000987569809517419,0.08543976074237919,-0.3362275564915328,1.336227556491533,-0.382371212107545,0.400004203551393,,-0.5231216848907005,8181.65029374261
ppo_variance_penalized_seed_42,2021-01-14,8181.733117109773,0.0009131540509432767,0.05869664790693807,-0.2762904719879871,1.276290471987987,-0.3790200552763685,0.39945631495931694,,-0.6215768967412542,8173.7889483120225
ppo_variance_penalized_seed_42,2021-01-15,8202.699713485865,0.002562610644466723,0.08707759217712824,-0.35976479761250374,1.3597647976125038,-0.37596545232502726,0.3979173553195644,,-0.5403016595238772,8181.0206714901
ppo_variance_penalized_seed_42,2021-01-19,8174.297128706331,-0.0034625898510995956,0.07207162864558342,-0.4367079618827019,1.436707961882702,-0.3805819934616113,0.4000021205745581,,-0.4547566807247573,8202.108531558224
ppo_variance_penalized_seed_42,2021-01-20,8136.290638775486,-0.004649511674511442,0.10853617223655321,-0.3342311583110923,1.3342311583110922,-0.380402503977143,0.40279181771962874,,-0.5530337311145016,8173.409921785257
ppo_variance_penalized_seed_42,2021-01-21,8133.7265701772285,-0.0003151397500523734,0.11839211505147162,-0.2160783321253571,1.216078332125357,-0.3746402608001707,0.4029800217569218,,-0.6982003151956254,8135.327366118087
ppo_variance_penalized_seed_42,2021-01-22,8139.969610239809,0.0007675497828352196,0.0010866313584533271,-0.21623012370686373,1.2162301237068638,-0.3721595392040324,0.40252177920227306,,-0.7252433202538535,8133.717731814876
ppo_variance_penalized_seed_42,2021-01-25,8131.048459359944,-0.0010959685732294666,0.04920232348818937,-0.2667585124980025,1.2667585124980025,-0.3726270236073183,0.4031765965554564,,-0.6803240407508724,8139.569104821862
ppo_variance_penalized_seed_42,2021-01-26,8134.691126126538,0.0004479947186146749,0.05639140701188522,-0.32248283989650656,1.3224828398965065,-0.36970181023725873,0.40290922282276753,,-0.5758005709743513,8130.5899380968385
ppo_variance_penalized_seed_42,2021-01-27,8195.413473304783,0.007464616201987129,0.016386911942786464,-0.2963974159196715,1.2963974159196714,-0.3615862619119997,0.3984521693333933,,-0.5927094334622085,8134.557823659372
ppo_variance_penalized_seed_42,2021-01-28,8119.7133438891615,-0.009236889592233788,0.69725319929563,-1.0108343912053959,2.010834391205396,-0.377205334005354,0.40400860022970847,,0.6149059939431424,8189.699195040971
ppo_variance_penalized_seed_42,2021-01-29,8202.114395827295,0.010148271059365443,0.47970097789057653,-0.5150240523742194,1.5150240523742196,-0.35690501800792995,0.39796031795578896,,0.0104230393710318,8115.818309457906
ppo_variance_penalized_seed_42,2021-02-01,8089.881177261195,-0.013683449553348881,0.28984685111775443,-0.8293799962363281,1.829379996236328,-0.38005428373565325,0.40619829757415515,,0.2526377708930529,8199.737038797157
ppo_variance_penalized_seed_42,2021-02-02,8021.450540689376,-0.008458793778598706,0.24860944407797236,-0.5938596880836903,1.5938596880836902,-0.373646707833418,0.4112211437203562,,0.0031282757989204,8087.869956399059
ppo_variance_penalized_seed_42,2021-02-03,8017.382054168385,-0.0005072008485688118,0.18859697941974984,-0.40571065800037537,1.4057106580003753,-0.3643269214327311,0.4115197728558806,,-0.4043358252961432,8019.937719346837
ppo_variance_penalized_seed_42,2021-02-04,7990.050744368598,-0.0034090067824044112,0.11594005482044373,-0.2940324324443471,1.294032432444347,-0.36593609244114117,0.4135259059415257,,-0.6373405755443162,8016.452518453509
ppo_variance_penalized_seed_42,2021-02-05,7982.67261227916,-0.0009234149225696431,0.07963184297825215,-0.21542622722454355,1.2154262272245435,-0.3621316624741653,0.41406746487167984,,-0.7401848096245571,7989.414481902334
ppo_variance_penalized_seed_42,2021-02-08,7972.978253110042,-0.0012144252482816364,0.054855307710841156,-0.1619183189818047,1.1619183189818048,-0.36111955697817044,0.4147790361361293,,-0.8222409328640775,7982.234720316658
ppo_variance_penalized_seed_42,2021-02-09,7973.786829413856,0.00010141458789236779,0.019126647000632435,-0.18090261580015848,1.1809026158001585,-0.3585113925060865,0.41471968619325306,,-0.7936617201162512,7972.825756769451
ppo_variance_penalized_seed_42,2021-02-10,7974.310069466908,6.562002022958424e-05,0.02336963950131704,-0.20416509455514315,1.2041650945551432,-0.3572645998369659,0.4146812800872211,,-0.7637361250673007,7973.600484890192
ppo_variance_penalized_seed_42,2021-02-11,7971.281160041692,-0.00037983341490743783,0.019158310233827802,-0.22376479474069563,1.2237647947406955,-0.356434606278379,0.41490360369541485,,-0.7364032572859182,7974.157295160697
ppo_variance_penalized_seed_42,2021-02-12,7964.350834590806,-0.0008694117434504545,0.059873747501392044,-0.1648340811499452,1.1648340811499451,-0.35565740479827573,0.4154122933734126,,-0.8063032239411334,7970.803889566253
ppo_variance_penalized_seed_42,2021-02-16,7964.147741220842,-2.55003043162505e-05,0.09016125551546567,-0.0746033344953007,1.0746033344953008,-0.3535571780800174,0.41542720053783116,,-0.9231312556263124,7963.632758720193
ppo_variance_penalized_seed_42,2021-02-17,7962.8392744219045,-0.00016429464161815677,0.1197084035189205,-0.19436499663184253,1.1943649966318426,-0.35244821242268337,0.4155232427164185,,-0.7969472731990006,7963.194365809352
ppo_variance_penalized_seed_42,2021-02-18,7968.449711856331,0.0007045775057206161,0.02333021350691883,-0.17018297802951263,1.1701829780295125,-0.35034713115899413,0.4151114335406199,,-0.7977878175303572,7962.653499681511
ppo_variance_penalized_seed_42,2021-02-19,7971.378199118612,0.0003675102897271465,0.08748426545116975,-0.2570952219564686,1.2570952219564686,-0.3494570206724937,0.4148964809741023,,-0.7150456858550434,7967.752597886505
ppo_variance_penalized_seed_42,2021-02-22,7984.256642800238,0.0016155855813051456,0.041631464441515,-0.21345271926191764,1.2134527192619176,-0.3470072530335479,0.41395119616519316,,-0.7582869940144594,7971.046338970566
ppo_variance_penalized_seed_42,2021-02-23,7979.816277380225,-0.0005561401165651292,0.1341162099334864,-0.3481379519557428,1.3481379519557428,-0.3479633055815427,0.41427712141527073,,-0.6370409557544483,7983.18582456017
ppo_variance_penalized_seed_42,2021-02-24,7953.628979984667,-0.0032816917689934,0.05533061133379458,-0.2969921372226274,1.2969921372226274,-0.3495094643289867,0.41619928336483336,,-0.6664729092961816,7979.374749267266
ppo_variance_penalized_seed_42,2021-02-25,7982.268428171347,0.0036008026347156274,0.14165425220046401,-0.15102959609576438,1.1510295960957644,-0.34149647369415864,0.4140971322062245,,-0.8212301645001946,7952.502314619228
ppo_variance_penalized_seed_42,2021-02-26,8007.551168638621,0.0031673628486414973,0.5758584644739988,-0.7204443459583413,1.7204443459583412,-0.340791886858924,0.41224136522986204,,-0.1482765672569006,7977.671771331281
ppo_variance_penalized_seed_42,2021-03-01,7904.242373828444,-0.0129014217498582,0.19620307732354514,-0.5438601993620971,1.543860199362097,-0.3562689610638999,0.41982428726415244,,-0.2284064752891423,8005.980062457508
ppo_variance_penalized_seed_42,2021-03-02,7918.582665012009,0.0018142524615700761,0.27592531076079396,-0.26528947872177167,1.2652894787217717,-0.34031879786859,0.41877170204917824,,-0.6336766953462498,7902.061393295117
ppo_variance_penalized_seed_42,2021-03-03,7959.09968029589,0.005116700424547371,0.13093907314285236,-0.3889389464949461,1.388938946494946,-0.3359785834537262,0.4157977309702943,,-0.5630744824258629,7917.545813137247
ppo_variance_penalized_seed_42,2021-03-04,8011.727892934016,0.006612332393375775,0.15827579998027363,-0.5368079746701705,1.5368079746701704,-0.333515632661119,0.4119347913825056,,-0.3300759907554155,7957.839947426868
ppo_variance_penalized_seed_42,2021-03-05,7919.818258096023,-0.011471886722345337,0.08235434642052775,-0.6378178367308087,1.6378178367308087,-0.35088439003860344,0.41868100884111786,,-0.1590849258276594,8011.068092319695
ppo_variance_penalized_seed_42,2021-03-08,7931.99126712049,0.0015370313595295393,0.2739725479772992,-0.36137915013873007,1.36137915013873,-0.3366821251649901,0.4177875033218167,,-0.5035952037945599,7917.648445308335
ppo_variance_penalized_seed_42,2021-03-09,7875.397673505044,-0.007134853242972805,0.12935116530812357,-0.5012486767330881,1.5012486767330881,-0.3443761163396796,0.4219415040418403,,-0.4260780098672345,7930.965254806874
ppo_variance_penalized_seed_42,2021-03-10,7857.179236457224,-0.002313335504200875,0.1543465446987864,-0.3498168215215682,1.3498168215215682,-0.33840775165703646,0.42327874728404524,,-0.5491292449321689,7874.182133086009
ppo_variance_penalized_seed_42,2021-03-11,7834.402136147776,-0.0028988902536118966,0.07087706775073993,-0.28256712761710345,1.2825671276171033,-0.33788539762446124,0.42495059890259435,,-0.6757808419421294,7856.622342632152
ppo_variance_penalized_seed_42,2021-03-12,7831.553264481168,-0.00036363612910084164,0.04874716606925189,-0.23420861916606292,1.2342086191660628,-0.3342300724602217,0.42515970764085115,,-0.7293437251122816,7834.020231245792
ppo_variance_penalized_seed_42,2021-03-15,7823.905664889228,-0.000976511214783482,0.08464339928691253,-0.15059148225729627,1.1505914822572962,-0.3337342550716031,0.4257210456330493,,-0.8499149195779911,7830.890375191166
ppo_variance_penalized_seed_42,2021-03-16,7824.629013308455,9.245362229659548e-05,0.04310960773174924,-0.10733175458457064,1.1073317545845707,-0.33156569154640175,0.42566795146350933,,-0.9097374694819284,7823.568379385085
ppo_variance_penalized_seed_42,2021-03-17,7822.244412600052,-0.00030475575319255377,0.025406101663370845,-0.0822279806114268,1.0822279806114268,-0.33086920891616134,0.42584298245954366,,-0.9581946044722924,7824.430219988265
ppo_variance_penalized_seed_42,2021-03-18,7823.814116482115,0.0002006718020131082,0.0640335826999974,-0.017924930446139298,1.0179249304461393,-0.32927972501606306,0.42572776533619533,,-1.0370217287941854,7821.743526265558
ppo_variance_penalized_seed_42,2021-03-19,7832.321269031269,0.0010873408317859656,0.24242693603754906,-0.25867771157251584,1.2586777115725158,-0.3273250862830613,0.42510333568688446,,-0.8059444577610255,7821.91741319773
ppo_variance_penalized_seed_42,2021-03-22,7821.702160638744,-0.0013558060283498374,0.1015895510576843,-0.15854136982136713,1.1585413698213671,-0.3286963267608423,0.4258827840500384,,-0.8943151488098354,7831.525587029809
ppo_variance_penalized_seed_42,2021-03-23,7817.074721205823,-0.0005916153975036309,0.2073705453532313,0.048463476685978675,0.9515365233140213,-0.32686528317261737,0.4262224406349663,,-1.155683118743034,7820.080169996102
ppo_variance_penalized_seed_42,2021-03-24,7821.2009525363455,0.0005278485210495898,0.18962976136634518,-0.14034795460880115,1.1403479546088011,-0.32469217765585506,0.42591957299884403,,-0.9945494687315648,7815.592371191858
ppo_variance_penalized_seed_42,2021-03-25,7811.980596280453,-0.0011788926421718582,0.05877532365142987,-0.2004680223201291,1.2004680223201292,-0.32534745345220284,0.42659635219025055,,-0.8922383520135697,7820.741258919017
ppo_variance_penalized_seed_42,2021-03-26,7808.976082726274,-0.0003846033047764097,0.18828325340495272,-0.01238355753576755,1.0123835575357676,-0.32350739213458685,0.426816885128169,,-1.0944894518030022,7810.5097311582485
ppo_variance_penalized_seed_42,2021-03-29,7807.547474385086,-0.00018294438682531222,0.1257097494379282,0.1132754341624297,0.8867245658375703,-0.3222679077097093,0.42692174576165787,,-1.2466140842952032,7807.994418299548
ppo_variance_penalized_seed_42,2021-03-30,7807.892151251612,4.4146624488261565e-05,0.20854388483982456,-0.09499169895239676,1.0949916989523967,-0.321010731394888,0.4268964462911657,,-1.0147510412977032,7805.919258103707
ppo_variance_penalized_seed_42,2021-03-31,7809.130665791659,0.00015862341795402912,0.17807283261605109,0.083389807845073,0.916610192154927,-0.31987341636630706,0.4268055386466348,,-1.2035915949010692,7806.501777779477
ppo_variance_penalized_seed_42,2021-04-01,7817.415843865878,0.0010609603589439853,0.016373466347737065,0.10073210178062657,0.8992678982193735,-0.3179632894377006,0.42619740204517265,,-1.2521028451836504,7809.002803253498
ppo_variance_penalized_seed_42,2021-04-05,7857.541356859469,0.00513283593901126,0.2762285930092599,0.3803135449678615,0.6196864550321385,-0.31300150809256577,0.4232521674484921,,-1.6204213633674094,7815.256450086358
ppo_variance_penalized_seed_42,2021-04-06,7855.515658793292,-0.0002578030422211164,0.08111527512380634,0.2990744148209742,0.7009255851790258,-0.3173731522847369,0.4234008547943183,,-1.54398921514429,7856.90399023051
ppo_variance_penalized_seed_42,2021-04-07,7858.162278736211,0.0003369123120462447,0.00426644429713996,0.29504848603079864,0.7049515139692013,-0.3157819063766415,0.4232065914431832,,-1.516648279795646,7855.482143673308
ppo_variance_penalized_seed_42,2021-04-08,7872.349707427851,0.0018054384967374215,0.10812370892693451,0.4043122038727698,0.5956877961272302,-0.31334147803743506,0.42216522641871035,,-1.6878759907015009,7857.312625085285
ppo_variance_penalized_seed_42,2021-04-09,7896.05909122441,0.0030117289853355267,0.01153941894713073,0.417612357296982,0.582387642703018,-0.3111943372779272,0.42042494468238073,,-1.7364056840185984,7872.258865086479
ppo_variance_penalized_seed_42,2021-04-12,7897.108274343823,0.00013287427402608465,0.03049566014762861,0.44819816802277906,0.5518018319772209,-0.31308917106260636,0.4203479340676618,,-1.7845792035787733,7895.818295689858
ppo_variance_penalized_seed_42,2021-04-13,7906.641382724449,0.001207164451777487,0.03055623029008253,0.4183618652797909,0.5816381347202091,-0.31105156941368856,0.4196481986992689,,-1.7426509138213129,7896.866968484766
ppo_variance_penalized_seed_42,2021-04-14,7894.22190317531,-0.0015707655056006464,0.03217390895116612,0.44968904317459335,0.5503109568254066,-0.3128624468795414,0.4205597952898653,,-1.7867954584809362,7906.386995164491
ppo_variance_penalized_seed_42,2021-04-15,7926.852672181552,0.00413350035082205,0.05935851992210617,0.39287625852863284,0.6071237414713672,-0.30627459661577805,0.4181646790004156,,-1.7141418181535928,7893.753313847201
ppo_variance_penalized_seed_42,2021-04-16,7938.465405610314,0.0014649866610383366,0.06485844548900632,0.45856307237853833,0.5414369276214617,-0.3079923051041537,0.4173122980162303,,-1.7883367996114012,7926.338548839614
ppo_variance_penalized_seed_42,2021-04-19,7919.752767164121,-0.0023572110590754924,0.017640667264558596,0.47497538593207256,0.5250246140679274,-0.3108723657151755,0.4186858159113337,,-1.842551543751521,7938.325365783502
ppo_variance_penalized_seed_42,2021-04-20,7898.913022786281,-0.0026313629971181918,0.1338052537718858,0.33952032528144244,0.6604796747185575,-0.3102120868216613,0.4202154645450446,,-1.640361041290418,7918.6930626353
ppo_variance_penalized_seed_42,2021-04-21,7910.422287037632,0.0014570693737416818,0.1677706440470827,0.173093497463565,0.826906502536435,-0.3051951259149856,0.41937067825506413,,-1.3863247137068526,7897.587817061176
ppo_variance_penalized_seed_42,2021-04-22,7880.914083331643,-0.0037302943680189715,0.21219095616688238,0.3831137233063436,0.6168862766936565,-0.30948122142267914,0.421536596543876,,-1.6288186049055848,7908.743766968862
ppo_variance_penalized_seed_42,2021-04-23,7892.658060133986,0.0014901795246291538,0.2248960398718572,0.15965925551505927,0.8403407444849407,-0.3033404376172353,0.4206745822242984,,-1.3962620378677255,7879.141696963731
ppo_variance_penalized_seed_42,2021-04-26,7897.435285606315,0.0006052746027931377,0.25025333069709893,0.41041711709812295,0.589582882901877,-0.30330598978934936,0.4203239312621662,,-1.6761943114770432,7890.682896166384
ppo_variance_penalized_seed_42,2021-04-27,7896.19136422319,-0.0001575095379878766,0.08804295203998697,0.3223270852893198,0.6776729147106801,-0.30315137993373753,0.42041523577193574,,-1.6045490822666568,7896.739972090226
ppo_variance_penalized_seed_42,2021-04-28,7895.2599825167545,-0.00011795328449815123,0.019666395631471822,0.3419287998778359,0.658071200122164,-0.30220025157684316,0.4204835996985215,,-1.607766995881305,7896.03607459984
ppo_variance_penalized_seed_42,2021-04-29,7913.449713028864,0.002303879866196734,0.023245374430940935,0.36664809776856183,0.6333519022314382,-0.2989010880131692,0.4191484635317361,,-1.6513960617545282,7895.076454242231
ppo_variance_penalized_seed_42,2021-04-30,7896.272968445523,-0.002170576070643526,0.0427966017873454,0.3224096714867216,0.6775903285132784,-0.30247990172456823,0.42040924597739066,,-1.570048104966696,7913.111044272731
ppo_variance_penalized_seed_42,2021-05-03,7897.7957214821145,0.00019284452838408406,0.1591704904450041,0.1635336766252966,0.8364663233747034,-0.2992201125590219,0.42029747507177534,,-1.3585901379539385,7895.016114804447
ppo_variance_penalized_seed_42,2021-05-04,7885.514304988224,-0.0015550435750680824,0.07619417810340212,0.238601775623057,0.761398224376943,-0.30008023531624406,0.4211989377586157,,-1.4152400852917872,7897.193955428287
ppo_variance_penalized_seed_42,2021-05-05,7883.806998476293,-0.00021651175128178934,0.22177420534858477,0.01683274529467621,0.9831672547053238,-0.2978554005071975,0.42132425499024534,,-1.170502511149699,7883.76550131947
ppo_variance_penalized_seed_42,2021-05-06,7889.837308464645,0.0007648982261383441,0.09026531257142029,0.10786105143822258,0.8921389485617774,-0.29600004684513403,0.42088162693937814,,-1.230458555042488,7883.095364173323
ppo_variance_penalized_seed_42,2021-05-07,7901.7733500514405,0.0015128374794231014,0.11596298766337806,0.225086365175058,0.774913634824942,-0.29439194911559885,0.4200055149595895,,-1.3790695263015285,7888.922379358177
ppo_variance_penalized_seed_42,2021-05-10,7866.13690922997,-0.004509929511106292,0.20930650429744566,0.43194938649816617,0.5680506135018338,-0.29959638319051035,0.42262124920395217,,-1.7154865124604768,7900.119457493791
ppo_variance_penalized_seed_42,2021-05-11,7868.09030060027,0.00024832918532191606,0.5178417285291682,-0.08506056945637006,1.08506056945637,-0.29396529109325575,0.42247786920914476,,-1.0922801198484522,7862.063495296047
ppo_variance_penalized_seed_42,2021-05-12,7928.362122622658,0.007660286005841899,0.28922632057353714,-0.36344503119707805,1.363445031197078,-0.2859247246767611,0.41805388451258363,,-0.6370393474399949,7865.814641792687
ppo_variance_penalized_seed_42,2021-05-13,7832.924957713194,-0.012037437674188078,0.5900707368540694,-0.9761508482328343,1.9761508482328343,-0.3051903379997833,0.4250590246074993,,0.5579331104402602,7923.683828142916
ppo_variance_penalized_seed_42,2021-05-14,7783.607782662071,-0.006296137817911718,0.6053177791467594,-0.3786836617991051,1.3786836617991052,-0.2986349553168024,0.42867893222573505,,-0.3612020558429238,7828.183548973568
ppo_variance_penalized_seed_42,2021-05-17,7776.083446420032,-0.0009666900558376046,0.5446400695845208,0.16560405908680387,0.8343959409131961,-0.2924389344081735,0.429231222620643,,-1.2573931573464463,7779.368517977704
ppo_variance_penalized_seed_42,2021-05-18,7779.940541304726,0.0004960202538040193,0.2525054928526921,-0.0860882634076039,1.086088263407604,-0.2901377999154465,0.42894810974682385,,-1.058536452824842,7774.119942636929
ppo_variance_penalized_seed_42,2021-05-19,7784.866084926828,0.0006331081318617926,0.25134429989729723,-0.3362504162488864,1.3362504162488864,-0.2891685310647166,0.42858657215138946,,-0.7116301422291762,7777.985097596129
ppo_variance_penalized_seed_42,2021-05-20,7749.244024902888,-0.0045758089651550815,0.08154551008358735,-0.4241971655989626,1.4241971655989625,-0.2935977817700343,0.43120125083734917,,-0.5290608912222639,7784.231264051
ppo_variance_penalized_seed_42,2021-05-21,7748.037824148986,-0.0001556539902506371,0.27652340971479206,-0.14753501562808807,1.1475350156280881,-0.288339976177235,0.4312897866323059,,-0.8412905490119578,7747.10117752241
ppo_variance_penalized_seed_42,2021-05-24,7738.149807954431,-0.0012761961697884683,0.024774645254362182,-0.12416721227435046,1.1241672122743505,-0.28863878665554277,0.43201557242832533,,-0.9434657255266268,7747.845869260475
ppo_variance_penalized_seed_42,2021-05-25,7732.816939270911,-0.0006891658621080987,0.2997383857038396,0.17524989677918318,0.8247501032208169,-0.2872324896927046,0.4324070079060167,,-1.3016812274868417,7735.83038742266
ppo_variance_penalized_seed_42,2021-05-26,7732.334545493732,-6.238267127844921e-05,0.13742924092662695,0.03789286861654589,0.9621071313834542,-0.28579270015168107,0.4324424158730625,,-1.1991630056426097,7731.754224108722
ppo_variance_penalized_seed_42,2021-05-27,7731.582419430385,-9.727024340722146e-05,0.24656848063234021,0.2845681883003702,0.7154318116996299,-0.28501928926193015,0.4324976223374181,,-1.4962253910221917,7730.427995513109
ppo_variance_penalized_seed_42,2021-05-28,7735.704243477313,0.0005331151921201815,0.03057348955607514,0.315527519043391,0.684472480956609,-0.28358866147964806,0.43219507819832187,,-1.6102040363741736,7731.346037976033
ppo_variance_penalized_seed_42,2021-06-01,7733.540639190293,-0.00027969066796262876,0.014772197063868286,0.3005700273234513,0.6994299726765487,-0.28360157931965635,0.4323538879361731,,-1.590348913894112,7735.5899701298
ppo_variance_penalized_seed_42,2021-06-02,7733.764052424183,2.8888867895426884e-05,0.17249196896144414,0.12825364165988548,0.8717463583401145,-0.28249870094560536,0.43233748928263027,,-1.3418309176338956,7732.206665538396
ppo_variance_penalized_seed_42,2021-06-03,7726.764586566184,-0.0009050529354854842,0.09108426875385658,0.21870190031070294,0.7812980996892971,-0.2826417524718691,0.4328512539043201,,-1.4162357204598155,7733.059628180753
ppo_variance_penalized_seed_42,2021-06-04,7732.3655624400335,0.0007248798395627087,0.12568982816476407,0.09378296975822902,0.906217030241771,-0.2802305319982529,0.43244013921224206,,-1.2902126401976055,7725.793410853029
ppo_variance_penalized_seed_42,2021-06-07,7727.54882130579,-0.0006229324125130997,0.2700446462181046,0.3636029785908486,0.6363970214091514,-0.280795696071054,0.43279369064556816,,-1.608056426490088,7730.277478517295
ppo_variance_penalized_seed_42,2021-06-08,7727.549513063068,8.951833163628464e-08,0.06381158292663353,0.2998361397611372,0.7001638602388628,-0.2793956516367263,0.43279363987020564,,-1.593359785069718,7727.05571418336
ppo_variance_penalized_seed_42,2021-06-09,7724.4126946263195,-0.00040592666943717326,0.08411167152993604,0.21547197410848798,0.784528025891512,-0.27902806642396577,0.4330238840588567,,-1.4480085427851028,7726.899535956694
ppo_variance_penalized_seed_42,2021-06-10,7726.889677139297,0.0003206693648956094,0.12054315069702329,0.09532802413063668,0.9046719758693633,-0.2775347210590118,0.4328420721878468,,-1.2708095130754715,7723.481569582826
ppo_variance_penalized_seed_42,2021-06-11,7729.5056749024525,0.00033855766970436463,0.27770451595229484,0.3734187856537151,0.6265812143462849,-0.27675443080161466,0.4326500565214524,,-1.617220821692743,7724.743884981691
ppo_variance_penalized_seed_42,2021-06-14,7736.092712024142,0.0008521938399084217,0.013023994840974829,0.3869731891326715,0.6130268108673285,-0.2754865344606495,0.43216656439454754,,-1.7170388341618743,7729.405005860419
ppo_variance_penalized_seed_42,2021-06-15,7731.202065121494,-0.0006321856633189071,0.09295295359418881,0.29363930733973526,0.7063606926602648,-0.27621367403566516,0.43252554055169046,,-1.5608221774389248,7735.373619357281
ppo_variance_penalized_seed_42,2021-06-16,7721.49319470874,-0.0012558034741525503,0.08369249614054702,0.20901961680944567,0.7909803831905543,-0.27608575583493755,0.43323817694935846,,-1.4239211997301666,7730.555021522498
ppo_variance_penalized_seed_42,2021-06-17,7719.95831286568,-0.00019878044367260816,0.19370148200984602,0.015313132643825611,0.9846868673561744,-0.27427981049077976,0.43335083811600117,,-1.1828023041439797,7719.9975300335955
ppo_variance_penalized_seed_42,2021-06-18,7704.935104494414,-0.001946021955355537,0.09546092993008415,0.10912528715815309,0.8908747128418469,-0.27528832863564556,0.43445354982601125,,-1.2596603785632985,7719.221358466113
ppo_variance_penalized_seed_42,2021-06-21,7646.367863993803,-0.007601263308038453,0.5985715695449328,-0.49995630501273286,1.499956305012733,-0.28035944044445177,0.43875241730671016,,-0.6340766827268104,7700.3231493956755
ppo_variance_penalized_seed_42,2021-06-22,7647.363868494867,0.00013025851211700967,0.6450752270078959,0.1457816538114191,0.8542183461885808,-0.27186376641453636,0.4386793100316592,,-1.2244523204914382,7641.435381508152
ppo_variance_penalized_seed_42,2021-06-23,7644.293445572142,-0.000401500827673984,0.10239787132552852,0.2479545630878238,0.7520454369121762,-0.2716627414416797,0.43890468075327205,,-1.4765026445802332,7646.580794713482
ppo_variance_penalized_seed_42,2021-06-24,7656.148479976441,0.0015508345524288814,0.017092331462499694,0.2661974629415415,0.7338025370584584,-0.2689961896892555,0.4380345147449781,,-1.537663839599695,7644.162786774774
ppo_variance_penalized_seed_42,2021-06-25,7664.514658025949,0.0010927397857274368,0.057701597546205685,0.3246760259667414,0.6753239740332586,-0.26873711626672603,0.43742043270103426,,-1.6048006575770777,7655.706707978095
ppo_variance_penalized_seed_42,2021-06-28,7669.816236759437,0.0006917044287906293,0.0366235484084112,0.36176443621718934,0.6382355637828107,-0.26842158625136286,0.4370312939227864,,-1.6684466353679055,7664.233956302343
ppo_variance_penalized_seed_42,2021-06-29,7671.022943149212,0.00015733185157573715,0.024264221640468153,0.3376205030110585,0.6623794969889415,-0.2682400948621835,0.4369427210138801,,-1.63302434785893,7669.630134638326
ppo_variance_penalized_seed_42,2021-06-30,7672.69010315618,0.00021733216277985967,0.03628546625645035,0.30151219200454354,0.6984878079954564,-0.26746854916516666,0.4368203505576691,,-1.5660659418197924,7670.744596505056
ppo_variance_penalized_seed_42,2021-07-01,7686.43688708504,0.0017916511346138808,0.026969362980502842,0.32970060807581014,0.6702993919241899,-0.2652022307540659,0.43581132909975434,,-1.5943910277829916,7672.483175591751
ppo_variance_penalized_seed_42,2021-07-02,7708.10538582928,0.00281905635375046,0.045022051512049965,0.3765084686195372,0.6234915313804628,-0.2635034227497983,0.4342208494423389,,-1.654548701003993,7686.090827927565
ppo_variance_penalized_seed_42,2021-07-06,7701.82195169038,-0.0008151723185377824,0.0458655116642,0.42192924611996285,0.5780707538800371,-0.2664313727410806,0.43468205694427936,,-1.7254767881335145,7707.751849631797
ppo_variance_penalized_seed_42,2021-07-07,7705.851669894017,0.0005232162245392136,0.2134398131890165,0.2090721990564113,0.7909278009435887,-0.2643976553950489,0.43438627342444946,,-1.4177841383124885,7700.1780762517965
ppo_variance_penalized_seed_42,2021-07-08,7687.44135719873,-0.0023891340612244294,0.07496595721456953,0.2823773322773622,0.7176226677226378,-0.26662501795750126,0.4357376004441072,,-1.4574510914001937,7705.2739933474295
ppo_variance_penalized_seed_42,2021-07-09,7663.367992691762,-0.003131518458274085,0.5265372989845918,-0.24741116115506903,1.2474111611550691,-0.2666933708041783,0.4375045985636265,,-0.8484397155139476,7683.393632590408
ppo_variance_penalized_seed_42,2021-07-12,7668.022353596535,0.000607351873120443,0.5787343675797821,0.33211583336559114,0.6678841666344089,-0.26226606028249294,0.43716296592794246,,-1.4435594379049326,7658.93293826298
ppo_variance_penalized_seed_42,2021-07-13,7661.0500569494025,-0.0009092692125319823,0.09249881347385225,0.23899539635849812,0.7610046036415019,-0.26309846657898267,0.437674736314697,,-1.4328913342878564,7667.313070627137
ppo_variance_penalized_seed_42,2021-07-14,7660.875349376711,-2.2804650980368102e-05,0.15224105940533497,0.08687254688753387,0.9131274531124661,-0.26153174536852963,0.4376875599460728,,-1.2223578975397402,7659.883730572576
ppo_variance_penalized_seed_42,2021-07-15,7653.569429042524,-0.000953666519946883,0.14880904653058746,0.23506583881196194,0.764934161188038,-0.26178575510646684,0.43822381849390185,,-1.3820525642775596,7659.73534182038
ppo_variance_penalized_seed_42,2021-07-16,7647.803964640898,-0.0007533039916967077,0.15932601553019696,0.07519041922427697,0.9248095807757231,-0.26091124740568195,0.4386470067338706,,-1.2252906319008718,7652.350016320811
ppo_variance_penalized_seed_42,2021-07-19,7666.814357675309,0.002485732260176121,0.26124904480315725,-0.18280862334320852,1.1828086233432085,-0.2570304257455953,0.43725163348916246,,-0.9074211584990032,7645.805983160294
ppo_variance_penalized_seed_42,2021-07-20,7577.289960355443,-0.011676870358839797,0.5912237310116499,-0.7939310040949007,1.7939310040949006,-0.27090522052410143,0.4438227732095584,,-0.0303619679642356,7662.28155508579
ppo_variance_penalized_seed_42,2021-07-21,7558.988424841738,-0.002415314130706281,0.5653005954502245,-0.23090889479028007,1.23090889479028,-0.2609207991496649,0.4451661159246023,,-0.6245408767526351,7573.006513828956
ppo_variance_penalized_seed_42,2021-07-22,7557.043530438638,-0.00025729559218645726,0.2067827189992549,-0.0241779206603974,1.0241779206603974,-0.2580993005963148,0.4453088722373706,,-1.0100772040486092,7557.425356662366
ppo_variance_penalized_seed_42,2021-07-23,7555.2924101458375,-0.0002317202866104484,0.0018326515615194917,-0.022580348107569904,1.02258034810757,-0.25741655653357587,0.445437405424476,,-1.0498208939776936,7557.029681011012
ppo_variance_penalized_seed_42,2021-07-26,7555.971554768572,8.988991899538945e-05,0.09990052149032899,0.07749527345374889,0.9225047265462512,-0.2564421540918166,0.4453875558377718,,-1.1459924476791212,7554.537632494052
ppo_variance_penalized_seed_42,2021-07-27,7555.551151108392,-5.5638597516227684e-05,0.08363964200914568,-0.006116193894567904,1.006116193894568,-0.2559376778619235,0.44541841369632995,,-1.0559989142993251,7555.3395760127
ppo_variance_penalized_seed_42,2021-07-28,7554.192143355516,-0.00017986877802778078,0.309080260630426,-0.31502648546906464,1.3150264854690645,-0.2554148335204209,0.4455181656085751,,-0.6690728958210704,7553.215879389401
ppo_variance_penalized_seed_42,2021-07-29,7549.687388882867,-0.0005963251115622681,0.22562523290129655,-0.08980533444407818,1.0898053344440781,-0.25518695134381236,0.44584881705032786,,-0.8875937577735988,7552.487726993791
ppo_variance_penalized_seed_42,2021-07-30,7549.927662030568,3.1825575725896726e-05,0.06903535091403362,-0.020667031000143155,1.020667031000143,-0.2539187194289746,0.4458311808698913,,-1.0111078491247143,7549.166193564684
ppo_variance_penalized_seed_42,2021-08-02,7551.337174936861,0.0001866922398980897,0.13057152967643154,-0.15087338256705435,1.1508733825670543,-0.25312780877237157,0.44572772185176623,,-0.8890531002326078,7548.941856426791
ppo_variance_penalized_seed_42,2021-08-03,7529.093918542658,-0.0029456049808012086,0.18813482952248423,-0.3427113953818432,1.3427113953818433,-0.2556421538248608,0.4473603890349997,,-0.6237751410476433,7549.916505404787
ppo_variance_penalized_seed_42,2021-08-04,7528.961479860616,-1.7590255012689404e-05,0.2877691525806538,-0.05465721465531371,1.0546572146553137,-0.2520792620056892,0.4473701101066867,,-0.92065745178312,7526.927277566018
ppo_variance_penalized_seed_42,2021-08-05,7522.798740503672,-0.0008185377722318421,0.0644291477661989,-0.11993096643922753,1.1199309664392276,-0.2522519915500655,0.4478224585456287,,-0.9292565144695858,7528.476395288904
ppo_variance_penalized_seed_42,2021-08-06,7522.001008350388,-0.00010604193742269619,0.14122651578722423,0.021329988303409746,0.9786700116965903,-0.25091461526477077,0.4478810125219258,,-1.069041455338986,7521.7363218485825
ppo_variance_penalized_seed_42,2021-08-09,7519.745381104331,-0.00029987063861769414,0.1557944523666037,0.17700584833530678,0.8229941516646933,-0.25048654244309076,0.4480465767952938,,-1.299400564126869,7520.829122322591
ppo_variance_penalized_seed_42,2021-08-10,7519.217782123412,-7.016181455354875e-05,0.1293881744614054,0.04767408397015317,0.9523259160298468,-0.24963851968632197,0.4480853028490149,,-1.1708086514118423,7518.772414977055
ppo_variance_penalized_seed_42,2021-08-11,7520.215594721656,0.00013270164891565628,0.009589130170977275,0.05739733909426161,0.9426026609057384,-0.24882117588680835,0.44801206285864215,,-1.14851243337466,7519.145679365315
ppo_variance_penalized_seed_42,2021-08-12,7522.960930787453,0.00036506081923026734,0.0966916945094066,0.1544794925775288,0.8455205074224712,-0.2479784936989963,0.4478105536901041,,-1.2688677788477092,7519.488452332726
ppo_variance_penalized_seed_42,2021-08-13,7525.517175169937,0.00033979232459158126,0.07159234198668019,0.22639010859742864,0.7736098914025713,-0.24739622768470135,0.4476229239545275,,-1.3798951861712525,7522.422344395744
ppo_variance_penalized_seed_42,2021-08-16,7529.573136933125,0.0005389611994468524,0.004350155460684457,0.23115798647135066,0.7688420135286493,-0.24659369337008638,0.4473252141430751,,-1.3981750034648208,7525.484438000303
ppo_variance_penalized_seed_42,2021-08-17,7522.420602831948,-0.0009499255762712711,0.10175677950113582,0.12866209013347424,0.8713379098665257,-0.24747880895565036,0.4478502140575208,,-1.2496662156968676,7528.806951819693
ppo_variance_penalized_seed_42,2021-08-18,7535.277125701669,0.0017090938606758588,0.31351790888194836,-0.1824634042851159,1.1824634042851159,-0.2442335659810942,0.446906538248193,,-0.8734852502604865,7520.062189254817
ppo_variance_penalized_seed_42,2021-08-19,7523.279144630416,-0.0015922415156212066,0.5141748222239784,-0.6984702326681014,1.6984702326681014,-0.24693829481692492,0.4477871966200129,,-0.1139056612295378,7531.402675925153
ppo_variance_penalized_seed_42,2021-08-20,7489.126272084203,-0.00453962585857115,0.14625584858912188,-0.559064935141805,1.559064935141805,-0.2493352789688165,0.45029403614167074,,-0.0924338390767193,7522.178821054946
ppo_variance_penalized_seed_42,2021-08-23,7474.7321368908915,-0.0019220046064607477,0.3841752514183553,-0.17669994289448157,1.1766999428944815,-0.24612007860583396,0.45135057353640534,,-0.7337230460006157,7486.249135115721
ppo_variance_penalized_seed_42,2021-08-24,7473.418268842218,-0.00017577459962603292,0.17827595722322956,0.001578512183229285,0.9984214878167708,-0.24378284285424473,0.45144701216967703,,-1.0195284036964052,7473.3995718642
ppo_variance_penalized_seed_42,2021-08-25,7472.447576544628,-0.00012988598559204867,0.042991130194465474,-0.041503123165438596,1.0415031231654386,-0.2431507330871433,0.45151826151515084,,-0.9988327793265296,7473.096978144425
ppo_variance_penalized_seed_42,2021-08-26,7470.30237363955,-0.00028708169352853474,0.07708020058400435,0.035374489005569,0.9646255109944311,-0.24272418978508636,0.45167572058150457,,-1.080808705669999,7471.871598786574
ppo_variance_penalized_seed_42,2021-08-27,7444.400758257364,-0.0034672780413259607,0.3807215358576808,-0.34951398446296345,1.3495139844629636,-0.24534737158086023,0.45357691331505817,,-0.6543792078519346,7467.458268646536
ppo_variance_penalized_seed_42,2021-08-30,7445.112476240136,9.560446916867527e-05,0.4806059218857158,0.13159256341519812,0.8684074365848019,-0.2412013627787954,0.4535246728259142,,-1.1496983503863034,7440.822935168055
ppo_variance_penalized_seed_42,2021-08-31,7443.801876860065,-0.00017603486639772292,0.039296402657656465,0.09217202087608524,0.9078279791239148,-0.24089779349303123,0.45362087153712294,,-1.1820554709608029,7444.819910102438
ppo_variance_penalized_seed_42,2021-09-01,7443.552746758596,-3.3468126313662694e-05,0.053839554840003925,0.03835205723319624,0.9616479427668038,-0.24018313449537887,0.4536391578228095,,-1.1136583954099324,7443.401105880697
ppo_variance_penalized_seed_42,2021-09-02,7445.382398112338,0.00024580350485714497,0.06155589978422548,0.10018454078661533,0.8998154592133847,-0.2393355985953339,0.4535048604128857,,-1.1797262002251907,7443.0945521716785
ppo_variance_penalized_seed_42,2021-09-03,7444.875405194497,-6.809494673765126e-05,0.05780834663735958,0.0423663427852903,0.9576336572147097,-0.23908268682691955,0.4535420739703082,,-1.1094603731810753,7444.95199286582
ppo_variance_penalized_seed_42,2021-09-07,7443.576599774255,-0.00017445630041523774,0.005021417347260894,0.047226326225918,0.952773673774082,-0.2386246641344032,0.4536374069984159,,-1.105640497292259,7444.838021367989
ppo_variance_penalized_seed_42,2021-09-08,7443.650152841707,9.881414729351334e-06,0.30934988117091006,-0.26172064958823565,1.2617206495882356,-0.23787910760159628,0.4536320081630419,,-0.742878506079017,7441.273930237628
ppo_variance_penalized_seed_42,2021-09-09,7448.921891031871,0.0007082195001000269,0.07801579653037433,-0.182774841174146,1.182774841174146,-0.2366259102372789,0.45324505969699247,,-0.7744975243544296,7443.069430545939
ppo_variance_penalized_seed_42,2021-09-10,7468.685804761406,0.002653258286052118,0.17614176930520886,-0.3550818663131725,1.3550818663131725,-0.2341531806740122,0.4517943776211937,,-0.5929902037662343,7447.609824750569
ppo_variance_penalized_seed_42,2021-09-13,7454.291047172727,-0.0019273481258914593,0.2863206166732777,-0.6441012711189793,1.6441012711189793,-0.2381811757018333,0.45285096070008857,,-0.1357691290413482,7466.547366036048
ppo_variance_penalized_seed_42,2021-09-14,7466.974878507061,0.0017015476393484885,0.2773078174255894,-0.36409336134502707,1.364093361345027,-0.23401316982856477,0.45191996054389605,,-0.4635552653262839,7452.223913991981
ppo_variance_penalized_seed_42,2021-09-15,7436.802376113871,-0.004040793344576299,0.10692960217883768,-0.4768332455733409,1.4768332455733408,-0.2392391593413022,0.45413463871962534,,-0.4397344007926204,7466.176437853823
ppo_variance_penalized_seed_42,2021-09-16,7437.69963131786,0.00012065067197042367,0.24568373602419996,-0.2306985515307954,1.2306985515307953,-0.2345241084917601,0.45406877969698156,,-0.7046042927773577,7434.975274722034
ppo_variance_penalized_seed_42,2021-09-17,7472.185865613909,0.004636680157240836,0.13950181425098865,-0.36368624339939765,1.3636862433993977,-0.22953974501723456,0.45153747124058424,,-0.5911737025972323,7436.6620587254365
ppo_variance_penalized_seed_42,2021-09-20,7552.416496508969,0.010737237046561043,0.29834779132960626,-0.6438873622592046,1.6438873622592047,-0.22324148614031225,0.445648499058138,,-0.1375612525884669,7469.956555464499
ppo_variance_penalized_seed_42,2021-09-21,7556.884369174226,0.0005915818688391195,0.2958839919392512,-0.9380508911386409,1.938050891138641,-0.23279339684115508,0.44532055476121707,,0.9030527569568776,7550.181857367194
ppo_variance_penalized_seed_42,2021-09-22,7498.078012938173,-0.007781825599440628,0.1561993014589229,-0.7955458906831956,1.7955458906831956,-0.24077733930569467,0.44963697346765974,,0.6210176562956203,7555.703989114555
ppo_variance_penalized_seed_42,2021-09-23,7445.959734784731,-0.006950885021936304,0.2433520702066636,-0.5626780866032355,1.5626780866032355,-0.2394960504823216,0.4534624835854109,,-0.1174419786936952,7496.253340131153
ppo_variance_penalized_seed_42,2021-09-24,7440.244574513853,-0.0007675518636206524,0.24593119605834413,-0.3174342605290604,1.3174342605290603,-0.23275545579262238,0.4538819794746735,,-0.5896318871837872,7444.128541001353
ppo_variance_penalized_seed_42,2021-09-27,7444.632373329495,0.0005897385189019833,0.08245677677967073,-0.23414782697509773,1.2341478269750978,-0.23087084969040822,0.45355991264210327,,-0.771808938120422,7439.631075927786
ppo_variance_penalized_seed_42,2021-09-28,7506.898520561424,0.008363898189922558,0.19042636936355584,-0.41248900560925505,1.4124890056092552,-0.2227875403370666,0.44898954338454944,,-0.5489950059816147,7443.2147190153955
ppo_variance_penalized_seed_42,2021-09-29,7491.983994538556,-0.001986776027678827,0.4819822821181009,-0.8973277514258725,1.8973277514258724,-0.23258299028828883,0.4500842777507533,,0.421866317953839,7503.280328480855
ppo_variance_penalized_seed_42,2021-09-30,7552.791192053612,0.008116301043806562,0.21549519946969575,-0.6679326813522598,1.66793268135226,-0.22215988389686372,0.4456209962002561,,0.2766722718232056,7490.369507953229
ppo_variance_penalized_seed_42,2021-10-01,7479.20180261209,-0.009743336942631964,0.14023823329770357,-0.825705806789058,1.825705806789058,-0.2397019951104224,0.4510224976281976,,0.405781391545174,7551.732001960371
ppo_variance_penalized_seed_42,2021-10-04,7533.489271196099,0.007258457522171469,0.24381385284389812,-0.5701096922666186,1.5701096922666187,-0.22229903372224766,0.4470377677466041,,-0.03178353905376,7477.378269604398
ppo_variance_penalized_seed_42,2021-10-05,7466.580781035435,-0.008881474141933854,0.25881019527610605,-0.8448313665073488,1.8448313665073488,-0.2380887192946863,0.4519488875138286,,0.3779783587114854,7531.539527366711
ppo_variance_penalized_seed_42,2021-10-06,7446.227301365084,-0.0027259438111281176,0.24860348221474626,-0.60019309294047,1.60019309294047,-0.23139072326198937,0.4534428440520922,,0.0216435864596108,7464.724563053032
ppo_variance_penalized_seed_42,2021-10-07,7405.017810408651,-0.005534277868321058,0.03580795753178956,-0.6450466136825824,1.6450466136825823,-0.233750376840162,0.45646764322402716,,-0.0369652356087516,7445.960667174105
ppo_variance_penalized_seed_42,2021-10-08,7409.515414363043,0.0006073724695261351,0.2014627973926807,-0.44241690353921237,1.4424169035392125,-0.22708555772136677,0.4561375166342248,,-0.3531014147091992,7403.525974805823
ppo_variance_penalized_seed_42,2021-10-11,7430.404615739899,0.0028192398839419486,0.04655503944924655,-0.39187285621619655,1.3918728562161966,-0.22439524168219346,0.4546042378297403,,-0.5181320778909795,7409.170464080628
ppo_variance_penalized_seed_42,2021-10-12,7439.757857314587,0.0012587795764009702,0.20147409717583226,-0.5910231877587753,1.5910231877587753,-0.22545359164105286,0.4539177047832647,,-0.2409660352724011,7428.9075816782915
ppo_variance_penalized_seed_42,2021-10-13,7425.215773532602,-0.0019546447694783753,0.06602368843779138,-0.5278852862122307,1.5278852862122307,-0.2281669464469132,0.45498510168531486,,-0.2700940997555754,7439.266657059764
ppo_variance_penalized_seed_42,2021-10-14,7377.129387503772,-0.0064760927487435005,0.15184697330024344,-0.3847974423338029,1.384797442333803,-0.23228032225235956,0.45851466871624774,,-0.5339554750894331,7424.08827699129
ppo_variance_penalized_seed_42,2021-10-15,7370.238145535183,-0.0009341359770999036,0.30173436142693494,-0.08374865216588728,1.0837486521658872,-0.22621726124111868,0.4590204896452718,,-0.9236554198282542,7374.90345407887
ppo_variance_penalized_seed_42,2021-10-18,7369.245969329015,-0.00013461928727087624,0.057798874130604194,-0.02602860253239052,1.0260286025323906,-0.22491955236178945,0.45909331592138386,,-1.0407191995650136,7369.812154068297
ppo_variance_penalized_seed_42,2021-10-19,7366.979168992965,-0.000307602751419056,0.012254816331621246,-0.03859016808471321,1.0385901680847132,-0.2245966579673471,0.45925970030566743,,-1.030742528682774,7369.1556605731585
ppo_variance_penalized_seed_42,2021-10-20,7368.4326912794695,0.0001973023478363256,0.11917506667575478,0.08087581530664786,0.9191241846933521,-0.22359936693597174,0.45915301097496797,,-1.1603238296638814,7366.101208759302
ppo_variance_penalized_seed_42,2021-10-21,7370.181749296815,0.00023737178456073593,0.016435778285519037,0.09754064836546658,0.9024593516345334,-0.22306926138496805,0.45902462916000875,,-1.200541013431558,7368.311585353444
ppo_variance_penalized_seed_42,2021-10-22,7368.300077276029,-0.00025530876778789846,0.07575586280778171,0.1731480362533233,0.8268519637466767,-0.2230726163056287,0.45916274491534154,,-1.3006160321611966,7369.623414819347
ppo_variance_penalized_seed_42,2021-10-25,7370.621152887882,0.0003150082905840623,0.09642145807730174,0.0771063207058632,0.9228936792941368,-0.2220168681594889,0.45899237669613313,,-1.1972379836015148,7367.589615039026
ppo_variance_penalized_seed_42,2021-10-26,7371.093681982357,6.410980630722207e-05,0.052821791324166104,0.13002984440390086,0.8699701555960991,-0.22178344478868575,0.4589576928021924,,-1.2315764613415112,7370.231823475415
ppo_variance_penalized_seed_42,2021-10-27,7370.419209618402,-9.150234592780748e-05,0.14126378139916873,-0.011183611938104762,1.0111836119381048,-0.22145644850313934,0.4590071994425472,,-1.0612052355882178,7370.052413415793
ppo_variance_penalized_seed_42,2021-10-28,7355.685235568849,-0.0019990686595310336,0.17762301128233896,-0.19097630721819883,1.190976307218199,-0.22288865704849087,0.4600886811951735,,-0.8289604411857717,7369.110053563977
ppo_variance_penalized_seed_42,2021-10-29,7353.994612844814,-0.00022983891641525922,0.15320245591295248,-0.0378534009036059,1.037853400903606,-0.22063871894370954,0.46021277382764797,,-0.952282641761229,7354.558326525837
ppo_variance_penalized_seed_42,2021-11-01,7353.729113595013,-3.61027256312596e-05,0.04028440381478616,0.002435174574300472,0.9975648254256996,-0.21996874035984113,0.4602322616177737,,-1.0324312267271103,7353.6983615561785
ppo_variance_penalized_seed_42,2021-11-02,7353.09351528367,-8.643210832548487e-05,0.019091260423108762,-0.016724554249522745,1.0167245542495227,-0.21954477853984083,0.46027891488140815,,-1.0119938235009551,7353.588721637424
ppo_variance_penalized_seed_42,2021-11-03,7356.289325954365,0.00043462124669746416,0.10514412576842075,0.08891139731047112,0.9110886026895288,-0.21855344080332523,0.4600443406305251,,-1.1327244686023616,7352.320380694312
ppo_variance_penalized_seed_42,2021-11-04,7364.730865241718,0.0011475268186595944,0.196307050136352,0.28617789411515177,0.7138221058848482,-0.21737717597404838,0.4594247270305115,,-1.4103131648115306,7354.845234496837
ppo_variance_penalized_seed_42,2021-11-05,7368.827023466599,0.0005561857316760399,0.09769887292355478,0.1890093672950137,0.8109906327049863,-0.21750223310073372,0.459124066776789,,-1.312792191697161,7364.011339336798
ppo_variance_penalized_seed_42,2021-11-08,7367.148359376953,-0.00022780614666351173,0.20994052737246635,-0.020949403800913313,1.0209494038009133,-0.21781955240712664,0.45924728163895967,,-1.0102282272831846,7367.280008035175
ppo_variance_penalized_seed_42,2021-11-09,7369.917022672686,0.0003758120728232228,0.1330085889912162,-0.153371055700576,1.153371055700576,-0.21675330144606317,0.4590440602389877,,-0.7904921219773613,7366.168465368783
ppo_variance_penalized_seed_42,2021-11-10,7385.112748959812,0.002061858531158256,0.11757002296229632,-0.26817685282804915,1.268176852828049,-0.2146219921378371,0.4579286856196107,,-0.6226382672681363,7369.0505413591
ppo_variance_penalized_seed_42,2021-11-11,7382.429442760971,-0.0003633399096335532,0.2089941509904628,-0.4773990817675633,1.4773990817675633,-0.2165842788595666,0.4581256417619926,,-0.3412536592064396,7383.569303590874
ppo_variance_penalized_seed_42,2021-11-12,7368.0881069777615,-0.0019426309312406964,0.25352631586885876,-0.2259440387549296,1.2259440387549296,-0.21770989949928507,0.459178303651152,,-0.6470745841846213,7380.5578026221865
ppo_variance_penalized_seed_42,2021-11-15,7366.197594427591,-0.0002565811541233032,0.2725282947482959,0.04659946415043647,0.9534005358495635,-0.21556518787119508,0.4593170683061761,,-1.039219989385372,7366.080094490411
ppo_variance_penalized_seed_42,2021-11-16,7364.090957727124,-0.00028598699308046704,0.0948879100701886,-0.04848883018779202,1.048488830187792,-0.21513967972145948,0.45947169659202114,,-0.9729676118564252,7365.498631332692
ppo_variance_penalized_seed_42,2021-11-17,7363.755037387859,-4.5615995401648846e-05,0.04765105011823221,-0.0008357432170016476,1.0008357432170016,-0.21444675217554077,0.4594963533286238,,-1.0001963248913306,7363.740051059822
ppo_variance_penalized_seed_42,2021-11-18,7357.393802345768,-0.0008638575033789175,0.1958756032900708,-0.19751141917494763,1.1975114191749476,-0.2148140955893847,0.4599632714594046,,-0.7776181311477254,7362.312657427431
ppo_variance_penalized_seed_42,2021-11-19,7360.359932157427,0.0004031495243210781,0.06340424764367114,-0.26032761892936174,1.2603276189293617,-0.21309962944099076,0.4597455559091775,,-0.6313302858973215,7356.927312327111
ppo_variance_penalized_seed_42,2021-11-22,7366.670664581255,0.0008573945407555073,0.0686382237944847,-0.32773623107283323,1.3277362310728331,-0.21220278842771026,0.45928234469819507,,-0.532279738140675,7359.854730125196
ppo_variance_penalized_seed_42,2021-11-23,7359.335087120307,-0.0009957792054172687,0.24135270477921755,-0.5702738780679336,1.5702738780679337,-0.21361062304273257,0.45982078009534655,,-0.1578296976752609,7364.89269869114
ppo_variance_penalized_seed_42,2021-11-24,7348.505077069312,-0.0014716017035218965,0.030483843773805197,-0.542012323537448,1.542012323537448,-0.21364460146384262,0.4606157087555654,,-0.0923751648439715,7359.110746299232
ppo_variance_penalized_seed_42,2021-11-26,7414.083788845032,0.008924088789209028,0.135744412341693,-0.39364005063251245,1.3936400506325124,-0.20303411131602067,0.4558021954489955,,-0.3245846911828484,7347.507558566036
ppo_variance_penalized_seed_42,2021-11-29,7318.697674987189,-0.012865529521173924,0.6063599493674876,-1.0248378917734684,2.024837891773468,-0.22474223332632626,0.4628035883688045,,2.591171396527735,7409.588185374222
ppo_variance_penalized_seed_42,2021-11-30,7430.519233886455,0.01527888756512441,0.22771386356759682,-0.7696761157508555,1.7696761157508556,-0.19670813651872612,0.4545958247951032,,0.9411110238047814,7317.031106063335
ppo_variance_penalized_seed_42,2021-12-01,7511.321087254031,0.010874321272069887,0.23032388424914452,-0.978029622629359,1.978029622629359,-0.2008872095055876,0.4486649245707969,,2.142231600699738,7428.807807834519
ppo_variance_penalized_seed_42,2021-12-02,7396.112928676684,-0.015337935529456281,0.021970377370641003,-1.031109079357741,2.031109079357741,-0.2271777652932659,0.4571212664128579,,3.194849203268089,7511.1560606951925
ppo_variance_penalized_seed_42,2021-12-03,7460.236733218835,0.008669933133866436,0.0311090793577411,-0.9827474936499979,1.982747493649998,-0.20282815708384694,0.4524145440928593,,2.270670618072056,7395.882842412647
ppo_variance_penalized_seed_42,2021-12-06,7371.755631445081,-0.011860361130333397,0.017252506350002084,-1.0239705162268982,2.023970516226898,-0.22322033099433128,0.45890910534963625,,2.966909929747352,7460.108025437223
ppo_variance_penalized_seed_42,2021-12-07,7220.160884058581,-0.02056426650116494,0.03127995302499387,-1.0344655231399764,2.0344655231399766,-0.23246598278282432,0.4700362427085801,,1.98736282621478,7371.525043275218
ppo_variance_penalized_seed_42,2021-12-08,7204.528873400727,-0.0021650501850128956,0.34803375758364097,-0.6895026884803346,1.6895026884803346,-0.21342553186018734,0.471183640839354,,0.5471955039792189,7217.648024335744
ppo_variance_penalized_seed_42,2021-12-09,7231.77250701044,0.0037814594248204436,0.11266234738917857,-0.5707230650188722,1.5707230650188722,-0.20709213032393403,0.4691839432340067,,0.0067360503887155,7203.717194266017
ppo_variance_penalized_seed_42,2021-12-10,7174.872470455585,-0.007868062290357747,0.2398226774928771,-0.8244665490385663,1.8244665490385663,-0.21844194722424096,0.4733604370333636,,0.4646960774991172,7230.038163964789
ppo_variance_penalized_seed_42,2021-12-13,7195.614817492344,0.0028909708321884775,0.44743295776811953,-0.37244974886514504,1.372449748865145,-0.20725298663518352,0.4718379374177506,,-0.3179459523526494,7171.66219604452
ppo_variance_penalized_seed_42,2021-12-14,7229.607313510986,0.004724057204397392,0.3679328032817666,-0.7315622093856071,1.7315622093856071,-0.20505852032841868,0.4693428696209196,,0.1267665588056623,7192.9673147612075
ppo_variance_penalized_seed_42,2021-12-15,7139.197457081104,-0.012505500300261208,0.06469832633140338,-0.8188904558079428,1.8188904558079428,-0.22221817097200108,0.47597900252421094,,0.5625649125174047,7229.139570017769
ppo_variance_penalized_seed_42,2021-12-16,7166.507993717028,0.0038254351136954856,0.34572649344374606,-0.4670425743759171,1.4670425743759172,-0.20543226152112581,0.47397439420015336,,-0.1451944298588444,7136.729247378265
ppo_variance_penalized_seed_42,2021-12-17,7240.247143349265,0.010289411481419597,0.2826078443824752,-0.7313414690353736,1.7313414690353737,-0.1988308649144055,0.4685619002923157,,0.2078470257515069,7164.482682341173
ppo_variance_penalized_seed_42,2021-12-20,7299.787345773763,0.008223504149190708,0.046425712361110816,-0.7631850874065965,1.7631850874065966,-0.20061363223242454,0.4641916168743316,,0.4826244603819318,7239.911009717965
ppo_variance_penalized_seed_42,2021-12-21,7186.061312590545,-0.015579362493218452,0.10808878782991471,-0.9006830416014612,1.9006830416014613,-0.22454125312156364,0.4725391699019516,,0.8370725726284668,7298.998320608142
ppo_variance_penalized_seed_42,2021-12-22,7136.3567679161115,-0.006916799413796637,0.2319578490546167,-0.6799580515063806,1.6799580515063806,-0.21543966525866576,0.4761875106623745,,0.3331392309385471,7184.394449265302
ppo_variance_penalized_seed_42,2021-12-23,7115.588293315337,-0.0029102349106404635,0.2527433097995324,-0.43101862308390987,1.43101862308391,-0.21100548677223155,0.47771192805547436,,-0.3166076124778934,7134.553101486678
ppo_variance_penalized_seed_42,2021-12-27,7078.416631773106,-0.005223975869592112,0.06656876441844356,-0.3715238363499264,1.3715238363499265,-0.21295392138926103,0.4804403483402883,,-0.4963445974001821,7115.114617394541
ppo_variance_penalized_seed_42,2021-12-28,7079.718735371661,0.00018395407706162104,0.0658360810036282,-0.3053616673807172,1.3053616673807171,-0.20711923755867587,0.4803447732240888,,-0.5694066032443946,7077.950616562359
ppo_variance_penalized_seed_42,2021-12-29,7076.966330945757,-0.000388773131925646,0.0066094190935162556,-0.29924877730559696,1.299248777305597,-0.20727924840286926,0.4805468012141241,,-0.6034429585505241,7079.671942543475
ppo_variance_penalized_seed_42,2021-12-30,7079.747123737369,0.0003929357102423481,0.11536305395316471,-0.18328419206542676,1.1832841920654267,-0.2060885492924926,0.4803426895025214,,-0.7601499655219154,7076.149910497095
ppo_variance_penalized_seed_42,2021-12-31,7084.227253914726,0.000632809350257002,0.1124748301704436,-0.2947939242579762,1.2947939242579762,-0.2054425592965995,0.48001384549750914,,-0.6495276926996184,7078.9508303819775
ppo_variance_penalized_seed_42,2022-01-03,7073.2549780368,-0.0015488317193470547,0.03297807829163707,-0.2637315412003318,1.2637315412003318,-0.2072186136449609,0.4808192165472239,,-0.6742428660378282,7083.993629713711
ppo_variance_penalized_seed_42,2022-01-04,7072.624604459104,-8.912072018507633e-05,0.13292657033985056,-0.1307554305723073,1.1307554305723073,-0.20535194819851435,0.4808654863125515,,-0.8401422730088052,7072.31475451143
ppo_variance_penalized_seed_42,2022-01-05,7102.842048391789,0.0042724512642213774,0.09680672872754317,-0.22222144148008868,1.2222214414800887,-0.20064280666738518,0.47864750940324663,,-0.7474145188561339,7071.939926807629
ppo_variance_penalized_seed_42,2022-01-06,7104.0881186221295,0.00017543262568020523,0.5435870812211747,-0.764539094273989,1.7645390942739891,-0.2043288010584188,0.47855604716691635,,0.0476136236107935,7098.981035214329
ppo_variance_penalized_seed_42,2022-01-07,7119.306169742287,0.002142154047930056,0.17766139060730202,-0.5832043092473757,1.5832043092473755,-0.20197809364953234,0.47743903389258635,,0.0169855551671133,7102.8259964479785
ppo_variance_penalized_seed_42,2022-01-10,7123.635760769021,0.0006081478901882598,0.052369872830749675,-0.5298239076300812,1.5298239076300812,-0.20311294595728255,0.47712123954355334,,-0.2192089591024337,7118.933332583535
ppo_variance_penalized_seed_42,2022-01-11,7081.201289224692,-0.005956855876604772,0.11196099875724785,-0.6514384714731112,1.6514384714731112,-0.2093519694025581,0.4802359529605301,,-0.0338874826255193,7122.838191394462
ppo_variance_penalized_seed_42,2022-01-12,7071.190560729414,-0.001413704834307028,0.20383408347453025,-0.44935828169439374,1.4493582816943937,-0.20439584982309428,0.48097074590652883,,-0.3086901884942477,7079.757899050004
ppo_variance_penalized_seed_42,2022-01-13,7105.084634591772,0.004793262686285438,0.09458261450384198,-0.34818532256503404,1.348185322565034,-0.1978616293836955,0.47848290234979207,,-0.5274999680896054,7070.521749038525
ppo_variance_penalized_seed_42,2022-01-14,7099.324565304216,-0.0008106967874123017,0.4744013330517262,-0.8232000805258254,1.8232000805258255,-0.20306025931584604,0.47890569458543764,,0.2382985344011492,7101.7139729696755
ppo_variance_penalized_seed_42,2022-01-18,7165.168839452978,0.009274723749151503,0.283336792123268,-0.5252804338144975,1.5252804338144976,-0.1928144222391924,0.47407268885546155,,-0.0741234484077969,7097.313065455641
ppo_variance_penalized_seed_42,2022-01-19,7234.938692461783,0.009737363427451573,0.45694224246266313,-0.9622101615384638,1.9622101615384637,-0.19217127742257564,0.4689515434904248,,0.952735329704676,7161.894771135855
ppo_variance_penalized_seed_42,2022-01-20,7306.982300900559,0.009957735856675587,0.05729983553443552,-0.8860206792118214,1.8860206792118213,-0.19177689447195675,0.4636635032334072,,1.2494003600377594,7234.524131664603
ppo_variance_penalized_seed_42,2022-01-21,7449.573855487142,0.019514424520914675,0.11397932078817863,-0.9614946029803813,1.9614946029803813,-0.1827351458741118,0.4531972051494437,,1.7300526599813428,7306.14945602089
ppo_variance_penalized_seed_42,2022-01-24,7417.651853565989,-0.004285077581671404,0.03850539701961875,-1.0085296947731546,2.008529694773155,-0.20599325810310865,0.4555402975472531,,2.610788116764616,7449.28700668821
ppo_variance_penalized_seed_42,2022-01-25,7508.149730051885,0.012200340252203956,0.008529694773154572,-0.9758765741099532,1.9758765741099533,-0.18949425312931037,0.4488977039237159,,2.8552121208324053,7417.588583259744
ppo_variance_penalized_seed_42,2022-01-26,7526.804564819689,0.0024846114473633385,0.02412342589004679,-0.9949949658187148,1.994994965818715,-0.19876987008164548,0.4475284288502166,,3.13579207924774,7507.968607758301
ppo_variance_penalized_seed_42,2022-01-27,7563.933793142572,0.004932933757364255,0.005005034181285173,-0.9901726003284955,1.9901726003284956,-0.19600218324393584,0.4448031231869078,,3.437309074752985,7526.766892905566
ppo_variance_penalized_seed_42,2022-01-28,7376.00790836787,-0.024844993347915678,0.009827399671504478,-1.0509358323114364,2.0509358323114366,-0.22685478985872026,0.4585969858981126,,3.027389362861251,7563.859459342098
ppo_variance_penalized_seed_42,2022-01-31,7242.789196536209,-0.018061085818594225,0.05093583231143639,-1.036682831744777,2.036682831744777,-0.22013019950598622,0.46837531219825235,,2.2921751003452178,7375.632205265922
ppo_variance_penalized_seed_42,2022-02-01,7196.541427600741,-0.006385353443337127,0.10748110959969637,-0.9413908360632625,1.9413908360632623,-0.20798900796609013,0.47176992372907023,,1.5223006328905455,7242.010733516769
ppo_variance_penalized_seed_42,2022-02-02,7140.50762280317,-0.007786213052656921,0.15576472264849806,-0.7993581618647707,1.7993581618647707,-0.20911472283225474,0.4758828356437369,,0.7105246965458858,7195.420460321243
ppo_variance_penalized_seed_42,2022-02-03,7280.521206867696,0.01960835159917651,0.0364441548008787,-0.8004319104709456,1.8004319104709456,-0.1822595257226365,0.4656057620058759,,0.7493661482647109,7140.247393038008
ppo_variance_penalized_seed_42,2022-02-04,7245.712018744448,-0.004781139582481053,0.1785561409435441,-0.9881402670714756,1.9881402670714756,-0.20612194288360983,0.46816077544979934,,1.391228873116218,7279.22122509694
ppo_variance_penalized_seed_42,2022-02-07,7264.632057549252,0.002611204910691667,0.13295529478525125,-0.8501073063377369,1.850107306337737,-0.1983604891309256,0.4667720342549554,,1.062966501130047,7244.748662967067
ppo_variance_penalized_seed_42,2022-02-08,7212.0090594119165,-0.007243725177058402,0.027022129201508704,-0.8907749657285099,1.89077496572851,-0.2079428759162715,0.4706345910955344,,0.9569826544463482,7264.435751723191
ppo_variance_penalized_seed_42,2022-02-09,7131.294430801981,-0.011191698172453024,0.1352500323903446,-0.7751544918159476,1.7751544918159476,-0.2117623932985177,0.4765590889749304,,0.552047459003096,7211.033634953032
ppo_variance_penalized_seed_42,2022-02-10,7211.216707727712,0.01120726085583068,0.1432728971580497,-0.6135641558517635,1.6135641558517635,-0.18924620280940196,0.47069275014245876,,0.1320802005243396,7130.272709588394
ppo_variance_penalized_seed_42,2022-02-11,7350.571055902476,0.019324665146372322,0.3864358441482365,-0.9613251760415508,1.9613251760415507,-0.18160565666615341,0.46046406477941454,,1.2541706567289637,7208.4300351119255
ppo_variance_penalized_seed_42,2022-02-14,7374.317176405357,0.0032305137005392837,0.038674823958449234,-0.9934826772514345,1.9934826772514345,-0.19717176653565674,0.4587210865487511,,2.207141858518654,7350.286773860895
ppo_variance_penalized_seed_42,2022-02-15,7255.345256390907,-0.016133279484520813,0.006517322748565535,-1.0327824121407885,2.0327824121407883,-0.21674688040525095,0.4674536905385378,,2.4449454980718386,7374.2691156002675
ppo_variance_penalized_seed_42,2022-02-16,7247.019039001625,-0.0011475976807510113,0.08179924544614736,-0.9530649105053793,1.9530649105053794,-0.20125682601744854,0.4680648394481683,,1.697847239112846,7254.751774623483
ppo_variance_penalized_seed_42,2022-02-17,7387.081760478316,0.019326942667448277,0.04610531720932831,-0.8707164428804923,1.8707164428804923,-0.18131790619173224,0.4577841590973831,,1.3018789715638073,7246.684912890009
ppo_variance_penalized_seed_42,2022-02-18,7433.952293041604,0.006344932150886828,0.12928355711950767,-0.9871332075093403,1.9871332075093404,-0.1938510095813315,0.45434383637572,,2.329609362502605,7386.1267322715885
ppo_variance_penalized_seed_42,2022-02-22,7513.6341752514345,0.010718643202003664,0.012866792490659695,-0.9787645947432088,1.9787645947432089,-0.18937573337662547,0.4484951426468572,,2.209357526823967,7433.856641920064
ppo_variance_penalized_seed_42,2022-02-23,7646.75357109558,0.017717045139436838,0.02123540525679124,-0.9651410367362702,1.96514103673627,-0.18271001783493213,0.43872410619451285,,2.465655454073319,7513.474620184772
ppo_variance_penalized_seed_42,2022-02-24,7531.414126720787,-0.015083452513857787,0.034858963263729836,-1.0305581088854756,2.030558108885476,-0.21549889227453672,0.44719008448590103,,2.996520337730776,7646.487013193759
ppo_variance_penalized_seed_42,2022-02-25,7365.015915148697,-0.022093886854757327,0.03055810888547561,-1.0451236135029558,2.045123613502956,-0.2231492025667656,0.4594038042114575,,2.798882301453319,7531.183980947841
ppo_variance_penalized_seed_42,2022-02-28,7383.526319503976,0.0025132877604794324,0.045123613502955795,-0.9948960050600476,1.9948960050600477,-0.19794501912239343,0.4580451304092204,,2.081681291610752,7364.683579017099
ppo_variance_penalized_seed_42,2022-03-01,7495.941176912705,0.015225090633425253,0.005103994939952394,-0.969996417998569,1.969996417998569,-0.1854268061765741,0.44979381840047467,,2.713946430917946,7383.488634023002
ppo_variance_penalized_seed_42,2022-03-02,7357.823482289394,-0.01842566415124891,0.03000358200143105,-1.037481950978967,2.0374819509789672,-0.21936460860622053,0.45993173271656856,,3.4535025933692824,7495.716271826926
ppo_variance_penalized_seed_42,2022-03-03,7394.177042181815,0.0049408034835201065,0.037481950978967005,-0.9900923807308005,1.9900923807308004,-0.1955258673236549,0.45726336154023595,,2.7665963153178468,7357.547696710319
ppo_variance_penalized_seed_42,2022-03-04,7454.178065556436,0.008114631693605823,0.009907619269199475,-0.9838817153179771,1.983881715317977,-0.19214221593893424,0.4528592536125092,,2.686480857622913,7394.103783490872
ppo_variance_penalized_seed_42,2022-03-07,7673.797486139023,0.029462593816665494,0.01611828468202292,-0.9427299014487605,1.9427299014487605,-0.17241493286342993,0.43673906804114737,,3.0092530983827364,7454.057916992305
ppo_variance_penalized_seed_42,2022-03-08,7731.535110896521,0.007523996412700074,0.057270098551239546,-0.9849506978727163,1.9849506978727163,-0.19370482280022563,0.43250109480967486,,3.9873711217771888,7673.358007000729
ppo_variance_penalized_seed_42,2022-03-09,7524.133083084051,-0.026825465426673856,0.015049302127283726,-1.0550988854970422,2.055098885497042,-0.22932272776943624,0.4477245170705332,,3.5725370966346115,7731.4187566887285
ppo_variance_penalized_seed_42,2022-03-10,7557.692264100792,0.004460205667040862,0.05509888549704223,-0.9910094904167172,1.991009490416717,-0.19735846346307537,0.4452612548318034,,2.887797975700156,7523.718511736842
ppo_variance_penalized_seed_42,2022-03-11,7653.719959573155,0.012705954690494181,0.008990509583282846,-0.9748891667098698,1.9748891667098698,-0.18912918776228874,0.4382127694706347,,2.3427243509747577,7557.624316596064
ppo_variance_penalized_seed_42,2022-03-14,7709.46222181894,0.0072830287154761475,0.025110833290130197,-0.9854894020043484,1.9854894020043483,-0.19424179142520281,0.4341212569387015,,2.423621841905461,7653.527768287201
ppo_variance_penalized_seed_42,2022-03-15,7539.818347503457,-0.022004631378225725,0.014510597995651575,-1.0449697851048505,2.0449697851048505,-0.2242397658285113,0.4465732100845391,,2.6072687671155883,7709.350352911876
ppo_variance_penalized_seed_42,2022-03-16,7372.29731636182,-0.022218178664358046,0.0449697851048505,-1.0453541033294418,2.0453541033294416,-0.22496145573967025,0.458869345380523,,2.1465726436486494,7539.47928349264
ppo_variance_penalized_seed_42,2022-03-17,7287.841635510429,-0.011455815904759081,0.14081785607602382,-0.9263358028706936,1.9263358028706936,-0.2138666345828354,0.46506843854026547,,1.4372489578755987,7371.259165259375
ppo_variance_penalized_seed_42,2022-03-18,7236.576647450032,-0.007034316965753629,0.030947974520626476,-0.9087559643997088,1.9087559643997087,-0.20911608110636323,0.46883131669855876,,1.2107138026941635,7287.6160915731825
ppo_variance_penalized_seed_42,2022-03-21,7237.554045187604,0.0001350635507904041,0.10107309258116637,-0.8072560692983749,1.8072560692983748,-0.20156065951485708,0.4687595751701234,,0.8128325495862658,7235.845224268574
ppo_variance_penalized_seed_42,2022-03-22,7167.980631841564,-0.00961283506992272,0.01314357269228672,-0.8380445343959593,1.8380445343959593,-0.21114145871774959,0.4738663017564887,,0.7337314506852712,7237.458917869897
ppo_variance_penalized_seed_42,2022-03-23,7238.2897563706365,0.00980877713546624,0.0708446604717039,-0.749910198108872,1.749910198108872,-0.19155254218741044,0.4687055735669594,,0.6020379841794518,7167.472818687434
ppo_variance_penalized_seed_42,2022-03-24,7145.627304735913,-0.012801705202968527,0.09322116528300417,-0.8668585169277714,1.8668585169277714,-0.2141085451768144,0.47550704819013545,,0.7368711703114761,7237.614994564891
ppo_variance_penalized_seed_42,2022-03-25,7120.9972952197795,-0.003446864560065821,0.20235553860288125,-0.6699221524134278,1.6699221524134278,-0.2043334255472187,0.4773149043577332,,0.320582683445726,7144.181347474007
ppo_variance_penalized_seed_42,2022-03-28,7088.249926873019,-0.004598705348300536,0.027212658776342824,-0.6502538222224736,1.6502538222224736,-0.20516155671167283,0.47971857910254023,,0.1312793310317312,7120.803513950237
ppo_variance_penalized_seed_42,2022-03-29,7041.812094647541,-0.006551381893212138,0.13120888651919604,-0.5288617808972857,1.5288617808972857,-0.20683249708124082,0.48312714138278257,,-0.1252437434845637,7087.319885492744
ppo_variance_penalized_seed_42,2022-03-30,7060.725449950872,0.002685864809955252,0.08077218128791075,-0.44409399301560576,1.4440939930156058,-0.19724214282080124,0.4817388907606016,,-0.2838834559111311,7041.243312124437
ppo_variance_penalized_seed_42,2022-03-31,7118.335535541099,0.008159230379171323,0.0920553895756418,-0.5235767579925745,1.5235767579925745,-0.19157984730051603,0.47751027897375253,,-0.1900038492989381,7060.07547211889
ppo_variance_penalized_seed_42,2022-04-01,7103.5933334188185,-0.002071018154268467,0.15321312180631463,-0.6800123095793252,1.6800123095793253,-0.20143073962326738,0.4785923646714165,,0.0756146589280775,7117.244913131633
ppo_variance_penalized_seed_42,2022-04-04,7070.261412699609,-0.0046922619517646424,0.1496629357618814,-0.5373339106535341,1.5373339106535342,-0.20373944271891808,0.48103894588002843,,-0.1289968325413248,7102.5301887860805
ppo_variance_penalized_seed_42,2022-04-05,7107.350856559263,0.005245837698876876,0.1130334486460115,-0.41670765001565424,1.4167076500156544,-0.19351409670525213,0.47831656041807696,,-0.3609987514496152,7069.462236669302
ppo_variance_penalized_seed_42,2022-04-06,7158.686301672769,0.00722286631820479,0.3398719875118116,-0.7433903498772252,1.7433903498772252,-0.19130710674255275,0.4745485106735554,,0.1732569190723647,7104.9352670977005
ppo_variance_penalized_seed_42,2022-04-07,7131.608169847995,-0.003782556000316295,0.006070347296847078,-0.7560925959258887,1.7560925959258888,-0.20196403738173835,0.47653606035738233,,0.4030437427015956,7158.642845960729
ppo_variance_penalized_seed_42,2022-04-08,7144.454785275405,0.0018013630476396703,0.059954154363236145,-0.6929870666746659,1.6929870666746658,-0.1960380918141525,0.4755931117597382,,0.2787686050458334,7131.180600310921
ppo_variance_penalized_seed_42,2022-04-11,7227.6156908864405,0.011639923284619158,0.01131294386430215,-0.6623059839961364,1.6623059839961365,-0.18617749510342693,0.4694890558106957,,0.1898366938173375,7144.373960459478
ppo_variance_penalized_seed_42,2022-04-12,7250.321619653902,0.00314155175628561,0.2544774680378602,-0.910294385153644,1.910294385153644,-0.1942929061874141,0.46782242822224906,,0.8867250240579007,7225.776425545473
ppo_variance_penalized_seed_42,2022-04-13,7181.092492356014,-0.00954842156384128,0.08388635655104393,-0.8438607778999261,1.843860777899926,-0.20682217095412755,0.4729038840244044,,0.8559490190300765,7249.713416589407
ppo_variance_penalized_seed_42,2022-04-14,7241.048452379616,0.008349141873248644,0.16035405068129815,-0.669299551312709,1.669299551312709,-0.18870796240072332,0.4685030837712858,,0.317097676555998,7179.940975086548
ppo_variance_penalized_seed_42,2022-04-18,7237.606193413377,-0.0004753812916564737,0.14190893524429782,-0.8118127617801087,1.8118127617801087,-0.19715648975155037,0.468755747461834,,0.5051039642452173,7240.0208829036865
ppo_variance_penalized_seed_42,2022-04-19,7152.138184613559,-0.01180887803450792,0.08551651572832042,-0.7467760849525105,1.7467760849525105,-0.2084411448346331,0.4750291460465906,,0.3846935997359747,7236.987258549502
ppo_variance_penalized_seed_42,2022-04-20,7155.117093326889,0.0004165060344805127,0.07879374509350168,-0.6671565325274804,1.6671565325274804,-0.1958077949723818,0.4748104925179926,,0.2065783671397651,7151.574640860567
ppo_variance_penalized_seed_42,2022-04-21,7217.999354944417,0.008788432222328613,0.07442028832582026,-0.5787430361415364,1.5787430361415364,-0.18728562579489755,0.47019490012760884,,-0.0267046520401094,7154.584607449799
ppo_variance_penalized_seed_42,2022-04-22,7381.86226021415,0.022701983917120305,0.25824231351361493,-0.7957440106593127,1.7957440106593126,-0.17415986422177107,0.45816727327109746,,0.4889192289287737,7216.135362092056
ppo_variance_penalized_seed_42,2022-04-25,7337.566271907034,-0.006000652239998794,0.20425598934068734,-1.0116627767688589,2.011662776768859,-0.20234072295039787,0.4614186230364479,,1.6876927513864766,7380.354470635014
ppo_variance_penalized_seed_42,2022-04-26,7532.208409682095,0.026526797927574064,0.09243171960180563,-0.8694627974783019,1.869462797478302,-0.17102607276426496,0.4471317836821811,,1.414485241765549,7336.88804803883
ppo_variance_penalized_seed_42,2022-04-27,7510.049005588508,-0.002941953128262176,0.1305372025216981,-1.0056394227689376,2.0056394227689376,-0.19982608791130363,0.44875829606069406,,2.7776511131524044,7531.225176267485
ppo_variance_penalized_seed_42,2022-04-28,7320.308049509196,-0.025264942470830554,0.005639422768937585,-1.0518280385073884,2.0518280385073884,-0.22320786932382478,0.46268538599824327,,2.329425508122001,7510.00665324715
ppo_variance_penalized_seed_42,2022-04-29,7588.0798730474235,0.03657931083326216,0.0603196142253144,-0.9211152262545182,1.9211152262545181,-0.16361942464781437,0.4430307877174188,,1.962649781419904,7319.8664913516395
ppo_variance_penalized_seed_42,2022-05-02,7541.808869288607,-0.006097854072829367,0.07888477374548175,-1.0121117945539178,2.0121117945539178,-0.20537637683907062,0.44642710469697666,,2.635011256326345,7587.4812890834755
ppo_variance_penalized_seed_42,2022-05-03,7507.145972418406,-0.004596098558179218,0.012111794553917754,-1.0092103049967667,2.009210304996767,-0.2035565746932186,0.448971380282926,,2.3763922781649285,7541.717524449017
ppo_variance_penalized_seed_42,2022-05-04,7283.27136989613,-0.029821533155849345,0.030929343483247385,-1.0390266762124862,2.0390266762124862,-0.2303912399775321,0.4654038985356406,,1.72093071753001,7506.913781322046
ppo_variance_penalized_seed_42,2022-05-05,7491.128638684679,0.028538998237479296,0.22943860152834317,-0.7589735424978269,1.7589735424978268,-0.17302901485864736,0.45014706133818594,,0.9288607664182716,7281.600306298469
ppo_variance_penalized_seed_42,2022-05-06,7534.026293138434,0.00572646079420247,0.2410264575021731,-0.9881329815127022,1.9881329815127022,-0.1951827750780099,0.44699835004236205,,2.085069107058948,7489.3230784862035
ppo_variance_penalized_seed_42,2022-05-09,7775.152963257762,0.03200502105214742,0.011867018487297765,-0.9379520691905296,1.9379520691905296,-0.17077495883747046,0.42929952059359555,,1.8588647966015772,7533.93688670913
ppo_variance_penalized_seed_42,2022-05-10,7756.706938218458,-0.0023724324301364064,0.06204793080947035,-1.0046317575304278,2.0046317575304275,-0.2043190344813673,0.4306534689188337,,2.727116275298084,7774.670531104665
ppo_variance_penalized_seed_42,2022-05-11,7879.894510131705,0.01588142660209102,0.004631757530427771,-0.9687245815434249,1.968724581543425,-0.18628743307239015,0.42161143377431304,,2.3420846911819413,7756.671011032686
ppo_variance_penalized_seed_42,2022-05-12,7887.873867237944,0.001012622325841983,0.03127541845657511,-0.9979143165210583,1.9979143165210584,-0.2006957405549032,0.42102574459914116,,2.238250561131708,7879.648063133507
ppo_variance_penalized_seed_42,2022-05-13,7699.275721782199,-0.023909883528827947,0.002085683478941669,-1.048986865950005,2.0489868659500052,-0.22651871538928167,0.4348689516119656,,2.060078956372082,7887.857415629735
ppo_variance_penalized_seed_42,2022-05-16,7727.776182703386,0.003701706751526812,0.10957993454970594,-0.9320425563406476,1.9320425563406476,-0.19831315938226554,0.4327770021946502,,1.4839876916571286,7698.432035652526
ppo_variance_penalized_seed_42,2022-05-17,7580.581994903592,-0.019047418600094845,0.00638450914139832,-0.9630365313578958,1.9630365313578957,-0.2214913934729479,0.44358113607344934,,1.2043219997061985,7727.726844645706
ppo_variance_penalized_seed_42,2022-05-18,7839.693792355098,0.034180990011809964,0.11223679199708647,-0.7894276044605127,1.7894276044605126,-0.1702477169707654,0.4245621884431933,,0.9351460084910984,7579.7311746990135
ppo_variance_penalized_seed_42,2022-05-19,7886.0480118441465,0.005912758931254647,0.21057239553948726,-0.9878253232749529,1.987825323274953,-0.19768848142963588,0.42115976338352923,,1.8503752790209056,7838.042969252945
ppo_variance_penalized_seed_42,2022-05-20,7882.562670815055,-0.00044196294821652327,0.019077349832875234,-0.9695808967281244,1.9695808967281243,-0.20368715098608264,0.4214155893210506,,1.5291664185750724,7885.897566947426
ppo_variance_penalized_seed_42,2022-05-23,7738.891988869233,-0.018226392601705332,0.0043396869968511664,-1.010557222818775,2.010557222818775,-0.22183924460347665,0.43196109594331145,,1.530332507264872,7882.52846296033
ppo_variance_penalized_seed_42,2022-05-24,7792.569867898159,0.006936119422022102,0.09006671950761769,-0.9070897289233547,1.9070897289233546,-0.19628429061994646,0.42802111026841977,,1.3390121135349409,7738.194972255172
ppo_variance_penalized_seed_42,2022-05-25,7724.420431672578,-0.008745437946770962,0.07443211594053689,-0.998855220293855,1.998855220293855,-0.21175975554379803,0.43302331615543027,,1.5079009564998824,7791.989850434276
ppo_variance_penalized_seed_42,2022-05-26,7582.687772432146,-0.018348646412264635,0.08473120830044678,-0.9497368581603796,1.9497368581603796,-0.2216995321258158,0.4434265708512926,,1.2939275980678984,7723.765932195982
ppo_variance_penalized_seed_42,2022-05-27,7417.093369706926,-0.021838483621501648,0.06265094354856315,-0.9290962231727677,1.9290962231727677,-0.2256959276252849,0.45558129056791963,,1.1217416198572123,7582.2127098885685
ppo_variance_penalized_seed_42,2022-05-31,7449.791612121887,0.004408498152188356,0.12163007384262858,-0.7993140344926607,1.7993140344926606,-0.19892055913436055,0.45318122169337155,,0.78193854880351,7416.191228092671
ppo_variance_penalized_seed_42,2022-06-01,7501.823668856197,0.006984364052498693,0.07330243536741621,-0.8594918345869234,1.8594918345869234,-0.19611589195609322,0.4493620402749355,,0.8633653914719718,7449.245524253739
ppo_variance_penalized_seed_42,2022-06-02,7383.016128519883,-0.015837154481455507,0.029378781265084974,-0.8595086119782509,1.859508611978251,-0.219099823736584,0.4580825787064548,,0.7636332585931843,7501.603274419541
ppo_variance_penalized_seed_42,2022-06-03,7475.342820309146,0.012505281064281393,0.09185914021845476,-0.7456571635273274,1.7456571635273272,-0.19064862822465575,0.45130574903954845,,0.5771355736797558,7382.337931006098
ppo_variance_penalized_seed_42,2022-06-06,7456.259117892754,-0.002552886586625225,0.06989405784336966,-0.8200707593568839,1.820070759356884,-0.20530721105946395,0.4527065032329837,,0.5847433241716076,7474.820338265665
ppo_variance_penalized_seed_42,2022-06-07,7398.7222004729965,-0.007716593067653266,0.017408148349193464,-0.8166495755102723,1.8166495755102723,-0.21025241530948505,0.4569297444361078,,0.631541481906686,7456.1293182279
ppo_variance_penalized_seed_42,2022-06-08,7457.405957279023,0.007931607001310903,0.07972385434175422,-0.7231201350282316,1.7231201350282315,-0.1943899418427438,0.4526223245948735,,0.4296956319911874,7398.132345821971
ppo_variance_penalized_seed_42,2022-06-09,7593.499157312004,0.018249402112827662,0.046190935413968126,-0.7375206316229952,1.7375206316229952,-0.18443624350433105,0.4426330092888205,,0.4141778337631167,7457.061492722094
ppo_variance_penalized_seed_42,2022-06-10,7787.804927880265,0.025588436443185536,0.15028810851601238,-0.8404312664447396,1.8404312664447398,-0.1779987531515752,0.42837085947147796,,0.8081842687611117,7592.357944686634
ppo_variance_penalized_seed_42,2022-06-13,8061.935307875501,0.035199954612865625,0.08908940015453404,-0.8637450264205433,1.8637450264205433,-0.17032624654906184,0.4082495396694826,,1.111947474026112,7787.111117010719
ppo_variance_penalized_seed_42,2022-06-14,8085.126922363607,0.0028766807971594144,0.1362549735794567,-0.9939914132446597,1.9939914132446597,-0.20173297289375672,0.4065472624835396,,2.2610663702361435,8060.836829093128
ppo_variance_penalized_seed_42,2022-06-15,7969.81473103057,-0.014262261117272135,0.006008586755340328,-1.0289250415565412,2.0289250415565414,-0.2189569559369145,0.41501124038675935,,1.9884957765763485,8085.078342177067
ppo_variance_penalized_seed_42,2022-06-16,8216.847382096628,0.030996034337439804,0.08958588063735173,-0.880866035298371,1.880866035298371,-0.1752754019892302,0.39687890870677095,,1.4060008819590597,7969.100748159374
ppo_variance_penalized_seed_42,2022-06-17,8233.570934989024,0.002035276075448733,0.11913396470162896,-0.9956999317457393,1.9956999317457393,-0.20344451278508147,0.39565139077906325,,1.9976200330633085,8215.86847649065
ppo_variance_penalized_seed_42,2022-06-21,8026.267596488795,-0.025177816543643483,0.004300068254260658,-1.0516474017571766,2.051647401757177,-0.23166692430049018,0.4108675691904341,,1.646668201598336,8233.535530072028
ppo_variance_penalized_seed_42,2022-06-22,8039.1815709588855,0.0016089638570908615,0.10574767679684949,-0.9425684281942424,1.9425684281942424,-0.2042337722379757,0.4099196764022214,,1.4613449837240462,8025.418837337116
ppo_variance_penalized_seed_42,2022-06-23,7965.236159599937,-0.009198126787690941,0.004705376302915454,-0.9558440349266485,1.9558440349266486,-0.21487837807124582,0.4153473100335955,,1.2251902060221345,8039.143743584426
ppo_variance_penalized_seed_42,2022-06-24,7729.210234026723,-0.029632005987512255,0.024590720908398978,-0.9901788136286659,1.990178813628666,-0.23680078531263876,0.4326717420432951,,1.2332999117826624,7965.0402887005675
ppo_variance_penalized_seed_42,2022-06-27,7752.806967914578,0.003052929493879475,0.1512076756281776,-0.8330967562967307,1.8330967562967309,-0.20336098466000826,0.4309397288718678,,0.8948603384590061,7728.041518112795
ppo_variance_penalized_seed_42,2022-06-28,7891.464707470457,0.0178848435321195,0.04441426817836691,-0.84444011336505,1.8444401133650499,-0.18887721452586576,0.4207621749623956,,0.8369780813194766,7752.46263266677
ppo_variance_penalized_seed_42,2022-06-29,7896.761305829123,0.0006711806432653233,0.08865683192074714,-0.9316290909789989,1.931629090978999,-0.20560529149325574,0.42037340174638327,,1.0857298341303832,7890.765075210278
ppo_variance_penalized_seed_42,2022-06-30,7953.9401964483295,0.007240802704394644,0.03592279501189688,-0.882010927087871,1.882010927087871,-0.1988246861276982,0.4161764399062094,,1.0410010570893526,7896.477632091475
ppo_variance_penalized_seed_42,2022-07-01,7875.1787662839315,-0.009902190388553223,0.049589822404774275,-0.9508223763392825,1.9508223763392825,-0.215809266783861,0.42195757195158107,,1.132552366241277,7953.545761966569
ppo_variance_penalized_seed_42,2022-07-05,7861.938410117222,-0.0016812769029950214,0.12854828747972435,-0.8251083511623891,1.8251083511623891,-0.20721634755582266,0.42292942133481,,0.7587429282238657,7874.166425539929
ppo_variance_penalized_seed_42,2022-07-06,7837.630867047828,-0.0030918002407793743,0.06975471789507548,-0.900607191189981,1.9006071911899811,-0.20831617983005266,0.4247136082888738,,0.9054324393983412,7861.390002821316
ppo_variance_penalized_seed_42,2022-07-07,7739.730701592065,-0.012491040611184001,0.07130190001413872,-0.8523121647068184,1.8523121647068184,-0.21769908614374847,0.4318995339707989,,0.7503615822287254,7837.072029075398
ppo_variance_penalized_seed_42,2022-07-08,7744.427736242051,0.0006068731369450742,0.051679866714112066,-0.7994472053852457,1.7994472053852457,-0.20420024426037975,0.4315547690588798,,0.6249605595354227,7739.3307133410035
ppo_variance_penalized_seed_42,2022-07-11,7808.546517488455,0.0082793439915958,0.06863006623653356,-0.7164869669969502,1.7164869669969502,-0.1963564407872188,0.42684841545153607,,0.3558884717944307,7743.8962356535485
ppo_variance_penalized_seed_42,2022-07-12,7866.14389500871,0.007376197015828367,0.13212581834240522,-0.8348344355740737,1.8348344355740736,-0.19702454261626615,0.4226207364439724,,0.6318556944192438,7807.514806889767
ppo_variance_penalized_seed_42,2022-07-13,7901.575867680758,0.004504363655809751,0.02827169597957624,-0.8546992186306619,1.854699218630662,-0.19959534309530888,0.42002001027359237,,0.8318379949970478,7865.921505779979
ppo_variance_penalized_seed_42,2022-07-14,7917.47738914491,0.002012449381039616,0.018415534853806426,-0.8325619295099164,1.8325619295099163,-0.2017676574391205,0.41885282990225203,,0.7386076448685983,7901.430355934967
ppo_variance_penalized_seed_42,2022-07-15,7792.889625787296,-0.015735790231422464,0.00940205602435118,-0.852289978585074,1.8522899785850742,-0.2196952974534837,0.427997639864495,,0.6547746047027228,7917.402948578926
ppo_variance_penalized_seed_42,2022-07-18,7835.0356180550225,0.00540826244070769,0.1758742967460848,-0.6671047036563794,1.6671047036563795,-0.19817398824241292,0.42490410098417797,,0.247388694949008,7791.51905680474
ppo_variance_penalized_seed_42,2022-07-19,7663.060098454189,-0.021949551729482097,0.14018918825035886,-0.8475943976494092,1.8475943976494094,-0.22618586437505464,0.43752719816903873,,0.4417388130979574,7833.937230771815
ppo_variance_penalized_seed_42,2022-07-20,7628.789458838078,-0.004472187243190762,0.17288245497667976,-0.6819443845811818,1.6819443845811817,-0.20818156992523928,0.440042681858029,,0.29130534080969,7661.735289811734
ppo_variance_penalized_seed_42,2022-07-21,7576.434816509305,-0.006862771952386049,0.008879199034306784,-0.6846114341691804,1.6846114341691805,-0.21033347833470098,0.443885541235507,,0.1729648417697721,7628.721721298082
ppo_variance_penalized_seed_42,2022-07-22,7617.81145947221,0.005461228660311734,0.08660959643877264,-0.5891845353053993,1.5891845353053993,-0.19773793887571683,0.44084847301488855,,0.0257702530926703,7575.778624547403
ppo_variance_penalized_seed_42,2022-07-25,7611.687607495489,-0.0008038859991876812,0.03977172299156728,-0.6302019684381718,1.6302019684381719,-0.203673239908352,0.4412979670988563,,0.0069057628723514,7617.508485985042
ppo_variance_penalized_seed_42,2022-07-26,7669.49793401942,0.007594942081832645,0.012844053023315039,-0.6306402994605621,1.6306402994605622,-0.1950870828146978,0.43705465751796996,,0.0641696281753185,7611.589842576262
ppo_variance_penalized_seed_42,2022-07-27,7517.604393930272,-0.01980488702075245,0.12726792559894717,-0.7931985953122436,1.7931985953122436,-0.2229365415757107,0.44820372642468537,,0.3086476332459689,7668.521852926972
ppo_variance_penalized_seed_42,2022-07-28,7461.999445673586,-0.0073966313393108996,0.2209583022862731,-0.583606245061387,1.583606245061387,-0.21011861710893553,0.45228516003472746,,0.0336110239375911,7515.943316826129
ppo_variance_penalized_seed_42,2022-07-29,7403.9781360371535,-0.007775571421420158,0.05392605259083649,-0.541584402479672,1.541584402479672,-0.2102709716665752,0.45654395589144914,,-0.1405821009893909,7461.597049499045
ppo_variance_penalized_seed_42,2022-08-01,7412.156747324783,0.0011046239112757483,0.1259662212510343,-0.41387805764551056,1.4138780576455106,-0.20105281580524245,0.4559436413503995,,-0.3320774923526572,7403.045484889131
ppo_variance_penalized_seed_42,2022-08-02,7440.7449021500015,0.0038569279900262377,0.20138993437414276,-0.6087379070424558,1.608737907042456,-0.198024857441546,0.4538452551525721,,-0.050933534019929,7410.664013563869
ppo_variance_penalized_seed_42,2022-08-03,7361.975175325702,-0.01058626896368109,0.06329152859215725,-0.6898124191025691,1.689812419102569,-0.21236616198288555,0.45962699617731767,,0.151685938430985,7440.27396603128
ppo_variance_penalized_seed_42,2022-08-04,7362.415541559343,5.981631602303139e-05,0.24238705365457103,-0.446987974788301,1.446987974788301,-0.2013546840877158,0.4595946730549507,,-0.2258746170516185,7360.190727853877
ppo_variance_penalized_seed_42,2022-08-05,7367.978165900483,0.0007555433824320001,9.236917341470807e-05,-0.44598770385537445,1.4459877038553746,-0.20035308974295934,0.4591863733863464,,-0.3255979134808168,7362.414861499105
ppo_variance_penalized_seed_42,2022-08-08,7371.3040188437735,0.00045139288803586197,0.030706259067395325,-0.4145994466596405,1.4145994466596405,-0.20035084120881927,0.4589422539615401,,-0.3843515708456047,7367.751922854118
ppo_variance_penalized_seed_42,2022-08-09,7383.97725478678,0.0017192664840044447,0.02454862176839906,-0.4366427675666742,1.4366427675666742,-0.1987850458857384,0.4580120315128651,,-0.3628127454268405,7371.1230634894755
ppo_variance_penalized_seed_42,2022-08-10,7306.595899323068,-0.01047963079972225,0.05949008308029846,-0.5118878722915818,1.5118878722915818,-0.21088652413240214,0.4636918653205018,,-0.2758938046126559,7383.537981366429
ppo_variance_penalized_seed_42,2022-08-11,7304.258143777692,-0.0003199513942727661,0.31995139427282115,-0.19193647801876068,1.1919364780187607,-0.20036668687480336,0.46386345785595234,,-0.6677997799058171,7304.258143777692
ppo_variance_penalized_seed_42,2022-08-12,7265.005062839264,-0.0053739996815236335,0.11854125559329987,-0.31740210643651956,1.3174021064365196,-0.20516774177181699,0.4667446554626876,,-0.5844353283642059,7303.392287846151
ppo_variance_penalized_seed_42,2022-08-15,7258.939334034519,-0.0008349242364291687,0.15153716197851175,-0.1666623472625332,1.1666623472625333,-0.200311553304232,0.4671898832740472,,-0.7186028044930198,7263.904144590281
ppo_variance_penalized_seed_42,2022-08-16,7254.918533288299,-0.0005539102286428177,0.07689008420166205,-0.24414595978608106,1.2441459597860811,-0.19972811421404715,0.4674850122476261,,-0.643424960724028,7258.38119357791
ppo_variance_penalized_seed_42,2022-08-17,7264.112253598269,0.0012672396344335368,0.05750006454339002,-0.18507588789217602,1.185075887892176,-0.19761093102537902,0.4668101881492164,,-0.6984959953479226,7254.501375004378
ppo_variance_penalized_seed_42,2022-08-18,7258.46447688436,-0.0007774902860443467,0.06134206667191852,-0.2473112691062284,1.2473112691062285,-0.19935487266161353,0.4672247380485482,,-0.6601223094973319,7263.666657940096
ppo_variance_penalized_seed_42,2022-08-19,7275.806696227289,0.002389240782008084,0.06468868738587621,-0.17972742653872803,1.179727426538728,-0.1959035843851366,0.4659518096650488,,-0.7240709405322424,7257.994936344913
ppo_variance_penalized_seed_42,2022-08-22,7332.356189279275,0.00777226435679057,0.2033807124993579,-0.37216203543951665,1.3721620354395165,-0.19035078343943276,0.46180104595049987,,-0.5210626534907583,7274.326937477403
ppo_variance_penalized_seed_42,2022-08-23,7342.8012931290705,0.0014245221563387034,0.3697921719808325,-0.7388330401985594,1.7388330401985594,-0.1963769747482557,0.4610343696159381,,0.0963959823881194,7329.644741358305
ppo_variance_penalized_seed_42,2022-08-24,7326.843386527679,-0.002173272292731565,0.08708271404194323,-0.6552036955857382,1.655203695585738,-0.19968351278502092,0.46220568868718637,,0.1517433401755043,7342.161862063794
ppo_variance_penalized_seed_42,2022-08-25,7268.72145650355,-0.00793273814628026,0.10034894495249846,-0.5671303573655267,1.5671303573655266,-0.20526027818776832,0.46647187013539004,,-0.1044849307339439,7326.108145524009
ppo_variance_penalized_seed_42,2022-08-26,7376.377296343087,0.014810835782297582,0.1258027258919855,-0.4201132444724512,1.4201132444724511,-0.18264279359685157,0.45856987261872895,,-0.3127380609585847,7267.807031530572
ppo_variance_penalized_seed_42,2022-08-29,7415.687214593199,0.0053291631746656964,0.45506568867116454,-0.864389965205235,1.864389965205235,-0.1917847218809274,0.4556845031222341,,0.4241684437972159,7373.020560128829
ppo_variance_penalized_seed_42,2022-08-30,7477.358061440989,0.008316268615864653,0.09785182204727605,-0.7517968708435688,1.751796870843569,-0.18863722711148764,0.45115782923842074,,0.5459400559912172,7414.961576087519
ppo_variance_penalized_seed_42,2022-08-31,7522.990112866337,0.006102697109111599,0.05788967071374318,-0.7986054352094413,1.7986054352094412,-0.19060470528563575,0.4478084117095556,,0.5399917172246588,7476.925199645004
ppo_variance_penalized_seed_42,2022-09-01,7504.434855892279,-0.0024664736621576866,0.018427663164305774,-0.7845465044809775,1.7845465044809776,-0.19887190111324826,0.449170377718539,,0.4669696717099568,7522.8514817385485
ppo_variance_penalized_seed_42,2022-09-02,7564.663189511773,0.008025698773599821,0.021371791823049047,-0.7490992864568011,1.7490992864568011,-0.18822209474252313,0.4447495850945322,,0.3996118687200717,7504.27447267279
ppo_variance_penalized_seed_42,2022-09-06,7586.6174974859105,0.0029022188330309895,0.02734604273249941,-0.7712561774032345,1.7712561774032345,-0.19304287997868658,0.44313812688334536,,0.3759336506142725,7564.456325908936
ppo_variance_penalized_seed_42,2022-09-07,7469.894876935832,-0.015385330892029092,0.08072665455172157,-0.8807695900512496,1.8807695900512496,-0.21149260019495728,0.4517056310624002,,0.6577104995912809,7586.005055235975
ppo_variance_penalized_seed_42,2022-09-08,7435.948456949694,-0.004544430751087458,0.2188449298454085,-0.6691462760852751,1.669146276085275,-0.20027765740533127,0.4541973168532483,,0.1975666777226014,7468.260128315536
ppo_variance_penalized_seed_42,2022-09-09,7362.414666665547,-0.009888959116630569,0.03481528815497725,-0.6505967722245837,1.6505967722245836,-0.20550505551967962,0.4595947372726338,,-0.0141139881706934,7435.68957226146
ppo_variance_penalized_seed_42,2022-09-12,7319.080003399431,-0.005885930802338568,0.11344287255493646,-0.5460796382815394,1.5460796382815394,-0.20122551134354794,0.46277552525426663,,-0.1829840502824177,7361.5794531968195
ppo_variance_penalized_seed_42,2022-09-13,7527.839563108814,0.028522650334799282,0.11253994437150627,-0.6124418078276022,1.6124418078276022,-0.16811259162789258,0.4474524594097979,,0.0328623200643394,7318.256314542998
ppo_variance_penalized_seed_42,2022-09-14,7499.419624365308,-0.003775311429693895,0.2988858522561686,-0.9179974289026052,1.9179974289026052,-0.19974653735323908,0.44953849845523736,,0.7141363742818002,7525.589598365346
ppo_variance_penalized_seed_42,2022-09-15,7561.397268092405,0.008264325352022484,0.17456866217515765,-0.7288367493231032,1.7288367493231032,-0.18755575929659385,0.44498930551270854,,0.4847760263624702,7498.1104607143925
ppo_variance_penalized_seed_42,2022-09-16,7632.794615414238,0.009442348390173327,0.08644774126222399,-0.7981488157655323,1.7981488157655323,-0.1862418567489389,0.4397487011750875,,0.5015738728030542,7560.743602377793
ppo_variance_penalized_seed_42,2022-09-19,7585.5445121624325,-0.006190406742555998,9.369359954947143e-05,-0.8094435323240413,1.8094435323240412,-0.20161252095884027,0.4432168845928591,,0.5023565770344456,7632.793900270236
ppo_variance_penalized_seed_42,2022-09-20,7650.7619720653465,0.008597597680475744,0.05554824957867999,-0.7388479419004769,1.738847941900477,-0.18667369037704612,0.4384298873713065,,0.3888168052920775,7585.123148442681
ppo_variance_penalized_seed_42,2022-09-21,7764.980925555075,0.014929095155066685,0.12422105595947797,-0.8354361643136266,1.8354361643136266,-0.18046801861118267,0.43004615372363125,,0.6718287861658783,7649.811586334282
ppo_variance_penalized_seed_42,2022-09-22,7822.0237379961245,0.007346162596912231,0.044455886906313635,-0.866099806351987,1.8660998063519871,-0.18776883327614408,0.42585918009614954,,0.8363724335067033,7764.635726441219
ppo_variance_penalized_seed_42,2022-09-23,7932.514975791708,0.014125658716536815,0.02170571856054415,-0.8186642237478213,1.8186642237478212,-0.1810781148085135,0.4177490628189551,,0.7011433702337387,7821.853955350293
ppo_variance_penalized_seed_42,2022-09-26,8007.514066143874,0.009454642138218006,0.15263315956058932,-0.952535969110425,1.952535969110425,-0.1855490234647208,0.4122440885732663,,1.2125229680918972,7931.304210967691
ppo_variance_penalized_seed_42,2022-09-27,8027.574215802712,0.0025051657097492352,0.04746403088957496,-0.9949074980799093,1.9949074980799093,-0.19218582361124287,0.4107716626182576,,1.671057336516146,8007.1339972488895
ppo_variance_penalized_seed_42,2022-09-28,7869.580741440689,-0.019681347081289435,0.005092501920090697,-1.0401425689918011,2.040142568991801,-0.21483691255166912,0.42236847003639877,,1.72230389691595,8027.533335365605
ppo_variance_penalized_seed_42,2022-09-29,8017.103115497737,0.018745900055412656,0.1360976428252667,-0.868754308642319,1.8687543086423188,-0.17662207489646542,0.41154024710684595,,1.225634194928241,7868.509710051756
ppo_variance_penalized_seed_42,2022-09-30,8140.0073862157,0.015330259440018645,0.13124569135768105,-0.9695438898080241,1.969543889808024,-0.1800466176896481,0.4025190064249846,,1.544554640243038,8016.050905256658
ppo_variance_penalized_seed_42,2022-10-03,7927.905784309015,-0.026056684207173775,0.016786321354543055,-1.0394378561635351,2.039437856163535,-0.2223628975666559,0.41808737999435724,,1.4873554313287944,8139.870745435886
ppo_variance_penalized_seed_42,2022-10-04,7706.644741554065,-0.02790914130095634,0.14324971624806881,-0.9503490795498166,1.9503490795498166,-0.225110077087044,0.4343280615309045,,1.1752781306362612,7926.770114054972
ppo_variance_penalized_seed_42,2022-10-05,7721.525569759118,0.0019309088071512992,0.08459769386103488,-0.8619981987034581,1.861998198703458,-0.19459948563162108,0.43323580060295613,,0.964158015067476,7705.992777181524
ppo_variance_penalized_seed_42,2022-10-06,7790.743432465564,0.008964272938178697,0.007744194790194281,-0.8531160755569307,1.8531160755569307,-0.18744582380489083,0.42815517162797273,,0.8546461573225558,7721.465772761028
ppo_variance_penalized_seed_42,2022-10-07,7997.04342835931,0.026480142451367872,0.09987630410844406,-0.9024209443945095,1.9024209443945095,-0.17095846178231744,0.4130126391126035,,1.2347919559628366,7789.965321805273
ppo_variance_penalized_seed_42,2022-10-10,8055.832327512285,0.007351329235564252,0.06956230956133158,-0.9574561734510532,1.9574561734510532,-0.18957088071084874,0.40869750176560526,,1.388676280273794,7996.487135548771
ppo_variance_penalized_seed_42,2022-10-11,8106.001956699199,0.0062277399959747015,0.030824003665340882,-0.9759134153555342,1.9759134153555342,-0.19046590606322747,0.4050150235476312,,1.5888020029971168,8055.584014507094
ppo_variance_penalized_seed_42,2022-10-12,8132.543426878843,0.003274298516262819,0.02408658464446578,-0.9934247590997091,1.993424759099709,-0.19314259519579347,0.4030668651220345,,1.8012870788684383,8105.80671079694
ppo_variance_penalized_seed_42,2022-10-13,7917.864754972402,-0.026397482391167792,0.006575240900290935,-1.0542128983295638,2.0542128983295638,-0.2238806075977032,0.41882439703868013,,1.770574000229859,8132.4899534466795
ppo_variance_penalized_seed_42,2022-10-14,8083.74016338424,0.020949512721553987,0.1291346851146895,-0.8853328150526804,1.8853328150526805,-0.17674582477602582,0.40664905135098517,,1.4403821838964752,7916.842284000488
ppo_variance_penalized_seed_42,2022-10-17,7878.8917559422325,-0.02534079563441194,0.09712303459484162,-1.0338014545399197,2.03380145453992,-0.22377925736875076,0.4216850364801843,,1.44466259855168,8082.955046008696
ppo_variance_penalized_seed_42,2022-10-18,7794.294691811591,-0.010737178114782253,0.13100101375165063,-0.9232009228608291,1.923200922860829,-0.20878076140752339,0.4278945072499403,,1.3088618186108631,7877.859613134965
ppo_variance_penalized_seed_42,2022-10-19,7843.675369786433,0.006335490243488007,0.0255477007767837,-0.8856581724532187,1.8856581724532187,-0.19145219325671903,0.4242699384823765,,1.131349809748192,7794.095565503038
ppo_variance_penalized_seed_42,2022-10-20,7903.887695242911,0.0076765448106652645,0.033886703168577004,-0.9048571076297425,1.9048571076297425,-0.18993068061946689,0.4198503208662894,,1.1745698471454054,7843.409573487426
ppo_variance_penalized_seed_42,2022-10-21,7734.0547498952565,-0.02148726701289938,0.021528252592053265,-0.9246436421008851,1.924643642100885,-0.21966605788351884,0.4323161519292833,,1.0149045435710684,7903.717538352149
ppo_variance_penalized_seed_42,2022-10-24,7652.657673642246,-0.010524502202950314,0.07022965589483043,-0.874006739407151,1.8740067394071511,-0.20839249856920786,0.43829074183888284,,0.951683440069362,7733.511589891499
ppo_variance_penalized_seed_42,2022-10-25,7545.942044518825,-0.013944910862925042,0.0007836730771949574,-0.8997129257502045,1.8997129257502046,-0.21183928470688979,0.44612372737481937,,0.977075355560386,7652.651676460458
ppo_variance_penalized_seed_42,2022-10-26,7589.875802816895,0.005822170119896608,0.11198479493279112,-0.7771808830145492,1.7771808830145492,-0.19176646406877376,0.4428989654902213,,0.6941810993608485,7545.097013746395
ppo_variance_penalized_seed_42,2022-10-27,7620.435171801065,0.004026333207300725,0.019513639533866867,-0.7505845084570856,1.7505845084570857,-0.1933028962463824,0.440655891095153,,0.451286305536192,7589.727696716372
ppo_variance_penalized_seed_42,2022-10-28,7479.637934858544,-0.0184762725183375,0.02500245424280456,-0.8089655083771502,1.8089655083771503,-0.21616109182187185,0.4509904852828056,,0.4674180445892433,7620.244642219372
ppo_variance_penalized_seed_42,2022-10-31,7511.3953265573755,0.004245846119212082,0.19416481677253594,-0.6076612717525266,1.6076612717525265,-0.19302834247497633,0.44865947536533307,,0.1281873335430924,7478.185652329397
ppo_variance_penalized_seed_42,2022-11-01,7533.450045951695,0.0029361681066555345,0.08216354781229274,-0.6847392997624708,1.6847392997624708,-0.19407259155256493,0.447040646900994,,0.147880197791159,7510.778163668325
ppo_variance_penalized_seed_42,2022-11-02,7658.554541049647,0.016606534102549864,0.022128053653462043,-0.6354158664009124,1.6354158664009124,-0.18065610529396164,0.4378579085464315,,0.1266596369249917,7533.283345364883
ppo_variance_penalized_seed_42,2022-11-03,7713.486673649084,0.007172650178960405,0.06780247447280585,-0.6909740928261129,1.6909740928261128,-0.18978276732529553,0.43382585997356593,,0.1298591553747276,7658.0352721008785
ppo_variance_penalized_seed_42,2022-11-04,7641.801812024083,-0.009293444671382045,0.04863593612597861,-0.6576636857941349,1.657663685794135,-0.2061042264863757,0.4390875680182689,,0.0049088258900947,7713.111521003916
ppo_variance_penalized_seed_42,2022-11-07,7600.259827672681,-0.005436150448973609,0.09973077249075968,-0.5662921391659937,1.5662921391659936,-0.20198009291725297,0.44213677238722127,,-0.161576694434182,7641.039689226149
ppo_variance_penalized_seed_42,2022-11-08,7577.769277011001,-0.0029591818137311154,0.021871598833199557,-0.548970446561779,1.5489704465617788,-0.19922859991145284,0.4437875911049224,,-0.2120219917942902,7600.093597838702
ppo_variance_penalized_seed_42,2022-11-09,7680.836103540627,0.01360120937467757,0.11697126867869956,-0.643394692624877,1.643394692624877,-0.18275069127663077,0.4362224296747466,,0.0349727644108438,7576.882895724914
ppo_variance_penalized_seed_42,2022-11-10,7383.207697800256,-0.03874948009933099,0.06066782883279509,-0.7726483413089638,1.7726483413089638,-0.23763153308927187,0.4580685174165142,,0.1466916431499088,7680.370123890604
ppo_variance_penalized_seed_42,2022-11-11,7355.77606439757,-0.003715408603615411,0.4333981045593147,-0.34366206182035,1.3436620618203499,-0.20157432767422076,0.46008201430947493,,-0.4112346948645904,7380.0078295784615
ppo_variance_penalized_seed_42,2022-11-14,7371.815994199417,0.0021805897381081962,0.07812071693929223,-0.2626890730487678,1.2626890730487679,-0.19540949246666464,0.4589046746904581,,-0.6372142368483097,7355.201425897774
ppo_variance_penalized_seed_42,2022-11-15,7340.486092012084,-0.004249957162792195,0.21096802834397815,-0.47963459048575996,1.47963459048576,-0.2015941206791931,0.46120430664401074,,-0.3832722323780335,7370.260776713806
ppo_variance_penalized_seed_42,2022-11-16,7369.098655450671,0.003897911266356413,0.03606169666939141,-0.5097567308049391,1.509756730804939,-0.19319826087643854,0.4591041288406141,,-0.2143042485518335,7340.221381629228
ppo_variance_penalized_seed_42,2022-11-17,7379.040857287859,0.0013491747501350737,0.05185823322345717,-0.4558586857625826,1.4558586857625826,-0.19547316384837315,0.45837436578879354,,-0.3186477857824856,7368.71650701395
ppo_variance_penalized_seed_42,2022-11-18,7364.074755619686,-0.0020281906493838653,0.011741020471750074,-0.44703557389606263,1.4470355738960627,-0.19858451614620942,0.45947288583556734,,-0.3672624092944041,7378.954219818092
ppo_variance_penalized_seed_42,2022-11-21,7371.554640484153,0.0010157263624679391,0.1314870347343805,-0.3140408556467783,1.3140408556467782,-0.1952718919206444,0.45892385819608184,,-0.5570648419748447,7363.106475266507
ppo_variance_penalized_seed_42,2022-11-22,7348.957325602211,-0.0030654747857173925,0.09314410495822545,-0.22453681809351175,1.2245368180935117,-0.19909765966420276,0.460582513465935,,-0.7361085110098488,7370.868023625015
ppo_variance_penalized_seed_42,2022-11-23,7346.177866466056,-0.00037821135883753243,0.1955437665943834,-0.029181086299177962,1.029181086299178,-0.1961372314737379,0.46078652728649777,,-0.982864703541395,7347.520282806222
ppo_variance_penalized_seed_42,2022-11-25,7344.943902994238,-0.000167973535932342,0.14260310011839564,0.11339951717048354,0.8866004828295164,-0.19565922859399013,0.4608771008801318,,-1.19869807487687,7345.130278728277
ppo_variance_penalized_seed_42,2022-11-28,7337.024725417221,-0.0010781808113998759,0.048892524472767776,0.06354306141057992,0.9364569385894201,-0.1963035271088131,0.4614583728449491,,-1.1691166224702634,7344.58479014471
ppo_variance_penalized_seed_42,2022-11-29,7338.034631753358,0.00013764521368431204,0.3441589871994593,-0.27999900457236854,1.2799990045723686,-0.1948212205011538,0.46138424516760146,,-0.7731840153922894,7334.499622418664
ppo_variance_penalized_seed_42,2022-11-30,7300.516201450687,-0.005112871795442286,0.1215273755488166,-0.1642836761766464,1.1642836761766464,-0.19984933406769614,0.46413811846906494,,-0.8445744561098272,7337.142859662874
ppo_variance_penalized_seed_42,2022-12-01,7298.1308644874425,-0.0003267353838308784,0.257880633800605,0.0935345270707784,0.9064654729292216,-0.1947852199705007,0.46431320350660726,,-1.1344074759529124,7298.6335397055855
ppo_variance_penalized_seed_42,2022-12-02,7296.163832120231,-0.0002695254995745966,0.07504594539855143,0.16841873477785038,0.8315812652221496,-0.19446381748732106,0.46445758475804766,,-1.2922182733203118,7297.583169357074
ppo_variance_penalized_seed_42,2022-12-05,7259.832103657684,-0.004979565878524106,0.10270753551633907,0.26755386734866266,0.7324461326513374,-0.19895098924106558,0.46712435349548886,,-1.4561488778144311,7295.41446111431
ppo_variance_penalized_seed_42,2022-12-06,7266.006555157303,0.0008504950819054891,0.3509297459807313,-0.08207539001272185,1.0820753900127218,-0.19284826648017875,0.4666711453788696,,-1.0650943966094994,7257.284412621684
ppo_variance_penalized_seed_42,2022-12-07,7268.140278060756,0.00029365826843874565,0.21983033141328828,-0.3012374039369324,1.3012374039369323,-0.19314338914452486,0.4665145289509131,,-0.7383383577221311,7264.409266528232
ppo_variance_penalized_seed_42,2022-12-08,7248.525289923588,-0.002698763010446581,0.038374036960055535,-0.34318497251806224,1.3431849725180622,-0.19588497202615004,0.46795427980679105,,-0.6239226376501441,7267.861370177095
ppo_variance_penalized_seed_42,2022-12-09,7260.966937239214,0.0017164384227121854,0.1000023580723759,-0.2409283162109514,1.2409283162109515,-0.19121311725100026,0.4670410560900119,,-0.7159079530461435,7247.800420302049
ppo_variance_penalized_seed_42,2022-12-12,7221.3755426123,-0.005452633921780081,0.12841436853483718,-0.3766733372072857,1.3766733372072857,-0.19816975543302676,0.46994708610649155,,-0.5949742747398588,7260.034524755016
ppo_variance_penalized_seed_42,2022-12-13,7185.995300447662,-0.004899377127787319,0.23910981775716134,-0.6233502102391629,1.6233502102391628,-0.19738115141320428,0.4725440152293385,,-0.108280319511607,7219.6488408223495
ppo_variance_penalized_seed_42,2022-12-14,7192.112660092346,0.0008512891240415321,0.4238271189229398,-0.1979948609046034,1.1979948609046034,-0.19136236352947775,0.47209499768609264,,-0.6706728289045408,7182.949680762879
ppo_variance_penalized_seed_42,2022-12-15,7199.818707907774,0.0010714581625212993,0.1481303415171198,-0.04858548711840572,1.0485854871184057,-0.19088747375380227,0.4715293695623276,,-0.99175622944707,7191.047289987777
ppo_variance_penalized_seed_42,2022-12-16,7247.460284875059,0.006617052303686366,0.3802492492287928,-0.4189024711460274,1.4189024711460274,-0.18517206221717694,0.46803245175975944,,-0.6107970769967433,7197.080982249509
ppo_variance_penalized_seed_42,2022-12-19,7267.436893426679,0.0027563598510929044,0.08392210253183063,-0.3311990705828574,1.3311990705828574,-0.1887715874869724,0.46656615776770577,,-0.661907577685417,7246.852062769936
ppo_variance_penalized_seed_42,2022-12-20,7263.996414789522,-0.00047341018403179724,0.008529463638791757,-0.3403516431738931,1.340351643173893,-0.1917416323404674,0.4668186907811258,,-0.7090496312935853,7267.374906087949
ppo_variance_penalized_seed_42,2022-12-21,7243.10629186065,-0.0028758443336148742,0.15859681567450346,-0.18497520918765673,1.1849752091876566,-0.19390075353386904,0.46835203722803226,,-0.9228692677723788,7262.844368089065
ppo_variance_penalized_seed_42,2022-12-22,7233.844640483856,-0.0012786850011026196,0.2566352658979,0.07071003233510476,0.9292899676648952,-0.192046534397124,0.46903184750389554,,-1.2444585237730037,7241.247455351512
ppo_variance_penalized_seed_42,2022-12-23,7216.3351929093305,-0.0024204898563254806,0.41883298670369606,-0.3508279814318656,1.3508279814318656,-0.19294171273728467,0.4703170505310442,,-0.8147481318063508,7230.814867727731
ppo_variance_penalized_seed_42,2022-12-27,7215.393982495969,-0.0001304277570540746,0.3062333433822631,-0.04441096852118031,1.0444109685211802,-0.1903954989396417,0.47038613589009326,,-1.0745964053966588,7214.125310456239
ppo_variance_penalized_seed_42,2022-12-28,7236.06966533706,0.0028654960340694924,0.20250346293157084,-0.24309982933150073,1.2430998293315008,-0.18716539100072538,0.46886852946289814,,-0.902500771192736,7213.932840228098
ppo_variance_penalized_seed_42,2022-12-29,7195.323673287347,-0.005630956297297374,0.06607524476899365,-0.3165017337651757,1.3165017337651757,-0.19545768676561975,0.4718593075616118,,-0.7974663145748441,7235.591540262757
ppo_variance_penalized_seed_42,2022-12-30,7196.106476643289,0.0001087933484977821,0.19945501248555458,-0.11670243091514648,1.1167024309151465,-0.18945101774695677,0.47180184936720354,,-0.9710910182648248,7193.888529914254
