baseline,date,portfolio_value,daily_returns,turnover,weight_spy,weight_cash,reward,drawdown,lambda_rrc,vix_zscore_t,nav_after_cost
ppo_hybrid_regime_aware_policy,2020-01-02,10000.0,0.0,0.0,0.0,1.0,0.0,0.0,,,10000.0
ppo_hybrid_regime_aware_policy,2020-01-03,9898.492276932337,-0.01015077230676631,1.0,1.0,0.0,-0.011925641820713425,0.010150772306766339,0.02196868405794555,-1.121252637682178,9990.0
ppo_hybrid_regime_aware_policy,2020-01-06,9962.270258731627,0.006443201652833519,0.0,1.0,0.0,0.006422532963247189,0.003772974126837289,0.03712433531275174,-0.5150265874899304,9898.492276932337
ppo_hybrid_regime_aware_policy,2020-01-07,9960.883842187872,-0.00013916672683522702,0.0,1.0,0.0,-0.0001441052390766069,0.003911615781212822,0.035550842754480054,-0.577966289820798,9962.270258731627
ppo_hybrid_regime_aware_policy,2020-01-08,10035.753156337223,0.0075163324194438275,0.0,1.0,0.0,0.007488225545464423,0.0,0.035071771634949366,-0.5971291346020252,9960.883842187872
ppo_hybrid_regime_aware_policy,2020-01-09,10120.790700468484,0.008473459122254612,0.0,1.0,0.0,0.008437760884125378,0.0,0.03170709135644319,-0.7317163457422727,10035.753156337223
ppo_hybrid_regime_aware_policy,2020-01-10,10094.909279526248,-0.0025572528578264864,0.0,1.0,0.0,-0.0026178513091586566,0.002557252857826433,0.022415888570817583,-1.1033644571672967,10120.790700468484
ppo_hybrid_regime_aware_policy,2020-01-13,10211.373205578158,0.011536896749346104,0.0,1.0,0.0,0.011470854221230373,0.0,0.02279942373867406,-1.0880230504530377,10094.909279526248
ppo_hybrid_regime_aware_policy,2020-01-14,10171.165715415967,-0.003937520385625226,0.0,1.0,0.0,-0.00402606820276219,0.003937520385625194,0.02051427455748325,-1.17942901770067,10211.373205578158
ppo_hybrid_regime_aware_policy,2020-01-15,10175.32496504724,0.0004089255595323138,0.0,1.0,0.0,0.00040884197226223216,0.0035302049788196524,0.021444797500769254,-1.14220809996923,10171.165715415967
ppo_hybrid_regime_aware_policy,2020-01-16,10272.840258072316,0.00958350650815043,0.0,1.0,0.0,0.009537876011452584,0.0,0.02196743423231929,-1.1213026307072285,10175.32496504724
ppo_hybrid_regime_aware_policy,2020-01-17,10323.677881998796,0.0049487408203912064,0.0,1.0,0.0,0.004936536051468016,0.0,0.021110771295542913,-1.1555691481782835,10272.840258072316
ppo_hybrid_regime_aware_policy,2020-01-21,10319.05602338853,-0.00044769496521435137,0.0,1.0,0.0,-0.0004563152666885788,0.0004476949652143802,0.01903094031567772,-1.2387623873728912,10323.677881998796
ppo_hybrid_regime_aware_policy,2020-01-22,10346.323155677908,0.0026424056839673415,0.0,1.0,0.0,0.002638920667935501,0.0,0.02714078310667269,-0.9143686757330924,10319.05602338853
ppo_hybrid_regime_aware_policy,2020-01-23,10379.598563121313,0.003216157754085236,0.0,1.0,0.0,0.0032109969810153183,0.0,0.027874852178532052,-0.8850059128587179,10346.323155677908
ppo_hybrid_regime_aware_policy,2020-01-24,10292.250794881533,-0.008415332029325984,0.0,1.0,0.0,-0.00869305867526392,0.008415332029325973,0.028771036533955793,-0.8491585386417684,10379.598563121313
ppo_hybrid_regime_aware_policy,2020-01-27,10079.658697544915,-0.020655549653176175,0.0,1.0,0.0,-0.021812598036650522,0.028897058373922434,0.045930633652293995,-0.1627746539082402,10292.250794881533
ppo_hybrid_regime_aware_policy,2020-01-28,10184.977960717551,0.010448693386641006,0.30000000000000004,0.7031912634823492,0.29680873651765083,0.009144483080825102,0.01875030149000641,0.08554204613274374,1.4216818453097495,10076.634799935651
ppo_hybrid_regime_aware_policy,2020-01-29,10198.507284815323,0.0013283606650846824,0.29680873651765083,1.0,0.0,0.0008822660698184449,0.017446847987879523,0.06466591655895661,0.5866366623582641,10181.954970277571
ppo_hybrid_regime_aware_policy,2020-01-30,10234.830750795814,0.0035616453433899853,0.0,1.0,0.0,0.0035553177046996356,0.013947342129382418,0.06607183339398613,0.6428733357594455,10198.507284815323
ppo_hybrid_regime_aware_policy,2020-01-31,10072.526442323253,-0.015858035411082994,0.0,1.0,0.0,-0.016866342920241126,0.029584200095087197,0.05635553780463044,0.2542215121852175,10234.830750795814
ppo_hybrid_regime_aware_policy,2020-02-03,10176.005001024852,0.01027334693973092,0.30000000000000004,0.7031397483577367,0.29686025164226326,0.00897093477101217,0.019614781906867614,0.09273243329032357,1.7092973316129427,10069.504684390557
ppo_hybrid_regime_aware_policy,2020-02-04,10339.013635058373,0.016018922358735477,0.0031397483577367824,0.7047308357416897,0.2952691642583103,0.01508726372915627,0.003910067216581866,0.0830755727155784,1.3230229086231358,10175.973050929862
ppo_hybrid_regime_aware_policy,2020-02-05,10370.039933092346,0.003000895358989286,0.2952691642583103,1.0,0.0,0.002553497913959021,0.0009209055601561252,0.06219770898513473,0.4879083594053889,10335.960843143093
ppo_hybrid_regime_aware_policy,2020-02-06,10459.554398159657,0.008632027036044043,0.0,1.0,0.0,0.008594984108398167,0.0,0.05243970020511787,0.0975880082047145,10370.039933092346
ppo_hybrid_regime_aware_policy,2020-02-07,10414.569749823931,-0.004300818813432472,0.0,1.0,0.0,-0.004526827866400914,0.00430081881343244,0.05039364312487842,0.0157457249951368,10459.554398159657
ppo_hybrid_regime_aware_policy,2020-02-10,10540.435382838617,0.012085533635877166,0.0,1.0,0.0,0.012013086696750977,0.0,0.05597764789693793,0.2391059158775173,10414.569749823931
ppo_hybrid_regime_aware_policy,2020-02-11,10542.2526292326,0.0001724071471413957,0.0,1.0,0.0,0.00017239228673720505,0.0,0.05133217854544067,0.0532871418176267,10540.435382838617
ppo_hybrid_regime_aware_policy,2020-02-12,10644.9447306845,0.009741001763431845,0.0,1.0,0.0,0.009693864070781962,0.0,0.0528898940800269,0.1155957632010759,10542.2526292326
ppo_hybrid_regime_aware_policy,2020-02-13,10631.312956036627,-0.0012805867003309324,0.0,1.0,0.0,-0.0013291759046461114,0.0012805867003309493,0.03730208385651298,-0.5079166457394809,10644.9447306845
ppo_hybrid_regime_aware_policy,2020-02-14,10661.756859857058,0.002863607152411518,0.0,1.0,0.0,0.002859514840104885,0.0,0.04182547402406811,-0.3269810390372755,10631.312956036627
ppo_hybrid_regime_aware_policy,2020-02-18,10665.84618424916,0.00038355070799811486,0.0,1.0,0.0,0.00038347717122809785,0.0,0.03682267807585717,-0.5270928769657132,10661.756859857058
ppo_hybrid_regime_aware_policy,2020-02-19,10768.083454096923,0.009585481365626869,0.0,1.0,0.0,0.00953983212061264,0.0,0.04933321474401381,-0.0266714102394479,10665.84618424916
ppo_hybrid_regime_aware_policy,2020-02-20,10668.118262247282,-0.009283471127966236,0.0,1.0,0.0,-0.009739585984708374,0.009283471127966278,0.044461265644621474,-0.2215493742151412,10768.083454096923
ppo_hybrid_regime_aware_policy,2020-02-21,10463.189584288475,-0.019209449400651724,0.0,1.0,0.0,-0.020485456479782962,0.02831459015972289,0.057227756844051014,0.2891102737620407,10668.118262247282
ppo_hybrid_regime_aware_policy,2020-02-24,10177.687708901261,-0.0272863138995324,0.30000000000000004,0.691677001891157,0.308322998108843,-0.030867060909343456,0.054828303264220515,0.0736057568899363,0.9442302755974517,10460.05062741319
ppo_hybrid_regime_aware_policy,2020-02-25,10048.05418086517,-0.012737031410652855,0.23167700189115698,0.4531599871608877,0.5468400128391123,-0.01726319352892102,0.06686698485400419,0.125,4.22184436454829,10175.329772726678
ppo_hybrid_regime_aware_policy,2020-02-26,10038.556216587807,-0.0009452540866520254,0.5331599871608876,-0.08044548272181372,1.0804454827218137,-0.012223697076261685,0.06774903264996082,0.125,5.095597825897003,10042.696960427109
ppo_hybrid_regime_aware_policy,2020-02-27,10078.765294583225,0.0040054642448459354,0.0004454827218137586,-0.07569087753020627,1.0756908775302063,-0.006371204494409332,0.06401493473301725,0.125,4.734416174629932,10038.551744584462
ppo_hybrid_regime_aware_policy,2020-02-28,10078.094502575019,-6.655497857133152e-05,0.004309122469793689,-0.08006722999908072,1.0800672299990808,-0.010448807685402123,0.06407722919897917,0.125,7.883651998287038,10078.721863949226
ppo_hybrid_regime_aware_policy,2020-03-02,10036.488652770038,-0.004128344876538903,6.722999908076455e-05,-0.08447702255137517,1.0844770225513751,-0.014987967360510711,0.06794104117465168,0.125,7.25629335652188,10078.093825024735
ppo_hybrid_regime_aware_policy,2020-03-03,10062.191041798727,0.0025608945436903507,0.0044770225513752065,-0.0772364758024976,1.0772364758024975,-0.007817094493029255,0.06555413647259811,0.125,5.011807423017717,10036.443719184002
ppo_hybrid_regime_aware_policy,2020-03-04,10028.577837043575,-0.003340545276423579,0.002763524197502365,-0.08361688666607194,1.083616886666072,-0.014108477480727575,0.06867569518807816,0.125,5.553507894223165,10062.163234690304
ppo_hybrid_regime_aware_policy,2020-03-05,10052.916701527623,0.0024269507481056163,0.003616886666071975,-0.07738134230769185,1.077381342307692,-0.007949414870530786,0.06641541696978587,0.125,4.134371804762353,10028.541564814117
ppo_hybrid_regime_aware_policy,2020-03-06,10066.459539194648,0.0013471550664461152,0.00261865769230811,-0.07854420555878777,1.0785442055587877,-0.009025679519350361,0.06515773376880069,0.125,5.629034102683704,10052.890376379974
ppo_hybrid_regime_aware_policy,2020-03-09,10122.385695910438,0.0055556927932840505,0.0014557944412121882,-0.07403143901649877,1.0740314390164987,-0.004829866836546763,0.05996403732744259,0.125,5.7327036136449925,10066.444884498807
ppo_hybrid_regime_aware_policy,2020-03-10,10078.231985851515,-0.004361986530187378,0.005968560983501195,-0.0847251102741094,1.0847251102741093,-0.015261033616679734,0.06406446153451205,0.125,7.443963267849547,10122.325279834113
ppo_hybrid_regime_aware_policy,2020-03-11,10113.300744531192,0.0034796538449313186,0.004725110274109434,-0.07624991970967909,1.076249919709679,-0.006901473808596909,0.06080772983948279,0.125,5.643705476690732,10078.184365094014
ppo_hybrid_regime_aware_policy,2020-03-12,10187.446751470781,0.00733153386936336,0.0037500802903208674,-0.07213555180269632,1.0721355518026963,-0.0030688363035604425,0.05392200990095662,0.125,6.253245263583844,10113.2628188414
ppo_hybrid_regime_aware_policy,2020-03-13,10118.33251210033,-0.006784255275785633,0.007864448197303642,-0.0873684918233222,1.0873684918233222,-0.017989473949166,0.06034044449659068,0.125,8.326319460410785,10187.366632823541
ppo_hybrid_regime_aware_policy,2020-03-16,10215.221498889321,0.00957558833662775,0.007368491823322235,-0.06974857009787726,1.0697485700978773,-0.0008490197650433752,0.05134265141651133,0.125,5.461591493098656,10118.25795524995
ppo_hybrid_regime_aware_policy,2020-03-17,10153.13825036628,-0.006077523480992553,0.010251429902122702,-0.08659272123327653,1.0865927212332764,-0.017200129855404905,0.057108138727943666,0.125,7.637808953676683,10215.11677826219
ppo_hybrid_regime_aware_policy,2020-03-18,10177.776681778054,0.002426681367298844,0.0065927212332765744,-0.07737842570986797,1.077378425709868,-0.007954147351033357,0.054820040616817035,0.125,6.268315464708368,10153.071313556153
ppo_hybrid_regime_aware_policy,2020-03-19,10172.862847192562,-0.00048280039335990566,0.0026215742901319894,-0.08051884362250042,1.0805188436225004,-0.010911890997454854,0.05527637387300313,0.125,5.854942756782667,10177.749999980375
ppo_hybrid_regime_aware_policy,2020-03-20,10204.740111235946,0.0031335588144865145,0.0005188436225004589,-0.07662576947903339,1.0766257694790333,-0.00724011881407568,0.052316026827099134,0.125,5.105067223695603,10172.857569067552
ppo_hybrid_regime_aware_policy,2020-03-23,10205.85343661469,0.00010909884687015925,0.0033742305209665674,-0.07987854232730968,1.0798785423273096,-0.01026396844975767,0.05221263559842871,0.125,4.3536582146712695,10204.705678090404
ppo_hybrid_regime_aware_policy,2020-03-24,10142.626941820652,-0.006195120788939246,0.00012145767269028385,-0.08673230673115553,1.0867323067311556,-0.017316529512169134,0.05808429280312679,0.125,3.820195907751789,10205.852197035485
ppo_hybrid_regime_aware_policy,2020-03-25,10148.567102709718,0.0005856629572535965,0.006732306731155574,-0.07936058759505661,1.0793605875950567,-0.009792606936461274,0.057532647664566346,0.125,3.70585945184924,10142.55865854502
ppo_hybrid_regime_aware_policy,2020-03-26,10105.8064337341,-0.004213468615111182,0.0006394124049433486,-0.0845691073292535,1.0845691073292536,-0.015087711482243592,0.06150370427439866,0.125,3.772196338990945,10148.56061359002
ppo_hybrid_regime_aware_policy,2020-03-27,10133.565544185454,0.0027468476299616906,0.004569107329253544,-0.0770366099047855,1.0770366099047854,-0.00763177172270532,0.058925797948756985,0.125,3.430434764329368,10105.760259219856
ppo_hybrid_regime_aware_policy,2020-03-30,10104.048227145831,-0.0029128263799073073,0.0029633900952144576,-0.08315183277063638,1.0831518327706364,-0.013632170220011296,0.06166698370994204,0.125,3.6779857984602273,10133.535514477691
ppo_hybrid_regime_aware_policy,2020-03-31,10110.919351622004,0.0006800367854256084,0.003151832770636423,-0.07926265771222718,1.0792626577122273,-0.009692922083970872,0.061028882741885525,0.1237167858390428,2.9486714335617124,10104.016380875513
ppo_hybrid_regime_aware_policy,2020-04-01,10145.280485840842,0.0033984183854978145,0.0007373422877727798,-0.07634134545287084,1.0763413454528707,-0.006976449201892794,0.05783786603354413,0.11568124791670238,2.6272499166680947,10110.911896413598
ppo_hybrid_regime_aware_policy,2020-04-02,10234.502046614449,0.008794390741402092,0.5363413454528708,0.4649946702451415,0.5350053297548585,0.0053594333072207396,0.04955212408568979,0.12091280156372242,2.836512062548897,10139.83915245507
ppo_hybrid_regime_aware_policy,2020-04-03,10167.633474206401,-0.0065336419987495065,0.004994670245141497,0.45645134479995364,0.5435486552000464,-0.009828268199857812,0.05576201024538578,0.10848774215024073,2.3395096860096287,10234.450928651602
ppo_hybrid_regime_aware_policy,2020-04-06,10501.985336961241,0.032883941342204626,0.00354865520004638,0.47719384326521813,0.5228061567347819,0.02975750977044095,0.02471174357721378,0.10023588717597742,2.0094354870390974,10167.597392781001
ppo_hybrid_regime_aware_policy,2020-04-07,10496.652791459124,-0.00050776546824427,0.22280615673478182,0.6999144687767456,0.30008553122325443,-0.0016900518307993574,0.025206961275409452,0.09682240979528323,1.8728963918113288,10499.645429970227
ppo_hybrid_regime_aware_policy,2020-04-08,10596.628964215006,0.009524576523787687,0.23991446877674555,0.46522307753431935,0.5347769224656806,0.006527632015219346,0.015922470383221594,0.09889164313295165,1.955665725318066,10494.134492580728
ppo_hybrid_regime_aware_policy,2020-04-09,10604.863365776233,0.0007770774638835576,0.2347769224656806,0.7003033206122926,0.2996966793877074,-0.0003753896881859198,0.015157765912242209,0.09237492716873016,1.6949970867492063,10594.141120278277
ppo_hybrid_regime_aware_policy,2020-04-13,10685.059138074414,0.007562169311580824,0.00030332061229265683,0.7022517139475454,0.2977482860524546,0.006733264466749325,0.007710222192875084,0.08896869988893058,1.558747995557223,10604.860149102584
ppo_hybrid_regime_aware_policy,2020-04-14,11010.327970620036,0.03044146301320705,0.0022517139475454195,0.7088633025222408,0.29113669747775917,0.02918393771298508,0.0,0.08771673004921572,1.5086692019686287,10685.035078377721
ppo_hybrid_regime_aware_policy,2020-04-15,10921.83019876237,-0.008037705333920342,0.008863302522240879,0.6975718304794737,0.3024281695205263,-0.00953739711335767,0.008037705333920316,0.08135659414890656,1.2542637659562617,11010.230382752363
ppo_hybrid_regime_aware_policy,2020-04-16,11061.253423508775,0.012765555058913414,0.0024281695205262688,0.7037821141817043,0.29621788581829567,0.011881119957177241,0.0,0.0865171255733066,1.460685022932264,10921.803678707174
ppo_hybrid_regime_aware_policy,2020-04-17,11135.281263446042,0.00669253628887434,0.003782114181704377,0.701995540295076,0.29800445970492395,0.005864567517406661,0.0,0.08490917686031055,1.396367074412422,11061.211588585335
ppo_hybrid_regime_aware_policy,2020-04-20,11042.935465689714,-0.008293081743653286,0.0019955402950760925,0.6974918740454278,0.3025081259545722,-0.009803872247844972,0.008293081743653249,0.08117830045369939,1.2471320181479757,11135.259042543585
ppo_hybrid_regime_aware_policy,2020-04-21,10757.673098116988,-0.02583211397540386,0.0025081259545721712,0.6920456403192917,0.3079543596807083,-0.02930165791282375,0.033910967886247735,0.09080659893160263,1.632263957264105,11042.907768616658
ppo_hybrid_regime_aware_policy,2020-04-22,10981.045512208775,0.02076400835519787,0.007954359680708234,0.7061048281125281,0.29389517188747194,0.019739443174550453,0.013851087151572846,0.09312720635325883,1.7250882541303527,10757.587527715837
ppo_hybrid_regime_aware_policy,2020-04-23,10964.582851067627,-0.001499188863468781,0.0061048281125281045,0.6995514022566521,0.30044859774334787,-0.002437774662853044,0.015329510619437095,0.08678409937330762,1.4713639749323046,10980.978474813428
ppo_hybrid_regime_aware_policy,2020-04-24,11085.619247686689,0.011038851022706853,0.00044859774334782276,0.7032756306869761,0.29672436931302393,0.010177694714653445,0.004459879780709234,0.08542056152152509,1.4168224608610036,10964.577932380504
ppo_hybrid_regime_aware_policy,2020-04-27,11147.999001300373,0.005627087871225678,0.0032756306869761165,0.7016796574703942,0.2983203425296058,0.004806401508966922,0.0,0.07575301030696398,1.0301204122785588,11085.582935292097
ppo_hybrid_regime_aware_policy,2020-04-28,11001.002445468946,-0.013185913975618413,0.0016796574703942246,0.6959918789653893,0.3040081210346107,-0.015012536719336682,0.013185913975618442,0.07101496742139089,0.8405986968556356,11147.980276480572
ppo_hybrid_regime_aware_policy,2020-04-29,11274.031786392115,0.024818587422060112,0.004008121034610679,0.7072664359861591,0.2927335640138409,0.02370959686369935,0.0,0.07134194533047836,0.853677813219134,11000.958352119644
ppo_hybrid_regime_aware_policy,2020-04-30,11266.099879889909,-0.0007035554495934404,0.2927335640138409,1.0,0.0,-0.0011901529025903244,0.0007035554495934901,0.06715816887274638,0.6863267549098547,11270.73149888648
ppo_hybrid_regime_aware_policy,2020-05-01,11040.511504651546,-0.02002364417530511,0.30000000000000004,0.6939620040652796,0.30603799593472036,-0.02291866684623723,0.020713111880918362,0.07205719592623516,0.8822878370494066,11262.720049925942
ppo_hybrid_regime_aware_policy,2020-05-04,11130.536873356486,0.008154094007964297,0.006037995934720319,0.702428239507948,0.29757176049205203,0.007311972011335237,0.01272791453442849,0.07710889630063836,1.0843558520255343,11040.444842087963
ppo_hybrid_regime_aware_policy,2020-05-05,11218.842387939168,0.007933625806861189,0.0024282395079480157,0.7023620763837547,0.2976379236162453,0.007098677708050639,0.004895267238785083,0.07481275307170542,0.992510122868216,11130.509845747107
ppo_hybrid_regime_aware_policy,2020-05-06,11267.162944902075,0.004307089385162666,0.002362076383754741,0.7012872909612292,0.2987127090387708,0.0034942973089937554,0.0006092622071840788,0.07059795187311808,0.8239180749247235,11218.81588817651
ppo_hybrid_regime_aware_policy,2020-05-07,11368.707385023648,0.009012423146637749,0.0012872909612292593,0.7026799601959773,0.29732003980402266,0.008170122694851073,0.0,0.07134544434715427,0.8538177738861711,11267.148440785057
ppo_hybrid_regime_aware_policy,2020-05-08,11521.086492880657,0.013403380234567663,0.29732003980402266,1.0,0.0,0.012868369532757133,0.0,0.0666386890877542,0.6655475635101678,11365.327240491413
ppo_hybrid_regime_aware_policy,2020-05-11,11624.071997197183,0.008938870859112491,0.0,1.0,0.0,0.008899155650279883,0.0,0.060627329639676986,0.4250931855870794,11521.086492880657
ppo_hybrid_regime_aware_policy,2020-05-12,11380.697627844522,-0.02093710099277979,0.0,1.0,0.0,-0.022412353468890492,0.02093710099277982,0.05984415768468687,0.393766307387475,11624.071997197183
ppo_hybrid_regime_aware_policy,2020-05-13,11238.259638431357,-0.012515752027772886,0.0,1.0,0.0,-0.013441918290045955,0.03319080945634664,0.0691369912994055,0.7654796519762199,11380.697627844522
ppo_hybrid_regime_aware_policy,2020-05-14,11324.167150196656,0.00764420066177518,0.30000000000000004,0.7023651802858265,0.2976348197141735,0.006365131804696736,0.025800326002182444,0.0728297843320827,0.9131913732833082,11234.888160539827
ppo_hybrid_regime_aware_policy,2020-05-15,11394.28527739543,0.006191901467787586,0.2976348197141735,1.0,0.0,0.005726358182417392,0.019768177610837274,0.06812990347257196,0.7251961389028778,11320.796683748495
ppo_hybrid_regime_aware_policy,2020-05-18,11606.584707283222,0.018632097118804314,0.0,1.0,0.0,0.01846064598585056,0.0015044030971399255,0.066776085884898,0.6710434353959198,11394.28527739543
ppo_hybrid_regime_aware_policy,2020-05-19,11577.495926546551,-0.002506230856904601,0.0,1.0,0.0,-0.0026651559853684602,0.0040068635725812925,0.062250443586263096,0.4900177434505237,11606.584707283222
ppo_hybrid_regime_aware_policy,2020-05-20,11808.6783398123,0.019968256929865147,0.0,1.0,0.0,0.019771506154927065,0.0,0.0642543561280439,0.5701742451217557,11577.495926546551
ppo_hybrid_regime_aware_policy,2020-05-21,11680.073300930162,-0.010890722499278693,0.0,1.0,0.0,-0.01160196238829733,0.010890722499278678,0.059821728805877716,0.3928691522351087,11808.6783398123
ppo_hybrid_regime_aware_policy,2020-05-22,11720.390327669833,0.003451778572011177,0.0,1.0,0.0,0.0034458348580187034,0.00747653628982421,0.06235722663047161,0.4942890652188644,11680.073300930162
ppo_hybrid_regime_aware_policy,2020-05-26,11688.748929525726,-0.0026996880871286155,0.0,1.0,0.0,-0.0028639372878453725,0.010156040060998175,0.059935900268373934,0.3974360107349571,11720.390327669833
ppo_hybrid_regime_aware_policy,2020-05-27,11752.541003356493,0.00545756215788229,0.0,1.0,0.0,0.005442723629174803,0.004753905123026656,0.059597604475615434,0.3839041790246172,11688.748929525726
ppo_hybrid_regime_aware_policy,2020-05-28,11737.231528606582,-0.0013026523154047176,0.0,1.0,0.0,-0.0013798126451947665,0.0060503647529156135,0.05886117774731773,0.3544471098927093,11752.541003356493
ppo_hybrid_regime_aware_policy,2020-05-29,11909.21471046654,0.01465278941126713,0.0,1.0,0.0,0.014546474573480484,0.0,0.06044702434027547,0.4178809736110189,11737.231528606582
ppo_hybrid_regime_aware_policy,2020-06-01,11944.938116069397,0.002999644096723042,0.0,1.0,0.0,0.0029951541409748476,0.0,0.05852981963772587,0.3411927855090347,11909.21471046654
ppo_hybrid_regime_aware_policy,2020-06-02,12025.061334582526,0.006707713153016659,0.0,1.0,0.0,0.006685316542719479,0.0,0.05969563402348817,0.3878253609395267,11944.938116069397
ppo_hybrid_regime_aware_policy,2020-06-03,12079.156888597121,0.0044985678250990535,0.0,1.0,0.0,0.004488479512850145,0.0,0.057263015586272725,0.290520623450909,12025.061334582526
ppo_hybrid_regime_aware_policy,2020-06-04,11994.440827659022,-0.007013408445590397,0.0,1.0,0.0,-0.0074251622383826816,0.007013408445590437,0.05518632586425479,0.2074530345701913,12079.156888597121
ppo_hybrid_regime_aware_policy,2020-06-05,12232.257865790958,0.0198272717794008,0.0,1.0,0.0,0.01963327156356284,0.0,0.05537865157425657,0.2151460629702627,11994.440827659022
ppo_hybrid_regime_aware_policy,2020-06-08,12327.180502799612,0.007760025830890749,0.0,1.0,0.0,0.00773007169389668,0.0,0.053113419039856696,0.1245367615942675,12232.257865790958
ppo_hybrid_regime_aware_policy,2020-06-09,12416.489406162684,0.007244876745561513,0.0,1.0,0.0,0.007218758698187367,0.0,0.055259325439395594,0.2103730175758235,12327.180502799612
ppo_hybrid_regime_aware_policy,2020-06-10,12565.507597185933,0.012001636384378234,0.0,1.0,0.0,0.011930187844577392,0.0,0.058196754146907594,0.3278701658763039,12416.489406162684
ppo_hybrid_regime_aware_policy,2020-06-11,11942.897112340022,-0.04954917101680356,0.0,1.0,0.0,-0.05369863944305022,0.04954917101680361,0.05811982833097154,0.3247931332388614,12565.507597185933
ppo_hybrid_regime_aware_policy,2020-06-12,12005.740155358606,0.005261959675902261,0.30000000000000004,0.7016598538189076,0.2983401461810924,0.003998163939995821,0.04454793708076609,0.08052769972820062,1.221107989128025,11939.31424320632
ppo_hybrid_regime_aware_policy,2020-06-15,12107.97328169196,0.0085153539065832,0.0016598538189076528,0.7025335302216503,0.2974664697783497,0.0076768130138568,0.03641192462423391,0.07233137740190033,0.8932550960760133,12005.72022758496
ppo_hybrid_regime_aware_policy,2020-06-16,12312.237522893958,0.016870225631473668,0.2974664697783497,1.0,0.0,0.016283304137404097,0.020155976376847313,0.06930409382423976,0.7721637529695902,12104.371565623685
ppo_hybrid_regime_aware_policy,2020-06-17,12351.27514853975,0.0031706361717926956,0.0,1.0,0.0,0.0031656203044560798,0.01704924747283282,0.06792601037792304,0.717040415116921,12312.237522893958
ppo_hybrid_regime_aware_policy,2020-06-18,12384.736633611348,0.0027091522672098023,0.0,1.0,0.0,0.0027054891287148193,0.014386284213068241,0.06745434440016078,0.6981737760064307,12351.27514853975
ppo_hybrid_regime_aware_policy,2020-06-19,12382.709016457498,-0.00016371903689471612,0.0,1.0,0.0,-0.00017445066904439325,0.014547647941367123,0.06642278805899425,0.6569115223597698,12384.736633611348
ppo_hybrid_regime_aware_policy,2020-06-22,12509.456362694396,0.010235833376076364,0.0,1.0,0.0,0.010183801988816148,0.004460721865632364,0.06998922628506572,0.7995690514026287,12382.709016457498
ppo_hybrid_regime_aware_policy,2020-06-23,12615.923669370744,0.008510945926783364,0.0,1.0,0.0,0.00847493202381216,0.0,0.06417064143272055,0.5668256573088222,12509.456362694396
ppo_hybrid_regime_aware_policy,2020-06-24,12355.838640943628,-0.020615615252853603,0.0,1.0,0.0,-0.022137721479241868,0.02061561525285361,0.06338098229258567,0.5352392917034265,12615.923669370744
ppo_hybrid_regime_aware_policy,2020-06-25,12473.459775977177,0.009519478074421217,0.0,1.0,0.0,0.00947445335868095,0.011292387075822674,0.06746174225341804,0.6984696901367211,12355.838640943628
ppo_hybrid_regime_aware_policy,2020-06-26,12178.899067099333,-0.023614996494007445,0.0,1.0,0.0,-0.025406424772524368,0.034640713888625545,0.06459243258577882,0.5836973034311527,12473.459775977177
ppo_hybrid_regime_aware_policy,2020-06-29,12311.730038402193,0.010906648505011107,0.0,1.0,0.0,0.010847599973945883,0.024111879473960398,0.06872763138786285,0.7491052555145135,12178.899067099333
ppo_hybrid_regime_aware_policy,2020-06-30,12553.057480744063,0.019601424136911128,0.0,1.0,0.0,0.019411790279255003,0.004983082513356508,0.06359659577141319,0.5438638308565273,12311.730038402193
ppo_hybrid_regime_aware_policy,2020-07-01,12699.577382049743,0.011672048943489388,0.0,1.0,0.0,0.011604456036932147,0.0,0.06119401225947546,0.4477604903790185,12553.057480744063
ppo_hybrid_regime_aware_policy,2020-07-02,12785.765422769951,0.006786685739797127,0.0,1.0,0.0,0.006763759856854735,0.0,0.05801359204750794,0.3205436819003172,12699.577382049743
ppo_hybrid_regime_aware_policy,2020-07-06,13100.099460320982,0.024584686732265437,0.0,1.0,0.0,0.024287346805447065,0.0,0.05631630438442913,0.2526521753771651,12785.765422769951
ppo_hybrid_regime_aware_policy,2020-07-07,13009.853864479846,-0.006888924478358427,0.0,1.0,0.0,-0.007303135521091957,0.006888924478358454,0.05666673528152797,0.2666694112611186,13100.099460320982
ppo_hybrid_regime_aware_policy,2020-07-08,13181.21652414554,0.013171758995199623,0.0,1.0,0.0,0.01308576567677909,0.0,0.05911223980817635,0.3644895923270537,13009.853864479846
ppo_hybrid_regime_aware_policy,2020-07-09,13292.247323225769,0.008423410606816173,0.0,1.0,0.0,0.008388131657961291,0.0,0.05671602315656343,0.2686409262625371,13181.21652414554
ppo_hybrid_regime_aware_policy,2020-07-10,13382.998856349855,0.006827403291354228,0.0,1.0,0.0,0.006804202116157998,0.0,0.05863158104837518,0.3452632419350072,13292.247323225769
ppo_hybrid_regime_aware_policy,2020-07-13,13107.70399165343,-0.02057049153566992,0.0,1.0,0.0,-0.021919844074898442,0.020570491535669932,0.055168007503761454,0.2067203001504579,13382.998856349855
ppo_hybrid_regime_aware_policy,2020-07-14,13200.48236832696,0.007078156230306165,0.0,1.0,0.0,0.007053223664424936,0.01363793645818747,0.06343929121827113,0.5375716487308452,13107.70399165343
ppo_hybrid_regime_aware_policy,2020-07-15,13227.352743840831,0.002035560123040847,0.0,1.0,0.0,0.0020334911776996017,0.011630137174761458,0.05875544026402363,0.3502176105609451,13200.48236832696
ppo_hybrid_regime_aware_policy,2020-07-16,13137.108695208513,-0.0068225328514308625,0.0,1.0,0.0,-0.0072210996771004295,0.018373323033250816,0.055639419648012646,0.2255767859205059,13227.352743840831
ppo_hybrid_regime_aware_policy,2020-07-17,13152.31930508223,0.001157835428374332,0.0,1.0,0.0,0.0011571656538773083,0.01723676088922136,0.05596170425336893,0.2384681701347573,13137.108695208513
ppo_hybrid_regime_aware_policy,2020-07-20,13525.462749743423,0.028370923485487864,0.0,1.0,0.0,0.027975922464082034,0.0,0.051890332551160406,0.0756133020464162,13152.31930508223
ppo_hybrid_regime_aware_policy,2020-07-21,13384.519762616346,-0.010420566729204883,0.0,1.0,0.0,-0.010993359766796957,0.010420566729204918,0.04972078672603769,-0.0111685309584925,13525.462749743423
ppo_hybrid_regime_aware_policy,2020-07-22,13431.669404086355,0.0035226995294743713,0.0,1.0,0.0,0.0035165093566399343,0.006934575725244401,0.05029878067306263,0.011951226922505,13384.519762616346
ppo_hybrid_regime_aware_policy,2020-07-23,13080.833616139562,-0.026120043413222827,0.0,1.0,0.0,-0.02774654527505582,0.032873487719471614,0.04932028307814086,-0.0271886768743657,13431.669404086355
ppo_hybrid_regime_aware_policy,2020-07-24,12956.620597943873,-0.009495802931277275,0.0,1.0,0.0,-0.010021195998093861,0.042057130489701076,0.0522690702250633,0.0907628090025317,13080.833616139562
ppo_hybrid_regime_aware_policy,2020-07-27,13187.80763370327,0.017843158562201422,0.0,1.0,0.0,0.0176858380485869,0.024964403975498553,0.051766157781084635,0.0706463112433853,12956.620597943873
ppo_hybrid_regime_aware_policy,2020-07-28,13019.994271062322,-0.012724887054924805,0.0,1.0,0.0,-0.013424085161587133,0.0373716218094416,0.049772906482605156,-0.009083740695794,13187.80763370327
ppo_hybrid_regime_aware_policy,2020-07-29,13170.062695788341,0.011525997754050943,0.0,1.0,0.0,0.01146007947436029,0.026276369284431583,0.05090232672511195,0.0360930690044777,13019.994271062322
ppo_hybrid_regime_aware_policy,2020-07-30,13194.651360429238,0.0018670119656118978,0.54,0.46129736426682055,0.5387026357331794,-0.0015367287349588635,0.024458415614686518,0.0485013832506863,-0.0599446699725481,13162.950861932615
ppo_hybrid_regime_aware_policy,2020-07-31,13302.94826069452,0.008207636360143988,0.0012973642668205332,0.4643967373895177,0.5356032626104823,0.005580190842592152,0.016451525035853124,0.0495899225920358,-0.0164030963185681,13194.63424216005
ppo_hybrid_regime_aware_policy,2020-08-03,13475.408375528148,0.012964052137463877,0.5356032626104823,1.0,0.0,0.012077333205420536,0.0037007513266948647,0.04902145722631262,-0.0391417109474953,13295.823158203753
ppo_hybrid_regime_aware_policy,2020-08-04,13525.43216397299,0.003712228012004992,0.0,1.0,0.0,0.003705354698551174,2.26134743034729e-06,0.0486610193883254,-0.0535592244669842,13475.408375528148
ppo_hybrid_regime_aware_policy,2020-08-05,13558.947247332304,0.002477930682953433,0.0,1.0,0.0,0.0024748656749261425,0.0,0.04776030168306423,-0.0895879326774309,13525.43216397299
ppo_hybrid_regime_aware_policy,2020-08-06,13738.533991261571,0.013244888460245408,0.0,1.0,0.0,0.013157941816043798,0.0,0.04639782962960532,-0.1440868148157872,13558.947247332304
ppo_hybrid_regime_aware_policy,2020-08-07,13579.95791018528,-0.01154243103209951,0.0,1.0,0.0,-0.012137999036725067,0.011542431032099496,0.04578213001615561,-0.1687147993537758,13738.533991261571
ppo_hybrid_regime_aware_policy,2020-08-10,13521.930132396677,-0.0042730454816123364,0.0,1.0,0.0,-0.00447216412371476,0.015766155180943243,0.044975260189659715,-0.2009895924136115,13579.95791018528
ppo_hybrid_regime_aware_policy,2020-08-11,13265.808579815874,-0.018941197748624017,0.0,1.0,0.0,-0.0199581556328142,0.03440872306654957,0.044804747804529504,-0.2078100878188198,13521.930132396677
ppo_hybrid_regime_aware_policy,2020-08-12,13599.466393844237,0.025151713295187283,0.0,1.0,0.0,0.024840614608446904,0.010122448108785695,0.04810088927556398,-0.0759644289774409,13265.808579815874
ppo_hybrid_regime_aware_policy,2020-08-13,13630.48242502813,0.002280680012410885,0.0,1.0,0.0,0.0022780832093198243,0.007864854161453222,0.04501013400379706,-0.1995946398481177,13599.466393844237
ppo_hybrid_regime_aware_policy,2020-08-14,13614.474446340611,-0.001174424953450326,0.0,1.0,0.0,-0.001227254857811051,0.00903004243392111,0.044747898841571765,-0.2100840463371293,13630.48242502813
ppo_hybrid_regime_aware_policy,2020-08-17,13772.549801018895,0.011610830465862865,0.0,1.0,0.0,0.011543942029456262,0.0,0.04460180611864587,-0.2159277552541653,13614.474446340611
ppo_hybrid_regime_aware_policy,2020-08-18,13905.11253507675,0.0096251410213124,0.0,1.0,0.0,0.009579114457235601,0.0,0.04335708971557519,-0.2657164113769925,13772.549801018895
ppo_hybrid_regime_aware_policy,2020-08-19,13811.568294941677,-0.006727327081970769,0.0,1.0,0.0,-0.007043376671385735,0.0067273270819708225,0.04360113907531295,-0.2559544369874821,13905.11253507675
ppo_hybrid_regime_aware_policy,2020-08-20,14003.158732979275,0.013871736644691213,0.0,1.0,0.0,0.013776404707288597,0.0,0.045364606124483314,-0.1854157550206676,13811.568294941677
ppo_hybrid_regime_aware_policy,2020-08-21,14100.205004690657,0.006930312907388991,0.0,1.0,0.0,0.006906408667915976,0.0,0.04562793179129521,-0.1748827283481915,14003.158732979275
ppo_hybrid_regime_aware_policy,2020-08-24,14188.247360867137,0.0062440479515859515,0.0,1.0,0.0,0.006224634653972684,0.0,0.045269085042443466,-0.1892365983022615,14100.205004690657
ppo_hybrid_regime_aware_policy,2020-08-25,14299.799432072015,0.007862286889115833,0.0,1.0,0.0,0.007831540166107454,0.0,0.04495289860043653,-0.2018840559825389,14188.247360867137
ppo_hybrid_regime_aware_policy,2020-08-26,14604.944846906523,0.021339139495209825,0.0,1.0,0.0,0.021114648078420103,0.0,0.04433697887874886,-0.2265208448500457,14299.799432072015
ppo_hybrid_regime_aware_policy,2020-08-27,14559.423016229133,-0.003116877958428632,0.0,1.0,0.0,-0.003266645436250051,0.003116877958428683,0.04648879378050918,-0.140448248779633,14604.944846906523
ppo_hybrid_regime_aware_policy,2020-08-28,14633.458772705251,0.005085074895728514,0.0,1.0,0.0,0.0050721895658322035,0.0,0.04855611877122384,-0.0577552491510467,14559.423016229133
ppo_hybrid_regime_aware_policy,2020-08-31,14751.014980871603,0.008033384997511384,0.0,1.0,0.0,0.008001289137934225,0.0,0.04587106632519822,-0.1651573469920713,14633.458772705251
ppo_hybrid_regime_aware_policy,2020-09-01,15003.135302082967,0.017091727012568336,0.0,1.0,0.0,0.016947306718553514,0.0,0.051872383067726006,0.0748953227090401,14751.014980871603
ppo_hybrid_regime_aware_policy,2020-09-02,15145.202678073732,0.009469179150243479,0.0,1.0,0.0,0.009424627497591383,0.0,0.05131886661119325,0.0527546644477299,15003.135302082967
ppo_hybrid_regime_aware_policy,2020-09-03,14377.337220124444,-0.05070024312457411,0.0,1.0,0.0,-0.0546693963313296,0.05070024312457407,0.052045748993995014,0.0818299597598005,15145.202678073732
ppo_hybrid_regime_aware_policy,2020-09-04,14185.745255481972,-0.013325970011630162,0.0,1.0,0.0,-0.014228675050422017,0.06335058321674376,0.06427633649062119,0.5710534596248475,14377.337220124444
ppo_hybrid_regime_aware_policy,2020-09-08,13503.922301326877,-0.04806395024551924,0.0,1.0,0.0,-0.05192105505346787,0.10836965418250875,0.05916679135291595,0.366671654116638,14185.745255481972
ppo_hybrid_regime_aware_policy,2020-09-09,13679.00825286832,0.01296556271834004,0.54,0.4671996562729463,0.5328003437270536,0.009480229346480372,0.09680916501223694,0.060309465348645376,0.4123786139458149,13496.63018328416
ppo_hybrid_regime_aware_policy,2020-09-10,13399.151177021226,-0.02045887177445127,0.5328003437270536,1.0,0.0,-0.02249685037974972,0.11528743049311119,0.0555569669792039,0.2222786791681557,13671.720072569346
ppo_hybrid_regime_aware_policy,2020-09-11,13349.16453803822,-0.0037305825065045983,0.54,0.45827063390358086,0.5417293660964191,-0.0073278317110514555,0.11858792372819832,0.057043966817164275,0.281758672686571,13391.915635385634
ppo_hybrid_regime_aware_policy,2020-09-14,13441.373598269129,0.00690747798996405,0.05827063390358084,0.4041507777682453,0.5958492222317546,0.003596324706419296,0.11249958921126224,0.05195071759417631,0.0780287037670524,13348.386673758505
ppo_hybrid_regime_aware_policy,2020-09-15,13528.253520887461,0.006463619360265405,0.0558492222317547,0.46349790391508255,0.5365020960849174,0.0037670459183583587,0.10676312437384465,0.05006524672635984,0.0026098690543933,13440.62290800794
ppo_hybrid_regime_aware_policy,2020-09-16,13428.971934254418,-0.007338832501900927,0.003497903915082534,0.45600963469448913,0.5439903653055109,-0.010287815257581566,0.11331844018858626,0.04952838208345356,-0.0188647166618576,13528.206200356506
ppo_hybrid_regime_aware_policy,2020-09-17,13344.30911511615,-0.0063044899902062745,0.05600963469448911,0.39622712573867813,0.6037728742613219,-0.009889328189323088,0.1189085152069178,0.05024378471676423,0.0097513886705692,13428.219782442058
ppo_hybrid_regime_aware_policy,2020-09-18,13276.135278928132,-0.00510883220704117,0.00377287426132189,0.3969212355091433,0.6030787644908566,-0.00855671166598464,0.1234098637617784,0.05090151170736449,0.0360604682945794,13344.258768715754
ppo_hybrid_regime_aware_policy,2020-09-21,13288.830036488022,0.0009562088132710755,0.0030787644908567002,0.40057502270487877,0.5994249772951212,-0.002248866209889519,0.12257166054788095,0.049699866471422924,-0.0120053411430832,13276.094404834259
ppo_hybrid_regime_aware_policy,2020-09-22,13387.578271322056,0.007430920145934161,0.0005750227048787471,0.4044260077907253,0.5955739922092746,0.004202584341938632,0.11605156062363259,0.05308159680129915,0.123263872051966,13288.82239510903
ppo_hybrid_regime_aware_policy,2020-09-23,13224.00719778723,-0.012218122667130626,0.004426007790725273,0.39258113743148343,0.6074188625685166,-0.016054733300365,0.12685175108735175,0.05136175628281198,0.0544702513124791,13387.519017796329
ppo_hybrid_regime_aware_policy,2020-09-24,13248.53894114687,0.0018550915008381796,0.007418862568516593,0.4011154369803821,0.5988845630196179,-0.0013577553501938665,0.12523198119182208,0.05434815882400469,0.1739263529601876,13223.909090695224
ppo_hybrid_regime_aware_policy,2020-09-25,13371.72874993553,0.00929836937762718,0.0011154369803820785,0.4055282868357404,0.5944717131642596,0.006053732508583347,0.11709806503320858,0.054138664695031674,0.1655465878012666,13248.524163236598
ppo_hybrid_regime_aware_policy,2020-09-28,13482.740892549811,0.008302003779041334,0.005528286835740359,0.4049434784626478,0.5950565215373522,0.005059439269383685,0.1097682098325913,0.05026411026417724,0.0105644105670897,13371.65482718351
ppo_hybrid_regime_aware_policy,2020-09-29,13458.354844000103,-0.0018086862859748587,0.004943478462647755,0.39891579332574967,0.6010842066742503,-0.005098022708675982,0.11137835986280599,0.04986091699604464,-0.0055633201582145,13482.674240910592
ppo_hybrid_regime_aware_policy,2020-09-30,13495.210770034682,0.002738516442892802,0.0010842066742503542,0.40163927121855386,0.5983607287814461,-0.000466852771492949,0.10894485488978,0.04993273154140854,-0.0026907383436588,13458.340252361957
ppo_hybrid_regime_aware_policy,2020-10-01,13580.869373525618,0.006347333505982489,0.0016392712185538394,0.4037853567446235,0.5962146432553765,0.0031248151159097228,0.10328903071154386,0.050056294868100905,0.002251794724036,13495.188647724079
ppo_hybrid_regime_aware_policy,2020-10-02,13404.375215364347,-0.012995792338988732,0.056214643255376506,0.4529206259695138,0.5470793740304862,-0.016347009913612785,0.11494250025650996,0.05060393986331722,0.0241575945326884,13580.105929798689
ppo_hybrid_regime_aware_policy,2020-10-05,13535.77737264812,0.009802930399408494,0.007079374030486196,0.46524597930762773,0.5347540206923722,0.007152574337620413,0.10626634318705008,0.05221092359882967,0.0884369439531869,13404.280320778553
ppo_hybrid_regime_aware_policy,2020-10-06,13424.583704935396,-0.008214797322052103,0.005245979307627713,0.45553012314247887,0.5444698768575211,-0.011235708476212811,0.11360818403766494,0.05272721289307419,0.1090885157229678,13535.70636424011
ppo_hybrid_regime_aware_policy,2020-10-07,13649.380675984263,0.016745172587081525,0.5444698768575211,1.0,0.0,0.015789813092808528,0.09876540009959894,0.05537533114511557,0.2150132458046228,13417.274423498706
ppo_hybrid_regime_aware_policy,2020-10-08,13722.03515918267,0.005322914271578716,0.0,1.0,0.0,0.005308797635678066,0.09396820558574862,0.05277137786403868,0.1108551145615472,13649.380675984263
ppo_hybrid_regime_aware_policy,2020-10-09,13931.709950097425,0.015280152578128536,0.0,1.0,0.0,0.015164586801582867,0.08012390152646323,0.049662727280268215,-0.0134909087892714,13722.03515918267
ppo_hybrid_regime_aware_policy,2020-10-12,14361.788657436126,0.030870489615360652,0.0,1.0,0.0,0.030403580864476625,0.05172687598111739,0.04716316320890402,-0.1134734716438392,13931.709950097425
ppo_hybrid_regime_aware_policy,2020-10-13,14361.300564070381,-3.398555551725746e-05,0.0,1.0,0.0,-3.5507853152566095e-05,0.051759103570019234,0.0472179323705023,-0.1112827051799082,14361.788657436126
ppo_hybrid_regime_aware_policy,2020-10-14,14241.347155170239,-0.00835254497773319,0.0,1.0,0.0,-0.008775199735855695,0.05967932830717668,0.04893507491906667,-0.0425970032373333,14361.300564070381
ppo_hybrid_regime_aware_policy,2020-10-15,14145.774605124818,-0.006710920603513526,0.0,1.0,0.0,-0.007045509599262211,0.06598974567674974,0.04943722334637656,-0.0225110661449376,14241.347155170239
ppo_hybrid_regime_aware_policy,2020-10-16,14068.243652537562,-0.005480855927053163,0.0,1.0,0.0,-0.005753796576292032,0.07110892131508574,0.05037249525722183,0.014899810288873,14145.774605124818
ppo_hybrid_regime_aware_policy,2020-10-19,13838.574890701664,-0.016325332963256667,0.0,1.0,0.0,-0.017234553381523212,0.08627337746121559,0.051072972629317315,0.0429189051726926,14068.243652537562
ppo_hybrid_regime_aware_policy,2020-10-20,13868.320312310976,0.002149456995698129,0.0,1.0,0.0,0.0021471502179648922,0.08430936138024392,0.05418166253454333,0.1672665013817332,13838.574890701664
ppo_hybrid_regime_aware_policy,2020-10-21,13857.592674891319,-0.0007735354518840776,0.0,1.0,0.0,-0.000812358257690367,0.08501768055217471,0.05438716670703689,0.1754866682814751,13868.320312310976
ppo_hybrid_regime_aware_policy,2020-10-22,13857.104581525575,-3.52220892325672e-05,0.0,1.0,0.0,-3.693129241648452e-05,0.08504990814107656,0.05301615571583318,0.1206462286333273,13857.592674891319
ppo_hybrid_regime_aware_policy,2020-10-23,13884.411024395697,0.001970573485208904,0.0,1.0,0.0,0.0019686344521987536,0.08324693174976987,0.05193367592265788,0.0773470369063149,13857.104581525575
ppo_hybrid_regime_aware_policy,2020-10-26,13676.199025488644,-0.014996098757175336,0.0,1.0,0.0,-0.015808236511971746,0.09699465129719385,0.050812743472424066,0.0325097388969624,13884.411024395697
ppo_hybrid_regime_aware_policy,2020-10-27,13717.9099609881,0.0030498924022470675,0.54,0.4619326475301949,0.5380673524698051,-0.0003567490846232308,0.09424058214499678,0.059667261875849004,0.38669047503396,13668.81387801488
ppo_hybrid_regime_aware_policy,2020-10-28,13471.868361885283,-0.0179357934118628,0.0019326475301948975,0.4501388475949201,0.5498611524050798,-0.021687229182569,0.11048609594449318,0.061170175928865804,0.4468070371546322,13717.883449103294
ppo_hybrid_regime_aware_policy,2020-10-29,13550.470986701333,0.005834574886318888,0.1101388475949201,0.34390075183568497,0.6560992481643151,0.0017804114018810451,0.10529616045885941,0.07370121084687047,0.9480484338748182,13470.384585828955
ppo_hybrid_regime_aware_policy,2020-10-30,13412.24766541965,-0.01020062855507664,0.05609924816431505,0.39385055420346254,0.6061494457965375,-0.014163265446946537,0.11442270199281944,0.0686026656877769,0.7441066275110758,13549.710815466708
ppo_hybrid_regime_aware_policy,2020-11-02,13424.114672759426,0.0008847888613310317,0.006149445796537478,0.4005340904270156,0.5994659095729844,-0.002324826502295403,0.11363915306369514,0.06923180127960671,0.7692720511842686,13412.165187529623
ppo_hybrid_regime_aware_policy,2020-11-03,13516.988975877182,0.00691846765181614,0.0005340904270155766,0.4041228770538167,0.5958771229461832,0.003693843733834043,0.10750689421632996,0.06743950833918609,0.6975803335674434,13424.107503068288
ppo_hybrid_regime_aware_policy,2020-11-04,13758.284402707559,0.017851270520453877,0.004122877053816698,0.4105253452530709,0.5894746547469292,0.014487623453939344,0.0915747583473456,0.06438571117478425,0.5754284469913702,13516.933246993496
ppo_hybrid_regime_aware_policy,2020-11-05,13922.593545167865,0.01194256039858943,0.049474654746929136,0.46639927519823937,0.5336007248017607,0.009205598772911269,0.08072583503130555,0.0532302255004872,0.1292090200194876,13757.603716336826
ppo_hybrid_regime_aware_policy,2020-11-06,13927.289836552503,0.0003373144069316325,0.006399275198239351,0.46018554280209,0.53981445719791,-0.0022643413835801993,0.08041575061154159,0.04943584463726775,-0.0225662145092899,13922.504450660297
ppo_hybrid_regime_aware_policy,2020-11-09,13635.33844434771,-0.0209625415734912,0.53981445719791,1.0,0.0,-0.022848786363825833,0.09969257366967486,0.04428579433624737,-0.2285682265501054,13919.771684149147
ppo_hybrid_regime_aware_policy,2020-11-10,13515.670900995872,-0.00877627965306893,0.54,0.45551303008457017,0.5444869699154298,-0.012579127785144861,0.10759392341688456,0.045828849801771515,-0.1668460079291394,13627.975361587762
ppo_hybrid_regime_aware_policy,2020-11-11,13654.686190243354,0.010285489360150057,0.00448696991542985,0.46550001685340886,0.5344999831465911,0.007634223189533,0.09841509021125575,0.0439524085556158,-0.2419036577753682,13515.610256587153
ppo_hybrid_regime_aware_policy,2020-11-12,13625.130056365348,-0.0021645414230848647,0.00550001685340884,0.4588315885656863,0.5411684114343137,-0.004847789145086786,0.10036660809492169,0.04132767198717464,-0.3468931205130146,13654.611089239179
ppo_hybrid_regime_aware_policy,2020-11-13,13680.096454627526,0.004034192557046401,0.001168411434313732,0.462170339356103,0.537829660643897,0.0014323244042018064,0.0967373137612278,0.04478392612995791,-0.2086429548016839,13625.114136607595
ppo_hybrid_regime_aware_policy,2020-11-16,13779.422236458337,0.007260605373671236,0.537829660643897,1.0,0.0,0.006427629581068503,0.09017907984768579,0.04046001663482405,-0.381599334607038,13672.738892993759
ppo_hybrid_regime_aware_policy,2020-11-17,13735.714249632098,-0.00317197528867319,0.0,1.0,0.0,-0.0032899443206583835,0.09306500932352679,0.039130427733103545,-0.4347828906758582,13779.422236458337
ppo_hybrid_regime_aware_policy,2020-11-18,13634.201284920879,-0.007390439467968579,0.0,1.0,0.0,-0.007682763251242455,0.09976765747350388,0.0395185869136523,-0.419256523453908,13735.714249632098
ppo_hybrid_regime_aware_policy,2020-11-19,13740.884628385455,0.007824685966941525,0.0,1.0,0.0,0.00779423187103484,0.09272362209594995,0.041553817870667704,-0.3378472851732919,13634.201284920879
ppo_hybrid_regime_aware_policy,2020-11-20,13646.891301899994,-0.006840413046718452,0.0,1.0,0.0,-0.007112575458067427,0.09892976726834427,0.040066665902146664,-0.3973333639141337,13740.884628385455
ppo_hybrid_regime_aware_policy,2020-11-23,13647.361727484209,3.447126336753037e-05,0.0,1.0,0.0,3.447066924718464e-05,0.09889870623903917,0.04108752052380793,-0.3564991790476827,13646.891301899994
ppo_hybrid_regime_aware_policy,2020-11-24,13839.10748245584,0.014050023645630905,0.0,1.0,0.0,0.0139522369360167,0.0862382117545891,0.038998014867728664,-0.4400794052908536,13647.361727484209
ppo_hybrid_regime_aware_policy,2020-11-25,13924.171328187234,0.006146628013347755,0.0,1.0,0.0,0.006127814548932606,0.08062165794943306,0.03693950878790487,-0.5224196484838053,13839.10748245584
ppo_hybrid_regime_aware_policy,2020-11-27,14052.472735160653,0.009214293902983783,0.0,1.0,0.0,0.00917210128234608,0.07215023569774112,0.03608004682871562,-0.5567981268513753,13924.171328187234
ppo_hybrid_regime_aware_policy,2020-11-30,14081.140011311034,0.0020400164932292686,0.0,1.0,0.0,0.0020379384852167695,0.07025740687532568,0.03518411523333306,-0.5926353906666775,14052.472735160653
ppo_hybrid_regime_aware_policy,2020-12-01,14261.607026056197,0.012816221882617329,0.0,1.0,0.0,0.01273478914622932,0.05834161950811982,0.03456845976777008,-0.6172616092891968,14081.140011311034
ppo_hybrid_regime_aware_policy,2020-12-02,14279.936413148545,0.001285225925722111,0.0,1.0,0.0,0.0012844007298484501,0.05713137574433816,0.034887276718573605,-0.6045089312570557,14261.607026056197
ppo_hybrid_regime_aware_policy,2020-12-03,14300.144634129076,0.001415147826703489,0.0,1.0,0.0,0.0014141474486950706,0.05579707725985591,0.03560306008150802,-0.5758775967396791,14279.936413148545
ppo_hybrid_regime_aware_policy,2020-12-04,14358.420037598273,0.004075161822497675,0.0,1.0,0.0,0.004066880840495504,0.0519492975564146,0.035742996777061796,-0.5702801289175281,14300.144634129076
ppo_hybrid_regime_aware_policy,2020-12-07,14439.724781328961,0.005662513251303958,0.0,1.0,0.0,0.005646541488324233,0.046580947890919766,0.03471911534393545,-0.611235386242582,14358.420037598273
ppo_hybrid_regime_aware_policy,2020-12-08,14488.601712684216,0.0033848935554821047,0.0,1.0,0.0,0.0033791776980387324,0.04335372588576194,0.03562107660353589,-0.5751569358585644,14439.724781328961
ppo_hybrid_regime_aware_policy,2020-12-09,14160.56448692919,-0.02264105482779899,0.0,1.0,0.0,-0.023645471746126207,0.06501320662879205,0.0343578225970734,-0.625687096117064,14488.601712684216
ppo_hybrid_regime_aware_policy,2020-12-10,14217.430047870082,0.004015769356749965,0.0,1.0,0.0,0.004007727676818648,0.06125851531500602,0.0373866465704051,-0.5045341371837958,14160.56448692919
ppo_hybrid_regime_aware_policy,2020-12-11,14185.943086663085,-0.0022146731934661323,0.0,1.0,0.0,-0.0022957034461981874,0.06333752091673248,0.037794144055543905,-0.488234237778244,14217.430047870082
ppo_hybrid_regime_aware_policy,2020-12-14,14288.86589390261,0.007255267176158986,0.0,1.0,0.0,0.007229074339642064,0.0565417843771,0.03924166308420987,-0.4303334766316055,14185.943086663085
ppo_hybrid_regime_aware_policy,2020-12-15,14441.605049441485,0.010689382675503456,0.0,1.0,0.0,0.010632655121469818,0.04645679847195916,0.041887458240770226,-0.3245016703691909,14288.86589390261
ppo_hybrid_regime_aware_policy,2020-12-16,14521.029525059646,0.005499698637807082,0.0,1.0,0.0,0.005484630516757573,0.04121259822542517,0.03816975950475829,-0.4732096198096684,14441.605049441485
ppo_hybrid_regime_aware_policy,2020-12-17,14615.962268489198,0.006537604187480062,0.0,1.0,0.0,0.0065163267385696935,0.03494442569268055,0.03728371975839909,-0.5086512096640364,14521.029525059646
ppo_hybrid_regime_aware_policy,2020-12-18,14571.785290303082,-0.0030225158887662307,0.0,1.0,0.0,-0.0031322322553219394,0.03786132149956687,0.03604494204951854,-0.5582023180192586,14615.962268489198
ppo_hybrid_regime_aware_policy,2020-12-21,14518.209840003028,-0.0036766565820665065,0.0,1.0,0.0,-0.0038080193813832663,0.04139877500473631,0.03521948337470604,-0.5912206650117584,14571.785290303082
ppo_hybrid_regime_aware_policy,2020-12-22,14557.686865020001,0.0027191386164016063,0.0,1.0,0.0,0.002715448446868735,0.03879220539612186,0.04223407937664198,-0.3106368249343207,14518.209840003028
ppo_hybrid_regime_aware_policy,2020-12-23,14484.372185099288,-0.005036148984415734,0.0,1.0,0.0,-0.005243743693248243,0.04363299105472871,0.04025598030355512,-0.3897607878577951,14557.686865020001
ppo_hybrid_regime_aware_policy,2020-12-24,14548.286958681714,0.004412671309853344,0.0,1.0,0.0,0.004402964022046239,0.0394128577926656,0.0382947897754274,-0.4682084089829041,14484.372185099288
ppo_hybrid_regime_aware_policy,2020-12-28,14694.916318523143,0.010078805859264905,0.0,1.0,0.0,0.010028353412561614,0.029731286475451778,0.03460834582701521,-0.6156661669193918,14548.286958681714
ppo_hybrid_regime_aware_policy,2020-12-29,14708.075326862132,0.0008954803180745152,0.0,1.0,0.0,0.0008950796147712577,0.028862429939247085,0.0348469679896932,-0.6061212804122721,14694.916318523143
ppo_hybrid_regime_aware_policy,2020-12-30,14708.545752446349,3.198417017613586e-05,0.0,1.0,0.0,3.1983658693471134e-05,0.028831368909941868,0.03753838559517337,-0.4984645761930652,14708.075326862132
ppo_hybrid_regime_aware_policy,2020-12-31,14744.732666822487,0.0024602645961868674,0.0,1.0,0.0,0.00245724310001723,0.026442037109943778,0.036805369048007304,-0.5277852380797079,14708.545752446349
ppo_hybrid_regime_aware_policy,2021-01-04,14536.537792871031,-0.014119949045934277,0.0,1.0,0.0,-0.014724260692178933,0.040188625939214906,0.036640125219624085,-0.5343949912150368,14744.732666822487
ppo_hybrid_regime_aware_policy,2021-01-05,14656.37871045026,0.008244116947709657,0.0,1.0,0.0,0.008210319840069496,0.032275828723715934,0.045104810746390334,-0.1958075701443868,14536.537792871031
ppo_hybrid_regime_aware_policy,2021-01-06,14453.354215252164,-0.013852295932646475,0.0,1.0,0.0,-0.01450761246227089,0.04568103032541009,0.041661301755800476,-0.3335479297679812,14656.37871045026
ppo_hybrid_regime_aware_policy,2021-01-07,14803.009504516027,0.02419198229397046,0.0,1.0,0.0,0.02390399175358484,0.022594162708242334,0.0409901005291366,-0.3603959788345364,14453.354215252164
ppo_hybrid_regime_aware_policy,2021-01-08,14993.345416959348,0.012857920032089076,0.0,1.0,0.0,0.012775958797966318,0.010026756613447893,0.035335072865995576,-0.586597085360177,14803.009504516027
ppo_hybrid_regime_aware_policy,2021-01-11,14776.691487838045,-0.014450005859015347,0.0,1.0,0.0,-0.015035280674931454,0.024331875780651966,0.03354440569174422,-0.6582237723302314,14993.345416959348
ppo_hybrid_regime_aware_policy,2021-01-12,14753.19315621668,-0.0015902295612455486,0.0,1.0,0.0,-0.0016514041083065926,0.025883412073750577,0.03861256112704237,-0.4554975549183051,14776.691487838045
ppo_hybrid_regime_aware_policy,2021-01-13,14852.825852815373,0.0067532971027841615,0.0,1.0,0.0,0.006730595740621105,0.019304913342734212,0.03692195787773249,-0.5231216848907005,14753.19315621668
ppo_hybrid_regime_aware_policy,2021-01-14,14773.401377197211,-0.005347431957071436,0.0,1.0,0.0,-0.0055424988160747545,0.024549113589268205,0.03446057758146864,-0.6215768967412542,14852.825852815373
ppo_hybrid_regime_aware_policy,2021-01-15,14656.378710450259,-0.007921172907924712,0.0,1.0,0.0,-0.008234678891311265,0.03227582872371605,0.036492458511903074,-0.5403016595238772,14773.401377197211
ppo_hybrid_regime_aware_policy,2021-01-19,14870.214388739287,0.014589939473695468,0.0,1.0,0.0,0.014484530345028036,0.018156791637562984,0.038631082981881074,-0.4547566807247573,14656.378710450259
ppo_hybrid_regime_aware_policy,2021-01-20,15216.109141778099,0.02326091231749472,0.0,1.0,0.0,0.02299450070438328,0.0,0.03617415672213747,-0.5530337311145016,14870.214388739287
ppo_hybrid_regime_aware_policy,2021-01-21,15337.830327469852,0.00799949478264117,0.0,1.0,0.0,0.007967668441354017,0.0,0.03254499212010936,-0.6982003151956254,15216.109141778099
ppo_hybrid_regime_aware_policy,2021-01-22,15293.65478350808,-0.0028801690342508124,0.0,1.0,0.0,-0.0029761125702331324,0.0028801690342508237,0.03186891699365366,-0.7252433202538535,15337.830327469852
ppo_hybrid_regime_aware_policy,2021-01-25,15420.074488144632,0.008266153932863451,0.0,1.0,0.0,0.008232176396391473,0.0,0.032991898981228195,-0.6803240407508724,15293.65478350808
ppo_hybrid_regime_aware_policy,2021-01-26,15442.633402821906,0.0014629575683708929,0.0,1.0,0.0,0.0014618884884994416,0.0,0.03560498572564121,-0.5758005709743513,15420.074488144632
ppo_hybrid_regime_aware_policy,2021-01-27,15012.143795411574,-0.027876696686438662,0.0,1.0,0.0,-0.02925339261310712,0.027876696686438673,0.03518226416344479,-0.5927094334622085,15442.633402821906
ppo_hybrid_regime_aware_policy,2021-01-28,15100.968177368019,0.00591683527462572,0.0,1.0,0.0,0.005899399547205361,0.022124803234107305,0.06537264984857856,0.6149059939431424,15012.143795411574
ppo_hybrid_regime_aware_policy,2021-01-29,14783.270274895367,-0.021038247266078502,0.0,1.0,0.0,-0.022296704683997273,0.04269758341903335,0.050260575984275795,0.0104230393710318,15100.968177368019
ppo_hybrid_regime_aware_policy,2021-02-01,15152.66479377989,0.024987334467653,0.0,1.0,0.0,0.02468025589710398,0.018777147749232267,0.05631594427232633,0.2526377708930529,14783.270274895367
ppo_hybrid_regime_aware_policy,2021-02-02,15399.866267164098,0.01631405939143349,0.0,1.0,0.0,0.016182414964777927,0.0027694198613815064,0.05007820689497301,0.0031282757989204,15152.66479377989
ppo_hybrid_regime_aware_policy,2021-02-03,15338.771178638284,-0.003967247992021972,0.0,1.0,0.0,-0.004132959995294685,0.006725680878019335,0.03989160436759642,-0.4043358252961432,15399.866267164098
ppo_hybrid_regime_aware_policy,2021-02-04,15520.177610327539,0.011826660009238044,0.0,1.0,0.0,0.011757271618543817,0.0,0.0340664856113921,-0.6373405755443162,15338.771178638284
ppo_hybrid_regime_aware_policy,2021-02-05,15572.813643683501,0.0033914581828584645,0.0,1.0,0.0,0.003385720158408765,0.0,0.03149537975938607,-0.7401848096245571,15520.177610327539
ppo_hybrid_regime_aware_policy,2021-02-08,15677.146293451337,0.006699665979124747,0.0,1.0,0.0,0.00667732295535573,0.0,0.029443976678398067,-0.8222409328640775,15572.813643683501
ppo_hybrid_regime_aware_policy,2021-02-09,15673.857617034846,-0.00020977519472820116,0.0,1.0,0.0,-0.00021612369681120962,0.00020977519472815254,0.03015845699709372,-0.7936617201162512,15677.146293451337
ppo_hybrid_regime_aware_policy,2021-02-10,15638.13969401858,-0.002278821454741675,0.0,1.0,0.0,-0.002351837761219557,0.002488118609255429,0.030906596873317482,-0.7637361250673007,15673.857617034846
ppo_hybrid_regime_aware_policy,2021-02-11,15724.142956694068,0.005499583988777257,0.0,1.0,0.0,0.005484516494807574,0.0,0.03158991856785205,-0.7364032572859182,15638.13969401858
ppo_hybrid_regime_aware_policy,2021-02-12,15812.027921706422,0.005589173620107468,0.0,1.0,0.0,0.005573612146156145,0.0,0.029842419401471667,-0.8063032239411334,15724.142956694068
ppo_hybrid_regime_aware_policy,2021-02-16,15769.260786048615,-0.0027047217390184786,0.0,1.0,0.0,-0.002781201865325595,0.002704721739018486,0.026921718609342195,-0.9231312556263124,15812.027921706422
ppo_hybrid_regime_aware_policy,2021-02-17,15693.595412431161,-0.004798282851939173,0.0,1.0,0.0,-0.004953755919252956,0.007490026571018062,0.030076318170024985,-0.7969472731990006,15769.260786048615
ppo_hybrid_regime_aware_policy,2021-02-18,15624.98068567959,-0.004372148315816782,0.0,1.0,0.0,-0.004512156119724264,0.011829427379776993,0.030055304561741072,-0.7977878175303572,15693.595412431161
ppo_hybrid_regime_aware_policy,2021-02-19,15556.834950287892,-0.004361332456183642,0.0,1.0,0.0,-0.004509316297665422,0.016139167770391188,0.03212385785362392,-0.7150456858550434,15624.98068567959
ppo_hybrid_regime_aware_policy,2021-02-22,15153.604210723974,-0.025919844290464455,0.0,1.0,0.0,-0.027053322549227907,0.04164068734526946,0.031042825149638516,-0.7582869940144594,15556.834950287892
ppo_hybrid_regime_aware_policy,2021-02-23,15124.678929602838,-0.0019088053719038545,0.54,0.45925943149803716,0.5407405685019628,-0.005374961716287429,0.04347000874947894,0.03407397610613879,-0.6370409557544483,15145.421264450182
ppo_hybrid_regime_aware_policy,2021-02-24,15173.64942880453,0.0032377876865765653,0.05925943149803714,0.40197184385907797,0.598028156140922,-5.633180842605028e-05,0.0403729677219668,0.03333817726759546,-0.6664729092961816,15123.78264972788
ppo_hybrid_regime_aware_policy,2021-02-25,14962.022710288276,-0.01394698879193279,0.0019718438590779486,0.39151464467555,0.60848535532445,-0.017642533347792814,0.05375687518558426,0.029469245887495134,-0.8212301645001946,15173.619508737085
ppo_hybrid_regime_aware_policy,2021-02-26,14986.957932114552,0.0016665675697129512,0.008485355324449995,0.4010033595884715,0.5989966404115286,-0.0015475476459972963,0.052179897080704675,0.04629308581857749,-0.1482765672569006,14961.895752209208
ppo_hybrid_regime_aware_policy,2021-03-01,15167.278196688225,0.012031812285752563,0.0010033595884714752,0.40713385616890674,0.5928661438310933,0.008758500396792681,0.040775903521717026,0.04428983811777144,-0.2284064752891423,14986.942894806609
ppo_hybrid_regime_aware_policy,2021-03-02,15054.58024848212,-0.007430334351664514,0.05286614383109328,0.45598634436442526,0.5440136556355748,-0.010372832817600215,0.047903259276723995,0.03415808261634375,-0.6336766953462498,15166.476361177552
ppo_hybrid_regime_aware_policy,2021-03-03,14878.99319001686,-0.011663364608452853,0.05598634436442523,0.39295338581100564,0.6070466141889943,-0.015414808628643311,0.0590079107062992,0.03592313793935343,-0.5630744824258629,15053.737397568066
ppo_hybrid_regime_aware_policy,2021-03-04,14781.479703563675,-0.00655376914337269,0.007046614188994382,0.39604605322814174,0.6039539467718582,-0.010043371714960211,0.06517495562527004,0.04174810023111462,-0.3300759907554155,14878.888343492328
ppo_hybrid_regime_aware_policy,2021-03-05,14870.469215661687,0.006020338550852822,0.0039539467718582855,0.4035929447547566,0.5964070552452434,0.0027963578003924942,0.05954699237231817,0.04602287685430852,-0.1590849258276594,14781.421258379718
ppo_hybrid_regime_aware_policy,2021-03-08,14701.998925617014,-0.011329184546997273,0.0035929447547565774,0.3931267770271624,0.6068732229728375,-0.014997826613064943,0.07020155805351085,0.037410119905136006,-0.5035952037945599,14870.415786887319
ppo_hybrid_regime_aware_policy,2021-03-09,14933.84193502991,0.01576948893724439,0.0068732229728376,0.4093188635799979,0.5906811364200021,0.012436132613171532,0.05553911180936863,0.03934804975331914,-0.4260780098672345,14701.897875500252
ppo_hybrid_regime_aware_policy,2021-03-10,14916.650763658032,-0.0011511553052904189,0.009318863579997894,0.39931410856741234,0.6006858914325877,-0.004405232123564858,0.05662633297144858,0.036271768876695774,-0.5491292449321689,14933.702768594192
ppo_hybrid_regime_aware_policy,2021-03-11,15054.061015163836,0.009211870257134436,0.0006858914325876819,0.405477079543002,0.594522920456998,0.005968670924752821,0.04793609714678437,0.03310547895144677,-0.6757808419421294,14916.64053245507
ppo_hybrid_regime_aware_policy,2021-03-12,15005.129964057913,-0.003250355572269492,0.0054770795430019725,0.39804672406303826,0.6019532759369617,-0.0065621676857468315,0.05103064335857998,0.03176640687219296,-0.7293437251122816,15053.97856287421
ppo_hybrid_regime_aware_policy,2021-03-15,15069.219233874894,0.004271157262249359,0.0019532759369617625,0.40255296221978654,0.5974470377802135,0.0010591318458482665,0.046977445999308906,0.028752127010550223,-0.8499149195779911,15005.100654898622
ppo_hybrid_regime_aware_policy,2021-03-16,15102.265563336496,0.002192968922193117,0.0025529622197865143,0.40131443062513633,0.5986855693748636,-0.0010132615678436216,0.0448874971562363,0.027256563262951797,-0.9097374694819284,15069.180762727508
ppo_hybrid_regime_aware_policy,2021-03-17,15127.119473498726,0.0016457073978732861,0.0013144306251363091,0.400986589459527,0.599013410540473,-0.0015576169405967413,0.043315661444505035,0.02604513488819269,-0.9581946044722924,15102.24571245613
ppo_hybrid_regime_aware_policy,2021-03-18,14913.097185259998,-0.014148251331899231,0.059013410540473044,0.45228262414930787,0.5477173758506921,-0.017255669774635194,0.056851071911680005,0.024074456780145366,-1.0370217287941854,15126.226770586942
ppo_hybrid_regime_aware_policy,2021-03-19,14937.164926342497,0.001613866038926437,0.007717375850692154,0.4608742441310668,0.5391257558689332,-0.0009910109072002436,0.055328955886988475,0.029851388555974363,-0.8059444577610255,14912.982095283922
ppo_hybrid_regime_aware_policy,2021-03-22,15057.176963320595,0.00803445885279408,0.0008742441310667926,0.4643044955797223,0.5356955044202777,0.005409043068509231,0.04773903525363645,0.027642121279754118,-0.8943151488098354,14937.151867613726
ppo_hybrid_regime_aware_policy,2021-03-23,15026.895244972406,-0.002011115258986229,0.0043044955797222895,0.45891413839491746,0.5410858616050825,-0.004652020930001293,0.049654141810374766,0.02110792203142415,-1.155683118743034,15057.112149768913
ppo_hybrid_regime_aware_policy,2021-03-24,14910.299925609283,-0.007759109081573734,0.001085861605082561,0.4557779077871852,0.5442220922128148,-0.010568347094577548,0.0570279789892899,0.025136263281710883,-0.9945494687315648,15026.878927843816
ppo_hybrid_regime_aware_policy,2021-03-25,14898.360994081237,-0.0008007170605294212,0.004222092212814832,0.45956954804688654,0.5404304519531135,-0.003420281434607894,0.05778303277411509,0.02769404119966076,-0.8922383520135697,14910.236972948076
ppo_hybrid_regime_aware_policy,2021-03-26,15001.154628317341,0.006899660591989987,0.0004304519531134754,0.4637005168534259,0.5362994831465742,0.00428332117930245,0.05128205549624224,0.022637763704924947,-1.0944894518030022,14898.354581052648
ppo_hybrid_regime_aware_policy,2021-03-29,14988.839501178672,-0.0008209452834665454,0.5362994831465742,1.0,0.0,-0.0016404009494722926,0.05206090101812263,0.018834647892619922,-1.2466140842952032,14993.109516843573
ppo_hybrid_regime_aware_policy,2021-03-30,14946.061941016553,-0.0028539607858737437,0.54,0.4587468848340845,0.5412531151659155,-0.006326677942892185,0.05476628203401342,0.02463122396755742,-1.0147510412977032,14980.745527848036
ppo_hybrid_regime_aware_policy,2021-03-31,15051.253181512258,0.007038057309733725,0.0012531151659155304,0.4637746613465639,0.5362253386534361,0.0044195261099588415,0.048113672955876055,0.019910210127473273,-1.2035915949010692,14946.043211879663
ppo_hybrid_regime_aware_policy,2021-04-01,15299.61370126718,0.016500986114564187,0.5362253386534361,1.0,0.0,0.015561986185599284,0.032406609890677555,0.01869742887040874,-1.2521028451836504,15043.182318177844
ppo_hybrid_regime_aware_policy,2021-04-05,15605.067673373105,0.0199648159796757,0.0,1.0,0.0,0.019768132563670424,0.013088785913994358,0.009489465915814767,-1.6204213633674094,15299.61370126718
ppo_hybrid_regime_aware_policy,2021-04-06,15594.22683086976,-0.0006947001275644515,0.0,1.0,0.0,-0.0007027576521147988,0.013774393260314738,0.01140026962139275,-1.54398921514429,15605.067673373105
ppo_hybrid_regime_aware_policy,2021-04-07,15631.93673604262,0.002418196527590011,0.0,1.0,0.0,0.0024152773954433473,0.011389505922676488,0.012083793005108852,-1.516648279795646,15594.22683086976
ppo_hybrid_regime_aware_policy,2021-04-08,15795.03416179922,0.010433603238717337,0.0,1.0,0.0,0.01037954886328146,0.0010747362698413365,0.007803100232462479,-1.6878759907015009,15631.93673604262
ppo_hybrid_regime_aware_policy,2021-04-09,15890.724448752511,0.006058251344889243,0.0,1.0,0.0,0.006039973922541198,0.0,0.00658985789953504,-1.7364056840185984,15795.03416179922
ppo_hybrid_regime_aware_policy,2021-04-12,15869.985007885909,-0.0013051287204360884,0.0,1.0,0.0,-0.0013130099393954845,0.0013051287204360554,0.005385519910530667,-1.7845792035787733,15890.724448752511
ppo_hybrid_regime_aware_policy,2021-04-13,16055.237398530251,0.01167312953051236,0.0,1.0,0.0,0.011605524156237215,0.0,0.006433727154467179,-1.7426509138213129,15869.985007885909
ppo_hybrid_regime_aware_policy,2021-04-14,15862.442739143205,-0.012008209819724946,0.0,1.0,0.0,-0.012144895924655149,0.012008209819724912,0.005330113537976595,-1.7867954584809362,16055.237398530251
ppo_hybrid_regime_aware_policy,2021-04-15,16102.845902066372,0.015155494451679408,0.0,1.0,0.0,0.015041797264482189,0.0,0.0071464545461601805,-1.7141418181535928,15862.442739143205
ppo_hybrid_regime_aware_policy,2021-04-16,16121.702293193475,0.0011709974275220247,0.0,1.0,0.0,0.0011703123448023045,0.0,0.005291580009714969,-1.7883367996114012,16102.845902066372
ppo_hybrid_regime_aware_policy,2021-04-19,15974.159807721997,-0.009151793203238223,0.0,1.0,0.0,-0.009229951525912342,0.009151793203238237,0.003936211406211976,-1.842551543751521,16121.702293193475
ppo_hybrid_regime_aware_policy,2021-04-20,15857.728641361431,-0.0072887192667424605,0.0,1.0,0.0,-0.007380344706448408,0.01637380761853498,0.008990973967739553,-1.640361041290418,15974.159807721997
ppo_hybrid_regime_aware_policy,2021-04-21,15993.486601648807,0.008560996556170153,0.0,1.0,0.0,0.008524559038439562,0.007952987172998518,0.015341882157328686,-1.3863247137068526,15857.728641361431
ppo_hybrid_regime_aware_policy,2021-04-22,15800.691942261761,-0.012054573476628305,0.0,1.0,0.0,-0.01223879027944944,0.019911690781391215,0.00927953487736038,-1.6288186049055848,15993.486601648807
ppo_hybrid_regime_aware_policy,2021-04-23,15999.61478491105,0.012589501989924479,0.0,1.0,0.0,0.01251091311885609,0.007572867062181816,0.015093449053306862,-1.3962620378677255,15800.691942261761
ppo_hybrid_regime_aware_policy,2021-04-26,16103.789584747134,0.006511081750188774,0.0,1.0,0.0,0.0064899762210903125,0.0011110928685182531,0.00809514221307392,-1.6761943114770432,15999.61478491105
ppo_hybrid_regime_aware_policy,2021-04-27,16034.024677782601,-0.004332204329756673,0.0,1.0,0.0,-0.004384397284621864,0.005438483716939185,0.00988627294333358,-1.6045490822666568,16103.789584747134
ppo_hybrid_regime_aware_policy,2021-04-28,15979.81614964386,-0.003380843501747499,0.0,1.0,0.0,-0.0034195431307026958,0.00880094055635294,0.009805825102967375,-1.607766995881305,16034.024677782601
ppo_hybrid_regime_aware_policy,2021-04-29,16037.32469008391,0.0035988236598911705,0.0,1.0,0.0,0.003592363388968118,0.005233789929565301,0.008715098456136794,-1.6513960617545282,15979.81614964386
ppo_hybrid_regime_aware_policy,2021-04-30,15932.206207567067,-0.006554614597398367,0.0,1.0,0.0,-0.006646275897696539,0.011754099051091673,0.010748797375832604,-1.570048104966696,16037.32469008391
ppo_hybrid_regime_aware_policy,2021-05-03,15847.358201657793,-0.005325565386479547,0.0,1.0,0.0,-0.0054241897511380375,0.017017067214515517,0.01603524655115154,-1.3585901379539385,15932.206207567067
ppo_hybrid_regime_aware_policy,2021-05-04,15562.173267618766,-0.01799573975738078,0.0,1.0,0.0,-0.01841823514099975,0.03470657225887,0.014618997867705319,-1.4152400852917872,15847.358201657793
ppo_hybrid_regime_aware_policy,2021-05-05,15531.918905484334,-0.001944096214208324,0.6,0.3991919713861058,0.6008080286138942,-0.006084904779913871,0.036583195557341734,0.020737437221257527,-1.170502511149699,15552.835963658195
ppo_hybrid_regime_aware_policy,2021-05-06,15578.734059157943,0.003014125553866931,0.0008080286138942294,0.40180352410140735,0.5981964758985927,-0.0001916198583360915,0.03367933634804628,0.0192385361239378,-1.230458555042488,15531.90635524943
ppo_hybrid_regime_aware_policy,2021-05-07,15629.270658428552,0.0032439477481740475,0.0018035241014073278,0.40194115376199013,0.5980588462380099,3.599221481312344e-05,0.030544642607178436,0.01552326184246179,-1.3790695263015285,15578.705962535598
ppo_hybrid_regime_aware_policy,2021-05-10,15471.3578281249,-0.010103659585579794,0.001941153761990111,0.3938771052971534,0.6061228947028465,-0.013427630292325944,0.04033968952169208,0.0071128371884880805,-1.7154865124604768,15629.240319611015
ppo_hybrid_regime_aware_policy,2021-05-11,15462.714158251985,-0.0005586885113083584,0.006122894702846604,0.39966827529925747,0.6003317247007425,-0.0037801958552949816,0.04087584071191492,0.022692997003788698,-1.0922801198484522,15471.263098630008
ppo_hybrid_regime_aware_policy,2021-05-12,15302.620809349406,-0.010353508915971421,0.0003317247007425528,0.3937231058052274,0.6062768941947726,-0.013946342144219144,0.05080614124662769,0.03407401631400013,-0.6370393474399949,15462.709028887759
ppo_hybrid_regime_aware_policy,2021-05-13,15349.848311875521,0.0030862362149925993,0.00627689419477262,0.40184979894900563,0.5981502010509944,-0.00012793177726202237,0.04787670478469436,0.06394832776100651,0.5579331104402602,15302.524756417683
ppo_hybrid_regime_aware_policy,2021-05-14,15485.370130962863,0.008828870248997589,0.00184979894900561,0.4052520622526,0.5947479377474,0.005587348967666292,0.0394705317501905,0.04096994860392691,-0.3612020558429238,15349.819917742247
ppo_hybrid_regime_aware_policy,2021-05-17,15447.712844983289,-0.0024317976038737976,0.005252062252599998,0.3985405235236291,0.6014594764763709,-0.005686002092135824,0.04180634500953055,0.018565171066338843,-1.2573931573464463,15485.288800834931
ppo_hybrid_regime_aware_policy,2021-05-18,15405.977061115153,-0.0027017451895275935,0.0014594764763709023,0.3983754394234465,0.6016245605765536,-0.005968522110253607,0.04439514010753687,0.023536588679378953,-1.058536452824842,15447.690299409778
ppo_hybrid_regime_aware_policy,2021-05-19,15413.02810170461,0.0004576821425532618,0.0016245605765535243,0.40027545794969344,0.5997245420503066,-0.002744859402836999,0.04395777682782693,0.032209246444270596,-0.7116301422291762,15405.952033172176
ppo_hybrid_regime_aware_policy,2021-05-20,15532.28002573502,0.007737086005651372,0.00027545794969341397,0.40460677387250055,0.5953932261274995,0.004506895065530674,0.03656079592210969,0.036773477719443406,-0.5290608912222639,15413.023856063492
ppo_hybrid_regime_aware_policy,2021-05-21,15497.821998378942,-0.002218478375292321,0.004606773872500525,0.39866872363131267,0.6013312763686873,-0.005489767747517214,0.03869816496226537,0.028967736274701058,-0.8412905490119578,15532.208472033219
ppo_hybrid_regime_aware_policy,2021-05-24,15602.064728435034,0.006726282574867293,0.0013312763686873508,0.40400959861742886,0.5959904013825712,0.0035017651514769313,0.032232177180063055,0.026413356861834332,-0.9434657255266268,15497.80136649475
ppo_hybrid_regime_aware_policy,2021-05-25,15610.635640051536,0.0005493447031328369,0.004009598617428833,0.400331830291837,0.599668169708163,-0.0026568205293571526,0.03170053905273451,0.017457969312828957,-1.3016812274868417,15602.00217041787
ppo_hybrid_regime_aware_policy,2021-05-26,15632.384237709506,0.001393191037152297,0.00033183029183697643,0.40083495047494844,0.5991650495250516,-0.0018082762984733623,0.030351512922463374,0.02002092485893476,-1.1991630056426097,15610.630459969756
ppo_hybrid_regime_aware_policy,2021-05-27,15604.559370885216,-0.0017799502878882434,0.05916504952505158,0.45906911904946807,0.540930880950532,-0.00448402079966302,0.03207743902618742,0.012594365224445209,-1.4962253910221917,15631.459346921887
ppo_hybrid_regime_aware_policy,2021-05-28,15627.186359637264,0.001450024202174216,0.0009308809505319537,0.46078238127310617,0.5392176187268938,-0.0011444223891897282,0.030673927886944917,0.009744899090645659,-1.6102040363741736,15604.544844898155
ppo_hybrid_regime_aware_policy,2021-06-01,15603.279514625177,-0.0015298240170625865,0.0007823812731061475,0.459173052432424,0.540826947567576,-0.004139355737087575,0.032156826192428455,0.0102412771526472,-1.590348913894112,15627.174133219305
ppo_hybrid_regime_aware_policy,2021-06-02,15617.284197031348,0.0008975473645167487,0.0008269475675760085,0.46048468709889734,0.5395153129011027,-0.0016960956116137446,0.03128814110251194,0.01645422705915261,-1.3418309176338956,15603.266611531137
ppo_hybrid_regime_aware_policy,2021-06-03,15446.4367530952,-0.010939638530022,0.5395153129011027,1.0,0.0,-0.011963848330344537,0.04188549867859609,0.014594106988504614,-1.4162357204598155,15608.858433061121
ppo_hybrid_regime_aware_policy,2021-06-04,15708.558389746417,0.016969715465198876,0.0,1.0,0.0,0.016827338319401156,0.025626568208090936,0.01774468399505986,-1.2902126401976055,15446.4367530952
ppo_hybrid_regime_aware_policy,2021-06-07,15755.365773846705,0.0029797377288829363,0.0,1.0,0.0,0.002975307109623366,0.022723190931359445,0.009798589337747798,-1.608056426490088,15708.558389746417
ppo_hybrid_regime_aware_policy,2021-06-08,15762.855126716511,0.0004753525228997635,0.0,1.0,0.0,0.00047523957868004564,0.02225863993459723,0.010166005373257049,-1.593359785069718,15755.365773846705
ppo_hybrid_regime_aware_policy,2021-06-09,15766.599088927413,0.0002375180245459685,0.0,1.0,0.0,0.00023748982160569243,0.022026408738237645,0.01379978643037243,-1.4480085427851028,15762.855126716511
ppo_hybrid_regime_aware_policy,2021-06-10,15930.893464222787,0.010420406732530862,0.0,1.0,0.0,0.01036648853718017,0.011835526143616187,0.01822976217311321,-1.2708095130754715,15766.599088927413
ppo_hybrid_regime_aware_policy,2021-06-11,15972.551293279083,0.0026149085203444056,0.0,1.0,0.0,0.00261149559542248,0.009251566441427451,0.009569479457681425,-1.617220821692743,15930.893464222787
ppo_hybrid_regime_aware_policy,2021-06-14,16125.612353493747,0.009582755904441465,0.0,1.0,0.0,0.009537132532599022,0.0,0.007074029145953143,-1.7170388341618743,15972.551293279083
ppo_hybrid_regime_aware_policy,2021-06-15,16020.295739268098,-0.006531014879743835,0.0,1.0,0.0,-0.006624142195315053,0.006531014879743835,0.01097944556402688,-1.5608221774389248,16125.612353493747
ppo_hybrid_regime_aware_policy,2021-06-16,15961.786509142737,-0.0036521941340911246,0.0,1.0,0.0,-0.0037111349448830377,0.010159356479601546,0.014401970006745835,-1.4239211997301666,16020.295739268098
ppo_hybrid_regime_aware_policy,2021-06-17,16164.461853779867,0.012697535111188207,0.0,1.0,0.0,0.012617597375840055,0.0,0.02042994239640051,-1.1828023041439797,15961.786509142737
ppo_hybrid_regime_aware_policy,2021-06-18,16037.614242833526,-0.007847314194173394,0.0,1.0,0.0,-0.008023508338817252,0.007847314194173378,0.01850849053591754,-1.2596603785632985,16164.461853779867
ppo_hybrid_regime_aware_policy,2021-06-21,16118.590103120303,0.005049121338166707,0.0,1.0,0.0,0.005036417269999415,0.002837814897551781,0.03414808293182974,-0.6340766827268104,16037.614242833526
ppo_hybrid_regime_aware_policy,2021-06-22,16268.84283456479,0.009321704347789117,0.0,1.0,0.0,0.009278525388727926,0.0,0.01938869198771405,-1.2244523204914382,16118.590103120303
ppo_hybrid_regime_aware_policy,2021-06-23,16276.799289930957,0.0004890609275087776,0.0,1.0,0.0,0.0004889413761903674,0.0,0.013087433885494172,-1.4765026445802332,16268.84283456479
ppo_hybrid_regime_aware_policy,2021-06-24,16377.436308504977,0.006182850619548708,0.0,1.0,0.0,0.006163815220382764,0.0,0.011558404010007623,-1.537663839599695,16276.799289930957
ppo_hybrid_regime_aware_policy,2021-06-25,16357.308047721372,-0.0012290239085315235,0.0,1.0,0.0,-0.0012419225138116444,0.001229023908531567,0.009879983560573059,-1.6048006575770777,16377.436308504977
ppo_hybrid_regime_aware_policy,2021-06-28,16556.239430147598,0.012161621083729424,0.0,1.0,0.0,0.012088262742038423,0.0,0.008288834115802363,-1.6684466353679055,16357.308047721372
ppo_hybrid_regime_aware_policy,2021-06-29,16616.15282465805,0.003618780385680642,0.0,1.0,0.0,0.003612248353856734,0.0,0.009174391303526753,-1.63302434785893,16556.239430147598
ppo_hybrid_regime_aware_policy,2021-06-30,16589.940803837726,-0.0015775023916141384,0.0,1.0,0.0,-0.0015958612589720843,0.0015775023916140866,0.01084835145450519,-1.5660659418197924,16616.15282465805
ppo_hybrid_regime_aware_policy,2021-07-01,16596.494523266807,0.0003950417609426271,0.0,1.0,0.0,0.0003949637524899043,0.0011830838099941966,0.010140224305425211,-1.5943910277829916,16589.940803837726
ppo_hybrid_regime_aware_policy,2021-07-02,16787.0009193825,0.011478712920286904,0.0,1.0,0.0,0.011413332342706911,0.0,0.008636282474900175,-1.654548701003993,16596.494523266807
ppo_hybrid_regime_aware_policy,2021-07-06,16859.551793358743,0.004321848454328592,0.0,1.0,0.0,0.004312536088744923,0.0,0.006863080296662139,-1.7254767881335145,16787.0009193825
ppo_hybrid_regime_aware_policy,2021-07-07,16895.125862378325,0.0021100245994436495,0.0,1.0,0.0,0.0021078016240111954,0.0,0.014555396542187788,-1.4177841383124885,16859.551793358743
ppo_hybrid_regime_aware_policy,2021-07-08,16793.08467941921,-0.006039681727754154,0.0,1.0,0.0,-0.006139914945965486,0.006039681727754209,0.013563722714995159,-1.4574510914001937,16895.125862378325
ppo_hybrid_regime_aware_policy,2021-07-09,16897.9341911485,0.006243612399441156,0.0,1.0,0.0,0.006224201804466695,0.0,0.02878900711215131,-0.8484397155139476,16793.08467941921
ppo_hybrid_regime_aware_policy,2021-07-12,16963.932774143665,0.0039057190215439075,0.0,1.0,0.0,0.003898111503125388,0.0,0.013911014052376686,-1.4435594379049326,16897.9341911485
ppo_hybrid_regime_aware_policy,2021-07-13,16963.932774143665,0.0,0.0,1.0,0.0,0.0,0.0,0.01417771664280359,-1.4328913342878564,16963.932774143665
ppo_hybrid_regime_aware_policy,2021-07-14,16994.357288119252,0.0017934823475580508,0.0,1.0,0.0,0.0017918759784688377,0.0,0.019441052561506494,-1.2223578975397402,16963.932774143665
ppo_hybrid_regime_aware_policy,2021-07-15,16874.997601594714,-0.007023489297119934,0.0,1.0,0.0,-0.007156773778059015,0.007023489297119958,0.01544868589306101,-1.3820525642775596,16994.357288119252
ppo_hybrid_regime_aware_policy,2021-07-16,16738.320839952754,-0.008099364804001197,0.0,1.0,0.0,-0.008288107442931602,0.015065968299106744,0.019367734202478205,-1.2252906319008718,16874.997601594714
ppo_hybrid_regime_aware_policy,2021-07-19,16601.175547366427,-0.00819349168280814,0.0,1.0,0.0,-0.008447671936137123,0.023136017095962687,0.027314471037524924,-0.9074211584990032,16738.320839952754
ppo_hybrid_regime_aware_policy,2021-07-20,16794.021741307934,0.011616417969394943,0.0,1.0,0.0,0.011549465386791838,0.011788356771301562,0.049240950800894114,-0.0303619679642356,16601.175547366427
ppo_hybrid_regime_aware_policy,2021-07-21,16923.677681024452,0.007720362740605946,0.0,1.0,0.0,0.007690713245643027,0.004159004421085838,0.03438647808118413,-0.6245408767526351,16794.021741307934
ppo_hybrid_regime_aware_policy,2021-07-22,17035.548014679185,0.00661028505524941,0.0,1.0,0.0,0.0065885329268873,0.0,0.02474806989878477,-1.0100772040486092,16923.677681024452
ppo_hybrid_regime_aware_policy,2021-07-23,17234.47939710541,0.011677427826496167,0.0,1.0,0.0,0.01160977284756575,0.0,0.02375447765055766,-1.0498208939776936,17035.548014679185
ppo_hybrid_regime_aware_policy,2021-07-26,17248.052510011927,0.0007875557244159115,0.0,1.0,0.0,0.0007872457651358422,0.0,0.02135018880802197,-1.1459924476791212,17234.47939710541
ppo_hybrid_regime_aware_policy,2021-07-27,17058.014644840598,-0.011017931738149467,0.0,1.0,0.0,-0.011339102193013545,0.01101793173814947,0.023600027142516872,-1.0559989142993251,17248.052510011927
ppo_hybrid_regime_aware_policy,2021-07-28,17123.544696891397,0.003841599002883944,0.0,1.0,0.0,0.0038342389051085665,0.007218659210844665,0.033273177604473236,-0.6690728958210704,17058.014644840598
ppo_hybrid_regime_aware_policy,2021-07-29,17153.970639314986,0.0017768483665132617,0.0,1.0,0.0,0.0017752716389154138,0.005454637307158526,0.02781015605566003,-0.8875937577735988,17123.544696891397
ppo_hybrid_regime_aware_policy,2021-07-30,17064.56836426968,-0.0052117539970837345,0.0,1.0,0.0,-0.005353526314265427,0.010637963076454085,0.024722303771882143,-1.0111078491247143,17153.970639314986
ppo_hybrid_regime_aware_policy,2021-08-02,17065.972528654765,8.228537371191003e-05,0.0,1.0,0.0,8.228198845624998e-05,0.010556553051509423,0.02777367249418481,-0.8890531002326078,17064.56836426968
ppo_hybrid_regime_aware_policy,2021-08-03,17169.416447550964,0.006061413653544179,0.0,1.0,0.0,0.0060431171835608555,0.004559127032765976,0.03440562147380892,-0.6237751410476433,17065.972528654765
ppo_hybrid_regime_aware_policy,2021-08-04,17194.224303986197,0.0014448864066531897,0.0,1.0,0.0,0.0014438435626956373,0.0031208280467887165,0.026983563705422,-0.92065745178312,17169.416447550964
ppo_hybrid_regime_aware_policy,2021-08-05,17303.28630887075,0.006342944174531295,0.0,1.0,0.0,0.006322912366600119,0.0,0.026768587138260358,-0.9292565144695858,17194.224303986197
ppo_hybrid_regime_aware_policy,2021-08-06,17227.457146731962,-0.004382356090352202,0.0,1.0,0.0,-0.004493981555986432,0.0043823560903521715,0.023273963616525353,-1.069041455338986,17303.28630887075
ppo_hybrid_regime_aware_policy,2021-08-09,17259.28725354064,0.0018476381358878413,0.0,1.0,0.0,0.0018459333521065992,0.0025428149627018393,0.01751498589682827,-1.299400564126869,17227.457146731962
ppo_hybrid_regime_aware_policy,2021-08-10,17170.82061193605,-0.005125741306984732,0.0,1.0,0.0,-0.0052449083027294625,0.007655522457996184,0.020729783714703943,-1.1708086514118423,17259.28725354064
ppo_hybrid_regime_aware_policy,2021-08-11,17141.331731401187,-0.0017173832981729475,0.0,1.0,0.0,-0.0017551380820005924,0.009359758289761036,0.021287189165633505,-1.14851243337466,17170.82061193605
ppo_hybrid_regime_aware_policy,2021-08-12,17203.11782124109,0.003604509311649018,0.0,1.0,0.0,0.003598028636394192,0.005788986314022194,0.01827830552880727,-1.2688677788477092,17141.331731401187
ppo_hybrid_regime_aware_policy,2021-08-13,17263.499746695903,0.0035099408189984693,0.0,1.0,0.0,0.0035037953526725063,0.002299364494387922,0.015502620345718688,-1.3798951861712525,17203.11782124109
ppo_hybrid_regime_aware_policy,2021-08-16,17270.989099565708,0.0004338258742255796,0.0,1.0,0.0,0.0004337317989882038,0.0018665361439742002,0.01504562491337948,-1.3981750034648208,17263.499746695903
ppo_hybrid_regime_aware_policy,2021-08-17,17118.86510123977,-0.00880806521554467,0.0,1.0,0.0,-0.009012001844587753,0.010658160787435613,0.01875834460757831,-1.2496662156968676,17270.989099565708
ppo_hybrid_regime_aware_policy,2021-08-18,16954.102195000036,-0.009624639557899384,0.0,1.0,0.0,-0.009939424238300451,0.020180219389405788,0.028162868743487834,-0.8734852502604865,17118.86510123977
ppo_hybrid_regime_aware_policy,2021-08-19,16982.6065768456,0.0016812675491579832,0.54,0.46119747120706395,0.5388025287929361,-0.0017221441989985317,0.018532880188242007,0.04715235846926156,-0.1139056612295378,16944.946979814737
ppo_hybrid_regime_aware_policy,2021-08-20,17063.505446971398,0.004763630939675467,0.001197471207063927,0.4625608085948236,0.5374391914051764,0.002158524547144868,0.0138575330500325,0.04768915402308202,-0.0924338390767193,16982.586240663204
ppo_hybrid_regime_aware_policy,2021-08-23,17164.516536925967,0.005919715047326246,0.0625608085948236,0.4035682425345285,0.5964317574654715,0.0026084211639998286,0.008019850649621414,0.03165692384998461,-0.7337230460006157,17062.437940273172
ppo_hybrid_regime_aware_policy,2021-08-24,17187.662906447425,0.0013485011052694063,0.05643175746547152,0.4607576420647153,0.5392423579352847,-0.0013290549419737654,0.006682164321817167,0.02451178990758987,-1.0195284036964052,17163.54791309174
ppo_hybrid_regime_aware_policy,2021-08-25,17198.125295363658,0.0006087150401528074,0.5392423579352847,1.0,0.0,-0.00020033368860127476,0.006077516815587759,0.02502918051683676,-0.9988327793265296,17178.394590574357
ppo_hybrid_regime_aware_policy,2021-08-26,17088.9174547389,-0.006349985172755868,0.0,1.0,0.0,-0.006515266524076656,0.012388909846677449,0.022979782358250024,-1.080808705669999,17198.125295363658
ppo_hybrid_regime_aware_policy,2021-08-27,17255.025063121175,0.00972019490539533,0.0,1.0,0.0,0.009673257724820403,0.0027891375596572404,0.033640519803701634,-0.6543792078519346,17088.9174547389
ppo_hybrid_regime_aware_policy,2021-08-30,17448.664636504323,0.011222213394346925,0.0,1.0,0.0,0.011159711529092875,0.0,0.021257541240342417,-1.1496983503863034,17255.025063121175
ppo_hybrid_regime_aware_policy,2021-08-31,17434.440044648425,-0.0008152252422881645,0.0,1.0,0.0,-0.0008322279447655393,0.0008152252422881164,0.02044861322597993,-1.1820554709608029,17448.664636504323
ppo_hybrid_regime_aware_policy,2021-09-01,17463.34713754874,0.0016580453875365553,0.0,1.0,0.0,0.0016566723477816276,0.0,0.02215854011475169,-1.1136583954099324,17434.440044648425
ppo_hybrid_regime_aware_policy,2021-09-02,17455.087968148648,-0.00047294309246892485,0.0,1.0,0.0,-0.0004827535360160886,0.00047294309246895624,0.020506844994370235,-1.1797262002251907,17463.34713754874
ppo_hybrid_regime_aware_policy,2021-09-03,17508.775369917053,0.003075745127516516,0.0,1.0,0.0,0.003071024700215802,0.0,0.02226349067047312,-1.1094603731810753,17455.087968148648
ppo_hybrid_regime_aware_policy,2021-09-07,17533.55287811732,0.0014151479858972582,0.0,1.0,0.0,0.0014141476076638755,0.0,0.022358987567693524,-1.105640497292259,17508.775369917053
ppo_hybrid_regime_aware_policy,2021-09-08,17472.524925993665,-0.0034806380970180406,0.0,1.0,0.0,-0.003596099234495128,0.0034806380970180298,0.03142803734802457,-0.742878506079017,17533.55287811732
ppo_hybrid_regime_aware_policy,2021-09-09,17412.41419258094,-0.0034403003382353914,0.0,1.0,0.0,-0.003551267326187735,0.006908963994831001,0.03063756189113926,-0.7744975243544296,17472.524925993665
ppo_hybrid_regime_aware_policy,2021-09-10,17280.261880843867,-0.0075895456124275285,0.0,1.0,0.0,-0.007883612450699464,0.014446073709885187,0.03517524490584414,-0.5929902037662343,17412.41419258094
ppo_hybrid_regime_aware_policy,2021-09-13,17268.331035932242,-0.0006904319502732958,0.0,1.0,0.0,-0.0007223836746725475,0.015126531629313223,0.0466057717739663,-0.1357691290413482,17280.261880843867
ppo_hybrid_regime_aware_policy,2021-09-14,17219.233928720212,-0.002843187746972675,0.0,1.0,0.0,-0.0029547953350533332,0.017926711806903216,0.038411118366842904,-0.4635552653262839,17268.331035932242
ppo_hybrid_regime_aware_policy,2021-09-15,17347.255255423337,0.007434786427379603,0.0,1.0,0.0,0.007407284631964333,0.010625206653153035,0.03900663998018449,-0.4397344007926204,17219.233928720212
ppo_hybrid_regime_aware_policy,2021-09-16,17359.18610033496,0.0006877655707460129,0.0,1.0,0.0,0.0006875291683925839,0.009944748733725207,0.03238489268056606,-0.7046042927773577,17347.255255423337
ppo_hybrid_regime_aware_policy,2021-09-17,17153.615682040185,-0.011842169160846017,0.0,1.0,0.0,-0.01232578731784724,0.021669150497804362,0.03522065743506919,-0.5911737025972323,17359.18610033496
ppo_hybrid_regime_aware_policy,2021-09-20,16972.840944870295,-0.010538579184746544,0.54,0.4545432609638137,0.5454567390361863,-0.014476556961025051,0.031979367624163556,0.046560968685288334,-0.1375612525884669,17144.35272957188
ppo_hybrid_regime_aware_policy,2021-09-21,16977.996742314263,0.0003037674989541106,0.11454326096381368,0.34027600126133273,0.6597239987386673,-0.0037400935204970984,0.03168531441773087,0.07257631892392194,0.9030527569568776,16970.89682032065
ppo_hybrid_regime_aware_policy,2021-09-22,17040.411954991076,0.0036762412918396326,0.059723998738667294,0.402233368771848,0.597766631228152,0.00037991443434619244,0.028125555987098698,0.06552544140739051,0.6210176562956203,16976.98274845824
ppo_hybrid_regime_aware_policy,2021-09-23,17103.266162794407,0.003688538045286016,0.0022333687718479878,0.40220632473570694,0.5977936752642931,0.00047840201743724637,0.0245407601251159,0.04706395053265763,-0.1174419786936952,17040.373897467154
ppo_hybrid_regime_aware_policy,2021-09-24,17109.647765967038,0.0003731219003368924,0.0022063247357069216,0.4002251129404754,0.5997748870595245,-0.002830257179432431,0.024176794919832517,0.03525920282040532,-0.5896318871837872,17103.22842743521
ppo_hybrid_regime_aware_policy,2021-09-27,17045.805682273498,-0.003731349970893527,0.059774887059524606,0.45800992378389854,0.5419900762161014,-0.006531791478777928,0.027817932807705663,0.030704776546989457,-0.771808938120422,17108.6250387042
ppo_hybrid_regime_aware_policy,2021-09-28,16851.885991018786,-0.011376387533056032,0.05800992378389852,0.39313082706105174,0.6068691729389483,-0.015129808504049005,0.03887785275677274,0.03627512485045963,-0.5489950059816147,17044.816856385034
ppo_hybrid_regime_aware_policy,2021-09-29,16840.719038613937,-0.000662652976100131,0.006869172938948287,0.39960626881095923,0.6003937311890408,-0.003911737975336155,0.039514743208039195,0.06054665794884598,0.421866317953839,16851.770232499566
ppo_hybrid_regime_aware_policy,2021-09-30,16815.96306053731,-0.001470007190302547,0.0003937311890407913,0.39911693381088453,0.6008830661891155,-0.004752041298831398,0.04092666344170299,0.056916806795580144,0.2766722718232056,16840.712407897605
ppo_hybrid_regime_aware_policy,2021-10-01,16857.663962908653,0.0024798402697021604,0.000883066189115489,0.4014847520536018,0.5985152479463982,-0.0007245540595505081,0.03854831476010816,0.060144534788629356,0.405781391545174,16815.948210928895
ppo_hybrid_regime_aware_policy,2021-10-04,16716.10557594495,-0.008397271844733156,0.0014847520536017678,0.3949198684991729,0.6050801315008272,-0.012032218078781269,0.046621885926644305,0.049205411523656005,-0.03178353905376,16857.638933457467
ppo_hybrid_regime_aware_policy,2021-10-05,16806.28033792967,0.005394483875148959,0.005080131500827145,0.40322235545942403,0.5967776445405759,0.002172365566272571,0.041478903063355645,0.05944945896778714,0.3779783587114854,16716.020655930442
ppo_hybrid_regime_aware_policy,2021-10-06,16849.30234870966,0.0025598770170991436,0.003222355459424009,0.4015339329438465,0.5984660670561535,-0.000648227420375355,0.039025206936902916,0.05054108966149027,0.0216435864596108,16806.22618212047
ppo_hybrid_regime_aware_policy,2021-10-07,16911.113636720558,0.0036684775862918517,0.001533932943846461,0.40219395842423694,0.5978060415757631,0.0004594642342879844,0.03549989244755947,0.04907586910978121,-0.0369652356087516,16849.276503009707
ppo_hybrid_regime_aware_policy,2021-10-08,16877.344813209827,-0.001996842090718709,0.0021939584242369192,0.3988008165406173,0.6011991834593827,-0.0052814256654399264,0.0374258468588229,0.04117246463227003,-0.3531014147091992,16911.07653444033
ppo_hybrid_regime_aware_policy,2021-10-11,16825.546965165453,-0.0030690756524588414,0.0011991834593827466,0.39815360740002687,0.6018463925999731,-0.006385037531850323,0.04038005975591465,0.037046698052725514,-0.5181320778909795,16877.324574177088
ppo_hybrid_regime_aware_policy,2021-10-12,16802.042147643137,-0.0013969719719055806,0.0018463925999731567,0.39916175364575435,0.6008382463542457,-0.004659670595139055,0.04172062191611731,0.043975849118189976,-0.2409660352724011,16825.515898600046
ppo_hybrid_regime_aware_policy,2021-10-13,16855.848472382742,0.0032023681566084594,0.0008382463542456753,0.40191578878079126,0.5980842112192087,-4.005873118506549e-06,0.03865185855060692,0.04324764750611062,-0.2700940997555754,16802.02806339256
ppo_hybrid_regime_aware_policy,2021-10-14,16979.98745077968,0.007364742190245188,0.0019157887807912388,0.4043876806506109,0.5956123193493891,0.004134881215271031,0.03157177733376067,0.03665111312276417,-0.5339554750894331,16855.81618013735
ppo_hybrid_regime_aware_policy,2021-10-15,17022.706562214356,0.002515850589319024,0.004387680650610903,0.40150834818331604,0.598491651816684,-0.0006938903857173738,0.029135356619052553,0.02690861450429365,-0.9236554198282542,16979.912948017296
ppo_hybrid_regime_aware_policy,2021-10-18,17091.15164032766,0.004020810548730935,0.0015083481833160217,0.4024037264096444,0.5975962735903556,0.0008104861706261767,0.025231693819556596,0.023982020010874662,-1.0407191995650136,17022.680886045837
ppo_hybrid_regime_aware_policy,2021-10-19,17210.197044658304,0.006965323743880925,0.5975962735903556,1.0,0.0,0.006044783523482751,0.01844211699173526,0.02423143678293065,-1.030742528682774,17080.93803179603
ppo_hybrid_regime_aware_policy,2021-10-20,17187.737651215055,-0.0013050050144672865,0.0,1.0,0.0,-0.0013327466020643444,0.019723054951050915,0.020991904258402968,-1.1603238296638814,17210.197044658304
ppo_hybrid_regime_aware_policy,2021-10-21,17292.702023735877,0.006106933597127773,0.0,1.0,0.0,0.006088361850741467,0.013736568740841754,0.01998647466421105,-1.200541013431558,17187.737651215055
ppo_hybrid_regime_aware_policy,2021-10-22,17147.401386309135,-0.008402425325279017,0.0,1.0,0.0,-0.008582819652710984,0.02202357357305031,0.017484599195970087,-1.3006160321611966,17292.702023735877
ppo_hybrid_regime_aware_policy,2021-10-25,17322.954222415323,0.010237868243193615,0.0,1.0,0.0,0.010185816236381578,0.012011179774341896,0.02006905040996213,-1.1972379836015148,17147.401386309135
ppo_hybrid_regime_aware_policy,2021-10-26,17377.499662619975,0.003148737767491916,0.0,1.0,0.0,0.003143790874320385,0.008900262062237594,0.01921058846646222,-1.2315764613415112,17322.954222415323
ppo_hybrid_regime_aware_policy,2021-10-27,17417.835927525895,0.0023211777119285237,0.0,1.0,0.0,0.0023184879404309906,0.0065997434402382,0.023469869110294556,-1.0612052355882178,17377.499662619975
ppo_hybrid_regime_aware_policy,2021-10-28,17611.26563509475,0.011105266370271316,0.0,1.0,0.0,0.011044055656959267,0.0,0.029275988970355705,-0.8289604411857717,17417.835927525895
ppo_hybrid_regime_aware_policy,2021-10-29,17697.895723244583,0.004919015472528043,0.0,1.0,0.0,0.004906956644790875,0.0,0.026192933955969278,-0.952282641761229,17611.26563509475
ppo_hybrid_regime_aware_policy,2021-11-01,17758.400120603466,0.0034187339729556676,0.0,1.0,0.0,0.0034129033870025777,0.0,0.024189219331822245,-1.0324312267271103,17697.895723244583
ppo_hybrid_regime_aware_policy,2021-11-02,17832.65488153653,0.0041813879870244985,0.0,1.0,0.0,0.004172670277244476,0.0,0.024700154412476125,-1.0119938235009551,17758.400120603466
ppo_hybrid_regime_aware_policy,2021-11-03,18021.959480033132,0.010615614991383193,0.0,1.0,0.0,0.010559664964874786,0.0,0.02168188828494096,-1.1327244686023616,17832.65488153653
ppo_hybrid_regime_aware_policy,2021-11-04,18252.97537979307,0.012818578358024135,0.0,1.0,0.0,0.012737115799984012,0.0,0.014742170879711736,-1.4103131648115306,18021.959480033132
ppo_hybrid_regime_aware_policy,2021-11-05,18270.39343953119,0.0009542586551343213,0.0,1.0,0.0,0.0009538036397890856,0.0,0.017180195207570977,-1.312792191697161,18252.97537979307
ppo_hybrid_regime_aware_policy,2021-11-08,18245.641386281426,-0.0013547630121751864,0.0,1.0,0.0,-0.0013892041879683848,0.0013547630121752167,0.024744294317920384,-1.0102282272831846,18270.39343953119
ppo_hybrid_regime_aware_policy,2021-11-09,18120.050069583096,-0.0068833599235793574,0.0,1.0,0.0,-0.0071150144976404985,0.008228797614330596,0.030237696950565968,-0.7904921219773613,18245.641386281426
ppo_hybrid_regime_aware_policy,2021-11-10,17853.74063743859,-0.014696947918016012,0.0,1.0,0.0,-0.015307928991247501,0.02280480732238094,0.034434043318296595,-0.6226382672681363,18120.050069583096
ppo_hybrid_regime_aware_policy,2021-11-11,17903.24334512189,0.0027726798931699825,0.0,1.0,0.0,0.0027688431067590825,0.020095357859941255,0.04146865851983901,-0.3412536592064396,17853.74063743859
ppo_hybrid_regime_aware_policy,2021-11-12,18091.631718985627,0.0105225835471352,0.0,1.0,0.0,0.010467606495660791,0.009784229394796841,0.03382313539538447,-0.6470745841846213,17903.24334512189
ppo_hybrid_regime_aware_policy,2021-11-15,18087.505211097137,-0.00022808931513673691,0.0,1.0,0.0,-0.00023354031903145668,0.010010087031751798,0.0240195002653657,-1.039219989385372,18091.631718985627
ppo_hybrid_regime_aware_policy,2021-11-16,18216.30681105109,0.007121026280336951,0.0,1.0,0.0,0.007095791500227374,0.002960342844236483,0.02567580970358937,-0.9729676118564252,18087.505211097137
ppo_hybrid_regime_aware_policy,2021-11-17,18225.93206555302,0.0005283867142646947,0.0,1.0,0.0,0.0005282471671591829,0.002433520335800256,0.024995091877716737,-1.0001963248913306,18216.30681105109
ppo_hybrid_regime_aware_policy,2021-11-18,18414.777852325074,0.010361378836091006,0.0,1.0,0.0,0.010308067685529398,0.0,0.030559546721306865,-0.7776181311477254,18225.93206555302
ppo_hybrid_regime_aware_policy,2021-11-19,18517.450963855612,0.0055755824128811415,0.0,1.0,0.0,0.005560096388995262,0.0,0.03421674285256696,-0.6313302858973215,18414.777852325074
ppo_hybrid_regime_aware_policy,2021-11-22,18302.47808747638,-0.011609204571344178,0.0,1.0,0.0,-0.01210309412785523,0.011609204571344147,0.03669300654648313,-0.532279738140675,18517.450963855612
ppo_hybrid_regime_aware_policy,2021-11-23,18219.05688376593,-0.004557918513096282,0.0,1.0,0.0,-0.004775812141952456,0.0161142092760024,0.04605425755811848,-0.1578296976752609,18302.47808747638
ppo_hybrid_regime_aware_policy,2021-11-24,18277.727433042844,0.0032202846531090845,0.0,1.0,0.0,0.0032151106413701946,0.012945816963721738,0.04769062087890072,-0.0923751648439715,18219.05688376593
ppo_hybrid_regime_aware_policy,2021-11-26,17931.20428281105,-0.0189587656070056,0.0,1.0,0.0,-0.019924602222604167,0.0316591458613209,0.04188538272042879,-0.3245846911828484,18277.727433042844
ppo_hybrid_regime_aware_policy,2021-11-29,18198.148673173822,0.014887142333137593,0.30000000000000004,0.7044893097073502,0.29551069029264976,0.013527416492135534,0.017243317738766462,0.11477928491319339,2.591171396527735,17925.824921526208
ppo_hybrid_regime_aware_policy,2021-11-30,18010.982499210255,-0.010284901905404875,0.004489309707350286,0.6968838266844197,0.3031161733155803,-0.01188807705183588,0.02735087381270444,0.07352777559511954,0.9411110238047814,18198.06697604833
ppo_hybrid_regime_aware_policy,2021-12-01,17796.433973723975,-0.011912094495438397,0.0031161733155802285,0.6963842351710473,0.3036157648289527,-0.013988113507855901,0.038937162114753086,0.10355579001749345,2.142231600699738,18010.926373867205
ppo_hybrid_regime_aware_policy,2021-12-02,17772.36422956281,-0.0013525037766950465,0.7763842351710473,-0.08062305178473791,1.080623051784738,-0.013048475727953805,0.040237003232634176,0.125,3.194849203268089,17782.617102944514
ppo_hybrid_regime_aware_policy,2021-12-03,17797.076099,0.0013904660695669424,0.0006230517847379546,-0.07849970985148623,1.0784997098514861,-0.008979434310881813,0.038902485350803234,0.10676676545180142,2.270670618072056,17772.353156459558
ppo_hybrid_regime_aware_policy,2021-12-06,17785.640827490304,-0.0006425365293762919,0.0015002901485137304,-0.0806927642647122,1.0806927642647122,-0.011089675151077885,0.039520025612258126,0.12417274824368381,2.966909929747352,17797.049398222058
ppo_hybrid_regime_aware_policy,2021-12-07,17742.780987423128,-0.002409800157491704,0.0006927642647122367,-0.08260812103516636,1.0826081210351663,-0.013012472785831402,0.04183459040580529,0.09968407065536951,1.98736282621478,17785.628506233916
ppo_hybrid_regime_aware_policy,2021-12-08,17765.95724946846,0.001306236156652263,0.48260812103516637,0.4010719064037113,0.5989280935962886,-0.0026185284091529495,0.04058300010373987,0.06367988759948047,0.5471955039792189,17734.21817722885
ppo_hybrid_regime_aware_policy,2021-12-09,17644.667294128805,-0.006827099358425293,0.0589280935962887,0.45632006422985705,0.543679935770143,-0.009859507549874602,0.047133035288193896,0.05016840125971789,0.0067360503887155,17764.910335476838
ppo_hybrid_regime_aware_policy,2021-12-10,17732.83206916965,0.004996681069196596,0.0036799357701429725,0.46268677000983655,0.5373132299901635,0.0023867191832210076,0.042371862964155654,0.06161740193747794,0.4646960774991172,17644.60236288648
ppo_hybrid_regime_aware_policy,2021-12-13,17614.940115554025,-0.006648230421162804,0.0026867700098365255,0.45638738895774644,0.5436126110422536,-0.009534179793916448,0.04873839547695879,0.04205135119118377,-0.3179459523526494,17732.78442512826
ppo_hybrid_regime_aware_policy,2021-12-14,17531.00985363387,-0.0047647202527838495,0.0036126110422535773,0.45741669313893946,0.5425833068610606,-0.007614515628208577,0.05327089090972541,0.053169163970141556,0.1267665588056623,17614.876479626855
ppo_hybrid_regime_aware_policy,2021-12-15,17689.859124585884,0.009061045101123266,0.057416693138939434,0.4054219485561542,0.5945780514438458,0.005734115097437678,0.044692535753712105,0.06406412281293512,0.5625649125174047,17530.003281020687
ppo_hybrid_regime_aware_policy,2021-12-16,17507.80896171036,-0.010291216091286137,0.005421948556154188,0.39376435110410507,0.6062356488958949,-0.014008547333363304,0.05452381130188924,0.0463701392535289,-0.1451944298588444,17689.763211079746
ppo_hybrid_regime_aware_policy,2021-12-17,17472.76055569705,-0.0020018727694575134,0.006235648895894952,0.3988002159125692,0.6011997840874308,-0.005317703741438162,0.05641653433821451,0.055196175643787676,0.2078470257515069,17507.69978916074
ppo_hybrid_regime_aware_policy,2021-12-20,17396.11390645756,-0.004386636501723218,0.0011997840874308219,0.39735714472399614,0.6026428552760039,-0.0078549850494857,0.06055569201110899,0.06206561150954829,0.4826244603819318,17472.73959215697
ppo_hybrid_regime_aware_policy,2021-12-21,17527.481312602165,0.007551537478484915,0.05735714472399611,0.3449842318377934,0.6550157681622066,0.0035651316381016445,0.053461443110381535,0.07092681431571167,0.8370725726284668,17395.11611503459
ppo_hybrid_regime_aware_policy,2021-12-22,17611.89618379976,0.0048161438424640934,0.0550157681622066,0.4029086871108572,0.5970913128891429,0.0015220596726830144,0.048902777267962716,0.05832848077346368,0.3331392309385471,17526.517024753804
ppo_hybrid_regime_aware_policy,2021-12-23,17664.955451949216,0.0030126948055861913,0.0029086871108571777,0.40180392741287174,0.5981960725871283,-0.00019619729588392018,0.04603741160543048,0.04208480968805267,-0.3166076124778934,17611.844956304332
ppo_hybrid_regime_aware_policy,2021-12-27,17781.704651533473,0.006609085423500138,0.0018039274128717198,0.40394049057174886,0.5960595094282511,0.003384635281141682,0.03973259136790743,0.03759138506499545,-0.4963445974001821,17664.923585651828
ppo_hybrid_regime_aware_policy,2021-12-28,17688.74121263104,-0.0052280386343283025,0.5960595094282511,1.0,0.0,-0.006315392652802229,0.044752906479522334,0.03576483491889013,-0.5694066032443946,17771.10569738208
ppo_hybrid_regime_aware_policy,2021-12-29,17686.09864564799,-0.00014939259675317285,0.0,1.0,0.0,-0.00015438621312943045,0.04489561332336427,0.0349139260362369,-0.6034429585505241,17688.74121263104
ppo_hybrid_regime_aware_policy,2021-12-30,17633.245961853157,-0.002988374364169877,0.0,1.0,0.0,-0.0030813182631664942,0.047749822787614915,0.030996250861952113,-0.7601499655219154,17686.09864564799
ppo_hybrid_regime_aware_policy,2021-12-31,17523.134523780056,-0.006244535935772122,0.0,1.0,0.0,-0.006464874477272675,0.05369618323906306,0.03376180768250954,-0.6495276926996184,17633.245961853157
ppo_hybrid_regime_aware_policy,2022-01-03,17691.824655489192,0.009626709849211768,0.0,1.0,0.0,0.009580668327693801,0.044586390965903874,0.033143928349054295,-0.6742428660378282,17523.134523780056
ppo_hybrid_regime_aware_policy,2022-01-04,17462.3527949023,-0.012970502763585467,0.0,1.0,0.0,-0.013414683818008536,0.05697858582224773,0.028996443174779875,-0.8401422730088052,17691.824655489192
ppo_hybrid_regime_aware_policy,2022-01-05,16925.890191202256,-0.03072109526138156,0.0,1.0,0.0,-0.03211008652919671,0.08594923652072517,0.03131463702859665,-0.7474145188561339,17462.3527949023
ppo_hybrid_regime_aware_policy,2022-01-06,16911.282432737808,-0.0008630422565332196,0.54,0.45982540649990394,0.5401745935000961,-0.0043057971309473485,0.0867381009542242,0.051190340590269834,0.0476136236107935,16916.750210499005
ppo_hybrid_regime_aware_policy,2022-01-07,16836.996618410372,-0.004392677765444275,0.05982540649990392,0.397388818505742,0.6026111814942581,-0.007894378801650719,0.09074976619218997,0.050424638879177835,0.0169855551671133,16910.270708391836
ppo_hybrid_regime_aware_policy,2022-01-10,16841.385064134673,0.00026064302462947,0.0026111814942580414,0.4001579113651783,0.5998420886348217,-0.0029433077091039726,0.09051277646110516,0.04451977602243916,-0.2192089591024337,16836.952653956385
ppo_hybrid_regime_aware_policy,2022-01-11,16942.579076480004,0.006008651423856648,0.00015791136517828708,0.4035837520840706,0.5964162479159294,0.002790434598428618,0.08504798476040873,0.04915281293436202,-0.0338874826255193,16841.382404688564
ppo_hybrid_regime_aware_policy,2022-01-12,16969.393099977726,0.0015826411892003733,0.0035837520840705794,0.40095023108990846,0.5990497689100915,-0.0016239854956839142,0.08359994401494865,0.04228274528764381,-0.3086901884942477,16942.51835847693
ppo_hybrid_regime_aware_policy,2022-01-13,16799.573643027816,-0.01000739719737731,0.0009502310899084376,0.39393544137322284,0.6060645586267772,-0.013596832466803363,0.09277072336688982,0.03681250079775986,-0.5274999680896054,16969.376975132825
ppo_hybrid_regime_aware_policy,2022-01-14,16841.28594393533,0.0024829380669924017,0.006064558626777183,0.4014897027357405,0.5985102972642595,-0.0007292361687305685,0.09051812926044756,0.05595746336002873,0.2382985344011492,16799.47176102855
ppo_hybrid_regime_aware_policy,2022-01-18,16673.56138052194,-0.009959130435273522,0.0014897027357404502,0.3939653153489014,0.6060346846510987,-0.013647386696368464,0.09957577783965933,0.04814691378980508,-0.0741234484077969,16841.260855425586
ppo_hybrid_regime_aware_policy,2022-01-19,16610.39873836006,-0.0037881914199605626,0.053965315348901366,0.33752603893286853,0.6624739610671315,-0.008000125740559567,0.10298675715237177,0.0738183832426169,0.952735329704676,16672.66158652405
ppo_hybrid_regime_aware_policy,2022-01-20,16537.005054948553,-0.004418538324550414,0.0024739610671314916,0.3370724620816121,0.6629275379183879,-0.008626013791221757,0.1069502445435233,0.08123500900094399,1.2494003600377594,16610.357644880274
ppo_hybrid_regime_aware_policy,2022-01-21,16381.050630717673,-0.009430632917670434,0.0029275379183879013,0.3337184756995224,0.6662815243004776,-0.014137139077369971,0.11537226896444867,0.09325131649953358,1.7300526599813428,16536.956642239198
ppo_hybrid_regime_aware_policy,2022-01-24,16368.276765244775,-0.0007797952500644412,0.41371847569952236,-0.08039567145903845,1.0803956714590384,-0.011848193488657306,0.11606209746718546,0.11526970291911541,2.610788116764616,16374.273487420376
ppo_hybrid_regime_aware_policy,2022-01-25,16398.625494730724,0.0018541187885086075,0.000395671459038488,-0.07800083107989099,1.078000831079891,-0.008516191475201442,0.11442317159422445,0.12138030302081014,2.8552121208324053,16368.270288784825
ppo_hybrid_regime_aware_policy,2022-01-26,16400.64536217474,0.00012317297231190238,0.0019991689201089707,-0.07986483073666958,1.0798648307366696,-0.010247833366235965,0.11431409246405924,0.125,3.13579207924774,16398.592711108304
ppo_hybrid_regime_aware_policy,2022-01-27,16413.85619358041,0.0008055068025640821,0.00013516926333037582,-0.07913060697242423,1.0791306069724242,-0.00956302019782525,0.11360066644060397,0.125,3.437309074752985,16400.643145311587
ppo_hybrid_regime_aware_policy,2022-01-28,16372.650998858016,-0.002510390869545298,0.0008693930275757294,-0.08271710418818469,1.0827171041881847,-0.013161002372958475,0.1158258752343425,0.125,3.027389362861251,16413.84192348828
ppo_hybrid_regime_aware_policy,2022-01-31,16330.720934567624,-0.0025609819871759143,0.0027171041881847297,-0.08277002004506614,1.082770020045066,-0.013179317664632723,0.11809022924139435,0.10730437750863045,2.2921751003452178,16372.606512659415
ppo_hybrid_regime_aware_policy,2022-02-01,16361.57674186142,0.0018894332600150054,0.42277002004506614,0.34152317622501943,0.6584768237749805,-0.0026185045038568068,0.11642391958819082,0.08805751582226365,1.5223006328905455,16323.816795350765
ppo_hybrid_regime_aware_policy,2022-02-02,16413.794692764863,0.003191498700112483,0.05847682377498059,0.4019437817374441,0.598056218262556,-0.00010129855755286777,0.11360398767610595,0.06776311741364714,0.7105246965458858,16360.619968821606
ppo_hybrid_regime_aware_policy,2022-02-03,16147.57194136951,-0.01621945177081463,0.0019437817374440836,0.390109069740237,0.609890930259763,-0.02054352369186661,0.12798084504783577,0.06873415370661777,0.7493661482647109,16413.762787930496
ppo_hybrid_regime_aware_policy,2022-02-04,16216.01770917051,0.004238765310941028,0.05010906974023699,0.34281870924428337,0.6571812907557166,0.00028264344636935837,0.1242845605033485,0.08478072182790546,1.391228873116218,16146.762801560964
ppo_hybrid_regime_aware_policy,2022-02-07,16171.6193117015,-0.0027379346930475057,0.002818709244283346,0.3381898674259164,0.6618101325740836,-0.006801515925295444,0.12668221218638376,0.07657416252825118,1.062966501130047,16215.972000931488
ppo_hybrid_regime_aware_policy,2022-02-08,16233.365515654672,0.0038181831245862607,0.0018101325740836338,0.3425116057789251,0.657488394221075,-6.380283394347981e-05,0.12334772494655274,0.07392456636115871,0.9569826544463482,16171.590038926608
ppo_hybrid_regime_aware_policy,2022-02-09,16370.023139812456,0.008418317447851376,0.057488394221074934,0.4050430296804942,0.5949569703195058,0.005096848438319126,0.11596778780377173,0.0638011864750774,0.552047459003096,16232.432285538373
ppo_hybrid_regime_aware_policy,2022-02-10,16221.7434893108,-0.0090579988333086,0.005043029680494193,0.3945185757836667,0.6054814242163333,-0.012733655622402777,0.12397535055045238,0.05330200501310849,0.1320802005243396,16369.940585299892
ppo_hybrid_regime_aware_policy,2022-02-11,16045.911215024387,-0.010839295689903938,0.0545185757836667,0.3328040480537652,0.6671959519462348,-0.015624745344518945,0.13347084075748042,0.0813542664182241,1.2541706567289637,16220.859102959035
ppo_hybrid_regime_aware_policy,2022-02-14,16037.697637958292,-0.0005118797527936536,0.41280404805376514,-0.08010705656120509,1.080107056561205,-0.011545869742723808,0.13391439948930195,0.10517854646296634,2.207141858518654,16039.287397920114
ppo_hybrid_regime_aware_policy,2022-02-15,16005.794932424149,-0.0019892322610344237,0.00010705656120513218,-0.08215253711710756,1.0821525371171075,-0.012550822845661834,0.13563724490665524,0.11112363745179597,2.4449454980718386,16037.695921017534
ppo_hybrid_regime_aware_policy,2022-02-16,15997.663405222016,-0.0005080364478280419,0.4221525371171076,0.33994328780706984,0.6600567121929302,-0.005053990034312094,0.13607637269038775,0.09244618097782116,1.697847239112846,15999.03804548485
ppo_hybrid_regime_aware_policy,2022-02-17,15835.879658141539,-0.010112961060780079,5.6712192930186145e-05,0.33325729441086527,0.6667427055891347,-0.014757728064918797,0.14481319869285775,0.08254697428909519,1.3018789715638073,15997.662497959443
ppo_hybrid_regime_aware_policy,2022-02-18,15843.778582677447,0.0004987992272249553,0.41325729441086523,-0.07901547003941681,1.0790154700394168,-0.010489211073374161,0.14438663217723277,0.10824023406256514,2.329609362502605,15829.335365359399
ppo_hybrid_regime_aware_policy,2022-02-22,15856.493380875743,0.0008025104700843944,0.0009845299605831526,-0.07913292123973514,1.0791329212397351,-0.00956728816420899,0.1436999934912109,0.10523393817059917,2.209357526823967,15843.762984002744
ppo_hybrid_regime_aware_policy,2022-02-23,15888.972933806284,0.0020483439907157397,0.0008670787602648167,-0.07779137606652772,1.0777913760665276,-0.008323051623616039,0.14194599651862877,0.11164138635183299,2.465655454073319,15856.47963204712
ppo_hybrid_regime_aware_policy,2022-02-24,15846.22272569514,-0.002690558306647217,0.002208623933472237,-0.08291125054667185,1.0829112505466718,-0.013353877008351478,0.14425464084524747,0.12491300844326941,2.996520337730776,15888.937841040384
ppo_hybrid_regime_aware_policy,2022-02-25,15826.518384208664,-0.0012434724557116583,0.0029112505466718924,-0.0813414741877808,1.0813414741877807,-0.011744274845427253,0.1453187366284595,0.11997205753633298,2.798882301453319,15846.176593370566
ppo_hybrid_regime_aware_policy,2022-02-28,15839.625751600362,0.0008281901978375306,0.5413414741877808,0.46073893512406705,0.539261064875933,-0.002576164773711964,0.14461089798385976,0.10204203229026881,2.081681291610752,15817.950833415296
ppo_hybrid_regime_aware_policy,2022-03-01,15850.452320831835,0.0006835116814789544,0.540738935124067,-0.07867871244954401,1.078678712449544,-0.010495830208928176,0.144026229540422,0.11784866077294867,2.713946430917946,15831.060649238678
ppo_hybrid_regime_aware_policy,2022-03-02,15829.154468158818,-0.0013436747571566876,0.001321287550455949,-0.08145169234953982,1.0814516923495399,-0.011858329022395198,0.14517637988857673,0.125,3.4535025933692824,15850.431377826515
ppo_hybrid_regime_aware_policy,2022-03-03,15847.220851840737,0.001141335989756076,0.0014516923495398598,-0.07876719634650392,1.078767196346504,-0.00922949237752654,0.14420073892604995,0.11916490788294616,2.7665963153178468,15829.131489096377
ppo_hybrid_regime_aware_policy,2022-03-04,15865.573889275422,0.0011581234089099723,0.0012328036534960396,-0.07874934370476333,1.0787493437047633,-0.009212395904157119,0.14320961776847224,0.11716202144057282,2.686480857622913,15847.201315328974
ppo_hybrid_regime_aware_policy,2022-03-07,15912.36520330717,0.002949235518254989,0.0012506562952366296,-0.07682284510953569,1.0768228451095356,-0.007424980929321024,0.14068274114149584,0.125,3.0092530983827364,15865.554046895559
ppo_hybrid_regime_aware_policy,2022-03-08,15918.231600035242,0.00036866906038901526,0.0031771548904642732,-0.07959855408818527,1.0795985540881852,-0.010004164613686561,0.14036593745509632,0.125,3.9873711217771888,15912.314647258247
ppo_hybrid_regime_aware_policy,2022-03-09,15872.38314748157,-0.0028802478633097595,0.00040144591181469347,-0.08311921825249673,1.0831192182524967,-0.013562500824463673,0.14284189662696956,0.125,3.5725370966346115,15918.225209726243
ppo_hybrid_regime_aware_policy,2022-03-10,15886.434381892732,0.0008852630560012287,0.0031192182524967665,-0.07904139576072446,1.0790413957607246,-0.009487807385612645,0.14208308622490137,0.12219494939250392,2.887797975700156,15872.333638054346
ppo_hybrid_regime_aware_policy,2022-03-11,15912.775810952966,0.0016581083222966253,0.000958604239275504,-0.07821117378697219,1.0782111737869722,-0.008712702727995151,0.14066056705033195,0.10856810877436894,2.3427243509747577,15886.419153089386
ppo_hybrid_regime_aware_policy,2022-03-14,15937.195214328067,0.0015345784836793275,0.0017888262130277693,-0.07834326569413527,1.0783432656941352,-0.00883728101797735,0.1393418432463502,0.11059054604763655,2.423621841905461,15912.747345762473
ppo_hybrid_regime_aware_policy,2022-03-15,15897.176950493671,-0.0025109979074874333,0.0016567343058646877,-0.08271691062392747,1.0827169106239274,-0.013133561312334199,0.14150295407702057,0.11518171917788972,2.6072687671155883,15937.168810630015
ppo_hybrid_regime_aware_policy,2022-03-16,15849.967930264713,-0.002969648030966443,0.00271691062392751,-0.08321382955257242,1.0832138295525724,-0.013610426889150592,0.14405238813903623,0.10366431609121625,2.1465726436486494,15897.133759284723
ppo_hybrid_regime_aware_policy,2022-03-17,15908.472780363207,0.003691165203355551,0.4232138295525725,0.3427055037006022,0.6572944962993978,-0.0008224511738505008,0.1408929440982398,0.08593122394688997,1.4372489578755987,15843.26000463866
ppo_hybrid_regime_aware_policy,2022-03-18,16019.13825168983,0.00695638562258627,0.0027055037006021854,0.34456127018898597,0.655438729811014,0.003056243343896689,0.13491666412630238,0.0802678450673541,1.2107138026941635,15908.429739931229
ppo_hybrid_regime_aware_policy,2022-03-21,15987.73244662412,-0.001960517761459224,0.11543872981101405,0.45900170013829983,0.5409982998617002,-0.004846865077524954,0.13661267537142519,0.07032081373965664,0.8128325495862658,16017.289022717388
ppo_hybrid_regime_aware_policy,2022-03-22,16293.114686306528,0.019101035165677294,0.5409982998617002,1.0,0.0,0.018109403166776363,0.12012108372209475,0.06834328626713178,0.7337314506852712,15979.083110551854
ppo_hybrid_regime_aware_policy,2022-03-23,16058.960271532302,-0.014371372158266338,0.0,1.0,0.0,-0.015298214158640001,0.1327661510821366,0.0650509496044863,0.6020379841794518,16293.114686306528
ppo_hybrid_regime_aware_policy,2022-03-24,16415.897405192245,0.02222666521522476,0.0,1.0,0.0,0.021983253115527783,0.11349043465892844,0.0684217792577869,0.7368711703114761,16058.960271532302
ppo_hybrid_regime_aware_policy,2022-03-25,16402.204734774456,-0.0008341103797017135,0.0,1.0,0.0,-0.000877357131061637,0.11422988148908429,0.05801456708614316,0.320582683445726,16415.897405192245
ppo_hybrid_regime_aware_policy,2022-03-28,16655.98577479656,0.01547237363060483,0.0,1.0,0.0,0.01535389697164995,0.10052491526465829,0.05328198327579328,0.1312793310317312,16402.204734774456
ppo_hybrid_regime_aware_policy,2022-03-29,16942.630616768514,0.017209719427456305,0.0,1.0,0.0,0.01706330960025698,0.08504520142437555,0.04686890641288591,-0.1252437434845637,16655.98577479656
ppo_hybrid_regime_aware_policy,2022-03-30,16755.489561024893,-0.011045572554618688,0.0,1.0,0.0,-0.011540613258239324,0.09515140103623916,0.042902913602221725,-0.2838834559111311,16942.630616768514
ppo_hybrid_regime_aware_policy,2022-03-31,16547.809499654588,-0.012394747441661913,0.0,1.0,0.0,-0.012979697424171457,0.10636677089333656,0.04524990376752655,-0.1900038492989381,16755.489561024893
ppo_hybrid_regime_aware_policy,2022-04-01,16516.314964746525,-0.0019032449526760198,0.0,1.0,0.0,-0.001993313712187745,0.10806757382617743,0.051890366473201936,0.0756146589280775,16547.809499654588
ppo_hybrid_regime_aware_policy,2022-04-04,16856.362614295005,0.020588590752495195,0.0,1.0,0.0,0.02037951062433892,0.08970394212480437,0.04677507918646688,-0.1289968325413248,16516.314964746525
ppo_hybrid_regime_aware_policy,2022-04-05,16482.081895754905,-0.02220412120362736,0.0,1.0,0.0,-0.02328254422484261,0.10991626612504943,0.04097503121375962,-0.3609987514496152,16856.362614295005
ppo_hybrid_regime_aware_policy,2022-04-06,16124.232381716158,-0.021711426766476305,0.0,1.0,0.0,-0.023000541900783367,0.1292412539291072,0.054331422976809124,0.1732569190723647,16482.081895754905
ppo_hybrid_regime_aware_policy,2022-04-07,16162.573251833115,0.0023778415746744663,0.0,1.0,0.0,0.00237501898296245,0.12717072758118841,0.060076093567539894,0.4030437427015956,16124.232381716158
ppo_hybrid_regime_aware_policy,2022-04-08,15936.634439309564,-0.013979136181048735,0.0,1.0,0.0,-0.014772868682978169,0.13937212684313666,0.056969215126145833,0.2787686050458334,16162.573251833115
ppo_hybrid_regime_aware_policy,2022-04-11,15559.61518668591,-0.02365739479432949,0.0,1.0,0.0,-0.02505636279987667,0.15973234020941265,0.05474591734543344,0.1898366938173375,15936.634439309564
ppo_hybrid_regime_aware_policy,2022-04-12,15520.994623428054,-0.00248210272519489,0.54,0.4589486549820607,0.5410513450179393,-0.006037704303527994,0.161817970857672,0.07216812560144752,0.8867250240579007,15551.2129944851
ppo_hybrid_regime_aware_policy,2022-04-13,15666.10583472595,0.009349350013874602,0.001051345017939298,0.46500244710489236,0.5349975528951076,0.00671233833751324,0.1539815136918807,0.07139872547575192,0.8559490190300765,15520.978305507684
ppo_hybrid_regime_aware_policy,2022-04-14,15501.238763613634,-0.010523806799955793,0.005002447104892338,0.4542594330317646,0.5457405669682354,-0.013694824750306336,0.1628848487909784,0.05792744191389995,0.317097676555998,15666.027465860172
ppo_hybrid_regime_aware_policy,2022-04-18,15505.161147519675,0.00025303680343591317,0.05425943303176456,0.40018433109932844,0.5998156689006715,-0.003028384354524257,0.1626730278490087,0.06262759910613043,0.5051039642452173,15500.39767518703
ppo_hybrid_regime_aware_policy,2022-04-19,15643.779637534097,0.008940151520875794,0.0001843310993284164,0.40531666967867114,0.5946833303213288,0.005700148468341137,0.15518719784546273,0.05961733999339937,0.3846935997359747,15505.158289436276
ppo_hybrid_regime_aware_policy,2022-04-20,15552.434463496771,-0.005839073175012088,0.005316669678671115,0.39647918781682684,0.6035208121831732,-0.009336284291903179,0.16012012161643008,0.055164459178494135,0.2065783671397651,15643.696464725239
ppo_hybrid_regime_aware_policy,2022-04-21,15423.661596619897,-0.008279917023866434,0.003520812183173183,0.3949927022632156,0.6050072977367844,-0.01186273124424819,0.16707425731946107,0.04933238369899727,-0.0267046520401094,15552.379706296035
ppo_hybrid_regime_aware_policy,2022-04-22,15262.032528955726,-0.010479292913142757,0.005007297736784433,0.3936488733138842,0.6063511266861158,-0.014285209883430098,0.17580273015190742,0.06222298072321935,0.4889192289287737,15423.584365754092
ppo_hybrid_regime_aware_policy,2022-04-25,15327.86770051363,0.004313656875845284,0.05364887331388418,0.3428700414205374,0.6571299585794625,0.000351906417441624,0.17224742593177425,0.09219231878466193,1.6876927513864766,15261.213738106067
ppo_hybrid_regime_aware_policy,2022-04-26,15131.117538977249,-0.012836107760102133,0.0028700414205373725,0.33141992838178946,0.6685800716182105,-0.01770249048569343,0.18287254717121593,0.08536213104413873,1.414485241765549,15327.823708898442
ppo_hybrid_regime_aware_policy,2022-04-27,15126.34213680276,-0.000315601419537459,0.4114199283817894,-0.07989648334044344,1.0798964833404434,-0.011331583427853578,0.18313043375527172,0.11944127782881012,2.7776511131524044,15124.892295683027
ppo_hybrid_regime_aware_policy,2022-04-28,15083.36258734583,-0.0028413709717935998,0.00010351665955651845,-0.08307731263834643,1.0830773126383464,-0.013464788709279247,0.1854514632285411,0.10823563770305003,2.329425508122001,15126.34057097435
ppo_hybrid_regime_aware_policy,2022-04-29,15137.614488212766,0.0035968041312255394,0.0030773126383464716,-0.07612606183741444,1.0761260618374144,-0.00678226486881434,0.1825216916863979,0.0990662445354976,1.962649781419904,15083.316171123512
ppo_hybrid_regime_aware_policy,2022-05-02,15117.336958016036,-0.0013395459510823216,0.003873938162585522,-0.08144446069542938,1.0814444606954294,-0.011841144050893282,0.183616741444397,0.11587528140815864,2.635011256326345,15137.555846030311
ppo_hybrid_regime_aware_policy,2022-05-03,15116.024031036026,-8.684909145417752e-05,0.001444460695429417,-0.080092245012615,1.080092245012615,-0.010464776944016783,0.18368764358868095,0.10940980695412322,2.3763922781649285,15117.31512161698
ppo_hybrid_regime_aware_policy,2022-05-04,15283.376840066823,0.011071218773348823,0.420092245012615,0.347501217650444,0.652498782349556,0.006508243080313843,0.17465007090346338,0.09302326793825025,1.72093071753001,15109.673906565164
ppo_hybrid_regime_aware_policy,2022-05-05,15021.554787291572,-0.01713116515512847,0.007501217650443981,0.3285013973400436,0.6714986026599564,-0.022198147228643286,0.18878927684958974,0.0732215191604568,0.9288607664182716,15283.262196130712
ppo_hybrid_regime_aware_policy,2022-05-06,15029.810236053656,0.0005495735214484654,0.40850139734004354,-0.07896584743057768,1.0789658474305777,-0.010431329534782713,0.18834345691583118,0.10212672767647371,2.085069107058948,15015.418461170744
ppo_hybrid_regime_aware_policy,2022-05-09,15076.840282594114,0.003129117786706548,0.0010341525694222836,-0.07662998109168957,1.0766299810916895,-0.0072453189423252445,0.18580368799016986,0.09647161991503944,1.8588647966015772,15029.794692936783
ppo_hybrid_regime_aware_policy,2022-05-10,15062.13628126643,-0.0009752707498440483,0.0033700189083103876,-0.08105067748442854,1.0810506774844286,-0.011442642231261615,0.1865977498379039,0.1181779068824521,2.727116275298084,15076.789473357285
ppo_hybrid_regime_aware_policy,2022-05-11,15097.85773799841,0.0023716062625465106,0.0010506774844285804,-0.07744359329491798,1.077443593294918,-0.008000777573326897,0.18466867996745004,0.10855211727954855,2.3420846911819413,15062.120455818973
ppo_hybrid_regime_aware_policy,2022-05-12,15100.674824902084,0.00018658851822284106,0.002556406705081976,-0.07979576158961997,1.0797957615896199,-0.010185263497307277,0.18451654850458446,0.10595626402829271,2.238250561131708,15097.819141733657
ppo_hybrid_regime_aware_policy,2022-05-13,15055.901311629419,-0.0029650008222699142,0.00020423841037998935,-0.08321150241787796,1.083211502417878,-0.013583134049671585,0.18693445760881583,0.10150197390930205,2.060078956372082,15100.671740764263
ppo_hybrid_regime_aware_policy,2022-05-16,14990.216571372091,-0.004362723884659858,0.42321150241787797,0.33738852869950353,0.6626114713004965,-0.009188043914821786,0.19048163807039978,0.08709969229142822,1.4839876916571286,15049.52948101507
ppo_hybrid_regime_aware_policy,2022-05-17,15122.188013175299,0.008803838235082129,0.002611471300496493,0.34576153319993425,0.6542384668000658,0.004889393207637449,0.18335476936364292,0.08010804999265497,1.2043219997061985,14990.177424851727
ppo_hybrid_regime_aware_policy,2022-05-18,14869.702054547111,-0.016696390655122628,0.005761533199934221,0.3287971374092605,0.6712028625907396,-0.02171850879329653,0.19698979716099024,0.07337865021227746,0.9351460084910984,15122.100886187005
ppo_hybrid_regime_aware_policy,2022-05-19,14869.994914357232,1.969506914445418e-05,0.40879713740926044,-0.07953723753106072,1.0795372375310608,-0.010961500830914767,0.1969739818195217,0.09625938197552264,1.8503752790209056,14863.623362913084
ppo_hybrid_regime_aware_policy,2022-05-20,14848.049930390414,-0.00147578960808048,0.41953723753106076,0.33930184310274364,0.6606981568972563,-0.0060827456677648006,0.1981590792721707,0.08822916046437682,1.5291664185750724,14863.756397768762
ppo_hybrid_regime_aware_policy,2022-05-23,14931.980584009694,0.005652638158731849,0.0006981568972563856,0.34371022938412094,0.656289770615879,0.001763674715184616,0.1936265626864319,0.0882583126816218,1.530332507264872,14848.039564121944
ppo_hybrid_regime_aware_policy,2022-05-24,14823.98025777353,-0.00723281989475788,0.003710229384120911,0.33519402688287825,0.6648059731171218,-0.011623526397017912,0.19945891652643782,0.08347530283837352,1.3390121135349409,14931.925182936568
ppo_hybrid_regime_aware_policy,2022-05-25,14894.447302555503,0.004753584634937802,0.004805973117121776,0.343125679618707,0.656874320381293,0.0008631130695513871,0.19565347673240144,0.08769752391249706,1.5079009564998824,14823.909014122923
ppo_hybrid_regime_aware_policy,2022-05-26,15034.712283186966,0.009417266568018112,0.003125679618706967,0.3461594536663509,0.6538405463336491,0.005496512032039724,0.18807873110973194,0.08234818995169746,1.2939275980678984,14894.400747285137
ppo_hybrid_regime_aware_policy,2022-05-27,15201.465973382585,0.011091245848588338,0.0061594536663509,0.3472439431451521,0.6527560568548478,0.0071489498501467325,0.1790735127067721,0.07804354049643031,1.1217416198572123,15034.61967757327
ppo_hybrid_regime_aware_policy,2022-05-31,15184.533747660913,-0.0011138547921180075,0.05275605685484791,0.399362630822129,0.600637369177871,-0.004457204296237499,0.1799879056086203,0.06954846372008776,0.78193854880351,15200.664003979417
ppo_hybrid_regime_aware_policy,2022-06-01,15145.451655900053,-0.0025738091409543973,0.059362630822129,0.3383361829557955,0.6616638170442045,-0.006689253255018541,0.18209846023285797,0.0715841347867993,0.8633653914719718,15183.632353789844
ppo_hybrid_regime_aware_policy,2022-06-02,15334.378995893596,0.012474196497134216,0.12166381704420454,0.46671796337446264,0.5332820366255373,0.009622539007142208,0.1718957957104941,0.06909083146482961,0.7636332585931843,15143.609002440739
ppo_hybrid_regime_aware_policy,2022-06-03,15150.740891674172,-0.011975581421888704,0.006717963374462621,0.4534584751691674,0.5465415248308326,-0.0152888815511343,0.18181282503477145,0.0644283893419939,0.5771355736797558,15334.27598009713
ppo_hybrid_regime_aware_policy,2022-06-06,15173.857342080108,0.0015257636950705145,0.006541524830832646,0.4608261842568023,0.5391738157431978,-0.0010772113869858579,0.18056446474743723,0.06461858310429018,0.5847433241716076,15150.641782726423
ppo_hybrid_regime_aware_policy,2022-06-07,15234.05206478319,0.003967002018409049,0.0008261842568022537,0.4621341610084116,0.5378658389915885,0.0013659149375076576,0.17731376232513418,0.06578853704766716,0.631541481906686,15173.844805678056
ppo_hybrid_regime_aware_policy,2022-06-08,15116.28524859544,-0.007730498470593594,0.5378658389915885,1.0,0.0,-0.008953640344220488,0.18367353702725817,0.060742390799779694,0.4296956319911874,15225.858188588125
ppo_hybrid_regime_aware_policy,2022-06-09,14711.40129914169,-0.026784619554025113,0.0,1.0,0.0,-0.02846951378538368,0.20553853076986606,0.060354445844077925,0.4141778337631167,15116.28524859544
ppo_hybrid_regime_aware_policy,2022-06-10,14343.881561176973,-0.02498196674073183,0.30000000000000004,0.6924056891568788,0.30759431084312117,-0.02794267807739804,0.22538574077096618,0.0702046067190278,0.8081842687611117,14706.987878751946
ppo_hybrid_regime_aware_policy,2022-06-13,14033.828012721566,-0.02161573540139905,0.23240568915687881,0.44819789068321936,0.5518021093167806,-0.026096036138857335,0.24212959763661165,0.0777986868506528,1.111947474026112,14340.547961497563
ppo_hybrid_regime_aware_policy,2022-06-14,14024.378205754732,-0.0006733591831300512,0.5281978906832193,-0.08015687983231826,1.0801568798323182,-0.01188824540496882,0.2426399166316655,0.1065266592559036,2.2610663702361435,14026.415374367036
ppo_hybrid_regime_aware_policy,2022-06-15,13996.358832812411,-0.0019979048290942325,0.00015687983231829628,-0.08216188702973934,1.0821618870297394,-0.01251901677416429,0.24415304999959028,0.09971239441440871,1.9884957765763485,14024.37600561263
ppo_hybrid_regime_aware_policy,2022-06-16,13798.532045813246,-0.014134160845847177,0.42216188702973934,0.3308203338087218,0.6691796661912782,-0.01964992226044431,0.2548363123657391,0.0851500220489765,1.4060008819590597,13990.450103556006
ppo_hybrid_regime_aware_policy,2022-06-17,13779.446097524742,-0.0013831868654676782,0.41082033380872174,-0.08105161042792308,1.081051610427923,-0.012471383588857032,0.2558670129910983,0.09994050082658272,1.9976200330633085,13792.863328272115
ppo_hybrid_regime_aware_policy,2022-06-21,13882.583570775538,0.0074848780220071465,0.4210516104279231,0.3451791482643902,0.6548208517356098,0.0029534279029797515,0.2502972683511848,0.09116670503995841,1.646668201598336,13773.644239554575
ppo_hybrid_regime_aware_policy,2022-06-22,13875.62717010506,-0.0005010883338114613,0.005179148264390199,0.33967253584907314,0.6603274641509269,-0.004413490495396884,0.25067293564384063,0.08653362459310115,1.4613449837240462,13882.511670816932
ppo_hybrid_regime_aware_policy,2022-06-23,13945.88307233721,0.005063259582494206,0.00032746415092688164,0.3433251314471231,0.6566748685528769,0.0011779931920714115,0.2468788982048171,0.08062975515055337,1.2251902060221345,13875.622626334589
ppo_hybrid_regime_aware_policy,2022-06-24,14108.300330837832,0.011646251274169295,0.0033251314471230975,0.34760020651292184,0.6523997934870782,0.007701967982928119,0.23810786061343123,0.08083249779456657,1.2332999117826624,13945.83670044285
ppo_hybrid_regime_aware_policy,2022-06-27,14059.138925150477,-0.0034845732323899314,0.11239979348707818,0.458172658838896,0.541827341161104,-0.0064433950594404155,0.24076272956830594,0.07237150846147515,0.8948603384590061,14106.714560794193
ppo_hybrid_regime_aware_policy,2022-06-28,13911.860360414552,-0.010475646162970698,0.118172658838896,0.33309169856586185,0.6669083014341382,-0.015144258664913845,0.24871623056708808,0.07092445203298692,0.8369780813194766,14057.477519322707
ppo_hybrid_regime_aware_policy,2022-06-29,13916.101213540327,0.0003048372407361555,0.0069083014341381754,0.3402056893560567,0.6597943106439432,-0.0035775716648464716,0.2484872112958043,0.07714324585325959,1.0857298341303832,13911.764253089672
ppo_hybrid_regime_aware_policy,2022-06-30,13857.413589900836,-0.004217246104992967,0.00020568935605669303,0.3372049659793428,0.6627950340206572,-0.00833941951177294,0.2516565256768195,0.07602502642723381,1.0410010570893526,13916.09835114643
ppo_hybrid_regime_aware_policy,2022-07-01,13888.473464995583,0.00224139049421046,0.0027950340206572277,0.3414778500096689,0.6585221499903311,-0.0016373102253367802,0.2499791957270671,0.07831380915603192,1.132552366241277,13857.374857958413
ppo_hybrid_regime_aware_policy,2022-07-05,13982.761824335517,0.006788964933948982,0.05852214999033112,0.40408078792424307,0.5959192120757569,0.0034782404595541756,0.24488733078712602,0.06896857320559664,0.7587429282238657,13887.660681668327
ppo_hybrid_regime_aware_policy,2022-07-06,14012.347530915764,0.0021158700228129934,0.06408078792424304,0.34143572971761627,0.6585642702823837,-0.0018544864595352623,0.24328961052649212,0.07263581098495853,0.9054324393983412,13981.865797940456
ppo_hybrid_regime_aware_policy,2022-07-07,14131.459823417546,0.008500523715885722,0.05856427028238376,0.40509216670783565,0.5949078332921643,0.005176751308391248,0.23685717591471542,0.06875903955571815,0.7503615822287254,14011.526908007672
ppo_hybrid_regime_aware_policy,2022-07-08,14138.837026537498,0.0005220411204598374,0.054907833292164365,0.460311389876706,0.539688610123294,-0.0021524568455392732,0.236458783979759,0.06562401398838556,0.6249605595354227,14130.683895577387
ppo_hybrid_regime_aware_policy,2022-07-11,13999.881011023646,-0.009827966419942546,0.00031138987670598084,0.45464039223866193,0.5453596077613381,-0.012911014801662872,0.24396284141104804,0.05889721179486077,0.3558884717944307,14138.83262384678
ppo_hybrid_regime_aware_policy,2022-07-12,13937.420606671882,-0.004461495372895197,0.005359607761338092,0.4575829028189386,0.5424170971810613,-0.007293451891126374,0.24733589769582945,0.0657963923604811,0.6318556944192438,13999.805977152722
ppo_hybrid_regime_aware_policy,2022-07-13,13924.172191558679,-0.00095056434666696,0.002417097181061423,0.4594875133337245,0.5405124866662755,-0.0035972934283229597,0.24805135335649586,0.0707959498749262,0.8318379949970478,13937.386918571821
ppo_hybrid_regime_aware_policy,2022-07-14,13966.340562522802,0.0030284292943236757,0.5405124866662755,1.0,0.0,0.0022130841096471335,0.2457741300471736,0.06846519112171497,0.7386076448685983,13916.64600262265
ppo_hybrid_regime_aware_policy,2022-07-15,14219.679634598762,0.018139259238441285,0.0,1.0,0.0,0.017976705666832182,0.23209303146776034,0.06636936511756807,0.6547746047027228,13966.340562522802
ppo_hybrid_regime_aware_policy,2022-07-18,14099.343092155046,-0.008462676061345098,0.0,1.0,0.0,-0.008863806897115873,0.23859157938769826,0.056184717373725206,0.247388694949008,14219.679634598762
ppo_hybrid_regime_aware_policy,2022-07-19,14532.943887286727,0.030753262212119603,0.0,1.0,0.0,0.030289857491563914,0.21517578657809233,0.06104347032744894,0.4417388130979574,14099.343092155046
ppo_hybrid_regime_aware_policy,2022-07-20,14763.386351462304,0.015856557760273615,0.0,1.0,0.0,0.015732155882171625,0.20273117610630653,0.05728263352024226,0.29130534080969,14532.943887286727
ppo_hybrid_regime_aware_policy,2022-07-21,14975.31527267843,0.014355034554462742,0.0,1.0,0.0,0.01425297658355176,0.19128635459011664,0.054324121044244306,0.1729648417697721,14763.386351462304
ppo_hybrid_regime_aware_policy,2022-07-22,14712.717942330024,-0.01753534570504167,0.0,1.0,0.0,-0.01840910107181877,0.2054674279387634,0.05064425632731676,0.0257702530926703,14975.31527267843
ppo_hybrid_regime_aware_policy,2022-07-25,14628.920817792789,-0.005695557059252954,0.0,1.0,0.0,-0.005938885142569888,0.2099927335383732,0.050172644071808783,0.0069057628723514,14712.717942330024
ppo_hybrid_regime_aware_policy,2022-07-26,14341.477694287027,-0.019648962974504025,0.0,1.0,0.0,-0.020645613931539634,0.22551555706666684,0.051604240704382964,0.0641696281753185,14628.920817792789
ppo_hybrid_regime_aware_policy,2022-07-27,14947.54495823925,0.04225975013674166,0.0,1.0,0.0,0.04139119262754466,0.19278603802351063,0.05771619083114923,0.3086476332459689,14341.477694287027
ppo_hybrid_regime_aware_policy,2022-07-28,15093.702629865169,0.009778038603279526,0.0,1.0,0.0,0.009730542942445493,0.18489306874219835,0.05084027559843978,0.0336110239375911,14947.54495823925
ppo_hybrid_regime_aware_policy,2022-07-29,15368.965947402108,0.01823696440078848,0.0,1.0,0.0,0.018072665501059237,0.17002799265401386,0.04648544747526523,-0.1405821009893909,15093.702629865169
ppo_hybrid_regime_aware_policy,2022-08-01,15359.709175922382,-0.0006023028166894928,0.0,1.0,0.0,-0.0006233289051703009,0.17052788713181183,0.04169806269118357,-0.3320774923526572,15368.965947402108
ppo_hybrid_regime_aware_policy,2022-08-02,15313.912986536177,-0.002981579199298534,0.0,1.0,0.0,-0.0031065406615677273,0.1730010239299378,0.048726661649501776,-0.050933534019929,15359.709175922382
ppo_hybrid_regime_aware_policy,2022-08-03,15730.9509107581,0.027232616809862886,0.0,1.0,0.0,0.026868406574306395,0.15047967771247284,0.053792148460774625,0.151685938430985,15313.912986536177
ppo_hybrid_regime_aware_policy,2022-08-04,15804.515927790762,0.004676450740326965,0.0,1.0,0.0,0.004665550115509441,0.1465069377723885,0.04435313457370954,-0.2258746170516185,15730.9509107581
ppo_hybrid_regime_aware_policy,2022-08-05,15675.410281879746,-0.00816890858922148,0.0,1.0,0.0,-0.00849430970486014,0.15347904457926054,0.04186005216297958,-0.3255979134808168,15804.515927790762
ppo_hybrid_regime_aware_policy,2022-08-08,15624.741872747465,-0.003232349789967004,0.0,1.0,0.0,-0.0033481056415713595,0.1562152964117174,0.040391210728859886,-0.3843515708456047,15675.410281879746
ppo_hybrid_regime_aware_policy,2022-08-09,15447.890852193268,-0.011318652301236298,0.0,1.0,0.0,-0.011774094892407312,0.16576580208873495,0.040929681364328986,-0.3628127454268405,15624.741872747465
ppo_hybrid_regime_aware_policy,2022-08-10,15879.056280848272,0.027910957733999542,0.0,1.0,0.0,0.027528546291232414,0.14248152665057667,0.0431026548846836,-0.2758938046126559,15447.890852193268
ppo_hybrid_regime_aware_policy,2022-08-11,15788.92541932041,-0.00567608426683186,0.0,1.0,0.0,-0.005854361473500303,0.14734887376567304,0.03330500550235457,-0.6677997799058171,15879.056280848272
ppo_hybrid_regime_aware_policy,2022-08-12,16096.345089822893,0.019470588551029788,0.0,1.0,0.0,0.019283461720727615,0.13074725450919236,0.035389116790894855,-0.5844353283642059,15788.92541932041
ppo_hybrid_regime_aware_policy,2022-08-15,16226.424584966035,0.008081306310050884,0.0,1.0,0.0,0.008048827418127447,0.12372255681202847,0.0320349298876745,-0.7186028044930198,16096.345089822893
ppo_hybrid_regime_aware_policy,2022-08-16,16188.423649815008,-0.002341916726759097,0.0,1.0,0.0,-0.0024142613270545553,0.12577472561351208,0.0339143759818993,-0.643424960724028,16226.424584966035
ppo_hybrid_regime_aware_policy,2022-08-17,16003.777375025637,-0.011406068854114881,0.0,1.0,0.0,-0.011796064787939669,0.1357461992871718,0.03253760011630193,-0.6984959953479226,16188.423649815008
ppo_hybrid_regime_aware_policy,2022-08-18,16042.265978189092,0.0024049699181343254,0.0,1.0,0.0,0.0024020826063195504,0.13366769489482416,0.033496942262566706,-0.6601223094973319,16003.777375025637
ppo_hybrid_regime_aware_policy,2022-08-19,15729.487906720831,-0.019497125399461135,0.0,1.0,0.0,-0.020228494191512635,0.15055868448506396,0.03189822648669394,-0.7240709405322424,16042.265978189092
ppo_hybrid_regime_aware_policy,2022-08-22,15315.37450378073,-0.02632720183872994,0.0,1.0,0.0,-0.027506820123881077,0.172922097448782,0.036973433662731044,-0.5210626534907583,15729.487906720831
ppo_hybrid_regime_aware_policy,2022-08-23,15302.7085165922,-0.0008270112614877645,0.0,1.0,0.0,-0.0008632019388399568,0.17360610018831957,0.05240989955970299,0.0963959823881194,15315.37450378073
ppo_hybrid_regime_aware_policy,2022-08-24,15347.043188733855,0.0028971781102400396,0.0,1.0,0.0,0.002892989378123894,0.17121188987134928,0.053793583504387614,0.1517433401755043,15302.7085165922
ppo_hybrid_regime_aware_policy,2022-08-25,15463.516253989674,0.00758928373520984,0.54,0.4643567486156064,0.5356432513843936,0.004158630004280921,0.16492198174721467,0.0473878767316514,-0.1044849307339439,15338.755785411939
ppo_hybrid_regime_aware_policy,2022-08-26,15171.892449793608,-0.01885882870403588,0.004356748615606365,0.44962288490811314,0.5503771150918868,-0.02230175944437186,0.18067057504794973,0.042181548476035384,-0.3127380609585847,15463.448883336641
ppo_hybrid_regime_aware_policy,2022-08-29,15111.331439805606,-0.003991658271267573,0.04962288490811312,0.397625299776395,0.6023747002236051,-0.007472285577042466,0.1839410581239525,0.060604211094930395,0.4241684437972159,15171.139576720734
ppo_hybrid_regime_aware_policy,2022-08-30,15043.981718095782,-0.004456901893662102,0.0023747002236050307,0.39731531832107825,0.6026846816789218,-0.007901921164335714,0.18757815276733972,0.06364850139978044,0.5459400559912172,15111.295554923458
ppo_hybrid_regime_aware_policy,2022-08-31,15008.957742938337,-0.0023281054054535844,0.0026846816789217742,0.3986014916909814,0.6013985083090185,-0.005654950421808331,0.18946955646139071,0.06349979293061647,0.5399917172246588,15043.941329793684
ppo_hybrid_regime_aware_policy,2022-09-01,15011.544745749525,0.00017236392129915679,0.001398508309018609,0.4001042394906375,0.5998957605093624,-0.0030297486941183367,0.18932985025580998,0.06167424179274892,0.4669696717099568,15008.936752786223
ppo_hybrid_regime_aware_policy,2022-09-02,14926.708797846599,-0.005651380276966322,0.00010423949063748106,0.39658996296145116,0.6034100370385489,-0.009142405969725488,0.19391125555119962,0.059990296718001795,0.3996118687200717,15011.543180953748
ppo_hybrid_regime_aware_policy,2022-09-06,14883.774276328568,-0.002876355538216524,0.003410037038548863,0.39827126022907894,0.601728739770921,-0.0062233361187811085,0.1962298533755889,0.05939834126535681,0.3759336506142725,14926.657897216735
ppo_hybrid_regime_aware_policy,2022-09-07,15004.017435312944,0.008078808288272343,0.0017287397709210839,0.40480946745131813,0.5951905325486819,0.004843756309069673,0.18973634845317383,0.06644276248978202,0.6577104995912809,14883.748546156035
ppo_hybrid_regime_aware_policy,2022-09-08,15035.060010476203,0.002068950885794063,0.004809467451318106,0.40124168722206915,0.5987583127779308,-0.0011404006467521251,0.18805995275357934,0.05493916694306503,0.1975666777226014,15003.94527397945
ppo_hybrid_regime_aware_policy,2022-09-09,15166.520558119935,0.008743599796218415,0.0012416872220691322,0.4052014257053271,0.5947985742946729,0.005503733363297127,0.18096067392193393,0.04964715029573267,-0.0141139881706934,15035.041341634305
ppo_hybrid_regime_aware_policy,2022-09-12,15238.547463926445,0.004749072506808227,0.005201425705327056,0.40283908135629437,0.5971609186437057,0.0015300290997626365,0.17707099677646182,0.04542539874293956,-0.1829840502824177,15166.441670590044
ppo_hybrid_regime_aware_policy,2022-09-13,14904.252047646538,-0.021937485647583577,0.0028390813562943484,0.38654402173009333,0.6134559782699067,-0.026303430247320233,0.19512398997365843,0.05082155800160848,0.0328623200643394,15238.504200450443
ppo_hybrid_regime_aware_policy,2022-09-14,14951.346339276937,0.0031597889971162196,0.013455978269906688,0.40189794986413385,0.5981020501358661,-6.537661234186866e-05,0.19258075161313445,0.06785340935704501,0.7141363742818002,14904.051496354856
ppo_hybrid_regime_aware_policy,2022-09-15,14851.720099517128,-0.006663362449045307,0.00189794986413383,0.3959763099956095,0.6040236900043905,-0.010222718958489233,0.1979608787134719,0.062119400659061755,0.4847760263624702,14951.317962371184
ppo_hybrid_regime_aware_policy,2022-09-16,14815.334766463626,-0.0024499070013234148,0.004023690004390512,0.3985288658714071,0.6014711341285929,-0.005781833361059023,0.199925799972047,0.06253934682007636,0.5015738728030542,14851.660340799415
ppo_hybrid_regime_aware_policy,2022-09-19,14850.748062270164,0.0023903135747360693,0.0014711341285928992,0.4014316487359111,0.5985683512640889,-0.0008147453816642603,0.19801337175092404,0.06255891442586115,0.5023565770344456,14815.312971119025
ppo_hybrid_regime_aware_policy,2022-09-20,14803.37638969086,-0.003189850934153027,0.001431648735911062,0.3980808265515324,0.6019191734484677,-0.00654987466829225,0.2005715895462226,0.05972042013230194,0.3888168052920775,14850.726801215473
ppo_hybrid_regime_aware_policy,2022-09-21,14697.32019581632,-0.007164324616402928,0.0019191734484676481,0.39567154628673845,0.6043284537132616,-0.010775553831198657,0.2062989541862884,0.06679571965414696,0.6718287861658783,14803.347979443946
ppo_hybrid_regime_aware_policy,2022-09-22,14635.002394368506,-0.004240079185697687,0.05567154628673843,0.33722653123078833,0.6627734687692117,-0.00844323615563669,0.2096643094703096,0.07090931083766759,0.8363724335067033,14696.501973274748
ppo_hybrid_regime_aware_policy,2022-09-23,14538.776982298072,-0.006575018539625388,0.0627734687692117,0.39606679204224393,0.6039332079577561,-0.010241799779775601,0.21486078128806993,0.06752858425584347,0.7011433702337387,14634.083704502766
ppo_hybrid_regime_aware_policy,2022-09-26,14517.508911632889,-0.0014628514276735505,0.05606679204224391,0.33907016192552863,0.6609298380744714,-0.005512265568541594,0.21600932331508518,0.08031307420229744,1.2125229680918972,14537.961839712456
ppo_hybrid_regime_aware_policy,2022-09-27,14519.474611108926,0.00013540198170369777,0.0009298380744713897,0.34008996681936793,0.659910033180632,-0.003738001941428946,0.2159031694238248,0.09177643341290365,1.671057336516146,14517.495412700357
ppo_hybrid_regime_aware_policy,2022-09-28,14617.673199115172,0.006763232874219316,8.996681936790374e-05,0.3444338062111605,0.6555661937888395,0.002868329864012569,0.21060013996270077,0.09305759742289876,1.72230389691595,14519.473304837977
ppo_hybrid_regime_aware_policy,2022-09-29,14474.335436037412,-0.009805785170134751,0.004433806211160463,0.333467047369792,0.666532952630208,-0.014357044698362352,0.21834082540356095,0.08064085487320603,1.225634194928241,14617.60838718495
ppo_hybrid_regime_aware_policy,2022-09-30,14390.793443411547,-0.00577173252582408,0.006532952630208033,0.3361728791638819,0.6638271208361182,-0.01007003668221789,0.22285235308568804,0.08861386600607596,1.544554640243038,14474.240875889654
ppo_hybrid_regime_aware_policy,2022-10-03,14505.525920218995,0.007972630366672062,0.0038271208361181364,0.34522282231000695,0.6547771776899931,0.004063276185273419,0.21665644215651123,0.08718388578321987,1.4873554313287944,14390.738368106111
ppo_hybrid_regime_aware_policy,2022-10-04,14660.511640199296,0.010684598464938633,0.005222822310006925,0.3469806961145939,0.6530193038854061,0.006748087265617787,0.20828673078085705,0.07938195326590654,1.1752781306362612,14505.4501604346
ppo_hybrid_regime_aware_policy,2022-10-05,14657.759278575162,-0.0001877398068828029,0.006980696114593898,0.3398806765851381,0.6601193234148619,-0.004081242998280415,0.2084353668771268,0.0741039503766869,0.964158015067476,14660.409299622652
ppo_hybrid_regime_aware_policy,2022-10-06,14618.521835413465,-0.0026769059592245403,0.0001193234148619271,0.338228578892647,0.661771421107353,-0.00670389515368916,0.21055431096064484,0.07136615393306389,0.8546461573225558,14657.757529561271
ppo_hybrid_regime_aware_policy,2022-10-07,14429.107560399163,-0.012957142804646993,0.0017714211073530106,0.3313372098781687,0.6686627901218313,-0.017743689926812974,0.22078327149004068,0.08086979889907092,1.2347919559628366,14618.495939855327
ppo_hybrid_regime_aware_policy,2022-10-10,14379.942210553443,-0.0034073728842839435,0.008662790121831299,0.3377491819615013,0.6622508180384987,-0.007523115715791215,0.22343835344174592,0.08471690700684485,1.388676280273794,14428.982564068721
ppo_hybrid_regime_aware_policy,2022-10-11,14312.741278669311,-0.004673240747435914,0.0022508180384987475,0.33690267208758934,0.6630973279124106,-0.008885170106354114,0.22706741297133787,0.08972005007492792,1.5888020029971168,14379.909843920123
ppo_hybrid_regime_aware_policy,2022-10-12,14307.166283640421,-0.0003895127369624163,0.4169026720875893,-0.07997040734334805,1.079970407343348,-0.011411553685620619,0.22736848005879887,0.09503217697171096,1.8012870788684383,14306.774258585336
ppo_hybrid_regime_aware_policy,2022-10-13,14415.192426762707,0.007550491899001033,0.41997040734334806,0.3452210833744645,0.6547789166255356,0.0030201740007049015,0.22153473202657006,0.09426435000574647,1.770574000229859,14301.157697188351
ppo_hybrid_regime_aware_policy,2022-10-14,14267.801887621974,-0.010224666780520586,0.005221083374464475,0.3331854897432357,0.6668145102567643,-0.014841726549692558,0.2294942799918071,0.08600955459741189,1.4403821838964752,14415.117163841189
ppo_hybrid_regime_aware_policy,2022-10-17,14427.892421932022,0.01122040630862231,0.006814510256764328,0.3473277454590832,0.6526722545409168,0.007275702730832718,0.22084889275019756,0.08611656496379201,1.44466259855168,14267.70465953967
ppo_hybrid_regime_aware_policy,2022-10-18,14466.578704106154,0.0026813536615593048,0.007327745459083157,0.34176978431098975,0.6582302156890103,-0.0012052263722488507,0.21875971307586525,0.08272154546527158,1.3088618186108631,14427.786698008842
ppo_hybrid_regime_aware_policy,2022-10-19,14448.616076010087,-0.0012416638697696492,0.0017697843109897304,0.3391806525494712,0.6608193474505288,-0.0051930282444943585,0.2197297509137474,0.07828374524370481,1.131349809748192,14466.55310138213
ppo_hybrid_regime_aware_policy,2022-10-20,14423.54116928998,-0.0017354538724120294,0.0008193474505288068,0.33885315090983076,0.6611468490901693,-0.005717659491346857,0.22108387393905207,0.07936424617863513,1.1745698471454054,14448.604237573341
ppo_hybrid_regime_aware_policy,2022-10-21,14538.512436018691,0.007971084588679567,0.0011468490901692663,0.34522006318373216,0.6547799368162679,0.004065763040163635,0.21487506761073372,0.07537261358927672,1.0149045435710684,14423.524627664912
ppo_hybrid_regime_aware_policy,2022-10-24,14592.817092186118,0.003735227823782772,0.005220063183732138,0.34245950877977077,0.6575404912202292,-0.00015156091175119596,0.21194244711812785,0.07379208600173405,0.951683440069362,14538.436544065178
ppo_hybrid_regime_aware_policy,2022-10-25,14798.829545778188,0.014117387498975953,0.3575404912202292,0.7042820273575707,0.29571797264242927,0.01268235449598243,0.2008171332725998,0.07442688388900966,0.977075355560386,14587.599569194692
ppo_hybrid_regime_aware_policy,2022-10-26,14467.550091340649,-0.022385517274374322,0.29571797264242927,1.0,0.0,-0.024288433766550207,0.21870725514111003,0.06735452748402121,0.6941810993608485,14794.45326590743
ppo_hybrid_regime_aware_policy,2022-10-27,14338.640683700884,-0.008910244431565628,0.54,0.45543943223340744,0.5445605677665926,-0.012778794360769825,0.2256687644704116,0.061282157638404805,0.451286305536192,14459.737614291325
ppo_hybrid_regime_aware_policy,2022-10-28,14769.365574367559,0.030039450751861763,0.5445605677665926,1.0,0.0,0.028780262357239763,0.20240827945509218,0.06168545111473109,0.4674180445892433,14330.832425389166
ppo_hybrid_regime_aware_policy,2022-10-31,14597.629343098635,-0.011627867859603569,0.0,1.0,0.0,-0.012189435908739442,0.21168257058750223,0.05320468333857731,0.1281873335430924,14769.365574367559
ppo_hybrid_regime_aware_policy,2022-11-01,14448.47425211163,-0.01021776121870932,0.0,1.0,0.0,-0.010702841618892732,0.21973740984578582,0.05369700494477897,0.147880197791159,14597.629343098635
ppo_hybrid_regime_aware_policy,2022-11-02,14212.978782372815,-0.01629898532050178,0.54,0.45134914781414204,0.548650852185858,-0.020511419208188306,0.23245489834884603,0.05316649092312479,0.1266596369249917,14440.67207601549
ppo_hybrid_regime_aware_policy,2022-11-03,14085.139067602491,-0.008994575783710657,0.008650852185857982,0.4551035591284873,0.5448964408715127,-0.012007847451553276,0.23935864093306322,0.05324647888436819,0.1298591553747276,14212.855827994248
ppo_hybrid_regime_aware_policy,2022-11-04,14189.287463781737,0.00739420432268223,0.004896440871512697,0.463966187610743,0.536033812389257,0.004767656547211034,0.23373430330783965,0.05012272064725237,0.0049088258900947,14085.07010055188
ppo_hybrid_regime_aware_policy,2022-11-07,14250.77704603063,0.004333521496822534,0.06396618761074296,0.4026271079817467,0.5973728920182533,0.0010282095502529543,0.23041367443894648,0.04596058263914546,-0.161576694434182,14188.379829157766
ppo_hybrid_regime_aware_policy,2022-11-08,14297.727642108277,0.003294599019126876,0.057372892018253296,0.4618041209768179,0.5381958790231821,0.0006111243806536224,0.2278781960856196,0.044699450205142745,-0.2120219917942902,14249.95943773799
ppo_hybrid_regime_aware_policy,2022-11-09,14145.929972019894,-0.010616908776561296,0.001804120976817869,0.45420633264822885,0.5457936673517712,-0.013685421055460176,0.23607574284217256,0.0508743191102711,0.0349727644108438,14297.701847277916
ppo_hybrid_regime_aware_policy,2022-11-10,14625.996538730937,0.03393672721840102,0.00579366735177117,0.4777273529373666,0.5222726470626333,0.030772891467627777,0.21015065371148772,0.05366729107874773,0.1466916431499088,14145.848015207255
ppo_hybrid_regime_aware_policy,2022-11-11,14749.705373205261,0.008458147391648296,0.017727352937366603,0.46453858434672224,0.5354614156532778,0.005803986662034797,0.2034699915233824,0.039719132628385244,-0.4112346948645904,14625.737258528234
ppo_hybrid_regime_aware_policy,2022-11-14,14612.79930040429,-0.009281953051732073,0.5354614156532778,1.0,0.0,-0.010380379876328102,0.21086334566635814,0.03406964407879226,-0.6372142368483097,14741.807475085656
ppo_hybrid_regime_aware_policy,2022-11-15,14815.016001363516,0.013838327400666595,0.0,1.0,0.0,0.013743452023746662,0.19994301427982253,0.040418194190549164,-0.3832722323780335,14612.79930040429
ppo_hybrid_regime_aware_policy,2022-11-16,14612.79930040429,-0.013649441954069808,0.0,1.0,0.0,-0.014230961757780256,0.21086334566635814,0.04464239378620416,-0.2143042485518335,14815.016001363516
ppo_hybrid_regime_aware_policy,2022-11-17,14580.546866155155,-0.002207135921468595,0.0,1.0,0.0,-0.0022827868537301475,0.21260507752308552,0.04203380535543786,-0.3186477857824856,14612.79930040429
ppo_hybrid_regime_aware_policy,2022-11-18,14581.059305529006,3.514541522720016e-05,0.0,1.0,0.0,3.5144797641564575e-05,0.21257740420158722,0.0408184397676399,-0.3672624092944041,14580.546866155155
ppo_hybrid_regime_aware_policy,2022-11-21,14431.061426617009,-0.01028717295286774,0.0,1.0,0.0,-0.01063265870561733,0.22067775663156153,0.036073378950628884,-0.5570648419748447,14581.059305529006
ppo_hybrid_regime_aware_policy,2022-11-22,14638.908711427905,0.014402771817431104,0.0,1.0,0.0,0.014300037166956284,0.20945335618807745,0.03159728722475378,-0.7361085110098488,14431.061426617009
ppo_hybrid_regime_aware_policy,2022-11-23,14785.835078727141,0.01003670220202535,0.0,1.0,0.0,0.009986669006815866,0.20151887494732657,0.025428382411465125,-0.982864703541395,14638.908711427905
ppo_hybrid_regime_aware_policy,2022-11-25,14688.566898921059,-0.006578470494779443,0.0,1.0,0.0,-0.006705430658461407,0.2067716594691239,0.02003254812807825,-1.19869807487687,14785.835078727141
ppo_hybrid_regime_aware_policy,2022-11-28,14473.0392727631,-0.014673155498497903,0.0,1.0,0.0,-0.015023640693989726,0.21841082225554892,0.020772084438243417,-1.1691166224702634,14688.566898921059
ppo_hybrid_regime_aware_policy,2022-11-29,14363.485046505983,-0.00756953838046226,0.0,1.0,0.0,-0.0077797870777947704,0.2243270915342395,0.03067039961519277,-0.7731840153922894,14473.0392727631
ppo_hybrid_regime_aware_policy,2022-11-30,15018.254456440107,0.04558569231729748,0.0,1.0,0.0,0.044577199528530766,0.18896750499005613,0.02888563859725432,-0.8445744561098272,14363.485046505983
ppo_hybrid_regime_aware_policy,2022-12-01,15036.685088431825,0.001227215322870956,0.0,1.0,0.0,0.001226462909665708,0.18797219348483368,0.021639813101177192,-1.1344074759529124,15018.254456440107
ppo_hybrid_regime_aware_policy,2022-12-02,14976.787487352698,-0.003983431236796231,0.0,1.0,0.0,-0.00404862200815407,0.1912068504144533,0.017694543166992205,-1.2922182733203118,15036.685088431825
ppo_hybrid_regime_aware_policy,2022-12-05,14725.42660058933,-0.016783364721949412,0.0,1.0,0.0,-0.017110360902295754,0.2047811208285617,0.013596278054639222,-1.4561488778144311,14976.787487352698
ppo_hybrid_regime_aware_policy,2022-12-06,14420.309573657187,-0.02072042020975684,0.0,1.0,0.0,-0.02132321760144641,0.22125839016372578,0.023372640084762517,-1.0650943966094994,14725.42660058933
ppo_hybrid_regime_aware_policy,2022-12-07,14361.436851325756,-0.0040826254131866024,0.0,1.0,0.0,-0.004191262426774673,0.2244377004503492,0.031541541056946724,-0.7383383577221311,14420.309573657187
ppo_hybrid_regime_aware_policy,2022-12-08,14531.401118035848,0.011834767542385771,0.0,1.0,0.0,0.011765284355296505,0.21525910092054096,0.0344019340587464,-0.6239226376501441,14361.436851325756
ppo_hybrid_regime_aware_policy,2022-12-09,14480.95315870475,-0.003471651420349553,0.54,0.4584113931437625,0.5415886068562374,-0.006967149389061582,0.21798344777743658,0.032102301173846416,-0.7159079530461435,14523.554161432108
ppo_hybrid_regime_aware_policy,2022-12-12,14552.805164720756,0.004961828494888465,0.05841139314376248,0.40299727198328583,0.5970027280167142,0.001661942102878399,0.21410321576514424,0.035125643131503535,-0.5949742747398588,14480.1073060567
ppo_hybrid_regime_aware_policy,2022-12-13,14615.33887864023,0.004297021310439186,0.0029972719832858097,0.40256897222107374,0.5974310277789263,0.0010833195687470897,0.21072620053548144,0.04729299201220982,-0.108280319511607,14552.761546005557
ppo_hybrid_regime_aware_policy,2022-12-14,14564.659189676284,-0.0034675685172111947,0.05743102777892628,0.4581521180986018,0.5418478819013982,-0.0062426956004413905,0.2134630615139643,0.03323317927738648,-0.6706728289045408,14614.499504707093
ppo_hybrid_regime_aware_policy,2022-12-15,14368.21165469171,-0.013487959616921175,0.05815211809860177,0.3918319451061494,0.6081680548938506,-0.017134382488433145,0.2240718399774808,0.025206094263823253,-0.99175622944707,14563.81222389502
ppo_hybrid_regime_aware_policy,2022-12-16,14313.297115108637,-0.0038219467323298284,0.00816805489385064,0.3977029536045733,0.6022970463954267,-0.007144515095913688,0.22703739607320159,0.034730073075081414,-0.6107970769967433,14368.094294350187
ppo_hybrid_regime_aware_policy,2022-12-19,14219.321208081885,-0.0065656365735294875,0.002297046395426716,0.39603596990273454,0.6039640300972655,-0.009960500938011133,0.232112387615514,0.03345231055786457,-0.661907577685417,14313.264236801091
ppo_hybrid_regime_aware_policy,2022-12-20,14214.837151270223,-0.0003153495688045238,0.003964030097265481,0.39981310974101314,0.6001868902589869,-0.003529160535583453,0.2323545406429698,0.03227375921766037,-0.7090496312935853,14219.264842264653
ppo_hybrid_regime_aware_policy,2022-12-21,14297.315837934384,0.005802295572326699,0.0001868902589868826,0.40346140538043845,0.5965385946195616,0.0025852467525192767,0.22790043479302577,0.02692826830569053,-0.9228692677723788,14214.834494655626
ppo_hybrid_regime_aware_policy,2022-12-22,14157.352299011369,-0.00978949758888703,0.0034614053804384315,0.39407032979774825,0.6059296702022517,-0.013185690245462015,0.23545890162500016,0.018888536905674908,-1.2444585237730037,14297.266349128417
ppo_hybrid_regime_aware_policy,2022-12-23,14170.004915378066,0.0008937134641751054,0.005929670202251769,0.4005393038974719,0.5994606961025282,-0.002315580165222281,0.2347756209514672,0.029631296704841232,-0.8147481318063508,14157.268350581298
ppo_hybrid_regime_aware_policy,2022-12-27,14089.86176277059,-0.005655830967320252,0.0005393038974718656,0.39658752461800567,0.6034124753819943,-0.008972822899367731,0.23910360069143832,0.02313508986508353,-1.0745964053966588,14169.997273439187
ppo_hybrid_regime_aware_policy,2022-12-28,14015.403970685365,-0.005284494151813646,0.003412475381994351,0.3968145173295985,0.6031854826704015,-0.00861394999995765,0.2431245532637205,0.027437480720181602,-0.902500771192736,14089.81368146419
ppo_hybrid_regime_aware_policy,2022-12-29,14152.010343249824,0.009746873714820081,0.0031854826704015293,0.4057935663588362,0.5942064336411639,0.006494901134364419,0.23574738386653396,0.030063342135628904,-0.7974663145748441,14015.359324858899
ppo_hybrid_regime_aware_policy,2022-12-30,14148.52892261089,-0.00024600184387180146,0.005793566358836155,0.39985583956976056,0.6001441604302394,-0.003459558523318523,0.23593539141928668,0.025722724543379386,-0.9710910182648248,14151.92835263879
