baseline,date,portfolio_value,daily_returns,turnover,weight_spy,weight_cash,reward,drawdown,lambda_rrc,vix_zscore_t,nav_after_cost
ppo_markovian_mdd_static_seed_42,2020-01-02,10000.0,0.0,0.0,0.0,1.0,0.0,0.0,,,10000.0
ppo_markovian_mdd_static_seed_42,2020-01-03,10043.386357080148,0.0043386357080148485,0.6606491804122925,-0.6523829860656403,1.6523829860656403,0.004329250962979778,0.0,,-1.121252637682178,9993.393508195877
ppo_markovian_mdd_static_seed_42,2020-01-06,10015.39923325043,-0.0027866222441983446,0.06187175083468932,-0.7189387057923556,1.7189387057923557,-0.0032085054406545787,0.0027866222441983984,,-0.5150265874899304,10042.764955181927
ppo_markovian_mdd_static_seed_42,2020-01-07,10035.818764377127,0.002038813496211489,0.009569349417757889,-0.7249746129909737,1.7249746129909735,0.0019237144139617312,0.0007534901510271797,,-0.577966289820798,10015.303392395608
ppo_markovian_mdd_static_seed_42,2020-01-08,9996.572100849236,-0.003910658855976856,0.007411201198937234,-0.7391742924790582,1.739174292479058,-0.00461750583115069,0.004661202364072081,,-0.5971291346020252,10035.744386905068
ppo_markovian_mdd_static_seed_42,2020-01-09,9946.283523735268,-0.005030582144222806,0.002379312123755528,-0.7503547643266855,1.7503547643266855,-0.006493528511275621,0.009668335946911586,,-0.7317163457422727,9996.548315884042
ppo_markovian_mdd_static_seed_42,2020-01-10,9967.923317562469,0.002175666295411771,0.008726301328069175,-0.755246883897892,1.7552468838978919,0.0010462472521386964,0.007513704724152227,,-1.1033644571672967,9946.196729468145
ppo_markovian_mdd_static_seed_42,2020-01-13,9915.52219481653,-0.005256974906058143,0.007987671823390996,-0.77253866285294,1.77253866285294,-0.00718051845821025,0.012731180273023973,,-1.0880230504530377,9967.843697062248
ppo_markovian_mdd_static_seed_42,2020-01-14,9927.023589588869,0.0011599383821006004,0.007083536090549902,-0.7633971890148569,1.763397189014857,-0.0005786352179966427,0.01158600927557148,,-1.17942901770067,9915.451957857207
ppo_markovian_mdd_static_seed_42,2020-01-15,9909.85144520677,-0.0017298381762795856,0.001433221465642398,-0.7678860378472515,1.7678860378472514,-0.003725706903604978,0.013295805530695454,,-1.14220809996923,9927.00936196557
ppo_markovian_mdd_static_seed_42,2020-01-16,9846.902447774633,-0.006352163579867232,0.00483411075756035,-0.7743141379477193,1.7743141379477194,-0.0093069512134478,0.019563511978905577,,-1.1213026307072285,9909.803539887293
ppo_markovian_mdd_static_seed_42,2020-01-17,9823.456028137598,-0.00238109596001268,0.01370314027086994,-0.7647890037444767,1.7647890037444767,-0.005668639077954951,0.021898025339581653,,-1.1555691481782835,9846.767514289158
ppo_markovian_mdd_static_seed_42,2020-01-21,9838.05724769723,0.0014863627951109404,0.003799993410461777,-0.758368744705164,1.7583687447051641,-0.0015813723918860518,0.020444210954621844,,-1.2387623873728912,9823.418699069423
ppo_markovian_mdd_static_seed_42,2020-01-22,9837.075993396169,-9.974065776974239e-05,0.009279801700555868,-0.7492471828706816,1.7492471828706817,-0.0031810325062014205,0.020541912493343337,,-0.9143686757330924,9837.965952476852
ppo_markovian_mdd_static_seed_42,2020-01-23,9828.627556961686,-0.0008588361460412086,0.003081251645858596,-0.7476615057203306,1.7476615057203306,-0.004066671132463197,0.02138310650242642,,-0.8850059128587179,9837.045682889573
ppo_markovian_mdd_static_seed_42,2020-01-24,9893.578096399355,0.006608302030089996,0.004112337610436834,-0.7320957859484803,1.7320957859484802,0.00434914634730111,0.014916110498446043,,-0.8491585386417684,9828.587138326924
ppo_markovian_mdd_static_seed_42,2020-01-27,10003.71118882775,0.011131775719087633,0.03540302118941663,-0.6779540881331366,1.6779540881331365,0.01047771686570977,0.00395037757602823,,-0.1627746539082402,9893.227833844368
ppo_markovian_mdd_static_seed_42,2020-01-28,9975.969392168558,-0.002773150497404897,0.45681100634888827,-0.22397952962555712,1.2239795296255571,-0.0037838887651931046,0.006712573081893257,,1.4216818453097495,9999.14138345236
ppo_markovian_mdd_static_seed_42,2020-01-29,9977.342920143092,0.00013768365965649565,0.2714084417756575,-0.49477630421011504,1.494776304210115,-0.0008486978629483181,0.006575813633864461,,0.5866366623582641,9973.261829860627
ppo_markovian_mdd_static_seed_42,2020-01-30,9960.31642602466,-0.0017065158784967949,0.02375102475793306,-0.5210870215427003,1.5210870215427001,-0.0029486398027086832,0.008271107781981086,,0.6428733357594455,9977.105948024377
ppo_markovian_mdd_static_seed_42,2020-01-31,10068.029079002557,0.010814179828309678,0.07886692790874628,-0.5827120334524732,1.5827120334524731,0.010756124755933575,0.0,,0.2542215121852175,9959.53088646714
ppo_markovian_mdd_static_seed_42,2020-02-03,10061.71748558049,-0.00062689463573673,0.5758345738668066,-0.006928903060687096,1.0069289030606872,-0.000721125411700569,0.0006268946357366933,,1.7092973316129427,10062.231559768172
ppo_markovian_mdd_static_seed_42,2020-02-04,10020.89711064844,-0.004056998717221871,0.24335043410705276,-0.2550668858943862,1.255066885894386,-0.004767453169168621,0.004681350042225572,,1.3230229086231358,10059.268962262511
ppo_markovian_mdd_static_seed_42,2020-02-05,9956.94421718182,-0.006381952909052746,0.27399663692131815,-0.5384629627332996,1.5384629627332997,-0.008057418650938269,0.011033426795758073,,0.4879083594053889,10018.151418541189
ppo_markovian_mdd_static_seed_42,2020-02-06,9934.57865929428,-0.002246227095351605,0.09956595696350823,-0.6415531288964706,1.6415531288964706,-0.0042369841939490244,0.013254870308886507,,0.0975880082047145,9955.952844502403
ppo_markovian_mdd_static_seed_42,2020-02-07,9969.56698604647,0.0035218732421486987,0.02372000104356231,-0.65938947028595,1.65938947028595,0.0020487341135484683,0.00977967903980692,,0.0157457249951368,9934.343011078116
ppo_markovian_mdd_static_seed_42,2020-02-10,9922.006578409248,-0.004770559012621911,0.023492251104889172,-0.6437001568702111,1.643700156870211,-0.006957511976547193,0.01450358351644494,,0.2391059158775173,9969.332778475426
ppo_markovian_mdd_static_seed_42,2020-02-11,9910.473129704636,-0.001162410910884537,0.017147924241696866,-0.6627524025496592,1.6627524025496592,-0.00351045732999426,0.015649135303603044,,0.0532871418176267,9921.836436592115
ppo_markovian_mdd_static_seed_42,2020-02-12,9868.403156074462,-0.004245001533183856,0.004582477336799062,-0.6652312358359868,1.6652312358359866,-0.007228193067026858,0.019827706233430144,,0.1155957632010759,9910.427715186122
ppo_markovian_mdd_static_seed_42,2020-02-13,9875.43994726276,0.0007130628002327555,0.04959409632877765,-0.7135184406944817,1.7135184406944817,-0.0021565085831950336,0.019128781832926333,,-0.5079166457394809,9867.913741537728
ppo_markovian_mdd_static_seed_42,2020-02-14,9864.177562502153,-0.0011404438506791292,0.0044658779808586235,-0.7109962254172273,1.7109962254172273,-0.004178206208914704,0.02024741038199308,,-0.3269810390372755,9875.395844752948
ppo_markovian_mdd_static_seed_42,2020-02-18,9882.443179113163,0.0018517120657322028,0.012364015042214849,-0.7201537034399322,1.7201537034399323,-0.0009149788431379925,0.018433190690365052,,-0.5270928769657132,9864.05560166239
ppo_markovian_mdd_static_seed_42,2020-02-19,9849.83417513786,-0.0032996905101587704,0.03792674754927672,-0.6877321482468388,1.6877321482468388,-0.006555955100655151,0.02167205737613093,,-0.0266714102394479,9882.068370185538
ppo_markovian_mdd_static_seed_42,2020-02-20,9877.909504850313,0.002850335265878856,0.008038294238970511,-0.6909370738101679,1.690937073810168,1.3756551998124911e-05,0.018883494739675447,,-0.2215493742151412,9849.754999272554
ppo_markovian_mdd_static_seed_42,2020-02-21,9942.46534887025,0.006535375120438003,0.05131241856343327,-0.6288950817490709,1.628895081749071,0.0046433825960394215,0.012471530340946066,,0.2891102737620407,9877.402645423268
ppo_markovian_mdd_static_seed_42,2020-02-24,10097.085292662558,0.015551469214813762,0.1552344934846056,-0.4508686856104693,1.4508686856104693,0.015431784372654665,0.0,,0.9442302755974517,9940.921935297829
ppo_markovian_mdd_static_seed_42,2020-02-25,9785.66854085121,-0.030842242368463668,1.423111815817531,0.9714005604915114,0.028599439508488644,-0.03595421212455778,0.030842242368463633,,4.22184436454829,10082.716011277253
ppo_markovian_mdd_static_seed_42,2020-02-26,9749.395912831566,-0.0037067092420124403,0.028599439508488644,1.0,0.0,-0.008878790370246217,0.03443462838564453,,5.095597825897003,9785.388676215725
ppo_markovian_mdd_static_seed_42,2020-02-27,9321.694968486068,-0.04386948157296422,0.023710429668426514,0.975202268908896,0.024797731091103947,-0.05637987179768396,0.07679348066317286,,4.734416174629932,9749.164750465465
ppo_markovian_mdd_static_seed_42,2020-02-28,9282.299315005735,-0.004226232848587919,0.024797731091103947,1.0,0.0,-0.01633946356948544,0.0806951663812247,,7.883651998287038,9321.463811600926
ppo_markovian_mdd_static_seed_42,2020-03-02,9684.283287346414,0.043306508301324875,0.0,1.0,0.0,0.03626251206422287,0.040883283972665094,,7.25629335652188,9282.299315005735
ppo_markovian_mdd_static_seed_42,2020-03-03,9440.207890283147,-0.025203248378966592,0.12398821115493774,0.8728218596622606,0.12717814033773944,-0.03528471070960114,0.06505614079112078,,5.011807423017717,9683.082550385298
ppo_markovian_mdd_static_seed_42,2020-03-04,9835.75733530399,0.04190050151628366,0.12717814033773944,1.0,0.0,0.03716422215359068,0.025881524200698988,,5.553507894223165,9439.00730219926
ppo_markovian_mdd_static_seed_42,2020-03-05,9661.05803586689,-0.017761652049918086,0.47986751794815063,0.5116895546642367,0.4883104453357633,-0.024398804868683746,0.04318347762324277,,4.134371804762353,9831.037474844357
ppo_markovian_mdd_static_seed_42,2020-03-06,9496.710394802843,-0.017011350149631954,0.4883104453357633,1.0,0.0,-0.026076738117879774,0.059460218514346914,,5.629034102683704,9656.340440314982
ppo_markovian_mdd_static_seed_42,2020-03-09,8760.156458656355,-0.07755884990970918,0.006940603256225586,0.9924758830592361,0.007524116940763936,-0.10059280938154438,0.13240740226070336,,5.7327036136449925,9496.644481903753
ppo_markovian_mdd_static_seed_42,2020-03-10,9213.380489903378,0.05173697905808172,0.007524116940763936,1.0,0.0,0.03731494581848646,0.08752078220051858,,7.443963267849547,8760.09054621474
ppo_markovian_mdd_static_seed_42,2020-03-11,8777.333861962366,-0.04732753937806655,0.02972877025604248,0.9687952704785292,0.031204729521470798,-0.06809005409733532,0.13070617831259088,,5.643705476690732,9213.106587431512
ppo_markovian_mdd_static_seed_42,2020-03-12,7937.295779980929,-0.09570538106358739,0.031204729521470798,1.0,0.0,-0.13268540699865322,0.21390227477340654,,6.253245263583844,8777.059967633284
ppo_markovian_mdd_static_seed_42,2020-03-13,8615.825852808317,0.08548630309818406,0.0,1.0,0.0,0.060022839243248985,0.14670168636989286,,8.326319460410785,7937.295779980929
ppo_markovian_mdd_static_seed_42,2020-03-16,7713.598854442846,-0.10471741348757546,0.043364882469177246,0.9515650113054623,0.04843498869453766,-0.14602440322834273,0.2360568787065477,,5.461591493098656,8615.452228532835
ppo_markovian_mdd_static_seed_42,2020-03-17,8129.678199714391,0.05394101419104702,0.04843498869453766,1.0,0.0,0.023309132993574865,0.19484901195970486,,7.637808953676683,7713.225246369537
ppo_markovian_mdd_static_seed_42,2020-03-18,7718.048830608536,-0.05063292285300003,0.0,1.0,0.0,-0.08730217497586269,0.23561615982216583,,6.268315464708368,8129.678199714391
ppo_markovian_mdd_static_seed_42,2020-03-19,7734.449507721462,0.002124977111816584,0.0,1.0,0.0,-0.032976056707242594,0.23399186165714544,,5.854942756782667,7718.048830608536
ppo_markovian_mdd_static_seed_42,2020-03-20,7368.451063097026,-0.0473205551680248,0.028649866580963135,0.969927927046688,0.030072072953312046,-0.08901276500474228,0.2702397920267545,,5.105067223695603,7734.227916774989
ppo_markovian_mdd_static_seed_42,2020-03-23,7195.791862541798,-0.0234322246394425,0.05559196093645846,0.9122853796537381,0.08771462034626187,-0.06681207923563223,0.28733969715290986,,4.3536582146712695,7368.041436453364
ppo_markovian_mdd_static_seed_42,2020-03-24,7752.223646737423,0.07732738728758548,0.058121792560384855,0.8646391632166127,0.13536083678338728,0.03964860206335123,0.23223153791016501,,3.820195907751789,7195.373630219856
ppo_markovian_mdd_static_seed_42,2020-03-25,7821.239850312158,0.008902762190533542,0.25289171954061784,0.6152707822658171,0.3847292177341829,-0.024946075428868578,0.2253962778747875,,3.70585945184924,7750.263173569137
ppo_markovian_mdd_static_seed_42,2020-03-26,8121.2024152806225,0.038352303561754786,0.042313944544638216,0.6702460397360693,0.32975396026393067,0.008281867169757963,0.19568844078377626,,3.772196338990945,7820.908902802861
ppo_markovian_mdd_static_seed_42,2020-03-27,8023.359119081818,-0.012047882960619871,0.27487990747670044,0.38816096892384605,0.6118390310761539,-0.04292785079071617,0.20537869231308703,,3.430434764329368,8118.970059912111
ppo_markovian_mdd_static_seed_42,2020-03-30,8178.527286592963,0.01933955157785605,0.21406767258616372,0.6098589445632023,0.39014105543679767,-0.009346741756790629,0.1900110725482125,,3.6779857984602273,8021.641577268873
ppo_markovian_mdd_static_seed_42,2020-03-31,8144.468035996166,-0.004164472331422142,0.3541333223860783,0.2528778249089507,0.7471221750910493,-0.0331808052501464,0.19338424902534374,,2.9486714335617124,8175.6309975527365
ppo_markovian_mdd_static_seed_42,2020-04-01,8052.564491910488,-0.011284167815441282,0.0021938914124755016,0.24213368675422356,0.7578663132457765,-0.041721252552585436,0.2024862365219199,,2.6272499166680947,8144.450167917683
ppo_markovian_mdd_static_seed_42,2020-04-02,8129.3526248780345,0.009535860662114093,0.17894445874977424,0.42664913432746493,0.573350865672535,-0.019741507127977634,0.1948812563972747,,2.836512062548897,8051.123530115935
ppo_markovian_mdd_static_seed_42,2020-04-03,8108.51079378115,-0.0025637750087383893,0.26775882737784945,0.15695414159171522,0.8430458584082847,-0.03210887706456946,0.19694539971119024,,2.3395096860096287,8127.175918951856
ppo_markovian_mdd_static_seed_42,2020-04-06,8168.169797922207,0.007357578433121459,0.046710694466757186,0.11678334409074087,0.8832166559092591,-0.021324885885983504,0.19103686250348625,,2.0094354870390974,8108.132039610881
ppo_markovian_mdd_static_seed_42,2020-04-07,8165.844950206526,-0.0002846228436965692,0.19990197652653952,-0.08321042131079726,1.0832104213107971,-0.028974730140284507,0.19126711189212625,,1.8728963918113288,8166.536964634998
ppo_markovian_mdd_static_seed_42,2020-04-08,8151.011899615904,-0.0018164746797263431,0.0299895979036241,-0.05510581072779459,1.0551058107277946,-0.030728549676356576,0.19273615470603617,,1.955665725318066,8165.6000597999255
ppo_markovian_mdd_static_seed_42,2020-04-09,8125.228305448839,-0.0031632384401598657,0.14337144259003837,-0.20210798007691552,1.2021079800769154,-0.03246171046442787,0.1952897227328213,,1.6949970867492063,8149.843277281288
ppo_markovian_mdd_static_seed_42,2020-04-13,8144.235137686903,0.0023392366987791124,0.060774491007679204,-0.25985861254347753,1.2598586125434776,-0.0266745922941223,0.1934073149203533,,1.558747995557223,8124.734498834254
ppo_markovian_mdd_static_seed_42,2020-04-14,8081.395598779677,-0.007715830626800035,0.0017009632526497898,-0.2713670830066158,1.2713670830066157,-0.03769037877719326,0.1996308474632437,,1.5086692019686287,8144.221284642213
ppo_markovian_mdd_static_seed_42,2020-04-15,8143.797241405878,0.007721641870325424,0.09661953646588789,-0.35737329477285923,1.3573732947728592,-0.021325619950626224,0.19345068350329903,,1.2542637659562617,8080.614778082926
ppo_markovian_mdd_static_seed_42,2020-04-16,8132.083647239124,-0.0014383455063441408,0.07468747848486484,-0.2844374805970843,1.2844374805970844,-0.030630997931463434,0.194610780088327,,1.460685022932264,8143.189001724625
ppo_markovian_mdd_static_seed_42,2020-04-17,8064.946305391172,-0.008255859723079073,0.020411071153098814,-0.31568402111174454,1.3156840211117444,-0.03847912214965185,0.20125996051039785,,1.396367074412422,8131.9176627011775
ppo_markovian_mdd_static_seed_42,2020-04-20,8118.611572350295,0.0066541381587685855,0.06576400936005722,-0.37222619820267294,1.3722261982026729,-0.022759657986628934,0.19594503393469379,,1.2471320181479757,8064.415922186856
ppo_markovian_mdd_static_seed_42,2020-04-21,8179.33666362705,0.007479738467051078,0.12184109259277914,-0.24095077011154442,1.2409507701115445,-0.02103773302750947,0.18993091307539162,,1.632263957264105,8117.622391845984
ppo_markovian_mdd_static_seed_42,2020-04-22,8152.179351687806,-0.003320234030714353,0.0956495920138195,-0.14900660132654675,1.1490066013265468,-0.032218838042643215,0.1926205320250284,,1.7250882541303527,8178.554313412231
ppo_markovian_mdd_static_seed_42,2020-04-23,8151.35783337377,-0.00010077284595888525,0.12007117653600208,-0.2690532843117787,1.2690532843117788,-0.02900606201665102,0.19270189395178497,,1.4713639749323046,8151.200509921717
ppo_markovian_mdd_static_seed_42,2020-04-24,8118.18835936037,-0.004069196162336919,0.021355744218342132,-0.29565374011195156,1.2956537401119514,-0.03347554011556095,0.19598694830677826,,1.4168224608610036,8151.183755060848
ppo_markovian_mdd_static_seed_42,2020-04-27,8069.19807985575,-0.0060346320306960965,0.1149562502464011,-0.4190110414056791,1.4190110414056791,-0.03617874469293007,0.2008388712216239,,1.0301204122785588,8117.255122867784
ppo_markovian_mdd_static_seed_42,2020-04-28,8086.508788733059,0.002145282431537332,0.06075640034389368,-0.47651000543182387,1.4765100054318239,-0.02772568213488496,0.19912444489208805,,0.8405986968556356,8068.707824426756
ppo_markovian_mdd_static_seed_42,2020-04-29,7985.258875249389,-0.012520843806506643,0.0017128415530394125,-0.49696356196676394,1.4969635619667638,-0.0439727024756949,0.20915208262604354,,0.853677813219134,8086.494937824787
ppo_markovian_mdd_static_seed_42,2020-04-30,8024.69937211939,0.00493916321138288,0.037576793238771944,-0.526940881870202,1.526940881870202,-0.02585988779226427,0.20524595568675127,,0.6863267549098547,7984.958814827676
ppo_markovian_mdd_static_seed_42,2020-05-01,8129.295694809064,0.013034297964242603,0.03331217136185549,-0.47436168498365155,1.4743616849836516,-0.01628295169367152,0.1948868946648856,,0.8822878370494066,8024.432051958779
ppo_markovian_mdd_static_seed_42,2020-05-04,8119.769575932453,-0.0011718258548146787,0.07762708968488446,-0.3982646935768797,1.3982646935768797,-0.030547065032242957,0.19583034701776741,,1.0843558520255343,8128.664641243088
ppo_markovian_mdd_static_seed_42,2020-05-05,8088.1719080862495,-0.0038914488337035147,0.020688129108361986,-0.4244667065097441,1.424466706509744,-0.03374300003284215,0.1989597320759649,,0.992510122868216,8119.601593091136
ppo_markovian_mdd_static_seed_42,2020-05-06,8113.746949457174,0.0031620298952048653,0.049292289023245395,-0.46904119839202785,1.469041198392028,-0.02630698162803418,0.1964268188015262,,0.8239180749247235,8087.773223578886
ppo_markovian_mdd_static_seed_42,2020-05-07,8068.428293974324,-0.00558541642537691,0.006721019644850723,-0.47052383846580387,1.470523838465804,-0.03573833963763633,0.20091510964678452,,0.8538177738861711,8113.692416804533
ppo_markovian_mdd_static_seed_42,2020-05-08,7999.017481272949,-0.008602767499738762,0.046607609326249355,-0.5302249070196372,1.5302249070196372,-0.039808402581913274,0.2077894511710475,,0.6655475635101678,8068.052243820522
ppo_markovian_mdd_static_seed_42,2020-05-11,7997.669935987022,-0.00016846385060198532,0.04952676334092798,-0.5799395930810185,1.5799395930810185,-0.03135691454381894,0.2079229100105907,,0.4250931855870794,7998.621315827194
ppo_markovian_mdd_static_seed_42,2020-05-12,8092.00370167367,0.01179515614443849,0.012476097341039605,-0.5738322264329709,1.573832226432971,-0.018060900058779316,0.1985802370557332,,0.393766307387475,7997.570156278399
ppo_markovian_mdd_static_seed_42,2020-05-13,8162.5966073132995,0.008723785633591552,0.0762214190141477,-0.48454579809214593,1.484545798092146,-0.02005237014216903,0.1915888228412837,,0.7654796519762199,8091.38691766886
ppo_markovian_mdd_static_seed_42,2020-05-14,8121.727844162217,-0.005006833623808715,0.07217091420199395,-0.41937954875322975,1.4193795487532297,-0.034364870276497414,0.19563640310494473,,0.9131913732833082,8162.007505253888
ppo_markovian_mdd_static_seed_42,2020-05-15,8103.565294409056,-0.002236291353472919,0.05512590554860436,-0.47772880299835235,1.4777288029983524,-0.03185407475640182,0.19743519446172955,,0.7251961389028778,8121.280126560187
ppo_markovian_mdd_static_seed_42,2020-05-18,7979.633687654691,-0.01529346679539556,0.02359698311538666,-0.524606884112723,1.524606884112723,-0.04686799693459213,0.20970919266638222,,0.6710434353959198,8103.37407471563
ppo_markovian_mdd_static_seed_42,2020-05-19,8026.131994812191,0.005827123020626601,0.04735839308225376,-0.5627842951031983,1.5627842951031983,-0.02495539963009824,0.20510407090997895,,0.4900177434505237,7979.255785025859
ppo_markovian_mdd_static_seed_42,2020-05-20,7950.572823428886,-0.00941414512397043,0.009154241106158478,-0.5683807961172317,1.5683807961172316,-0.041346838761542576,0.21258733654488574,,0.5701742451217557,8026.0585216647605
ppo_markovian_mdd_static_seed_42,2020-05-21,7983.026122950981,0.004081881927609166,0.026748753386094726,-0.5886023943726418,1.588602394372642,-0.027332408004811893,0.20937321102435777,,0.3928691522351087,7950.360155517154
ppo_markovian_mdd_static_seed_42,2020-05-22,7974.190376866206,-0.0011068166317748096,0.012197882444083485,-0.5781319858607239,1.578131985860724,-0.03264467309123292,0.2102482899039227,,0.4942890652188644,7982.928746936785
ppo_markovian_mdd_static_seed_42,2020-05-26,7916.0366374449295,-0.007292745303646764,0.01275717000399168,-0.6025558925807464,1.6025558925807464,-0.039720629564898115,0.2160077479787729,,0.3974360107349571,7974.088648763924
ppo_markovian_mdd_static_seed_42,2020-05-27,7844.831276375713,-0.008995077250198213,0.0018680476009858005,-0.618983827637864,1.618983827637864,-0.04249475003496192,0.22305981884926068,,0.3839041790246172,7916.02184991168
ppo_markovian_mdd_static_seed_42,2020-05-28,7853.763219719121,0.0011385768576446242,0.0012006388179787164,-0.6159413729959863,1.6159413729959864,-0.03218835274028896,0.2221752127392283,,0.3544471098927093,7844.821857566762
ppo_markovian_mdd_static_seed_42,2020-05-29,7832.429976580831,-0.0027163084169289364,0.008173493033065138,-0.6121337914703419,1.6121337914703417,-0.03636320799024846,0.22428802475576065,,0.4178809736110189,7853.699027040161
ppo_markovian_mdd_static_seed_42,2020-06-01,7812.801844762643,-0.002506007953710032,0.006335506415552916,-0.6225251048812009,1.622525104881201,-0.03644394801782169,0.22623196513551083,,0.3411927855090347,7832.380354170465
ppo_markovian_mdd_static_seed_42,2020-06-02,7772.904320518222,-0.005106685800711275,0.0065767854460813124,-0.62423213486993,1.62423213486993,-0.03964727278831645,0.23018335537219758,,0.3878253609395267,7812.750461641177
ppo_markovian_mdd_static_seed_42,2020-06-03,7707.641230089678,-0.008396229740827876,0.006209232756260175,-0.6442366323497368,1.6442366323497368,-0.04392871354751859,0.23664691277880584,,0.290520623450909,7772.8560567461045
ppo_markovian_mdd_static_seed_42,2020-06-04,7720.695344355322,0.0016936587830116423,0.0008823790523933006,-0.6423360029874597,1.6423360029874599,-0.03361088180738463,0.23535405311809462,,0.2074530345701913,7707.634429028513
ppo_markovian_mdd_static_seed_42,2020-06-05,7593.482262337365,-0.01647689441741329,0.0005306680978979239,-0.6703886161324905,1.6703886161324903,-0.05380710475599157,0.2479530436515708,,0.2151460629702627,7720.691247228609
ppo_markovian_mdd_static_seed_42,2020-06-08,7532.9400188036425,-0.007972922230160884,0.011751390504591286,-0.671948046078408,1.671948046078408,-0.04609723426304127,0.2539490555479661,,0.1245367615942675,7593.39302836201
ppo_markovian_mdd_static_seed_42,2020-06-09,7569.453015792454,0.004847111074516519,0.01931086241217872,-0.6446335483313201,1.6446335483313201,-0.03271452790864907,0.25033286375295916,,0.2103730175758235,7532.79455123538
ppo_markovian_mdd_static_seed_42,2020-06-10,7596.19641821504,0.0035330693468589303,0.009719150137960764,-0.6291426343119119,1.6291426343119118,-0.03362579294691466,0.24768423777353715,,0.3278701658763039,7569.379447142131
ppo_markovian_mdd_static_seed_42,2020-06-11,7871.750903112956,0.0362753238235336,0.00010443504691382,-0.5722143157832972,1.572214315783297,0.002573804134503775,0.22039373988122377,,0.3247931332388614,7596.19562490591
ppo_markovian_mdd_static_seed_42,2020-06-12,7840.094930100052,-0.0040214652880320445,0.25786251867941534,-0.31931846846383666,1.3193184684638366,-0.03755890803297727,0.22352889939462392,,1.221107989128025,7869.721073598662
ppo_markovian_mdd_static_seed_42,2020-06-15,7808.6232664068075,-0.004014194212421662,0.09999782334524537,-0.4248941651804435,1.4248941651804434,-0.03801914349529722,0.22664580519278674,,0.8932550960760133,7839.310937672221
ppo_markovian_mdd_static_seed_42,2020-06-16,7736.483557454644,-0.00923846707556153,0.05238701782393579,-0.49097814515309307,1.490978145153093,-0.04434996824824465,0.2337904124592606,,0.7721637529695902,7808.21419592057
ppo_markovian_mdd_static_seed_42,2020-06-17,7753.068333701838,0.002143709881114342,0.03308150812907246,-0.5207491900250031,1.5207491900250032,-0.03268076679569962,0.23214788139544498,,0.717040415116921,7736.2276229109475
ppo_markovian_mdd_static_seed_42,2020-06-18,7751.470868885243,-0.00020604291718295809,0.004003724880545012,-0.5250610382395671,1.525061038239567,-0.035051977929830135,0.2323060918859274,,0.6981737760064307,7753.03729254925
ppo_markovian_mdd_static_seed_42,2020-06-19,7793.02797398785,0.00536118961233778,0.008076462046535227,-0.5249495741430344,1.5249495741430343,-0.028881681297981153,0.22819033928029125,,0.6569115223597698,7751.408264424966
ppo_markovian_mdd_static_seed_42,2020-06-22,7768.5229701747185,-0.003144477845444138,0.04118775692616128,-0.48838088511463496,1.488380885114635,-0.037742023753233926,0.23061727765932413,,0.7995690514026287,7792.7069966459385
ppo_markovian_mdd_static_seed_42,2020-06-23,7748.995164314395,-0.002513708968267969,0.04737612010005621,-0.539554238302323,1.539554238302323,-0.037399565925418675,0.23255128190850227,,0.5668256573088222,7768.154927697484
ppo_markovian_mdd_static_seed_42,2020-06-24,7858.594785215112,0.014143720389121484,0.015529572980788608,-0.5333720756057191,1.533372075605719,-0.01920987406469604,0.22169670182682644,,0.5352392917034265,7748.874825728463
ppo_markovian_mdd_static_seed_42,2020-06-25,7819.097104039933,-0.005026048836299424,0.07115206246408701,-0.4695017607866626,1.4695017607866627,-0.03887999573314848,0.22560849221289775,,0.6984696901367211,7858.035629988074
ppo_markovian_mdd_static_seed_42,2020-06-26,7912.647663850384,0.011964368592137786,0.0357530443013806,-0.4874051244910664,1.4874051244910664,-0.020558146672490445,0.2163433867791115,,0.5836973034311527,7818.8175475147755
ppo_markovian_mdd_static_seed_42,2020-06-29,7865.188384878885,-0.00599790120673771,0.08507085162958566,-0.4106760707979742,1.4106760707979742,-0.03917251312454021,0.22104368172521707,,0.7491052555145135,7911.974528174975
ppo_markovian_mdd_static_seed_42,2020-06-30,7815.548807960092,-0.0063113017120132175,0.0761214705819544,-0.4961268722548724,1.4961268722548724,-0.040225288684253534,0.22595991007032826,,0.5438638308565273,7864.589675172624
ppo_markovian_mdd_static_seed_42,2020-07-01,7785.552502475019,-0.003838029321053149,0.045338469789957925,-0.5473341682722842,1.5473341682722843,-0.038185018249997975,0.228930698631149,,0.4477604903790185,7815.19446293657
ppo_markovian_mdd_static_seed_42,2020-07-02,7760.413988633055,-0.0032288670372426775,0.03301444260570652,-0.5854155325027105,1.5854155325027106,-0.03794714790886336,0.2314203788817686,,0.3205436819003172,7785.295466798772
ppo_markovian_mdd_static_seed_42,2020-07-06,7688.107950472495,-0.009317291354104196,0.017048845377385935,-0.6175078496151097,1.6175078496151096,-0.045148187699818314,0.2385814591405542,,0.2526521753771651,7760.281682534898
ppo_markovian_mdd_static_seed_42,2020-07-07,7737.033693584756,0.006363821037301376,0.0004442676715977756,-0.606837238909945,1.606837238909945,-0.0287167317437479,0.23373592781204147,,0.2666694112611186,7688.104534894676
ppo_markovian_mdd_static_seed_42,2020-07-08,7701.971436580854,-0.004531744127335813,0.016494776847109316,-0.5975559444883389,1.597555944488339,-0.0401233096861154,0.2372084405211677,,0.3644895923270537,7736.906072940522
ppo_markovian_mdd_static_seed_42,2020-07-09,7728.61009614585,0.0034586806487588717,0.012121191456027525,-0.6041095221767765,1.6041095221767765,-0.0317328150486803,0.23457018811536168,,0.2686409262625371,7701.878079510482
ppo_markovian_mdd_static_seed_42,2020-07-10,7681.747263918108,-0.006063552391019411,0.011363800836597049,-0.6024441256043017,1.6024441256043018,-0.04196372215882427,0.23921141188137232,,0.3452632419350072,7728.522269759973
ppo_markovian_mdd_static_seed_42,2020-07-13,7722.903683364013,0.0053576898629847935,0.01844214062723515,-0.6122186063349978,1.6122186063349977,-0.029926912884824387,0.23513534257493462,,0.2067203001504579,7681.605596054804
ppo_markovian_mdd_static_seed_42,2020-07-14,7666.490214544164,-0.007304696670161759,0.052569019657446536,-0.571043594340025,1.5710435943400252,-0.04343987363930588,0.24072244689115194,,0.5375716487308452,7722.49769788847
ppo_markovian_mdd_static_seed_42,2020-07-15,7624.228687773251,-0.005512499929985926,0.02614374591952695,-0.6059986512521274,1.6059986512521274,-0.042263944479342015,0.24490796434950435,,0.3502176105609451,7666.2897837719
ppo_markovian_mdd_static_seed_42,2020-07-16,7639.777570821339,0.0020394040741489317,0.019017501606606757,-0.6216779924067644,1.6216779924067644,-0.034467876673594994,0.2433680265756413,,0.2255767859205059,7624.083693991933
ppo_markovian_mdd_static_seed_42,2020-07-17,7625.975796413895,-0.0018065675707833462,0.0010980986920210434,-0.6257112663837886,1.6257112663837887,-0.03851844138627781,0.24473493336184757,,0.2384681701347573,7639.769181591581
ppo_markovian_mdd_static_seed_42,2020-07-20,7586.107495969287,-0.005227960527144138,0.01886486591372727,-0.6531879087200355,1.6531879087200356,-0.042544188527442,0.24868342931776272,,0.0756133020464162,7625.831933403035
ppo_markovian_mdd_static_seed_42,2020-07-21,7575.3760990164965,-0.0014146117700668537,0.007975063730220833,-0.6635029354016447,1.6635029354016448,-0.038877550865159205,0.24974625058169606,,-0.0111685309584925,7586.046996278542
ppo_markovian_mdd_static_seed_42,2020-07-22,7546.855921392329,-0.0037648530252999413,0.002522174350466755,-0.6672535362881423,1.6672535362881424,-0.04165758477464364,0.2525708456799362,,0.011951226922505,7575.356992597204
ppo_markovian_mdd_static_seed_42,2020-07-23,7606.881650394519,0.007953739892137213,0.0005971017521620992,-0.6535038994456775,1.6535038994456777,-0.02907162265788817,0.24662598859867435,,-0.0271886768743657,7546.8514151514355
ppo_markovian_mdd_static_seed_42,2020-07-24,7638.3633518566985,0.004138581735466662,0.0094344066287525,-0.6372779732807025,1.6372779732807023,-0.032396171939942,0.24350808867511356,,0.0907628090025317,7606.809883979852
ppo_markovian_mdd_static_seed_42,2020-07-27,7602.873230975816,-0.004646299114882457,0.00016017018393121862,-0.6447595858874147,1.6447595858874147,-0.041710573170445166,0.24702297637311812,,0.0706463112433853,7638.362128418636
ppo_markovian_mdd_static_seed_42,2020-07-28,7634.32045056513,0.004136228322365154,0.008787641495245246,-0.6467214805754273,1.6467214805754273,-0.03245857607715865,0.24390849148190238,,-0.009083740695794,7602.806419651529
ppo_markovian_mdd_static_seed_42,2020-07-29,7573.939484855244,-0.007909147395747107,0.003953633991107264,-0.6558577748895174,1.6558577748895174,-0.04542387020451204,0.24988853066744485,,0.0360930690044777,7634.290267256298
ppo_markovian_mdd_static_seed_42,2020-07-30,7591.806283421782,0.0023589835385222635,0.007379439198922588,-0.659310653812906,1.659310653812906,-0.034861649003997484,0.24811903005923253,,-0.0599446699725481,7573.883593429319
ppo_markovian_mdd_static_seed_42,2020-07-31,7552.388089352395,-0.005192202303088811,0.002577558167001448,-0.6653757933497222,1.6653757933497222,-0.043009170851172146,0.2520229481630077,,-0.0164030963185681,7591.786715099493
ppo_markovian_mdd_static_seed_42,2020-08-03,7517.5164082632755,-0.004617305238628133,0.0014260057329924525,-0.6716660070262723,1.6716660070262723,-0.04294948589782888,0.25547658652282823,,-0.0391417109474953,7552.377319603682
ppo_markovian_mdd_static_seed_42,2020-08-04,7498.076025801123,-0.002586011310967473,0.002923171504574329,-0.6730645212761913,1.6730645212761912,-0.04119965068773642,0.2574019324913603,,-0.0535592244669842,7517.494433273526
ppo_markovian_mdd_static_seed_42,2020-08-05,7466.705880598283,-0.0041837592863681605,0.00046981242971078085,-0.6805646253161789,1.6805646253161788,-0.04326885330257564,0.26050878405233857,,-0.0895879326774309,7498.072503111807
ppo_markovian_mdd_static_seed_42,2020-08-06,7432.735430435647,-0.004549589967231205,4.311079450836086e-05,-0.6882886849210594,1.6882886849210594,-0.04414094572986144,0.26387316586926973,,-0.1440868148157872,7466.705558702661
ppo_markovian_mdd_static_seed_42,2020-08-07,7429.054584260741,-0.0004952209330408852,0.003862556056771105,-0.6852541958292117,1.6852541958292115,-0.040131000288461116,0.2642377112869043,,-0.1687147993537758,7432.706721078392
ppo_markovian_mdd_static_seed_42,2020-08-10,7413.7945892364305,-0.002054096500601843,0.0014880503217588048,-0.6902115939139636,1.6902115939139635,-0.041918564754648724,0.26574903802942473,,-0.2009895924136115,7429.0435294536765
ppo_markovian_mdd_static_seed_42,2020-08-11,7455.885596643668,0.005677390558991968,0.0021681783675463473,-0.6785101976180716,1.6785101976180716,-0.033575726364522454,0.26158040855000214,,-0.2078100878188198,7413.778514807381
ppo_markovian_mdd_static_seed_42,2020-08-12,7385.931083178116,-0.009382455317855531,0.005989381291930274,-0.6883516831896063,1.6883516831896062,-0.049703037423616876,0.2685085973726109,,-0.0759644289774409,7455.84094050196
ppo_markovian_mdd_static_seed_42,2020-08-13,7395.083938299295,0.001239228340760734,0.0018359346887822925,-0.6844252646422201,1.6844252646422202,-0.0389018557432308,0.26760211249545224,,-0.1995946398481177,7385.917523091031
ppo_markovian_mdd_static_seed_42,2020-08-14,7394.91415490967,-2.2958953683538397e-05,0.0025439559960550584,-0.6870036609017257,1.6870036609017256,-0.040165798354938755,0.26761892758462935,,-0.2100840463371293,7395.0651255311695
ppo_markovian_mdd_static_seed_42,2020-08-17,7378.753510935419,-0.002185372762376292,0.0007268302596207254,-0.69142566003478,1.69142566003478,-0.042570682158945786,0.2692194532319659,,-0.2159277552541653,7394.908780062296
ppo_markovian_mdd_static_seed_42,2020-08-18,7367.707336792378,-0.0014970244129541843,0.001041016200418965,-0.6950023742842892,1.6950023742842892,-0.04204516350622444,0.2703134495509897,,-0.2657164113769925,7378.745829533475
ppo_markovian_mdd_static_seed_42,2020-08-19,7388.921209345169,0.0028793044542980706,0.0028052898574093543,-0.6873339890529933,1.6873339890529933,-0.03735670177546518,0.2682124598160404,,-0.2559544369874821,7367.686668237713
ppo_markovian_mdd_static_seed_42,2020-08-20,7373.150860991313,-0.0021343235239686953,0.002711164860946136,-0.6882214676940104,1.6882214676940104,-0.04260275411511239,0.2697743311776022,,-0.1854157550206676,7388.901176761626
ppo_markovian_mdd_static_seed_42,2020-08-21,7355.228950836787,-0.0024306989633623433,0.004193736275400761,-0.688123990283633,1.688123990283633,-0.04316605140100349,0.2715492899538294,,-0.1748827283481915,7373.1199399410825
ppo_markovian_mdd_static_seed_42,2020-08-24,7304.112281998152,-0.0069497046496179715,0.0025339019161708665,-0.6973821216706603,1.6973821216706604,-0.04846573740601574,0.2766118072404547,,-0.1892365983022615,7355.210313408054
ppo_markovian_mdd_static_seed_42,2020-08-25,7286.459198364037,-0.0024168691488524185,0.009386985886511101,-0.6920687994768243,1.6920687994768242,-0.04417381576841811,0.27836014184617935,,-0.2018840559825389,7304.043718399247
ppo_markovian_mdd_static_seed_42,2020-08-26,7236.088061121444,-0.006912978700807315,0.0028155884554009747,-0.7010074832814226,1.7010074832814226,-0.04943930745656232,0.28334882281525037,,-0.2265208448500457,7286.438682693637
ppo_markovian_mdd_static_seed_42,2020-08-27,7225.145818485663,-0.0015121765439219947,0.017349062241841295,-0.6861790114948768,1.6861790114948767,-0.0441781999241355,0.2844325259155632,,-0.140448248779633,7235.9625217792845
ppo_markovian_mdd_static_seed_42,2020-08-28,7193.531181835023,-0.004375639944837251,0.010370045335056255,-0.6831564746487533,1.6831564746487533,-0.047519779805688334,0.28756359153839334,,-0.0577552491510467,7225.070893395973
ppo_markovian_mdd_static_seed_42,2020-08-31,7211.322687228364,0.0024732645127427677,0.00032327991608727125,-0.6786808289839444,1.6786808289839446,-0.040400021150015064,0.2858015478517594,,-0.1651573469920713,7193.528856310866
ppo_markovian_mdd_static_seed_42,2020-09-01,7166.109000897042,-0.006269818768670166,0.014528385574978375,-0.6746278792685892,1.6746278792685891,-0.04983147303422098,0.2902794427115936,,0.0748953227090401,7211.217918351858
ppo_markovian_mdd_static_seed_42,2020-09-02,7097.047791170102,-0.009637197776128592,0.008952239162388076,-0.6818692350310848,1.6818692350310847,-0.05425181010648798,0.29711916008796624,,0.0527546644477299,7166.044848175403
ppo_markovian_mdd_static_seed_42,2020-09-03,7259.285195018035,0.022859843786001033,0.0171066784781978,-0.6275290188666149,1.627529018866615,-0.019555239596449902,0.28105141388740384,,0.0818299597598005,7096.926384255394
ppo_markovian_mdd_static_seed_42,2020-09-04,7292.219177622839,0.004536807925304531,0.06399404381473506,-0.5563739484620602,1.5563739484620602,-0.03714190470343162,0.27778968224404166,,0.5710534596248475,7258.820644003201
ppo_markovian_mdd_static_seed_42,2020-09-08,7405.381648305557,0.015518248687583558,0.012030189626166088,-0.5444185980074261,1.544418598007426,-0.024588264412159166,0.2665822429283659,,0.366671654116638,7292.131450843337
ppo_markovian_mdd_static_seed_42,2020-09-09,7335.022585629258,-0.009501071790459004,0.06662958342956049,-0.49186486529829,1.49186486529829,-0.050579069567847204,0.27355049769070094,,0.4123786139458149,7404.888230811193
ppo_markovian_mdd_static_seed_42,2020-09-10,7406.640829202817,0.00976387498981568,0.07480257225511577,-0.5514025462784636,1.5514025462784637,-0.030252113952662342,0.2664575355637391,,0.2222786791681557,7334.4739070723035
ppo_markovian_mdd_static_seed_42,2020-09-11,7404.475670786474,-0.0002923266385223,0.023660100809561047,-0.5281530187637546,1.5281530187637546,-0.04029316480926999,0.26667196956658107,,0.281758672686571,7406.465587334138
ppo_markovian_mdd_static_seed_42,2020-09-14,7348.760217313685,-0.007524564324332794,0.04011069078138085,-0.5800902964785251,1.580090296478525,-0.048381508201388576,0.2721899435024136,,0.0780287037670524,7404.178672152445
ppo_markovian_mdd_static_seed_42,2020-09-15,7325.681745869712,-0.0031404578134961447,0.03465424755071078,-0.6197754226542594,1.6197754226542593,-0.04431673944190524,0.27447560028108253,,0.0026098690543933,7348.505551557923
ppo_markovian_mdd_static_seed_42,2020-09-16,7343.9549270497555,0.0024944000864282057,0.011714271464240311,-0.6274111678475983,1.6274111678475984,-0.038408583589071996,0.27266585215571787,,-0.0188647166618576,7325.595930845081
ppo_markovian_mdd_static_seed_42,2020-09-17,7384.1809626292625,0.0054774349759887375,0.00416408084579778,-0.6143975699548755,1.6143975699548756,-0.03483980061474683,0.2686819266550846,,0.0097513886705692,7343.924346227712
ppo_markovian_mdd_static_seed_42,2020-09-18,7452.743958959089,0.009285118644412726,0.012734874547008057,-0.5869076724182427,1.5869076724182427,-0.030041455816820724,0.2618915515772738,,0.0360604682945794,7384.086926011071
ppo_markovian_mdd_static_seed_42,2020-09-21,7500.225107156677,0.0063709619516059135,0.013272034658080356,-0.5636527800462415,1.5636527800462416,-0.0322276104493791,0.2571890907362138,,-0.0120053411430832,7452.645045882968
ppo_markovian_mdd_static_seed_42,2020-09-22,7461.135914042695,-0.005211735988654986,0.05753478049256111,-0.5139215045745703,1.5139215045745704,-0.0443844282199909,0.26106042508478944,,0.123263872051966,7499.793583351492
ppo_markovian_mdd_static_seed_42,2020-09-23,7556.591726302329,0.012793737221697743,0.03947156135484253,-0.5337098700282372,1.5337098700282372,-0.025028405190301257,0.2516066263406111,,0.0544702513124791,7460.841411358687
ppo_markovian_mdd_static_seed_42,2020-09-24,7546.7681258410985,-0.0013000041311002075,0.07354714100335014,-0.46195588692325407,1.461955886923254,-0.039187780992234196,0.2525795408180564,,0.1739263529601876,7556.03596058513
ppo_markovian_mdd_static_seed_42,2020-09-25,7489.863412779954,-0.0075402757991590574,0.004187452949106163,-0.4772762709808568,1.4772762709808567,-0.046301141977207694,0.2582152972182223,,0.1655465878012666,7546.736524104654
ppo_markovian_mdd_static_seed_42,2020-09-28,7419.190392262086,-0.009435822340535416,0.085714454059579,-0.5777440668574395,1.5777440668574396,-0.04926281863099419,0.26521464588859806,,0.0105644105670897,7489.221423226547
ppo_markovian_mdd_static_seed_42,2020-09-29,7443.698604716543,0.0033033540263394112,0.035326599932569036,-0.6077028707366945,1.6077028707366945,-0.03612019852128991,0.262787389730599,,-0.0055633201582145,7418.928297491275
ppo_markovian_mdd_static_seed_42,2020-09-30,7409.19476423232,-0.004635308643791691,0.0032321616310118095,-0.618431756274551,1.6184317562745512,-0.04457677465825359,0.266204597715293,,-0.0026907383436588,7443.67454547952
ppo_markovian_mdd_static_seed_42,2020-10-01,7379.523476862545,-0.004004657498411612,0.004628589375168191,-0.6295787378817584,1.6295787378817583,-0.04438417715799966,0.2691431969753524,,0.002251794724036,7409.160470112156
ppo_markovian_mdd_static_seed_42,2020-10-02,7423.673282201253,0.0059827447500009345,0.0006168201893780312,-0.620499517552587,1.6204995175525871,-0.03375068089664683,0.26477066727405424,,0.0241575945326884,7379.518925023476
ppo_markovian_mdd_static_seed_42,2020-10-05,7343.841927756151,-0.01075361905224237,0.01491608821603918,-0.6230127410466287,1.6230127410466286,-0.05171341361825428,0.27267704343422344,,0.0884369439531869,7423.562550035688
ppo_markovian_mdd_static_seed_42,2020-10-06,7408.991926828592,0.008871378185062229,0.0011092229311849833,-0.6098386747637198,1.60983867476372,-0.031101444261717348,0.26622468642385083,,0.1090885157229678,7343.833781798281
ppo_markovian_mdd_static_seed_42,2020-10-07,7333.335300403447,-0.010211460232691816,0.024596820572893363,-0.6015570989072511,1.601557098907251,-0.05132159544178037,0.2737176038581647,,0.2150132458046228,7408.809689183542
ppo_markovian_mdd_static_seed_42,2020-10-08,7292.836759300278,-0.005522526850905263,0.019399500805120762,-0.6299264666405341,1.629926466640534,-0.04719711006227854,0.27772851789219777,,0.1108551145615472,7333.193037359382
ppo_markovian_mdd_static_seed_42,2020-10-09,7250.510403168875,-0.005803826073225271,0.017984783950743988,-0.6575014634735832,1.6575014634735832,-0.048108802115680166,0.28192045595200205,,-0.0134909087892714,7292.7055992067735
ppo_markovian_mdd_static_seed_42,2020-10-12,7172.612760605359,-0.01074374605813555,0.009727831303333323,-0.685319723386424,1.6853197233864239,-0.054247174867691525,0.28963532022279553,,-0.1134734716438392,7250.43987142681
ppo_markovian_mdd_static_seed_42,2020-10-13,7204.108879176098,0.004391163948474608,0.01079482008899968,-0.6671859403058839,1.6671859403058837,-0.03859584794822242,0.28651599245068815,,-0.1112827051799082,7172.53533354104
ppo_markovian_mdd_static_seed_42,2020-10-14,7234.062071118026,0.0041577927880172005,0.004722215692694154,-0.6555723473351103,1.6555723473351103,-0.038383248016419666,0.28354947378973405,,-0.0425970032373333,7204.074859820096
ppo_markovian_mdd_static_seed_42,2020-10-15,7239.903677395554,0.0008075139831673628,0.0011988803665738956,-0.6530366333765286,1.6530366333765287,-0.041638451376570206,0.28297092997157175,,-0.0225110661449376,7234.053398343039
ppo_markovian_mdd_static_seed_42,2020-10-16,7242.704635592916,0.0003868778263040884,0.004827717189242242,-0.6475635532945736,1.6475635532945736,-0.04201722609016019,0.2826935273235623,,0.014899810288873,7239.868725188122
ppo_markovian_mdd_static_seed_42,2020-10-19,7313.496698528646,0.009774257890876381,0.004374719104204949,-0.6272762281867935,1.6272762281867936,-0.03162555949791297,0.275682388872828,,0.0429189051726926,7242.67295079458
ppo_markovian_mdd_static_seed_42,2020-10-20,7295.672635131182,-0.0024371465705386175,0.025113330599971007,-0.6060368090416149,1.606036809041615,-0.04405726980458705,0.27744765705476726,,0.1672665013817332,7313.313032268215
ppo_markovian_mdd_static_seed_42,2020-10-21,7303.9757954101115,0.0011380938666227802,0.0031411319519237813,-0.6010684759703194,1.6010684759703193,-0.04035635197098808,0.2766253246649475,,0.1754866682814751,7295.649718460757
ppo_markovian_mdd_static_seed_42,2020-10-22,7279.556005268947,-0.0033433558414185383,0.007145902386614167,-0.6135977175687022,1.6135977175687022,-0.04520553088594543,0.2790438236112632,,0.1206462286333273,7303.9236019120435
ppo_markovian_mdd_static_seed_42,2020-10-23,7264.041144647775,-0.0021312921570961763,0.010930094435387172,-0.6279797562480942,1.6279797562480942,-0.04422062537079933,0.28058039185561057,,0.0773470369063149,7279.476439034362
ppo_markovian_mdd_static_seed_42,2020-10-26,7349.500380599821,0.01176469602116903,0.009141503918074001,-0.6180701904837971,1.618070190483797,-0.029121465811446236,0.27211663885412324,,0.0325097388969624,7263.97474038719
ppo_markovian_mdd_static_seed_42,2020-10-27,7362.45418870975,0.001762542681693402,0.0827540212218647,-0.5324880400952264,1.5324880400952265,-0.03886406577834338,0.27083371336280915,,0.38669047503396,7348.892179889355
ppo_markovian_mdd_static_seed_42,2020-10-28,7487.232175266992,0.0169478795193847,0.03557207382287231,-0.4719168484568953,1.4719168484568952,-0.021965517138433397,0.25847589098728496,,0.4468070371546322,7362.192290945832
ppo_markovian_mdd_static_seed_42,2020-10-29,7474.612373384324,-0.0016855096232164524,0.33942920867208237,-0.1340146329781628,1.1340146329781629,-0.04064579224405824,0.25972573700887286,,0.9480484338748182,7484.6907899745975
ppo_markovian_mdd_static_seed_42,2020-10-30,7495.9163303271225,0.0028501754845051686,0.15422499509839055,-0.2843802402526769,1.284380240252677,-0.03579625238220371,0.25761582545268547,,0.7441066275110758,7473.459601327677
ppo_markovian_mdd_static_seed_42,2020-11-02,7475.55800937285,-0.0027159215841172646,0.04617881577319233,-0.24151610619385447,1.2415161061938544,-0.04166442878893558,0.25963208265604554,,0.7692720511842686,7495.570177787853
ppo_markovian_mdd_static_seed_42,2020-11-03,7430.136895141661,-0.0060759496714815064,0.09714556449095998,-0.3467141933015232,1.3467141933015232,-0.0457140614940459,0.264130520860207,,0.6975803335674434,7474.831792070145
ppo_markovian_mdd_static_seed_42,2020-11-04,7353.354259854537,-0.01033394624765649,0.1107653730341549,-0.47253522796135644,1.4725352279613564,-0.05114795567601813,0.2717349565029286,,0.5754284469913702,7429.313893256775
ppo_markovian_mdd_static_seed_42,2020-11-05,7267.02834415767,-0.011739665008139388,0.1231711752941062,-0.6144631143528493,1.6144631143528492,-0.05385180061077876,0.2802845441507223,,0.1292090200194876,7352.448538567997
ppo_markovian_mdd_static_seed_42,2020-11-06,7267.8517838362395,0.00011331174719186876,0.03500667849001571,-0.649225173798192,1.649225173798192,-0.041917143462340094,0.280202991934939,,-0.0225662145092899,7266.773949632849
ppo_markovian_mdd_static_seed_42,2020-11-09,7205.771492094793,-0.008541766341398693,0.02831119457186415,-0.6919410403415505,1.6919410403415505,-0.05153115577699248,0.28635132979106864,,-0.2285682265501054,7267.646022270268
ppo_markovian_mdd_static_seed_42,2020-11-10,7212.878883809992,0.0009863470862205848,0.011524158303434007,-0.6787416946688983,1.6787416946688984,-0.04186125271013056,0.2856474245046229,,-0.1668460079291394,7205.688451643419
ppo_markovian_mdd_static_seed_42,2020-11-11,7176.107349100355,-0.005098038564348206,0.00664454581343199,-0.6940111761607466,1.6940111761607466,-0.04850446112097029,0.28928922148303976,,-0.2419036577753682,7212.830957505802
ppo_markovian_mdd_static_seed_42,2020-11-12,7224.633375529933,0.006762165623910521,0.0034079307995500407,-0.686012228341459,1.686012228341459,-0.03593308689025764,0.2844832774880098,,-0.3468931205130146,7176.082893423099
ppo_markovian_mdd_static_seed_42,2020-11-13,7156.416971181987,-0.009442195998346059,0.0043020447210061485,-0.6977332792031863,1.6977332792031863,-0.05317295513311047,0.29123932662206214,,-0.2086429548016839,7224.602294834059
ppo_markovian_mdd_static_seed_42,2020-11-16,7093.8213937909495,-0.008746776165098002,0.0027672686827084902,-0.7155009449202149,1.715500944920215,-0.05340105838391543,0.2974386975867231,,-0.381599334607038,7156.397167453422
ppo_markovian_mdd_static_seed_42,2020-11-17,7120.7470193935815,0.0037956447037417185,0.008232051201495394,-0.7007992098806601,1.7007992098806601,-0.04042734425452597,0.2947720245001643,,-0.4347828906758582,7093.762997090022
ppo_markovian_mdd_static_seed_42,2020-11-18,7181.075196928772,0.008472169755628922,0.003462450695206565,-0.6899383153695432,1.689938315369543,-0.034883099656016964,0.2887972133753112,,-0.419256523453908,7120.722364158114
ppo_markovian_mdd_static_seed_42,2020-11-19,7160.075228209207,-0.0029243488117971506,0.0037620578032168117,-0.6986614800548989,1.698661480054899,-0.04656018583417284,0.290877018399324,,-0.3378472851732919,7181.048181308792
ppo_markovian_mdd_static_seed_42,2020-11-20,7194.421667949324,0.0047969383903676555,0.002161886587099371,-0.6926999124613173,1.6926999124613173,-0.038335840128762275,0.2874753991453918,,-0.3973333639141337,7160.059748938608
ppo_markovian_mdd_static_seed_42,2020-11-23,7164.464659109458,-0.00416392174694491,0.0016555157575242063,-0.7014372748565693,1.7014372748565694,-0.04773895938345653,0.2904422958261235,,-0.3564991790476827,7194.409757470887
ppo_markovian_mdd_static_seed_42,2020-11-24,7083.093726272242,-0.011357573344123462,0.003204842166898758,-0.724219604534407,1.7242196045344071,-0.056197735557010305,0.2985011494931662,,-0.4400794052908536,7164.441698131015
ppo_markovian_mdd_static_seed_42,2020-11-25,7090.843414301586,0.0010941106144901624,0.008833035034437553,-0.7134966625439204,1.7134966625439203,-0.04356653231152364,0.29773363215477394,,-0.5224196484838053,7083.031161057205
ppo_markovian_mdd_static_seed_42,2020-11-27,7076.654088920193,-0.002001077241781113,0.003697000576349363,-0.7206304290473902,1.7206304290473902,-0.0468739202820085,0.2991389214011373,,-0.5567981268513753,7090.817199449396
ppo_markovian_mdd_static_seed_42,2020-11-30,7099.239115159437,0.0031914837090318837,0.0003376982032812226,-0.715492579462507,1.715492579462507,-0.04134891846825347,0.29690213468649446,,-0.5926353906666775,7076.6516991468225
ppo_markovian_mdd_static_seed_42,2020-12-01,7043.014399789098,-0.007919822738506999,0.007896509645006433,-0.7371332679039118,1.7371332679039118,-0.05332193288316435,0.30247054514760013,,-0.6172616092891968,7099.183055949292
ppo_markovian_mdd_static_seed_42,2020-12-02,7032.1882651369615,-0.0015371450401210351,0.01231271364747255,-0.7274546654058237,1.7274546654058236,-0.047069740023038445,0.3035427490894648,,-0.6045089312570557,7042.927681169578
ppo_markovian_mdd_static_seed_42,2020-12-03,7033.529470670111,0.00019072378078921481,0.005985263092591286,-0.721130838285243,1.721130838285243,-0.04532078212409079,0.30340991812941304,,-0.5758775967396791,7032.146175640078
ppo_markovian_mdd_static_seed_42,2020-12-04,6989.864464424852,-0.006208121602012562,0.0008298658235426082,-0.731046089464803,1.731046089464803,-0.05238763722706036,0.3077344340644215,,-0.5702801289175281,7033.523633784384
ppo_markovian_mdd_static_seed_42,2020-12-07,7000.194438533176,0.0014778504162562545,0.00797868662514234,-0.720510997131535,1.720510997131535,-0.04452994589641211,0.3067113691096438,,-0.611235386242582,6989.808694486737
ppo_markovian_mdd_static_seed_42,2020-12-08,6985.4437276832,-0.0021071858759778017,0.0005942958147014954,-0.7235475141559424,1.7235475141559424,-0.04833524768396607,0.30817225712063195,,-0.5751569358585644,7000.1902783469195
ppo_markovian_mdd_static_seed_42,2020-12-09,7030.747787048347,0.006485494856340646,0.0003919560466589811,-0.7120513822745107,1.7120513822745107,-0.03908825725315434,0.303685411852714,,-0.625687096117064,6985.4409896962925
ppo_markovian_mdd_static_seed_42,2020-12-10,7032.372448880044,0.00023107952111289798,0.0027179215241648347,-0.7143684877411174,1.7143684877411174,-0.045297623345318457,0.303524507811141,,-0.5045341371837958,7030.728678027605
ppo_markovian_mdd_static_seed_42,2020-12-11,7038.250404122914,0.0008358424252410401,0.0008362187401103061,-0.7120997904720892,1.7120997904720892,-0.044605861303506245,0.30294236404662894,,-0.488234237778244,7032.366568278415
ppo_markovian_mdd_static_seed_42,2020-12-14,7060.540631948572,0.0031670126161753576,0.003863453764020308,-0.7028368312879869,1.702836831287987,-0.041948207862925135,0.3007347737193633,,-0.4303334766316055,7038.223212167898
ppo_markovian_mdd_static_seed_42,2020-12-15,6994.119660265514,-0.009407349259135556,0.007550497727043304,-0.7113730169888097,1.7113730169888097,-0.05554882874239776,0.3073130059277538,,-0.3245016703691909,7060.487321352579
ppo_markovian_mdd_static_seed_42,2020-12-16,6986.312151181987,-0.0011162961834756402,0.00017361417966665904,-0.7131114454891305,1.7131114454891305,-0.0473298571724644,0.30808624977557986,,-0.4732096198096684,6994.1184459871665
ppo_markovian_mdd_static_seed_42,2020-12-17,6958.391976207132,-0.0039964110349881565,0.001323416647710296,-0.7213116621464588,1.7213116621464588,-0.05063213125384053,0.3108514215222367,,-0.5086512096640364,6986.30290538018
ppo_markovian_mdd_static_seed_42,2020-12-18,6999.476366763755,0.005904293793322246,0.002736303755650704,-0.7084832686872952,1.7084832686872953,-0.04013044111957112,0.3067824858476536,,-0.5582023180192586,6958.372935933034
ppo_markovian_mdd_static_seed_42,2020-12-21,7017.4397517703255,0.002566389836226479,0.01290346198363379,-0.7169581349160158,1.7169581349160157,-0.043187410638361505,0.3050034194650388,,-0.5912206650117584,6999.3860492865515
ppo_markovian_mdd_static_seed_42,2020-12-22,7025.538838744614,0.0011541370158889563,0.020186155584045573,-0.6947817177145384,1.6947817177145383,-0.04447672321605977,0.3042012981855272,,-0.3106368249343207,7017.298096639694
ppo_markovian_mdd_static_seed_42,2020-12-23,7021.079295942708,-0.0006347616751204432,0.005480471196899539,-0.7013328115388745,1.7013328115388746,-0.04633140790186203,0.30464296453503764,,-0.3897607878577951,7025.500335481365
ppo_markovian_mdd_static_seed_42,2020-12-24,7001.649686992446,-0.002767325097936202,0.007951315219700938,-0.7140137690229088,1.714013769022909,-0.048756247747564985,0.3065672435113063,,-0.4682084089829041,7021.023469128044
ppo_markovian_mdd_static_seed_42,2020-12-28,6957.991356154254,-0.006235434903191339,0.01058672488501966,-0.7354032299078413,1.7354032299078415,-0.052888621168432494,0.3108910983241321,,-0.6156661669193918,7001.575562453469
ppo_markovian_mdd_static_seed_42,2020-12-29,6967.561056849873,0.0013753539212368882,0.009501149371952677,-0.7235152390400948,1.7235152390400947,-0.04511709046576318,0.30994332969405297,,-0.6061212804122721,6957.925247239051
ppo_markovian_mdd_static_seed_42,2020-12-30,6960.389663762073,-0.001029254430537141,0.007144239227015015,-0.7181271276063697,1.7181271276063697,-0.04762782051350431,0.310653573579287,,-0.4984645761930652,6967.511278926854
ppo_markovian_mdd_static_seed_42,2020-12-31,6935.0108949204,-0.003646170698431317,0.0006132683343664791,-0.7237980679806229,1.7237980679806229,-0.05062789142926287,0.31316704832037057,,-0.5277852380797079,6960.385395175497
ppo_markovian_mdd_static_seed_42,2021-01-04,7002.749462132378,0.009767622320765668,0.005891294890260301,-0.7012791997100261,1.701279199710026,-0.03624852104635372,0.3064583234509072,,-0.5343949912150368,6934.97003872615
ppo_markovian_mdd_static_seed_42,2021-01-05,6969.91084140922,-0.004689389631991503,0.023854530444278987,-0.6852876254054059,1.6852876254054059,-0.05115701090445423,0.30971061059827054,,-0.1958075701443868,7002.58241483214
ppo_markovian_mdd_static_seed_42,2021-01-06,6940.955077576712,-0.0041543951553121294,0.00822928467073547,-0.700567804290819,1.700567804290819,-0.05104980045382075,0.31257834549336444,,-0.3335479297679812,6969.853484028776
ppo_markovian_mdd_static_seed_42,2021-01-07,6868.7654809637625,-0.010400527853315689,0.0005882010002611349,-0.7178450991623748,1.7178450991623748,-0.05841417533838891,0.31972789355803305,,-0.3603959788345364,6940.950994899993
ppo_markovian_mdd_static_seed_42,2021-01-08,6840.607872185043,-0.004099369654817386,0.001388354111398371,-0.7263078403445214,1.7263078403445213,-0.0524852821627359,0.3225165803881999,,-0.586597085360177,6868.755944684966
ppo_markovian_mdd_static_seed_42,2021-01-11,6873.988013109707,0.004879703901811583,0.002092869279000209,-0.7158385783035511,1.715838578303551,-0.043013762548745435,0.31921066190210756,,-0.6582237723302314,6840.593555686977
ppo_markovian_mdd_static_seed_42,2021-01-12,6872.919724367139,-0.00015541032956867262,0.005340304930900985,-0.7107550077898583,1.7107550077898583,-0.048052891946631496,0.3193164635975082,,-0.4554975549183051,6873.951303917625
ppo_markovian_mdd_static_seed_42,2021-01-13,6859.665901104448,-0.0019284123479139659,0.0038916296498694436,-0.7179528862289729,1.7179528862289728,-0.050024639449031044,0.3206291021341285,,-0.5231216848907005,6872.892977508958
ppo_markovian_mdd_static_seed_42,2021-01-14,6876.990974385828,0.002525643891576612,0.004555842275208,-0.7181614171381585,1.7181614171381585,-0.045314528163224434,0.3189132531758187,,-0.6215768967412542,6859.634649548541
ppo_markovian_mdd_static_seed_42,2021-01-15,6912.975703541723,0.005232627073370466,0.0005638133402459111,-0.7086558763955694,1.7086558763955693,-0.042083422582958635,0.3153493802250727,,-0.5403016595238772,6876.987097046575
ppo_markovian_mdd_static_seed_42,2021-01-19,6874.536881572632,-0.005560387251093313,0.0005761210893254765,-0.7176294561756962,1.7176294561756962,-0.05344934916991744,0.3191563028027223,,-0.4547566807247573,6912.97172083063
ppo_markovian_mdd_static_seed_42,2021-01-20,6806.188088299534,-0.009942312398717235,0.0007592800723201787,-0.7356437438236665,1.7356437438236665,-0.05888088677706694,0.3259254635349553,,-0.5530337311145016,6874.531661873772
ppo_markovian_mdd_static_seed_42,2021-01-21,6801.619647388866,-0.0006712187279280801,0.00644153292049876,-0.7303525172056659,1.7303525172056657,-0.04962813134424914,0.32637791498785007,,-0.6982003151956254,6806.1442460149
ppo_markovian_mdd_static_seed_42,2021-01-22,6819.196747104359,0.00258425207917079,0.00016945226807429936,-0.7257230683267507,1.7257230683267508,-0.04611464721561878,0.3246371057140821,,-0.7252433202538535,6801.61849483899
ppo_markovian_mdd_static_seed_42,2021-01-25,6799.591720645418,-0.002874975922533163,0.0026017026006784905,-0.7333034801121432,1.7333034801121432,-0.051865930270073586,0.3265787577741264,,-0.6803240407508724,6819.179005582448
ppo_markovian_mdd_static_seed_42,2021-01-26,6807.160082606868,0.0011130612354959268,0.01232390876967493,-0.7190449598403634,1.7190449598403634,-0.04776193756202206,0.3258291986942452,,-0.5758005709743513,6799.5079230973815
ppo_markovian_mdd_static_seed_42,2021-01-27,6927.046663730535,0.017611835136651433,0.0016242501167593737,-0.6908867956797058,1.6908867956797058,-0.029634828076176276,0.31395581368770403,,-0.5927094334622085,6807.149026076309
ppo_markovian_mdd_static_seed_42,2021-01-28,6896.320625508397,-0.00443566208136259,0.19805577413238828,-0.4991852368517378,1.4991852368517378,-0.0519953598988905,0.3169988738710687,,0.6149059939431424,6925.674722141099
ppo_markovian_mdd_static_seed_42,2021-01-29,6979.566272539667,0.012071023311091,0.10930159433646408,-0.5891286124874262,1.5891286124874262,-0.03431440316327504,0.3087543513560649,,0.0104230393710318,6895.566846668973
ppo_markovian_mdd_static_seed_42,2021-02-01,6918.454378781927,-0.008755829713685492,0.06710761687051336,-0.5353622266201815,1.5353622266201814,-0.0560154043062187,0.3148067805459173,,0.2526377708930529,6979.097890480327
ppo_markovian_mdd_static_seed_42,2021-02-02,6858.326874387149,-0.008690886880627802,0.07406647716476111,-0.6234184451372179,1.6234184451372178,-0.05684313048233999,0.3207617173075659,,0.0031282757989204,6917.9419532386655
ppo_markovian_mdd_static_seed_42,2021-02-03,6854.184904294853,-0.0006039330245053431,0.06368667409114515,-0.6880171224006255,1.6880171224006255,-0.04877990522621169,0.32117193173799224,,-0.4043358252961432,6857.890090358689
ppo_markovian_mdd_static_seed_42,2021-02-04,6797.81009050034,-0.008224874960578998,0.03277940307773752,-0.7350103620788471,1.735010362078847,-0.05727216702118114,0.3267552077191786,,-0.6373405755443162,6853.960228205106
ppo_markovian_mdd_static_seed_42,2021-02-05,6778.114578211729,-0.002897331938727543,0.0008991595008953635,-0.7409520767760407,1.7409520767760407,-0.05220741053358138,0.32870582135843585,,-0.7401848096245571,6797.803978184812
ppo_markovian_mdd_static_seed_42,2021-02-08,6741.7882967181595,-0.005359348986271328,0.0010025478768218576,-0.7513389146970513,1.7513389146970513,-0.05521928998583697,0.33230352113422834,,-0.8222409328640775,6778.10778282735
ppo_markovian_mdd_static_seed_42,2021-02-09,6745.031101190595,0.0004810006380673304,0.01155640250909351,-0.7389259820540488,1.7389259820540488,-0.04931646881093673,0.33198235870185866,,-0.7936617201162512,6741.710385898971
ppo_markovian_mdd_static_seed_42,2021-02-10,6747.17529335729,0.0003178921096917975,0.002801526125246312,-0.7355678687994563,1.7355678687994565,-0.04944765858198246,0.33177000116455496,,-0.7637361250673007,6745.012204809749
ppo_markovian_mdd_static_seed_42,2021-02-11,6739.167177916128,-0.0011868841541802233,0.0017954121534907719,-0.7358295724236925,1.7358295724236925,-0.051072055973221474,0.3325631127615206,,-0.7364032572859182,6747.163179396766
ppo_markovian_mdd_static_seed_42,2021-02-12,6714.588108210263,-0.003647196909791539,0.0020817115461866376,-0.7442693599593809,1.744269359959381,-0.05390347212565333,0.33499738651413774,,-0.8063032239411334,6739.153148914002
ppo_markovian_mdd_static_seed_42,2021-02-16,6718.915496681341,0.0006444756404024865,0.00046617900012224656,-0.7436110107776503,1.7436110107776503,-0.049541053224180065,0.3345688085289421,,-0.9231312556263124,6714.584978010293
ppo_markovian_mdd_static_seed_42,2021-02-17,6717.73769954337,-0.0001752957212445283,0.006034108864961141,-0.7378710585451392,1.7378710585451391,-0.05037812945277367,0.3346854557695896,,-0.7969472731990006,6718.87495401378
ppo_markovian_mdd_static_seed_42,2021-02-18,6738.786798779908,0.0031333612858936988,0.0013349729395178977,-0.7311095756509537,1.7311095756509536,-0.04676165520028357,0.33260078493375594,,-0.7977878175303572,6717.728731545326
ppo_markovian_mdd_static_seed_42,2021-02-19,6747.492845916301,0.0012919309359911146,0.0010571914694076368,-0.7299299858226485,1.7299299858226485,-0.04846968557486857,0.3317385512411556,,-0.7150456858550434,6738.77967459199
ppo_markovian_mdd_static_seed_42,2021-02-22,6785.637547499987,0.005653166658305064,0.005796013055830551,-0.7259588058132965,1.7259588058132964,-0.043556866205659586,0.3279607579000015,,-0.7582869940144594,6747.453737359672
ppo_markovian_mdd_static_seed_42,2021-02-23,6779.649451526403,-0.0008824662283634099,0.0003961508135955638,-0.7278790676538721,1.727879067653872,-0.05016592730620322,0.3285538098352897,,-0.6370409557544483,6785.634859364151
ppo_markovian_mdd_static_seed_42,2021-02-24,6725.16570523771,-0.008036366286818253,0.001301208740018267,-0.7431869149241207,1.7431869149241206,-0.05816130153676862,0.33394979736134195,,-0.6664729092961816,6779.640629787283
ppo_markovian_mdd_static_seed_42,2021-02-25,6845.3088879849065,0.017864717095911198,0.0017102003130672339,-0.7109088340400109,1.710908834040011,-0.030600631408828603,0.322050998919528,,-0.8212301645001946,6725.154203857216
ppo_markovian_mdd_static_seed_42,2021-02-26,6867.663426119495,0.003265672667281061,0.06455064207300043,-0.6408932980951229,1.640893298095123,-0.04471520397054616,0.31983703939688896,,-0.1482765672569006,6844.867018900999
ppo_markovian_mdd_static_seed_42,2021-03-01,6761.84483811796,-0.015408237334269992,0.005467194026366751,-0.6610104054183068,1.6610104054183068,-0.0650757506243491,0.3303171517198415,,-0.2284064752891423,6867.625879271037
ppo_markovian_mdd_static_seed_42,2021-03-02,6799.169398927456,0.005519878332476802,0.05323449671563485,-0.7047436675364677,1.7047436675364676,-0.04348838794656598,0.3266205838759885,,-0.6336766953462498,6761.484874711133
ppo_markovian_mdd_static_seed_42,2021-03-03,6863.452491543887,0.009454550820070962,0.00978435666015709,-0.6984531371423112,1.698453137142311,-0.038627976313408,0.3202540839650544,,-0.5630744824258629,6799.102873429064
ppo_markovian_mdd_static_seed_42,2021-03-04,6920.415253565946,0.008299432696917464,0.025688597423683235,-0.6589531983269321,1.658953198326932,-0.038926704988940096,0.3146125784839179,,-0.3300759907554155,6863.276179075895
ppo_markovian_mdd_static_seed_42,2021-03-05,6842.1168827927995,-0.011314114529876074,0.04643721236120335,-0.6308932178714483,1.6308932178714484,-0.059733675568140306,0.3223671302682872,,-0.1590849258276594,6920.093888773188
ppo_markovian_mdd_static_seed_42,2021-03-08,6865.221547424604,0.003376829865316955,0.05930597846720531,-0.6844109880914547,1.6844109880914546,-0.04464069072517288,0.3200788793560567,,-0.5035952037945599,6841.711104356278
ppo_markovian_mdd_static_seed_42,2021-03-09,6797.842626122804,-0.009814529776839609,0.0028061282644412655,-0.7039357095676294,1.7039357095676295,-0.05887580755645326,0.32675198544051887,,-0.4260780098672345,6865.202282732378
ppo_markovian_mdd_static_seed_42,2021-03-10,6767.613711202957,-0.004446839472817876,0.009020718960202623,-0.7205921736235902,1.72059217362359,-0.05391862776573715,0.32974581128665825,,-0.5491292449321689,6797.781304694939
ppo_markovian_mdd_static_seed_42,2021-03-11,6717.534835838456,-0.007399783365531265,0.008407202673406888,-0.7418743329627219,1.741874332962722,-0.057633129641751824,0.3347055470829769,,-0.6757808419421294,6767.556814502872
ppo_markovian_mdd_static_seed_42,2021-03-12,6710.835656709225,-0.0009972674936482573,0.00539105707237153,-0.7382073721193391,1.738207372119339,-0.05130311863791729,0.33536902361457555,,-0.7293437251122816,6717.49862122477
ppo_markovian_mdd_static_seed_42,2021-03-15,6680.989446262183,-0.004447465557765984,0.006482271263687056,-0.7524723944467242,1.7524723944467242,-0.05520612700302038,0.33832494699067406,,-0.8499149195779911,6710.792155252092
ppo_markovian_mdd_static_seed_42,2021-03-16,6687.286458291331,0.00094252686369245,0.002909415702217366,-0.7479104359972487,1.7479104359972486,-0.049713112107575654,0.33770130047817765,,-0.9097374694819284,6680.970008486582
ppo_markovian_mdd_static_seed_42,2021-03-17,6670.094467620499,-0.0025708470510510395,0.0046652595174302425,-0.7570847153531479,1.757084715353148,-0.05348475272358199,0.33940396913675824,,-0.9581946044722924,6687.255260364535
ppo_markovian_mdd_static_seed_42,2021-03-18,6743.615604249136,0.011022503052324106,0.0005300760401321103,-0.7384517697850179,1.738451769785018,-0.03885618410291602,0.332122547370215,,-1.0370217287941854,6670.0909319632365
ppo_markovian_mdd_static_seed_42,2021-03-19,6769.193645730165,0.003792926967087551,0.004947969480423975,-0.736803543978251,1.736803543978251,-0.04565264858867794,0.3295893369694257,,-0.8059444577610255,6743.582237044938
ppo_markovian_mdd_static_seed_42,2021-03-22,6728.554011358704,-0.006003615275077201,0.013393807000600333,-0.7607447432091617,1.7607447432091616,-0.05606384312982607,0.33361422466657076,,-0.8943151488098354,6769.102980456924
ppo_markovian_mdd_static_seed_42,2021-03-23,6769.347637575043,0.006062762689795553,0.010939247746191039,-0.7609881567712037,1.7609881567712038,-0.04339165478651789,0.3295740858508688,,-1.155683118743034,6728.4804060394
ppo_markovian_mdd_static_seed_42,2021-03-24,6795.585381321551,0.0038759634090688166,0.0018394184355529086,-0.7560180708409726,1.7560180708409727,-0.04517785971457254,0.3269755395391352,,-0.9945494687315648,6769.335185912202
ppo_markovian_mdd_static_seed_42,2021-03-25,6766.781395346303,-0.004238632046978497,0.003111390733855912,-0.7603627561219206,1.7603627561219206,-0.05372187690036574,0.329828242585645,,-0.8922383520135697,6795.564237600164
ppo_markovian_mdd_static_seed_42,2021-03-26,6682.7736031587565,-0.01241473416672223,0.00944428456945512,-0.7920380015357815,1.7920380015357815,-0.06321467780676315,0.33814824679998934,,-1.0944894518030022,6766.717487937186
ppo_markovian_mdd_static_seed_42,2021-03-29,6685.318750045784,0.000380851879498767,0.012761153696426053,-0.7785767679091407,1.7785767679091407,-0.05030364752354463,0.33789617931583354,,-1.2466140842952032,6682.688323257688
ppo_markovian_mdd_static_seed_42,2021-03-30,6698.763451879161,0.002011078653995968,0.014898276793570586,-0.7601124906865828,1.7601124906865828,-0.048475636325834855,0.33656463645532636,,-1.0147510412977032,6685.219150316593
ppo_markovian_mdd_static_seed_42,2021-03-31,6677.67427606362,-0.003148219214939574,0.013311061826539738,-0.7790006303303662,1.779000630330366,-0.05395117674484401,0.33865327641470816,,-1.2035915949010692,6698.674284224691
ppo_markovian_mdd_static_seed_42,2021-04-01,6621.595826171895,-0.008397901361068216,0.001487424325269715,-0.7925643406044799,1.7925643406044798,-0.0600644425512345,0.3442072009648431,,-1.2521028451836504,6677.664343528465
ppo_markovian_mdd_static_seed_42,2021-04-05,6546.433355722077,-0.011351111185726293,0.0018447122704344787,-0.8112763239123773,1.8112763239123773,-0.06416370344962691,0.3516511779414898,,-1.6204213633674094,6621.583611232825
ppo_markovian_mdd_static_seed_42,2021-04-06,6549.2772465084845,0.00043441835147106644,0.028100676653618706,-0.7823512527235277,1.7823512527235277,-0.052271104478117114,0.35136952331503296,,-1.54398921514429,6546.249396515113
ppo_markovian_mdd_static_seed_42,2021-04-07,6543.351404306993,-0.0009048085732896727,0.003816363502336273,-0.7801387865212422,1.7801387865212424,-0.053698679619335464,0.3519564097312345,,-1.516648279795646,6549.252252085834
ppo_markovian_mdd_static_seed_42,2021-04-08,6518.985864454726,-0.0037237095101188,0.0035805743071574136,-0.790379828482731,1.790379828482731,-0.05688609014728125,0.3543695358112898,,-1.6878759907015009,6543.3279753510715
ppo_markovian_mdd_static_seed_42,2021-04-09,6481.779764981721,-0.005707344707690409,0.006187922030552073,-0.7944222523571267,1.7944222523571267,-0.05943184954954372,0.358054371424201,,-1.7364056840185984,6518.945525478478
ppo_markovian_mdd_static_seed_42,2021-04-12,6479.85332204555,-0.0002972089466196648,0.011921925723673343,-0.7830090020242619,1.783009002024262,-0.05403402763319028,0.3582451634082571,,-1.7845792035787733,6481.702489684806
ppo_markovian_mdd_static_seed_42,2021-04-13,6464.862195876474,-0.0023134977636104503,0.003607878500549777,-0.7835208752168212,1.7835208752168212,-0.056275657302350984,0.3597298617874983,,-1.7426509138213129,6479.829943522062
ppo_markovian_mdd_static_seed_42,2021-04-14,6482.037557522198,0.00265672509719983,0.004324672461846868,-0.7744742181245268,1.7744742181245268,-0.05105112376514225,0.3580288400423215,,-1.7867954584809362,6464.8342374649665
ppo_markovian_mdd_static_seed_42,2021-04-15,6427.680691720349,-0.008385768413015304,0.005625889068466394,-0.7951437523223056,1.7951437523223057,-0.06293296600672416,0.3634122615175614,,-1.7141418181535928,6482.001090297962
ppo_markovian_mdd_static_seed_42,2021-04-16,6410.833084079714,-0.0026211021437851922,0.015610425696481633,-0.7841820708037411,1.784182070803741,-0.05738666669685273,0.36508082300360506,,-1.7883367996114012,6427.580352888511
ppo_markovian_mdd_static_seed_42,2021-04-19,6435.303063600549,0.0038169734260593557,0.00604212195883147,-0.7713679407488669,1.771367940748867,-0.05058889573965057,0.36265735337731436,,-1.842551543751521,6410.794349044362
ppo_markovian_mdd_static_seed_42,2021-04-20,6471.855962381268,0.005680058642066221,0.005138602410617921,-0.7664637964457809,1.7664637964457808,-0.04819159353011377,0.35903720976940784,,-1.640361041290418,6435.269995136713
ppo_markovian_mdd_static_seed_42,2021-04-21,6424.391949286465,-0.0073339106078218474,0.007800598791188107,-0.7873588852004283,1.7873588852004283,-0.061921631981955036,0.36373797357589904,,-1.3863247137068526,6471.8054780294715
ppo_markovian_mdd_static_seed_42,2021-04-22,6470.210184239559,0.007131917746423078,0.005830948741840647,-0.768901885710131,1.768901885710131,-0.046773424872928605,0.35920020513826995,,-1.6288186049055848,6424.3544889863115
ppo_markovian_mdd_static_seed_42,2021-04-23,6415.466258818291,-0.008460919176105808,0.010492502488721578,-0.7945593394264189,1.794559339426419,-0.06319021000197687,0.3646219604106602,,-1.3962620378677255,6470.142295543098
ppo_markovian_mdd_static_seed_42,2021-04-26,6404.8682127499505,-0.0016519525847046301,0.0062299765571561805,-0.7912773268292341,1.7912773268292341,-0.0565040547837508,0.3656715748054244,,-1.6761943114770432,6415.426290613896
ppo_markovian_mdd_static_seed_42,2021-04-27,6405.905433295329,0.0001619425272971764,0.007058121449748045,-0.7839177199995745,1.7839177199995744,-0.05467339809254519,0.3655688500571119,,-1.6045490822666568,6404.823006412235
ppo_markovian_mdd_static_seed_42,2021-04-28,6407.345911063341,0.0002248671609363928,0.0003343769705522748,-0.7831817676183095,1.7831817676183095,-0.054589086216736325,0.36542618732561466,,-1.607766995881305,6405.903291308076
ppo_markovian_mdd_static_seed_42,2021-04-29,6375.251996776558,-0.005008924870337883,0.0024253915194163422,-0.7945918038597225,1.7945918038597224,-0.060312219564402664,0.3686047198779845,,-1.6513960617545282,6407.330370740907
ppo_markovian_mdd_static_seed_42,2021-04-30,6407.845659612997,0.005112529332631732,0.014301975082409268,-0.7712090091032806,1.7712090091032806,-0.049706999220051465,0.3653766929878755,,-1.570048104966696,6375.160818081356
ppo_markovian_mdd_static_seed_42,2021-05-03,6397.084684349212,-0.0016793437038612469,0.005075983591574129,-0.7792639720503475,1.7792639720503476,-0.056647121928607026,0.3664424436428299,,-1.3585901379539385,6407.8131334935715
ppo_markovian_mdd_static_seed_42,2021-05-04,6427.807021197102,0.004802552782059211,0.0006955254141475242,-0.7700663724153715,1.7700663724153713,-0.049718905189882465,0.3633997500379521,,-1.4152400852917872,6397.080235014238
ppo_markovian_mdd_static_seed_42,2021-05-05,6426.2474282145695,-0.00024263220370324134,0.0013389072210115982,-0.7718328115887324,1.7718328115887325,-0.054775793107580295,0.36355420975947844,,-1.170502511149699,6427.798414959866
ppo_markovian_mdd_static_seed_42,2021-05-06,6386.466240267811,-0.006190422698649556,0.002994132285626727,-0.7858769630970566,1.7858769630970566,-0.06133377454316236,0.36749407822584335,,-1.230458555042488,6426.2281871796695
ppo_markovian_mdd_static_seed_42,2021-05-07,6350.218264792577,-0.005675748389098789,0.006979558426341237,-0.7890391246822951,1.789039124682295,-0.06135452005988802,0.37108402269244845,,-1.3790695263015285,6386.421665553549
ppo_markovian_mdd_static_seed_42,2021-05-10,6399.726936530038,0.007796373238373677,0.001557459071028,-0.7736508377560325,1.7736508377560325,-0.04716097528361203,0.36618075899778224,,-1.7154865124604768,6350.208374587538
ppo_markovian_mdd_static_seed_42,2021-05-11,6443.539271668868,0.006845969456719558,0.005907667494649438,-0.7557131682975914,1.7557131682975915,-0.047453605562550634,0.36184165183279987,,-1.0922801198484522,6399.68912907124
ppo_markovian_mdd_static_seed_42,2021-05-12,6543.488821444676,0.0155115916209696,0.024424616013350664,-0.7048020726801455,1.7048020726801454,-0.03739890335559781,0.35194280014651763,,-0.6370393474399949,6443.381890696391
ppo_markovian_mdd_static_seed_42,2021-05-13,6508.291021002632,-0.005379057166979839,0.2802230483652651,-0.4318819995701066,1.4318819995701066,-0.058707886915657904,0.3554287368720024,,0.5579331104402602,6541.655185060187
ppo_markovian_mdd_static_seed_42,2021-05-14,6443.771853326025,-0.009913380865791077,0.20076855461003867,-0.6486666295072243,1.6486666295072243,-0.0642356382007064,0.36181861729853426,,-0.3612020558429238,6506.984360821364
ppo_markovian_mdd_static_seed_42,2021-05-17,6455.494112984685,0.001819161187808005,0.10930525331290508,-0.7545878491424015,1.7545878491424016,-0.05228114085634543,0.3606576624963421,,-1.2573931573464463,6443.067515211306
ppo_markovian_mdd_static_seed_42,2021-05-18,6497.997667551425,0.006584090051487745,0.010882238385827248,-0.7539030198376856,1.7539030198376855,-0.046904716642006516,0.3564481749724894,,-1.058536452824842,6455.423862758849
ppo_markovian_mdd_static_seed_42,2021-05-19,6510.415985038832,0.0019110990989454901,0.018067288808175097,-0.7324934026033899,1.73249340260339,-0.05137346727656483,0.3552182836595546,,-0.7116301422291762,6497.88026635089
ppo_markovian_mdd_static_seed_42,2021-05-20,6460.566945537832,-0.007656813269006912,0.022867860439541032,-0.7227774317847824,1.7227774317847824,-0.061709565688883736,0.3601552568608432,,-0.5290608912222639,6510.267105754683
ppo_markovian_mdd_static_seed_42,2021-05-21,6464.366634222961,0.0005881354867398603,0.019868308724250827,-0.7415868280686382,1.7415868280686382,-0.05337887861636261,0.35977894146139916,,-0.8412905490119578,6460.438584999224
ppo_markovian_mdd_static_seed_42,2021-05-24,6414.550521220312,-0.007706263555491755,0.013080513640498781,-0.7682711533039731,1.768271153303973,-0.062443008291820964,0.3647126536722735,,-0.9434657255266268,6464.282076987025
ppo_markovian_mdd_static_seed_42,2021-05-25,6425.567245850934,0.0017174585489938554,0.010579938557751745,-0.7757824389954638,1.775782438995464,-0.05282725069470854,0.36362157398825534,,-1.3016812274868417,6414.482655669922
ppo_markovian_mdd_static_seed_42,2021-05-26,6415.669120574849,-0.0015404282450668383,0.0002853543738293718,-0.7788074117401589,1.7788074117401589,-0.056231896318037856,0.364601869290235,,-1.1991630056426097,6425.5654122872165
ppo_markovian_mdd_static_seed_42,2021-05-27,6412.926566633362,-0.0004274774602530673,0.012215425421858939,-0.7917668990194798,1.7917668990194797,-0.05515859200519963,0.36487348766940036,,-1.4962253910221917,6415.590750447175
ppo_markovian_mdd_static_seed_42,2021-05-28,6403.733337704401,-0.0014335465771265765,0.006200594514608304,-0.8005374994360148,1.8005374994360148,-0.056302170754163196,0.36578397110719424,,-1.6102040363741736,6412.88680267607
ppo_markovian_mdd_static_seed_42,2021-06-01,6408.2085745964205,0.0006988481025076432,0.0033540453993021746,-0.7959223492757741,1.795922349275774,-0.0541025085439407,0.3653407504388226,,-1.590348913894112,6403.711859292061
ppo_markovian_mdd_static_seed_42,2021-06-02,6400.225212829706,-0.0012458024225932007,0.010221074403947927,-0.787910406201658,1.787910406201658,-0.05616629064995607,0.366131410469447,,-1.3418309176338956,6408.143075819784
ppo_markovian_mdd_static_seed_42,2021-06-03,6418.905130460587,0.002918634424525557,0.001185302346524919,-0.7815233706081212,1.781523370608121,-0.05172782348714642,0.3642813797834177,,-1.4162357204598155,6400.217626627743
ppo_markovian_mdd_static_seed_42,2021-06-04,6372.94040832857,-0.007160835251154296,0.001294231549471614,-0.7956738191626398,1.7956738191626398,-0.06251164550309207,0.36883365608887975,,-1.2902126401976055,6418.896822911054
ppo_markovian_mdd_static_seed_42,2021-06-07,6377.82484150467,0.0007664332102834681,0.00280276117542666,-0.7914929732871027,1.7914929732871028,-0.05448634673591693,0.36834990924169314,,-1.608056426490088,6372.92254649862
ppo_markovian_mdd_static_seed_42,2021-06-08,6376.736994989451,-0.00017056701026652021,0.0015235200333624244,-0.7933196427938409,1.793319642793841,-0.05543922874485459,0.3684576479092084,,-1.593359785069718,6377.815124760755
ppo_markovian_mdd_static_seed_42,2021-06-09,6384.179856069179,0.0011671895964309176,0.006567776453203722,-0.784657098155638,1.784657098155638,-0.053991568776697946,0.3677205182461425,,-1.4480085427851028,6376.695114006367
ppo_markovian_mdd_static_seed_42,2021-06-10,6361.041539637411,-0.003624320892177124,0.006316341262480041,-0.7847982057113362,1.7847982057113363,-0.05913271995297063,0.3700121019815579,,-1.2708095130754715,6384.139531410527
ppo_markovian_mdd_static_seed_42,2021-06-11,6352.701509340824,-0.0013111108054582044,0.005370377681760741,-0.7925091476240227,1.7925091476240227,-0.056937683951535034,0.3708380859219578,,-1.617220821692743,6361.007378441894
ppo_markovian_mdd_static_seed_42,2021-06-14,6341.406234170193,-0.0017780270573113377,0.001122108002655775,-0.7968240447474816,1.7968240447474817,-0.057573122547887684,0.37195675282861834,,-1.7170388341618743,6352.694380923622
ppo_markovian_mdd_static_seed_42,2021-06-15,6350.482623690253,0.0014312897147563675,0.01065743641389394,-0.7835947315819275,1.7835947315819274,-0.054228409752317984,0.3710578409885198,,-1.5608221774389248,6341.338651036477
ppo_markovian_mdd_static_seed_42,2021-06-16,6378.173120071989,0.004360376686716405,0.002233926547290044,-0.7736231605252702,1.7736231605252701,-0.05089641465048131,0.36831541626107306,,-1.4239211997301666,6350.4684371785315
ppo_markovian_mdd_static_seed_42,2021-06-17,6379.805493135526,0.00025593113150224056,0.000934966401151871,-0.774102419734513,1.774102419734513,-0.05496716388990361,0.36815374851080424,,-1.1828023041439797,6378.167156694421
ppo_markovian_mdd_static_seed_42,2021-06-18,6462.864630640852,0.013019070502179764,0.005472928165877633,-0.756695071426611,1.756695071426611,-0.04105410378586937,0.35992769761612836,,-1.2596603785632985,6379.77057691835
ppo_markovian_mdd_static_seed_42,2021-06-21,6396.713232574765,-0.010235615604953008,0.044813374248724,-0.7295075565170923,1.7295075565170923,-0.0652602444889038,0.3664792316627069,,-0.6340766827268104,6462.57500786944
ppo_markovian_mdd_static_seed_42,2021-06-22,6370.0435681204135,-0.00416927623369745,0.0424444765258154,-0.7792951966425301,1.77929519664253,-0.05954607511148881,0.36912055474568933,,-1.2244523204914382,6396.441727430123
ppo_markovian_mdd_static_seed_42,2021-06-23,6376.043102955176,0.000941835761498977,0.01244122732673869,-0.7900282199774413,1.7900282199774413,-0.05433756297595495,0.3685263699229541,,-1.4765026445802332,6369.964316960301
ppo_markovian_mdd_static_seed_42,2021-06-24,6345.89586636955,-0.004728204640218503,0.007898623188909992,-0.806453925854261,1.8064539258542611,-0.060466233930282186,0.3715121064708601,,-1.537663839599695,6375.99274099327
ppo_markovian_mdd_static_seed_42,2021-06-25,6327.849230666248,-0.002843827898112994,0.008118552452619165,-0.8034494734470113,1.8034494734470115,-0.05884279194082494,0.37329941787610454,,-1.6048006575770777,6345.8443468811
ppo_markovian_mdd_static_seed_42,2021-06-28,6317.640526615907,-0.0016132976115909026,0.0062899804774984025,-0.8000522088005843,1.8000522088005844,-0.057761171241801496,0.37431047242842763,,-1.6684466353679055,6327.809428618123
ppo_markovian_mdd_static_seed_42,2021-06-29,6314.90141796668,-0.0004335651320596101,0.0066672395661177,-0.7941508935763506,1.7941508935763506,-0.05662092158725895,0.3745817495910775,,-1.63302434785893,6317.598405393023
ppo_markovian_mdd_static_seed_42,2021-06-30,6310.675546780471,-0.0006691903652186193,0.004894499666896257,-0.7904457854637089,1.7904457854637088,-0.056919455391805006,0.375000273458483,,-1.5660659418197924,6314.870509683793
ppo_markovian_mdd_static_seed_42,2021-07-01,6283.101219769628,-0.004369473094669063,0.0015207337745609673,-0.7967732837308841,1.796773283730884,-0.0610387260836041,0.3777311929477817,,-1.5943910277829916,6310.665949923027
ppo_markovian_mdd_static_seed_42,2021-07-02,6245.249051456372,-0.006024440318445734,0.009884505521197795,-0.7977012596468295,1.7977012596468294,-0.06326466260905263,0.38148001423789824,,-1.654548701003993,6283.039114420932
ppo_markovian_mdd_static_seed_42,2021-07-06,6254.067081163616,0.0014119580555698175,0.014535387549814094,-0.7806257841700847,1.7806257841700845,-0.055680041314113395,0.38060668996147046,,-1.7254767881335145,6245.1582743410645
ppo_markovian_mdd_static_seed_42,2021-07-07,6236.945116961413,-0.0027377327393517392,0.00829490400498456,-0.7771816271750754,1.7771816271750756,-0.060086850679371535,0.38230242330489833,,-1.4177841383124885,6254.015204277537
ppo_markovian_mdd_static_seed_42,2021-07-08,6276.069892573991,0.006273067163309998,0.006489338299495606,-0.7596424430257814,1.7596424430257813,-0.050510661361059944,0.3784275649196761,,-1.4574510914001937,6236.904643314594
ppo_markovian_mdd_static_seed_42,2021-07-09,6226.009596957512,-0.007976376374602023,0.013698419893457214,-0.7599581954282861,1.7599581954282861,-0.06551617693320352,0.3833854606059547,,-0.8484397155139476,6275.983920333321
ppo_markovian_mdd_static_seed_42,2021-07-12,6208.736963659841,-0.0027742702655183527,0.011390996237363282,-0.7762568307431267,1.7762568307431268,-0.06054254308375615,0.38509611598788185,,-1.4435594379049326,6225.93867650562
ppo_markovian_mdd_static_seed_42,2021-07-13,6225.027365150518,0.0026237867034832885,0.005087823918633272,-0.7665250105942885,1.7665250105942885,-0.054902060318696044,0.3834827393530906,,-1.4328913342878564,6208.705374699413
ppo_markovian_mdd_static_seed_42,2021-07-14,6217.912760620275,-0.0011429033340596417,0.0018581552590528627,-0.7666827238855922,1.7666827238855922,-0.05877166079400127,0.38418735898578926,,-1.2223578975397402,6225.015798083181
ppo_markovian_mdd_static_seed_42,2021-07-15,6234.260252974747,0.0026290964482496015,0.004338999861661197,-0.766370081975423,1.7663700819754231,-0.054759602803945574,0.38256832815851155,,-1.3820525642775596,6217.885781097666
ppo_markovian_mdd_static_seed_42,2021-07-16,6271.807300716984,0.006022694949945562,0.0016960858559978975,-0.757478412678723,1.757478412678723,-0.05082282781651141,0.3788497255465754,,-1.2252906319008718,6234.24967913411
ppo_markovian_mdd_static_seed_42,2021-07-19,6341.527919171519,0.011116511574991161,0.0044280257730527905,-0.7337691594242727,1.7337691594242726,-0.04473652790917637,0.371944701330805,,-0.9074211584990032,6271.7795289926125
ppo_markovian_mdd_static_seed_42,2021-07-20,6284.767201558363,-0.008950637501974668,0.11729137192961325,-0.6308856549014641,1.630885654901464,-0.06562586459354167,0.3775661966403874,,-0.0303619679642356,6340.7841126617495
ppo_markovian_mdd_static_seed_42,2021-07-21,6248.396566527953,-0.005787109349315589,0.07472247459987869,-0.7154079355428792,1.715407935542879,-0.06297916292146206,0.3811682891231398,,-0.6245408767526351,6284.297588200779
ppo_markovian_mdd_static_seed_42,2021-07-22,6238.34483908616,-0.0016086890988383784,0.03574154003161423,-0.7539083800868177,1.7539083800868176,-0.058934553971088065,0.38216379695044295,,-1.0100772040486092,6248.173239211937
ppo_markovian_mdd_static_seed_42,2021-07-23,6189.541563631977,-0.007823112814862032,0.005931273881993326,-0.7737051110619704,1.7737051110619704,-0.0659034537887668,0.38699719926800563,,-1.0498208939776936,6238.30783775435
ppo_markovian_mdd_static_seed_42,2021-07-26,6177.877459275005,-0.0018844859893188959,0.010189817463795325,-0.7668268842080809,1.766826884208081,-0.0601091230355921,0.38815239445739835,,-1.1459924476791212,6189.4784933332585
ppo_markovian_mdd_static_seed_42,2021-07-27,6199.1089218478255,0.0034366920860409156,0.010461167750713929,-0.7503319907205219,1.750331990720522,-0.05447664923993195,0.38604966263356705,,-1.0559989142993251,6177.81283146256
ppo_markovian_mdd_static_seed_42,2021-07-28,6200.848279574115,0.00028058189462676353,0.01921766281295967,-0.7305954861757743,1.7305954861757744,-0.05760106735381684,0.3858773992847021,,-0.6690728958210704,6198.989789462825
ppo_markovian_mdd_static_seed_42,2021-07-29,6181.644986420661,-0.0030968816341968575,0.01298586844229821,-0.748975081508575,1.748975081508575,-0.0612685765387737,0.38777926428800247,,-0.8875937577735988,6200.767756174126
ppo_markovian_mdd_static_seed_42,2021-07-30,6204.215642873145,0.0036512378989841388,0.003606693679871098,-0.7461996637712789,1.7461996637712789,-0.054186996799161294,0.3855439007352269,,-1.0111078491247143,6181.622691120757
ppo_markovian_mdd_static_seed_42,2021-08-02,6213.939873167949,0.001567358527580387,0.001640323506705732,-0.7451019198793479,1.7451019198793478,-0.05612099265607221,0.38458082772822055,,-0.8890531002326078,6204.205465952386
ppo_markovian_mdd_static_seed_42,2021-08-03,6177.059014315437,-0.005935181158054914,0.017723253478438505,-0.7376613867526856,1.7376613867526856,-0.06418788214965793,0.3882334520037937,,-0.6237751410476433,6213.829741936477
ppo_markovian_mdd_static_seed_42,2021-08-04,6199.671747928275,0.003660760494667903,0.008239780640045158,-0.7395188197749287,1.7395188197749287,-0.054245011959916566,0.38599392119292986,,-0.92065745178312,6177.008116704158
ppo_markovian_mdd_static_seed_42,2021-08-05,6170.153681548472,-0.004761230526384996,0.010638715301212631,-0.7585115947342442,1.7585115947342442,-0.06311020314316992,0.38891734567873204,,-0.9292565144695858,6199.605791385588
ppo_markovian_mdd_static_seed_42,2021-08-06,6162.408636095317,-0.0012552435243738946,0.0006982169532252502,-0.7614195939163234,1.7614195939163233,-0.05970869248593091,0.389684403223426,,-1.069041455338986,6170.149373442568
ppo_markovian_mdd_static_seed_42,2021-08-09,6166.214512251923,0.0006175955509204467,0.009906113519284498,-0.7702148836457579,1.7702148836457579,-0.0577787163366561,0.38930747502619945,,-1.299400564126869,6162.347590575816
ppo_markovian_mdd_static_seed_42,2021-08-10,6160.311529076434,-0.0009573107072029519,0.0032600444161741127,-0.7686422190117975,1.7686422190117974,-0.059441583849623475,0.38989209751916565,,-1.1708086514118423,6166.194410118734
ppo_markovian_mdd_static_seed_42,2021-08-11,6148.583448900266,-0.0019038128381676511,0.0041498264718194955,-0.76785072711298,1.76785072711298,-0.06056367170973006,0.39105362877657623,,-1.14851243337466,6160.285964852576
ppo_markovian_mdd_static_seed_42,2021-08-12,6134.411635231952,-0.002304890839669671,0.0009213385265158802,-0.7728566771167806,1.7728566771167806,-0.061176128742642964,0.3924571836894592,,-1.2688677788477092,6148.577783973451
ppo_markovian_mdd_static_seed_42,2021-08-13,6125.785979757297,-0.0014061096625981317,0.0004436021465352713,-0.7749080040186742,1.7749080040186742,-0.06040381748954939,0.3933114555139155,,-1.3798951861712525,6134.408913993782
ppo_markovian_mdd_static_seed_42,2021-08-16,6114.632000707168,-0.0018208241500744515,0.002813813897977191,-0.775321752498538,1.775321752498538,-0.060984903165466384,0.39441612866728926,,-1.3981750034648208,6125.768742935571
ppo_markovian_mdd_static_seed_42,2021-08-17,6145.1734482693655,0.004994813679492838,0.011587113807589478,-0.7549485610175867,1.7549485610175868,-0.053726321529595465,0.39139135006267634,,-1.2496662156968676,6114.561149770285
ppo_markovian_mdd_static_seed_42,2021-08-18,6195.385103530401,0.008170909362237078,0.007696633164956057,-0.7330776594226348,1.733077659422635,-0.04982506137661555,0.386418463946965,,-0.8734852502604865,6145.126151123599
ppo_markovian_mdd_static_seed_42,2021-08-19,6188.6092402016375,-0.0010936952611552142,0.07526470642733452,-0.6595031689418256,1.6595031689418256,-0.05915772405704872,0.38708953516527855,,-0.1139056612295378,6194.9188096893795
ppo_markovian_mdd_static_seed_42,2021-08-20,6156.762423552793,-0.0051460377304104465,0.014604575516074858,-0.6533829413791811,1.653382941379181,-0.0636958635153023,0.39024359554268145,,-0.0924338390767193,6188.51885819065
ppo_markovian_mdd_static_seed_42,2021-08-23,6117.3525128196125,-0.00640107706323334,0.06675888668096908,-0.7311079486911229,1.731107948691123,-0.06554365579596089,0.3941466932774128,,-0.7337230460006157,6156.351404947837
ppo_markovian_mdd_static_seed_42,2021-08-24,6109.94939006243,-0.0012101841019735993,0.019180597394234722,-0.7523756716839884,1.7523756716839884,-0.06044290006368108,0.3948798873173366,,-1.0195284036964052,6117.235178343945
ppo_markovian_mdd_static_seed_42,2021-08-25,6100.306756775818,-0.0015781854596529366,0.0005179737202738455,-0.7546259156546816,1.7546259156546817,-0.060954663968201726,0.39583487908051596,,-0.9988327793265296,6109.946225269214
ppo_markovian_mdd_static_seed_42,2021-08-26,6127.512380853438,0.004459714103295154,0.0010259755768552425,-0.7478551556872393,1.7478551556872393,-0.05452127225920121,0.39314047537003227,,-1.080808705669999,6100.300498010074
ppo_markovian_mdd_static_seed_42,2021-08-27,6087.404831609679,-0.006545486447172788,0.017748027067091554,-0.7414752251160843,1.7414752251160843,-0.06613390200641737,0.39711266616383545,,-0.6543792078519346,6127.4036295978485
ppo_markovian_mdd_static_seed_42,2021-08-30,6067.022308195487,-0.003348310811916444,0.016241967056919826,-0.7635937032527025,1.7635937032527025,-0.06322362700022742,0.3991313203420866,,-1.1496983503863034,6087.305960180942
ppo_markovian_mdd_static_seed_42,2021-08-31,6073.837915430543,0.0011233858866563917,0.0031968054598863205,-0.7584158905520835,1.7584158905520835,-0.05864569158124089,0.39845631294762507,,-1.1820554709608029,6067.002913105447
ppo_markovian_mdd_static_seed_42,2021-09-01,6071.387956220185,-0.00040336262581752713,0.000615073062459448,-0.7585090531428917,1.7585090531428917,-0.06020828697672076,0.3986989531887785,,-1.1136583954099324,6073.834179576455
ppo_markovian_mdd_static_seed_42,2021-09-02,6057.1605175079,-0.0023433585227753406,0.0023852454105750542,-0.7650261875479347,1.7650261875479347,-0.062362311052532246,0.40010801712157734,,-1.1797262002251907,6071.373474469926
ppo_markovian_mdd_static_seed_42,2021-09-03,6058.217991159544,0.00017458240516932122,0.00895813668657608,-0.7557457974395448,1.7557457974395447,-0.059825925813019994,0.4000032865363646,,-1.1094603731810753,6057.1062566360515
ppo_markovian_mdd_static_seed_42,2021-09-07,6074.5608531608395,0.002697635183340097,0.0009931018790895196,-0.7500300103843422,1.7500300103843422,-0.057063704047722055,0.3983847142922367,,-1.105640497292259,6058.211974731873
ppo_markovian_mdd_static_seed_42,2021-09-08,6079.911864137547,0.0008808885294027125,0.014794021290561732,-0.7336831363871517,1.7336831363871517,-0.058797712968393735,0.3978547582879434,,-0.742878506079017,6074.470985978247
ppo_markovian_mdd_static_seed_42,2021-09-09,6099.041051753016,0.0031462935718367113,0.0018219080731449733,-0.7300586102453299,1.73005861024533,-0.05625268054002393,0.3959602325846328,,-0.7744975243544296,6079.900787097038
ppo_markovian_mdd_static_seed_42,2021-09-10,6133.670744187831,0.005677891350618358,0.008807122513396326,-0.7115185123017834,1.7115185123017835,-0.05321775117972794,0.3925305604137956,,-0.5929902037662343,6098.987336751259
ppo_markovian_mdd_static_seed_42,2021-09-13,6123.090887185636,-0.0017248817948403161,0.061540887885432105,-0.6527268417695661,1.652726841769566,-0.06076312712495105,0.39357837339105967,,-0.1357691290413482,6133.293272644237
ppo_markovian_mdd_static_seed_42,2021-09-14,6145.64505933544,0.003683461925578335,0.036654459633479575,-0.6831196708206679,1.683119670820668,-0.05502500177003917,0.3913446424185984,,-0.4635552653262839,6122.86644859788
ppo_markovian_mdd_static_seed_42,2021-09-15,6110.62180883104,-0.005698872968786128,0.0009483856682326319,-0.6918111063877823,1.6918111063877823,-0.06493716730211647,0.39481329198322584,,-0.4397344007926204,6145.639230893744
ppo_markovian_mdd_static_seed_42,2021-09-16,6117.43621607956,0.001115174111850914,0.03166774731476285,-0.7215044977603665,1.7215044977603666,-0.05800620774794485,0.39413840343360923,,-0.7046042927773577,6110.4282992036615
ppo_markovian_mdd_static_seed_42,2021-09-17,6174.05468408863,0.009255260865695503,0.003925192588399962,-0.7018217590157997,1.7018217590157998,-0.04906695606030966,0.3885309963088805,,-0.5911737025972323,6117.412203964264
ppo_markovian_mdd_static_seed_42,2021-09-20,6236.973707590846,0.010190875643581121,0.08546657827544324,-0.5999125267926295,1.5999125267926295,-0.04720563997652603,0.3822995917323599,,-0.1375612525884669,6173.527008760695
ppo_markovian_mdd_static_seed_42,2021-09-21,6234.197065193353,-0.0004451906529785443,0.5203284199896892,-0.07950295313500017,1.0795029531350002,-0.05783147770682785,0.3825745861804617,,0.9030527569568776,6233.728432916058
ppo_markovian_mdd_static_seed_42,2021-09-22,6221.648527022505,-0.002012855551344228,0.11506821409560591,-0.1968427816970079,1.196842781697008,-0.0595874902204415,0.3838173743522094,,0.6210176562956203,6233.4797072707415
ppo_markovian_mdd_static_seed_42,2021-09-23,6180.338368201813,-0.006639744858821461,0.32320434650352314,-0.5297127446938611,1.5297127446938612,-0.06484818649288557,0.38790866977294947,,-0.1174419786936952,6219.637663176154
ppo_markovian_mdd_static_seed_42,2021-09-24,6172.520655940886,-0.0012649327261997634,0.14828800346364013,-0.679876851982805,1.679876851982805,-0.05956817204809178,0.38868292412797684,,-0.5896318871837872,6179.421898164463
ppo_markovian_mdd_static_seed_42,2021-09-27,6185.053901434953,0.002030490652470185,0.04595364337470842,-0.7222541661728127,1.7222541661728128,-0.056087815585377766,0.38744165051972324,,-0.771808938120422,6172.23700612794
ppo_markovian_mdd_static_seed_42,2021-09-28,6273.227478265383,0.014255910819139794,0.014118978546927674,-0.6841026532665705,1.6841026532665704,-0.042651110136894495,0.3787090733180129,,-0.5489950059816147,6184.966574791607
ppo_markovian_mdd_static_seed_42,2021-09-29,6267.173788893232,-0.0009650039621749151,0.2726341474071955,-0.41244670801628464,1.4124467080162846,-0.05786176310685178,0.3793086215239244,,0.421866317953839,6271.5171822403545
ppo_markovian_mdd_static_seed_42,2021-09-30,6300.842338578423,0.005372206168090976,0.02952146477233536,-0.43422067462139946,1.4342206746213995,-0.051038293577910815,0.3759741394719943,,0.2766722718232056,6266.988772743001
ppo_markovian_mdd_static_seed_42,2021-10-01,6276.004642890142,-0.003941964320580693,0.11190209089451653,-0.32740318952466657,1.3274031895246665,-0.060714858413056995,0.37843402714931534,,0.405781391545174,6300.137261146339
ppo_markovian_mdd_static_seed_42,2021-10-04,6317.53331718225,0.0066170560181395555,0.20143055738542864,-0.5184779394884016,1.5184779394884016,-0.049552904140118884,0.374321090287993,,-0.03178353905376,6274.740463776771
ppo_markovian_mdd_static_seed_42,2021-10-05,6291.190409518513,-0.004169809060142304,0.1301882792730238,-0.39392130686788507,1.393921306867885,-0.06071803473819237,0.37693005187445006,,0.3779783587114854,6316.710848390437
ppo_markovian_mdd_static_seed_42,2021-10-06,6276.317940361528,-0.0023640151050718927,0.14103216813058905,-0.538373735930902,1.538373735930902,-0.05912726359692276,0.3784029986433352,,0.0216435864596108,6290.303149294936
ppo_markovian_mdd_static_seed_42,2021-10-07,6244.28078938519,-0.005104449978595715,0.04666069409610607,-0.5930923313369304,1.5930923313369303,-0.0623539086031906,0.3815759094436054,,-0.0369652356087516,6276.025083010062
ppo_markovian_mdd_static_seed_42,2021-10-08,6251.38601030721,0.0011378765884613173,0.06833212668995559,-0.6594227111070043,1.6594227111070043,-0.055993603174812244,0.38087221914922076,,-0.3531014147091992,6243.854104399202
ppo_markovian_mdd_static_seed_42,2021-10-11,6282.530137075184,0.004981955476213384,0.033348962095510304,-0.684323993879125,1.684323993879125,-0.05169857621682611,0.37778775211093535,,-0.5181320778909795,6251.177533072108
ppo_markovian_mdd_static_seed_42,2021-10-12,6292.321097313502,0.0015584422238643647,0.03639748449878444,-0.6453024202380352,1.645302420238035,-0.0549654814277492,0.3768180702716195,,-0.2409660352724011,6282.301468781907
ppo_markovian_mdd_static_seed_42,2021-10-13,6277.791635165411,-0.00230907830725513,0.004796689132230747,-0.6442946672566906,1.6442946672566907,-0.05905030526162497,0.37825704614702876,,-0.2700940997555754,6292.290915005278
ppo_markovian_mdd_static_seed_42,2021-10-14,6204.984216020635,-0.011597616387415743,0.042684149729393384,-0.7067004670345596,1.7067004670345596,-0.06948556064620567,0.38546778241739427,,-0.5339554750894331,6277.523672967286
ppo_markovian_mdd_static_seed_42,2021-10-15,6169.597371225407,-0.005702970960645315,0.03726718528630224,-0.7539051295769336,1.7539051295769337,-0.06406516126407139,0.3889724418086488,,-0.9236554198282542,6204.752973724158
ppo_markovian_mdd_static_seed_42,2021-10-18,6155.708972560379,-0.002251102921205672,0.004838275765168487,-0.7627029217528823,1.7627029217528825,-0.060805829621753835,0.3903479277298305,,-1.0407191995650136,6169.567521011965
ppo_markovian_mdd_static_seed_42,2021-10-19,6119.659358413758,-0.005856289552887417,0.004145900134992941,-0.7689089739603088,1.7689089739603088,-0.06496123888007664,0.39391822679156246,,-1.030742528682774,6155.683451605719
ppo_markovian_mdd_static_seed_42,2021-10-20,6101.270339443144,-0.003004908916267035,0.005170162944226009,-0.7690455128338354,1.7690455128338354,-0.062370349817128655,0.39573944731586347,,-1.1603238296638814,6119.627718777712
ppo_markovian_mdd_static_seed_42,2021-10-21,6089.081179289934,-0.0019978069279130706,0.004996996083499683,-0.7675709673309178,1.7675709673309177,-0.061541801691208584,0.39694664323428036,,-1.200541013431558,6101.239851419153
ppo_markovian_mdd_static_seed_42,2021-10-22,6093.922270911934,0.0007950446839937175,0.00014608587263531536,-0.7660205580060102,1.7660205580060102,-0.0586753495269389,0.39646718886881926,,-1.3006160321611966,6089.080289761197
ppo_markovian_mdd_static_seed_42,2021-10-25,6068.9694194297645,-0.004094711152007435,0.003046832210264361,-0.7702168811151866,1.7702168811151866,-0.0639438896472777,0.3989384814011605,,-1.1972379836015148,6093.903703753273
ppo_markovian_mdd_static_seed_42,2021-10-26,6064.757636242735,-0.0006939865561927938,0.007822154838788897,-0.7636048586142762,1.763604858614276,-0.060597568978509826,0.3993556100145129,,-1.2315764613415112,6068.921947011254
ppo_markovian_mdd_static_seed_42,2021-10-27,6084.896295421401,0.0033206041175195544,0.011467674471209777,-0.7463182596008797,1.7463182596008797,-0.05628906308085961,0.3973611077799621,,-1.0612052355882178,6064.688087576416
ppo_markovian_mdd_static_seed_42,2021-10-28,6041.472804274121,-0.0071362746444757486,0.00749168670582967,-0.7513113851837991,1.7513113851837991,-0.0674111153100481,0.4016617044262869,,-0.8289604411857717,6084.8507092847185
ppo_markovian_mdd_static_seed_42,2021-10-29,6032.312165649812,-0.001516292288500809,0.007974767237174385,-0.7459701162661279,1.7459701162661279,-0.06190278704850027,0.40256896016978005,,-0.952282641761229,6041.424624934737
ppo_markovian_mdd_static_seed_42,2021-11-01,6024.565380807714,-0.0012842148465411762,0.0003627079640662334,-0.748577740315816,1.748577740315816,-0.061785468654224095,0.40333618998091453,,-1.0324312267271103,6032.309977682148
ppo_markovian_mdd_static_seed_42,2021-11-02,6006.398202684183,-0.0030155168008311195,0.0036288763326617346,-0.7502203506520679,1.750220350652068,-0.06379038859138739,0.40513543972447497,,-1.0119938235009551,6024.543518404989
ppo_markovian_mdd_static_seed_42,2021-11-03,5978.905300875048,-0.0045772692521199865,0.0005873364499500155,-0.7576773490638926,1.7576773490638926,-0.06576652127370036,0.40785829498540005,,-1.1327244686023616,6006.394674907586
ppo_markovian_mdd_static_seed_42,2021-11-04,5957.468508831307,-0.0035854041776850476,0.002598432090739955,-0.766605200865056,1.766605200865056,-0.06508905149353131,0.4099813623283409,,-1.4103131648115306,5978.889765095647
ppo_markovian_mdd_static_seed_42,2021-11-05,5941.7865962294945,-0.002632311455539549,0.011127116777684187,-0.7600916601174562,1.7600916601174563,-0.06436595335127505,0.4115344751472659,,-1.312792191697161,5957.40221938351
ppo_markovian_mdd_static_seed_42,2021-11-08,5937.913072665717,-0.0006519122659565113,0.020639238452264563,-0.7405512073734968,1.7405512073734968,-0.0624398403093064,0.4119181030410099,,-1.0102282272831846,5941.663962279103
ppo_markovian_mdd_static_seed_42,2021-11-09,5952.051233103541,0.0023809982168494503,0.0155065396527021,-0.7209204098201304,1.7209204098201303,-0.05919951403195878,0.4105178810929891,,-0.7904921219773613,5937.820996181201
ppo_markovian_mdd_static_seed_42,2021-11-10,5986.263418264074,0.005747965503094976,0.005717064998200461,-0.7053910101970217,1.7053910101970216,-0.0553379247510373,0.40712955820882024,,-0.6226382672681363,5952.017204839768
ppo_markovian_mdd_static_seed_42,2021-11-11,5984.853832325761,-0.0002354700820569322,0.01073064461550921,-0.6950413123002828,1.6950413123002828,-0.06132587202854914,0.407269161460398,,-0.3412536592064396,5986.199181798758
ppo_markovian_mdd_static_seed_42,2021-11-12,5952.315685731419,-0.005436748750419773,0.022406087792795848,-0.7267970806865035,1.7267970806865036,-0.0670253351711112,0.4104916901061634,,-0.6470745841846213,5984.719735165367
ppo_markovian_mdd_static_seed_42,2021-11-15,5950.6939324297455,-0.0002724575421227948,0.017573081800526524,-0.7448148965056355,1.7448148965056354,-0.06187034057912279,0.410652306091338,,-1.039219989385372,5952.211085200971
ppo_markovian_mdd_static_seed_42,2021-11-16,5933.174001856879,-0.002944182774615167,0.0012375950034076988,-0.7487237058720612,1.7487237058720613,-0.06480664341948332,0.4123874534200031,,-0.9729676118564252,5950.686567880668
ppo_markovian_mdd_static_seed_42,2021-11-17,5943.861452121927,0.0018013040341819941,0.005103489025595098,-0.7404761915146515,1.7404761915146514,-0.059899664053726764,0.4113289845693126,,-1.0001963248913306,5933.143721968473
ppo_markovian_mdd_static_seed_42,2021-11-18,5929.03342336809,-0.0024946794055140664,0.008455038541476445,-0.7363381156055823,1.7363381156055824,-0.06441742580725426,0.4127975300281306,,-0.7776181311477254,5943.811196544264
ppo_markovian_mdd_static_seed_42,2021-11-19,5936.57560829506,0.0012720766419100915,0.016017890843619376,-0.7181071049438876,1.7181071049438876,-0.0605363162843872,0.41205056348200747,,-0.6313302858973215,5928.938452757906
ppo_markovian_mdd_static_seed_42,2021-11-22,5948.434878067544,0.0019976617085297743,0.006270409272806088,-0.708413130261718,1.708413130261718,-0.05963573687519019,0.41087603940612377,,-0.532279738140675,5936.538383536317
ppo_markovian_mdd_static_seed_42,2021-11-23,5942.9053376412685,-0.000929579047198259,0.02989549062472463,-0.6800291794525349,1.6800291794525348,-0.0626435628781568,0.4114236766960943,,-0.1578296976752609,5948.257046688414
ppo_markovian_mdd_static_seed_42,2021-11-24,5932.233922877607,-0.0017956561912689795,0.01191880881654861,-0.671091193996068,1.671091193996068,-0.06366935392667089,0.41248055741506934,,-0.0923751648439715,5942.834505288734
ppo_markovian_mdd_static_seed_42,2021-11-26,6023.213324653913,0.015336448791313684,0.017333214439753553,-0.6628922803110242,1.6628922803110242,-0.045300480126300134,0.40347009556996444,,-0.3245846911828484,5932.1310981949155
ppo_markovian_mdd_static_seed_42,2021-11-29,6045.732305675546,0.0037386988983867386,1.0540169460481763,0.3940319626910407,0.6059680373089593,-0.05645425014637007,0.40123984987341704,,2.591171396527735,6016.8647557400645
ppo_markovian_mdd_static_seed_42,2021-11-30,6084.405349480441,0.006396750939268392,0.7622400730235297,-0.3584753786283441,1.358475378628344,-0.05323508098825516,0.3974097303206983,,0.9411110238047814,6041.124006241387
ppo_markovian_mdd_static_seed_42,2021-12-01,6065.755111624329,-0.0030652523599047354,0.5821623270469614,0.22175336630070813,0.7782466336992919,-0.0629584831032148,0.3992568215668884,,2.142231600699738,6080.863237903491
ppo_markovian_mdd_static_seed_42,2021-12-02,6123.358743942153,0.009496531142088482,0.42638962714945666,0.6516015979033621,0.34839840209663786,-0.04958105423870349,0.39355184526450115,,3.194849203268089,6063.168736563904
ppo_markovian_mdd_static_seed_42,2021-12-03,6117.5804509877435,-0.0009436476280482164,0.6136536973100813,0.0376301293753666,0.9623698706246334,-0.06006271093785419,0.3941241186272515,,2.270670618072056,6119.601122208976
ppo_markovian_mdd_static_seed_42,2021-12-06,6148.634984861667,0.005076277152825881,0.42726464220056115,0.46782487156566366,0.5321751284343363,-0.05359384241451817,0.3910485247331907,,2.966909929747352,6114.966625165219
ppo_markovian_mdd_static_seed_42,2021-12-07,6136.544661030671,-0.0019663427509949427,0.536964739586675,-0.07067108393479295,1.070671083934793,-0.060805168348779456,0.39224593205228925,,1.98736282621478,6145.333384678208
ppo_markovian_mdd_static_seed_42,2021-12-08,6125.9799829844,-0.001721600449412608,0.4207859015388399,-0.4934004402705168,1.4934004402705168,-0.0607169203658741,0.3932922417288004,,0.5471955039792189,6133.962489553146
ppo_markovian_mdd_static_seed_42,2021-12-09,6150.863919453373,0.004062033591048397,0.12715788120546584,-0.613796957263916,1.613796957263916,-0.05457036035911197,0.3908277744347531,,0.0067360503887155,6125.201016349456
ppo_markovian_mdd_static_seed_42,2021-12-10,6118.087504206319,-0.00532874985957521,0.05335999322888185,-0.5687129781914506,1.5687129781914506,-0.06445408341411604,0.39407390084619104,,0.4646960774991172,6150.535709396278
ppo_markovian_mdd_static_seed_42,2021-12-13,6153.674630105788,0.005816707569972213,0.09918508069984577,-0.6580880151781593,1.6580880151781594,-0.05278255504512946,0.3905494059183994,,-0.3179459523526494,6117.480681203486
ppo_markovian_mdd_static_seed_42,2021-12-14,6179.669172478652,0.004224230875920831,0.038487003901914174,-0.6127261500881969,1.6127261500881969,-0.05398090802598721,0.3879749459015315,,0.1267665588056623,6153.437793606288
ppo_markovian_mdd_static_seed_42,2021-12-15,6129.341736060362,-0.008144034092055552,0.09771275334823715,-0.5273037746190271,1.527303774619027,-0.06712127271758345,0.39295929880730157,,0.5625649125174047,6179.065339989028
ppo_markovian_mdd_static_seed_42,2021-12-16,6163.263891124453,0.005534387953035624,0.11319158527858642,-0.631281524808276,1.631281524808276,-0.05292082550993522,0.3895997000636183,,-0.1451944298588444,6128.647946152543
ppo_markovian_mdd_static_seed_42,2021-12-17,6215.047701991143,0.008402010976888752,0.03329244247185026,-0.584621871022284,1.584621871022284,-0.04930375595145382,0.3844711100432566,,0.2078470257515069,6163.058701015919
ppo_markovian_mdd_static_seed_42,2021-12-20,6247.4403269707955,0.005211967233859527,0.08631151369005441,-0.49041305190586065,1.4904130519058607,-0.05199101710300051,0.38126299363730815,,0.4826244603819318,6214.511271816328
ppo_markovian_mdd_static_seed_42,2021-12-21,6209.08423523947,-0.006139489090554173,0.15328098541759466,-0.3451858635012146,1.3451858635012146,-0.06391767166057524,0.385061722737794,,0.8370725726284668,6246.48271316114
ppo_markovian_mdd_static_seed_42,2021-12-22,6175.726814876483,-0.005372357516695958,0.1747341279920105,-0.5278626339046303,1.5278626339046304,-0.06364164917665213,0.3883653910139476,,0.3331392309385471,6207.999296319997
ppo_markovian_mdd_static_seed_42,2021-12-23,6149.775477847263,-0.004202151067742688,0.12714717225152816,-0.6617824371820178,1.6617824371820178,-0.0628513407225949,0.3909355720391668,,-0.3166076124778934,6174.941588675374
ppo_markovian_mdd_static_seed_42,2021-12-27,6088.674139565807,-0.009935539679709393,0.03763592877333499,-0.7164078450175115,1.7164078450175115,-0.06953326991312259,0.3969869558306712,,-0.4963445974001821,6149.544025335406
ppo_markovian_mdd_static_seed_42,2021-12-28,6092.233418871654,0.0005845737880301183,0.00047935008724420136,-0.7149251720957535,1.7149251720957535,-0.05891076454034921,0.3966344502112096,,-0.5694066032443946,6088.671220959327
ppo_markovian_mdd_static_seed_42,2021-12-29,6086.607852932273,-0.0009233996061206451,0.0038896181531173912,-0.7203967183677727,1.7203967183677729,-0.06050256586050426,0.3971915977222313,,-0.6034429585505241,6092.209722409955
ppo_markovian_mdd_static_seed_42,2021-12-30,6098.85091682657,0.002011475716872102,0.011301019802851031,-0.7282019320001223,1.7282019320001223,-0.05738740408052873,0.395979063259123,,-0.7601499655219154,6086.539068056395
ppo_markovian_mdd_static_seed_42,2021-12-31,6109.977806013595,0.0018244238691464965,0.003061062382660129,-0.7219939420033249,1.721993942003325,-0.057408799327334746,0.3948770730446687,,-0.6495276926996184,6098.832247863451
ppo_markovian_mdd_static_seed_42,2022-01-03,6084.256796192114,-0.004209673199821684,0.004326145906373591,-0.7336105534830427,1.7336105534830426,-0.0638322252417823,0.3974244428128702,,-0.6742428660378282,6109.951373358122
ppo_markovian_mdd_static_seed_42,2022-01-04,6085.725383706126,0.00024137500490306607,0.006522851248707773,-0.7397021334893975,1.7397021334893976,-0.05935050354157658,0.3972789961347997,,-0.8401422730088052,6084.217109490073
ppo_markovian_mdd_static_seed_42,2022-01-05,6171.547277969749,0.014102163481349628,0.005030719590929489,-0.7105403673511683,1.7105403673511683,-0.04431324586675557,0.3887793260046495,,-0.7474145188561339,6085.694768128214
ppo_markovian_mdd_static_seed_42,2022-01-06,6174.630435173689,0.0004995760487722656,0.08655418275415294,-0.6230347924913507,1.6230347924913509,-0.05777164491710783,0.38847397479540696,,0.0476136236107935,6171.013104738776
ppo_markovian_mdd_static_seed_42,2022-01-07,6189.489041155475,0.002406396000179223,0.011456804820452304,-0.6076907834655845,1.6076907834655845,-0.05564685488625583,0.3870024010143492,,0.0169855551671133,6174.559693637955
ppo_markovian_mdd_static_seed_42,2022-01-10,6194.217233461976,0.0007639067255895693,0.0316825785987771,-0.6380700897304333,1.6380700897304332,-0.05721650410650181,0.38653412802571385,,-0.2192089591024337,6189.292942182443
ppo_markovian_mdd_static_seed_42,2022-01-11,6159.56572937174,-0.005594169978902941,0.026811463746241437,-0.6202795449698563,1.6202795449698564,-0.06410477000821695,0.38996596038979386,,-0.0338874826255193,6194.051157431185
ppo_markovian_mdd_static_seed_42,2022-01-12,6148.207737070554,-0.0018439599153924346,0.045116012910545344,-0.6683968788404586,1.6683968788404586,-0.06050928790818771,0.39109083870586003,,-0.3086901884942477,6159.28783432477
ppo_markovian_mdd_static_seed_42,2022-01-13,6207.411648459783,0.009629458522076195,0.03288401305483557,-0.6849993159297628,1.6849993159297627,-0.04820071519054326,0.3852273731934659,,-0.5274999680896054,6148.0055593270645
ppo_markovian_mdd_static_seed_42,2022-01-14,6205.20891002594,-0.0003548561878266021,0.1264106919292135,-0.5589448029439612,1.5589448029439612,-0.058171748523811614,0.3854455290641946,,0.2382985344011492,6206.626965258211
ppo_markovian_mdd_static_seed_42,2022-01-18,6271.007462878575,0.010603761099214903,0.04222210102866453,-0.5842997631439213,1.5842997631439213,-0.046291405522316906,0.37892894027193685,,-0.0741234484077969,6204.9469130684365
ppo_markovian_mdd_static_seed_42,2022-01-19,6281.253211645367,0.001633828189081532,0.38937686890449563,-0.19250926365358623,1.1925092636535863,-0.05505463758626549,0.37791421686713045,,0.952735329704676,6268.565677627803
ppo_markovian_mdd_static_seed_42,2022-01-20,6277.799059479541,-0.0005499144914937748,0.22213107523722442,0.029303562696303173,0.9706964373036968,-0.05728851237805721,0.37825631085422745,,1.2494003600377594,6279.857950115626
ppo_markovian_mdd_static_seed_42,2022-01-21,6235.526322366455,-0.006733687509359432,0.2986025392457592,0.32355180009218615,0.6764481999078138,-0.06412290185922695,0.3824429385678514,,1.7300526599813428,6275.924492739506
ppo_markovian_mdd_static_seed_42,2022-01-24,6252.689555270393,0.0027524914524654776,0.4249817468324049,0.7493303815592397,0.2506696184407603,-0.05436275742052778,0.38074311803484967,,2.610788116764616,6232.876337497556
ppo_markovian_mdd_static_seed_42,2022-01-25,6202.987929622731,-0.00794883948872338,0.10695687930475362,0.6395465663816502,0.3604534336183498,-0.06583042366984737,0.385665491591878,,2.8552121208324053,6252.020787108299
ppo_markovian_mdd_static_seed_42,2022-01-26,6189.064026985522,-0.002244708968514142,0.18256808005313374,0.821746996506648,0.17825300349335205,-0.06030390617008689,0.3870444937725694,,3.13579207924774,6201.855462025827
ppo_markovian_mdd_static_seed_42,2022-01-27,6162.54819587449,-0.004284303894000363,0.03817964448074829,0.8593293129662141,0.14067068703378593,-0.06274409503682976,0.3896705814347486,,3.437309074752985,6188.827730721303
ppo_markovian_mdd_static_seed_42,2022-01-28,6281.353846254715,0.01927865658880501,0.07979723803793037,0.7837192695881662,0.21628073041183382,-0.03759045983525986,0.377904250168184,,3.027389362861251,6162.056441549184
ppo_markovian_mdd_static_seed_42,2022-01-31,6301.19439523764,0.0031586421444407264,0.576234085514718,0.21043580885355695,0.789564191146443,-0.05323722673310112,0.37593927231488783,,2.2921751003452178,6277.734316065324
ppo_markovian_mdd_static_seed_42,2022-02-01,6292.970906822575,-0.0013050681980673051,0.35159582014506086,-0.14224949769511738,1.1422494976951174,-0.05781897765986397,0.3767537141242524,,1.5223006328905455,6298.9789216263525
ppo_markovian_mdd_static_seed_42,2022-02-02,6266.602508283463,-0.004190135141181717,0.26221021719440896,-0.40999953982350895,1.409999539823509,-0.06110371840039474,0.3793652002883114,,0.7105246965458858,6291.320825554299
ppo_markovian_mdd_static_seed_42,2022-02-03,6333.7074360011375,0.010708342778877666,0.047626206903480794,-0.44211367795197043,1.4421136779519705,-0.045256469996266424,0.3727192301124985,,0.7493661482647109,6266.304053775822
ppo_markovian_mdd_static_seed_42,2022-02-04,6327.619183294014,-0.0009612462793145982,0.3018374694320348,-0.14102884016189873,1.1410288401618986,-0.056960038785590784,0.3733222014186385,,1.391228873116218,6331.795685776532
ppo_markovian_mdd_static_seed_42,2022-02-07,6332.433889234829,0.000760903240436317,0.13960606970634162,-0.2794825630334512,1.2794825630334512,-0.055166190137318695,0.37284536025098847,,1.062966501130047,6326.735809249236
ppo_markovian_mdd_static_seed_42,2022-02-08,6316.418176038549,-0.00252915600485093,0.024889300570140716,-0.3076466410546699,1.3076466410546699,-0.058697089548953106,0.3744315321740798,,0.9569826544463482,6332.276279384419
ppo_markovian_mdd_static_seed_42,2022-02-09,6273.670673486068,-0.0067676808851326875,0.1449140519709191,-0.46224621231023866,1.4622462123102387,-0.06359046247845553,0.378665179936127,,0.552047459003096,6315.502838286717
ppo_markovian_mdd_static_seed_42,2022-02-10,6338.621030145812,0.010352847645356711,0.12080660169656676,-0.5666423610968414,1.5666423610968414,-0.04553526533354206,0.3722325952072506,,0.1320802005243396,6272.912772651841
ppo_markovian_mdd_static_seed_42,2022-02-11,6368.913439169527,0.0047790219480936535,0.3085552624983612,-0.2517169265387971,1.251716926538797,-0.050617233474647756,0.3692324810014483,,1.2541706567289637,6336.665215269978
ppo_markovian_mdd_static_seed_42,2022-02-14,6359.7771072753,-0.0014345197154097544,0.5288766173957307,0.27650411508362,0.72349588491638,-0.056956149040377636,0.37013732944329175,,2.207141858518654,6365.545069773333
ppo_markovian_mdd_static_seed_42,2022-02-15,6389.52749342389,0.004677897612882731,0.01446567394454773,0.2942813253316146,0.7057186746683854,-0.05041164420174296,0.3671908963602506,,2.4449454980718386,6359.685108813306
ppo_markovian_mdd_static_seed_42,2022-02-16,6386.310080033563,-0.0005035448072862048,0.39297261743871986,-0.09881283801304974,1.0988128380130497,-0.05563010324330671,0.36750954409839187,,1.697847239112846,6387.016584080602
ppo_markovian_mdd_static_seed_42,2022-02-17,6415.94137923383,0.004639815296928251,0.12423620659602008,-0.21724928577895444,1.2172492857789545,-0.05005715124725315,0.3645749052059385,,1.3018789715638073,6385.516669095074
ppo_markovian_mdd_static_seed_42,2022-02-18,6397.895192787898,-0.0028127106186383033,0.5646356459474114,0.34591509754190236,0.6540849024580977,-0.057770999539882906,0.366362172117415,,2.329609362502605,6412.318710028806
ppo_markovian_mdd_static_seed_42,2022-02-22,6380.924766115548,-0.0026525015119786,0.1088675444794634,0.23510171997762258,0.7648982800223774,-0.05786246023939578,0.3680428974139204,,2.209357526823967,6397.198669648422
ppo_markovian_mdd_static_seed_42,2022-02-23,6330.5120851136235,-0.007900528974989496,0.199143091557259,0.42985301499715933,0.5701469850028407,-0.06388725743566835,0.3730356928138521,,2.465655454073319,6379.654049030629
ppo_markovian_mdd_static_seed_42,2022-02-24,6394.083943218088,0.010042135177966927,0.2545247148955714,0.6875952740492776,0.31240472595072244,-0.04501889689241559,0.3667396324893284,,2.996520337730776,6328.900813330017
ppo_markovian_mdd_static_seed_42,2022-02-25,6445.720262135866,0.008075639822111791,0.30753054817342307,0.3852201158250147,0.6147798841749853,-0.04620064113723685,0.3616256498476941,,2.798882301453319,6392.117567077964
ppo_markovian_mdd_static_seed_42,2022-02-28,6443.006281066806,-0.00042105163716188443,0.3622158018941456,0.022946807360390786,0.9770531926396092,-0.05470530606623447,0.3618944384129479,,2.081681291610752,6443.38552040233
ppo_markovian_mdd_static_seed_42,2022-03-01,6411.152874057591,-0.004943873344158911,0.28315651156928145,0.3028531947860107,0.6971468052139893,-0.059713507438563,0.3650491514896376,,2.713946430917946,6441.18190188424
ppo_markovian_mdd_static_seed_42,2022-03-02,6481.045909320047,0.0109017889037204,0.30661127178579717,0.6137945395714461,0.38620546042855386,-0.04287626491501405,0.35812705137493955,,3.4535025933692824,6409.187142321263
ppo_markovian_mdd_static_seed_42,2022-03-03,6472.729037291192,-0.0012832607800069562,0.4454284948116958,0.16766837969637188,0.8323316203036282,-0.05512669612755574,0.35895074175565755,,2.7665963153178468,6478.1590667958535
ppo_markovian_mdd_static_seed_42,2022-03-04,6459.092686796315,-0.002106738968418731,0.08161024018907276,0.24775510279886304,0.752244897201137,-0.056154151046008155,0.36030126520867684,,2.686480857622913,6472.20079631978
ppo_markovian_mdd_static_seed_42,2022-03-07,6380.935015161981,-0.012100410293554797,0.15744093806989612,0.39800530455259536,0.6019946954474047,-0.0673804986052966,0.36804188236391966,,3.0092530983827364,6458.075761184626
ppo_markovian_mdd_static_seed_42,2022-03-08,6337.220400109021,-0.006850816525961756,0.447012009404619,0.8440179889400027,0.15598201105999732,-0.06273008782324302,0.37237131147993663,,3.9873711217771888,6378.082660578973
ppo_markovian_mdd_static_seed_42,2022-03-09,6448.676872037621,0.0175875959634737,0.18115246941638208,0.6687524405075248,0.3312475594924752,-0.036765200725549424,0.3613328316911609,,3.5725370966346115,6336.072396984306
ppo_markovian_mdd_static_seed_42,2022-03-10,6438.248474649491,-0.0016171375299247615,0.3988458004547294,0.2690157326308028,0.7309842673691972,-0.05597329315893365,0.362365644338164,,2.887797975700156,6446.10484434872
ppo_markovian_mdd_static_seed_42,2022-03-11,6421.9027983828955,-0.0025388389918401533,0.0752473058548705,0.1917771458334582,0.8082228541665418,-0.057139741604257305,0.3639844953028551,,2.3427243509747577,6437.764013797349
ppo_markovian_mdd_static_seed_42,2022-03-14,6406.126338562294,-0.0024566643743928473,0.12702816131642888,0.3172144631555018,0.6827855368444982,-0.0572917327158153,0.3655469719348061,,2.423621841905461,6421.087035878264
ppo_markovian_mdd_static_seed_42,2022-03-15,6462.586756231832,0.008813503619132357,0.08759215076661736,0.4100582023595096,0.5899417976404904,-0.045218391278502,0.35995521787578405,,2.6072687671155883,6405.565212178217
ppo_markovian_mdd_static_seed_42,2022-03-16,6467.733043293373,0.0007963199962583989,0.3579834272597553,0.05316809779736924,0.9468319022026308,-0.05312082751087967,0.35944553741727775,,2.1465726436486494,6460.273257275872
ppo_markovian_mdd_static_seed_42,2022-03-17,6445.394026213325,-0.00345391761387126,0.30494273668858934,-0.25573010764417986,1.2557301076441798,-0.05770859012128287,0.3616579597582361,,1.4372489578755987,6465.76075507898
ppo_markovian_mdd_static_seed_42,2022-03-18,6426.413051407013,-0.0029448897505902627,0.10711048521699568,-0.36671945646327175,1.3667194564632719,-0.05747990547380939,0.363537806689915,,1.2107138026941635,6444.703656931762
ppo_markovian_mdd_static_seed_42,2022-03-21,6426.613961552669,3.126318586255117e-05,0.10733070775944553,-0.47384587625775604,1.473845876257756,-0.054496423630931316,0.36351790885407104,,0.8128325495862658,6425.723299945851
ppo_markovian_mdd_static_seed_42,2022-03-22,6388.8014240421835,-0.005883741848615731,0.02670904298510285,-0.509395735713358,1.509395735713358,-0.060990540029436865,0.36726280516964077,,0.7337314506852712,6426.442312844121
ppo_markovian_mdd_static_seed_42,2022-03-23,6433.3256010791765,0.006969097031164662,0.03444282486784922,-0.5331010563994123,1.5331010563994123,-0.0474830546257848,0.36285319826364104,,0.6020379841794518,6388.58137567362
ppo_markovian_mdd_static_seed_42,2022-03-24,6384.916623742848,-0.007524720547053887,0.03631899196154609,-0.5080755498989338,1.5080755498989338,-0.06270030656730362,0.3676475498941563,,0.7368711703114761,6433.091949178385
ppo_markovian_mdd_static_seed_42,2022-03-25,6366.27106161426,-0.002920251465657775,0.07465277642171442,-0.587245326748563,1.5872453267485631,-0.058348650428874965,0.3694941780633902,,0.320582683445726,6384.439971989665
ppo_markovian_mdd_static_seed_42,2022-03-28,6337.845393987631,-0.004465041992638863,0.03551085639886742,-0.629976471076008,1.629976471076008,-0.060321452020186614,0.3723094130349405,,0.1312793310317312,6366.044989876795
ppo_markovian_mdd_static_seed_42,2022-03-29,6285.834780970714,-0.008206355596218295,0.030908922543529394,-0.6745762254203247,1.6745762254203247,-0.06485928287002282,0.37746046519597476,,-0.1252437434845637,6337.649498015256
ppo_markovian_mdd_static_seed_42,2022-03-30,6312.343359659811,0.004217193040031431,0.010022995332391371,-0.6775079611243385,1.6775079611243386,-0.05201693876721499,0.37483509580265484,,-0.2838834559111311,6285.771778078044
ppo_markovian_mdd_static_seed_42,2022-03-31,6377.939072144895,0.010391657859470493,0.0021999123992103575,-0.6580742231614778,1.6580742231614778,-0.04491275365707877,0.3683385960124874,,-0.1900038492989381,6312.329473057385
ppo_markovian_mdd_static_seed_42,2022-04-01,6366.354662806131,-0.0018163248672847798,0.026543759465951666,-0.6344558595655448,1.634455859565545,-0.057240861134633225,0.36948589832825396,,0.0756146589280775,6377.769777664276
ppo_markovian_mdd_static_seed_42,2022-04-04,6330.509006688454,-0.0056304836937685065,0.020433962440680742,-0.6642264056897345,1.6642264056897345,-0.061601794273787966,0.3730359976964079,,-0.1289968325413248,6366.224572954067
ppo_markovian_mdd_static_seed_42,2022-04-05,6385.33301936056,0.008660285075683838,0.023249931266289714,-0.6729488889518053,1.6729488889518054,-0.04651794668667048,0.3676063107042671,,-0.3609987514496152,6330.3618227891675
ppo_markovian_mdd_static_seed_42,2022-04-06,6424.215586660842,0.0060893562140593716,0.05812542837288681,-0.6049564467611461,1.6049564467611461,-0.04849242503198642,0.36375544026262213,,0.1732569190723647,6384.961869143506
ppo_markovian_mdd_static_seed_42,2022-04-07,6406.176132701712,-0.002808039941341156,0.05945896970655018,-0.5497573639442691,1.549757363944269,-0.05764329594144739,0.3655420403988257,,0.4030437427015956,6423.833609420886
ppo_markovian_mdd_static_seed_42,2022-04-08,6415.806441239468,0.0015032850078218196,0.01989322647550018,-0.5672633215504908,1.5672633215504908,-0.05318608418296292,0.3645882692600641,,0.2787686050458334,6406.048693189062
ppo_markovian_mdd_static_seed_42,2022-04-11,6479.691459055197,0.009957441578207549,0.0162672832888342,-0.5678926456781381,1.5678926456781381,-0.04383098619686908,0.3582611940731135,,0.1898366938173375,6415.702073498562
ppo_markovian_mdd_static_seed_42,2022-04-12,6487.029863566441,0.0011325237563570845,0.20644531138858735,-0.3596264606042782,1.3596264606042783,-0.05249827850939148,0.3575344096300251,,0.8867250240579007,6478.35375713423
ppo_markovian_mdd_static_seed_42,2022-04-13,6461.913605012087,-0.0038717655202138435,0.023642945818511618,-0.3411445253307112,1.3411445253307113,-0.05788256306995605,0.3600218857507434,,0.8559490190300765,6486.876491070854
ppo_markovian_mdd_static_seed_42,2022-04-14,6502.044626773109,0.006210392805297671,0.17147044010813156,-0.5030212443628047,1.5030212443628046,-0.04721591775248688,0.35604737027446187,,0.317097676555998,6460.805577842295
ppo_markovian_mdd_static_seed_42,2022-04-18,6500.521260495394,-0.000234290344831245,0.04667878563782912,-0.45661574943375083,1.4566157494337508,-0.05366405411882201,0.3561982421581352,,0.5051039642452173,6501.741119225768
ppo_markovian_mdd_static_seed_42,2022-04-19,6449.77867070344,-0.007805926287838494,0.02538251535583047,-0.4936197334875326,1.4936197334875325,-0.06202010869287411,0.3612237112238297,,0.3846935997359747,6500.356260914678
ppo_markovian_mdd_static_seed_42,2022-04-20,6452.016061628987,0.0003468942175812728,0.07396168168885903,-0.5669219180659623,1.5669219180659621,-0.05380348444974564,0.36100212342292515,,0.2065783671397651,6449.301634226434
ppo_markovian_mdd_static_seed_42,2022-04-21,6511.163562655204,0.009167289799226541,0.049467654554429585,-0.6016270344443609,1.6016270344443608,-0.04414611145688172,0.3551442447072527,,-0.0267046520401094,6451.6968955272705
ppo_markovian_mdd_static_seed_42,2022-04-22,6596.190318069202,0.013058611505579298,0.12123848249390623,-0.46112875906466044,1.4611287590646604,-0.03903441566126831,0.3467233239217478,,0.4889192289287737,6510.374159065598
ppo_markovian_mdd_static_seed_42,2022-04-25,6599.323873255945,0.0004750553024766013,0.6564203825378279,0.19620169909848353,0.8037983009015165,-0.05148700470648878,0.3464129813727926,,1.6876927513864766,6591.860444297322
ppo_markovian_mdd_static_seed_42,2022-04-26,6607.180028529122,0.001190448510189679,0.24580693455590388,-0.04809952669191777,1.0480995266919177,-0.05065549746381287,0.3456349196801885,,1.414485241765549,6597.701713684518
ppo_markovian_mdd_static_seed_42,2022-04-27,6615.439283708411,0.0012500423998780263,0.7654513805394214,0.7179208181985576,0.2820791818014424,-0.050473278590343,0.34481693558478915,,2.7776511131524044,6602.122553454812
ppo_markovian_mdd_static_seed_42,2022-04-28,6669.1028929849535,0.008111873902115319,0.38154522405945845,0.3419666801755311,0.6580333198244689,-0.04284617647282953,0.33950217318345144,,2.329425508122001,6612.915194444657
ppo_markovian_mdd_static_seed_42,2022-04-29,6656.314807237827,-0.0019175121380384796,0.29813411731170436,0.042281191558685594,0.9577188084413144,-0.053034655785487904,0.3407686857835202,,1.962649781419904,6667.114605880693
ppo_markovian_mdd_static_seed_42,2022-05-02,6675.821522169962,0.0029305577480986944,0.5335048029710385,0.5772512044972898,0.42274879550271016,-0.04789924351745809,0.3388367703478538,,2.635011256326345,6652.763631318078
ppo_markovian_mdd_static_seed_42,2022-05-03,6682.948065337508,0.0010675155325645669,0.28263516092963237,0.2955674026150541,0.7044325973849459,-0.049652699106552095,0.3381309683306396,,2.3763922781649285,6673.934700279706
ppo_markovian_mdd_static_seed_42,2022-05-04,6696.1858344500015,0.001980827769881177,0.22317710704992577,0.07443071016768454,0.9255692898323155,-0.04854411944848066,0.3368199197726846,,1.72093071753001,6681.456584321721
ppo_markovian_mdd_static_seed_42,2022-05-05,6771.55620026021,0.011255715966311586,0.4025696278522396,-0.3128274365560706,1.3128274365560706,-0.038210461221610204,0.32935535315513015,,0.9288607664182716,6693.4901534105975
ppo_markovian_mdd_static_seed_42,2022-05-06,6756.719699016658,-0.002191003191110208,0.5824691637651618,0.2684643414191311,0.7315356585808689,-0.05181711760781009,0.33082473771646825,,2.085069107058948,6767.611977582856
ppo_markovian_mdd_static_seed_42,2022-05-09,6730.117493755621,-0.003937147972100763,0.15016725625315364,0.11494489516231943,0.8850551048376806,-0.0539638259043608,0.3334593797433479,,1.8588647966015772,6755.705060958185
ppo_markovian_mdd_static_seed_42,2022-05-10,6736.509096220197,0.0009497014681403293,0.52260462437656,0.6380826512735069,0.36191734872649306,-0.04897470398363712,0.3328263651377151,,2.727116275298084,6726.600303230786
ppo_markovian_mdd_static_seed_42,2022-05-11,6697.242451294561,-0.005828930736198057,0.28927135266472703,0.3451827846521385,0.6548172153478615,-0.05635327636499123,0.3367152740443448,,2.3420846911819413,6734.560417121695
ppo_markovian_mdd_static_seed_42,2022-05-12,6693.370960249158,-0.0005780724042108165,0.10654758586940694,0.45147169825280314,0.5485283017471969,-0.0511430446485652,0.33709870064055436,,2.238250561131708,6696.528876279393
ppo_markovian_mdd_static_seed_42,2022-05-13,6751.045852256361,0.008616718294821135,0.08737156984055644,0.3695877725557864,0.6304122274442137,-0.04112819376646605,0.3313866668867031,,2.060078956372082,6692.786149920836
ppo_markovian_mdd_static_seed_42,2022-05-16,6748.905002783071,-0.0003171137509864197,0.386758617155391,-0.01709998140056667,1.0170999814005666,-0.05005696804749318,0.3315986933687262,,1.4839876916571286,6748.43482709819
ppo_markovian_mdd_static_seed_42,2022-05-17,6736.964794767726,-0.0017692067098916686,0.06571807971279087,-0.08466589857545317,1.0846658985754531,-0.051687958621260285,0.3327812334453186,,1.2043219997061985,6748.461477706124
ppo_markovian_mdd_static_seed_42,2022-05-18,6813.100340018771,0.011301164184526646,0.2007158954003769,-0.2707626995113708,1.2707626995113708,-0.037548349591062756,0.32524088461748685,,0.9351460084910984,6735.612578846663
ppo_markovian_mdd_static_seed_42,2022-05-19,6798.147425003892,-0.0021947298980831143,0.5409331795242645,0.2689608355046633,0.7310391644953367,-0.0512054116407468,0.32672179862202094,,1.8503752790209056,6809.414907989427
ppo_markovian_mdd_static_seed_42,2022-05-20,6797.1413192927375,-0.00014799704217272058,0.18475093142999444,0.08424356790458476,0.9157564320954152,-0.04917122426547325,0.3268214418043842,,1.5291664185750724,6796.891460935124
ppo_markovian_mdd_static_seed_42,2022-05-23,6809.850522925433,0.0018697865816945658,0.016578918078786975,0.10251549785310826,0.8974845021468918,-0.04696637052867681,0.3255627415691855,,1.530332507264872,6797.028630043635
ppo_markovian_mdd_static_seed_42,2022-05-24,6813.763787607443,0.0005746476620647201,0.20461761360342107,-0.10124377908242749,1.1012437790824274,-0.048201794050989746,0.3251751777754189,,1.3390121135349409,6808.457107562436
ppo_markovian_mdd_static_seed_42,2022-05-25,6813.307663928257,-6.694151623154454e-05,0.10562243500782059,0.004417170051929227,0.9955828299480708,-0.04884999649274622,0.32522035157220924,,1.5079009564998824,6813.044101284628
ppo_markovian_mdd_static_seed_42,2022-05-26,6793.549268563595,-0.002899971106437582,0.1424417535108297,-0.14117184662438487,1.1411718466243848,-0.051980763128172076,0.32717719305586196,,1.2939275980678984,6812.337164437398
ppo_markovian_mdd_static_seed_42,2022-05-27,6744.269954487862,-0.007253839212408075,0.14831205821417714,-0.29871331640682985,1.2987133164068299,-0.057088937455605775,0.33205774151587586,,1.1217416198572123,6792.541703288995
ppo_markovian_mdd_static_seed_42,2022-05-31,6760.249565684902,0.002369361147296134,0.1504374842981262,-0.44550786393321495,1.4455078639332148,-0.04720471312492537,0.3304751450799864,,0.78193854880351,6743.255363482482
ppo_markovian_mdd_static_seed_42,2022-06-01,6783.943284373441,0.003504858579305825,0.010849574977526477,-0.4296320653136501,1.42963206531365,-0.045720552396100844,0.32812855514816147,,0.8633653914719718,6760.176219850373
ppo_markovian_mdd_static_seed_42,2022-06-02,6727.59221777882,-0.00830653562868433,0.006231369954751986,-0.4478813660251282,1.4478813660251282,-0.05839764902659193,0.3337094792427189,,0.7636332585931843,6783.901011113084
ppo_markovian_mdd_static_seed_42,2022-06-03,6783.962578294843,0.008378979981434442,0.0667765486133911,-0.5019717795372278,1.5019717795372278,-0.040874925452979036,0.328126644307474,,0.5771355736797558,6727.142972390038
ppo_markovian_mdd_static_seed_42,2022-06-06,6773.767009563473,-0.0015028928319844592,0.012459753227260784,-0.4917353857761908,1.4917353857761908,-0.050874483001876906,0.3291363979577457,,0.5847433241716076,6783.878051795215
ppo_markovian_mdd_static_seed_42,2022-06-07,6742.26659022216,-0.004650354713535254,0.007733153224616096,-0.4909240823688921,1.490924082368892,-0.05449962400366326,0.33225615167164213,,0.631541481906686,6773.71462698528
ppo_markovian_mdd_static_seed_42,2022-06-08,6781.550461018231,0.005826508084542548,0.04957351866336496,-0.5314979479703718,1.5314979479703719,-0.043445230878466544,0.32836553674095337,,0.4296956319911874,6741.932352343516
ppo_markovian_mdd_static_seed_42,2022-06-09,6867.115401762932,0.012617312403195635,0.0009373948964886969,-0.5114881995270555,1.5114881995270555,-0.03544531984583707,0.3198913148972614,,0.4141778337631167,6781.544104027438
ppo_markovian_mdd_static_seed_42,2022-06-10,6938.385471850529,0.010378458190654527,0.14838528662422346,-0.34890113445909243,1.3489011344590924,-0.03659995355521327,0.3128328353438216,,0.8081842687611117,6866.09642287576
ppo_markovian_mdd_static_seed_42,2022-06-13,6968.911857977431,0.004399638251686877,0.22701726528794985,-0.1167160355767968,1.1167160355767969,-0.04208144412249983,0.30980954840089703,,1.111947474026112,6936.810338555196
ppo_markovian_mdd_static_seed_42,2022-06-14,6952.46516632945,-0.002360008561330118,0.6759579860887291,0.5584979357840221,0.44150206421597793,-0.04907855833711402,0.3114384037756192,,2.2610663702361435,6964.201166352683
ppo_markovian_mdd_static_seed_42,2022-06-15,6981.29298056889,0.004146416206305181,0.25003507758394883,0.31149061322250265,0.6885093867774974,-0.04214965761033584,0.30858334081399513,,1.9884957765763485,6950.726806162187
ppo_markovian_mdd_static_seed_42,2022-06-16,6973.444771800108,-0.001124176967021051,0.2861626829955806,0.024510221861301133,0.9754897781386989,-0.047528901652445776,0.3093606154968667,,1.4060008819590597,6979.295195038792
ppo_markovian_mdd_static_seed_42,2022-06-17,6963.6272506883915,-0.001407843817938903,0.42966596565395765,0.4536415220251315,0.5463584779748685,-0.04795877494387149,0.3103329278847645,,1.9976200330633085,6970.448519918298
ppo_markovian_mdd_static_seed_42,2022-06-21,7002.68971980198,0.005609500294509129,0.2219412357559436,0.23615558910495923,0.7638444108950407,-0.040375810397688824,0.3064642402406209,,1.646668201598336,6962.08173465103
ppo_markovian_mdd_static_seed_42,2022-06-22,7000.979173995619,-0.0002442698269956578,0.22616963739819215,0.009968027886540392,0.9900319721134596,-0.046239347180829976,0.3066336501006727,,1.4613449837240462,7001.10592400724
ppo_markovian_mdd_static_seed_42,2022-06-23,6996.517954010462,-0.0006372280040094491,0.06803744327703187,-0.05867204252521766,1.0586720425252176,-0.046698753503446024,0.3070754825558663,,1.2251902060221345,7000.5028452721845
ppo_markovian_mdd_static_seed_42,2022-06-24,6970.561659264414,-0.0037098875350086713,0.05625082370002495,-0.11901155792593557,1.1190115579259357,-0.05016370942319861,0.3096461545858343,,1.2332999117826624,6996.124394112517
ppo_markovian_mdd_static_seed_42,2022-06-27,6978.2837936005735,0.0011078209638812897,0.23177697576165598,-0.3489810225497016,1.3489810225497016,-0.04522499713544971,0.3088813661233884,,0.8948603384590061,6968.946043563669
ppo_markovian_mdd_static_seed_42,2022-06-28,7031.713438102162,0.007656559418031561,0.027072161721157173,-0.3655604369123846,1.3655604369123846,-0.037911069556114035,0.3035897752382034,,0.8369780813194766,6978.094876373177
ppo_markovian_mdd_static_seed_42,2022-06-29,7032.09036438557,5.360376055207894e-05,0.13452438480457363,-0.23080447199202578,1.2308044719920257,-0.04547926443076853,0.3035524450312692,,1.0857298341303832,7030.76750117778
ppo_markovian_mdd_static_seed_42,2022-06-30,7045.66589914654,0.001930511989681527,0.0077765148653884675,-0.23618488527147818,1.236184885271478,-0.043402540755229375,0.3022079446762177,,1.0410010570893526,7032.035679230316
ppo_markovian_mdd_static_seed_42,2022-07-01,7032.266405628674,-0.001901806544572171,0.06224518037645865,-0.1761033538618048,1.1761033538618049,-0.04743386880084268,0.3035350101737829,,1.132552366241277,7045.227340401775
ppo_markovian_mdd_static_seed_42,2022-07-05,7026.5281490381785,-0.0008159896482167195,0.16738808118915954,-0.3443635373274562,1.3443635373274563,-0.04643182050836055,0.30410331839582655,,0.7587429282238657,7031.089288048624
ppo_markovian_mdd_static_seed_42,2022-07-06,7018.703463357913,-0.0011135920207387962,0.02078702737491106,-0.32502453347916554,1.3250245334791655,-0.04684595203319291,0.3048782633877195,,0.9054324393983412,7026.382088405194
ppo_markovian_mdd_static_seed_42,2022-07-07,6978.132987876452,-0.005780337592728446,0.05712695101027537,-0.39010781887267315,1.3901078188726732,-0.05213155365660084,0.3088963016933822,,0.7503615822287254,7018.302506229006
ppo_markovian_mdd_static_seed_42,2022-07-08,6980.276404082751,0.0003071618454424385,0.07724638935829914,-0.4667903183954015,1.4667903183954016,-0.0459954884700021,0.30868402100601827,,0.6249605595354227,6977.593952298676
ppo_markovian_mdd_static_seed_42,2022-07-11,7022.271746738229,0.006016286494173073,0.06564635047743173,-0.5231722294856299,1.5231722294856298,-0.03968046899823245,0.3045248660183907,,0.3558884717944307,6979.818174411499
ppo_markovian_mdd_static_seed_42,2022-07-12,7049.72032132853,0.003908788434889399,0.07314851875793826,-0.4442722888217104,1.4442722888217103,-0.04136979115851816,0.3018064008579302,,0.6318556944192438,7021.758077961639
ppo_markovian_mdd_static_seed_42,2022-07-13,7062.065673055974,0.0017511831909264863,0.0930667610392702,-0.3487179233038801,1.3487179233038802,-0.0433379087370861,0.3005837359631001,,0.8318379949970478,7049.064226691991
ppo_markovian_mdd_static_seed_42,2022-07-14,7068.060164865866,0.0008488298024136309,0.0013824151551348196,-0.34895344017775465,1.3489534401777545,-0.04415003783895269,0.29999005059389283,,0.7386076448685983,7062.055910349361
ppo_markovian_mdd_static_seed_42,2022-07-15,7018.514263534681,-0.007009830162095776,0.01706861020295214,-0.3756417493093472,1.3756417493093471,-0.05276906466191936,0.3048970014510069,,0.6547746047027228,7067.939522902021
ppo_markovian_mdd_static_seed_42,2022-07-18,7048.272172528061,0.004239915725182675,0.1569474478494663,-0.5258790625636272,1.5258790625636272,-0.04106152088871398,0.3019498233168374,,0.247388694949008,7017.412725633324
ppo_markovian_mdd_static_seed_42,2022-07-19,6953.640608489479,-0.013426207405472512,0.030062891394346147,-0.5161270386846056,1.5161270386846057,-0.060215452354994925,0.31132198976841224,,0.4417388130979574,7048.060281087221
ppo_markovian_mdd_static_seed_42,2022-07-20,6927.678207871833,-0.0037336414231631254,0.0602864735453138,-0.5822259401292877,1.5822259401292877,-0.050824618837308246,0.31389326651463445,,0.29130534080969,6953.221398018892
ppo_markovian_mdd_static_seed_42,2022-07-21,6884.371068321921,-0.006251320897195156,0.028845110037795996,-0.62115896355189,1.6211589635518902,-0.05399829320051015,0.31818233987537786,,0.1729648417697721,6927.478378231621
ppo_markovian_mdd_static_seed_42,2022-07-22,6925.27031194343,0.0059408830836711335,0.0214829980226644,-0.6329057704317548,1.6329057704317549,-0.04119645551031951,0.3141317408721952,,0.0257702530926703,6884.223171391873
ppo_markovian_mdd_static_seed_42,2022-07-25,6919.833788901481,-0.0007850268360749535,0.007264028896095565,-0.6414464646117343,1.6414464646117342,-0.0479858600102421,0.31467016586162255,,0.0069057628723514,6925.220006579771
ppo_markovian_mdd_static_seed_42,2022-07-26,6971.724304274801,0.00749880950270021,0.007021837784494278,-0.6222482197962924,1.6222482197962924,-0.038958817995369405,0.3095310079889017,,0.0641696281753185,6919.78519895112
ppo_markovian_mdd_static_seed_42,2022-07-27,6867.089513661134,-0.015008452148560836,0.045997309037320244,-0.6001948553739631,1.600194855373963,-0.06310630053068186,0.31989387881556536,,0.3086476332459689,6971.403623717455
ppo_markovian_mdd_static_seed_42,2022-07-28,6811.931369215894,-0.008032244859414006,0.0372657340349114,-0.6506580579385847,1.6506580579385846,-0.056868175780858496,0.325356657711305,,0.0336110239375911,6866.833606529724
ppo_markovian_mdd_static_seed_42,2022-07-29,6745.372461325303,-0.009770930486965868,0.01831628202342095,-0.6854118122163824,1.6854118122163824,-0.05961126190884559,0.33194855091230213,,-0.1405821009893909,6811.806599959811
ppo_markovian_mdd_static_seed_42,2022-08-01,6759.167093683091,0.002045051246151175,0.00785142049159493,-0.6897942224060638,1.6897942224060638,-0.047544389744130625,0.33058235146385223,,-0.3320774923526572,6745.319500569737
ppo_markovian_mdd_static_seed_42,2022-08-02,6788.803566043663,0.004384633779547897,0.02186034112325741,-0.6606162256812032,1.6606162256812032,-0.044772030755423735,0.3276472002294551,,-0.050933534019929,6759.0193359847135
ppo_markovian_mdd_static_seed_42,2022-08-03,6720.895593015355,-0.010002936801407958,0.023312456092732692,-0.6538085423469566,1.6538085423469566,-0.060209207743041476,0.3343727027938095,,0.151685938430985,6788.645302358607
ppo_markovian_mdd_static_seed_42,2022-08-04,6723.810104624601,0.0004336492910668177,0.024803987884519207,-0.677843298389745,1.677843298389745,-0.04967905280585219,0.33408405398826124,,-0.2258746170516185,6720.728888002493
ppo_markovian_mdd_static_seed_42,2022-08-05,6731.575291028084,0.0011548788979245384,0.013378356025385618,-0.6892481516060721,1.6892481516060722,-0.04884303771887923,0.3333150017144208,,-0.3255979134808168,6723.7201510991745
ppo_markovian_mdd_static_seed_42,2022-08-08,6736.970875497335,0.0008015337028826064,0.00851064222479947,-0.696384635354904,1.696384635354904,-0.04911588203657212,0.33278063121908863,,-0.3843515708456047,6731.518000999173
ppo_markovian_mdd_static_seed_42,2022-08-09,6755.612011143525,0.0027669906833036606,0.0005544754010163855,-0.6922557140503814,1.6922557140503813,-0.04687699660475281,0.3309344414419521,,-0.3628127454268405,6736.967140012707
ppo_markovian_mdd_static_seed_42,2022-08-10,6657.975758180692,-0.014452614034343614,0.004371264091580174,-0.712629038243862,1.712629038243862,-0.06564869853219517,0.34060418772346407,,-0.2758938046126559,6755.582480579324
ppo_markovian_mdd_static_seed_42,2022-08-11,6657.9167861498345,-8.857351393110058e-06,0.008857351393131374,-0.7214863896369934,1.7214863896369934,-0.051100361624201764,0.3406100282238806,,-0.6677997799058171,6657.9167861498345
ppo_markovian_mdd_static_seed_42,2022-08-12,6576.974224523678,-0.012157340535486783,0.003557562828063965,-0.7390651220716064,1.7390651220716062,-0.064525813968748,0.3486264566564478,,-0.5844353283642059,6657.893100192564
ppo_markovian_mdd_static_seed_42,2022-08-15,6557.204017426638,-0.0030059730237838034,0.012658309403759671,-0.7315900723219068,1.7315900723219069,-0.0555981702284407,0.35058446795614506,,-0.7186028044930198,6576.890971149003
ppo_markovian_mdd_static_seed_42,2022-08-16,6547.877182152539,-0.001422379912125904,0.011058251070991232,-0.7229635038552701,1.72296350385527,-0.05414961998922583,0.3515081835635468,,-0.643424960724028,6557.131506218289
ppo_markovian_mdd_static_seed_42,2022-08-17,6581.4457839779225,0.005126638892507307,0.0006132044969021644,-0.7135644172192863,1.7135644172192863,-0.04711399760853265,0.34818360019593103,,-0.6984959953479226,6547.873166964806
ppo_markovian_mdd_static_seed_42,2022-08-18,6567.5898005635145,-0.002105309968235214,0.008041777753705626,-0.725224482499041,1.725224482499041,-0.05454091061264693,0.34955587575989766,,-0.6601223094973319,6581.392857453629
ppo_markovian_mdd_static_seed_42,2022-08-19,6631.714173535669,0.009763760362538454,0.0014619951620917782,-0.7099880398103405,1.7099880398103404,-0.041764361417240284,0.3432050952015961,,-0.7240709405322424,6567.580198778999
ppo_markovian_mdd_static_seed_42,2022-08-22,6730.236085298103,0.014856175821870155,0.0036578356436084425,-0.6885541498835667,1.6885541498835668,-0.03527024143667353,0.33344763461700255,,-0.5210626534907583,6631.689915815187
ppo_markovian_mdd_static_seed_42,2022-08-23,6739.950562630158,0.0014434081076704075,0.06500927807646828,-0.6210994182833675,1.6210994182833676,-0.04843046173377764,0.33248552752862187,,0.0963959823881194,6729.798557508913
ppo_markovian_mdd_static_seed_42,2022-08-24,6726.881925207427,-0.00193898119894087,0.02236438381757766,-0.6018051498117079,1.6018051498117079,-0.05200783728760206,0.3337798255407648,,0.1517433401755043,6739.799827788864
ppo_markovian_mdd_static_seed_42,2022-08-25,6665.850760600014,-0.009072727199018193,0.03817248414138663,-0.6549297581622132,1.654929758162213,-0.06008777394908667,0.33982425943811573,,-0.1044849307339439,6726.625143413817
ppo_markovian_mdd_static_seed_42,2022-08-26,6819.879148014803,0.02310708609397727,0.028585373311328044,-0.6454455554522454,1.6454455554522454,-0.025841268284754478,0.324569521763797,,-0.3127380609585847,6665.660214767585
ppo_markovian_mdd_static_seed_42,2022-08-29,6841.365388151703,0.0031505309215273947,0.14671221375836718,-0.4938071735165216,1.4938071735165215,-0.04522065517520686,0.32244155715677186,,0.4241684437972159,6818.878588447433
ppo_markovian_mdd_static_seed_42,2022-08-30,6872.37578456795,0.0045327788616513764,0.07412201836324706,-0.413174318545204,1.413174318545204,-0.043383013427416156,0.3193703345695187,,0.5459400559912172,6840.858292340773
ppo_markovian_mdd_static_seed_42,2022-08-31,6891.262240565787,0.002748169860013583,0.04594756888661938,-0.36341702733217746,1.3634170273321775,-0.044880576750116995,0.3174998486371515,,0.5399917172246588,6872.060015608174
ppo_markovian_mdd_static_seed_42,2022-09-01,6883.556204072208,-0.0011182329484163978,0.01034140381990939,-0.35457636273079807,1.354576362730798,-0.04885831505642305,0.31826304279370465,,0.4669696717099568,6891.190975240128
ppo_markovian_mdd_static_seed_42,2022-09-02,6911.869124658379,0.004113124051986716,0.03923557841605252,-0.38804804034906365,1.3880480403490636,-0.043214157836759824,0.31545897411789126,,0.3996118687200717,6883.286123762981
ppo_markovian_mdd_static_seed_42,2022-09-06,6921.06305084714,0.00133016497027727,0.028065430600223318,-0.35813789380014993,1.35813789380015,-0.04585298215910622,0.31454842162454527,,0.3759336506142725,6911.675140075144
ppo_markovian_mdd_static_seed_42,2022-09-07,6891.425509851856,-0.004282223811218788,0.12680152368963815,-0.23647509788876572,1.2364750978887658,-0.051913970595201746,0.3174836786949021,,0.6577104995912809,6920.185449506741
ppo_markovian_mdd_static_seed_42,2022-09-08,6868.402475319597,-0.0033408232446748842,0.23829923296565017,-0.4793651908796294,1.4793651908796295,-0.05131099301786259,0.31976384508598826,,0.1975666777226014,6889.783288438818
ppo_markovian_mdd_static_seed_42,2022-09-09,6806.550737428575,-0.009005258226097768,0.09428606329746408,-0.5878014427995141,1.5878014427995142,-0.05792948274350035,0.32588954731571673,,-0.0141139881706934,6867.754880689056
ppo_markovian_mdd_static_seed_42,2022-09-12,6759.1577149366285,-0.006962854508868466,0.05496837073808358,-0.6541974493260485,1.6541974493260485,-0.05657470034217214,0.3305832803206649,,-0.1829840502824177,6806.176592424193
ppo_markovian_mdd_static_seed_42,2022-09-13,6945.589796730017,0.027582147015360325,0.019410903095732346,-0.5908750636581941,1.590875063658194,-0.019609286865601743,0.31211932994392927,,0.0328623200643394,6759.026513581215
ppo_markovian_mdd_static_seed_42,2022-09-14,6934.543379089868,-0.0015904218307493112,0.23578659129186108,-0.3569270470729338,1.3569270470729338,-0.04857369045089098,0.3132133503785369,,0.7141363742818002,6943.952119787335
ppo_markovian_mdd_static_seed_42,2022-09-15,6967.134491219482,0.004699820932390075,0.0625713965305818,-0.41276985825106816,1.4127698582510682,-0.041809025159797585,0.3099855761065599,,0.4847760263624702,6934.109475026336
ppo_markovian_mdd_static_seed_42,2022-09-16,6998.226641202298,0.004462688358033207,0.028523687730285685,-0.3780568484609383,1.3780568484609383,-0.04158317842430191,0.3069062567701757,,0.5015738728030542,6966.93576285088
ppo_markovian_mdd_static_seed_42,2022-09-19,6979.604644132513,-0.0026609594150819316,0.040080273563172175,-0.3414926058103168,1.3414926058103167,-0.0489770887244003,0.3087505510917575,,0.5023565770344456,6997.946150364061
ppo_markovian_mdd_static_seed_42,2022-09-20,7012.156544043609,0.004663860142631426,0.07103611766800044,-0.40587159442680193,1.4058715944268019,-0.04117598100622355,0.30552666033837833,,0.3888168052920775,6979.108840115737
ppo_markovian_mdd_static_seed_42,2022-09-21,7045.664072118583,0.004778491162385157,0.12474840330856157,-0.2748714112737574,1.2748714112737574,-0.040564108429050935,0.3022081256222931,,0.6718287861658783,7011.2817887109895
ppo_markovian_mdd_static_seed_42,2022-09-22,7051.896984489579,0.0008846451246038445,0.15149970586089273,-0.12220875842299567,1.1222087584229956,-0.04435437005966937,0.3015908274426367,,0.8363724335067033,7044.5966560840625
ppo_markovian_mdd_static_seed_42,2022-09-23,7068.304805274289,0.0023267244006539567,0.017720297744606872,-0.13726275927336332,1.1372627592733633,-0.04267085149807092,0.299965821779207,,0.7011433702337387,7051.77202277535
ppo_markovian_mdd_static_seed_42,2022-09-26,7052.964618876632,-0.002170277997379233,0.32395805186541193,0.1851904058664319,0.8148095941335681,-0.047395400046683626,0.30148509055361306,,1.2125229680918972,7066.014971019581
ppo_markovian_mdd_static_seed_42,2022-09-27,7044.264706493294,-0.0012335114173198658,0.21419594047374754,0.39877337544079594,0.6012266245592041,-0.046586280319161656,0.30234671666958335,,1.671057336516146,7051.453902486964
ppo_markovian_mdd_static_seed_42,2022-09-28,7097.859799898499,0.007608330413222619,0.011510166813095135,0.391896910560142,0.608103089439858,-0.03697627795466102,0.29703873997613583,,1.72230389691595,7044.183625831447
ppo_markovian_mdd_static_seed_42,2022-09-29,7097.617465008577,-3.4141966276268754e-05,0.40989226248563426,-0.017612826810306882,1.0176128268103068,-0.04459355361749183,0.2970627404557691,,1.225634194928241,7094.950442086312
ppo_markovian_mdd_static_seed_42,2022-09-30,7066.41664465328,-0.004395956883999075,0.2836256146292156,0.26298106191859694,0.7370189380814031,-0.049428570863746205,0.30015282234088203,,1.544554640243038,7095.60439889266
ppo_markovian_mdd_static_seed_42,2022-10-03,7117.117323905274,0.007174878273043195,0.009130234735150622,0.2773032039881735,0.7226967960118265,-0.03712046431130026,0.295131504031445,,1.4873554313287944,7066.352126610578
ppo_markovian_mdd_static_seed_42,2022-10-04,7095.824308504139,-0.0029918033428528723,0.3621965200186758,-0.08775471965330724,1.0877547196533073,-0.047582337526076435,0.29724033195395533,,1.1752781306362612,7114.539528777991
ppo_markovian_mdd_static_seed_42,2022-10-05,7099.351958424232,0.0004971444848016482,0.22058422049027798,-0.3074003743328095,1.3074003743328095,-0.04403662287970293,0.29689095886084527,,0.964158015067476,7094.259081630311
ppo_markovian_mdd_static_seed_42,2022-10-06,7124.579333764521,0.0035534757944144513,0.04106393583641049,-0.3436343647257134,1.3436343647257134,-0.04061169456898837,0.2943924779023234,,0.8546461573225558,7099.060431090931
ppo_markovian_mdd_static_seed_42,2022-10-07,7160.091905679925,0.004984514909828208,0.15920206678069082,-0.17837013039099756,1.1783701303909975,-0.0386591716607794,0.2908753666879405,,1.2347919559628366,7123.445086009642
ppo_markovian_mdd_static_seed_42,2022-10-10,7158.106058447238,-0.0002773494054052472,0.18983419160651746,0.011377525280799463,0.9886224747192005,-0.04393819417136672,0.2910720419833478,,1.388676280273794,7158.732675421182
ppo_markovian_mdd_static_seed_42,2022-10-11,7152.137962719423,-0.0008337534648249489,0.10388353024831812,0.114614772332745,0.885385227667255,-0.04458356819925735,0.2916631131246555,,1.5888020029971168,7157.362449119994
ppo_markovian_mdd_static_seed_42,2022-10-12,7146.137334234624,-0.0008389978655440888,0.1072530870308109,0.22129798711104828,0.7787020128889517,-0.044677960960363486,0.2922574062608301,,1.8012870788684383,7151.370873844051
ppo_markovian_mdd_static_seed_42,2022-10-13,7185.456132843071,0.005502105091107712,0.012344159491495671,0.21329214173186112,0.7867078582681388,-0.03776747601507814,0.28836333213262405,,1.770574000229859,7146.0491211756225
ppo_markovian_mdd_static_seed_42,2022-10-14,7200.965168921536,0.002158392702110712,0.3221779217087059,-0.10614103472398592,1.106141034723986,-0.04086803439241711,0.2868273407421447,,1.4403821838964752,7183.141137519662
ppo_markovian_mdd_static_seed_42,2022-10-17,7202.231601423407,0.00017586982746919944,0.11756128280030562,0.01171027712315812,0.9882897228768419,-0.042829432914256706,0.28670191518960525,,1.44466259855168,7200.118614218877
ppo_markovian_mdd_static_seed_42,2022-10-18,7184.401485226104,-0.002475637716756851,0.20500168792695297,-0.19600766573722075,1.1960076657372207,-0.04574887459951418,0.2884677828316523,,1.3088618186108631,7200.7551317882735
ppo_markovian_mdd_static_seed_42,2022-10-19,7198.963006898202,0.002026824600774635,0.10482973183815766,-0.2980700707868254,1.2980700707868253,-0.041029071411455786,0.2870256318296518,,1.131349809748192,7183.64834634499
ppo_markovian_mdd_static_seed_42,2022-10-20,7214.962291611879,0.0022224429682922153,0.029504356427541956,-0.26571530606247684,1.2657153060624768,-0.04059618604888134,0.28544108695853904,,1.1745698471454054,7198.750606127738
ppo_markovian_mdd_static_seed_42,2022-10-21,7164.655271539771,-0.006972596396046971,0.020372802953941616,-0.2950920620411289,1.295092062041129,-0.05056053121538191,0.2904234178603752,,1.0149045435710684,7214.815302606791
ppo_markovian_mdd_static_seed_42,2022-10-24,7129.827296048542,-0.004861081820583424,0.09448508830371971,-0.39623305916630425,1.3962330591663044,-0.048953844460886034,0.2938727276841258,,0.951683440069362,7163.978318453774
ppo_markovian_mdd_static_seed_42,2022-10-25,7081.472201820664,-0.006782084925770482,0.026813321115144118,-0.4327250868965062,1.4327250868965062,-0.05160444920201068,0.29866174281337476,,0.977075355560386,7129.6361216997575
ppo_markovian_mdd_static_seed_42,2022-10-26,7108.163515504951,0.003769175804633429,0.07794241598359025,-0.5048776095303975,1.5048776095303975,-0.040640651083157946,0.2960182756235231,,0.6941810993608485,7080.920254768534
ppo_markovian_mdd_static_seed_42,2022-10-27,7128.728299701737,0.0028931219930337093,0.04544277735619917,-0.5457778122374967,1.5457778122374966,-0.04120829062201968,0.29398157061403585,,0.451286305536192,7107.840500812904
ppo_markovian_mdd_static_seed_42,2022-10-28,7036.296689085222,-0.012966072871704593,0.0008044984290555002,-0.5652674426043518,1.5652674426043518,-0.05852124470199303,0.3031358570182206,,0.4674180445892433,7128.722564651019
ppo_markovian_mdd_static_seed_42,2022-10-31,7067.4179798980995,0.004422964549114727,0.05465424166078492,-0.6127002327162803,1.6127002327162803,-0.04059483575507797,0.300053651618263,,0.1281873335430924,7035.91212562558
ppo_markovian_mdd_static_seed_42,2022-11-01,7086.5339632571995,0.0027048044156254836,0.007029464988034917,-0.6153491084697493,1.6153491084697493,-0.04202291203177217,0.29816043364445904,,0.147880197791159,7067.368299730854
ppo_markovian_mdd_static_seed_42,2022-11-02,7196.581564257146,0.015529115018784845,0.003579025971626404,-0.5941663476832862,1.5941663476832861,-0.02767945069264951,0.2872614862937898,,0.1266596369249917,7086.508600368096
ppo_markovian_mdd_static_seed_42,2022-11-03,7239.8895066859,0.006017849174926315,0.008865067661618764,-0.5758042737698051,1.5758042737698053,-0.03644603577380978,0.2829723334171447,,0.1298591553747276,7196.517766074647
ppo_markovian_mdd_static_seed_42,2022-11-04,7178.238034023739,-0.008515526736316614,0.014813442542603306,-0.6042552321091619,1.6042552321091619,-0.05191372124229359,0.28907820168260967,,0.0049088258900947,7239.782258998678
ppo_markovian_mdd_static_seed_42,2022-11-07,7134.030948324449,-0.00615848701168098,0.035838511691955066,-0.650197686300089,1.6501976863000891,-0.050195989363360415,0.2934564043438682,,-0.161576694434182,7177.980776656029
ppo_markovian_mdd_static_seed_42,2022-11-08,7108.445833567992,-0.0035863475981228188,0.012243984594533797,-0.6684047955155086,1.6684047955155086,-0.04799134125054897,0.29599031527111863,,-0.2120219917942902,7133.943599359421
ppo_markovian_mdd_static_seed_42,2022-11-09,7201.358073513103,0.013070682694992897,0.03237757860419266,-0.6148668343253675,1.6148668343253676,-0.03003226576579586,0.2867884280678255,,0.0349727644108438,7108.215679304262
ppo_markovian_mdd_static_seed_42,2022-11-10,6970.017020292654,-0.03212464244367064,0.03083829228358892,-0.63655338566095,1.63655338566095,-0.07910697707166503,0.3097000948028349,,0.1466916431499088,7201.135995927993
ppo_markovian_mdd_static_seed_42,2022-11-11,6923.061994390024,-0.006736716103550977,0.053958377434905724,-0.7018856663993193,1.7018856663993192,-0.053912077598319855,0.31435044929045636,,-0.4112346948645904,6969.640929483545
ppo_markovian_mdd_static_seed_42,2022-11-14,6965.427920012902,0.0061195357859296085,0.019836876840274242,-0.7112165387949202,1.71121653879492,-0.0404223013817339,0.3101545923282828,,-0.6372142368483097,6922.924662461884
ppo_markovian_mdd_static_seed_42,2022-11-15,6923.650332683131,-0.005997849351040863,0.009043961413786161,-0.7124280685778485,1.7124280685778484,-0.05315973587101083,0.31429218115900515,,-0.3832722323780335,6965.364924951563
ppo_markovian_mdd_static_seed_42,2022-11-16,6959.7157704823,0.005209020685074561,0.026165282189451244,-0.677480633527887,1.6774806335278871,-0.04141254657480829,0.31072031494674507,,-0.2143042485518335,6923.469173418395
ppo_markovian_mdd_static_seed_42,2022-11-17,6974.316461324794,0.002097886080983047,0.012095575063574171,-0.6860186970388095,1.6860186970388096,-0.04429545411260382,0.3092742846895674,,-0.3186477857824856,6959.631588717777
ppo_markovian_mdd_static_seed_42,2022-11-18,6952.233607689618,-0.0031663108144910357,0.009302326425393415,-0.7006901667015727,1.7006901667015728,-0.049890534731848436,0.3114613369918019,,-0.3672624092944041,6974.251583956477
ppo_markovian_mdd_static_seed_42,2022-11-21,6970.220455956094,0.002587204239883567,0.014972014675838197,-0.7112092466398178,1.7112092466398177,-0.04386812883812305,0.3096799468435433,,-0.5570648419748447,6952.129518746014
ppo_markovian_mdd_static_seed_42,2022-11-22,6901.358790562541,-0.009879409959653529,0.021365275855452004,-0.7498247415418937,1.7498247415418937,-0.057403520397753066,0.3164999016520457,,-0.7361085110098488,6970.07153527328
ppo_markovian_mdd_static_seed_42,2022-11-23,6868.529916489366,-0.004756871084295455,0.004352173150031335,-0.7625535200844695,1.7625535200844695,-0.052730904529155465,0.31975122350599017,,-0.982864703541395,6901.328754654114
ppo_markovian_mdd_static_seed_42,2022-11-25,6869.677293254685,0.0001670483756013308,0.004565947173983842,-0.7668162548989489,1.766816254898949,-0.04777860393335572,0.31963758905287204,,-1.19869807487687,6868.498555144604
ppo_markovian_mdd_static_seed_42,2022-11-28,6953.695019677795,0.012230228995706582,0.00034558419887564806,-0.7451267603303462,1.7451267603303462,-0.034541446146123755,0.31131660096691766,,-1.1691166224702634,6869.674919202761
ppo_markovian_mdd_static_seed_42,2022-11-29,6962.5335155076455,0.0012710502552726322,0.0032136801148920924,-0.7396962409129171,1.739696240912917,-0.04529594430878143,0.31044124975677456,,-0.7731840153922894,6953.672672726386
ppo_markovian_mdd_static_seed_42,2022-11-30,6798.810741917096,-0.023514827357870582,0.006587826717850742,-0.7883247102349182,1.7883247102349182,-0.0727941286752097,0.32665610472185297,,-0.8445744561098272,6962.487647543328
ppo_markovian_mdd_static_seed_42,2022-12-01,6802.490151123003,0.0005411842372993192,0.022401269778527855,-0.7649287299204027,1.7649287299204026,-0.04840271739299439,0.3262917016194467,,-1.1344074759529124,6798.658439923493
ppo_markovian_mdd_static_seed_42,2022-12-02,6808.49991077023,0.0008834646598105955,0.0062384887647474185,-0.7695927965803218,1.7695927965803218,-0.04797140098741417,0.32569650414680634,,-1.2922182733203118,6802.4477138646225
ppo_markovian_mdd_static_seed_42,2022-12-05,6903.986167417619,0.014024566042270425,0.010613466485016376,-0.755566313204704,1.755566313204704,-0.03350882179383187,0.3162396902366794,,-1.4561488778144311,6808.427648984613
ppo_markovian_mdd_static_seed_42,2022-12-06,6980.1248522704445,0.011028220944611755,0.010212347569526936,-0.7464998418926939,1.7464998418926938,-0.03533700102956711,0.30869903046745323,,-1.0650943966094994,6903.915661511262
ppo_markovian_mdd_static_seed_42,2022-12-07,6988.844634752945,0.001249230159495518,0.007664924347375313,-0.7366521113132187,1.7366521113132187,-0.04492686494632259,0.30783543644702466,,-0.7383383577221311,6980.071350141517
ppo_markovian_mdd_static_seed_42,2022-12-08,6949.076059091493,-0.005690293280193659,0.01178214480626072,-0.7347207134580436,1.7347207134580436,-0.05247265305024199,0.31177405581179835,,-0.6239226376501441,6988.76229117343
ppo_markovian_mdd_static_seed_42,2022-12-09,6987.273402711827,0.005496751409183265,0.001274877228754523,-0.7265032185062666,1.7265032185062665,-0.04071695792843581,0.3079910488832453,,-0.7159079530461435,6949.067199872665
ppo_markovian_mdd_static_seed_42,2022-12-12,6914.62419043308,-0.010397362188597215,0.005720402096201949,-0.7388524515719584,1.7388524515719586,-0.05772970986232962,0.3151861165857574,,-0.5949742747398588,6987.233432698407
ppo_markovian_mdd_static_seed_42,2022-12-13,6878.9884972957025,-0.005153670272736166,0.06681848598434248,-0.680583415599349,1.680583415599349,-0.05297430946703492,0.31871542153906646,,-0.108280319511607,6914.162165713525
ppo_markovian_mdd_static_seed_42,2022-12-14,6910.479674568876,0.004577879042180877,0.042039753822800674,-0.7147010567369361,1.714701056736936,-0.04277205504781382,0.31559658314556904,,-0.6706728289045408,6878.699306312727
ppo_markovian_mdd_static_seed_42,2022-12-15,7037.756522873764,0.018417946987569822,0.03989082549191525,-0.7227916056468344,1.7227916056468344,-0.027198300759243847,0.30299127729583253,,-0.99175622944707,6910.204009830113
ppo_markovian_mdd_static_seed_42,2022-12-16,7119.906823307231,0.011672796603074742,0.007239096815810253,-0.6957459917283955,1.6957459917283955,-0.03262309036656204,0.29485523624513793,,-0.6107970769967433,7037.705575872928
ppo_markovian_mdd_static_seed_42,2022-12-19,7162.331465295071,0.005958595110958642,0.007881535031705855,-0.6935230812080859,1.693523081208086,-0.03765712172635336,0.2906535641033101,,-0.661907577685417,7119.850707512181
ppo_markovian_mdd_static_seed_42,2022-12-20,7155.411060086525,-0.0009662224154353138,0.007267383669996352,-0.7024230238674456,1.7024230238674456,-0.04466753208871265,0.29133895052998265,,-0.7090496312935853,7162.279413884341
ppo_markovian_mdd_static_seed_42,2022-12-21,7076.875858849933,-0.010975637958057782,0.029652071309251182,-0.7512447640688252,1.7512447640688253,-0.05590385830440667,0.29911695764394286,,-0.9228692677723788,7155.198887327524
ppo_markovian_mdd_static_seed_42,2022-12-22,7155.364478494543,0.01109085721017089,0.028177817127006066,-0.7598541498648687,1.7598541498648688,-0.03267172992966628,0.2913435639001417,,-1.2444585237730037,7076.676447936152
ppo_markovian_mdd_static_seed_42,2022-12-23,7124.972030244732,-0.004247505258628714,0.025938761280731693,-0.7412664513756836,1.7412664513756835,-0.04840958941010176,0.2943535858390369,,-0.8147481318063508,7155.178877203459
ppo_markovian_mdd_static_seed_42,2022-12-27,7146.232588543265,0.0029839497205439436,0.020662226183215338,-0.7566505153755961,1.756650515375596,-0.04085768928368216,0.29224797241869843,,-1.0745964053966588,7124.824812461095
ppo_markovian_mdd_static_seed_42,2022-12-28,7212.362294626237,0.009253785860397379,0.01114595728920087,-0.729480857264362,1.7294808572643618,-0.03364355610095479,0.2856985867131991,,-0.902500771192736,7146.152936940054
ppo_markovian_mdd_static_seed_42,2022-12-29,7119.214593575471,-0.012915005825507198,0.012688929449878317,-0.7392323393575447,1.7392323393575446,-0.05723769864829968,0.29492379362696614,,-0.7974663145748441,7212.270777469913
ppo_markovian_mdd_static_seed_42,2022-12-30,7133.242992903121,0.0019704981698838164,0.014279029870818305,-0.7500378843388261,1.750037884338826,-0.04206160705290858,0.29353444225267944,,-0.9710910182648248,7119.112938097633
