baseline,date,portfolio_value,daily_returns,turnover,weight_spy,weight_cash,reward,drawdown,lambda_rrc,vix_zscore_t,nav_after_cost
ppo_markovian_mdd_static_seed_19,2020-01-02,10000.0,0.0,0.0,0.0,1.0,0.0,0.0,,,10000.0
ppo_markovian_mdd_static_seed_19,2020-01-03,9934.638869397148,-0.006536113060285231,0.7629891633987427,0.7616118683177723,0.23838813168222772,-0.007537983940897557,0.006536113060285243,,-1.121252637682178,9992.370108366013
ppo_markovian_mdd_static_seed_19,2020-01-06,9970.162699855558,0.0035757545820653824,0.23838813168222772,1.0,0.0,0.0031218172686200214,0.002983730014444154,,-0.5150265874899304,9932.270569398135
ppo_markovian_mdd_static_seed_19,2020-01-07,9942.128822219784,-0.0028117773480448305,0.0,1.0,0.0,-0.0036838054863940336,0.005787117778021639,,-0.577966289820798,9970.162699855558
ppo_markovian_mdd_static_seed_19,2020-01-08,9995.115755967727,0.005329536027487647,0.0,1.0,0.0,0.005242120648995269,0.0004884244032273273,,-0.5971291346020252,9942.128822219784
ppo_markovian_mdd_static_seed_19,2020-01-09,10062.889128813411,0.006780649119067839,0.0,1.0,0.0,0.006757763910630538,0.0,,-0.7317163457422727,9995.115755967727
ppo_markovian_mdd_static_seed_19,2020-01-10,10033.931098734027,-0.002877705369570993,0.0,1.0,0.0,-0.003313509729894335,0.002877705369571012,,-1.1033644571672967,10062.889128813411
ppo_markovian_mdd_static_seed_19,2020-01-13,10102.937928350833,0.006877347366428754,0.0,1.0,0.0,0.006853806284860935,0.0,,-1.0880230504530377,10033.931098734027
ppo_markovian_mdd_static_seed_19,2020-01-14,10087.534760867533,-0.0015246225991427664,0.0,1.0,0.0,-0.001754479408716769,0.00152462259914278,,-1.17942901770067,10102.937928350833
ppo_markovian_mdd_static_seed_19,2020-01-15,10110.331147899704,0.0022598570981489097,0.0,1.0,0.0,0.0022573074615838975,0.0,,-1.14220809996923,10087.534760867533
ppo_markovian_mdd_static_seed_19,2020-01-16,10194.43278080703,0.008318385587676502,0.0,1.0,0.0,0.008283978494246641,0.0,,-1.1213026307072285,10110.331147899704
ppo_markovian_mdd_static_seed_19,2020-01-17,10226.16326821724,0.0031125309364881115,0.0,1.0,0.0,0.0031076970399105484,0.0,,-1.1555691481782835,10194.43278080703
ppo_markovian_mdd_static_seed_19,2020-01-21,10206.138398381163,-0.001958199699227836,0.0,1.0,0.0,-0.0022538494337603866,0.0019581996992278036,,-1.2387623873728912,10226.16326821724
ppo_markovian_mdd_static_seed_19,2020-01-22,10207.370915017553,0.00012076228915192111,0.0,1.0,0.0,-0.00015489608503945228,0.0018376738867541766,,-0.9143686757330924,10206.138398381163
ppo_markovian_mdd_static_seed_19,2020-01-23,10219.077472726418,0.0011468729613461903,0.0,1.0,0.0,0.0010422795293683264,0.000692908503900477,,-0.8850059128587179,10207.370915017553
ppo_markovian_mdd_static_seed_19,2020-01-24,10128.19840852105,-0.008893079091328415,0.0,1.0,0.0,-0.010369832361734029,0.009579825505100618,,-0.8491585386417684,10219.077472726418
ppo_markovian_mdd_static_seed_19,2020-01-27,9965.849361695564,-0.016029410194896898,0.0,1.0,0.0,-0.019977622298106214,0.025455676747380723,,-0.1627746539082402,10128.19840852105
ppo_markovian_mdd_static_seed_19,2020-01-28,10070.283288497014,0.010479179747874712,0.0,1.0,0.0,0.008138165996454146,0.01524325161174563,,1.4216818453097495,9965.849361695564
ppo_markovian_mdd_static_seed_19,2020-01-29,10061.964976369802,-0.0008260256329346571,0.0,1.0,0.0,-0.003234869869313031,0.016056685928119735,,0.5866366623582641,10070.283288497014
ppo_markovian_mdd_static_seed_19,2020-01-30,10094.619616223621,0.003245354156022895,0.0,1.0,0.0,0.0013105831495941248,0.012863441404505533,,0.6428733357594455,10061.964976369802
ppo_markovian_mdd_static_seed_19,2020-01-31,9911.322487253183,-0.018157903510881312,0.0,1.0,0.0,-0.022942947197754894,0.03078777178754596,,0.2542215121852175,10094.619616223621
ppo_markovian_mdd_static_seed_19,2020-02-03,9984.9491389533,0.0074285396116215985,0.0,1.0,0.0,0.003862892844241567,0.023587940358201654,,1.7092973316129427,9911.322487253183
ppo_markovian_mdd_static_seed_19,2020-02-04,10137.132508899087,0.015241276427947925,0.0,1.0,0.0,0.013820368874031305,0.008706174249619066,,1.3230229086231358,9984.9491389533
ppo_markovian_mdd_static_seed_19,2020-02-05,10254.19620571828,0.011548008938072618,0.0,1.0,0.0,0.011481839611606611,0.0,,0.4879083594053889,10137.132508899087
ppo_markovian_mdd_static_seed_19,2020-02-06,10288.700090594051,0.0033648551464744436,0.0,1.0,0.0,0.003359206688677661,0.0,,0.0975880082047145,10254.19620571828
ppo_markovian_mdd_static_seed_19,2020-02-07,10233.86485195889,-0.005329656628371593,0.0,1.0,0.0,-0.006143358408485288,0.00532965662837156,,0.0157457249951368,10288.700090594051
ppo_markovian_mdd_static_seed_19,2020-02-10,10310.263960989832,0.007465323231850007,0.0,1.0,0.0,0.007437595617929694,0.0,,0.2391059158775173,10233.86485195889
ppo_markovian_mdd_static_seed_19,2020-02-11,10328.132161745913,0.001733049786473595,0.0,1.0,0.0,0.0017315497884897969,0.0,,0.0532871418176267,10310.263960989832
ppo_markovian_mdd_static_seed_19,2020-02-12,10394.67395808994,0.006442771577855,0.0,1.0,0.0,0.006422105641496987,0.0,,0.1155957632010759,10328.132161745913
ppo_markovian_mdd_static_seed_19,2020-02-13,10383.5831886319,-0.0010669665544832396,0.0,1.0,0.0,-0.0012275811516787086,0.0010669665544832594,,-0.5079166457394809,10394.67395808994
ppo_markovian_mdd_static_seed_19,2020-02-14,10400.218872751591,0.0016021140118476218,0.0,1.0,0.0,0.001600831996301532,0.0,,-0.3269810390372755,10383.5831886319
ppo_markovian_mdd_static_seed_19,2020-02-18,10373.417511752205,-0.0025769997081125373,0.0,1.0,0.0,-0.0029668758436815473,0.0025769997081124857,,-0.5270928769657132,10400.218872751591
ppo_markovian_mdd_static_seed_19,2020-02-19,10423.01525978376,0.00478123511131856,0.0,1.0,0.0,0.004769841309919101,0.0,,-0.0266714102394479,10373.417511752205
ppo_markovian_mdd_static_seed_19,2020-02-20,10380.194943050246,-0.004108246574168639,0.0,1.0,0.0,-0.0047329455892705695,0.004108246574168643,,-0.2215493742151412,10423.01525978376
ppo_markovian_mdd_static_seed_19,2020-02-21,10273.29692311075,-0.010298267087080704,0.0,1.0,0.0,-0.012506292009459463,0.014364205840768933,,0.2891102737620407,10380.194943050246
ppo_markovian_mdd_static_seed_19,2020-02-24,9932.578933590918,-0.03316539880720826,0.0,1.0,0.0,-0.04078582289724064,0.047053210032719235,,0.9442302755974517,10273.29692311075
ppo_markovian_mdd_static_seed_19,2020-02-25,9631.600439280992,-0.030302149756096908,0.0,1.0,0.0,-0.04216018255892586,0.07592954637189964,,4.22184436454829,9932.578933590918
ppo_markovian_mdd_static_seed_19,2020-02-26,9596.173342096346,-0.0036782149973914047,0.0,1.0,0.0,-0.015584267689881541,0.07932847617308084,,5.095597825897003,9631.600439280992
ppo_markovian_mdd_static_seed_19,2020-02-27,9165.193016756708,-0.044911686145666097,0.0,1.0,0.0,-0.06405307554100516,0.12067738669444755,,4.734416174629932,9596.173342096346
ppo_markovian_mdd_static_seed_19,2020-02-28,9126.685098048456,-0.004201539306138757,0.0,1.0,0.0,-0.022866174856296,0.1243718952170275,,7.883651998287038,9165.193016756708
ppo_markovian_mdd_static_seed_19,2020-03-02,9521.92996201067,0.043306508301324875,0.0,1.0,0.0,0.029427279745867094,0.08645149942837024,,7.25629335652188,9126.685098048456
ppo_markovian_mdd_static_seed_19,2020-03-03,9249.2937095293,-0.0286324572401917,0.0,1.0,0.0,-0.04594165814752256,0.11260863780782865,,5.011807423017717,9521.92996201067
ppo_markovian_mdd_static_seed_19,2020-03-04,9638.069506386253,0.04203302533861675,0.0,1.0,0.0,0.029877302882528378,0.07530889419553552,,5.553507894223165,9249.2937095293
ppo_markovian_mdd_static_seed_19,2020-03-05,9317.683810760545,-0.033241687602835635,0.0,1.0,0.0,-0.049713828300949475,0.10604718706380813,,4.134371804762353,9638.069506386253
ppo_markovian_mdd_static_seed_19,2020-03-06,9163.65213592754,-0.016531112018967842,0.0,1.0,0.0,-0.0347930588061391,0.12082522115412775,,5.629034102683704,9317.683810760545
ppo_markovian_mdd_static_seed_19,2020-03-09,8448.021576339617,-0.07809447030209493,0.0,1.0,0.0,-0.10973510951352608,0.18948390981105762,,5.7327036136449925,9163.65213592754
ppo_markovian_mdd_static_seed_19,2020-03-10,8885.16354472647,0.05174489250964487,0.0,1.0,0.0,0.028319011016777397,0.1475438418468932,,7.443963267849547,8448.021576339617
ppo_markovian_mdd_static_seed_19,2020-03-11,8452.025610172099,-0.04874844817138435,0.0,1.0,0.0,-0.07834170195393853,0.18909975669099735,,5.643705476690732,8885.16354472647
ppo_markovian_mdd_static_seed_19,2020-03-12,7643.359787366179,-0.09567716191402476,0.0,1.0,0.0,-0.14057151915117222,0.26668439056619486,,6.253245263583844,8452.025610172099
ppo_markovian_mdd_static_seed_19,2020-03-13,8296.762358837435,0.08548630309818406,0.0,1.0,0.0,0.051428699682006855,0.2039959501115071,,8.326319460410785,7643.359787366179
ppo_markovian_mdd_static_seed_19,2020-03-16,7388.899629766301,-0.10942373540494499,0.0,1.0,0.0,-0.159551190474181,0.29109768664777014,,5.461591493098656,8296.762358837435
ppo_markovian_mdd_static_seed_19,2020-03-17,7787.8415735703165,0.05399206428476466,0.0,1.0,0.0,0.01466153284319123,0.25282258737363816,,7.637808953676683,7388.899629766301
ppo_markovian_mdd_static_seed_19,2020-03-18,7393.520391984344,-0.05063292285300003,0.0,1.0,0.0,-0.09555790555223576,0.2906543636646529,,6.268315464708368,7787.8415735703165
ppo_markovian_mdd_static_seed_19,2020-03-19,7409.23145359306,0.002124977111816584,0.0,1.0,0.0,-0.04124933052213179,0.2891470204230734,,5.854942756782667,7393.520391984344
ppo_markovian_mdd_static_seed_19,2020-03-20,7048.489534371881,-0.048688169816349824,0.0,1.0,0.0,-0.09847694569065152,0.323757151007173,,5.105067223695603,7409.23145359306
ppo_markovian_mdd_static_seed_19,2020-03-23,6868.272286790315,-0.025568208153355254,0.0,1.0,0.0,-0.07705787579820729,0.3410474689324396,,4.3536582146712695,7048.489534371881
ppo_markovian_mdd_static_seed_19,2020-03-24,7490.560159102191,0.09060326182884704,0.0,1.0,0.0,0.04452936132843593,0.28134422022734396,,3.820195907751789,6868.272286790315
ppo_markovian_mdd_static_seed_19,2020-03-25,7602.6951995779245,0.014970180880193862,0.0,1.0,0.0,-0.0257286383629956,0.2705858132135506,,3.70585945184924,7490.560159102191
ppo_markovian_mdd_static_seed_19,2020-03-26,8046.615069330186,0.05838980231338309,0.0,1.0,0.0,0.02254937931334252,0.22799546304251272,,3.772196338990945,7602.6951995779245
ppo_markovian_mdd_static_seed_19,2020-03-27,7806.9413508280495,-0.029785657253030173,0.0,1.0,0.0,-0.06788677882802806,0.2509901255781127,,3.430434764329368,8046.615069330186
ppo_markovian_mdd_static_seed_19,2020-03-30,8060.477355984316,0.03247571536186511,0.0,1.0,0.0,-0.002040298768167484,0.22666549409316114,,3.6779857984602273,7806.9413508280495
ppo_markovian_mdd_static_seed_19,2020-03-31,7940.3328376415175,-0.01490538500844496,0.0,1.0,0.0,-0.050746437990726735,0.23819234264401812,,2.9486714335617124,8060.477355984316
ppo_markovian_mdd_static_seed_19,2020-04-01,7582.979164001995,-0.045004873340506735,0.0,1.0,0.0,-0.08692065145475246,0.2724773997731522,,2.6272499166680947,7940.3328376415175
ppo_markovian_mdd_static_seed_19,2020-04-02,7757.959391047321,0.023075393359379692,0.0,1.0,0.0,-0.01554024688684472,0.25568952959507896,,2.836512062548897,7582.979164001995
ppo_markovian_mdd_static_seed_19,2020-04-03,7645.824350571587,-0.014454192761712337,0.0,1.0,0.0,-0.05452686274499278,0.2664479366088724,,2.3395096860096287,7757.959391047321
ppo_markovian_mdd_static_seed_19,2020-04-06,8159.365427989381,0.06716621437679282,0.0,1.0,0.0,0.032430034266039874,0.21717802146260526,,2.0094354870390974,7645.824350571587
ppo_markovian_mdd_static_seed_19,2020-04-07,8167.683740116594,0.0010194802770664424,0.0,1.0,0.0,-0.03143803152428034,0.21637994989503223,,1.8728963918113288,8159.365427989381
ppo_markovian_mdd_static_seed_19,2020-04-08,8441.8599332924,0.03356841448563386,0.0,1.0,0.0,0.004506034750514889,0.19007506725385545,,1.955665725318066,8167.683740116594
ppo_markovian_mdd_static_seed_19,2020-04-09,8570.322763762411,0.015217361041894195,0.0,1.0,0.0,-0.011559783693398485,0.17775014713542556,,1.6949970867492063,8441.8599332924
ppo_markovian_mdd_static_seed_19,2020-04-13,8492.074409709518,-0.009130152528647906,0.0,1.0,0.0,-0.03696069987309893,0.18525741370873738,,1.558747995557223,8570.322763762411
ppo_markovian_mdd_static_seed_19,2020-04-14,8742.530063409546,0.029492870836560936,0.0,1.0,0.0,0.0048820752053054875,0.16122831584620348,,1.5086692019686287,8492.074409709518
ppo_markovian_mdd_static_seed_19,2020-04-15,8556.767901166328,-0.021248101052657065,0.0,1.0,0.0,-0.0483346847056032,0.17905062135121066,,1.2542637659562617,8742.530063409546
ppo_markovian_mdd_static_seed_19,2020-04-16,8598.048277205406,0.004824295401707923,0.0,1.0,0.0,-0.021450822075460695,0.1750901190387604,,1.460685022932264,8556.767901166328
ppo_markovian_mdd_static_seed_19,2020-04-17,8830.328306091305,0.027015436689475925,0.0,1.0,0.0,0.003736238933544002,0.15280481837512896,,1.396367074412422,8598.048277205406
ppo_markovian_mdd_static_seed_19,2020-04-20,8674.755750429127,-0.017617980925450083,0.0,1.0,0.0,-0.04293462785482509,0.16773068692512913,,1.2471320181479757,8830.328306091305
ppo_markovian_mdd_static_seed_19,2020-04-21,8411.361962518578,-0.030363251195576257,0.0,1.0,0.0,-0.05978392676170881,0.19300108914039107,,1.632263957264105,8674.755750429127
ppo_markovian_mdd_static_seed_19,2020-04-22,8598.048277205404,0.022194540612888725,0.0,1.0,0.0,-0.004311691338921755,0.1750901190387606,,1.7250882541303527,8411.361962518578
ppo_markovian_mdd_static_seed_19,2020-04-23,8597.431548819843,-7.172888144812983e-05,0.0,1.0,0.0,-0.02634412478935999,0.17514928890181747,,1.4713639749323046,8598.048277205404
ppo_markovian_mdd_static_seed_19,2020-04-24,8717.268643104595,0.013938708741589423,0.0,1.0,0.0,-0.010705331948580265,0.16365193508452694,,1.4168224608610036,8597.431548819843
ppo_markovian_mdd_static_seed_19,2020-04-27,8842.958076109047,0.014418442077481775,0.0,1.0,0.0,-0.008423480026095064,0.15159309895392914,,1.0301204122785588,8717.268643104595
ppo_markovian_mdd_static_seed_19,2020-04-28,8802.294428455532,-0.004598421399664376,0.0,1.0,0.0,-0.027933191373984412,0.15549443140332236,,0.8405986968556356,8842.958076109047
ppo_markovian_mdd_static_seed_19,2020-04-29,9032.725212319481,0.026178490817010847,0.0,1.0,0.0,0.005833716756229949,0.1333865501308997,,0.853677813219134,8802.294428455532
ppo_markovian_mdd_static_seed_19,2020-04-30,8948.62451954689,-0.009310666581320293,0.0,1.0,0.0,-0.030572576625481213,0.14145529901751863,,0.6863267549098547,9032.725212319481
ppo_markovian_mdd_static_seed_19,2020-05-01,8711.723728442945,-0.026473430702838363,0.0,1.0,0.0,-0.05145775039222817,0.16418392266426737,,0.8822878370494066,8948.62451954689
ppo_markovian_mdd_static_seed_19,2020-05-04,8735.752632111504,0.0027582260890697263,0.0,1.0,0.0,-0.021527353779373995,0.16187855295409606,,1.0843558520255343,8711.723728442945
ppo_markovian_mdd_static_seed_19,2020-05-05,8816.465079302441,0.00923932379841541,0.0,1.0,0.0,-0.013923329285234548,0.1541348775224425,,0.992510122868216,8735.752632111504
ppo_markovian_mdd_static_seed_19,2020-05-06,8756.700714256456,-0.006778721915009722,0.0,1.0,0.0,-0.03078211610580646,0.15986876196532349,,0.8239180749247235,8816.465079302441
ppo_markovian_mdd_static_seed_19,2020-05-07,8862.366217559562,0.01206681680134114,0.0,1.0,0.0,-0.01046506464102522,0.14973105222687513,,0.8538177738861711,8756.700714256456
ppo_markovian_mdd_static_seed_19,2020-05-08,9009.0046728437,0.0165461967700673,0.0,1.0,0.0,-0.0039385502865673695,0.13566233490954294,,0.6655475635101678,8862.366217559562
ppo_markovian_mdd_static_seed_19,2020-05-11,9010.852977730916,0.00020516194122843778,0.0,1.0,0.0,-0.020117609959048967,0.13548500571629613,,0.4250931855870794,9009.0046728437
ppo_markovian_mdd_static_seed_19,2020-05-12,8831.252458534913,-0.01993157802483969,0.0,1.0,0.0,-0.04304031447948198,0.15271615377850564,,0.393766307387475,9010.852977730916
ppo_markovian_mdd_static_seed_19,2020-05-13,8675.064114621908,-0.01768586558320595,0.0,1.0,0.0,-0.042999294599941736,0.1677011019936007,,0.7654796519762199,8831.252458534913
ppo_markovian_mdd_static_seed_19,2020-05-14,8778.881313037798,0.011967311946537107,0.0,1.0,0.0,-0.011764838321742613,0.15774072144839899,,0.9131913732833082,8675.064114621908
ppo_markovian_mdd_static_seed_19,2020-05-15,8819.237536633267,0.004596966533256808,0.0,1.0,0.0,-0.018493899807327893,0.1538688837325722,,0.7251961389028778,8778.881313037798
ppo_markovian_mdd_static_seed_19,2020-05-18,9087.868815147422,0.030459694208066823,0.0,1.0,0.0,0.01079060943277086,0.12809598867113606,,0.6710434353959198,8819.237536633267
ppo_markovian_mdd_static_seed_19,2020-05-19,8994.525657804008,-0.010271182302701298,0.0,1.0,0.0,-0.030882015953025685,0.1370514737219514,,0.4900177434505237,9087.868815147422
ppo_markovian_mdd_static_seed_19,2020-05-20,9147.324816000626,0.016988017379665044,0.0,1.0,0.0,-0.0015134186978367145,0.12239168915978353,,0.5701742451217557,8994.525657804008
ppo_markovian_mdd_static_seed_19,2020-05-21,9084.172205372986,-0.006903943163488857,0.0,1.0,0.0,-0.026195482699706663,0.12845064705762987,,0.3928691522351087,9147.324816000626
ppo_markovian_mdd_static_seed_19,2020-05-22,9101.423677743504,0.0018990692801170717,0.0,1.0,0.0,-0.01712205884052257,0.12679551445535112,,0.4942890652188644,9084.172205372986
ppo_markovian_mdd_static_seed_19,2020-05-26,9213.55824815187,0.012320552737543622,0.0,1.0,0.0,-0.005160300454100854,0.11603715254053863,,0.3974360107349571,9101.423677743504
ppo_markovian_mdd_static_seed_19,2020-05-27,9350.64681480714,0.014879003633885723,0.0,1.0,0.0,-0.0006633027727391255,0.10288466612096933,,0.3839041790246172,9213.55824815187
ppo_markovian_mdd_static_seed_19,2020-05-28,9333.395342436623,-0.0018449496288533984,0.0,1.0,0.0,-0.017527623453111842,0.10453979872324809,,0.3544471098927093,9350.64681480714
ppo_markovian_mdd_static_seed_19,2020-05-29,9374.984082668481,0.004455906849114788,0.0,1.0,0.0,-0.010636448033071849,0.10054971147926939,,0.4178809736110189,9333.395342436623
ppo_markovian_mdd_static_seed_19,2020-06-01,9412.87527299117,0.004041733830006056,0.0,1.0,0.0,-0.010503567957564606,0.09691437281974649,,0.3411927855090347,9374.984082668481
ppo_markovian_mdd_static_seed_19,2020-06-02,9490.815262851282,0.008280146883890893,0.0,1.0,0.0,-0.005169449145174655,0.08943669117796327,,0.3878253609395267,9412.87527299117
ppo_markovian_mdd_static_seed_19,2020-06-03,9617.121424241295,0.01330825201965502,0.0,1.0,0.0,0.001622672369662884,0.07731868518430861,,0.290520623450909,9490.815262851282
ppo_markovian_mdd_static_seed_19,2020-06-04,9591.860003936346,-0.002626713253435109,0.0,1.0,0.0,-0.014591514781124006,0.07974230442263187,,0.2074530345701913,9617.121424241295
ppo_markovian_mdd_static_seed_19,2020-06-05,9837.69489541833,0.025629532893630236,0.0,1.0,0.0,0.01688312306131578,0.056156529543215296,,0.2151460629702627,9591.860003936346
ppo_markovian_mdd_static_seed_19,2020-06-08,9956.607837259475,0.012087480157219055,0.0,1.0,0.0,0.005302833924026157,0.04474784032254808,,0.1245367615942675,9837.69489541833
ppo_markovian_mdd_static_seed_19,2020-06-09,9882.364457173797,-0.007456694217466864,0.0,1.0,0.0,-0.015265263879100112,0.05187086357783766,,0.2103730175758235,9956.607837259475
ppo_markovian_mdd_static_seed_19,2020-06-10,9827.220854345855,-0.0055800009265912776,0.0,1.0,0.0,-0.014169841044590733,0.05716142503760149,,0.3278701658763039,9882.364457173797
ppo_markovian_mdd_static_seed_19,2020-06-11,9260.691903045381,-0.05764894874118354,0.0,1.0,0.0,-0.07610466960613116,0.1115150777168193,,0.3247931332388614,9827.220854345855
ppo_markovian_mdd_static_seed_19,2020-06-12,9371.594896952092,0.011975670399988259,0.0,1.0,0.0,-0.0032267018002787203,0.10087487513219676,,1.221107989128025,9260.691903045381
ppo_markovian_mdd_static_seed_19,2020-06-15,9459.084775441073,0.009335644514194108,0.0,1.0,0.0,-0.004579807675119289,0.09248096259265048,,0.8932550960760133,9371.594896952092
ppo_markovian_mdd_static_seed_19,2020-06-16,9641.150327909856,0.019247692222981838,0.0,1.0,0.0,0.007812801202206916,0.07501331547413712,,0.7721637529695902,9459.084775441073
ppo_markovian_mdd_static_seed_19,2020-06-17,9601.102468507168,-0.004153846588902832,0.0,1.0,0.0,-0.015990833013854983,0.07885556825843544,,0.717040415116921,9641.150327909856
ppo_markovian_mdd_static_seed_19,2020-06-18,9604.799078281603,0.00038501930237289095,0.0,1.0,0.0,-0.011390191279330377,0.07850090987194164,,0.6981737760064307,9601.102468507168
ppo_markovian_mdd_static_seed_19,2020-06-19,9508.067675356537,-0.010071153195051807,0.0,1.0,0.0,-0.023289430607263295,0.08778146837772217,,0.6569115223597698,9604.799078281603
ppo_markovian_mdd_static_seed_19,2020-06-22,9569.063616904177,0.006415177471415401,0.0,1.0,0.0,-0.005894725887060906,0.08192942460465126,,0.7995690514026287,9508.067675356537
ppo_markovian_mdd_static_seed_19,2020-06-23,9613.116450274081,0.00460367232715253,0.0,1.0,0.0,-0.007062331436425427,0.0777029285023307,,0.5668256573088222,9569.063616904177
ppo_markovian_mdd_static_seed_19,2020-06-24,9367.898287177659,-0.025508706189596886,0.0,1.0,0.0,-0.04102412410900309,0.10122953351869039,,0.5352392917034265,9613.116450274081
ppo_markovian_mdd_static_seed_19,2020-06-25,9468.327240011893,0.010720542618582574,0.0,1.0,0.0,-0.0030756489327521865,0.09159422642845423,,0.6984696901367211,9367.898287177659
ppo_markovian_mdd_static_seed_19,2020-06-26,9243.440430674862,-0.023751482562483606,0.0,1.0,0.0,-0.041013628007203984,0.11317021031909823,,0.5836973034311527,9468.327240011893
ppo_markovian_mdd_static_seed_19,2020-06-29,9379.296480693742,0.014697563211208076,0.0,1.0,0.0,-0.00042979520106954834,0.10013597342768087,,0.7491052555145135,9243.440430674862
ppo_markovian_mdd_static_seed_19,2020-06-30,9499.44099903654,0.012809544787298677,0.0,1.0,0.0,-0.0005631722100806792,0.08860912487682389,,0.5438638308565273,9379.296480693742
ppo_markovian_mdd_static_seed_19,2020-07-01,9565.982795380567,0.007004811793744015,0.0,1.0,0.0,-0.005353358428571841,0.08222500332605037,,0.4477604903790185,9499.44099903654
ppo_markovian_mdd_static_seed_19,2020-07-02,9618.662305070464,0.005506962621272482,0.0,1.0,0.0,-0.00608377286577636,0.07717085072462841,,0.3205436819003172,9565.982795380567
ppo_markovian_mdd_static_seed_19,2020-07-06,9767.148125107084,0.01543726303379489,0.0,1.0,0.0,0.005880586582349407,0.06292489441201142,,0.2526521753771651,9618.662305070464
ppo_markovian_mdd_static_seed_19,2020-07-07,9666.411748214801,-0.010313796371464123,0.0,1.0,0.0,-0.021255806565005614,0.0725896962358142,,0.2666694112611186,9767.148125107084
ppo_markovian_mdd_static_seed_19,2020-07-08,9740.346764107697,0.007648651621585456,0.0,1.0,0.0,-0.0022048896979732302,0.06549625791205323,,0.3644895923270537,9666.411748214801
ppo_markovian_mdd_static_seed_19,2020-07-09,9684.895737221708,-0.005692921230517234,0.0,1.0,0.0,-0.016331634787482636,0.0708163141053835,,0.2686409262625371,9740.346764107697
ppo_markovian_mdd_static_seed_19,2020-07-10,9783.783809226774,0.01021054585285941,0.0,1.0,0.0,0.0009594441473735928,0.06132884147482753,,0.3452632419350072,9684.895737221708
ppo_markovian_mdd_static_seed_19,2020-07-13,9699.06638806862,-0.008658962913536516,0.0,1.0,0.0,-0.01911518359132995,0.06945676022450332,,0.2067203001504579,9783.783809226774
ppo_markovian_mdd_static_seed_19,2020-07-14,9824.756761207806,0.012959017714715637,0.0,1.0,0.0,0.00426609301107519,0.05739783389594372,,0.5375716487308452,9699.06638806862
ppo_markovian_mdd_static_seed_19,2020-07-15,9915.01909702761,0.009187233639839087,0.0,1.0,0.0,0.0018345985894330898,0.048737927566527305,,0.3502176105609451,9824.756761207806
ppo_markovian_mdd_static_seed_19,2020-07-16,9882.364457173791,-0.0032934520381920906,0.0,1.0,0.0,-0.011079516925356967,0.05187086357783819,,0.2255767859205059,9915.01909702761
ppo_markovian_mdd_static_seed_19,2020-07-17,9911.014123060393,0.0028990699554503063,0.0,1.0,0.0,-0.004473449876306446,0.04912217088454973,,0.2384681701347573,9882.364457173791
ppo_markovian_mdd_static_seed_19,2020-07-20,9991.110782000504,0.008081580547216305,0.0,1.0,0.0,0.0018334631891288415,0.04143757511799108,,0.0756133020464162,9911.014123060393
ppo_markovian_mdd_static_seed_19,2020-07-21,10012.367228338238,0.0021275358467678362,0.0,1.0,0.0,-0.0037844540323563685,0.039398199197689894,,-0.0111685309584925,9991.110782000504
ppo_markovian_mdd_static_seed_19,2020-07-22,10069.358195918663,0.005692057260856531,0.0,1.0,0.0,0.0005863589035869704,0.03393039874264124,,0.011951226922505,10012.367228338238
ppo_markovian_mdd_static_seed_19,2020-07-23,9949.213677575864,-0.011931695745166393,0.0,1.0,0.0,-0.018822036856761596,0.04545724729349822,,-0.0271886768743657,10069.358195918663
ppo_markovian_mdd_static_seed_19,2020-07-24,9885.136914504617,-0.006440384652273257,0.0,1.0,0.0,-0.01420194387599727,0.051604869787967876,,0.0907628090025317,9949.213677575864
ppo_markovian_mdd_static_seed_19,2020-07-27,9957.223625510296,0.0072924342504456785,0.0,1.0,0.0,0.000562658919833735,0.044688760657453724,,0.0706463112433853,9885.136914504617
ppo_markovian_mdd_static_seed_19,2020-07-28,9894.071014882657,-0.006342391514221224,0.0,1.0,0.0,-0.01397474771203684,0.05074771855530005,,-0.009083740695794,9957.223625510296
ppo_markovian_mdd_static_seed_19,2020-07-29,10015.755473919891,0.012298725050001957,0.0,1.0,0.0,0.006362741301710582,0.039073125742724694,,0.0360930690044777,9894.071014882657
ppo_markovian_mdd_static_seed_19,2020-07-30,9980.020012542465,-0.0035679247032814887,0.0,1.0,0.0,-0.009949550998567466,0.04250164047543433,,-0.0599446699725481,10015.755473919891
ppo_markovian_mdd_static_seed_19,2020-07-31,10058.884154846188,0.007902202821698623,0.0,1.0,0.0,0.0026308497965604827,0.03493529423702744,,-0.0164030963185681,9980.020012542465
ppo_markovian_mdd_static_seed_19,2020-08-03,10128.815136906602,0.006952160993595191,0.0,1.0,0.0,0.0026942047917819945,0.028226009033326723,,-0.0391417109474953,10058.884154846188
ppo_markovian_mdd_static_seed_19,2020-08-04,10167.93884386568,0.0038626143759423748,0.0,1.0,0.0,0.00018431050850556364,0.024472420845651894,,-0.0535592244669842,10128.815136906602
ppo_markovian_mdd_static_seed_19,2020-08-05,10231.091454493322,0.0062109550025215565,0.0,1.0,0.0,0.003429727073663334,0.018413462947805385,,-0.0895879326774309,10167.93884386568
ppo_markovian_mdd_static_seed_19,2020-08-06,10299.481555724567,0.006684536203731106,0.0,1.0,0.0,0.004884491926309615,0.011852012203784868,,-0.1440868148157872,10231.091454493322
ppo_markovian_mdd_static_seed_19,2020-08-07,10306.87571540817,0.0007179157167860328,0.0,1.0,0.0,-0.0009537326463552251,0.011142605232835428,,-0.1687147993537758,10299.481555724567
ppo_markovian_mdd_static_seed_19,2020-08-10,10337.682050374771,0.0029889110742402636,0.0,1.0,0.0,0.0017564033979831162,0.00818699841477154,,-0.2009895924136115,10306.87571540817
ppo_markovian_mdd_static_seed_19,2020-08-11,10252.347900831055,-0.008254669579494611,0.0,1.0,0.0,-0.010745041076900401,0.016374087027504373,,-0.2078100878188198,10337.682050374771
ppo_markovian_mdd_static_seed_19,2020-08-12,10395.289746340757,0.013942352219447729,0.0,1.0,0.0,0.013447047483775542,0.002660028096666009,,-0.0759644289774409,10252.347900831055
ppo_markovian_mdd_static_seed_19,2020-08-13,10376.49739314107,-0.001807775796369926,0.0,1.0,0.0,-0.002478861068805149,0.004462995158625145,,-0.1995946398481177,10395.289746340757
ppo_markovian_mdd_static_seed_19,2020-08-14,10376.805757333852,2.9717560858788516e-05,0.0,1.0,0.0,-0.000635294414763655,0.004433410227096532,,-0.2100840463371293,10376.49739314107
ppo_markovian_mdd_static_seed_19,2020-08-17,10409.768761380452,0.0031766041320859806,0.0,1.0,0.0,0.002980935991990079,0.0012708892842572116,,-0.2159277552541653,10376.805757333852
ppo_markovian_mdd_static_seed_19,2020-08-18,10432.257724354575,0.002160371040858866,0.0,1.0,0.0,0.0021580407948689,0.0,,-0.2657164113769925,10409.768761380452
ppo_markovian_mdd_static_seed_19,2020-08-19,10388.820679235498,-0.0041637243123002765,0.0,1.0,0.0,-0.004796975396218162,0.004163724312300237,,-0.2559544369874821,10432.257724354575
ppo_markovian_mdd_static_seed_19,2020-08-20,10421.166954896535,0.0031135656933312106,0.0,1.0,0.0,0.0029492601882807295,0.0010631226481443404,,-0.1854157550206676,10388.820679235498
ppo_markovian_mdd_static_seed_19,2020-08-21,10458.134932910349,0.0035473933172565086,0.0,1.0,0.0,0.0035411161582373403,0.0,,-0.1748827283481915,10421.166954896535
ppo_markovian_mdd_static_seed_19,2020-08-24,10564.108800406235,0.010133151673383134,0.0,1.0,0.0,0.010082155503900299,0.0,,-0.1892365983022615,10458.134932910349
ppo_markovian_mdd_static_seed_19,2020-08-25,10601.075838285315,0.0034993049179556923,0.0,1.0,0.0,0.0034931965962736824,0.0,,-0.2018840559825389,10564.108800406235
ppo_markovian_mdd_static_seed_19,2020-08-26,10707.358069973983,0.010025608090155735,0.0,1.0,0.0,0.009975685076455696,0.0,,-0.2265208448500457,10601.075838285315
ppo_markovian_mdd_static_seed_19,2020-08-27,10730.770245256981,0.002186550139632537,0.0,1.0,0.0,0.002184163117804633,0.0,,-0.140448248779633,10707.358069973983
ppo_markovian_mdd_static_seed_19,2020-08-28,10800.084498931834,0.006459392204906322,0.0,1.0,0.0,0.006438619734780553,0.0,,-0.0577552491510467,10730.770245256981
ppo_markovian_mdd_static_seed_19,2020-08-31,10760.960791972753,-0.0036225371165337084,0.0,1.0,0.0,-0.004172494960684408,0.003622537116533684,,-0.1651573469920713,10800.084498931834
ppo_markovian_mdd_static_seed_19,2020-09-01,10862.313897250599,0.009418592562241423,0.0,1.0,0.0,0.009374514174085805,0.0,,0.0748953227090401,10760.960791972753
ppo_markovian_mdd_static_seed_19,2020-09-02,11019.426393607211,0.01446399890877581,0.0,1.0,0.0,0.014360393117624624,0.0,,0.0527546644477299,10862.313897250599
ppo_markovian_mdd_static_seed_19,2020-09-03,10640.200485379126,-0.03441430567094572,0.0,1.0,0.0,-0.04018257047708589,0.03441430567094569,,0.0818299597598005,11019.426393607211
ppo_markovian_mdd_static_seed_19,2020-09-04,10553.326395140974,-0.00816470426074467,0.0,1.0,0.0,-0.014542922098633308,0.04229802730354821,,0.5710534596248475,10640.200485379126
ppo_markovian_mdd_static_seed_19,2020-09-08,10264.978610983524,-0.027322928654060386,0.0,1.0,0.0,-0.037972929055300524,0.06846524997538629,,0.366671654116638,10553.326395140974
ppo_markovian_mdd_static_seed_19,2020-09-09,10467.684821539213,0.019747358298320528,0.0,1.0,0.0,0.012044423748735027,0.05006989949931374,,0.4123786139458149,10264.978610983524
ppo_markovian_mdd_static_seed_19,2020-09-10,10285.92763326321,-0.017363647394312287,0.0,1.0,0.0,-0.027500786211945474,0.06656415081365133,,0.2222786791681557,10467.684821539213
ppo_markovian_mdd_static_seed_19,2020-09-11,10291.16418373208,0.0005090985135784987,0.0,1.0,0.0,-0.009404372034650074,0.06608894001030974,,0.281758672686571,10285.92763326321
ppo_markovian_mdd_static_seed_19,2020-09-14,10426.711869558181,0.013171268420765214,0.0,1.0,0.0,0.005017059466240238,0.05378814675806412,,0.0780287037670524,10291.16418373208
ppo_markovian_mdd_static_seed_19,2020-09-15,10479.391379248078,0.0050523607393142544,0.0,1.0,0.0,-0.002311491078958187,0.049007543139670866,,0.0026098690543933,10426.711869558181
ppo_markovian_mdd_static_seed_19,2020-09-16,10437.80263901622,-0.003968621719216969,0.0,1.0,0.0,-0.011893768464630595,0.05278167245877823,,-0.0188647166618576,10479.391379248078
ppo_markovian_mdd_static_seed_19,2020-09-17,10345.999422367242,-0.008795262741012166,0.0,1.0,0.0,-0.01800107534003883,0.061112706522605365,,0.0097513886705692,10437.80263901622
ppo_markovian_mdd_static_seed_19,2020-09-18,10186.114468679802,-0.015453794955930689,0.0,1.0,0.0,-0.02691776124287712,0.07562207824273372,,0.0360604682945794,10345.999422367242
ppo_markovian_mdd_static_seed_19,2020-09-21,10072.747381635045,-0.011129571279935746,0.0,1.0,0.0,-0.02407846959069818,0.08591000821253009,,-0.0120053411430832,10186.114468679802
ppo_markovian_mdd_static_seed_19,2020-09-22,10175.332063414544,0.010184379483847206,0.0,1.0,0.0,-0.001357217191439367,0.07660056885377976,,0.123263872051966,10072.747381635045
ppo_markovian_mdd_static_seed_19,2020-09-23,9939.356364888943,-0.023190958000678163,0.0,1.0,0.0,-0.03816636241432443,0.0980150862793419,,0.0544702513124791,10175.332063414544
ppo_markovian_mdd_static_seed_19,2020-09-24,9965.849361695547,0.002665464023424269,0.0,1.0,0.0,-0.011679713717280975,0.09561087794214804,,0.1739263529601876,9939.356364888943
ppo_markovian_mdd_static_seed_19,2020-09-25,10126.966832019378,0.016166958226671246,0.0,1.0,0.0,0.0038892161012467376,0.08098965678518286,,0.1655465878012666,9965.849361695547
ppo_markovian_mdd_static_seed_19,2020-09-28,10295.169157699296,0.016609348926481804,0.0,1.0,0.0,0.006614098257653278,0.06572549332768211,,0.0105644105670897,10126.966832019378
ppo_markovian_mdd_static_seed_19,2020-09-29,10239.101402427747,-0.005446025646855812,0.0,1.0,0.0,-0.016082945744821373,0.07081357625222315,,-0.0055633201582145,10295.169157699296
ppo_markovian_mdd_static_seed_19,2020-09-30,10316.733968229813,0.007581970599847665,0.0,1.0,0.0,-0.0020119048898439296,0.06376851210558986,,-0.0026907383436588,10239.101402427747
ppo_markovian_mdd_static_seed_19,2020-10-01,10382.96740038106,0.006420000007290261,0.0,1.0,0.0,-0.002264206304160874,0.05775790594648244,,0.002251794724036,10316.733968229813
ppo_markovian_mdd_static_seed_19,2020-10-02,10284.38675243404,-0.009494458004693507,0.0,1.0,0.0,-0.0195454153007693,0.066703983938728,,0.0241575945326884,10382.96740038106
ppo_markovian_mdd_static_seed_19,2020-10-05,10466.760669095604,0.017733086187020408,0.0,1.0,0.0,0.010054624646901347,0.05015376524791072,,0.0884369439531869,10284.38675243404
ppo_markovian_mdd_static_seed_19,2020-10-06,10317.965544731467,-0.014215967009112207,0.0,1.0,0.0,-0.02386649404636998,0.06365674798487589,,0.1090885157229678,10466.760669095604
ppo_markovian_mdd_static_seed_19,2020-10-07,10497.567004062204,0.017406673685050666,0.0,1.0,0.0,0.010153193952936243,0.04735812653984941,,0.2150132458046228,10317.965544731467
ppo_markovian_mdd_static_seed_19,2020-10-08,10590.601797212836,0.008862510057295214,0.0,1.0,0.0,0.0029861692628822102,0.03891532835530831,,0.1108551145615472,10497.567004062204
ppo_markovian_mdd_static_seed_19,2020-10-09,10685.17747119264,0.00893015107080064,0.0,1.0,0.0,0.0043406085222612596,0.030332697045690377,,-0.0134909087892714,10590.601797212836
ppo_markovian_mdd_static_seed_19,2020-10-12,10857.076406646993,0.016087606959996226,0.0,1.0,0.0,0.013749612172688892,0.014733070593801844,,-0.1134734716438392,10685.17747119264
ppo_markovian_mdd_static_seed_19,2020-10-13,10786.222212277704,-0.006526084160733192,0.0,1.0,0.0,-0.009721922976357312,0.02116300549589386,,-0.1112827051799082,10857.076406646993
ppo_markovian_mdd_static_seed_19,2020-10-14,10718.447899297287,-0.006283415235342593,0.0,1.0,0.0,-0.010400255690008763,0.027313444780077935,,-0.0425970032373333,10786.222212277704
ppo_markovian_mdd_static_seed_19,2020-10-15,10705.201400893986,-0.0012358597557926565,0.0,1.0,0.0,-0.005513956402542169,0.02851554894867478,,-0.0225110661449376,10718.447899297287
ppo_markovian_mdd_static_seed_19,2020-10-16,10698.732333788725,-0.0006042919570593552,0.0,1.0,0.0,-0.004969865993361579,0.02910260918885336,,0.014899810288873,10705.201400893986
ppo_markovian_mdd_static_seed_19,2020-10-19,10536.074922770458,-0.015203428401004304,0.0,1.0,0.0,-0.02189972215819203,0.043863578154772515,,0.0429189051726926,10698.732333788725
ppo_markovian_mdd_static_seed_19,2020-10-20,10578.279451253144,0.004005716435394158,0.0,1.0,0.0,-0.0020073201022164436,0.040033566775308164,,0.1672665013817332,10536.074922770458
ppo_markovian_mdd_static_seed_19,2020-10-21,10558.255521551799,-0.0018929287880528056,0.0,1.0,0.0,-0.00817232987271547,0.04185071487232359,,0.1754866682814751,10578.279451253144
ppo_markovian_mdd_static_seed_19,2020-10-22,10616.170641575833,0.005485292518808249,0.0,1.0,0.0,-1.894477392601953e-05,0.03659498576671128,,0.1206462286333273,10558.255521551799
ppo_markovian_mdd_static_seed_19,2020-10-23,10652.214467146037,0.003395181444149742,0.0,1.0,0.0,-0.0016091768126671648,0.033324050939185675,,0.0773470369063149,10616.170641575833
ppo_markovian_mdd_static_seed_19,2020-10-26,10455.362475579515,-0.018479912526513598,0.0,1.0,0.0,-0.02633102006667875,0.051188137919314085,,0.0325097388969624,10652.214467146037
ppo_markovian_mdd_static_seed_19,2020-10-27,10419.318650009309,-0.0034474008581141247,0.0,1.0,0.0,-0.011622217748848813,0.05445907274683986,,0.38669047503396,10455.362475579515
ppo_markovian_mdd_static_seed_19,2020-10-28,10063.197493006175,-0.03417892944495138,0.0,1.0,0.0,-0.047793186502987334,0.08677664938673947,,0.4468070371546322,10419.318650009309
ppo_markovian_mdd_static_seed_19,2020-10-29,10165.474750727628,0.010163495031527914,0.0,1.0,0.0,-0.0015120722385577913,0.0774951084001063,,0.9480484338748182,10063.197493006175
ppo_markovian_mdd_static_seed_19,2020-10-30,10059.50088323174,-0.010424881286366094,0.0,1.0,0.0,-0.023546417848299202,0.08711211238112726,,0.7441066275110758,10165.474750727628
ppo_markovian_mdd_static_seed_19,2020-11-02,10172.25218202567,0.011208438679286337,0.0,1.0,0.0,-0.0003859200822165145,0.07688006447168787,,0.7692720511842686,10059.50088323174
ppo_markovian_mdd_static_seed_19,2020-11-03,10351.852701221673,0.017655924762989716,0.0,1.0,0.0,0.008414640352994007,0.060581528342784095,,0.6975803335674434,10172.25218202567
ppo_markovian_mdd_static_seed_19,2020-11-04,10583.208577663963,0.022349224155303826,0.0,1.0,0.0,0.016165201871378994,0.03958625434408405,,0.5754284469913702,10351.852701221673
ppo_markovian_mdd_static_seed_19,2020-11-05,10789.610457859353,0.019502769758408034,0.0,1.0,0.0,0.01618669888139553,0.02085552618974641,,0.1292090200194876,10583.208577663963
ppo_markovian_mdd_static_seed_19,2020-11-06,10787.146364721308,-0.00022837646898088426,0.0,1.0,0.0,-0.0033902735129523478,0.021079139747297367,,-0.0225662145092899,10789.610457859353
ppo_markovian_mdd_static_seed_19,2020-11-09,10922.694050547405,0.012565666696560118,0.0,1.0,0.0,0.01117062191784271,0.008778346495052079,,-0.2285682265501054,10787.146364721308
ppo_markovian_mdd_static_seed_19,2020-11-10,10906.67509481328,-0.0014665755224849697,0.0,1.0,0.0,-0.0030024591833986416,0.010232047909439554,,-0.1668460079291394,10922.694050547405
ppo_markovian_mdd_static_seed_19,2020-11-11,10987.695906196997,0.007428552760524454,0.0,1.0,0.0,0.006969171281418893,0.002879504456658635,,-0.2419036577753682,10906.67509481328
ppo_markovian_mdd_static_seed_19,2020-11-12,10881.105310315548,-0.009700905157134287,0.0,1.0,0.0,-0.011631136850580572,0.01255247581415928,,-0.3468931205130146,10987.695906196997
ppo_markovian_mdd_static_seed_19,2020-11-13,11031.748739566901,0.01384449694724843,0.0,1.0,0.0,0.013749537340944966,0.0,,-0.2086429548016839,10881.105310315548
ppo_markovian_mdd_static_seed_19,2020-11-16,11169.453094473001,0.012482549970722623,0.0,1.0,0.0,0.01240528525322262,0.0,,-0.381599334607038,11031.748739566901
ppo_markovian_mdd_static_seed_19,2020-11-17,11109.380365234234,-0.005378305341422029,0.0,1.0,0.0,-0.0061995662948149165,0.005378305341422065,,-0.4347828906758582,11169.453094473001
ppo_markovian_mdd_static_seed_19,2020-11-18,10975.680984295352,-0.012034818913688627,0.0,1.0,0.0,-0.014710083269390552,0.01734839732426418,,-0.419256523453908,11109.380365234234
ppo_markovian_mdd_static_seed_19,2020-11-19,11021.890486745255,0.004210171789433614,0.0,1.0,0.0,0.0022196440235899397,0.013211265267837082,,-0.3378472851732919,10975.680984295352
ppo_markovian_mdd_static_seed_19,2020-11-20,10946.414590023187,-0.006847817696322922,0.0,1.0,0.0,-0.009866663784233981,0.019968614628068124,,-0.3973333639141337,11021.890486745255
ppo_markovian_mdd_static_seed_19,2020-11-23,11012.032233923605,0.00599444168323604,0.0,1.0,0.0,0.00386246545040707,0.014093873640715108,,-0.3564991790476827,10946.414590023187
ppo_markovian_mdd_static_seed_19,2020-11-24,11189.477024174343,0.016113718747035932,0.0,1.0,0.0,0.015985270793455963,0.0,,-0.4400794052908536,11012.032233923605
ppo_markovian_mdd_static_seed_19,2020-11-25,11172.225551803826,-0.0015417585945478596,0.0,1.0,0.0,-0.0017742121165230575,0.0015417585945479086,,-0.5224196484838053,11189.477024174343
ppo_markovian_mdd_static_seed_19,2020-11-27,11203.340250963209,0.0027850045646777843,0.0,1.0,0.0,0.0027811336248563354,0.0,,-0.5567981268513753,11172.225551803826
ppo_markovian_mdd_static_seed_19,2020-11-30,11153.741562796919,-0.004427133966767305,0.0,1.0,0.0,-0.0051010328389653175,0.004427133966767275,,-0.5926353906666775,11203.340250963209
ppo_markovian_mdd_static_seed_19,2020-12-01,11275.734386026934,0.010937390161245952,0.0,1.0,0.0,0.010878009496786719,0.0,,-0.6172616092891968,11153.741562796919
ppo_markovian_mdd_static_seed_19,2020-12-02,11299.455865637447,0.002103763604072606,0.0,1.0,0.0,0.002101553792160207,0.0,,-0.6045089312570557,11275.734386026934
ppo_markovian_mdd_static_seed_19,2020-12-03,11296.37504411384,-0.00027265220203887,0.0,1.0,0.0,-0.000313587208713965,0.0002726522020388255,,-0.5758775967396791,11299.455865637447
ppo_markovian_mdd_static_seed_19,2020-12-04,11393.723175424468,0.008617643352887061,0.0,1.0,0.0,0.008580723421316779,0.0,,-0.5702801289175281,11296.37504411384
ppo_markovian_mdd_static_seed_19,2020-12-07,11370.310060006736,-0.0020549134867724472,0.0,1.0,0.0,-0.0023652647413792494,0.0020549134867724984,,-0.611235386242582,11393.723175424468
ppo_markovian_mdd_static_seed_19,2020-12-08,11403.581428246116,0.00292616191324524,0.0,1.0,0.0,0.0029218890348672224,0.0,,-0.5751569358585644,11370.310060006736
ppo_markovian_mdd_static_seed_19,2020-12-09,11301.304170524663,-0.008968871609766116,0.0,1.0,0.0,-0.010354664796887656,0.00896887160976612,,-0.625687096117064,11403.581428246116
ppo_markovian_mdd_static_seed_19,2020-12-10,11297.607560750228,-0.0003270958571379712,0.0,1.0,0.0,-0.0017211044325798337,0.009293033786157385,,-0.5045341371837958,11301.304170524663
ppo_markovian_mdd_static_seed_19,2020-12-11,11284.360122212192,-0.0011725879542904272,0.0,1.0,0.0,-0.002741484699585962,0.010454724840971296,,-0.488234237778244,11297.607560750228
ppo_markovian_mdd_static_seed_19,2020-12-14,11233.838221737025,-0.004477161303609867,0.0,1.0,0.0,-0.0067199756042126595,0.014885078655083307,,-0.4303334766316055,11284.360122212192
ppo_markovian_mdd_static_seed_19,2020-12-15,11385.713227490034,0.01351942254777505,0.0,1.0,0.0,0.013193816495987432,0.001566893775303193,,-0.3245016703691909,11233.838221737025
ppo_markovian_mdd_static_seed_19,2020-12-16,11403.581428246112,0.0015693527844120592,0.0,1.0,0.0,0.001568122637186181,3.19020724320924e-16,,-0.4732096198096684,11385.713227490034
ppo_markovian_mdd_static_seed_19,2020-12-17,11467.34982712458,0.00559196242686677,0.0,1.0,0.0,0.0055763854485796,0.0,,-0.5086512096640364,11403.581428246112
ppo_markovian_mdd_static_seed_19,2020-12-18,11373.082517337562,-0.008220496558327905,0.0,1.0,0.0,-0.009487545644087223,0.008220496558327866,,-0.5582023180192586,11467.34982712458
ppo_markovian_mdd_static_seed_19,2020-12-21,11332.41792954931,-0.003575511540187981,0.0,1.0,0.0,-0.005346911302066042,0.011766615618205509,,-0.5912206650117584,11373.082517337562
ppo_markovian_mdd_static_seed_19,2020-12-22,11313.318152291575,-0.0016854105960858456,0.0,1.0,0.0,-0.003701661693755889,0.013432194635648369,,-0.3106368249343207,11332.41792954931
ppo_markovian_mdd_static_seed_19,2020-12-23,11323.484769306007,0.000898641484096574,0.0,1.0,0.0,-0.0009836056342546222,0.012545623878873794,,-0.3897607878577951,11313.318152291575
ppo_markovian_mdd_static_seed_19,2020-12-24,11367.53760267591,0.003890395427502469,0.0,1.0,0.0,0.0025772420260227686,0.008704035889144843,,-0.4682084089829041,11323.484769306007
ppo_markovian_mdd_static_seed_19,2020-12-28,11465.19409817932,0.008590822297383172,0.0,1.0,0.0,0.008525932909114896,0.00018798841735534306,,-0.6156661669193918,11367.53760267591
ppo_markovian_mdd_static_seed_19,2020-12-29,11443.320923456024,-0.0019077893087540154,0.0,1.0,0.0,-0.0022239243192348135,0.0020954190838165425,,-0.6061212804122721,11465.19409817932
ppo_markovian_mdd_static_seed_19,2020-12-30,11459.648243382933,0.0014267990940848296,0.0,1.0,0.0,0.0013250407236599438,0.0006716097317821725,,-0.4984645761930652,11443.320923456024
ppo_markovian_mdd_static_seed_19,2020-12-31,11517.872667734482,0.005080821253407031,0.0,1.0,0.0,0.005067957435210907,0.0,,-0.5277852380797079,11459.648243382933
ppo_markovian_mdd_static_seed_19,2021-01-04,11361.06853557065,-0.013613983822124975,0.0,1.0,0.0,-0.015749601430024823,0.01361398382212492,,-0.5343949912150368,11517.872667734482
ppo_markovian_mdd_static_seed_19,2021-01-05,11439.315949488808,0.006887328746690624,0.0,1.0,0.0,0.005840656580806439,0.006820419057569433,,-0.1958075701443868,11361.06853557065
ppo_markovian_mdd_static_seed_19,2021-01-06,11507.706050720053,0.005978513184986545,0.0,1.0,0.0,0.005828310510735868,0.0008826818378457318,,-0.3335479297679812,11439.315949488808
ppo_markovian_mdd_static_seed_19,2021-01-07,11678.681773865528,0.0148574983052141,0.0,1.0,0.0,0.01474820687893387,0.0,,-0.3603959788345364,11507.706050720053
ppo_markovian_mdd_static_seed_19,2021-01-08,11745.223570209557,0.005697714659280706,0.0,1.0,0.0,0.00568154407760871,0.0,,-0.586597085360177,11678.681773865528
ppo_markovian_mdd_static_seed_19,2021-01-11,11666.051063713057,-0.006740825836411668,0.0,1.0,0.0,-0.007774771695515727,0.006740825836411628,,-0.6582237723302314,11745.223570209557
ppo_markovian_mdd_static_seed_19,2021-01-12,11668.515156851101,0.0002112191284424636,0.0,1.0,0.0,-0.0007684577500761538,0.006531030499327241,,-0.4554975549183051,11666.051063713057
ppo_markovian_mdd_static_seed_19,2021-01-13,11699.938220203263,0.0026929787492038226,0.0,1.0,0.0,0.002111013227289675,0.003855639676468571,,-0.5231216848907005,11668.515156851101
ppo_markovian_mdd_static_seed_19,2021-01-14,11658.965268222231,-0.003501980199372312,0.0,1.0,0.0,-0.004609744110980496,0.007344117502038019,,-0.6215768967412542,11699.938220203263
ppo_markovian_mdd_static_seed_19,2021-01-15,11573.940423006032,-0.007292657904037547,0.0,1.0,0.0,-0.009506861916840241,0.0145832172695261,,-0.5403016595238772,11658.965268222231
ppo_markovian_mdd_static_seed_19,2021-01-19,11664.818547076664,0.007851960589842832,0.0,1.0,0.0,0.006794429840283968,0.006845763526956713,,-0.4547566807247573,11573.940423006032
ppo_markovian_mdd_static_seed_19,2021-01-20,11826.244381593275,0.013838692292137411,0.0,1.0,0.0,0.013743811934587761,0.0,,-0.5530337311145016,11664.818547076664
ppo_markovian_mdd_static_seed_19,2021-01-21,11837.025846723796,0.0009116558716901757,0.0,1.0,0.0,0.0009112405658674767,0.0,,-0.6982003151956254,11826.244381593275
ppo_markovian_mdd_static_seed_19,2021-01-22,11795.129682433892,-0.0035394164744094736,0.0,1.0,0.0,-0.004076607499383042,0.0035394164744094645,,-0.7252433202538535,11837.025846723796
ppo_markovian_mdd_static_seed_19,2021-01-25,11841.647549076575,0.003943819855746211,0.0,1.0,0.0,0.003936063384946354,0.0,,-0.6803240407508724,11795.129682433892
ppo_markovian_mdd_static_seed_19,2021-01-26,11823.163560069668,-0.001560930514972858,0.0,1.0,0.0,-0.0017962896134789171,0.0015609305149728425,,-0.5758005709743513,11841.647549076575
ppo_markovian_mdd_static_seed_19,2021-01-27,11534.19998766139,-0.024440461382450485,0.0,1.0,0.0,-0.028638573137477013,0.025963242035451417,,-0.5927094334622085,11823.163560069668
ppo_markovian_mdd_static_seed_19,2021-01-28,11633.396423859234,0.008600200820512827,0.0,1.0,0.0,0.0059254802220912485,0.017586330310395065,,0.6149059939431424,11534.19998766139
ppo_markovian_mdd_static_seed_19,2021-01-29,11400.50060672251,-0.020019589176817898,0.0,1.0,0.0,-0.02581077373012858,0.03725384837927108,,0.0104230393710318,11633.396423859234
ppo_markovian_mdd_static_seed_19,2021-02-01,11590.267742932941,0.01664550906637663,0.0,1.0,0.0,0.013324223692702815,0.021228448583849008,,0.2526377708930529,11400.50060672251
ppo_markovian_mdd_static_seed_19,2021-02-02,11754.156730452865,0.014140224467191764,0.0,1.0,0.0,0.012932924165502768,0.007388399144723108,,0.0031282757989204,11590.267742932941
ppo_markovian_mdd_static_seed_19,2021-02-03,11763.399195023683,0.0007863145594164678,0.0,1.0,0.0,-0.00020517855258399536,0.0066078941911249375,,-0.4043358252961432,11754.156730452865
ppo_markovian_mdd_static_seed_19,2021-02-04,11897.098575962567,0.011365709751263386,0.0,1.0,0.0,0.011301605342968764,0.0,,-0.6373405755443162,11763.399195023683
ppo_markovian_mdd_static_seed_19,2021-02-05,11943.923866663295,0.0039358580078789895,0.0,1.0,0.0,0.003928132782375852,0.0,,-0.7401848096245571,11897.098575962567
ppo_markovian_mdd_static_seed_19,2021-02-08,12030.182168650621,0.0072219400383219945,0.0,1.0,0.0,0.007195986710037045,0.0,,-0.8222409328640775,11943.923866663295
ppo_markovian_mdd_static_seed_19,2021-02-09,12022.17222071619,-0.0006658210010572763,0.0,1.0,0.0,-0.0007659159084578,0.0006658210010572216,,-0.7936617201162512,12030.182168650621
ppo_markovian_mdd_static_seed_19,2021-02-10,12016.934730112584,-0.00043565260149747154,0.0,1.0,0.0,-0.0006009250560478929,0.001101183535903455,,-0.7637361250673007,12022.17222071619
ppo_markovian_mdd_static_seed_19,2021-02-11,12036.3428715631,0.0016150658954552366,0.0,1.0,0.0,0.0016137630790994486,0.0,,-0.7364032572859182,12016.934730112584
ppo_markovian_mdd_static_seed_19,2021-02-12,12095.799812551037,0.004939784585931806,0.0,1.0,0.0,0.004927623881120012,0.0,,-0.8063032239411334,12036.3428715631
ppo_markovian_mdd_static_seed_19,2021-02-16,12085.324831343829,-0.0008660015352055517,0.0,1.0,0.0,-0.0009962769614450247,0.0008660015352055124,,-0.9231312556263124,12095.799812551037
ppo_markovian_mdd_static_seed_19,2021-02-17,12088.098228809387,0.00022948472666328712,0.0,1.0,0.0,0.00013395106767101028,0.000636715542667783,,-0.7969472731990006,12085.324831343829
ppo_markovian_mdd_static_seed_19,2021-02-18,12036.65123575588,-0.004256003887434856,0.0,1.0,0.0,-0.004998587886367236,0.004890009566277839,,-0.7977878175303572,12088.098228809387
ppo_markovian_mdd_static_seed_19,2021-02-19,12015.394789418147,-0.0017659767589335296,0.0,1.0,0.0,-0.0027646405364552132,0.006647350681966323,,-0.7150456858550434,12036.65123575588
ppo_markovian_mdd_static_seed_19,2021-02-22,11922.975784518343,-0.007691716045917785,0.0,1.0,0.0,-0.009864640440389136,0.014287937193980771,,-0.7582869940144594,12015.394789418147
ppo_markovian_mdd_static_seed_19,2021-02-23,11937.454799558034,0.0012143793044092632,0.0,1.0,0.0,-0.0007499937874464843,0.013090908864802638,,-0.6370409557544483,11922.975784518343
ppo_markovian_mdd_static_seed_19,2021-02-24,12068.997511416917,0.011019326486895187,0.0,1.0,0.0,0.010626680757717713,0.002215835376698962,,-0.6664729092961816,11937.454799558034
ppo_markovian_mdd_static_seed_19,2021-02-25,11778.18563412142,-0.024095777385022887,0.0,1.0,0.0,-0.02832956302384617,0.02625822048576301,,-0.8212301645001946,12068.997511416917
ppo_markovian_mdd_static_seed_19,2021-02-26,11717.497116631826,-0.005152620223082494,0.0,1.0,0.0,-0.009857272058076764,0.031275542070948445,,-0.1482765672569006,11778.18563412142
ppo_markovian_mdd_static_seed_19,2021-03-01,12001.53156262928,0.02424019764376939,0.0,1.0,0.0,0.022782046659775734,0.007793469748394896,,-0.2284064752891423,11717.497116631826
ppo_markovian_mdd_static_seed_19,2021-03-02,11907.88098122782,-0.0078032191902133174,0.0,1.0,0.0,-0.010164204835630505,0.015535874785909218,,-0.6336766953462498,12001.53156262928
ppo_markovian_mdd_static_seed_19,2021-03-03,11750.152696620378,-0.013245705500087857,0.0,1.0,0.0,-0.01762058178212257,0.028575796663896712,,-0.5630744824258629,11907.88098122782
ppo_markovian_mdd_static_seed_19,2021-03-04,11604.746757972633,-0.012374812685589043,0.0,1.0,0.0,-0.018541566660550297,0.04059698921842851,,-0.3300759907554155,11750.152696620378
ppo_markovian_mdd_static_seed_19,2021-03-05,11818.234433658841,0.01839658203136052,0.0,1.0,0.0,0.014787324086713526,0.022947253029451067,,-0.1590849258276594,11604.746757972633
ppo_markovian_mdd_static_seed_19,2021-03-08,11759.394221056466,-0.004978765054346579,0.0,1.0,0.0,-0.009162965762699302,0.027811769102321336,,-0.5035952037945599,11818.234433658841
ppo_markovian_mdd_static_seed_19,2021-03-09,11927.289122678336,0.014277512809395931,0.0,1.0,0.0,0.012086848119317106,0.01393133918253575,,-0.4260780098672345,11759.394221056466
ppo_markovian_mdd_static_seed_19,2021-03-10,12001.53156262928,0.006224586256551756,0.0,1.0,0.0,0.00503627307533132,0.007793469748394896,,-0.5491292449321689,11927.289122678336
ppo_markovian_mdd_static_seed_19,2021-03-11,12123.216961801249,0.010139155868312377,0.0,1.0,0.0,0.010088099450077105,0.0,,-0.6757808419421294,12001.53156262928
ppo_markovian_mdd_static_seed_19,2021-03-12,12139.544281728158,0.0013467811372471772,0.0,1.0,0.0,0.0013458750409823536,0.0,,-0.7293437251122816,12123.216961801249
ppo_markovian_mdd_static_seed_19,2021-03-15,12211.939356926618,0.005963574374651337,0.0,1.0,0.0,0.005945862646910351,0.0,,-0.8499149195779911,12139.544281728158
ppo_markovian_mdd_static_seed_19,2021-03-16,12196.536189443317,-0.001261320338490246,0.0,1.0,0.0,-0.0014513145232856895,0.0012613203384901955,,-0.9097374694819284,12211.939356926618
ppo_markovian_mdd_static_seed_19,2021-03-17,12238.124929675178,0.0034098812634899556,0.0,1.0,0.0,0.0034040808005609087,0.0,,-0.9581946044722924,12196.536189443317
ppo_markovian_mdd_static_seed_19,2021-03-18,12060.06435117361,-0.014549661776192768,0.0,1.0,0.0,-0.016838995392497835,0.014549661776192777,,-1.0370217287941854,12238.124929675178
ppo_markovian_mdd_static_seed_19,2021-03-19,11998.451681240407,-0.005108817676184985,0.0,1.0,0.0,-0.008059534485422449,0.01958414788311298,,-0.8059444577610255,12060.06435117361
ppo_markovian_mdd_static_seed_19,2021-03-22,12094.258931721866,0.00798496781307656,0.0,1.0,0.0,0.006189922825046655,0.011755558860529607,,-0.8943151488098354,11998.451681240407
ppo_markovian_mdd_static_seed_19,2021-03-23,11999.067469491236,-0.00787079743934982,0.0,1.0,0.0,-0.010832010263155755,0.01953383067730186,,-1.155683118743034,12094.258931721866
ppo_markovian_mdd_static_seed_19,2021-03-24,11938.070587808861,-0.005083468514321177,0.0,1.0,0.0,-0.00877413323318877,0.024517999578410943,,-0.9945494687315648,11999.067469491236
ppo_markovian_mdd_static_seed_19,2021-03-25,12005.229112538453,0.005625576112623598,0.0,1.0,0.0,0.0027552589536814446,0.019030351338544995,,-0.8922383520135697,11938.070587808861
ppo_markovian_mdd_static_seed_19,2021-03-26,12198.692858523316,0.016114956588609175,0.0,1.0,0.0,0.015503178799023857,0.003222068035622499,,-1.0944894518030022,12005.229112538453
ppo_markovian_mdd_static_seed_19,2021-03-29,12192.531215476103,-0.0005051068273194126,0.0,1.0,0.0,-0.0010640665429025127,0.0037255473743790686,,-1.2466140842952032,12198.692858523316
ppo_markovian_mdd_static_seed_19,2021-03-30,12160.184939815064,-0.002652958199523159,0.0,1.0,0.0,-0.0036117768074103583,0.0063686218524476096,,-1.0147510412977032,12192.531215476103
ppo_markovian_mdd_static_seed_19,2021-03-31,12209.47432365384,0.0040533416294838975,0.0,1.0,0.0,0.003693984807811781,0.002341094423040691,,-1.2035915949010692,12160.184939815064
ppo_markovian_mdd_static_seed_19,2021-04-01,12341.325399705505,0.010799078859294209,0.0,1.0,0.0,0.010741185232806828,0.0,,-1.2521028451836504,12209.47432365384
ppo_markovian_mdd_static_seed_19,2021-04-05,12518.461825763463,0.01435311202978129,0.0,1.0,0.0,0.014251081264420035,0.0,,-1.6204213633674094,12341.325399705505
ppo_markovian_mdd_static_seed_19,2021-04-06,12511.068606214594,-0.0005905853012750928,0.0,1.0,0.0,-0.0006793475606594317,0.0005905853012750501,,-1.54398921514429,12518.461825763463
ppo_markovian_mdd_static_seed_19,2021-04-07,12525.547621254287,0.0011572964304984446,0.0,1.0,0.0,0.0011566272792055982,0.0,,-1.516648279795646,12511.068606214594
ppo_markovian_mdd_static_seed_19,2021-04-08,12585.003622107492,0.004746778556197873,0.0,1.0,0.0,0.004735548127749245,0.0,,-1.6878759907015009,12525.547621254287
ppo_markovian_mdd_static_seed_19,2021-04-09,12676.498474563687,0.007270149076117116,0.0,1.0,0.0,0.007243848936019295,0.0,,-1.7364056840185984,12585.003622107492
ppo_markovian_mdd_static_seed_19,2021-04-12,12681.120176916464,0.0003645882466716266,0.0,1.0,0.0,0.0003645218005266528,0.0,,-1.7845792035787733,12676.498474563687
ppo_markovian_mdd_static_seed_19,2021-04-13,12718.703003046372,0.002963683460576405,0.0,1.0,0.0,0.002959300408599511,0.0,,-1.7426509138213129,12681.120176916464
ppo_markovian_mdd_static_seed_19,2021-04-14,12675.266898062031,-0.003415136352656223,0.0,1.0,0.0,-0.003933251694898445,0.0034151363526561808,,-1.7867954584809362,12718.703003046372
ppo_markovian_mdd_static_seed_19,2021-04-15,12811.430372138957,0.01074245419619091,0.0,1.0,0.0,0.010685163961720182,0.0,,-1.7141418181535928,12675.266898062031
ppo_markovian_mdd_static_seed_19,2021-04-16,12854.251629007205,0.0033424259137662116,0.0,1.0,0.0,0.0033368524241360826,0.0,,-1.7883367996114012,12811.430372138957
ppo_markovian_mdd_static_seed_19,2021-04-19,12791.098078244833,-0.004913047650308866,0.0,1.0,0.0,-0.005662113493140707,0.004913047650308815,,-1.842551543751521,12854.251629007205
ppo_markovian_mdd_static_seed_19,2021-04-20,12697.447496843373,-0.007321543531961572,0.0,1.0,0.0,-0.009178270591697494,0.012198620090024079,,-1.640361041290418,12791.098078244833
ppo_markovian_mdd_static_seed_19,2021-04-21,12817.592015186174,0.009462100030157128,0.0,1.0,0.0,0.008989823064066248,0.002851944623388627,,-1.3863247137068526,12697.447496843373
ppo_markovian_mdd_static_seed_19,2021-04-22,12700.527378232247,-0.009133122416069228,0.0,1.0,0.0,-0.010968938056089903,0.011959019880088559,,-1.6288186049055848,12817.592015186174
ppo_markovian_mdd_static_seed_19,2021-04-23,12838.231733138346,0.010842412350696051,0.0,1.0,0.0,0.010597114019932085,0.001246272154242638,,-1.3962620378677255,12700.527378232247
ppo_markovian_mdd_static_seed_19,2021-04-26,12865.033094137732,0.002087620908898691,0.0,1.0,0.0,0.002085444856357964,0.0,,-1.6761943114770432,12838.231733138346
ppo_markovian_mdd_static_seed_19,2021-04-27,12862.260636806906,-0.00021550331899955477,0.0,1.0,0.0,-0.0002478520410263917,0.0002155033189995709,,-1.6045490822666568,12865.033094137732
ppo_markovian_mdd_static_seed_19,2021-04-28,12858.564027032471,-0.00028739969425417566,0.0,1.0,0.0,-0.0003628671631108032,0.0005028410776657126,,-1.607766995881305,12862.260636806906
ppo_markovian_mdd_static_seed_19,2021-04-29,12940.508990859798,0.006372792767143753,0.0,1.0,0.0,0.006352572384720713,0.0,,-1.6513960617545282,12858.564027032471
ppo_markovian_mdd_static_seed_19,2021-04-30,12855.483205508865,-0.006570513216364926,0.0,1.0,0.0,-0.007577771042478954,0.006570513216364953,,-1.570048104966696,12940.508990859798
ppo_markovian_mdd_static_seed_19,2021-05-03,12883.209659086595,0.0021567803508037997,0.0,1.0,0.0,0.001490272235991384,0.00442790401936086,,-1.3585901379539385,12855.483205508865
ppo_markovian_mdd_static_seed_19,2021-05-04,12803.728788397311,-0.00616933767224892,0.0,1.0,0.0,-0.007773935338163802,0.010569924456533998,,-1.4152400852917872,12883.209659086595
ppo_markovian_mdd_static_seed_19,2021-05-05,12807.733762364525,0.00031279746965928723,0.0,1.0,0.0,-0.0012263164261449,0.010260433232499236,,-1.170502511149699,12803.728788397311
ppo_markovian_mdd_static_seed_19,2021-05-06,12910.01102008598,0.007985585867032574,0.0,1.0,0.0,0.0076003523714363004,0.0023567829360777014,,-1.230458555042488,12807.733762364525
ppo_markovian_mdd_static_seed_19,2021-05-07,13003.969965680219,0.007277991122397465,0.0,1.0,0.0,0.007251634350647923,0.0,,-1.3790695263015285,12910.01102008598
ppo_markovian_mdd_static_seed_19,2021-05-10,12875.199711152163,-0.009902380186043391,0.0,1.0,0.0,-0.011437091869964012,0.009902380186043409,,-1.7154865124604768,13003.969965680219
ppo_markovian_mdd_static_seed_19,2021-05-11,12760.291743278234,-0.008924752271951109,0.0,1.0,0.0,-0.011775629851938349,0.018738756167931362,,-1.0922801198484522,12875.199711152163
ppo_markovian_mdd_static_seed_19,2021-05-12,12489.196371626036,-0.021245233032779476,0.0,1.0,0.0,-0.027412043218268546,0.03958587995917871,,-0.6370393474399949,12760.291743278234
ppo_markovian_mdd_static_seed_19,2021-05-13,12639.223072491828,0.01201251837200945,0.0,1.0,0.0,0.007733607566964823,0.028048887697451022,,0.5579331104402602,12489.196371626036
ppo_markovian_mdd_static_seed_19,2021-05-14,12833.302606727522,0.015355337359152399,0.0,1.0,0.0,0.013269999725335706,0.013124250471442007,,-0.3612020558429238,12639.223072491828
ppo_markovian_mdd_static_seed_19,2021-05-17,12800.647966873703,-0.002544523483510863,0.0,1.0,0.0,-0.0048930731341955205,0.01563537899142481,,-1.2573931573464463,12833.302606727522
ppo_markovian_mdd_static_seed_19,2021-05-18,12690.361701352555,-0.008615678347420719,0.0,1.0,0.0,-0.01227046006294193,0.02411634794261536,,-1.058536452824842,12800.647966873703
ppo_markovian_mdd_static_seed_19,2021-05-19,12657.090333113172,-0.0026217825009539064,0.0,1.0,0.0,-0.006626460785367404,0.026674902624546446,,-0.7116301422291762,12690.361701352555
ppo_markovian_mdd_static_seed_19,2021-05-20,12793.254747324834,0.010757955472233016,0.0,1.0,0.0,0.008269913183204794,0.016203914566974488,,-0.5290608912222639,12657.090333113172
ppo_markovian_mdd_static_seed_19,2021-05-21,12782.78070625236,-0.0008187158998506083,0.0,1.0,0.0,-0.003370455840401983,0.017009364064329246,,-0.8412905490119578,12793.254747324834
ppo_markovian_mdd_static_seed_19,2021-05-24,12913.091841609586,0.010194271368004326,0.0,1.0,0.0,0.009094386630388767,0.0069884907693939305,,-0.9434657255266268,12782.78070625236
ppo_markovian_mdd_static_seed_19,2021-05-25,12884.441235588249,-0.00221872548981783,0.0,1.0,0.0,-0.0035999471155157975,0.009191710716606346,,-1.3016812274868417,12913.091841609586
ppo_markovian_mdd_static_seed_19,2021-05-26,12910.01102008598,0.0019845474111135353,0.0,1.0,0.0,0.0008987700946811723,0.007225404691199149,,-1.1991630056426097,12884.441235588249
ppo_markovian_mdd_static_seed_19,2021-05-27,12916.78845138402,0.0005249748654354569,0.0,1.0,0.0,-0.00048079633290361984,0.006704222981619161,,-1.4962253910221917,12910.01102008598
ppo_markovian_mdd_static_seed_19,2021-05-28,12939.893202608971,0.001788738068438045,0.0,1.0,0.0,0.0010480186298756447,0.004927477012047632,,-1.6102040363741736,12916.78845138402
ppo_markovian_mdd_static_seed_19,2021-06-01,12928.495009092887,-0.0008808568461590172,0.0,1.0,0.0,-0.0017518440469748095,0.005803993456346291,,-1.590348913894112,12939.893202608971
ppo_markovian_mdd_static_seed_19,2021-06-02,12948.826362852276,0.0015726001939970757,0.0,1.0,0.0,0.0009352868596313724,0.004240520623584642,,-1.3418309176338956,12928.495009092887
ppo_markovian_mdd_static_seed_19,2021-06-03,12900.768555515157,-0.0037113639483952188,0.0,1.0,0.0,-0.004908690116023864,0.007936146456615084,,-1.4162357204598155,12948.826362852276
ppo_markovian_mdd_static_seed_19,2021-06-04,13018.75734491269,0.00914587289042501,0.0,1.0,0.0,0.009104302666706848,0.0,,-1.2902126401976055,12900.768555515157
ppo_markovian_mdd_static_seed_19,2021-06-07,13006.126634760218,-0.0009701932233500132,0.0,1.0,0.0,-0.0011161931489256786,0.0009701932233500208,,-1.608056426490088,13018.75734491269
ppo_markovian_mdd_static_seed_19,2021-06-08,13008.899092091044,0.00021316548797978285,0.0,1.0,0.0,9.955758938303318e-05,0.0007572345470820906,,-1.593359785069718,13006.126634760218
ppo_markovian_mdd_static_seed_19,2021-06-09,12989.490950640527,-0.0014919126755557066,0.0,1.0,0.0,-0.0018302293096357312,0.0022480174948186766,,-1.4480085427851028,13008.899092091044
ppo_markovian_mdd_static_seed_19,2021-06-10,13049.871103937341,0.004648384877148359,0.0,1.0,0.0,0.004637614499841,0.0,,-1.2708095130754715,12989.490950640527
ppo_markovian_mdd_static_seed_19,2021-06-11,13071.435914467855,0.0016524922245406692,0.0,1.0,0.0,0.0016511283615731592,0.0,,-1.617220821692743,13049.871103937341
ppo_markovian_mdd_static_seed_19,2021-06-14,13100.70230874002,0.002238957866883773,0.0,1.0,0.0,0.0022364551356958834,0.0,,-1.7170388341618743,13071.435914467855
ppo_markovian_mdd_static_seed_19,2021-06-15,13076.67340507146,-0.0018341691233246804,0.0,1.0,0.0,-0.002110978639666246,0.0018341691233246574,,-1.5608221774389248,13100.70230874002
ppo_markovian_mdd_static_seed_19,2021-06-16,13003.661601487438,-0.005583362168830042,0.0,1.0,0.0,-0.0067101009671299726,0.007407290461660325,,-1.4239211997301666,13076.67340507146
ppo_markovian_mdd_static_seed_19,2021-06-17,12999.349203462176,-0.00033162951770204785,0.0,1.0,0.0,-0.001492154044410777,0.0077364635031991116,,-1.1828023041439797,13003.661601487438
ppo_markovian_mdd_static_seed_19,2021-06-18,12782.164918001528,-0.01670731988666052,0.0,1.0,0.0,-0.020495640601514813,0.024314527819320156,,-1.2596603785632985,12999.349203462176
ppo_markovian_mdd_static_seed_19,2021-06-21,12965.153682779186,0.0143159445955785,0.0,1.0,0.0,0.012662438780131673,0.01034666865687065,,-0.6340766827268104,12782.164918001528
ppo_markovian_mdd_static_seed_19,2021-06-22,13034.467936454039,0.0053461960706966405,0.0,1.0,0.0,0.004573587709957028,0.005055787905492121,,-1.2244523204914382,12965.153682779186
ppo_markovian_mdd_static_seed_19,2021-06-23,13018.757344912692,-0.001205311303686507,0.0,1.0,0.0,-0.002144289087196289,0.006255005410867046,,-1.4765026445802332,13034.467936454039
ppo_markovian_mdd_static_seed_19,2021-06-24,13095.773182329196,0.005915759498090534,0.0,1.0,0.0,0.005841892744783638,0.0003762490204463983,,-1.537663839599695,13018.757344912692
ppo_markovian_mdd_static_seed_19,2021-06-25,13142.290108837145,0.0035520565193292164,0.0,1.0,0.0,0.0035457628657765165,0.0,,-1.6048006575770777,13095.773182329196
ppo_markovian_mdd_static_seed_19,2021-06-28,13168.784045778486,0.0020159300032134286,0.0,1.0,0.0,0.0020139007430977347,0.0,,-1.6684466353679055,13142.290108837145
ppo_markovian_mdd_static_seed_19,2021-06-29,13175.869841269308,0.0005380751530430494,0.0,1.0,0.0,0.000537930442515654,0.0,,-1.63302434785893,13168.784045778486
ppo_markovian_mdd_static_seed_19,2021-06-30,13186.95967059261,0.0008416772066590639,0.0,1.0,0.0,0.0008413231950273803,0.0,,-1.5660659418197924,13175.869841269308
ppo_markovian_mdd_static_seed_19,2021-07-01,13259.970534041902,0.005536595642444242,0.0,1.0,0.0,0.005521325035644419,0.0,,-1.5943910277829916,13186.95967059261
ppo_markovian_mdd_static_seed_19,2021-07-02,13361.323639319746,0.007643539253548326,0.0,1.0,0.0,0.00761447541383626,0.0,,-1.654548701003993,13259.970534041902
ppo_markovian_mdd_static_seed_19,2021-07-06,13336.986371458406,-0.001821471324122359,0.0,1.0,0.0,-0.002096352918789135,0.001821471324122393,,-1.7254767881335145,13361.323639319746
ppo_markovian_mdd_static_seed_19,2021-07-07,13384.120026351917,0.003534055863952723,0.0,1.0,0.0,0.0035278257625641373,0.0,,-1.4177841383124885,13336.986371458406
ppo_markovian_mdd_static_seed_19,2021-07-08,13275.066277467156,-0.008147995435639044,0.0,1.0,0.0,-0.00940357108960485,0.00814799543563903,,-1.4574510914001937,13384.120026351917
ppo_markovian_mdd_static_seed_19,2021-07-09,13416.774666205736,0.010674778247933281,0.0,1.0,0.0,0.010618205050717838,0.0,,-0.8484397155139476,13275.066277467156
ppo_markovian_mdd_static_seed_19,2021-07-12,13464.832473542856,0.003581919539736189,0.0,1.0,0.0,0.003575519743758136,0.0,,-1.4435594379049326,13416.774666205736
ppo_markovian_mdd_static_seed_19,2021-07-13,13418.931335285735,-0.0034089646750015135,0.0,1.0,0.0,-0.0039261331354223826,0.003408964675001502,,-1.4328913342878564,13464.832473542856
ppo_markovian_mdd_static_seed_19,2021-07-14,13438.955264987078,0.0014922149313552069,0.0,1.0,0.0,0.0012028271872455754,0.001921836651634831,,-1.2223578975397402,13418.931335285735
ppo_markovian_mdd_static_seed_19,2021-07-15,13393.054126729958,-0.0034155287633635956,0.0,1.0,0.0,-0.004220995196508865,0.005330801326636333,,-1.3820525642775596,13438.955264987078
ppo_markovian_mdd_static_seed_19,2021-07-16,13288.004411677679,-0.007843596692603483,0.0,1.0,0.0,-0.009844407305171035,0.013132585363585303,,-1.2252906319008718,13393.054126729958
ppo_markovian_mdd_static_seed_19,2021-07-19,13091.768208361986,-0.014767921294730924,0.0,1.0,0.0,-0.019034037514348314,0.027706565671270465,,-0.9074211584990032,13288.004411677679
ppo_markovian_mdd_static_seed_19,2021-07-20,13279.378675492422,0.014330414665499891,0.0,1.0,0.0,0.012162725180719605,0.013773197580796733,,-0.0303619679642356,13091.768208361986
ppo_markovian_mdd_static_seed_19,2021-07-21,13386.892483682746,0.008096298088761111,0.0,1.0,0.0,0.007195437193534891,0.005788411405285168,,-0.6245408767526351,13279.378675492422
ppo_markovian_mdd_static_seed_19,2021-07-22,13414.92636131852,0.002094128840576248,0.0,1.0,0.0,0.0015359785725603684,0.003706404243973879,,-1.0100772040486092,13386.892483682746
ppo_markovian_mdd_static_seed_19,2021-07-23,13552.9390804174,0.010287996771777719,0.0,1.0,0.0,0.010235435525560058,0.0,,-1.0498208939776936,13414.92636131852
ppo_markovian_mdd_static_seed_19,2021-07-26,13586.209508522044,0.002454849675574522,0.0,1.0,0.0,0.0024518414542579526,0.0,,-1.1459924476791212,13552.9390804174
ppo_markovian_mdd_static_seed_19,2021-07-27,13524.289414530795,-0.00455756949371422,0.0,1.0,0.0,-0.005251622301634276,0.004557569493714196,,-1.0559989142993251,13586.209508522044
ppo_markovian_mdd_static_seed_19,2021-07-28,13518.743559734408,-0.0004100662612578354,0.0,1.0,0.0,-0.0011550153888424306,0.004965766849489374,,-0.6690728958210704,13524.289414530795
ppo_markovian_mdd_static_seed_19,2021-07-29,13574.81131500596,0.00414740874577646,0.0,1.0,0.0,0.0040129889769723905,0.0008389531685739852,,-0.8875937577735988,13518.743559734408
ppo_markovian_mdd_static_seed_19,2021-07-30,13508.886247047494,-0.004856426098946209,0.0,1.0,0.0,-0.00572195259819595,0.005691304953456568,,-1.0111078491247143,13574.81131500596
ppo_markovian_mdd_static_seed_19,2021-08-02,13480.544005218937,-0.0020980443028566498,0.0,1.0,0.0,-0.0032668595779974897,0.007777408646379849,,-0.8890531002326078,13508.886247047494
ppo_markovian_mdd_static_seed_19,2021-08-03,13590.214482489258,0.008135463763766726,0.0,1.0,0.0,0.008102549274361074,0.0,,-0.6237751410476433,13480.544005218937
ppo_markovian_mdd_static_seed_19,2021-08-04,13523.365262087184,-0.004918923133127029,0.0,1.0,0.0,-0.005668899324863088,0.004918923133127069,,-0.92065745178312,13590.214482489258
ppo_markovian_mdd_static_seed_19,2021-08-05,13609.006835688944,0.006332859605726826,0.0,1.0,0.0,0.006312891310267438,0.0,,-0.9292565144695858,13523.365262087184
ppo_markovian_mdd_static_seed_19,2021-08-06,13631.494858528333,0.0016524367362660275,0.0,1.0,0.0,0.001651072964839652,0.0,,-1.069041455338986,13609.006835688944
ppo_markovian_mdd_static_seed_19,2021-08-09,13620.405029205029,-0.0008135446213638486,0.0,1.0,0.0,-0.0009359074215862957,0.0008135446213637988,,-1.299400564126869,13631.494858528333
ppo_markovian_mdd_static_seed_19,2021-08-10,13637.348137382767,0.001243950392180615,0.0,1.0,0.0,0.0012431773269283135,0.0,,-1.1708086514118423,13620.405029205029
ppo_markovian_mdd_static_seed_19,2021-08-11,13671.235293872975,0.002484878742467167,0.0,1.0,0.0,0.002481796536168155,0.0,,-1.14851243337466,13637.348137382767
ppo_markovian_mdd_static_seed_19,2021-08-12,13712.20730571927,0.0029969502364324274,0.0,1.0,0.0,0.002992468333533074,0.0,,-1.2688677788477092,13671.235293872975
ppo_markovian_mdd_static_seed_19,2021-08-13,13737.16130196617,0.0018198380239258238,0.0,1.0,0.0,0.0018181841249573095,0.0,,-1.3798951861712525,13712.20730571927
ppo_markovian_mdd_static_seed_19,2021-08-16,13769.507577627208,0.002354655008411921,0.0,1.0,0.0,0.0023518871523535295,0.0,,-1.3981750034648208,13737.16130196617
ppo_markovian_mdd_static_seed_19,2021-08-17,13679.245241807403,-0.00655523338877162,0.0,1.0,0.0,-0.007560098298703924,0.006555233388771586,,-1.2496662156968676,13769.507577627208
ppo_markovian_mdd_static_seed_19,2021-08-18,13529.52596499966,-0.010944995440988259,0.0,1.0,0.0,-0.013619604841749072,0.017428481830205105,,-0.8734852502604865,13679.245241807403
ppo_markovian_mdd_static_seed_19,2021-08-19,13550.474047144611,0.0015483234371360677,0.0,1.0,0.0,-0.0008389454777578958,0.015907143319960397,,-0.1139056612295378,13529.52596499966
ppo_markovian_mdd_static_seed_19,2021-08-20,13658.296219527716,0.00795707751684338,0.0,1.0,0.0,0.0067140908876788695,0.00807664017558543,,-0.0924338390767193,13550.474047144611
ppo_markovian_mdd_static_seed_19,2021-08-23,13778.441678005247,0.008796518727259395,0.0,1.0,0.0,0.008758054757839811,0.0,,-0.7337230460006157,13658.296219527716
ppo_markovian_mdd_static_seed_19,2021-08-24,13800.313912593809,0.0015874244054374653,0.0,1.0,0.0,0.0015861657791226762,0.0,,-1.0195284036964052,13778.441678005247
ppo_markovian_mdd_static_seed_19,2021-08-25,13829.271942673195,0.0020983602447592897,0.0,1.0,0.0,0.0020961617618364863,0.0,,-0.9988327793265296,13800.313912593809
ppo_markovian_mdd_static_seed_19,2021-08-26,13747.635343038648,-0.005903174076911433,0.0,1.0,0.0,-0.006806142795782267,0.005903174076911407,,-1.080808705669999,13829.271942673195
ppo_markovian_mdd_static_seed_19,2021-08-27,13870.552318712273,0.008940954033659798,0.0,1.0,0.0,0.008901220366445443,0.0,,-0.6543792078519346,13747.635343038648
ppo_markovian_mdd_static_seed_19,2021-08-30,13931.549200394646,0.004397581313332788,0.0,1.0,0.0,0.0043879402073269185,0.0,,-1.1496983503863034,13870.552318712273
ppo_markovian_mdd_static_seed_19,2021-08-31,13910.90854230774,-0.0014815766566952382,0.0,1.0,0.0,-0.0017049117751548925,0.0014815766566952523,,-1.1820554709608029,13931.549200394646
ppo_markovian_mdd_static_seed_19,2021-09-01,13918.30176185661,0.0005314692082394323,0.0,1.0,0.0,0.00038869379937506935,0.0009508948608285646,,-1.1136583954099324,13910.90854230774
ppo_markovian_mdd_static_seed_19,2021-09-02,13961.123018724858,0.0030766150641741152,0.0,1.0,0.0,0.0030718919689984346,0.0,,-1.1797262002251907,13918.30176185661
ppo_markovian_mdd_static_seed_19,2021-09-03,13957.733833008468,-0.00024275881759983076,0.0,1.0,0.0,-0.0002792021109311697,0.00024275881759978476,,-1.1094603731810753,13961.123018724858
ppo_markovian_mdd_static_seed_19,2021-09-07,13907.827720784131,-0.003575516829695813,0.0,1.0,0.0,-0.0041545354166822816,0.003817407659057721,,-1.105640497292259,13957.733833008468
ppo_markovian_mdd_static_seed_19,2021-09-08,13890.884612606395,-0.0012182425981892564,0.0,1.0,0.0,-0.0019736352182184885,0.0050309997286220555,,-0.742878506079017,13907.827720784131
ppo_markovian_mdd_static_seed_19,2021-09-09,13831.42861175319,-0.004280217028024724,0.0,1.0,0.0,-0.0056828558272420514,0.009289682985940335,,-0.7744975243544296,13890.884612606395
ppo_markovian_mdd_static_seed_19,2021-09-10,13722.373922733697,-0.007884557125706015,0.0,1.0,0.0,-0.010480953864281104,0.017100995075464014,,-0.5929902037662343,13831.42861175319
ppo_markovian_mdd_static_seed_19,2021-09-13,13757.49265572556,0.0025592316015876637,0.0,1.0,0.0,0.0003681330129270224,0.01458552888089204,,-0.1357691290413482,13722.373922733697
ppo_markovian_mdd_static_seed_19,2021-09-14,13683.250215774617,-0.005396509510041114,0.0,1.0,0.0,-0.008396622383559758,0.019903327445618433,,-0.4635552653262839,13757.49265572556
ppo_markovian_mdd_static_seed_19,2021-09-15,13797.541455262983,0.008352638275707758,0.0,1.0,0.0,0.006560407859138408,0.011716934464546854,,-0.4397344007926204,13683.250215774617
ppo_markovian_mdd_static_seed_19,2021-09-16,13775.669220674421,-0.0015852269521696716,0.0,1.0,0.0,-0.0035790228663187687,0.013283587416406553,,-0.7046042927773577,13797.541455262983
ppo_markovian_mdd_static_seed_19,2021-09-17,13597.9160662309,-0.012903413372959749,0.0,1.0,0.0,-0.016889725120665614,0.026015597169856578,,-0.5911737025972323,13775.669220674421
ppo_markovian_mdd_static_seed_19,2021-09-20,13371.181892141387,-0.016674185440266553,0.0,1.0,0.0,-0.02315316361384026,0.042255993718573644,,-0.1375612525884669,13597.9160662309
ppo_markovian_mdd_static_seed_19,2021-09-21,13358.551181988913,-0.0009446218183523092,0.0,1.0,0.0,-0.0074191731952021394,0.04316069960330325,,0.9030527569568776,13371.181892141387
ppo_markovian_mdd_static_seed_19,2021-09-22,13488.861377211406,0.00975481498309394,0.0,1.0,0.0,0.004633507551422309,0.03382690925938039,,0.6210176562956203,13358.551181988913
ppo_markovian_mdd_static_seed_19,2021-09-23,13652.751304866062,0.012150019417616509,0.0,1.0,0.0,0.00876361729305812,0.022087887446103276,,-0.1174419786936952,13488.861377211406
ppo_markovian_mdd_static_seed_19,2021-09-24,13675.240267840185,0.0016472110618543923,0.0,1.0,0.0,-0.0014257030718473555,0.020477059796783065,,-0.5896318871837872,13652.751304866062
ppo_markovian_mdd_static_seed_19,2021-09-27,13636.116560881106,-0.002860915508086981,0.0,1.0,0.0,-0.006356924574062325,0.023279392166937356,,-0.771808938120422,13675.240267840185
ppo_markovian_mdd_static_seed_19,2021-09-28,13361.32363931974,-0.02015184604315301,0.0,1.0,0.0,-0.026801981587194573,0.04296211548316411,,-0.5489950059816147,13636.116560881106
ppo_markovian_mdd_static_seed_19,2021-09-29,13383.812602293865,0.001683138855191224,0.0,1.0,0.0,-0.0045209692106723135,0.041351287833843765,,0.421866317953839,13361.32363931974
ppo_markovian_mdd_static_seed_19,2021-09-30,13220.231038831987,-0.012222344134872332,0.0,1.0,0.0,-0.020257884576302995,0.053068222298390755,,0.2766722718232056,13383.812602293865
ppo_markovian_mdd_static_seed_19,2021-10-01,13377.342595053868,0.0118841762871158,0.0,1.0,0.0,0.005541906288116366,0.04181471812031282,,0.405781391545174,13220.231038831987
ppo_markovian_mdd_static_seed_19,2021-10-04,13204.827871348687,-0.01289603839322817,0.0,1.0,0.0,-0.02110564103247161,0.05417151230325938,,-0.03178353905376,13377.342595053868
ppo_markovian_mdd_static_seed_19,2021-10-05,13342.223862062003,0.010404981575824479,0.0,1.0,0.0,0.0037016946954548987,0.044330184314884925,,0.3779783587114854,13204.827871348687
ppo_markovian_mdd_static_seed_19,2021-10-06,13397.674888947991,0.004156055801436631,0.0,1.0,0.0,-0.001906311828881669,0.040358367233148965,,0.0216435864596108,13342.223862062003
ppo_markovian_mdd_static_seed_19,2021-10-07,13513.507009265526,0.008645688246479821,0.0,1.0,0.0,0.0037992875851984636,0.032061604847903956,,-0.0369652356087516,13397.674888947991
ppo_markovian_mdd_static_seed_19,2021-10-08,13488.861377211404,-0.001823777649815339,0.0,1.0,0.0,-0.006899479146012029,0.03382690925938052,,-0.3531014147091992,13513.507009265526
ppo_markovian_mdd_static_seed_19,2021-10-11,13391.20582184273,-0.0072397182117726055,0.0,1.0,0.0,-0.01338931167585396,0.040821730180140035,,-0.5181320778909795,13488.861377211404
ppo_markovian_mdd_static_seed_19,2021-10-12,13358.242817796128,-0.0024615411401439635,0.0,1.0,0.0,-0.008941993756182088,0.04318278695203377,,-0.2409660352724011,13391.20582184273
ppo_markovian_mdd_static_seed_19,2021-10-13,13406.30062513325,0.003597614446197772,0.0,1.0,0.0,-0.0023699206179095557,0.039740527524001666,,-0.2700940997555754,13358.242817796128
ppo_markovian_mdd_static_seed_19,2021-10-14,13631.803222721106,0.01682064306130049,0.0,1.0,0.0,0.013142490821240855,0.02358834569125019,,-0.5339554750894331,13406.30062513325
ppo_markovian_mdd_static_seed_19,2021-10-15,13735.620421136997,0.007615808174435079,0.0,1.0,0.0,0.005164127036837647,0.01615218183275187,,-0.9236554198282542,13631.803222721106
ppo_markovian_mdd_static_seed_19,2021-10-18,13776.28500892525,0.0029605206420582064,0.0,1.0,0.0,0.0009702249222402013,0.01323948005842376,,-1.0407191995650136,13735.620421136997
ppo_markovian_mdd_static_seed_19,2021-10-19,13882.567240613917,0.007714868821297571,0.0,1.0,0.0,0.0068412485882166085,0.005626752089039095,,-1.030742528682774,13776.28500892525
ppo_markovian_mdd_static_seed_19,2021-10-20,13937.094115056296,0.003927722696912994,0.0,1.0,0.0,0.003661859875373522,0.0017211297140161809,,-1.1603238296638814,13882.567240613917
ppo_markovian_mdd_static_seed_19,2021-10-21,13973.445364684549,0.0026082373648450563,0.0,1.0,0.0,0.0026048418167514496,0.0,,-1.200541013431558,13937.094115056296
ppo_markovian_mdd_static_seed_19,2021-10-22,13958.966349644857,-0.001036180745822679,0.0,1.0,0.0,-0.0011921450640924305,0.0010361807458226686,,-1.3006160321611966,13973.445364684549
ppo_markovian_mdd_static_seed_19,2021-10-25,14033.825517981366,0.005362801690428354,0.0,1.0,0.0,0.005348473074299051,0.0,,-1.1972379836015148,13958.966349644857
ppo_markovian_mdd_static_seed_19,2021-10-26,14046.45622813384,0.0009000190387353779,0.0,1.0,0.0,0.0008996142644518357,0.0,,-1.2315764613415112,14033.825517981366
ppo_markovian_mdd_static_seed_19,2021-10-27,13984.227769949812,-0.004430189164679854,0.0,1.0,0.0,-0.005104559907190611,0.004430189164679866,,-1.0612052355882178,14046.45622813384
ppo_markovian_mdd_static_seed_19,2021-10-28,14119.159667525084,0.00964886297584644,0.0,1.0,0.0,0.009602609985319628,0.0,,-0.8289604411857717,13984.227769949812
ppo_markovian_mdd_static_seed_19,2021-10-29,14147.809333411686,0.0020291339259019825,0.0,1.0,0.0,0.002027078014334198,0.0,,-0.952282641761229,14119.159667525084
ppo_markovian_mdd_static_seed_19,2021-11-01,14172.146601273027,0.0017202145779464662,0.0,1.0,0.0,0.00171873670344748,0.0,,-1.0324312267271103,14147.809333411686
ppo_markovian_mdd_static_seed_19,2021-11-02,14229.445933046234,0.004043094767878008,0.0,1.0,0.0,0.004034943423944309,0.0,,-1.0119938235009551,14172.146601273027
ppo_markovian_mdd_static_seed_19,2021-11-03,14316.320023284385,0.006105233516956243,0.0,1.0,0.0,0.0060866720883999866,0.0,,-1.1327244686023616,14229.445933046234
ppo_markovian_mdd_static_seed_19,2021-11-04,14383.78597207202,0.004712520303954415,0.0,1.0,0.0,0.004701451142290312,0.0,,-1.4103131648115306,14316.320023284385
ppo_markovian_mdd_static_seed_19,2021-11-05,14433.69208429636,0.0034696089278050124,0.0,1.0,0.0,0.0034636037212191872,0.0,,-1.312792191697161,14383.78597207202
ppo_markovian_mdd_static_seed_19,2021-11-08,14446.014430256055,0.0008537209944434743,0.0,1.0,0.0,0.0008533567819511243,0.0,,-1.0102282272831846,14433.69208429636
ppo_markovian_mdd_static_seed_19,2021-11-09,14398.264987111716,-0.003305371414023539,0.0,1.0,0.0,-0.003806651933730004,0.003305371414023493,,-0.7904921219773613,14446.014430256055
ppo_markovian_mdd_static_seed_19,2021-11-10,14282.432866794179,-0.008044866546158214,0.0,1.0,0.0,-0.009775948096481892,0.011323646688270421,,-0.6226382672681363,14398.264987111716
ppo_markovian_mdd_static_seed_19,2021-11-11,14287.053629012222,0.0003235276693500655,0.0,1.0,0.0,-0.0013270920342324866,0.011003782531941954,,-0.3412536592064396,14282.432866794179
ppo_markovian_mdd_static_seed_19,2021-11-12,14394.875801395327,0.007546844519723317,0.0,1.0,0.0,0.006987512281801545,0.0035399818481159978,,-0.6470745841846213,14287.053629012222
ppo_markovian_mdd_static_seed_19,2021-11-15,14399.804927806152,0.00034242229518555156,0.0,1.0,0.0,-0.0001374520761946194,0.0031987717216397675,,-1.039219989385372,14394.875801395327
ppo_markovian_mdd_static_seed_19,2021-11-16,14456.796835521309,0.003957824984497149,0.0,1.0,0.0,0.003950013399666602,0.0,,-0.9729676118564252,14399.804927806152
ppo_markovian_mdd_static_seed_19,2021-11-17,14421.678102529444,-0.002429219514628267,0.0,1.0,0.0,-0.0027965577826321473,0.002429219514628286,,-1.0001963248913306,14456.796835521309
ppo_markovian_mdd_static_seed_19,2021-11-18,14470.660062310171,0.0033964119454403807,0.0,1.0,0.0,0.0033906571651105342,0.0,,-0.7776181311477254,14421.678102529444
ppo_markovian_mdd_static_seed_19,2021-11-19,14444.782853754396,-0.0017882535035962377,0.0,1.0,0.0,-0.00205809236318163,0.001788253503596197,,-0.6313302858973215,14470.660062310171
ppo_markovian_mdd_static_seed_19,2021-11-22,14404.118265966148,-0.0028151747381705006,0.0,1.0,0.0,-0.0035089038946122925,0.0045983939956779065,,-0.532279738140675,14444.782853754396
ppo_markovian_mdd_static_seed_19,2021-11-23,14423.218043223882,0.0013259941986774049,0.0,1.0,0.0,0.0008333412586313771,0.003278497240762036,,-0.1578296976752609,14404.118265966148
ppo_markovian_mdd_static_seed_19,2021-11-24,14461.725961932132,0.00266985624101701,0.0,1.0,0.0,0.002573689388454209,0.0006173941160644514,,-0.0923751648439715,14423.218043223882
ppo_markovian_mdd_static_seed_19,2021-11-26,14139.183597226425,-0.022303172218498757,0.0,1.0,0.0,-0.02599166852132975,0.02290679648726593,,-0.3245846911828484,14461.725961932132
ppo_markovian_mdd_static_seed_19,2021-11-29,14312.62341350995,0.012266607551340236,0.0,1.0,0.0,0.010553805723590489,0.010921177618693372,,2.591171396527735,14139.183597226425
ppo_markovian_mdd_static_seed_19,2021-11-30,14034.133882174148,-0.019457616070086003,0.0,1.0,0.0,-0.02417435146757746,0.030166293607641673,,0.9411110238047814,14312.62341350995
ppo_markovian_mdd_static_seed_19,2021-12-01,13878.253902453924,-0.011107203410551714,0.0,1.0,0.0,-0.01731011407746819,0.04093843385895092,,2.142231600699738,14034.133882174148
ppo_markovian_mdd_static_seed_19,2021-12-02,14090.817425696527,0.015316301657013032,0.0,1.0,0.0,0.01126281755571051,0.02624915760428723,,3.194849203268089,13878.253902453924
ppo_markovian_mdd_static_seed_19,2021-12-03,13968.208814215683,-0.008701312903057756,0.0,1.0,0.0,-0.013947700625760697,0.03472206837358839,,2.270670618072056,14090.817425696527
ppo_markovian_mdd_static_seed_19,2021-12-06,14133.638682564775,0.01184331295081531,0.0,1.0,0.0,0.008280232816303324,0.023289979744821145,,2.966909929747352,13968.208814215683
ppo_markovian_mdd_static_seed_19,2021-12-07,14425.990500554708,0.020684823247291373,0.0,1.0,0.0,0.02001076150984342,0.003086905611984365,,1.98736282621478,14133.638682564775
ppo_markovian_mdd_static_seed_19,2021-12-08,14464.190055070178,0.0026479675356780863,0.0,1.0,0.0,0.0025774010310013885,0.0004471121021524995,,0.5471955039792189,14425.990500554708
ppo_markovian_mdd_static_seed_19,2021-12-09,14366.534499701502,-0.006751539837133502,0.0,1.0,0.0,-0.00785377957691771,0.007195633244116603,,0.0067360503887155,14464.190055070178
ppo_markovian_mdd_static_seed_19,2021-12-10,14501.77382133482,0.009413496458462456,0.0,1.0,0.0,0.009369465607831392,0.0,,0.4646960774991172,14366.534499701502
ppo_markovian_mdd_static_seed_19,2021-12-13,14373.311930999545,-0.008858357047762166,0.0,1.0,0.0,-0.010226579106652327,0.008858357047762208,,-0.3179459523526494,14501.77382133482
ppo_markovian_mdd_static_seed_19,2021-12-14,14274.422918859744,-0.006880043556733995,0.0,1.0,0.0,-0.009255438383600741,0.01567745472216653,,0.1267665588056623,14373.311930999545
ppo_markovian_mdd_static_seed_19,2021-12-15,14497.461423309558,0.015625045279773042,0.0,1.0,0.0,0.015459625561780578,0.00029737038229887515,,0.5625649125174047,14274.422918859744
ppo_markovian_mdd_static_seed_19,2021-12-16,14369.61532122511,-0.008818516452742009,0.0,1.0,0.0,-0.01022461935627902,0.009113264469432024,,-0.1451944298588444,14497.461423309558
ppo_markovian_mdd_static_seed_19,2021-12-17,14166.90911066942,-0.014106585738330568,0.0,1.0,0.0,-0.017670723322904446,0.023091293161168473,,0.2078470257515069,14369.61532122511
ppo_markovian_mdd_static_seed_19,2021-12-20,14016.2666215528,-0.010633405490204417,0.0,1.0,0.0,-0.015712218075763385,0.03347915956789698,,0.4826244603819318,14166.90911066942
ppo_markovian_mdd_static_seed_19,2021-12-21,14265.181394423658,0.017758992432985066,0.0,1.0,0.0,0.01515593547153248,0.016314723276340877,,0.8370725726284668,14016.2666215528
ppo_markovian_mdd_static_seed_19,2021-12-22,14407.814875740582,0.009998714868966196,0.0,1.0,0.0,0.008977188244357271,0.006479134673580932,,0.3331392309385471,14265.181394423658
ppo_markovian_mdd_static_seed_19,2021-12-23,14497.46142330956,0.006222077972414919,0.0,1.0,0.0,0.006158195209449454,0.0002973703822987497,,-0.3166076124778934,14407.814875740582
ppo_markovian_mdd_static_seed_19,2021-12-27,14702.631727003294,0.014152153794584565,0.0,1.0,0.0,0.014052946964016847,0.0,,-0.4963445974001821,14497.46142330956
ppo_markovian_mdd_static_seed_19,2021-12-28,14690.616805101647,-0.0008171953242616103,0.0,1.0,0.0,-0.000940108709021327,0.0008171953242616133,,-0.5694066032443946,14702.631727003294
ppo_markovian_mdd_static_seed_19,2021-12-29,14709.409158301334,0.0012792079086265673,0.0,1.0,0.0,0.0012783904192747832,0.0,,-0.6034429585505241,14690.616805101647
ppo_markovian_mdd_static_seed_19,2021-12-30,14668.744570513085,-0.0027645289726202504,0.0,1.0,0.0,-0.0031830366861168385,0.0027645289726202214,,-0.7601499655219154,14709.409158301334
ppo_markovian_mdd_static_seed_19,2021-12-31,14631.776592499271,-0.0025201869073462335,0.0,1.0,0.0,-0.003315030236535209,0.0052777487502447306,,-0.6495276926996184,14668.744570513085
ppo_markovian_mdd_static_seed_19,2022-01-03,14716.494013657424,0.005789961364061735,0.0,1.0,0.0,0.0057732639583171685,0.0,,-0.6742428660378282,14631.776592499271
ppo_markovian_mdd_static_seed_19,2022-01-04,14711.5648872466,-0.00033493890638958135,0.0,1.0,0.0,-0.00038523584691160974,0.0003349389063895856,,-0.8401422730088052,14716.494013657424
ppo_markovian_mdd_static_seed_19,2022-01-05,14429.071322078316,-0.01920214248677088,0.0,1.0,0.0,-0.022318495707643642,0.0195306498485556,,-0.7474145188561339,14711.5648872466
ppo_markovian_mdd_static_seed_19,2022-01-06,14415.516459482234,-0.0009394133755054046,0.0,1.0,0.0,-0.00400761228134275,0.020451715870360963,,0.0476136236107935,14429.071322078316
ppo_markovian_mdd_static_seed_19,2022-01-07,14358.524551767074,-0.003953511334494952,0.0,1.0,0.0,-0.007610002786979804,0.02432437111435252,,0.0169855551671133,14415.516459482234
ppo_markovian_mdd_static_seed_19,2022-01-10,14340.657291145728,-0.001244366059822366,0.0,1.0,0.0,-0.0050759112389961135,0.025538468752333714,,-0.2192089591024337,14358.524551767074
ppo_markovian_mdd_static_seed_19,2022-01-11,14471.275850561002,0.009108268663244656,0.0,1.0,0.0,0.006567616853176934,0.016662811323733172,,-0.0338874826255193,14340.657291145728
ppo_markovian_mdd_static_seed_19,2022-01-12,14510.39955752008,0.002703542338843734,0.0,1.0,0.0,0.00059924670166716,0.014004317600787294,,-0.3086901884942477,14471.275850561002
ppo_markovian_mdd_static_seed_19,2022-01-13,14310.466744429952,-0.013778587715492119,0.0,1.0,0.0,-0.01801288535863459,0.02758994559782136,,-0.5274999680896054,14510.39955752008
ppo_markovian_mdd_static_seed_19,2022-01-14,14316.320023284385,0.0004090208208415991,0.0,1.0,0.0,-0.0036698942512481568,0.027192209639175197,,0.2382985344011492,14310.466744429952
ppo_markovian_mdd_static_seed_19,2022-01-18,14062.783548060752,-0.017709612163689825,0.0,1.0,0.0,-0.02453134246127638,0.04442025831628144,,-0.0741234484077969,14316.320023284385
ppo_markovian_mdd_static_seed_19,2022-01-19,13916.761821162176,-0.010383557878106742,0.0,1.0,0.0,-0.018589229505534835,0.05434257587120063,,0.952735329704676,14062.783548060752
ppo_markovian_mdd_static_seed_19,2022-01-20,13762.730146329168,-0.011068068622025473,0.0,1.0,0.0,-0.02085115200295838,0.06480917713438608,,1.2494003600377594,13916.761821162176
ppo_markovian_mdd_static_seed_19,2022-01-21,13492.558927120577,-0.01963064132886827,0.0,1.0,0.0,-0.03230101763482393,0.08316757275211012,,1.7300526599813428,13762.730146329168
ppo_markovian_mdd_static_seed_19,2022-01-24,13549.858258893782,0.004246735706896265,0.0,1.0,0.0,-0.0076533603885095185,0.07927402774607611,,2.610788116764616,13492.558927120577
ppo_markovian_mdd_static_seed_19,2022-01-25,13384.428390544692,-0.012208974085799462,0.0,1.0,0.0,-0.02586138793094375,0.09051514728144683,,2.8552121208324053,13549.858258893782
ppo_markovian_mdd_static_seed_19,2022-01-26,13350.849598247265,-0.0025087953939929575,0.0,1.0,0.0,-0.01643147649820731,0.09279685869085348,,3.13579207924774,13384.428390544692
ppo_markovian_mdd_static_seed_19,2022-01-27,13284.923590154065,-0.004937963506221776,0.0,1.0,0.0,-0.01954168473646687,0.09727659469536776,,3.437309074752985,13350.849598247265
ppo_markovian_mdd_static_seed_19,2022-01-28,13614.860114543377,0.024835410015744408,0.0,1.0,0.0,0.01330346078326203,0.07485708879381817,,3.027389362861251,13284.923590154065
ppo_markovian_mdd_static_seed_19,2022-01-31,13860.078277639797,0.018011067394991365,0.0,1.0,0.0,0.0091216481530354,0.058194277470085126,,2.2921751003452178,13614.860114543377
ppo_markovian_mdd_static_seed_19,2022-02-01,13953.729799175992,0.006756925874457753,0.0,1.0,0.0,-0.0010403847382087165,0.05183056601481036,,1.5223006328905455,13860.078277639797
ppo_markovian_mdd_static_seed_19,2022-02-02,14089.277485002089,0.009714082741812957,0.0,1.0,0.0,0.003274208930433558,0.042619969679820235,,0.7105246965458858,13953.729799175992
ppo_markovian_mdd_static_seed_19,2022-02-03,13758.109384111123,-0.023504973994833422,0.0,1.0,0.0,-0.03355409673443269,0.06512316239566884,,0.7493661482647109,14089.277485002089
ppo_markovian_mdd_static_seed_19,2022-02-04,13822.802875567933,0.004702207959730531,0.0,1.0,0.0,-0.004417889448695495,0.06072717708851809,,1.391228873116218,13758.109384111123
ppo_markovian_mdd_static_seed_19,2022-02-07,13778.441678005247,-0.0032092765817485214,0.0,1.0,0.0,-0.012775671858804188,0.06374156336296075,,1.062966501130047,13822.802875567933
ppo_markovian_mdd_static_seed_19,2022-02-08,13891.808765050006,0.008227859847585561,0.0,1.0,0.0,-0.0002115284852812621,0.05603816016519163,,0.9569826544463482,13778.441678005247
ppo_markovian_mdd_static_seed_19,2022-02-09,14095.130763856521,0.014636106949445393,0.0,1.0,0.0,0.008196697832848977,0.04222223372117407,,0.552047459003096,13891.808765050006
ppo_markovian_mdd_static_seed_19,2022-02-10,13841.90265282567,-0.017965644680657422,0.0,1.0,0.0,-0.027043385502362727,0.059429328753173256,,0.1320802005243396,14095.130763856521
ppo_markovian_mdd_static_seed_19,2022-02-11,13568.958036151518,-0.019718721011120155,0.0,1.0,0.0,-0.0316121560349025,0.0779761794107314,,1.2541706567289637,13841.90265282567
ppo_markovian_mdd_static_seed_19,2022-02-14,13524.596838588834,-0.003269314964678527,0.0,1.0,0.0,-0.015423255704196757,0.08099056568517393,,2.207141858518654,13568.958036151518
ppo_markovian_mdd_static_seed_19,2022-02-15,13742.706216627823,0.01612686726577106,0.0,1.0,0.0,0.006072737338536822,0.06616982252198737,,2.4449454980718386,13524.596838588834
ppo_markovian_mdd_static_seed_19,2022-02-16,13758.109384111123,0.0011208249118113134,0.0,1.0,0.0,-0.008648277102829803,0.06512316239566884,,1.697847239112846,13742.706216627823
ppo_markovian_mdd_static_seed_19,2022-02-17,13464.216685292022,-0.02136141606480546,0.0,1.0,0.0,-0.03435689154061582,0.08509345549308449,,1.3018789715638073,13758.109384111123
ppo_markovian_mdd_static_seed_19,2022-02-18,13377.035170995823,-0.006475052825867911,0.0,1.0,0.0,-0.020148735468772987,0.09101752369949909,,2.329609362502605,13464.216685292022
ppo_markovian_mdd_static_seed_19,2022-02-22,13233.477537235294,-0.010731648076383271,0.0,1.0,0.0,-0.025905508099454813,0.10077240374275548,,2.209357526823967,13377.035170995823
ppo_markovian_mdd_static_seed_19,2022-02-23,12998.733415211349,-0.01773865723226875,0.0,1.0,0.0,-0.03540639694710815,0.11672349384655971,,2.465655454073319,13233.477537235294
ppo_markovian_mdd_static_seed_19,2022-02-24,13194.352890141481,0.01504911814725074,0.0,1.0,0.0,-0.0005776406161307809,0.10343096134876571,,2.996520337730776,12998.733415211349
ppo_markovian_mdd_static_seed_19,2022-02-25,13485.473131629755,0.02206400298007738,0.0,1.0,0.0,0.009276756134541814,0.0836490594081198,,2.798882301453319,13194.352890141481
ppo_markovian_mdd_static_seed_19,2022-02-28,13450.970186888719,-0.0025585268239577408,0.0,1.0,0.0,-0.01546084062767063,0.08599356786978303,,2.081681291610752,13485.473131629755
ppo_markovian_mdd_static_seed_19,2022-03-01,13246.108247387765,-0.015230272363598085,0.0,1.0,0.0,-0.030334564405948936,0.09991413477320682,,2.713946430917946,13450.970186888719
ppo_markovian_mdd_static_seed_19,2022-03-02,13489.78646978975,0.018396212521518462,0.0,1.0,0.0,0.005725654619813688,0.08335596390887987,,3.4535025933692824,13246.108247387765
ppo_markovian_mdd_static_seed_19,2022-03-03,13422.627945060161,-0.004978472037343917,0.0,1.0,0.0,-0.018178823505842937,0.08791945061075752,,2.7665963153178468,13489.78646978975
ppo_markovian_mdd_static_seed_19,2022-03-04,13313.574196175401,-0.008124619808514866,0.0,1.0,0.0,-0.022457268142084836,0.09532975830928644,,2.686480857622913,13422.627945060161
ppo_markovian_mdd_static_seed_19,2022-03-07,12921.100849409282,-0.02947918725527998,0.0,1.0,0.0,-0.04822223648474174,0.12199870176836644,,3.0092530983827364,13313.574196175401
ppo_markovian_mdd_static_seed_19,2022-03-08,12823.136929847824,-0.007581700715998729,0.0,1.0,0.0,-0.026908904636846958,0.12865544483981703,,3.9873711217771888,12921.100849409282
ppo_markovian_mdd_static_seed_19,2022-03-09,13166.935740891264,0.026810819608671155,0.0,1.0,0.0,0.010663609697574832,0.10529398315441951,,3.5725370966346115,12823.136929847824
ppo_markovian_mdd_static_seed_19,2022-03-10,13107.47974003806,-0.004515553354495161,0.0,1.0,0.0,-0.020925890647417296,0.10933407591007362,,2.887797975700156,13166.935740891264
ppo_markovian_mdd_static_seed_19,2022-03-11,12940.817355052579,-0.012715059514942006,0.0,1.0,0.0,-0.03089542963346139,0.12065894614280785,,2.3427243509747577,13107.47974003806
ppo_markovian_mdd_static_seed_19,2022-03-14,12846.241681072775,-0.007308323066848477,0.0,1.0,0.0,-0.02639797789119429,0.12708545465033919,,2.423621841905461,12940.817355052579
ppo_markovian_mdd_static_seed_19,2022-03-15,13128.736186375794,0.02199043987466287,0.0,1.0,0.0,0.005568685433918884,0.1078896798251088,,2.6072687671155883,12846.241681072775
ppo_markovian_mdd_static_seed_19,2022-03-16,13419.855487729337,0.02217420604853415,0.0,1.0,0.0,0.008715757006585815,0.08810784176752702,,2.1465726436486494,13128.736186375794
ppo_markovian_mdd_static_seed_19,2022-03-17,13587.75038935121,0.01251093216133281,0.0,1.0,0.0,0.0009284340110315634,0.07669922083742914,,1.4372489578755987,13419.855487729337
ppo_markovian_mdd_static_seed_19,2022-03-18,13694.031680905142,0.00782184603841607,0.0,1.0,0.0,-0.002630181656789133,0.06947730429566996,,1.2107138026941635,13587.75038935121
ppo_markovian_mdd_static_seed_19,2022-03-21,13690.02764707266,-0.0002923926222593298,0.0,1.0,0.0,-0.010754842717327294,0.06974938226673873,,0.8128325495862658,13694.031680905142
ppo_markovian_mdd_static_seed_19,2022-03-22,13850.220024818147,0.011701391836103525,0.0,1.0,0.0,0.0028038366762777964,0.058864155282864546,,0.7337314506852712,13690.02764707266
ppo_markovian_mdd_static_seed_19,2022-03-23,13671.851082123801,-0.01287841943122403,0.0,1.0,0.0,-0.02360973981594368,0.0709844974328911,,0.6020379841794518,13850.220024818147
ppo_markovian_mdd_static_seed_19,2022-03-24,13877.945538261141,0.015074363734608909,0.0,1.0,0.0,0.006414847598364854,0.05698017983210405,,0.7368711703114761,13671.851082123801
ppo_markovian_mdd_static_seed_19,2022-03-25,13945.71985124156,0.004883598425542646,0.0,1.0,0.0,-0.0029845151175083677,0.05237484972307663,,0.320582683445726,13877.945538261141
ppo_markovian_mdd_static_seed_19,2022-03-28,14044.916287439404,0.007113038068738531,0.0,1.0,0.0,0.00024270634608773798,0.04563435595426276,,0.1312793310317312,13945.71985124156
ppo_markovian_mdd_static_seed_19,2022-03-29,14218.663527780976,0.012370827763278136,0.0,1.0,0.0,0.007220724899815985,0.03382806294858296,,-0.1252437434845637,14044.916287439404
ppo_markovian_mdd_static_seed_19,2022-03-30,14130.86622523395,-0.0061747928963564735,0.0,1.0,0.0,-0.0121630319572167,0.039793974562147075,,-0.2838834559111311,14218.663527780976
ppo_markovian_mdd_static_seed_19,2022-03-31,13913.373575580523,-0.015391317572948537,0.0,1.0,0.0,-0.023696915034426193,0.05457281043511976,,-0.1900038492989381,14130.86622523395
ppo_markovian_mdd_static_seed_19,2022-04-01,13952.805646732382,0.0028341128726010467,0.0,1.0,0.0,-0.004953900113389061,0.05189336306706694,,0.0756146589280775,13913.373575580523
ppo_markovian_mdd_static_seed_19,2022-04-04,14072.33343668962,0.008566577431344813,0.0,1.0,0.0,0.0019643924037140246,0.04377133414860909,,-0.1289968325413248,13952.805646732382
ppo_markovian_mdd_static_seed_19,2022-04-05,13894.581222380832,-0.01263132479829887,0.0,1.0,0.0,-0.0210892435392147,0.055849769008422014,,-0.3609987514496152,14072.33343668962
ppo_markovian_mdd_static_seed_19,2022-04-06,13755.644350838344,-0.00999935653466788,0.0,1.0,0.0,-0.01984328545729011,0.06529066379039589,,0.1732569190723647,13894.581222380832
ppo_markovian_mdd_static_seed_19,2022-04-07,13824.958604513196,0.005038968143330047,0.0,1.0,0.0,-0.004060788951987755,0.06058069322196248,,0.4030437427015956,13755.644350838344
ppo_markovian_mdd_static_seed_19,2022-04-08,13787.991566634117,-0.002673934796955657,0.0,1.0,0.0,-0.01214141202551898,0.06309263919528826,,0.2787686050458334,13824.958604513196
ppo_markovian_mdd_static_seed_19,2022-04-11,13552.32329216656,-0.017092284494708787,0.0,1.0,0.0,-0.029106022657291855,0.0791065263513492,,0.1898366938173375,13787.991566634117
ppo_markovian_mdd_static_seed_19,2022-04-12,13502.108815749443,-0.003705230116974989,0.0,1.0,0.0,-0.016089908773045045,0.08251864858443789,,0.8867250240579007,13552.32329216656
ppo_markovian_mdd_static_seed_19,2022-04-13,13656.756278833276,0.01145357848867623,0.0,1.0,0.0,0.0005869522520082562,0.07201020391410305,,0.8559490190300765,13502.108815749443
ppo_markovian_mdd_static_seed_19,2022-04-14,13486.705648266141,-0.01245175846263713,0.0,1.0,0.0,-0.025064727516968408,0.08356530871075654,,0.317097676555998,13656.756278833276
ppo_markovian_mdd_static_seed_19,2022-04-18,13492.250562927793,0.0004111392957082405,0.0,1.0,0.0,-0.01206722415847602,0.08318852639721731,,0.5051039642452173,13486.705648266141
ppo_markovian_mdd_static_seed_19,2022-04-19,13710.051576774,0.01614267485104759,0.0,1.0,0.0,0.005755456768330046,0.06838873687913781,,0.3846935997359747,13492.250562927793
ppo_markovian_mdd_static_seed_19,2022-04-20,13699.88495975957,-0.0007415447679024467,0.0,1.0,0.0,-0.011103755098775443,0.06907956833702404,,0.2065783671397651,13710.051576774
ppo_markovian_mdd_static_seed_19,2022-04-21,13495.023020258619,-0.014953551807383003,0.0,1.0,0.0,-0.027516503682402677,0.08300013524044769,,-0.0267046520401094,13699.88495975957
ppo_markovian_mdd_static_seed_19,2022-04-22,13124.731212408575,-0.027439138658316153,0.0,1.0,0.0,-0.04404689634312875,0.10816182167924218,,0.4889192289287737,13495.023020258619
ppo_markovian_mdd_static_seed_19,2022-04-25,13200.822897381471,0.005797580441186945,0.0,1.0,0.0,-0.009667858568448564,0.10299131809990592,,1.6876927513864766,13124.731212408575
ppo_markovian_mdd_static_seed_19,2022-04-26,12818.516167629781,-0.028960825603343565,0.0,1.0,0.0,-0.04873388163600362,0.12896943010109968,,1.414485241765549,13200.822897381471
ppo_markovian_mdd_static_seed_19,2022-04-27,12854.559053065253,0.002811782968023202,0.0,1.0,0.0,-0.016170204876201515,0.12652028118003034,,2.7776511131524044,12818.516167629781
ppo_markovian_mdd_static_seed_19,2022-04-28,13179.258086850956,0.02525944549675363,0.0,1.0,0.0,0.00927719794483883,0.10445666782997766,,2.329425508122001,12854.559053065253
ppo_markovian_mdd_static_seed_19,2022-04-29,12692.210006239766,-0.03695565238965326,0.0,1.0,0.0,-0.05828862511492314,0.13755205591352476,,1.962649781419904,13179.258086850956
ppo_markovian_mdd_static_seed_19,2022-05-02,12768.610055405441,0.0060194441415730715,0.0,1.0,0.0,-0.013852690140063663,0.13236059868908168,,2.635011256326345,12692.210006239766
ppo_markovian_mdd_static_seed_19,2022-05-03,12827.141903815036,0.00458404228460374,0.0,1.0,0.0,-0.014683927886232209,0.12838330298568415,,2.3763922781649285,12768.610055405441
ppo_markovian_mdd_static_seed_19,2022-05-04,13217.766005559204,0.030452933683378758,0.0,1.0,0.0,0.014722444396658912,0.10184001751418155,,1.72093071753001,12827.141903815036
ppo_markovian_mdd_static_seed_19,2022-05-05,12747.969397318533,-0.03554281472701826,0.0,1.0,0.0,-0.05625431091975168,0.13376315136689695,,0.9288607664182716,13217.766005559204
ppo_markovian_mdd_static_seed_19,2022-05-06,12671.877712345638,-0.0059689259207744705,0.0,1.0,0.0,-0.0268268594070129,0.1389336549462331,,2.085069107058948,12747.969397318533
ppo_markovian_mdd_static_seed_19,2022-05-09,12266.158807310949,-0.03201726802014637,0.0,1.0,0.0,-0.05751642776330414,0.1665026468989474,,1.8588647966015772,12671.877712345638
ppo_markovian_mdd_static_seed_19,2022-05-10,12294.50010900477,0.0023105278627999493,0.0,1.0,0.0,-0.022378661508355532,0.1645768280410374,,2.727116275298084,12266.158807310949
ppo_markovian_mdd_static_seed_19,2022-05-11,12099.188058132686,-0.015886131940332615,0.0,1.0,0.0,-0.04269093966856251,0.1778484707767887,,2.3420846911819413,12294.50010900477
ppo_markovian_mdd_static_seed_19,2022-05-12,12086.557347980211,-0.0010439303936584654,0.0,1.0,0.0,-0.02785048663046153,0.1787067397463376,,2.238250561131708,12099.188058132686
ppo_markovian_mdd_static_seed_19,2022-05-13,12375.52092038849,0.02390784770955201,0.0,1.0,0.0,-0.0002341777366866929,0.15907138555531156,,2.060078956372082,12086.557347980211
ppo_markovian_mdd_static_seed_19,2022-05-16,12325.306443971373,-0.004057564666582247,0.0,1.0,0.0,-0.02843834508602552,0.16248350778840023,,1.4839876916571286,12375.52092038849
ppo_markovian_mdd_static_seed_19,2022-05-17,12578.842919195007,0.020570399314302268,0.0,1.0,0.0,-0.0014266328589400863,0.14525545911129387,,1.2043219997061985,12325.306443971373
ppo_markovian_mdd_static_seed_19,2022-05-18,12071.769968747738,-0.04031157346543279,0.0,1.0,0.0,-0.06810333636283787,0.1797115564655066,,0.9351460084910984,12578.842919195007
ppo_markovian_mdd_static_seed_19,2022-05-19,11997.834952854842,-0.006124621002910446,0.0,1.0,0.0,-0.03385378027209295,0.18473551229522267,,1.8503752790209056,12071.769968747738
ppo_markovian_mdd_static_seed_19,2022-05-20,12003.072443458448,0.0004365363104414932,0.0,1.0,0.0,-0.02722050190537229,0.18437961974372602,,1.5291664185750724,11997.834952854842
ppo_markovian_mdd_static_seed_19,2022-05-23,12227.650888602697,0.01871007995678986,0.0,1.0,0.0,-0.006830695095529284,0.16911929721474378,,1.530332507264872,12003.072443458448
ppo_markovian_mdd_static_seed_19,2022-05-24,12134.307731259285,-0.007633776773134482,0.0,1.0,0.0,-0.033982371439944106,0.17546205502491147,,1.3390121135349409,12227.650888602697
ppo_markovian_mdd_static_seed_19,2022-05-25,12241.513175256827,0.008834904007038569,0.0,1.0,0.0,-0.016430496613447254,0.16817734143089572,,1.5079009564998824,12134.307731259285
ppo_markovian_mdd_static_seed_19,2022-05-26,12486.115550102419,0.01998138394687965,0.0,1.0,0.0,-0.002949079929990186,0.1515563735143123,,1.2939275980678984,12241.513175256827
ppo_markovian_mdd_static_seed_19,2022-05-27,12792.638959073995,0.02454914082298898,0.0,1.0,0.0,0.00464348149361524,0.13072781144734774,,1.1217416198572123,12486.115550102419
ppo_markovian_mdd_static_seed_19,2022-05-31,12720.859672126364,-0.005610983564631633,0.0,1.0,0.0,-0.0259675767771909,0.13560528341050807,,0.78193854880351,12792.638959073995
ppo_markovian_mdd_static_seed_19,2022-06-01,12617.96662615408,-0.00808852928373549,0.0,1.0,0.0,-0.02951096371750253,0.14259696538834837,,0.8633653914719718,12720.859672126364
ppo_markovian_mdd_static_seed_19,2022-06-02,12858.256602974412,0.019043478552421167,0.0,1.0,0.0,-7.593316982697912e-05,0.12626902908794055,,0.7636332585931843,12617.96662615408
ppo_markovian_mdd_static_seed_19,2022-06-03,12647.233020426247,-0.016411523666384986,0.0,1.0,0.0,-0.037638927353594503,0.1406082855951173,,0.5771355736797558,12858.256602974412
ppo_markovian_mdd_static_seed_19,2022-06-06,12685.740939134499,0.003044770239154948,0.0,1.0,0.0,-0.017658600978106547,0.13799163527932093,,0.5847433241716076,12647.233020426247
ppo_markovian_mdd_static_seed_19,2022-06-07,12807.425398171734,0.009592223238758413,0.0,1.0,0.0,-0.009911948830766662,0.12972305861124311,,0.631541481906686,12685.740939134499
ppo_markovian_mdd_static_seed_19,2022-06-08,12668.1811025712,-0.010872153557139663,0.0,1.0,0.0,-0.03180941379194528,0.13918484315525956,,0.4296956319911874,12807.425398171734
ppo_markovian_mdd_static_seed_19,2022-06-09,12366.89518420323,-0.023782886898168765,0.0,1.0,0.0,-0.0480188922598221,0.15965751267072745,,0.4141778337631167,12668.1811025712
ppo_markovian_mdd_static_seed_19,2022-06-10,12008.308993927318,-0.028995652096570623,0.0,1.0,0.0,-0.05702790160370769,0.18402379107529385,,0.8081842687611117,12366.89518420323
ppo_markovian_mdd_static_seed_19,2022-06-13,11552.37561247551,-0.037968158687653464,0.0,1.0,0.0,-0.07095846557607417,0.21500490526109697,,1.111947474026112,12008.308993927318
ppo_markovian_mdd_static_seed_19,2022-06-14,11517.564303541692,-0.003013346354166613,0.0,1.0,0.0,-0.0356234507287867,0.21737036736786713,,2.2610663702361435,11552.37561247551
ppo_markovian_mdd_static_seed_19,2022-06-15,11681.762595389131,0.014256338190961726,0.0,1.0,0.0,-0.01677626797141888,0.20621293464679533,,1.9884957765763485,11517.564303541692
ppo_markovian_mdd_static_seed_19,2022-06-16,11295.142527477443,-0.03309603878307621,0.0,1.0,0.0,-0.06852872600138872,0.2324841421472293,,1.4060008819590597,11681.762595389131
ppo_markovian_mdd_static_seed_19,2022-06-17,11270.805259616101,-0.0021546667341414416,0.0,1.0,0.0,-0.03727767382342786,0.23413788303407063,,1.9976200330633085,11295.142527477443
ppo_markovian_mdd_static_seed_19,2022-06-21,11554.532281555512,0.025173624723693777,0.0,1.0,0.0,-0.007366765406876408,0.2148583575114766,,1.646668201598336,11270.805259616101
ppo_markovian_mdd_static_seed_19,2022-06-22,11533.584199410558,-0.0018129753446094465,0.0,1.0,0.0,-0.034256890766158406,0.21628179995133448,,1.4613449837240462,11554.532281555512
ppo_markovian_mdd_static_seed_19,2022-06-23,11646.642922262534,0.0098025662185528,0.0,1.0,0.0,-0.02153506980667298,0.20859935039867245,,1.2251902060221345,11533.584199410558
ppo_markovian_mdd_static_seed_19,2022-06-24,12016.934730112576,0.03179386629448655,0.0,1.0,0.0,0.003783255551599859,0.18343766395987807,,1.2332999117826624,11646.642922262534
ppo_markovian_mdd_static_seed_19,2022-06-27,11971.033591855456,-0.0038197043828572808,0.0,1.0,0.0,-0.031810521687759594,0.18655669069372668,,0.8948603384590061,12016.934730112576
ppo_markovian_mdd_static_seed_19,2022-06-28,11726.431217009862,-0.02043285343481205,0.0,1.0,0.0,-0.051121140859959474,0.20317765861031023,,0.8369780813194766,11971.033591855456
ppo_markovian_mdd_static_seed_19,2022-06-29,11716.881328380994,-0.000814390026440015,0.0,1.0,0.0,-0.031388709238847956,0.20382658277798257,,1.0857298341303832,11726.431217009862
ppo_markovian_mdd_static_seed_19,2022-06-30,11621.689866150364,-0.008124300277758567,0.0,1.0,0.0,-0.039701722451556246,0.21029493469266344,,1.0410010570893526,11716.881328380994
ppo_markovian_mdd_static_seed_19,2022-07-01,11744.606841823988,0.010576514869118592,0.0,1.0,0.0,-0.019770416293042832,0.20194260732722208,,1.132552366241277,11621.689866150364
ppo_markovian_mdd_static_seed_19,2022-07-05,11766.787440605329,0.00188857737683934,0.0,1.0,0.0,-0.028178515871745472,0.20043541419000097,,0.7587429282238657,11744.606841823988
ppo_markovian_mdd_static_seed_19,2022-07-06,11806.52787594997,0.0033773394433473936,0.0,1.0,0.0,-0.026288602935356217,0.19773501317684108,,0.9054324393983412,11766.787440605329
ppo_markovian_mdd_static_seed_19,2022-07-07,11983.35593781515,0.014977143468688947,0.0,1.0,0.0,-0.012991812815253063,0.18571937536928473,,0.7503615822287254,11806.52787594997
ppo_markovian_mdd_static_seed_19,2022-07-08,11973.498625128233,-0.0008225836516972951,0.0,1.0,0.0,-0.02878130055412588,0.18638918929899978,,0.6249605595354227,11983.35593781515
ppo_markovian_mdd_static_seed_19,2022-07-11,11836.718422665745,-0.0114235785834087,0.0,1.0,0.0,-0.040841859322276144,0.19568353633135355,,0.3558884717944307,11973.498625128233
ppo_markovian_mdd_static_seed_19,2022-07-12,11731.976131671512,-0.008848929851508869,0.0,1.0,0.0,-0.03930844558714527,0.20280087629677113,,0.6318556944192438,11836.718422665745
ppo_markovian_mdd_static_seed_19,2022-07-13,11670.36346173831,-0.005251687289652196,0.0,1.0,0.0,-0.03631365339151859,0.2069875168020452,,0.8318379949970478,11731.976131671512
ppo_markovian_mdd_static_seed_19,2022-07-14,11642.022160044487,-0.002428484921377261,0.0,1.0,0.0,-0.0337684388226176,0.20891333565995532,,0.7386076448685983,11670.36346173831
ppo_markovian_mdd_static_seed_19,2022-07-15,11864.443936108737,0.019105080973613298,0.0,1.0,0.0,-0.01014506354613966,0.1937995608805932,,0.6547746047027228,11642.022160044487
ppo_markovian_mdd_static_seed_19,2022-07-18,11766.480016547283,-0.008256933075751371,0.0,1.0,0.0,-0.03835965595437367,0.20045630395204353,,0.247388694949008,11864.443936108737
ppo_markovian_mdd_static_seed_19,2022-07-19,12084.40067890021,0.027019181769385003,0.0,1.0,0.0,-0.00016738487490170623,0.17885328749595783,,0.4417388130979574,11766.480016547283
ppo_markovian_mdd_static_seed_19,2022-07-20,12161.416516316713,0.006373161521445958,0.0,1.0,0.0,-0.019690059225812552,0.17361998686436522,,0.29130534080969,12084.40067890021
ppo_markovian_mdd_static_seed_19,2022-07-21,12285.25858456868,0.010183194374258298,0.0,1.0,0.0,-0.014649024810266312,0.16520479856360296,,0.1729648417697721,12161.416516316713
ppo_markovian_mdd_static_seed_19,2022-07-22,12171.274769138363,-0.009278096561475047,0.0,1.0,0.0,-0.03526392255257666,0.1729501090515858,,0.0257702530926703,12285.25858456868
ppo_markovian_mdd_static_seed_19,2022-07-25,12186.062148370838,0.001214940876199,0.0,1.0,0.0,-0.024577590417090157,0.17194529233241668,,0.0069057628723514,12171.274769138363
ppo_markovian_mdd_static_seed_19,2022-07-26,12041.888726359479,-0.011831009907547041,0.0,1.0,0.0,-0.03916285562411371,0.18174201578282284,,0.0641696281753185,12186.062148370838
ppo_markovian_mdd_static_seed_19,2022-07-27,12354.572838243535,0.025966367817333857,0.0,1.0,0.0,0.0015607421068968529,0.16049482799516943,,0.3086476332459689,12041.888726359479
ppo_markovian_mdd_static_seed_19,2022-07-28,12509.528665520154,0.0125423864754719,0.0,1.0,0.0,-0.010030432143989375,0.14996542967972726,,0.0336110239375911,12354.572838243535
ppo_markovian_mdd_static_seed_19,2022-07-29,12691.901642046982,0.014578724858715031,0.0,1.0,0.0,-0.006162474497167619,0.13757300955863194,,-0.1405821009893909,12509.528665520154
ppo_markovian_mdd_static_seed_19,2022-08-01,12654.317875782339,-0.002961239956361772,0.0,1.0,0.0,-0.02398466252564357,0.14012686282217174,,-0.3320774923526572,12691.901642046982
ppo_markovian_mdd_static_seed_19,2022-08-02,12570.832971260574,-0.006597345296781021,0.0,1.0,0.0,-0.02848916539472427,0.14579974281956026,,-0.050933534019929,12654.317875782339
ppo_markovian_mdd_static_seed_19,2022-08-03,12767.685902961832,0.01565949783529086,0.0,1.0,0.0,-0.004325356302741029,0.13242339574133824,,0.151685938430985,12570.832971260574
ppo_markovian_mdd_static_seed_19,2022-08-04,12759.060166776571,-0.0006755911956809468,0.0,1.0,0.0,-0.020627247938763246,0.13300952285675416,,-0.2258746170516185,12767.685902961832
ppo_markovian_mdd_static_seed_19,2022-08-05,12737.495356246056,-0.001690156661120601,0.0,1.0,0.0,-0.021862817475340707,0.1344748725868259,,-0.3255979134808168,12759.060166776571
ppo_markovian_mdd_static_seed_19,2022-08-08,12722.707977013582,-0.0011609330420853103,0.0,1.0,0.0,-0.02148356084275837,0.1354796893059949,,-0.3843515708456047,12737.495356246056
ppo_markovian_mdd_static_seed_19,2022-08-09,12672.186076538419,-0.003971002129927292,0.0,1.0,0.0,-0.02481581268913931,0.13891270130112618,,-0.3628127454268405,12722.707977013582
ppo_markovian_mdd_static_seed_19,2022-08-10,12938.352321779794,0.021003972292843898,0.0,1.0,0.0,0.002662462634774449,0.12082644753753526,,-0.2758938046126559,12672.186076538419
ppo_markovian_mdd_static_seed_19,2022-08-11,12938.352321779794,0.0,0.0,1.0,0.0,-0.01812396713063029,0.12082644753753526,,-0.6677997799058171,12938.352321779794
ppo_markovian_mdd_static_seed_19,2022-08-12,13157.38585226239,0.016929012677594724,0.0,1.0,0.0,0.0008958778215964469,0.10594290732209223,,-0.5844353283642059,12938.352321779794
ppo_markovian_mdd_static_seed_19,2022-08-15,13211.604362511991,0.004120766150540245,0.0,1.0,0.0,-0.011226507021316307,0.10225870711793465,,-0.7186028044930198,13157.38585226239
ppo_markovian_mdd_static_seed_19,2022-08-16,13237.482511202503,0.0019587438421893033,0.0,1.0,0.0,-0.013118211278475275,0.10050026188862284,,-0.643424960724028,13211.604362511991
ppo_markovian_mdd_static_seed_19,2022-08-17,13143.522625473526,-0.00709801774238128,0.0,1.0,0.0,-0.023156067560644235,0.10688492698900466,,-0.6984959953479226,13237.482511202503
ppo_markovian_mdd_static_seed_19,2022-08-18,13181.72312012373,0.002906412210693654,0.0,1.0,0.0,-0.012741178204648101,0.104289166435251,,-0.6601223094973319,13143.522625473526
ppo_markovian_mdd_static_seed_19,2022-08-19,13004.586694065772,-0.013438032679318979,0.0,1.0,0.0,-0.030978003847850544,0.11632575788791416,,-0.7240709405322424,13181.72312012373
ppo_markovian_mdd_static_seed_19,2022-08-22,12733.79874647162,-0.020822495475209313,0.0,1.0,0.0,-0.04125124992761495,0.1347260607958521,,-0.5210626534907583,13004.586694065772
ppo_markovian_mdd_static_seed_19,2022-08-23,12702.99241150502,-0.0024192572522898637,0.0,1.0,0.0,-0.022945095540784225,0.13681938104848912,,0.0963959823881194,12733.79874647162
ppo_markovian_mdd_static_seed_19,2022-08-24,12743.65699929327,0.003201181774415529,0.0,1.0,0.0,-0.0169123585468354,0.13405618298307279,,0.1517433401755043,12702.99241150502
ppo_markovian_mdd_static_seed_19,2022-08-25,12923.565882682055,0.014117523988503633,0.0,1.0,0.0,-0.004255880233766373,0.1218312003736399,,-0.1044849307339439,12743.65699929327
ppo_markovian_mdd_static_seed_19,2022-08-26,12486.115550102422,-0.033849042636585946,0.0,1.0,0.0,-0.05716864244319787,0.15155637351431206,,-0.3127380609585847,12923.565882682055
ppo_markovian_mdd_static_seed_19,2022-08-29,12403.554798024266,-0.006612204712255654,0.0,1.0,0.0,-0.030209130651800482,0.157166456459444,,0.4241684437972159,12486.115550102422
ppo_markovian_mdd_static_seed_19,2022-08-30,12267.390383812604,-0.010977854044983193,0.0,1.0,0.0,-0.036001399352838644,0.16641896008464824,,0.5459400559912172,12403.554798024266
ppo_markovian_mdd_static_seed_19,2022-08-31,12174.047226469193,-0.00760904759879355,0.0,1.0,0.0,-0.033552401777408355,0.17276171789481595,,0.5399917172246588,12267.390383812604
ppo_markovian_mdd_static_seed_19,2022-09-01,12212.247721119396,0.0031378631887633013,0.0,1.0,0.0,-0.022391943230607003,0.1701659573410623,,0.4669696717099568,12174.047226469193
ppo_markovian_mdd_static_seed_19,2022-09-02,12083.476526456605,-0.010544430280438832,0.0,1.0,0.0,-0.0374378293786637,0.17891608454821417,,0.3996118687200717,12212.247721119396
ppo_markovian_mdd_static_seed_19,2022-09-06,12037.883752392265,-0.003773150381391921,0.0,1.0,0.0,-0.031082410315350827,0.18201415763695583,,0.3759336506142725,12083.476526456605
ppo_markovian_mdd_static_seed_19,2022-09-07,12254.143885409303,0.017964962734754897,0.0,1.0,0.0,-0.00729236107899554,0.16731907246134667,,0.6577104995912809,12037.883752392265
ppo_markovian_mdd_static_seed_19,2022-09-08,12334.240544349415,0.006536291697658347,0.0,1.0,0.0,-0.017766441281476635,0.16187642702787727,,0.1975666777226014,12254.143885409303
ppo_markovian_mdd_static_seed_19,2022-09-09,12525.855985447066,0.01553524437995768,0.0,1.0,0.0,-0.006912588008836488,0.14885597250115204,,-0.0141139881706934,12334.240544349415
ppo_markovian_mdd_static_seed_19,2022-09-12,12660.479518829556,0.010747651381183054,0.0,1.0,0.0,-0.010265920086409488,0.13970817321841839,,-0.1829840502824177,12525.855985447066
ppo_markovian_mdd_static_seed_19,2022-09-13,12109.970463397947,-0.043482480629019826,0.0,1.0,0.0,-0.07102354353403026,0.17711579591175258,,0.0328623200643394,12660.479518829556
ppo_markovian_mdd_static_seed_19,2022-09-14,12156.17996584785,0.003815822886568565,0.0,1.0,0.0,-0.022287811228240733,0.1739758155327969,,0.7141363742818002,12109.970463397947
ppo_markovian_mdd_static_seed_19,2022-09-15,12018.167246748972,-0.011353296799374357,0.0,1.0,0.0,-0.03892132445786043,0.18335391326251418,,0.4847760263624702,12156.17996584785
ppo_markovian_mdd_static_seed_19,2022-09-16,11877.690434512047,-0.011688705054002657,0.0,1.0,0.0,-0.04069247227955466,0.19289944850389415,,0.5015738728030542,12018.167246748972
ppo_markovian_mdd_static_seed_19,2022-09-19,11969.801075219071,0.007754928554071894,0.0,1.0,0.0,-0.020271052553961964,0.18664044139108985,,0.5023565770344456,11877.690434512047
ppo_markovian_mdd_static_seed_19,2022-09-20,11832.405084505754,-0.011478552554876398,0.0,1.0,0.0,-0.040941434421264564,0.19597663183059325,,0.3888168052920775,11969.801075219071
ppo_markovian_mdd_static_seed_19,2022-09-21,11626.003204310366,-0.017443780763191308,0.0,1.0,0.0,-0.049097992157509374,0.210001839193423,,0.6718287861658783,11832.405084505754
ppo_markovian_mdd_static_seed_19,2022-09-22,11528.346708806956,-0.008399833871300166,0.0,1.0,0.0,-0.04093096516053803,0.21663769250283088,,0.8363724335067033,11626.003204310366
ppo_markovian_mdd_static_seed_19,2022-09-23,11335.19132701487,-0.016754820675589643,0.0,1.0,0.0,-0.051361188603028074,0.2297627874889621,,0.7011433702337387,11528.346708806956
ppo_markovian_mdd_static_seed_19,2022-09-26,11223.055816471768,-0.009892687940419087,0.0,1.0,0.0,-0.045549321289011596,0.23738250387243204,,1.2125229680918972,11335.19132701487
ppo_markovian_mdd_static_seed_19,2022-09-27,11194.406150585164,-0.0025527509044867003,0.0,1.0,0.0,-0.03845540618506434,0.2393292763754491,,1.671057336516146,11223.055816471768
ppo_markovian_mdd_static_seed_19,2022-09-28,11414.671257569418,0.019676354781243965,0.0,1.0,0.0,-0.014169029689803797,0.2243620493457068,,1.72230389691595,11194.406150585164
ppo_markovian_mdd_static_seed_19,2022-09-29,11176.230525771038,-0.020888970555351105,0.0,1.0,0.0,-0.05719488095368569,0.24056432765853725,,1.225634194928241,11414.671257569418
ppo_markovian_mdd_static_seed_19,2022-09-30,11003.406497738342,-0.015463534653672784,0.0,1.0,0.0,-0.053430525255229254,0.2523078874950247,,1.544554640243038,11176.230525771038
ppo_markovian_mdd_static_seed_19,2022-10-03,11293.910010841057,0.02640123430525132,0.0,1.0,0.0,-0.008826447050395012,0.23256789284459253,,1.4873554313287944,11003.406497738342
ppo_markovian_mdd_static_seed_19,2022-10-04,11643.87046493171,0.030986651545366062,0.0,1.0,0.0,-0.000801903377006058,0.2087877415554419,,1.1752781306362612,11293.910010841057
ppo_markovian_mdd_static_seed_19,2022-10-05,11616.760739739544,-0.0023282400189708063,0.0,1.0,0.0,-0.03392543562387952,0.21062987359905277,,0.964158015067476,11643.87046493171
ppo_markovian_mdd_static_seed_19,2022-10-06,11496.924585589528,-0.010315797736977661,0.0,1.0,0.0,-0.043185302778373374,0.21877285616261744,,0.8546461573225558,11616.760739739544
ppo_markovian_mdd_static_seed_19,2022-10-07,11176.230525771038,-0.027893899575583414,0.0,1.0,0.0,-0.06437497281240681,0.24056432765853725,,1.2347919559628366,11496.924585589528
ppo_markovian_mdd_static_seed_19,2022-10-10,11090.896376227322,-0.00763532474987394,0.0,1.0,0.0,-0.04461905291849939,0.24636286564350315,,1.388676280273794,11176.230525771038
ppo_markovian_mdd_static_seed_19,2022-10-11,11020.65797010886,-0.006332978303630554,0.0,1.0,0.0,-0.044023461669312466,0.25113563326419314,,1.5888020029971168,11090.896376227322
ppo_markovian_mdd_static_seed_19,2022-10-12,10984.306720480605,-0.0032984645496529907,0.0,1.0,0.0,-0.04134477685035899,0.25360573583036955,,1.8012870788684383,11020.65797010886
ppo_markovian_mdd_static_seed_19,2022-10-13,11274.194445332492,0.026391080677980572,0.0,1.0,0.0,-0.009037293314967585,0.2339075845870869,,1.770574000229859,10984.306720480605
ppo_markovian_mdd_static_seed_19,2022-10-14,11017.269724527205,-0.022788743093893893,0.0,1.0,0.0,-0.06075730028722885,0.2513658678281124,,1.4403821838964752,11274.194445332492
ppo_markovian_mdd_static_seed_19,2022-10-17,11300.380018081052,0.02569695583685072,0.0,1.0,0.0,-0.009446899000952767,0.2321282495957324,,1.44466259855168,11017.269724527205
ppo_markovian_mdd_static_seed_19,2022-10-18,11433.155246576323,0.011749625081884485,0.0,1.0,0.0,-0.02178477245284618,0.22310604441751186,,1.3088618186108631,11300.380018081052
ppo_markovian_mdd_static_seed_19,2022-10-19,11352.134435192604,-0.007086478722309053,0.0,1.0,0.0,-0.04140343010555375,0.2286114869032377,,1.131349809748192,11433.155246576323
ppo_markovian_mdd_static_seed_19,2022-10-20,11256.942972961973,-0.008385336059404724,0.0,1.0,0.0,-0.04368266659198425,0.23507983881791858,,1.1745698471454054,11352.134435192604
ppo_markovian_mdd_static_seed_19,2022-10-21,11530.503377886951,0.02430148270112431,0.0,1.0,0.0,-0.008462771727440699,0.21649114475321105,,1.0149045435710684,11256.942972961973
ppo_markovian_mdd_static_seed_19,2022-10-24,11671.595978374702,0.012236464954195947,0.0,1.0,0.0,-0.01887336032298057,0.20690376610468156,,0.951683440069362,11530.503377886951
ppo_markovian_mdd_static_seed_19,2022-10-25,11857.974869003481,0.015968586556123432,0.0,1.0,0.0,-0.013293441102635358,0.1942391402463886,,0.977075355560386,11671.595978374702
ppo_markovian_mdd_static_seed_19,2022-10-26,11768.63574549255,-0.007534096209333541,0.0,1.0,0.0,-0.037609093887030556,0.20030982008548767,,0.6941810993608485,11857.974869003481
ppo_markovian_mdd_static_seed_19,2022-10-27,11705.791499057692,-0.00533997718970336,0.0,1.0,0.0,-0.036041307939927006,0.20458014740506092,,0.451286305536192,11768.63574549255
ppo_markovian_mdd_static_seed_19,2022-10-28,11984.28009025876,0.023790667313994707,0.0,1.0,0.0,-0.004336407479350286,0.18565657831702803,,0.4674180445892433,11705.791499057692
ppo_markovian_mdd_static_seed_19,2022-10-31,11897.714364213389,-0.007223272936998093,0.0,1.0,0.0,-0.035980307551308016,0.1915388031162931,,0.1281873335430924,11984.28009025876
ppo_markovian_mdd_static_seed_19,2022-11-01,11845.651582909053,-0.004375864112264538,0.0,1.0,0.0,-0.03364694414565298,0.19507651945389495,,0.147880197791159,11897.714364213389
ppo_markovian_mdd_static_seed_19,2022-11-02,11548.370638508297,-0.025096208707478307,0.0,1.0,0.0,-0.05770804551774505,0.21527704711522985,,0.1266596369249917,11845.651582909053
ppo_markovian_mdd_static_seed_19,2022-11-03,11429.458636801888,-0.010296863984421645,0.0,1.0,0.0,-0.04385382832579132,0.22335723262653806,,0.1298591553747276,11548.370638508297
ppo_markovian_mdd_static_seed_19,2022-11-04,11593.96435270737,0.014393132792465568,0.0,1.0,0.0,-0.017536301567119647,0.2121789101434239,,0.0049088258900947,11429.458636801888
ppo_markovian_mdd_static_seed_19,2022-11-07,11704.867346614084,0.009565580032236065,0.0,1.0,0.0,-0.021176322123009114,0.20464294445731737,,-0.161576694434182,11593.96435270737
ppo_markovian_mdd_static_seed_19,2022-11-08,11768.019957241722,0.00539541446797398,0.0,1.0,0.0,-0.024671838161107726,0.2003516634926372,,-0.2120219917942902,11704.867346614084
ppo_markovian_mdd_static_seed_19,2022-11-09,11525.574251476128,-0.02060208145860598,0.0,1.0,0.0,-0.05334117750363795,0.21682608365960063,,0.0349727644108438,11768.019957241722
ppo_markovian_mdd_static_seed_19,2022-11-10,12158.952423178676,0.054954153075837286,0.0,1.0,0.0,0.027429195527197397,0.1737874243760273,,0.1466916431499088,11525.574251476128
ppo_markovian_mdd_static_seed_19,2022-11-11,12276.632848383428,0.009678500343534235,0.0,1.0,0.0,-0.015236675163683074,0.16579092567901835,,-0.4112346948645904,12158.952423178676
ppo_markovian_mdd_static_seed_19,2022-11-14,12172.198921581978,-0.00850672396016161,0.0,1.0,0.0,-0.03447620944897475,0.17288731199932886,,-0.6372142368483097,12276.632848383428
ppo_markovian_mdd_static_seed_19,2022-11-15,12276.016119997867,0.008529042212070292,0.0,1.0,0.0,-0.01638204951401127,0.16583283296923224,,-0.3832722323780335,12172.198921581978
ppo_markovian_mdd_static_seed_19,2022-11-16,12182.365538596408,-0.007628743762310597,0.0,1.0,0.0,-0.03348746355302731,0.17219648054144251,,-0.2143042485518335,12276.016119997867
ppo_markovian_mdd_static_seed_19,2022-11-17,12145.08919638981,-0.0030598607543418366,0.0,1.0,0.0,-0.029273968306238053,0.17472944404293983,,-0.3186477857824856,12182.365538596408
ppo_markovian_mdd_static_seed_19,2022-11-18,12200.23279921775,0.004540403280391958,0.0,1.0,0.0,-0.021117230691430032,0.17098238290346154,,-0.3672624092944041,12145.08919638981
ppo_markovian_mdd_static_seed_19,2022-11-21,12155.871601655066,-0.0036360943510461707,0.0,1.0,0.0,-0.029742236387112604,0.17399676917790408,,-0.5570648419748447,12200.23279921775
ppo_markovian_mdd_static_seed_19,2022-11-22,12319.45316511694,0.01345699994392846,0.0,1.0,0.0,-0.01106492783988987,0.1628812437470464,,-0.7361085110098488,12155.871601655066
ppo_markovian_mdd_static_seed_19,2022-11-23,12397.085730919007,0.006301624330362854,0.0,1.0,0.0,-0.017359053256790602,0.1576060358252397,,-0.982864703541395,12319.45316511694
ppo_markovian_mdd_static_seed_19,2022-11-25,12394.312333453447,-0.0002237136634978265,0.0,1.0,0.0,-0.023892912320893245,0.15779449086507366,,-1.19869807487687,12397.085730919007
ppo_markovian_mdd_static_seed_19,2022-11-28,12196.536189443317,-0.015957008238070003,0.0,1.0,0.0,-0.04177072773620312,0.17123357111248763,,-1.1691166224702634,12394.312333453447
ppo_markovian_mdd_static_seed_19,2022-11-29,12175.588107298365,-0.0017175435565947028,0.0,1.0,0.0,-0.027617572258452024,0.17265701355234536,,-0.7731840153922894,12196.536189443317
ppo_markovian_mdd_static_seed_19,2022-11-30,12559.126413551712,0.03150059798946758,0.0,1.0,0.0,0.009025351046508069,0.14659521473685233,,-0.8445744561098272,12175.588107298365
ppo_markovian_mdd_static_seed_19,2022-12-01,12549.884889115625,-0.0007358413421267862,0.0,1.0,0.0,-0.02281958999516334,0.14722318525941774,,-1.1344074759529124,12559.126413551712
ppo_markovian_mdd_static_seed_19,2022-12-02,12535.405874075934,-0.0011537169597666264,0.0,1.0,0.0,-0.023385440253533465,0.1482070483334797,,-1.2922182733203118,12549.884889115625
ppo_markovian_mdd_static_seed_19,2022-12-05,12309.903276488076,-0.017989253786685366,0.0,1.0,0.0,-0.04268255268400711,0.1635301679147185,,-1.4561488778144311,12535.405874075934
ppo_markovian_mdd_static_seed_19,2022-12-06,12132.458486237338,-0.014414799715742554,0.0,1.0,0.0,-0.04085785921285113,0.17558771301248863,,-1.0650943966094994,12309.903276488076
ppo_markovian_mdd_static_seed_19,2022-12-07,12111.818768285166,-0.0017011983165312605,0.0,1.0,0.0,-0.028251177268702275,0.17699020180723943,,-0.7383383577221311,12132.458486237338
ppo_markovian_mdd_static_seed_19,2022-12-08,12206.701866323016,0.007833926502128774,0.0,1.0,0.0,-0.017778019909381042,0.17054280353766552,,-0.6239226376501441,12111.818768285166
ppo_markovian_mdd_static_seed_19,2022-12-09,12115.515378059601,-0.007470198687737906,0.0,1.0,0.0,-0.03400909240021491,0.17673901359821323,,-0.7159079530461435,12206.701866323016
ppo_markovian_mdd_static_seed_19,2022-12-12,12290.187710979515,0.014417243300787197,0.0,1.0,0.0,-0.01041617587016131,0.16486985965721263,,-0.5949742747398588,12115.515378059601
ppo_markovian_mdd_static_seed_19,2022-12-13,12383.222504130144,0.007569843141412402,0.0,1.0,0.0,-0.016240872670582204,0.15854805549215198,,-0.108280319511607,12290.187710979515
ppo_markovian_mdd_static_seed_19,2022-12-14,12304.049997633643,-0.006393530155021865,0.0,1.0,0.0,-0.031003241886429476,0.16392790387336467,,-0.6706728289045408,12383.222504130144
ppo_markovian_mdd_static_seed_19,2022-12-15,12003.072443458452,-0.024461665405543398,0.0,1.0,0.0,-0.05242276527237853,0.18437961974372577,,-0.99175622944707,12304.049997633643
ppo_markovian_mdd_static_seed_19,2022-12-16,11807.143664200805,-0.01632321892420352,0.0,1.0,0.0,-0.04611188587137481,0.19769316976969106,,-0.6107970769967433,12003.072443458452
ppo_markovian_mdd_static_seed_19,2022-12-19,11707.023075559351,-0.008479662100243535,0.0,1.0,0.0,-0.039190288067359275,0.20449646059076151,,-0.661907577685417,11807.143664200805
ppo_markovian_mdd_static_seed_19,2022-12-20,11723.042971428215,0.001368400469142994,0.0,1.0,0.0,-0.029143718913669937,0.20340789317422897,,-0.7090496312935853,11707.023075559351
ppo_markovian_mdd_static_seed_19,2022-12-21,11898.331092598955,0.014952442091866303,0.0,1.0,0.0,-0.01388277805979993,0.19149689582607884,,-0.9228692677723788,11723.042971428215
ppo_markovian_mdd_static_seed_19,2022-12-22,11728.587886089867,-0.014266135745262032,0.0,1.0,0.0,-0.044823541991040355,0.20303111086068976,,-1.2444585237730037,11898.331092598955
ppo_markovian_mdd_static_seed_19,2022-12-23,11796.053834877503,0.005752265272075174,0.0,1.0,0.0,-0.02403122599306322,0.19844673439676938,,-0.8147481318063508,11728.587886089867
ppo_markovian_mdd_static_seed_19,2022-12-27,11749.535968234819,-0.0039435108803203,0.0,1.0,0.0,-0.034192457285340046,0.201607668420832,,-1.0745964053966588,11796.053834877503
ppo_markovian_mdd_static_seed_19,2022-12-28,11603.514241336245,-0.012427871814967628,0.0,1.0,0.0,-0.04423524157056856,0.21152998597575107,,-0.902500771192736,11749.535968234819
ppo_markovian_mdd_static_seed_19,2022-12-29,11812.381154804414,0.018000315173837933,0.0,1.0,0.0,-0.011760363853426471,0.19733727721819416,,-0.7974663145748441,11603.514241336245
ppo_markovian_mdd_static_seed_19,2022-12-30,11781.266455645033,-0.002634075107433076,0.0,1.0,0.0,-0.03255528305476667,0.19945155111593815,,-0.9710910182648248,11812.381154804414
