"date","open","high","low","close","volume","vix_close"
"2010-12-31","54.59000015258789","54.619998931884766","54.209999084472656","54.459999084472656","38540100","17.75"
"2011-01-03","54.970001220703125","55.68999862670898","54.95000076293945","55.310001373291016","90994300","17.610000610351562"
"2011-01-04","55.5099983215332","55.54999923706055","54.91999816894531","55.27000045776367","43851500","17.3799991607666"
"2011-01-05","55.09999847412109","55.7599983215332","55.06999969482422","55.7400016784668","43787400","17.020000457763672"
"2011-01-06","55.79999923706055","55.959999084472656","55.68000030517578","55.91999816894531","46139600","17.399999618530273"
"2011-01-07","56.02000045776367","56.04999923706055","55.31999969482422","55.869998931884766","72261700","17.139999389648438"
"2011-01-10","55.75","56.18000030517578","55.58000183105469","56.08000183105469","55551800","17.540000915527344"
"2011-01-11","56.310001373291016","56.36000061035156","55.95000076293945","56.15999984741211","56663800","16.889999389648438"
"2011-01-12","56.43000030517578","56.560001373291016","56.20000076293945","56.560001373291016","51979300","16.239999771118164"
"2011-01-13","56.59999847412109","56.72999954223633","56.40999984741211","56.58000183105469","47364500","16.389999389648438"
"2011-01-14","56.59999847412109","57.02000045776367","56.459999084472656","57.0","43867400","15.460000038146973"
"2011-01-18","56.56999969482422","57.22999954223633","56.4900016784668","57.15999984741211","65805600","15.869999885559082"
"2011-01-19","57.2599983215332","57.2599983215332","56.31999969482422","56.5099983215332","67767200","17.309999465942383"
"2011-01-20","56.27000045776367","56.34999847412109","55.68000030517578","56.11000061035156","92357800","17.989999771118164"
"2011-01-21","56.38999938964844","56.4900016784668","55.650001525878906","55.68000030517578","59673300","18.46999931335449"
"2011-01-24","55.790000915527344","56.459999084472656","55.68000030517578","56.45000076293945","64103300","17.649999618530273"
"2011-01-25","56.16999816894531","56.54999923706055","56.04999923706055","56.52999877929688","55305100","17.59000015258789"
"2011-01-26","56.61000061035156","56.97999954223633","56.45000076293945","56.83000183105469","60547700","16.639999389648438"
"2011-01-27","57.0099983215332","57.34999847412109","56.91999816894531","57.18000030517578","53656100","16.149999618530273"
"2011-01-28","57.16999816894531","57.220001220703125","55.470001220703125","55.72999954223633","123359900","20.040000915527344"
"2011-01-31","55.810001373291016","56.15999984741211","55.38999938964844","56.0","70571300","19.530000686645508"
"2011-02-01","56.41999816894531","57.18000030517578","56.36000061035156","57.04999923706055","76952900","17.6299991607666"
"2011-02-02","56.93000030517578","57.16999816894531","56.84000015258789","56.959999084472656","48661000","17.299999237060547"
"2011-02-03","56.84999847412109","57.13999938964844","56.400001525878906","57.060001373291016","45341900","16.690000534057617"
"2011-02-04","57.04999923706055","57.41999816894531","56.900001525878906","57.380001068115234","47647800","15.93000030517578"
"2011-02-07","57.4900016784668","57.970001220703125","57.400001525878906","57.650001525878906","45627100","16.280000686645508"
"2011-02-08","57.66999816894531","58.06999969482422","57.560001373291016","58.02999877929688","38099900","15.8100004196167"
"2011-02-09","57.93999862670898","58.119998931884766","57.75","57.93000030517578","62540800","15.869999885559082"
"2011-02-10","57.54999923706055","58.09999847412109","57.4900016784668","58.02000045776367","70194700","16.09000015258789"
"2011-02-11","57.84999847412109","58.47999954223633","57.77000045776367","58.43999862670898","47853500","15.6899995803833"
"2011-02-14","58.43999862670898","58.65999984741211","58.380001068115234","58.58000183105469","48506100","15.949999809265137"
"2011-02-15","58.43999862670898","58.56999969482422","58.22999954223633","58.5","39723800","16.3700008392334"
"2011-02-16","58.650001525878906","59.040000915527344","58.630001068115234","58.880001068115234","53061700","16.719999313354492"
"2011-02-17","58.59000015258789","58.970001220703125","58.54999923706055","58.86000061035156","38361900","16.59000015258789"
"2011-02-18","58.86000061035156","58.970001220703125","58.5099983215332","58.72999954223633","44334300","16.43000030517578"
"2011-02-22","57.93000030517578","58.130001068115234","56.93999862670898","57.02999877929688","92598100","20.799999237060547"
"2011-02-23","57.02999877929688","57.22999954223633","56.130001068115234","56.560001373291016","97842900","22.1299991607666"
"2011-02-24","56.68000030517578","57.02999877929688","56.13999938964844","56.86000061035156","98716100","21.31999969482422"
"2011-02-25","57.18000030517578","57.720001220703125","57.119998931884766","57.650001525878906","54094600","19.21999931335449"
"2011-02-28","57.880001068115234","58.04999923706055","57.43000030517578","57.77000045776367","51402800","18.350000381469727"
"2011-03-01","58.02000045776367","58.02000045776367","56.70000076293945","56.84000015258789","91993900","21.01000022888184"
"2011-03-02","56.810001373291016","57.5099983215332","56.790000915527344","57.13999938964844","61552900","20.700000762939453"
"2011-03-03","57.66999816894531","58.369998931884766","57.66999816894531","58.27000045776367","64146600","18.600000381469727"
"2011-03-04","58.25","58.2599983215332","57.59000015258789","57.970001220703125","62328400","19.059999465942383"
"2011-03-07","58.209999084472656","58.2599983215332","56.66999816894531","57.18999862670898","98470000","20.65999984741211"
"2011-03-08","57.119998931884766","57.68000030517578","56.77000045776367","57.41999816894531","62399100","19.81999969482422"
"2011-03-09","57.209999084472656","57.27000045776367","56.720001220703125","57.02999877929688","84764200","20.21999931335449"
"2011-03-10","56.38999938964844","56.52000045776367","55.90999984741211","56.13999938964844","102894400","21.8799991607666"
"2011-03-11","55.81999969482422","56.65999984741211","55.81999969482422","56.4900016784668","81679400","20.07999992370605"
"2011-03-14","56.18000030517578","56.59000015258789","55.86000061035156","56.290000915527344","73565800","21.1299991607666"
"2011-03-15","54.63999938964844","55.81999969482422","54.470001220703125","55.4900016784668","101276500","24.31999969482422"
"2011-03-16","55.02999877929688","55.34000015258789","53.77000045776367","54.150001525878906","176507700","29.399999618530277"
"2011-03-17","55.0099983215332","55.2400016784668","54.130001068115234","54.650001525878906","94434500","26.3700008392334"
"2011-03-18","55.220001220703125","55.220001220703125","54.40999984741211","54.45000076293945","94887200","24.440000534057617"
"2011-03-21","55.27999877929688","55.77999877929688","54.5","55.5","57423000","20.61000061035156"
"2011-03-22","55.58000183105469","55.61000061035156","55.27999877929688","55.400001525878906","36162100","20.209999084472656"
"2011-03-23","55.20000076293945","55.869998931884766","54.81999969482422","55.709999084472656","60365100","19.170000076293945"
"2011-03-24","56.130001068115234","56.81999969482422","55.81999969482422","56.70000076293945","69502400","18.0"
"2011-03-25","56.880001068115234","57.220001220703125","56.72999954223633","56.84000015258789","74131100","17.90999984741211"
"2011-03-28","57.09000015258789","57.09999847412109","56.5","56.52999877929688","37824000","19.440000534057617"
"2011-03-29","56.400001525878906","57.08000183105469","56.22999954223633","57.08000183105469","47994800","18.15999984741211"
"2011-03-30","57.36000061035156","57.43000030517578","57.08000183105469","57.34999847412109","44935900","17.709999084472656"
"2011-03-31","57.25","57.47999954223633","57.150001525878906","57.43000030517578","50004300","17.739999771118164"
"2011-04-01","57.720001220703125","57.900001525878906","57.290000915527344","57.459999084472656","68031800","17.399999618530273"
"2011-04-04","57.619998931884766","57.68000030517578","57.02000045776367","57.27000045776367","48659100","17.5"
"2011-04-05","57.15999984741211","57.4900016784668","57.0","57.119998931884766","55349400","17.25"
"2011-04-06","57.560001373291016","57.72999954223633","56.93000030517578","57.2599983215332","49532100","16.899999618530273"
"2011-04-07","57.2400016784668","57.59999847412109","56.810001373291016","57.220001220703125","60697000","17.110000610351562"
"2011-04-08","57.47999954223633","57.56999969482422","56.650001525878906","56.95000076293945","42782200","17.8700008392334"
"2011-04-11","57.16999816894531","57.290000915527344","56.560001373291016","56.7599983215332","42451700","16.59000015258789"
"2011-04-12","56.5","56.63999938964844","56.150001525878906","56.369998931884766","50422800","17.09000015258789"
"2011-04-13","56.790000915527344","57.0","56.400001525878906","56.84999847412109","49979800","16.920000076293945"
"2011-04-14","56.459999084472656","56.83000183105469","56.22999954223633","56.75","53544100","16.270000457763672"
"2011-04-15","56.52999877929688","56.869998931884766","56.27999877929688","56.650001525878906","68530000","15.31999969482422"
"2011-04-18","56.08000183105469","56.27000045776367","55.31999969482422","56.25","69065000","16.959999084472656"
"2011-04-19","56.400001525878906","56.59999847412109","56.09999847412109","56.59999847412109","38608400","15.829999923706056"
"2011-04-20","57.59999847412109","57.93999862670898","57.52999877929688","57.880001068115234","67397500","15.06999969482422"
"2011-04-21","58.43999862670898","58.470001220703125","58.15999984741211","58.34000015258789","43666800","14.6899995803833"
"2011-04-25","58.38999938964844","58.52000045776367","58.27999877929688","58.4900016784668","25376800","15.770000457763672"
"2011-04-26","58.63999938964844","59.02999877929688","58.5099983215332","58.81999969482422","49400000","15.619999885559082"
"2011-04-27","58.93000030517578","59.290000915527344","58.65999984741211","59.220001220703125","56465500","15.350000381469728"
"2011-04-28","59.040000915527344","59.22999954223633","58.880001068115234","59.130001068115234","48100000","14.619999885559082"
"2011-04-29","59.02000045776367","59.290000915527344","58.97999954223633","59.08000183105469","44831200","14.75"
"2011-05-02","59.16999816894531","59.34000015258789","58.81999969482422","58.970001220703125","48149400","15.989999771118164"
"2011-05-03","58.93999862670898","59.0","58.33000183105469","58.68999862670898","38100000","16.700000762939453"
"2011-05-04","58.720001220703125","58.869998931884766","58.11000061035156","58.59999847412109","53097200","17.079999923706055"
"2011-05-05","58.310001373291016","58.970001220703125","58.08000183105469","58.27999877929688","72200000","18.200000762939453"
"2011-05-06","58.86000061035156","59.20000076293945","58.310001373291016","58.470001220703125","72507000","18.399999618530277"
"2011-05-09","58.56999969482422","58.91999816894531","58.34000015258789","58.68999862670898","40022000","17.15999984741211"
"2011-05-10","58.86000061035156","59.27999877929688","58.77999877929688","59.18999862670898","38053600","15.90999984741211"
"2011-05-11","59.09999847412109","59.310001373291016","58.36000061035156","58.7599983215332","61900000","16.950000762939453"
"2011-05-12","58.58000183105469","59.18999862670898","58.2400016784668","59.11000061035156","66100000","16.030000686645508"
"2011-05-13","58.970001220703125","59.06999969482422","58.38999938964844","58.40999984741211","63506600","17.06999969482422"
"2011-05-16","58.13999938964844","58.31999969482422","57.27000045776367","57.400001525878906","73115300","18.239999771118164"
"2011-05-17","57.09999847412109","57.56999969482422","56.97999954223633","57.560001373291016","63136000","17.549999237060547"
"2011-05-18","57.47999954223633","58.13999938964844","57.40999984741211","58.040000915527344","42351100","16.229999542236328"
"2011-05-19","58.220001220703125","58.34000015258789","57.84999847412109","58.209999084472656","35015800","15.520000457763672"
"2011-05-20","58.150001525878906","58.209999084472656","57.68999862670898","57.77000045776367","44703300","17.43000030517578"
"2011-05-23","56.97999954223633","57.150001525878906","56.650001525878906","56.91999816894531","43700000","18.270000457763672"
"2011-05-24","57.060001373291016","57.06999969482422","56.560001373291016","56.56999969482422","39314800","17.81999969482422"
"2011-05-25","56.5","57.060001373291016","56.470001220703125","56.790000915527344","41369000","17.06999969482422"
"2011-05-26","56.619998931884766","57.29999923706055","56.61000061035156","57.13999938964844","40564100","16.09000015258789"
"2011-05-27","57.2400016784668","57.4900016784668","57.18999862670898","57.43000030517578","30127200","15.979999542236328"
"2011-05-31","57.970001220703125","58.36000061035156","57.66999816894531","58.36000061035156","47590100","15.449999809265137"
"2011-06-01","58.220001220703125","58.36000061035156","57.040000915527344","57.09000015258789","51795000","18.299999237060547"
"2011-06-02","57.20000076293945","57.40999984741211","56.88999938964844","57.209999084472656","50198100","18.09000015258789"
"2011-06-03","56.54999923706055","56.9900016784668","56.27000045776367","56.34999847412109","57773700","17.950000762939453"
"2011-06-06","56.220001220703125","56.52999877929688","55.86000061035156","55.88999938964844","50175600","18.489999771118164"
"2011-06-07","56.040000915527344","56.2599983215332","55.75","55.790000915527344","46311100","18.06999969482422"
"2011-06-08","55.66999816894531","55.77000045776367","55.22999954223633","55.38999938964844","46426400","18.790000915527344"
"2011-06-09","55.40999984741211","55.7599983215332","55.22999954223633","55.4900016784668","45307500","17.770000457763672"
"2011-06-10","55.22999954223633","55.34000015258789","54.59000015258789","54.63999938964844","53740600","18.86000061035156"
"2011-06-13","54.66999816894531","54.93000030517578","54.45000076293945","54.63999938964844","37736800","19.61000061035156"
"2011-06-14","55.060001373291016","55.470001220703125","55.02999877929688","55.34000015258789","40565300","18.26000022888184"
"2011-06-15","54.810001373291016","55.150001525878906","54.18000030517578","54.290000915527344","59022400","21.31999969482422"
"2011-06-16","54.31999969482422","54.5","53.619998931884766","54.08000183105469","66316200","22.729999542236328"
"2011-06-17","54.400001525878906","54.59999847412109","53.630001068115234","53.790000915527344","70337000","21.850000381469727"
"2011-06-20","53.63999938964844","54.22999954223633","53.63999938964844","54.06999969482422","37402900","19.989999771118164"
"2011-06-21","54.2599983215332","55.290000915527344","54.02999877929688","55.22999954223633","55892800","18.86000061035156"
"2011-06-22","55.0","55.31999969482422","54.81999969482422","54.83000183105469","36833300","18.520000457763672"
"2011-06-23","54.2400016784668","55.369998931884766","54.060001373291016","55.34000015258789","80743300","19.290000915527344"
"2011-06-24","55.08000183105469","55.130001068115234","54.27000045776367","54.380001068115234","56298300","21.100000381469727"
"2011-06-27","54.43999862670898","55.52999877929688","54.31999969482422","55.25","49968900","20.559999465942383"
"2011-06-28","55.369998931884766","56.08000183105469","55.290000915527344","56.06999969482422","47028800","19.170000076293945"
"2011-06-29","56.20000076293945","56.40999984741211","55.900001525878906","56.29999923706055","65407300","17.270000457763672"
"2011-06-30","56.5","57.09000015258789","56.470001220703125","57.04999923706055","50347200","16.520000457763672"
"2011-07-01","57.08000183105469","57.9900016784668","56.91999816894531","57.90999984741211","53203900","15.869999885559082"
"2011-07-05","57.970001220703125","58.2599983215332","57.83000183105469","58.20000076293945","43128800","16.059999465942383"
"2011-07-06","58.130001068115234","58.4900016784668","57.93999862670898","58.38999938964844","49282700","16.34000015258789"
"2011-07-07","58.83000183105469","59.36000061035156","58.7400016784668","59.18999862670898","54799800","15.949999809265137"
"2011-07-08","58.68000030517578","59.040000915527344","58.369998931884766","59.02999877929688","69519500","15.949999809265137"
"2011-07-11","58.40999984741211","58.709999084472656","57.7599983215332","57.959999084472656","52080800","18.38999938964844"
"2011-07-12","57.95000076293945","58.06999969482422","57.459999084472656","57.52000045776367","84000700","19.8700008392334"
"2011-07-13","57.93999862670898","58.34000015258789","57.54999923706055","57.7599983215332","82378100","19.90999984741211"
"2011-07-14","57.90999984741211","58.18000030517578","56.869998931884766","57.09000015258789","98774200","20.799999237060547"
"2011-07-15","57.72999954223633","57.84999847412109","57.310001373291016","57.84999847412109","68281500","19.530000686645508"
"2011-07-18","57.52999877929688","57.790000915527344","56.97999954223633","57.540000915527344","59512200","20.950000762939453"
"2011-07-19","58.09000015258789","58.900001525878906","58.09000015258789","58.84999847412109","73904600","19.209999084472656"
"2011-07-20","59.18000030517578","59.18999862670898","58.5","58.59999847412109","57085500","19.09000015258789"
"2011-07-21","58.65999984741211","59.31999969482422","58.34000015258789","58.9900016784668","70148800","17.559999465942383"
"2011-07-22","58.959999084472656","59.70000076293945","58.91999816894531","59.59999847412109","43620400","17.520000457763672"
"2011-07-25","59.130001068115234","59.810001373291016","59.02000045776367","59.47999954223633","48916100","19.350000381469727"
"2011-07-26","59.43999862670898","59.83000183105469","59.31999969482422","59.630001068115234","40918900","20.229999542236328"
"2011-07-27","59.2400016784668","59.290000915527344","57.93999862670898","58.09000015258789","83969500","22.979999542236328"
"2011-07-28","58.119998931884766","58.93000030517578","57.88999938964844","58.18999862670898","61031900","23.739999771118164"
"2011-07-29","57.720001220703125","58.61000061035156","57.43999862670898","58.0","82860500","25.25"
"2011-08-01","58.70000076293945","58.81999969482422","57.02999877929688","57.72999954223633","85421100","23.65999984741211"
"2011-08-02","57.459999084472656","57.720001220703125","56.209999084472656","56.27000045776367","90853300","24.790000915527344"
"2011-08-03","56.34000015258789","56.880001068115234","55.34999847412109","56.810001373291016","103612300","23.3799991607666"
"2011-08-04","56.0","56.09000015258789","54.16999816894531","54.16999816894531","132830000","31.65999984741211"
"2011-08-05","54.720001220703125","55.02999877929688","52.31999969482422","53.83000183105469","214111800","32.0"
"2011-08-08","52.18000030517578","53.119998931884766","50.59000015258789","50.59000015258789","204804500","48.0"
"2011-08-09","51.34999847412109","53.08000183105469","49.93000030517578","53.02999877929688","193707100","35.060001373291016"
"2011-08-10","51.83000183105469","53.040000915527344","50.79999923706055","50.86000061035156","205917900","42.9900016784668"
"2011-08-11","51.59000015258789","53.68999862670898","51.34000015258789","53.09999847412109","143825300","39.0"
"2011-08-12","53.43000030517578","53.900001525878906","52.880001068115234","53.56999969482422","90483300","36.36000061035156"
"2011-08-15","53.790000915527344","54.36000061035156","53.52999877929688","54.36000061035156","73554300","31.8700008392334"
"2011-08-16","53.83000183105469","54.34999847412109","53.18000030517578","53.900001525878906","89219200","32.849998474121094"
"2011-08-17","53.970001220703125","54.41999816894531","53.02000045776367","53.58000183105469","84416600","31.57999992370605"
"2011-08-18","52.130001068115234","52.13999938964844","50.47999954223633","50.95000076293945","130019400","42.66999816894531"
"2011-08-19","50.41999816894531","51.66999816894531","49.9900016784668","50.02999877929688","96674600","43.04999923706055"
"2011-08-22","51.22999954223633","51.2400016784668","50.060001373291016","50.209999084472656","77107700","42.43999862670898"
"2011-08-23","50.54999923706055","52.27999877929688","50.34000015258789","52.27999877929688","75688400","36.27000045776367"
"2011-08-24","52.130001068115234","52.790000915527344","51.709999084472656","52.68999862670898","80197700","35.900001525878906"
"2011-08-25","52.65999984741211","52.900001525878906","51.650001525878906","51.83000183105469","93623700","39.7599983215332"
"2011-08-26","51.65999984741211","53.310001373291016","51.150001525878906","53.130001068115234","91573300","35.59000015258789"
"2011-08-29","53.65999984741211","54.66999816894531","53.63999938964844","54.61000061035156","45985800","32.279998779296875"
"2011-08-30","54.40999984741211","55.29999923706055","54.11000061035156","54.970001220703125","61617900","32.88999938964844"
"2011-08-31","55.29999923706055","55.7400016784668","54.59999847412109","55.060001373291016","60900400","31.6200008392334"
"2011-09-01","55.20000076293945","55.63999938964844","54.459999084472656","54.560001373291016","57158400","31.81999969482422"
"2011-09-02","53.58000183105469","54.61000061035156","52.9900016784668","53.27999877929688","58185700","33.91999816894531"
"2011-09-06","52.040000915527344","53.369998931884766","51.90999984741211","53.290000915527344","52992200","37.0"
"2011-09-07","54.04999923706055","54.650001525878906","53.900001525878906","54.63999938964844","48952200","33.380001068115234"
"2011-09-08","54.36000061035156","55.16999816894531","54.209999084472656","54.38999938964844","61422800","34.31999969482422"
"2011-09-09","54.0099983215332","54.2400016784668","52.84999847412109","53.18000030517578","63663500","38.52000045776367"
"2011-09-12","52.59000015258789","53.900001525878906","52.56999969482422","53.86000061035156","65973000","38.59000015258789"
"2011-09-13","54.060001373291016","54.68999862670898","53.79999923706055","54.58000183105469","59020000","36.90999984741211"
"2011-09-14","54.86000061035156","55.97999954223633","54.31999969482422","55.36000061035156","90757300","34.599998474121094"
"2011-09-15","55.959999084472656","56.27999877929688","55.38999938964844","56.18000030517578","83536100","31.96999931335449"
"2011-09-16","56.20000076293945","56.650001525878906","56.09000015258789","56.59000015258789","91902100","30.979999542236328"
"2011-09-19","55.88999938964844","56.90999984741211","55.43000030517578","56.61000061035156","73042900","32.72999954223633"
"2011-09-20","56.900001525878906","57.34999847412109","56.22999954223633","56.36000061035156","66570100","32.86000061035156"
"2011-09-21","56.650001525878906","56.93000030517578","55.369998931884766","55.380001068115234","79938000","37.31999969482422"
"2011-09-22","53.970001220703125","54.459999084472656","52.75","53.58000183105469","151885500","41.34999847412109"
"2011-09-23","53.130001068115234","54.380001068115234","53.09000015258789","54.150001525878906","85940600","41.25"
"2011-09-26","54.41999816894531","54.880001068115234","53.209999084472656","54.77999877929688","96261400","39.02000045776367"
"2011-09-27","55.709999084472656","56.20000076293945","54.97999954223633","55.34999847412109","81148600","37.709999084472656"
"2011-09-28","55.59000015258789","55.970001220703125","54.400001525878906","54.52999877929688","76757100","41.08000183105469"
"2011-09-29","55.36000061035156","55.43000030517578","52.970001220703125","53.880001068115234","116900200","38.84000015258789"
"2011-09-30","53.15999984741211","53.61000061035156","52.459999084472656","52.4900016784668","104870100","42.959999084472656"
"2011-10-03","52.02000045776367","52.84999847412109","51.11000061035156","51.13999938964844","99149500","45.45000076293945"
"2011-10-04","50.619998931884766","52.290000915527344","50.09999847412109","52.18999862670898","137013700","40.81999969482422"
"2011-10-05","52.060001373291016","53.68000030517578","51.65999984741211","53.52999877929688","108825700","37.810001373291016"
"2011-10-06","53.459999084472656","54.43999862670898","53.209999084472656","54.43000030517578","71939200","36.27000045776367"
"2011-10-07","54.400001525878906","54.65999984741211","53.720001220703125","54.06999969482422","72525200","36.20000076293945"
"2011-10-10","54.9900016784668","55.93999862670898","54.88999938964844","55.93999862670898","48230200","33.02000045776367"
"2011-10-11","55.790000915527344","56.459999084472656","55.70000076293945","56.31999969482422","66449100","32.86000061035156"
"2011-10-12","56.86000061035156","57.22999954223633","56.560001373291016","56.59999847412109","85627600","31.26000022888184"
"2011-10-13","56.4900016784668","57.18999862670898","56.43000030517578","57.119998931884766","63443700","30.700000762939453"
"2011-10-14","57.81999969482422","58.18999862670898","57.5099983215332","58.18000030517578","65643600","28.239999771118164"
"2011-10-17","57.90999984741211","58.09000015258789","56.970001220703125","57.27999877929688","65161300","33.38999938964844"
"2011-10-18","57.18999862670898","58.290000915527344","56.65999984741211","57.9900016784668","91434600","31.559999465942383"
"2011-10-19","57.66999816894531","57.84999847412109","56.68000030517578","56.869998931884766","67639400","34.439998626708984"
"2011-10-20","56.86000061035156","56.91999816894531","55.790000915527344","56.59000015258789","80378300","34.779998779296875"
"2011-10-21","57.18999862670898","57.65999984741211","56.77999877929688","57.29999923706055","60455800","31.31999969482422"
"2011-10-24","57.5099983215332","58.650001525878906","57.310001373291016","58.4900016784668","61449500","29.26000022888184"
"2011-10-25","58.29999923706055","58.31999969482422","57.220001220703125","57.34000015258789","65299200","32.220001220703125"
"2011-10-26","57.65999984741211","57.77999877929688","56.209999084472656","57.27000045776367","98193800","29.86000061035156"
"2011-10-27","58.63999938964844","59.20000076293945","58.02999877929688","58.84999847412109","104455500","25.459999084472656"
"2011-10-28","58.52000045776367","59.0099983215332","58.5","58.93999862670898","42950000","24.530000686645508"
"2011-10-31","58.43000030517578","58.63999938964844","57.90999984741211","57.95000076293945","60520200","29.959999084472656"
"2011-11-01","56.52000045776367","57.90999984741211","56.119998931884766","56.43999862670898","99933000","34.77000045776367"
"2011-11-02","57.02999877929688","57.15999984741211","56.380001068115234","56.91999816894531","65003800","32.7400016784668"
"2011-11-03","57.369998931884766","58.18000030517578","56.709999084472656","58.09999847412109","78994200","30.5"
"2011-11-04","57.81999969482422","58.04999923706055","57.220001220703125","57.79999923706055","61527800","30.15999984741211"
"2011-11-07","57.7599983215332","58.25","57.16999816894531","58.209999084472656","65559000","29.850000381469727"
"2011-11-08","58.630001068115234","58.97999954223633","57.970001220703125","58.880001068115234","62906900","27.479999542236328"
"2011-11-09","57.7400016784668","57.83000183105469","56.630001068115234","56.810001373291016","69539000","36.15999984741211"
"2011-11-10","57.369998931884766","57.41999816894531","56.22999954223633","56.77999877929688","66052400","32.810001373291016"
"2011-11-11","57.27000045776367","58.02000045776367","57.20000076293945","57.84999847412109","54471000","30.040000915527344"
"2011-11-14","57.68999862670898","58.0099983215332","57.27999877929688","57.4900016784668","44617600","31.1299991607666"
"2011-11-15","57.31999969482422","58.36000061035156","57.2599983215332","58.130001068115234","52203900","31.21999931335449"
"2011-11-16","57.709999084472656","58.15999984741211","57.060001373291016","57.16999816894531","68342800","33.5099983215332"
"2011-11-17","57.02000045776367","57.040000915527344","55.47999954223633","55.83000183105469","101706900","34.5099983215332"
"2011-11-18","55.84000015258789","55.900001525878906","55.29999923706055","55.400001525878906","60417000","32.0"
"2011-11-21","54.650001525878906","54.72999954223633","53.77999877929688","54.34000015258789","52283700","32.90999984741211"
"2011-11-22","54.20000076293945","54.68000030517578","53.869998931884766","54.52000045776367","51940100","31.96999931335449"
"2011-11-23","54.11000061035156","54.16999816894531","53.2599983215332","53.290000915527344","48437300","33.97999954223633"
"2011-11-25","53.060001373291016","53.66999816894531","52.869998931884766","52.880001068115234","25448100","34.470001220703125"
"2011-11-28","54.16999816894531","54.790000915527344","54.13999938964844","54.720001220703125","46710700","32.130001068115234"
"2011-11-29","54.68999862670898","55.09999847412109","54.220001220703125","54.380001068115234","52056700","30.63999938964844"
"2011-11-30","55.86000061035156","56.43999862670898","55.66999816894531","56.38999938964844","66918600","27.799999237060547"
"2011-12-01","56.380001068115234","56.93000030517578","56.34999847412109","56.77999877929688","45362200","27.40999984741211"
"2011-12-02","57.34000015258789","57.34000015258789","56.56999969482422","56.619998931884766","36938900","27.520000457763672"
"2011-12-05","57.470001220703125","57.619998931884766","56.91999816894531","57.2400016784668","40492200","27.84000015258789"
"2011-12-06","57.290000915527344","57.45000076293945","56.88999938964844","57.08000183105469","38670000","28.1299991607666"
"2011-12-07","56.91999816894531","57.34000015258789","56.34999847412109","57.08000183105469","44576200","28.670000076293945"
"2011-12-08","56.709999084472656","57.150001525878906","56.0099983215332","56.119998931884766","51692600","30.59000015258789"
"2011-12-09","56.2599983215332","57.18999862670898","56.2400016784668","57.02000045776367","55757900","26.3799991607666"
"2011-12-12","56.41999816894531","57.0099983215332","55.900001525878906","56.380001068115234","55411700","25.670000076293945"
"2011-12-13","56.75","56.97999954223633","55.52999877929688","55.7599983215332","68557700","25.40999984741211"
"2011-12-14","55.54999923706055","55.59000015258789","54.58000183105469","54.88999938964844","63682800","26.040000915527344"
"2011-12-15","55.36000061035156","55.41999816894531","54.65999984741211","54.7400016784668","58732900","25.11000061035156"
"2011-12-16","54.869998931884766","55.61000061035156","54.77000045776367","54.86000061035156","60978900","24.290000915527344"
"2011-12-19","55.06999969482422","55.20000076293945","54.16999816894531","54.31999969482422","46733900","24.920000076293945"
"2011-12-20","55.20000076293945","56.0","55.16999816894531","55.93000030517578","81758800","23.21999931335449"
"2011-12-21","55.59999847412109","55.63999938964844","54.4900016784668","55.130001068115234","78552300","21.43000030517578"
"2011-12-22","55.25","55.630001068115234","55.16999816894531","55.59999847412109","40334100","21.15999984741211"
"2011-12-23","55.709999084472656","56.08000183105469","55.58000183105469","56.08000183105469","26594600","20.729999542236328"
"2011-12-27","55.9900016784668","56.41999816894531","55.93000030517578","56.2400016784668","21443500","21.90999984741211"
"2011-12-28","56.16999816894531","56.2599983215332","55.43999862670898","55.59000015258789","38180100","23.520000457763672"
"2011-12-29","55.68000030517578","56.02999877929688","55.5","55.9900016784668","28077900","22.649999618530277"
"2011-12-30","55.869998931884766","56.119998931884766","55.81999969482422","55.83000183105469","21832400","23.399999618530277"
"2012-01-03","56.90999984741211","57.18999862670898","56.75","56.900001525878906","39514100","22.96999931335449"
"2012-01-04","56.810001373291016","57.220001220703125","56.560001373291016","57.13999938964844","29403400","22.21999931335449"
"2012-01-05","57.02000045776367","57.65999984741211","56.79999923706055","57.61000061035156","41260600","21.479999542236328"
"2012-01-06","57.619998931884766","57.93999862670898","57.400001525878906","57.810001373291016","46325200","20.6299991607666"
"2012-01-09","57.959999084472656","57.97999954223633","57.43000030517578","57.619998931884766","39195500","21.06999969482422"
"2012-01-10","58.22999954223633","58.400001525878906","57.63999938964844","58.040000915527344","35949900","20.690000534057617"
"2012-01-11","58.02999877929688","58.290000915527344","57.810001373291016","58.15999984741211","37144100","21.049999237060547"
"2012-01-12","58.290000915527344","58.470001220703125","57.86000061035156","58.38999938964844","26188300","20.46999931335449"
"2012-01-13","58.08000183105469","58.20000076293945","57.68000030517578","58.18000030517578","35980400","20.90999984741211"
"2012-01-17","58.68999862670898","58.959999084472656","58.4900016784668","58.709999084472656","41790800","22.200000762939453"
"2012-01-18","58.81999969482422","59.4900016784668","58.68000030517578","59.4900016784668","48692700","20.88999938964844"
"2012-01-19","59.7599983215332","59.970001220703125","59.650001525878906","59.86000061035156","47774500","19.8700008392334"
"2012-01-20","59.59999847412109","59.79999923706055","59.560001373291016","59.77000045776367","41041700","18.280000686645508"
"2012-01-23","59.77999877929688","60.209999084472656","59.43999862670898","59.790000915527344","40958300","18.670000076293945"
"2012-01-24","59.52000045776367","59.84000015258789","59.40999984741211","59.68000030517578","38440200","18.90999984741211"
"2012-01-25","60.2599983215332","60.58000183105469","59.83000183105469","60.43000030517578","61591800","18.309999465942383"
"2012-01-26","60.68999862670898","60.79999923706055","59.93000030517578","60.220001220703125","37852700","18.56999969482422"
"2012-01-27","60.09000015258789","60.5099983215332","60.060001373291016","60.400001525878906","45532300","18.530000686645508"
"2012-01-30","59.88999938964844","60.540000915527344","59.65999984741211","60.45000076293945","42797800","19.399999618530277"
"2012-01-31","60.75","60.86000061035156","60.13999938964844","60.52999877929688","51449600","19.440000534057617"
"2012-02-01","60.880001068115234","61.2400016784668","60.65999984741211","61.02000045776367","46146700","18.549999237060547"
"2012-02-02","61.220001220703125","61.40999984741211","60.970001220703125","61.209999084472656","46373600","17.979999542236328"
"2012-02-03","61.77999877929688","62.119998931884766","61.68000030517578","62.04999923706055","36453800","17.100000381469727"
"2012-02-06","61.81999969482422","62.02000045776367","61.65999984741211","62.0","28541300","17.760000228881836"
"2012-02-07","61.95000076293945","62.25","61.66999816894531","62.130001068115234","37935700","17.649999618530273"
"2012-02-08","62.13999938964844","62.459999084472656","61.90999984741211","62.459999084472656","41171100","18.15999984741211"
"2012-02-09","62.70000076293945","62.97999954223633","62.31999969482422","62.90999984741211","46856400","18.6299991607666"
"2012-02-10","62.459999084472656","62.63999938964844","62.25","62.470001220703125","58090500","20.790000915527344"
"2012-02-13","62.93999862670898","63.130001068115234","62.650001525878906","63.04999923706055","36810200","19.040000915527344"
"2012-02-14","62.90999984741211","63.220001220703125","62.68999862670898","63.209999084472656","51648200","19.540000915527344"
"2012-02-15","63.5099983215332","63.86000061035156","62.66999816894531","62.77000045776367","105709100","21.13999938964844"
"2012-02-16","62.790000915527344","63.70000076293945","62.630001068115234","63.630001068115234","83642300","19.21999931335449"
"2012-02-17","63.63999938964844","63.68999862670898","63.150001525878906","63.43000030517578","76112300","17.780000686645508"
"2012-02-21","63.5","63.88999938964844","63.209999084472656","63.61000061035156","38141300","18.190000534057617"
"2012-02-22","63.4900016784668","63.68000030517578","63.22999954223633","63.31999969482422","43174700","18.190000534057617"
"2012-02-23","63.400001525878906","63.810001373291016","63.09000015258789","63.7400016784668","54250000","16.799999237060547"
"2012-02-24","63.91999816894531","64.06999969482422","63.79999923706055","63.959999084472656","41364900","17.309999465942383"
"2012-02-27","63.61000061035156","64.26000213623047","63.33000183105469","64.05000305175781","42678500","18.190000534057617"
"2012-02-28","64.11000061035156","64.69999694824219","64.02999877929688","64.69999694824219","43717500","17.959999084472656"
"2012-02-29","64.75","64.95999908447266","64.19999694824219","64.41000366210938","59784400","18.43000030517578"
"2012-03-01","64.6500015258789","64.9800033569336","64.45999908447266","64.91999816894531","67558900","17.260000228881836"
"2012-03-02","64.83000183105469","65.08000183105469","64.66000366210938","64.87000274658203","33358200","17.290000915527344"
"2012-03-05","64.83000183105469","64.91000366210938","63.9900016784668","64.19999694824219","45788800","18.049999237060547"
"2012-03-06","63.56999969482422","63.720001220703125","63.22999954223633","63.56999969482422","54638600","20.8700008392334"
"2012-03-07","63.869998931884766","64.20999908447266","63.77000045776367","64.05999755859375","42741800","19.06999969482422"
"2012-03-08","64.44000244140625","64.94000244140625","64.30000305175781","64.75","43711100","17.950000762939453"
"2012-03-09","64.86000061035156","65.13999938964844","64.81999969482422","65.0199966430664","43117200","17.110000610351562"
"2012-03-12","65.0","65.11000061035156","64.72000122070312","65.05000305175781","32687300","15.640000343322754"
"2012-03-13","65.4000015258789","66.26000213623047","65.2699966430664","66.26000213623047","61559100","14.800000190734863"
"2012-03-14","66.33000183105469","66.73999786376953","66.08000183105469","66.48999786376953","59926900","15.3100004196167"
"2012-03-15","66.69000244140625","66.81999969482422","66.3499984741211","66.68000030517578","65531200","15.420000076293944"
"2012-03-16","66.66999816894531","66.66999816894531","66.36000061035156","66.5199966430664","53023100","14.470000267028809"
"2012-03-19","66.62999725341797","67.1500015258789","66.44999694824219","66.98999786376953","60966200","15.039999961853027"
"2012-03-20","66.63999938964844","67.18000030517578","66.45999908447266","67.11000061035156","47290600","15.579999923706056"
"2012-03-21","67.12000274658203","67.48999786376953","67.02999877929688","67.12000274658203","39648100","15.130000114440918"
"2012-03-22","66.72000122070312","67.13999938964844","66.68000030517578","66.9800033569336","56953900","15.56999969482422"
"2012-03-23","67.05999755859375","67.08000183105469","66.55999755859375","66.94000244140625","45541700","14.81999969482422"
"2012-03-26","67.38999938964844","68.11000061035156","67.33000183105469","68.11000061035156","40855300","14.260000228881836"
"2012-03-27","68.16000366210938","68.48999786376953","68.12999725341797","68.20999908447266","37278200","15.59000015258789"
"2012-03-28","68.25","68.51000213623047","67.54000091552734","67.94000244140625","44421900","15.470000267028809"
"2012-03-29","67.5999984741211","67.93000030517578","67.19999694824219","67.68000030517578","53975300","15.479999542236328"
"2012-03-30","67.9800033569336","68.0199966430664","67.27999877929688","67.55000305175781","39480900","15.5"
"2012-04-02","67.4800033569336","68.33999633789062","67.36000061035156","68.25","40031600","15.640000343322754"
"2012-04-03","68.30999755859375","68.55000305175781","67.8499984741211","68.2300033569336","45539900","15.65999984741211"
"2012-04-04","67.72000122070312","67.76000213623047","66.91000366210938","67.30000305175781","54088100","16.440000534057617"
"2012-04-05","67.18000030517578","67.77999877929688","67.12999725341797","67.72000122070312","42979900","16.700000762939453"
"2012-04-09","66.87999725341797","67.4800033569336","66.76000213623047","67.20999908447266","36908200","18.809999465942383"
"2012-04-10","67.18000030517578","67.44000244140625","65.91999816894531","66.12999725341797","69254200","20.38999938964844"
"2012-04-11","66.70999908447266","66.88999938964844","66.27999877929688","66.44999694824219","62950000","20.020000457763672"
"2012-04-12","66.58000183105469","67.27999877929688","66.4800033569336","67.20999908447266","57407400","17.200000762939453"
"2012-04-13","66.9800033569336","67.19999694824219","66.16000366210938","66.19000244140625","55227500","19.549999237060547"
"2012-04-16","66.5199966430664","66.55999755859375","65.23999786376953","65.44999694824219","57588000","19.549999237060547"
"2012-04-17","65.7300033569336","66.98999786376953","65.62999725341797","66.77999877929688","47362400","18.459999084472656"
"2012-04-18","66.58999633789062","67.0","66.41000366210938","66.61000061035156","42536100","18.63999938964844"
"2012-04-19","66.37000274658203","67.16999816894531","65.62000274658203","65.86000061035156","81110900","18.36000061035156"
"2012-04-20","66.22000122070312","66.51000213623047","65.58000183105469","65.68000030517578","59906900","17.440000534057617"
"2012-04-23","65.05999755859375","65.18000030517578","64.48999786376953","65.08000183105469","70514400","18.96999931335449"
"2012-04-24","64.95999908447266","65.2300033569336","64.44999694824219","64.7300033569336","49661500","18.100000381469727"
"2012-04-25","66.06999969482422","66.48999786376953","65.97000122070312","66.44999694824219","57526900","16.81999969482422"
"2012-04-26","66.44000244140625","66.98999786376953","66.3499984741211","66.83999633789062","41799500","16.239999771118164"
"2012-04-27","67.12000274658203","67.44999694824219","66.7699966430664","67.23999786376953","46003800","16.31999969482422"
"2012-04-30","67.04000091552734","67.16999816894531","66.70999908447266","66.76000213623047","37787700","17.149999618530273"
"2012-05-01","66.69000244140625","67.62999725341797","66.58999633789062","66.87000274658203","37643800","16.600000381469727"
"2012-05-02","66.54000091552734","67.11000061035156","66.37999725341797","67.05999755859375","38299300","16.8799991607666"
"2012-05-03","67.0999984741211","67.1500015258789","66.18000030517578","66.3499984741211","51297600","17.559999465942383"
"2012-05-04","65.73999786376953","66.3499984741211","64.69000244140625","64.69999694824219","107554000","19.15999984741211"
"2012-05-07","64.30999755859375","65.06999969482422","64.29000091552734","64.76000213623047","50267800","18.940000534057617"
"2012-05-08","64.3499984741211","64.73999786376953","63.47999954223633","64.5199966430664","72659700","19.049999237060547"
"2012-05-09","63.77000045776367","64.68000030517578","63.5099983215332","64.31999969482422","85715300","20.07999992370605"
"2012-05-10","64.61000061035156","64.62999725341797","63.95000076293945","64.19000244140625","49448900","18.82999992370605"
"2012-05-11","63.970001220703125","64.86000061035156","63.90999984741211","64.18000030517578","47099900","19.88999938964844"
"2012-05-14","63.630001068115234","64.08000183105469","63.47999954223633","63.58000183105469","46360000","21.8700008392334"
"2012-05-15","63.75","64.2699966430664","63.2599983215332","63.369998931884766","66908600","21.96999931335449"
"2012-05-16","63.59000015258789","63.77999877929688","62.810001373291016","62.93999862670898","52825900","22.270000457763672"
"2012-05-17","62.959999084472656","63.060001373291016","61.59999847412109","61.61000061035156","62253900","24.489999771118164"
"2012-05-18","61.79999923706055","61.959999084472656","60.7599983215332","60.810001373291016","79496500","25.100000381469727"
"2012-05-21","60.93000030517578","62.56999969482422","60.84999847412109","62.5099983215332","61473000","22.01000022888184"
"2012-05-22","62.68999862670898","62.95000076293945","61.9900016784668","62.43999862670898","62954800","22.479999542236328"
"2012-05-23","61.90999984741211","62.709999084472656","61.369998931884766","62.560001373291016","56951100","22.32999992370605"
"2012-05-24","62.650001525878906","62.709999084472656","61.68999862670898","62.150001525878906","83131200","21.540000915527344"
"2012-05-25","62.209999084472656","62.31999969482422","61.88999938964844","62.06999969482422","32078900","21.76000022888184"
"2012-05-29","62.650001525878906","63.150001525878906","62.27999877929688","62.86000061035156","44216700","21.030000686645508"
"2012-05-30","62.290000915527344","62.54999923706055","61.68000030517578","62.33000183105469","56431800","24.13999938964844"
"2012-05-31","62.25","62.40999984741211","61.59000015258789","62.060001373291016","55260100","24.059999465942383"
"2012-06-01","60.93999862670898","61.31999969482422","60.38999938964844","60.40999984741211","71430800","26.65999984741211"
"2012-06-04","60.58000183105469","60.959999084472656","60.040000915527344","60.869998931884766","74119500","26.1200008392334"
"2012-06-05","60.65999984741211","61.2400016784668","60.630001068115234","61.119998931884766","47916900","24.68000030517578"
"2012-06-06","61.58000183105469","62.56999969482422","61.52000045776367","62.52000045776367","58781800","22.15999984741211"
"2012-06-07","63.18000030517578","63.18000030517578","62.220001220703125","62.27000045776367","38414800","21.71999931335449"
"2012-06-08","62.16999816894531","62.95000076293945","61.959999084472656","62.869998931884766","39730800","21.229999542236328"
"2012-06-11","63.34999847412109","63.380001068115234","61.77000045776367","61.810001373291016","51008900","23.559999465942383"
"2012-06-12","62.09999847412109","62.59000015258789","61.68000030517578","62.560001373291016","48802600","22.09000015258789"
"2012-06-13","62.380001068115234","62.84999847412109","61.91999816894531","62.130001068115234","50840100","24.270000457763672"
"2012-06-14","62.119998931884766","62.61000061035156","61.79999923706055","62.36000061035156","65170600","21.68000030517578"
"2012-06-15","62.38999938964844","63.08000183105469","62.36000061035156","62.9900016784668","41536100","21.11000061035156"
"2012-06-18","62.72999954223633","63.7400016784668","62.630001068115234","63.58000183105469","32191200","18.31999969482422"
"2012-06-19","63.900001525878906","64.51000213623047","63.84999847412109","64.23999786376953","36476500","18.3799991607666"
"2012-06-20","64.37999725341797","64.56999969482422","63.810001373291016","64.29000091552734","51389700","17.239999771118164"
"2012-06-21","64.23999786376953","64.30999755859375","62.619998931884766","62.68999862670898","42492700","20.07999992370605"
"2012-06-22","62.900001525878906","63.43000030517578","62.72999954223633","63.34999847412109","29504200","18.11000061035156"
"2012-06-25","62.83000183105469","62.84999847412109","61.95000076293945","62.130001068115234","33136400","20.3799991607666"
"2012-06-26","62.34000015258789","62.70000076293945","62.060001373291016","62.52000045776367","30611100","19.71999931335449"
"2012-06-27","62.7599983215332","63.18000030517578","62.68999862670898","62.900001525878906","35705800","19.450000762939453"
"2012-06-28","62.43000030517578","62.470001220703125","61.540000915527344","62.20000076293945","49793400","19.709999084472656"
"2012-06-29","63.400001525878906","64.16000366210938","63.209999084472656","64.16000366210938","44761300","17.079999923706055"
"2012-07-02","64.25","64.37999725341797","63.869998931884766","64.3499984741211","33425600","16.799999237060547"
"2012-07-03","64.38999938964844","64.88999938964844","64.29000091552734","64.88999938964844","15895100","16.65999984741211"
"2012-07-05","64.83000183105469","65.25","64.4800033569336","64.93000030517578","37016200","17.5"
"2012-07-06","64.62999725341797","64.69000244140625","63.650001525878906","64.12000274658203","40684100","17.100000381469727"
"2012-07-09","64.05000305175781","64.26000213623047","63.68000030517578","64.0","35628300","17.979999542236328"
"2012-07-10","64.3499984741211","64.51000213623047","63.119998931884766","63.369998931884766","47365700","18.71999931335449"
"2012-07-11","63.290000915527344","63.459999084472656","62.5","63.02000045776367","43432000","17.950000762939453"
"2012-07-12","62.52000045776367","62.68999862670898","61.86000061035156","62.43000030517578","57680400","18.32999992370605"
"2012-07-13","62.59999847412109","63.52000045776367","62.560001373291016","63.380001068115234","32357200","16.739999771118164"
"2012-07-16","63.2400016784668","63.52000045776367","62.95000076293945","63.20000076293945","27621400","17.110000610351562"
"2012-07-17","63.59999847412109","63.7400016784668","62.630001068115234","63.52999877929688","42467800","16.479999542236328"
"2012-07-18","63.40999984741211","64.58000183105469","63.38999938964844","64.38999938964844","44489700","16.15999984741211"
"2012-07-19","64.83999633789062","65.30999755859375","64.72000122070312","65.0999984741211","53017800","15.449999809265137"
"2012-07-20","65.08000183105469","65.0999984741211","64.20999908447266","64.23999786376953","40573100","16.270000457763672"
"2012-07-23","62.9900016784668","63.68000030517578","62.5099983215332","63.459999084472656","48657800","18.6200008392334"
"2012-07-24","63.56999969482422","63.65999984741211","62.54999923706055","62.959999084472656","57269700","20.46999931335449"
"2012-07-25","62.470001220703125","62.95000076293945","62.150001525878906","62.540000915527344","46264400","19.34000015258789"
"2012-07-26","63.43999862670898","63.72999954223633","62.970001220703125","63.369998931884766","41928200","17.530000686645508"
"2012-07-27","63.83000183105469","64.98999786376953","63.63999938964844","64.87000274658203","42621000","16.700000762939453"
"2012-07-30","65.02999877929688","65.30999755859375","64.5999984741211","64.81999969482422","37821300","18.030000686645508"
"2012-07-31","64.91999816894531","65.18000030517578","64.73999786376953","64.80000305175781","34588300","18.93000030517578"
"2012-08-01","65.26000213623047","65.27999877929688","64.3499984741211","64.61000061035156","30920200","18.959999084472656"
"2012-08-02","64.12000274658203","65.0199966430664","63.90999984741211","64.37999725341797","40534900","17.56999969482422"
"2012-08-03","65.41999816894531","65.87999725341797","65.19000244140625","65.5999984741211","42117400","15.640000343322754"
"2012-08-06","65.94000244140625","66.38999938964844","65.80000305175781","66.0999984741211","23523600","15.949999809265137"
"2012-08-07","66.37999725341797","66.91999816894531","66.27999877929688","66.6500015258789","28223300","15.989999771118164"
"2012-08-08","66.4800033569336","66.76000213623047","66.37000274658203","66.62000274658203","20723500","15.31999969482422"
"2012-08-09","66.61000061035156","66.91000366210938","66.48999786376953","66.81999969482422","20726200","15.279999732971191"
"2012-08-10","66.58000183105469","66.87999725341797","66.41000366210938","66.86000061035156","20312000","14.739999771118164"
"2012-08-13","66.83999633789062","67.02999877929688","66.5","67.0199966430664","19890300","13.699999809265137"
"2012-08-14","67.2699966430664","67.41000366210938","66.86000061035156","67.05000305175781","24218700","14.850000381469728"
"2012-08-15","67.0","67.31999969482422","66.98999786376953","67.22000122070312","29100400","14.630000114440918"
"2012-08-16","67.47000122070312","68.16999816894531","67.38999938964844","68.0199966430664","35699900","14.289999961853027"
"2012-08-17","68.16999816894531","68.33000183105469","68.01000213623047","68.31999969482422","22584800","13.449999809265137"
"2012-08-20","68.2699966430664","68.43000030517578","68.0","68.41999816894531","26924000","14.020000457763672"
"2012-08-21","68.5999984741211","68.87999725341797","67.87999725341797","68.1500015258789","41391000","15.020000457763672"
"2012-08-22","68.0","68.55999755859375","67.80999755859375","68.43000030517578","44555700","15.109999656677246"
"2012-08-23","68.12000274658203","68.33999633789062","67.69000244140625","67.87000274658203","28800400","15.960000038146973"
"2012-08-24","67.70999908447266","68.44999694824219","67.5999984741211","68.29000091552734","38384800","15.18000030517578"
"2012-08-27","68.58000183105469","68.66999816894531","68.25","68.4000015258789","20671400","16.350000381469727"
"2012-08-28","68.33999633789062","68.58999633789062","68.11000061035156","68.4000015258789","27337900","16.489999771118164"
"2012-08-29","68.4000015258789","68.56999969482422","68.11000061035156","68.4000015258789","26672400","17.059999465942383"
"2012-08-30","68.0999984741211","68.12999725341797","67.5999984741211","67.70999908447266","24425400","17.829999923706055"
"2012-08-31","68.19999694824219","68.44999694824219","67.47000122070312","68.16000366210938","42128000","17.469999313354492"
"2012-09-04","68.02999877929688","68.3499984741211","67.41999816894531","68.08999633789062","32017200","17.979999542236328"
"2012-09-05","68.05999755859375","68.3499984741211","67.83999633789062","68.0199966430664","26129300","17.739999771118164"
"2012-09-06","68.44000244140625","69.55000305175781","68.41999816894531","69.52999877929688","43100000","15.600000381469728"
"2012-09-07","69.37000274658203","69.55000305175781","69.2300033569336","69.43000030517578","32958600","14.380000114440918"
"2012-09-10","69.25","69.4000015258789","68.48999786376953","68.54000091552734","25490000","16.280000686645508"
"2012-09-11","68.55000305175781","68.81999969482422","68.31999969482422","68.43000030517578","29810100","16.40999984741211"
"2012-09-12","68.68000030517578","68.80999755859375","68.20999908447266","68.62999725341797","42203400","15.800000190734863"
"2012-09-13","68.69000244140625","69.86000061035156","68.62000274658203","69.55999755859375","45417800","14.050000190734863"
"2012-09-14","69.80999755859375","70.43000030517578","69.79000091552734","70.18000030517578","38880300","14.510000228881836"
"2012-09-17","70.22000122070312","70.23999786376953","69.95999908447266","70.20999908447266","31798400","14.59000015258789"
"2012-09-18","70.02999877929688","70.30000305175781","70.0199966430664","70.2699966430664","27169800","14.18000030517578"
"2012-09-19","70.26000213623047","70.58000183105469","70.05999755859375","70.4000015258789","36484600","13.880000114440918"
"2012-09-20","70.05999755859375","70.4000015258789","69.87000274658203","70.33000183105469","42520200","14.06999969482422"
"2012-09-21","70.4800033569336","70.54000091552734","70.08000183105469","70.1500015258789","23678500","13.979999542236328"
"2012-09-24","69.56999969482422","69.86000061035156","69.41999816894531","69.73999786376953","32341600","14.149999618530272"
"2012-09-25","69.91999816894531","70.08000183105469","68.7300033569336","68.76000213623047","41299600","15.43000030517578"
"2012-09-26","68.66999816894531","68.70999908447266","67.8499984741211","68.19999694824219","32770400","16.809999465942383"
"2012-09-27","68.37000274658203","69.30000305175781","68.25","69.13999938964844","25339500","14.84000015258789"
"2012-09-28","68.91000366210938","69.12000274658203","68.51000213623047","68.56999969482422","30112600","15.729999542236328"
"2012-10-01","68.9000015258789","69.33000183105469","68.25","68.47000122070312","37715300","16.31999969482422"
"2012-10-02","68.7699966430664","68.9800033569336","68.12999725341797","68.66999816894531","33254300","15.710000038146973"
"2012-10-03","68.86000061035156","69.23999786376953","68.58999633789062","69.11000061035156","38236000","15.43000030517578"
"2012-10-04","69.22000122070312","69.54000091552734","69.0","69.3499984741211","26128600","14.550000190734863"
"2012-10-05","69.69999694824219","69.80000305175781","68.80000305175781","68.9800033569336","25207900","14.329999923706056"
"2012-10-08","68.58000183105469","68.72000122070312","68.19000244140625","68.3499984741211","30911500","15.109999656677246"
"2012-10-09","68.16999816894531","68.33999633789062","67.0999984741211","67.26000213623047","67974000","16.3700008392334"
"2012-10-10","67.23999786376953","67.43000030517578","66.80000305175781","66.91999816894531","45134300","16.290000915527344"
"2012-10-11","67.41999816894531","67.47000122070312","66.66999816894531","66.70999908447266","30469400","15.59000015258789"
"2012-10-12","66.69999694824219","67.05999755859375","66.55000305175781","66.68000030517578","24891200","16.139999389648438"
"2012-10-15","66.93000030517578","67.26000213623047","66.52999877929688","67.16999816894531","22220100","15.270000457763672"
"2012-10-16","67.2699966430664","68.19999694824219","67.25","68.12000274658203","33960600","15.220000267028809"
"2012-10-17","67.7699966430664","68.30000305175781","67.68000030517578","68.08000183105469","33439400","15.06999969482422"
"2012-10-18","67.86000061035156","68.08000183105469","67.04000091552734","67.29000091552734","61707600","15.029999732971191"
"2012-10-19","67.20999908447266","67.2699966430664","65.5999984741211","65.68000030517578","75362600","17.059999465942383"
"2012-10-22","65.6500015258789","66.19000244140625","65.5","66.0199966430664","38621500","16.6200008392334"
"2012-10-23","65.4800033569336","65.94999694824219","65.19000244140625","65.38999938964844","52591200","18.82999992370605"
"2012-10-24","65.76000213623047","65.87000274658203","65.05999755859375","65.16000366210938","39872400","18.32999992370605"
"2012-10-25","65.61000061035156","65.72000122070312","64.97000122070312","65.16000366210938","52688700","18.1200008392334"
"2012-10-26","65.16000366210938","65.62000274658203","64.6500015258789","65.3499984741211","54213100","17.809999465942383"
"2012-10-31","65.2699966430664","65.38999938964844","64.7300033569336","64.94999694824219","38524500","18.600000381469727"
"2012-11-01","65.36000061035156","66.0","65.16999816894531","65.87000274658203","26945000","16.690000534057617"
"2012-11-02","66.16999816894531","66.20999908447266","65.11000061035156","65.16999816894531","44083000","17.59000015258789"
"2012-11-05","65.18000030517578","65.7300033569336","65.04000091552734","65.5999984741211","28094700","18.420000076293945"
"2012-11-06","65.70999908447266","66.16999816894531","65.45999908447266","65.72000122070312","29608400","17.579999923706055"
"2012-11-07","65.0199966430664","65.0999984741211","63.900001525878906","64.16999816894531","70737800","19.07999992370605"
"2012-11-08","64.3499984741211","64.5","63.15999984741211","63.15999984741211","58585800","18.489999771118164"
"2012-11-09","63.20000076293945","64.11000061035156","63.15999984741211","63.43000030517578","51542100","18.61000061035156"
"2012-11-12","63.79999923706055","63.869998931884766","63.25","63.41999816894531","32663700","16.68000030517578"
"2012-11-13","62.93000030517578","63.58000183105469","62.77999877929688","62.97999954223633","43288300","16.649999618530273"
"2012-11-14","63.290000915527344","63.36000061035156","62.13999938964844","62.2400016784668","82655300","17.920000076293945"
"2012-11-15","62.27999877929688","62.4900016784668","61.79999923706055","62.02999877929688","55124200","17.989999771118164"
"2012-11-16","62.08000183105469","62.47999954223633","61.310001373291016","62.29999923706055","70873100","16.40999984741211"
"2012-11-19","62.97999954223633","63.83000183105469","62.959999084472656","63.77999877929688","55306400","15.239999771118164"
"2012-11-20","63.7599983215332","63.88999938964844","63.18999862670898","63.79999923706055","52012700","15.079999923706056"
"2012-11-21","63.869998931884766","64.0199966430664","63.59999847412109","63.93000030517578","19611700","15.3100004196167"
"2012-11-23","64.29000091552734","64.91999816894531","64.25","64.9000015258789","16462900","15.140000343322754"
"2012-11-26","64.73999786376953","65.22000122070312","64.54000091552734","65.18000030517578","26430900","15.5"
"2012-11-27","65.16999816894531","65.4000015258789","64.8499984741211","64.95999908447266","25828600","15.920000076293944"
"2012-11-28","64.6500015258789","65.56999969482422","64.25","65.5199966430664","37295800","15.510000228881836"
"2012-11-29","65.87000274658203","66.13999938964844","65.58000183105469","65.91000366210938","41136100","15.0600004196167"
"2012-11-30","65.91999816894531","65.97000122070312","65.61000061035156","65.80000305175781","33497400","15.869999885559082"
"2012-12-03","66.30999755859375","66.37000274658203","65.63999938964844","65.66999816894531","28240000","16.639999389648438"
"2012-12-04","65.69999694824219","65.7699966430664","65.19999694824219","65.62999725341797","49584500","17.1200008392334"
"2012-12-05","65.52999877929688","65.54000091552734","64.55000305175781","64.9000015258789","54076200","16.459999084472656"
"2012-12-06","64.69999694824219","65.4800033569336","64.52999877929688","65.31999969482422","47512300","16.579999923706055"
"2012-12-07","65.63999938964844","65.70999908447266","64.70999908447266","64.93000030517578","30089400","15.899999618530272"
"2012-12-10","64.75","65.45999908447266","64.75","65.12000274658203","33219600","16.049999237060547"
"2012-12-11","65.56999969482422","66.33999633789062","65.5199966430664","65.97000122070312","40750800","15.56999969482422"
"2012-12-12","66.31999969482422","66.31999969482422","65.6500015258789","65.83000183105469","45917700","15.949999809265137"
"2012-12-13","65.69999694824219","66.16000366210938","65.02999877929688","65.30999755859375","45467700","16.559999465942383"
"2012-12-14","64.87000274658203","65.08000183105469","64.47000122070312","64.69000244140625","39630300","17.0"
"2012-12-17","64.75","65.56999969482422","64.66000366210938","65.55000305175781","42302900","16.34000015258789"
"2012-12-18","65.87999725341797","66.6500015258789","65.69999694824219","66.55000305175781","55596000","15.56999969482422"
"2012-12-19","66.73999786376953","66.76000213623047","66.22000122070312","66.26000213623047","34832500","17.360000610351562"
"2012-12-20","66.37999725341797","66.41000366210938","65.93000030517578","66.26000213623047","40754300","17.670000076293945"
"2012-12-21","64.87999725341797","65.27999877929688","64.5999984741211","65.19999694824219","51152900","17.84000015258789"
"2012-12-24","65.02999877929688","65.13999938964844","64.91999816894531","65.06999969482422","11418300","17.84000015258789"
"2012-12-26","65.12000274658203","65.18000030517578","64.29000091552734","64.5","21751300","19.479999542236328"
"2012-12-27","64.55999755859375","64.63999938964844","63.59999847412109","64.4000015258789","52933200","19.46999931335449"
"2012-12-28","63.90999984741211","64.43000030517578","63.75","63.77999877929688","33082100","22.71999931335449"
"2012-12-31","63.709999084472656","65.25","63.58000183105469","65.12999725341797","57544000","18.020000457763672"
"2013-01-02","66.7300033569336","67.2300033569336","66.4800033569336","67.19999694824219","70695900","14.68000030517578"
"2013-01-03","67.19999694824219","67.33999633789062","66.6500015258789","66.8499984741211","47366500","14.5600004196167"
"2013-01-04","66.87999725341797","66.87999725341797","66.47000122070312","66.62999725341797","33972500","13.829999923706056"
"2013-01-07","66.45999908447266","66.76000213623047","66.25","66.6500015258789","26766200","13.789999961853027"
"2013-01-08","66.63999938964844","66.81999969482422","66.16999816894531","66.5199966430664","28734900","13.619999885559082"
"2013-01-09","66.62000274658203","66.94999694824219","66.55000305175781","66.7699966430664","25600300","13.8100004196167"
"2013-01-10","67.2300033569336","67.2699966430664","66.55000305175781","67.16999816894531","37528000","13.489999771118164"
"2013-01-11","67.13999938964844","67.29000091552734","67.0","67.26000213623047","21158600","13.359999656677246"
"2013-01-14","66.91999816894531","67.1500015258789","66.66999816894531","66.95999908447266","36768500","13.520000457763672"
"2013-01-15","66.62999725341797","66.7300033569336","66.33000183105469","66.62999725341797","31675300","13.550000190734863"
"2013-01-16","66.72000122070312","67.12999725341797","66.5999984741211","66.9000015258789","33822300","13.420000076293944"
"2013-01-17","67.16999816894531","67.4800033569336","67.05999755859375","67.22000122070312","32024200","13.56999969482422"
"2013-01-18","67.0199966430664","67.13999938964844","66.7699966430664","67.06999969482422","31992000","12.460000038146973"
"2013-01-22","67.13999938964844","67.2300033569336","66.7300033569336","67.18000030517578","32123100","12.43000030517578"
"2013-01-23","67.55999755859375","67.79000091552734","67.45999908447266","67.58999633789062","31975700","12.460000038146973"
"2013-01-24","66.66000366210938","67.27999877929688","66.55999755859375","66.66000366210938","42596300","12.6899995803833"
"2013-01-25","66.87000274658203","67.19000244140625","66.73999786376953","67.0","39240100","12.890000343322754"
"2013-01-28","67.01000213623047","67.37999725341797","66.93000030517578","67.1500015258789","32926100","13.56999969482422"
"2013-01-29","67.06999969482422","67.30999755859375","66.62999725341797","67.16000366210938","35554700","13.3100004196167"
"2013-01-30","67.27999877929688","67.4800033569336","66.87000274658203","67.0199966430664","34445000","14.31999969482422"
"2013-01-31","66.98999786376953","67.3499984741211","66.80999755859375","66.87000274658203","34870500","14.279999732971191"
"2013-02-01","67.33999633789062","67.77999877929688","67.06999969482422","67.66000366210938","53120800","12.899999618530272"
"2013-02-04","67.2699966430664","67.45999908447266","66.45999908447266","66.4800033569336","48483700","14.670000076293944"
"2013-02-05","66.7699966430664","67.66999816894531","66.61000061035156","67.45999908447266","35120300","13.720000267028809"
"2013-02-06","67.23999786376953","67.55000305175781","67.04000091552734","67.23999786376953","43593200","13.40999984741211"
"2013-02-07","67.31999969482422","67.37000274658203","66.55999755859375","67.30000305175781","46017900","13.5"
"2013-02-08","67.63999938964844","68.12999725341797","67.62999725341797","67.98999786376953","39837200","13.020000457763672"
"2013-02-11","68.02999877929688","68.05999755859375","67.77999877929688","68.01000213623047","17650400","12.9399995803833"
"2013-02-12","67.91999816894531","68.05000305175781","67.66000366210938","67.7300033569336","22057900","12.640000343322754"
"2013-02-13","67.93000030517578","68.2300033569336","67.7699966430664","67.97000122070312","23494700","12.979999542236328"
"2013-02-14","67.66000366210938","68.05000305175781","67.62000274658203","67.94999694824219","24478800","12.65999984741211"
"2013-02-15","67.94000244140625","68.11000061035156","67.55999755859375","67.75","25333600","12.460000038146973"
"2013-02-19","67.87999725341797","68.26000213623047","67.86000061035156","68.23999786376953","23436500","12.3100004196167"
"2013-02-20","68.22000122070312","68.25","67.18000030517578","67.19000244140625","38200300","14.68000030517578"
"2013-02-21","66.94000244140625","67.01000213623047","66.2300033569336","66.47000122070312","45855600","15.220000267028809"
"2013-02-22","66.8499984741211","67.1500015258789","66.58999633789062","67.13999938964844","21968000","14.170000076293944"
"2013-02-25","67.56999969482422","67.80999755859375","66.25","66.30999755859375","40927600","18.989999771118164"
"2013-02-26","66.4000015258789","66.68000030517578","65.95999908447266","66.55999755859375","42088800","16.8700008392334"
"2013-02-27","66.55999755859375","67.6500015258789","66.47000122070312","67.23999786376953","36339500","14.729999542236328"
"2013-02-28","67.25","67.73999786376953","67.08999633789062","67.0999984741211","28557300","15.510000228881836"
"2013-03-01","66.87000274658203","67.5","66.54000091552734","67.37999725341797","31617200","15.359999656677246"
"2013-03-04","67.16000366210938","67.69000244140625","67.06999969482422","67.68000030517578","19380500","14.010000228881836"
"2013-03-05","68.08000183105469","68.7699966430664","68.08000183105469","68.68000030517578","35581900","13.479999542236328"
"2013-03-06","68.88999938964844","68.91000366210938","68.41999816894531","68.51000213623047","29071100","13.529999732971191"
"2013-03-07","68.58999633789062","68.80000305175781","68.44999694824219","68.69000244140625","21775900","13.0600004196167"
"2013-03-08","68.91999816894531","69.0199966430664","68.5","68.7699966430664","26159900","12.59000015258789"
"2013-03-11","68.68000030517578","68.98999786376953","68.47000122070312","68.97000122070312","23187900","11.5600004196167"
"2013-03-12","68.7699966430664","68.93000030517578","68.38999938964844","68.72000122070312","27575400","12.270000457763672"
"2013-03-13","68.80999755859375","68.88999938964844","68.38999938964844","68.62999725341797","34297300","11.829999923706056"
"2013-03-14","68.87000274658203","69.01000213623047","68.70999908447266","68.86000061035156","31530800","11.300000190734863"
"2013-03-15","68.75","68.79000091552734","68.33999633789062","68.51000213623047","30752600","11.300000190734863"
"2013-03-18","67.87999725341797","68.63999938964844","67.7300033569336","68.36000061035156","36163000","13.359999656677246"
"2013-03-19","68.56999969482422","68.69999694824219","67.62000274658203","68.2300033569336","33125100","14.390000343322754"
"2013-03-20","68.70999908447266","68.86000061035156","68.38999938964844","68.70999908447266","28035400","12.670000076293944"
"2013-03-21","68.08000183105469","68.25","67.7699966430664","67.93000030517578","30050800","13.989999771118164"
"2013-03-22","68.20999908447266","68.63999938964844","68.12999725341797","68.58999633789062","28837200","13.56999969482422"
"2013-03-25","68.80999755859375","68.95999908447266","68.01000213623047","68.33999633789062","24909800","13.739999771118164"
"2013-03-26","68.5999984741211","68.7300033569336","68.44999694824219","68.70999908447266","19725200","12.770000457763672"
"2013-03-27","68.23999786376953","68.8499984741211","68.13999938964844","68.80000305175781","22539500","13.149999618530272"
"2013-03-28","68.80000305175781","69.05999755859375","68.63999938964844","68.97000122070312","23662800","12.699999809265137"
"2013-04-01","69.0199966430664","69.08999633789062","68.30999755859375","68.5","28112800","13.579999923706056"
"2013-04-02","68.83000183105469","69.2699966430664","68.7699966430664","69.04000091552734","29431900","12.779999732971191"
"2013-04-03","69.08000183105469","69.18000030517578","68.23999786376953","68.41000366210938","35131200","14.210000038146973"
"2013-04-04","68.37999725341797","68.5999984741211","68.05999755859375","68.43000030517578","32287400","13.890000343322754"
"2013-04-05","67.3499984741211","67.95999908447266","67.19000244140625","67.86000061035156","55610800","13.920000076293944"
"2013-04-08","67.88999938964844","68.23999786376953","67.69000244140625","68.22000122070312","17891600","13.1899995803833"
"2013-04-09","68.4000015258789","68.95999908447266","68.08999633789062","68.68000030517578","30931400","12.84000015258789"
"2013-04-10","68.91999816894531","70.16999816894531","68.87999725341797","70.0199966430664","55271300","12.359999656677246"
"2013-04-11","69.8499984741211","70.1500015258789","69.7699966430664","69.98999786376953","37233600","12.239999771118164"
"2013-04-12","69.81999969482422","69.98999786376953","69.41000366210938","69.94000244140625","32783700","12.0600004196167"
"2013-04-15","69.68000030517578","69.79000091552734","68.4800033569336","68.55999755859375","48795800","17.270000457763672"
"2013-04-16","68.94999694824219","69.55000305175781","68.80999755859375","69.47000122070312","27682600","13.960000038146973"
"2013-04-17","68.87000274658203","68.88999938964844","67.70999908447266","68.11000061035156","60204800","16.510000228881836"
"2013-04-18","68.29000091552734","68.33000183105469","66.87999725341797","67.16999816894531","56798200","17.559999465942383"
"2013-04-19","67.30000305175781","68.2300033569336","67.19999694824219","68.08999633789062","43062800","14.970000267028809"
"2013-04-22","68.33000183105469","69.04000091552734","68.08000183105469","68.79000091552734","34412100","14.390000343322754"
"2013-04-23","69.18000030517578","69.69999694824219","68.81999969482422","69.44999694824219","53078300","13.479999542236328"
"2013-04-24","69.27999877929688","69.66999816894531","69.12000274658203","69.41999816894531","44500700","13.609999656677246"
"2013-04-25","69.5999984741211","70.05000305175781","69.58999633789062","69.79000091552734","26437100","13.619999885559082"
"2013-04-26","69.62000274658203","69.7699966430664","69.2699966430664","69.56999969482422","24079800","13.609999656677246"
"2013-04-29","69.79000091552734","70.4800033569336","69.76000213623047","70.20999908447266","31664000","13.710000038146973"
"2013-04-30","70.30000305175781","70.7300033569336","70.04000091552734","70.72000122070312","30135800","13.520000457763672"
"2013-05-01","70.73999786376953","70.8499984741211","70.25","70.38999938964844","28537200","14.489999771118164"
"2013-05-02","70.51000213623047","71.43000030517578","70.44999694824219","71.27999877929688","31744200","13.59000015258789"
"2013-05-03","71.97000122070312","72.33999633789062","71.91000366210938","72.12000274658203","34061700","12.850000381469728"
"2013-05-06","72.25","72.51000213623047","72.19000244140625","72.4000015258789","19244300","12.65999984741211"
"2013-05-07","72.5199966430664","72.56999969482422","72.08999633789062","72.36000061035156","25838100","12.829999923706056"
"2013-05-08","72.31999969482422","72.7699966430664","72.19999694824219","72.70999908447266","24252100","12.65999984741211"
"2013-05-09","72.56999969482422","73.0999984741211","72.47000122070312","72.61000061035156","29337200","13.130000114440918"
"2013-05-10","72.76000213623047","73.08000183105469","72.62999725341797","73.05000305175781","20663700","12.59000015258789"
"2013-05-13","72.93000030517578","73.31999969482422","72.86000061035156","73.13999938964844","29730100","12.550000190734863"
"2013-05-14","73.16000366210938","73.73999786376953","73.12999725341797","73.5199966430664","36009800","12.770000457763672"
"2013-05-15","73.37999725341797","73.73999786376953","73.19999694824219","73.66999816894531","27214400","12.8100004196167"
"2013-05-16","73.7300033569336","74.0999984741211","73.55000305175781","73.58999633789062","27253400","13.06999969482422"
"2013-05-17","73.97000122070312","74.33000183105469","73.7300033569336","74.30000305175781","31114500","12.449999809265137"
"2013-05-20","74.16000366210938","74.43000030517578","73.88999938964844","74.19000244140625","25132400","13.020000457763672"
"2013-05-21","74.1500015258789","74.54000091552734","73.88999938964844","74.2699966430664","25900000","13.369999885559082"
"2013-05-22","74.36000061035156","74.94999694824219","73.23999786376953","73.62000274658203","59843200","13.81999969482422"
"2013-05-23","72.97000122070312","73.69999694824219","72.83000183105469","73.44999694824219","48222100","14.06999969482422"
"2013-05-24","72.95999908447266","73.43000030517578","72.76000213623047","73.41000366210938","26430300","13.989999771118164"
"2013-05-28","74.2699966430664","74.54000091552734","73.66000366210938","73.88999938964844","27057100","14.479999542236328"
"2013-05-29","73.5999984741211","73.80000305175781","73.12000274658203","73.54000091552734","32090300","14.829999923706056"
"2013-05-30","73.56999969482422","74.27999877929688","73.55000305175781","73.93000030517578","32390500","14.529999732971191"
"2013-05-31","73.6500015258789","74.20999908447266","73.16999816894531","73.25","38347600","16.299999237060547"
"2013-06-03","73.26000213623047","73.4000015258789","72.43000030517578","73.37999725341797","47613100","16.280000686645508"
"2013-06-04","73.52999877929688","73.81999969482422","72.69999694824219","73.0","35251900","16.270000457763672"
"2013-06-05","72.76000213623047","73.04000091552734","71.98999786376953","72.05000305175781","48654200","17.5"
"2013-06-06","72.1500015258789","72.41000366210938","71.47000122070312","72.4000015258789","62524100","16.6299991607666"
"2013-06-07","72.69999694824219","73.47000122070312","72.5199966430664","73.38999938964844","31969800","15.140000343322754"
"2013-06-10","73.52999877929688","73.76000213623047","73.26000213623047","73.41999816894531","25390000","15.4399995803833"
"2013-06-11","72.69000244140625","73.33999633789062","72.44000244140625","72.69000244140625","40278900","17.06999969482422"
"2013-06-12","73.11000061035156","73.13999938964844","71.73999786376953","71.8499984741211","42081900","18.59000015258789"
"2013-06-13","71.75","72.91999816894531","71.55000305175781","72.76000213623047","28221500","16.40999984741211"
"2013-06-14","72.76000213623047","72.83999633789062","72.16999816894531","72.27999877929688","27690700","17.149999618530273"
"2013-06-17","72.8499984741211","73.4000015258789","72.5999984741211","72.9800033569336","32441900","16.799999237060547"
"2013-06-18","73.08000183105469","73.72000122070312","73.05999755859375","73.58000183105469","24853100","16.610000610351562"
"2013-06-19","73.5999984741211","73.68000030517578","72.68000030517578","72.76000213623047","43145100","16.639999389648438"
"2013-06-20","71.91999816894531","72.16000366210938","70.79000091552734","71.02999877929688","60908400","20.489999771118164"
"2013-06-21","70.77999877929688","70.97000122070312","69.83999633789062","70.43000030517578","51558900","18.899999618530277"
"2013-06-24","69.8499984741211","70.2699966430664","69.1500015258789","69.7300033569336","41492300","20.11000061035156"
"2013-06-25","70.4000015258789","70.5199966430664","69.80999755859375","70.23999786376953","28897400","18.46999931335449"
"2013-06-26","70.83999633789062","71.0","70.58999633789062","70.87000274658203","23742300","17.209999084472656"
"2013-06-27","71.23999786376953","71.62000274658203","71.12999725341797","71.16999816894531","23545000","16.860000610351562"
"2013-06-28","70.94999694824219","71.69000244140625","70.79000091552734","71.2699966430664","28301100","16.860000610351562"
"2013-07-01","71.75","72.30000305175781","71.63999938964844","71.70999908447266","24942800","16.3700008392334"
"2013-07-02","71.68000030517578","72.18000030517578","71.3499984741211","71.73999786376953","23067900","16.440000534057617"
"2013-07-03","71.4800033569336","72.37000274658203","71.41999816894531","72.02999877929688","18847500","16.200000762939453"
"2013-07-05","72.44000244140625","72.61000061035156","71.86000061035156","72.58000183105469","28795900","14.890000343322754"
"2013-07-08","72.95999908447266","72.98999786376953","72.37999725341797","72.6500015258789","20558500","14.779999732971191"
"2013-07-09","72.98999786376953","73.25","72.6500015258789","73.08999633789062","26108600","14.350000381469728"
"2013-07-10","73.0199966430664","73.62000274658203","72.9800033569336","73.51000213623047","25598900","14.210000038146973"
"2013-07-11","74.30000305175781","75.02999877929688","74.25","74.97000122070312","47768900","14.010000228881836"
"2013-07-12","75.0199966430664","75.3499984741211","74.81999969482422","75.30000305175781","31412600","13.84000015258789"
"2013-07-15","75.37999725341797","75.5199966430664","75.16999816894531","75.47000122070312","19783600","13.789999961853027"
"2013-07-16","75.52999877929688","75.58999633789062","75.18000030517578","75.37000274658203","31747100","14.420000076293944"
"2013-07-17","75.5999984741211","75.73999786376953","75.3499984741211","75.55999755859375","24631500","13.779999732971191"
"2013-07-18","75.55000305175781","75.73999786376953","75.25","75.37000274658203","36278800","13.770000457763672"
"2013-07-19","74.72000122070312","74.73999786376953","74.37000274658203","74.58999633789062","37732400","12.539999961853027"
"2013-07-22","74.87000274658203","74.9800033569336","74.58000183105469","74.80999755859375","21135900","12.289999961853027"
"2013-07-23","74.94999694824219","74.95999908447266","74.19999694824219","74.26000213623047","24739500","12.65999984741211"
"2013-07-24","74.98999786376953","75.0199966430664","74.33000183105469","74.5","24426900","13.18000030517578"
"2013-07-25","74.8499984741211","75.05999755859375","74.45999908447266","74.97000122070312","23162200","12.970000267028809"
"2013-07-26","74.66999816894531","75.37999725341797","74.55000305175781","75.37000274658203","20885600","12.720000267028809"
"2013-07-29","75.22000122070312","75.54000091552734","75.02999877929688","75.2300033569336","20958400","13.390000343322754"
"2013-07-30","75.5","75.94999694824219","75.3499984741211","75.62999725341797","24104600","13.390000343322754"
"2013-07-31","75.77999877929688","76.20999908447266","75.62999725341797","75.7699966430664","25007600","13.449999809265137"
"2013-08-01","76.29000091552734","76.6500015258789","76.20999908447266","76.54000091552734","16880000","12.9399995803833"
"2013-08-02","76.55000305175781","76.98999786376953","76.37999725341797","76.97000122070312","18105300","11.979999542236328"
"2013-08-05","76.93000030517578","77.08000183105469","76.77999877929688","77.0199966430664","15462800","11.84000015258789"
"2013-08-06","76.91999816894531","76.98999786376953","76.25","76.55999755859375","23675400","12.720000267028809"
"2013-08-07","76.33999633789062","76.56999969482422","75.87000274658203","76.41999816894531","20281200","12.979999542236328"
"2013-08-08","76.83999633789062","76.9800033569336","76.30000305175781","76.80000305175781","19994000","12.729999542236328"
"2013-08-09","76.66999816894531","76.94000244140625","76.2699966430664","76.48999786376953","18558500","13.40999984741211"
"2013-08-12","76.19999694824219","76.80999755859375","76.19000244140625","76.66999816894531","20515900","12.8100004196167"
"2013-08-13","76.7699966430664","77.2699966430664","76.22000122070312","77.0999984741211","23917000","12.3100004196167"
"2013-08-14","77.06999969482422","77.18000030517578","76.69999694824219","76.80999755859375","29921000","13.039999961853027"
"2013-08-15","75.94999694824219","75.98999786376953","75.29000091552734","75.51000213623047","39406600","14.729999542236328"
"2013-08-16","75.5199966430664","75.87000274658203","75.3499984741211","75.4800033569336","23825000","14.369999885559082"
"2013-08-19","75.48999786376953","76.12999725341797","75.33000183105469","75.3499984741211","29586900","15.100000381469728"
"2013-08-20","75.48999786376953","76.02999877929688","75.43000030517578","75.68000030517578","18842800","14.90999984741211"
"2013-08-21","75.44000244140625","76.08999633789062","75.13999938964844","75.41999816894531","30705100","15.9399995803833"
"2013-08-22","75.75","76.20999908447266","75.70999908447266","76.16000366210938","17269500","14.760000228881836"
"2013-08-23","76.69999694824219","76.7699966430664","76.4000015258789","76.66999816894531","20697300","13.979999542236328"
"2013-08-26","76.7300033569336","77.27999877929688","76.55000305175781","76.70999908447266","27525500","14.989999771118164"
"2013-08-27","75.80000305175781","76.18000030517578","74.95999908447266","75.13999938964844","40068900","16.770000457763672"
"2013-08-28","75.05000305175781","75.75","75.05000305175781","75.43000030517578","20490400","16.489999771118164"
"2013-08-29","75.41000366210938","76.33999633789062","75.30000305175781","75.95999908447266","27287900","16.809999465942383"
"2013-08-30","76.04000091552734","76.04000091552734","75.19999694824219","75.47000122070312","26228500","17.010000228881836"
"2013-09-03","76.08999633789062","76.44000244140625","75.54000091552734","75.9000015258789","27241500","16.610000610351562"
"2013-09-04","76.16000366210938","76.83999633789062","75.93000030517578","76.70999908447266","27142900","15.880000114440918"
"2013-09-05","76.76000213623047","77.05999755859375","76.7300033569336","76.83999633789062","17809700","15.770000457763672"
"2013-09-06","77.0999984741211","77.33999633789062","76.05000305175781","76.93000030517578","27715100","15.850000381469728"
"2013-09-09","77.26000213623047","77.95999908447266","77.2300033569336","77.83000183105469","25161900","15.630000114440918"
"2013-09-10","78.27999877929688","78.31999969482422","77.91999816894531","78.20999908447266","27619400","14.529999732971191"
"2013-09-11","77.69000244140625","78.11000061035156","77.58999633789062","78.05999755859375","28132900","13.81999969482422"
"2013-09-12","78.08000183105469","78.25","77.8499984741211","78.01000213623047","18332700","14.289999961853027"
"2013-09-13","78.08999633789062","78.13999938964844","77.63999938964844","78.05999755859375","16932500","14.15999984741211"
"2013-09-16","78.72000122070312","78.72000122070312","77.66999816894531","77.8499984741211","25704300","14.380000114440918"
"2013-09-17","78.0199966430664","78.47000122070312","77.9800033569336","78.37000274658203","27174300","14.529999732971191"
"2013-09-18","78.48999786376953","79.47000122070312","78.33000183105469","79.30999755859375","31714700","13.59000015258789"
"2013-09-19","79.55999755859375","79.69000244140625","79.36000061035156","79.5","26435700","13.15999984741211"
"2013-09-20","79.44999694824219","79.54000091552734","78.94999694824219","78.98999786376953","26328900","13.119999885559082"
"2013-09-23","79.31999969482422","79.41000366210938","78.45999908447266","78.83000183105469","30319400","14.3100004196167"
"2013-09-24","79.0","79.25","78.56999969482422","78.83000183105469","21871300","14.079999923706056"
"2013-09-25","78.88999938964844","79.0","78.4000015258789","78.55999755859375","22746400","14.010000228881836"
"2013-09-26","78.87999725341797","79.36000061035156","78.8499984741211","79.16999816894531","22421700","14.0600004196167"
"2013-09-27","78.70999908447266","79.20999908447266","78.58999633789062","79.06999969482422","25151600","15.460000038146973"
"2013-09-30","78.25","79.08999633789062","78.0","78.87999725341797","28031900","16.600000381469727"
"2013-10-01","78.88999938964844","79.72000122070312","78.8499984741211","79.68000030517578","33129700","15.539999961853027"
"2013-10-02","79.13999938964844","79.76000213623047","79.05999755859375","79.6500015258789","25503800","16.600000381469727"
"2013-10-03","79.55000305175781","79.72000122070312","78.30000305175781","78.72000122070312","42998200","17.670000076293945"
"2013-10-04","78.72000122070312","79.51000213623047","78.6500015258789","79.4000015258789","22852700","16.739999771118164"
"2013-10-07","78.69999694824219","79.3499984741211","78.66999816894531","78.73999786376953","20227100","19.40999984741211"
"2013-10-08","78.73999786376953","78.80999755859375","77.19000244140625","77.22000122070312","43660700","20.34000015258789"
"2013-10-09","77.4000015258789","77.44000244140625","76.3499984741211","76.9800033569336","64526700","19.600000381469727"
"2013-10-10","77.80999755859375","78.79000091552734","77.79000091552734","78.61000061035156","48062700","16.479999542236328"
"2013-10-11","78.41000366210938","79.29000091552734","78.4000015258789","79.2300033569336","25214100","15.720000267028809"
"2013-10-14","78.73999786376953","79.79000091552734","78.68000030517578","79.79000091552734","31471900","16.06999969482422"
"2013-10-15","79.7300033569336","80.11000061035156","79.37999725341797","79.4800033569336","38684000","18.65999984741211"
"2013-10-16","79.8499984741211","80.41999816894531","79.79000091552734","80.37999725341797","46735900","14.710000038146973"
"2013-10-17","80.0199966430664","80.87000274658203","79.94999694824219","80.83999633789062","32193500","13.479999542236328"
"2013-10-18","81.58000183105469","82.18000030517578","81.3499984741211","82.1500015258789","39628200","13.039999961853027"
"2013-10-21","82.33999633789062","82.54000091552734","82.06999969482422","82.33000183105469","31176900","13.15999984741211"
"2013-10-22","82.6500015258789","82.9000015258789","81.93000030517578","82.44999694824219","43944800","13.329999923706056"
"2013-10-23","82.05000305175781","82.19999694824219","81.55000305175781","81.94999694824219","38021300","13.420000076293944"
"2013-10-24","82.0","82.4800033569336","81.87999725341797","82.30999755859375","23155100","13.199999809265137"
"2013-10-25","83.08000183105469","83.27999877929688","82.5","82.9000015258789","35824500","13.09000015258789"
"2013-10-28","82.91000366210938","83.05000305175781","82.55000305175781","82.91999816894531","28618400","13.3100004196167"
"2013-10-29","83.19999694824219","83.26000213623047","82.69999694824219","83.05999755859375","36878100","13.40999984741211"
"2013-10-30","83.3499984741211","83.48999786376953","82.58000183105469","82.9800033569336","33535500","13.649999618530272"
"2013-10-31","82.7699966430664","83.30000305175781","82.4800033569336","82.79000091552734","31309900","13.75"
"2013-11-01","83.06999969482422","83.16999816894531","82.4000015258789","82.80999755859375","30867800","13.279999732971191"
"2013-11-04","83.05999755859375","83.06999969482422","82.63999938964844","82.93000030517578","16834000","12.93000030517578"
"2013-11-05","82.61000061035156","83.22000122070312","82.37000274658203","83.0199966430664","27975600","13.270000457763672"
"2013-11-06","83.37000274658203","83.4000015258789","82.7300033569336","83.0","25576800","12.670000076293944"
"2013-11-07","83.01000213623047","83.12999725341797","81.37000274658203","81.44000244140625","52173200","13.90999984741211"
"2013-11-08","81.73999786376953","82.55999755859375","81.51000213623047","82.54000091552734","31470500","12.899999618530272"
"2013-11-11","82.41999816894531","82.63999938964844","82.13999938964844","82.41000366210938","24822900","12.529999732971191"
"2013-11-12","82.16000366210938","82.66000366210938","82.12000274658203","82.54000091552734","20108500","12.81999969482422"
"2013-11-13","82.0","83.55000305175781","82.0","83.54000091552734","31345900","12.520000457763672"
"2013-11-14","83.31999969482422","83.86000061035156","83.13999938964844","83.80000305175781","31101200","12.369999885559082"
"2013-11-15","83.81999969482422","83.95999908447266","83.61000061035156","83.95999908447266","20511300","12.1899995803833"
"2013-11-18","83.94000244140625","84.11000061035156","82.9800033569336","83.13999938964844","31679600","13.100000381469728"
"2013-11-19","83.08999633789062","83.48999786376953","82.76000213623047","82.9000015258789","25545300","13.390000343322754"
"2013-11-20","83.12000274658203","83.43000030517578","82.45999908447266","82.69999694824219","32177400","13.399999618530272"
"2013-11-21","83.05000305175781","83.61000061035156","82.9800033569336","83.54000091552734","28125000","12.65999984741211"
"2013-11-22","83.68000030517578","84.0199966430664","83.62000274658203","83.98999786376953","25361300","12.260000228881836"
"2013-11-25","84.29000091552734","84.37999725341797","83.9800033569336","84.19000244140625","21695100","12.789999961853027"
"2013-11-26","84.20999908447266","84.83999633789062","84.02999877929688","84.62999725341797","26621000","12.8100004196167"
"2013-11-27","84.80000305175781","85.23999786376953","84.7300033569336","85.22000122070312","21638100","12.979999542236328"
"2013-11-29","85.55999755859375","85.83999633789062","85.47000122070312","85.7300033569336","16708900","13.699999809265137"
"2013-12-02","85.83000183105469","85.95999908447266","85.3499984741211","85.4800033569336","26354600","14.229999542236328"
"2013-12-03","85.41999816894531","85.63999938964844","85.08000183105469","85.41000366210938","37147000","14.550000190734863"
"2013-12-04","85.05000305175781","85.7699966430664","84.77999877929688","85.48999786376953","37193200","14.699999809265137"
"2013-12-05","85.55999755859375","85.66000366210938","85.16999816894531","85.37999725341797","39829300","15.079999923706056"
"2013-12-06","86.0999984741211","86.18000030517578","85.58999633789062","86.0","36842900","13.789999961853027"
"2013-12-09","86.3499984741211","86.52999877929688","86.19999694824219","86.3499984741211","22590000","13.489999771118164"
"2013-12-10","86.20999908447266","86.44999694824219","86.12000274658203","86.29000091552734","26965900","13.90999984741211"
"2013-12-11","86.27999877929688","86.4000015258789","85.05999755859375","85.18000030517578","36830600","15.420000076293944"
"2013-12-12","85.20999908447266","85.41999816894531","84.9000015258789","84.95999908447266","33662600","15.539999961853027"
"2013-12-13","85.36000061035156","85.4000015258789","84.70999908447266","84.8499984741211","34072000","15.760000228881836"
"2013-12-16","85.2699966430664","85.80999755859375","85.20999908447266","85.31999969482422","24902500","16.030000686645508"
"2013-12-17","85.31999969482422","85.52999877929688","84.98999786376953","85.1500015258789","24454900","16.209999084472656"
"2013-12-18","85.25","86.22000122070312","84.05000305175781","86.13999938964844","68387200","13.800000190734863"
"2013-12-19","86.0","86.01000213623047","85.5199966430664","85.9000015258789","44964100","14.149999618530272"
"2013-12-20","85.79000091552734","86.68000030517578","85.7300033569336","86.5","40475400","13.789999961853027"
"2013-12-23","87.20999908447266","87.41000366210938","86.94999694824219","87.41000366210938","28181800","13.039999961853027"
"2013-12-24","87.43000030517578","87.51000213623047","87.2699966430664","87.44999694824219","13852500","12.479999542236328"
"2013-12-26","87.61000061035156","87.80999755859375","87.44000244140625","87.73999786376953","15241100","12.329999923706056"
"2013-12-27","87.8499984741211","87.9000015258789","87.41000366210938","87.5199966430664","15827400","12.460000038146973"
"2013-12-30","87.38999938964844","87.51000213623047","87.13999938964844","87.38999938964844","18983700","13.5600004196167"
"2013-12-31","87.55000305175781","87.95999908447266","87.5199966430664","87.95999908447266","24890500","13.720000267028809"
"2014-01-02","87.55000305175781","87.58000183105469","87.0199966430664","87.2699966430664","29177500","14.229999542236328"
"2014-01-03","87.2699966430664","87.3499984741211","86.62000274658203","86.63999938964844","35723700","13.760000228881836"
"2014-01-06","86.66000366210938","86.76000213623047","86.0","86.31999969482422","32073100","13.550000190734863"
"2014-01-07","86.72000122070312","87.25","86.55999755859375","87.12000274658203","25860600","12.920000076293944"
"2014-01-08","87.13999938964844","87.55000305175781","86.94999694824219","87.30999755859375","27197400","12.869999885559082"
"2014-01-09","87.62999725341797","87.63999938964844","86.72000122070312","87.0199966430664","23674700","12.890000343322754"
"2014-01-10","87.2300033569336","87.4000015258789","86.58000183105469","87.30000305175781","38008900","12.140000343322754"
"2014-01-13","87.18000030517578","87.4800033569336","85.68000030517578","86.01000213623047","48842300","13.279999732971191"
"2014-01-14","86.30000305175781","87.72000122070312","86.30000305175781","87.6500015258789","37178900","12.279999732971191"
"2014-01-15","88.02999877929688","88.54000091552734","87.94000244140625","88.37000274658203","39835600","12.279999732971191"
"2014-01-16","88.30000305175781","88.51000213623047","88.16000366210938","88.37999725341797","31630100","12.529999732971191"
"2014-01-17","88.11000061035156","88.37000274658203","87.66999816894531","87.87999725341797","36895800","12.4399995803833"
"2014-01-21","88.44000244140625","88.58999633789062","87.80999755859375","88.55000305175781","26412700","12.869999885559082"
"2014-01-22","88.77999877929688","89.0","88.5199966430664","88.77999877929688","29376900","12.84000015258789"
"2014-01-23","88.51000213623047","88.5199966430664","87.86000061035156","88.4800033569336","35011900","13.770000457763672"
"2014-01-24","88.05000305175781","88.18000030517578","86.70999908447266","86.73999786376953","63974600","18.13999938964844"
"2014-01-27","86.73999786376953","86.88999938964844","85.25","85.9000015258789","63519300","17.420000076293945"
"2014-01-28","85.5","85.94000244140625","85.30999755859375","85.8499984741211","44378800","15.800000190734863"
"2014-01-29","85.11000061035156","85.73999786376953","84.76000213623047","84.93000030517578","51939300","17.350000381469727"
"2014-01-30","85.97000122070312","86.80000305175781","85.87999725341797","86.5","65833600","17.290000915527344"
"2014-01-31","85.54000091552734","86.68000030517578","85.44999694824219","86.2699966430664","45187000","18.40999984741211"
"2014-02-03","86.11000061035156","86.5","84.06999969482422","84.29000091552734","65596900","21.440000534057617"
"2014-02-04","84.72000122070312","85.25","84.45999908447266","84.91000366210938","37675500","19.11000061035156"
"2014-02-05","84.62999725341797","84.98999786376953","83.73999786376953","84.69000244140625","41721800","19.950000762939453"
"2014-02-06","84.94000244140625","85.87999725341797","84.91999816894531","85.7699966430664","32308600","17.229999542236328"
"2014-02-07","86.25","87.36000061035156","86.0","87.30000305175781","38359400","15.289999961853027"
"2014-02-10","87.2699966430664","87.83999633789062","87.20999908447266","87.80000305175781","30205400","15.260000228881836"
"2014-02-11","87.98999786376953","88.97000122070312","87.88999938964844","88.80000305175781","38635500","14.510000228881836"
"2014-02-12","88.9800033569336","89.16999816894531","88.69999694824219","88.97000122070312","32507200","14.300000190734863"
"2014-02-13","88.31999969482422","89.69999694824219","88.30000305175781","89.62999725341797","40454500","14.140000343322754"
"2014-02-14","89.5999984741211","90.01000213623047","89.33000183105469","89.80999755859375","33212400","13.56999969482422"
"2014-02-18","89.95999908447266","90.41999816894533","89.73999786376953","90.25","29546600","13.869999885559082"
"2014-02-19","90.08000183105467","90.29000091552734","89.44999694824219","89.62999725341797","41749900","15.5"
"2014-02-20","89.69000244140625","90.22000122070312","89.30999755859375","90.05000305175781","41814800","14.789999961853027"
"2014-02-21","90.33999633789062","90.47000122070312","89.81999969482422","89.93000030517578","31192200","14.68000030517578"
"2014-02-24","90.13999938964844","90.81999969482422","90.04000091552734","90.41000366210938","31500400","14.229999542236328"
"2014-02-25","90.54000091552734","90.72000122070312","90.0199966430664","90.30999755859376","26771700","13.670000076293944"
"2014-02-26","90.5500030517578","90.83999633789062","89.87000274658203","90.2300033569336","42953700","14.350000381469728"
"2014-02-27","89.87000274658203","90.52999877929688","89.7300033569336","90.44000244140624","28742400","14.039999961853027"
"2014-02-28","90.41999816894533","90.95999908447266","89.54000091552734","90.33999633789062","48609800","14.0"
"2014-03-03","89.48999786376953","89.91000366210938","88.87000274658203","89.66999816894531","38885700","16.0"
"2014-03-04","90.6500015258789","90.9800033569336","90.55999755859376","90.80999755859376","33189000","14.100000381469728"
"2014-03-05","90.95999908447266","91.22000122070312","90.7699966430664","91.05999755859376","27203300","13.890000343322754"
"2014-03-06","91.2699966430664","91.33999633789062","90.6500015258789","90.9800033569336","24063900","14.210000038146973"
"2014-03-07","91.2699966430664","91.36000061035156","90.06999969482422","90.52999877929688","31167800","14.109999656677246"
"2014-03-10","90.4800033569336","90.66000366210938","90.02999877929688","90.61000061035156","18131700","14.199999809265137"
"2014-03-11","90.83000183105467","91.05999755859376","89.94999694824219","90.22000122070312","27484300","14.800000190734863"
"2014-03-12","89.80999755859375","90.61000061035156","89.4800033569336","90.55999755859376","27977200","14.470000267028809"
"2014-03-13","90.9000015258789","90.93000030517578","88.87000274658203","89.27999877929688","48542000","16.219999313354492"
"2014-03-14","88.98999786376953","89.37999725341797","88.62999725341797","88.66999816894531","38732300","17.81999969482422"
"2014-03-17","89.23999786376953","89.91000366210938","89.19000244140625","89.44999694824219","28467200","15.640000343322754"
"2014-03-18","89.55999755859375","90.63999938964844","89.52999877929688","90.52999877929688","31250200","14.520000457763672"
"2014-03-19","90.55999755859376","90.66000366210938","89.44999694824219","90.04000091552734","40869400","15.119999885559082"
"2014-03-20","89.76000213623047","90.55999755859376","89.58000183105469","90.29000091552734","31634500","14.520000457763672"
"2014-03-21","90.5999984741211","90.6500015258789","88.83000183105469","89.0","62754000","15.0"
"2014-03-24","89.31999969482422","89.38999938964844","87.41000366210938","88.22000122070312","77735300","15.09000015258789"
"2014-03-25","88.68000030517578","89.25","87.7699966430664","88.51000213623047","41723300","14.020000457763672"
"2014-03-26","88.94999694824219","89.1500015258789","87.36000061035156","87.37000274658203","40930400","14.93000030517578"
"2014-03-27","87.25","87.63999938964844","86.4000015258789","86.87999725341797","64784500","14.619999885559082"
"2014-03-28","87.16000366210938","88.01000213623047","86.80999755859375","87.05000305175781","39895100","14.40999984741211"
"2014-03-31","87.7300033569336","88.26000213623047","87.62000274658203","87.66999816894531","33924300","13.880000114440918"
"2014-04-01","88.0999984741211","89.2699966430664","87.70999908447266","89.20999908447266","38683800","13.100000381469728"
"2014-04-02","89.58999633789062","89.68000030517578","89.04000091552734","89.44000244140625","34631600","13.09000015258789"
"2014-04-03","89.52999877929688","89.68000030517578","88.22000122070312","88.7300033569336","30319100","13.369999885559082"
"2014-04-04","89.31999969482422","89.41000366210938","86.13999938964844","86.37000274658203","131213200","13.960000038146973"
"2014-04-07","85.83000183105469","86.62999725341797","84.94999694824219","85.55000305175781","83995800","15.56999969482422"
"2014-04-08","85.6500015258789","86.45999908447266","85.3499984741211","86.33999633789062","51495700","14.890000343322754"
"2014-04-09","86.66000366210938","87.87000274658203","86.43000030517578","87.81999969482422","45685200","13.81999969482422"
"2014-04-10","87.87999725341797","87.87999725341797","84.86000061035156","85.0999984741211","73659600","15.890000343322754"
"2014-04-11","84.33999633789062","85.44000244140625","83.91000366210938","84.11000061035156","93657400","17.030000686645508"
"2014-04-14","84.8499984741211","85.22000122070312","83.98999786376953","84.7699966430664","46500700","16.110000610351562"
"2014-04-15","85.08000183105469","85.54000091552734","83.27999877929688","85.05000305175781","84631500","15.609999656677246"
"2014-04-16","85.79000091552734","86.18000030517578","85.08999633789062","86.18000030517578","46970900","14.18000030517578"
"2014-04-17","85.8499984741211","86.62999725341797","85.62999725341797","86.19999694824219","53719500","13.359999656677246"
"2014-04-21","86.4000015258789","86.83999633789062","86.0","86.83999633789062","25947900","13.25"
"2014-04-22","87.13999938964844","87.75","86.98999786376953","87.52999877929688","38593400","13.1899995803833"
"2014-04-23","87.52999877929688","87.55999755859375","86.70999908447266","86.76000213623047","34376700","13.270000457763672"
"2014-04-24","88.19000244140625","88.20999908447266","86.6500015258789","87.58999633789062","48926300","13.31999969482422"
"2014-04-25","87.06999969482422","87.16999816894531","85.9800033569336","86.19000244140625","44334000","14.0600004196167"
"2014-04-28","86.5999984741211","87.11000061035156","85.11000061035156","86.47000122070312","58623800","13.970000267028809"
"2014-04-29","86.7300033569336","87.31999969482422","86.30999755859375","87.16000366210938","36742700","13.710000038146973"
"2014-04-30","86.76000213623047","87.4800033569336","86.54000091552734","87.38999938964844","38689400","13.40999984741211"
"2014-05-01","87.52999877929688","88.1500015258789","87.30999755859375","87.6500015258789","37127200","13.25"
"2014-05-02","87.94999694824219","88.11000061035156","87.27999877929688","87.48999786376953","40074200","12.90999984741211"
"2014-05-05","86.97000122070312","87.97000122070312","86.76000213623047","87.94999694824219","27924400","13.289999961853027"
"2014-05-06","87.80999755859375","87.86000061035156","86.7699966430664","86.80999755859375","33698500","13.800000190734863"
"2014-05-07","86.98999786376953","87.08000183105469","85.52999877929688","86.55999755859375","67489100","13.399999618530272"
"2014-05-08","86.25","87.52999877929688","86.05000305175781","86.4800033569336","46556900","13.43000030517578"
"2014-05-09","86.43000030517578","86.86000061035156","85.8499984741211","86.80000305175781","35081500","12.920000076293944"
"2014-05-12","87.31999969482422","88.26000213623047","87.23999786376953","88.2300033569336","38951100","12.229999542236328"
"2014-05-13","88.30999755859375","88.61000061035156","88.12000274658203","88.29000091552734","30311900","12.130000114440918"
"2014-05-14","88.0199966430664","88.3499984741211","87.62000274658203","87.83000183105469","26483600","12.170000076293944"
"2014-05-15","87.80999755859375","87.95999908447266","86.58000183105469","87.13999938964844","59680300","13.170000076293944"
"2014-05-16","87.23999786376953","87.76000213623047","86.63999938964844","87.70999908447266","66804100","12.4399995803833"
"2014-05-19","87.44999694824219","88.45999908447266","87.30000305175781","88.31999969482422","32017000","12.420000076293944"
"2014-05-20","88.27999877929688","88.5999984741211","87.63999938964844","88.0","33716000","12.960000038146973"
"2014-05-21","88.16000366210938","88.88999938964844","88.11000061035156","88.83999633789062","36837700","11.90999984741211"
"2014-05-22","88.94000244140625","89.4800033569336","88.80000305175781","89.2300033569336","30617100","12.029999732971191"
"2014-05-23","89.31999969482422","89.9000015258789","89.12000274658203","89.87999725341797","22687300","11.359999656677246"
"2014-05-27","90.27999877929688","91.0199966430664","90.1999969482422","91.0","29725200","11.510000228881836"
"2014-05-28","90.97000122070312","91.0999984741211","90.6500015258789","90.72000122070312","30468100","11.68000030517578"
"2014-05-29","91.04000091552734","91.30999755859376","90.86000061035156","91.3000030517578","33036100","11.56999969482422"
"2014-05-30","91.31999969482422","91.4499969482422","90.83000183105467","91.30999755859376","29906400","11.399999618530272"
"2014-06-02","91.41999816894533","91.44000244140624","90.63999938964844","91.22000122070312","30409900","11.579999923706056"
"2014-06-03","90.91999816894533","91.33000183105467","90.8000030517578","91.18000030517578","21774500","11.869999885559082"
"2014-06-04","90.9499969482422","91.66999816894533","90.80999755859376","91.5199966430664","20118300","12.079999923706056"
"2014-06-05","91.5999984741211","92.45999908447266","91.29000091552734","92.29000091552734","35583100","11.68000030517578"
"2014-06-06","92.62999725341795","92.81999969482422","92.4499969482422","92.81999969482422","22680600","10.729999542236328"
"2014-06-09","92.83999633789062","92.9800033569336","92.5","92.75","23399500","11.149999618530272"
"2014-06-10","92.66999816894533","92.95999908447266","92.55999755859376","92.91000366210938","20626000","10.989999771118164"
"2014-06-11","92.58999633789062","93.0199966430664","92.5","92.88999938964844","22878200","11.600000381469728"
"2014-06-12","92.69000244140624","92.79000091552734","91.7300033569336","92.0500030517578","35275900","12.5600004196167"
"2014-06-13","92.4499969482422","92.5500030517578","91.91999816894533","92.31999969482422","39447100","12.18000030517578"
"2014-06-16","92.16000366210938","92.66999816894533","91.95999908447266","92.4000015258789","25212300","12.649999618530272"
"2014-06-17","92.33000183105467","92.6999969482422","92.18000030517578","92.4499969482422","19977900","12.0600004196167"
"2014-06-18","92.54000091552734","93.0999984741211","91.9800033569336","92.97000122070312","34514000","10.609999656677246"
"2014-06-19","93.11000061035156","93.16999816894533","92.48999786376952","92.91000366210938","38422200","10.619999885559082"
"2014-06-20","92.6999969482422","92.87000274658205","92.52999877929688","92.7699966430664","25897500","10.850000381469728"
"2014-06-23","92.76000213623048","92.81999969482422","92.51000213623048","92.79000091552734","20837900","10.979999542236328"
"2014-06-24","92.77999877929688","93.56999969482422","92.43000030517578","92.6999969482422","31945800","12.130000114440918"
"2014-06-25","92.48999786376952","93.4499969482422","92.4800033569336","93.29000091552734","32818600","11.59000015258789"
"2014-06-26","93.3499984741211","93.36000061035156","92.62000274658205","93.33999633789062","22563900","11.630000114440918"
"2014-06-27","93.22000122070312","93.7699966430664","93.19000244140624","93.75","22877800","11.260000228881836"
"2014-06-30","93.7300033569336","94.13999938964844","93.66999816894533","93.91000366210938","19751900","11.56999969482422"
"2014-07-01","94.23999786376952","95.19000244140624","94.1999969482422","94.94000244140624","31862500","11.149999618530272"
"2014-07-02","95.0","95.23999786376952","94.91000366210938","95.0999984741211","18777300","10.81999969482422"
"2014-07-03","95.41000366210938","95.6999969482422","95.1500015258789","95.6999969482422","15291700","10.31999969482422"
"2014-07-07","95.58999633789062","95.70999908447266","95.2300033569336","95.41000366210938","23266400","11.329999923706056"
"2014-07-08","95.2300033569336","95.3000030517578","93.87000274658205","94.26000213623048","40612400","11.979999542236328"
"2014-07-09","94.51000213623048","95.06999969482422","94.23999786376952","94.95999908447266","29919000","11.649999618530272"
"2014-07-10","93.73999786376952","95.0500030517578","93.62999725341795","94.66000366210938","44245300","12.59000015258789"
"2014-07-11","94.9000015258789","95.2699966430664","94.61000061035156","95.2699966430664","19566300","12.079999923706056"
"2014-07-14","95.6999969482422","96.05999755859376","95.54000091552734","95.83999633789062","19579000","11.81999969482422"
"2014-07-15","95.98999786376952","96.12999725341795","94.83000183105467","95.51000213623048","39467500","11.960000038146973"
"2014-07-16","96.1999969482422","96.3000030517578","95.79000091552734","95.88999938964844","22052600","11.0"
"2014-07-17","95.62999725341795","95.97000122070312","94.31999969482422","94.62000274658205","43111500","14.539999961853027"
"2014-07-18","95.11000061035156","96.16999816894533","95.0","96.12000274658205","36682200","12.0600004196167"
"2014-07-21","95.91999816894533","96.16000366210938","95.5500030517578","96.0","29750700","12.8100004196167"
"2014-07-22","96.4499969482422","96.76000213623048","96.3499984741211","96.61000061035156","25770400","12.239999771118164"
"2014-07-23","96.9499969482422","97.33999633789062","96.7699966430664","97.2300033569336","28947500","11.520000457763672"
"2014-07-24","97.4000015258789","97.51000213623048","96.9800033569336","97.12000274658205","24707200","11.84000015258789"
"2014-07-25","96.62000274658205","96.87000274658205","96.2300033569336","96.73999786376952","29898900","12.6899995803833"
"2014-07-28","96.83999633789062","97.0199966430664","96.0199966430664","96.7699966430664","25603400","12.5600004196167"
"2014-07-29","96.9800033569336","97.1999969482422","96.5199966430664","96.5999984741211","27022200","13.279999732971191"
"2014-07-30","97.13999938964844","97.31999969482422","96.5999984741211","96.9800033569336","35348500","13.329999923706056"
"2014-07-31","96.18000030517578","96.33999633789062","94.87999725341795","95.0199966430664","50047900","16.950000762939453"
"2014-08-01","94.81999969482422","95.33999633789062","94.04000091552734","94.66999816894533","60708000","17.030000686645508"
"2014-08-04","94.87000274658205","95.69000244140624","94.5199966430664","95.31999969482422","33230500","15.119999885559082"
"2014-08-05","94.94000244140624","95.20999908447266","94.1500015258789","94.58999633789062","50331100","16.8700008392334"
"2014-08-06","94.0","95.11000061035156","93.91999816894533","94.5199966430664","34431900","16.3700008392334"
"2014-08-07","94.95999908447266","95.13999938964844","93.88999938964844","94.22000122070312","33274700","16.65999984741211"
"2014-08-08","94.37000274658205","95.01000213623048","93.97000122070312","94.9000015258789","40236900","15.770000457763672"
"2014-08-11","95.2699966430664","95.76000213623048","95.1999969482422","95.45999908447266","28277500","14.229999542236328"
"2014-08-12","95.36000061035156","95.66999816894533","94.93000030517578","95.41999816894533","28152300","14.130000114440918"
"2014-08-13","95.80999755859376","96.47000122070312","95.76000213623048","96.43000030517578","27996500","12.899999618530272"
"2014-08-14","96.55999755859376","96.9499969482422","96.43000030517578","96.93000030517578","25006600","12.420000076293944"
"2014-08-15","97.48999786376952","97.62999725341795","96.4800033569336","97.4000015258789","55205500","13.149999618530272"
"2014-08-18","97.91000366210938","98.23999786376952","97.7699966430664","98.1500015258789","38938300","12.31999969482422"
"2014-08-19","98.37999725341795","98.76000213623048","98.31999969482422","98.6999969482422","21363400","12.210000038146973"
"2014-08-20","98.62000274658205","98.9000015258789","98.52999877929688","98.6999969482422","23435600","11.779999732971191"
"2014-08-21","98.75","98.9499969482422","98.5999984741211","98.9000015258789","19339500","11.760000228881836"
"2014-08-22","98.94000244140624","99.25","98.72000122070312","99.0500030517578","24692000","11.470000267028809"
"2014-08-25","99.5199966430664","99.68000030517578","99.16000366210938","99.4000015258789","24124700","11.699999809265137"
"2014-08-26","99.5500030517578","99.61000061035156","99.2699966430664","99.5","20100400","11.630000114440918"
"2014-08-27","99.52999877929688","99.63999938964844","99.30999755859376","99.5199966430664","15589100","11.779999732971191"
"2014-08-28","99.18000030517578","99.52999877929688","99.08000183105467","99.41000366210938","23563900","12.050000190734863"
"2014-08-29","99.62999725341795","99.91000366210938","99.2699966430664","99.77999877929688","17906300","12.09000015258789"
"2014-09-02","100.0199966430664","100.0999984741211","99.66000366210938","100.06999969482422","18326800","12.25"
"2014-09-03","100.33999633789062","100.33999633789062","99.3000030517578","99.4800033569336","25950700","12.359999656677246"
"2014-09-04","99.70999908447266","100.22000122070312","99.13999938964844","99.38999938964844","24663500","12.640000343322754"
"2014-09-05","99.54000091552734","99.9499969482422","99.02999877929688","99.88999938964844","30798200","12.09000015258789"
"2014-09-08","99.91999816894533","100.33000183105467","99.62000274658205","100.08000183105467","25571300","12.65999984741211"
"2014-09-09","100.08999633789062","100.45999908447266","99.05999755859376","99.25","36449200","13.5"
"2014-09-10","99.37999725341795","100.11000061035156","99.0999984741211","100.06999969482422","31080100","12.880000114440918"
"2014-09-11","99.63999938964844","100.04000091552734","99.23999786376952","99.98999786376952","28691900","12.800000190734863"
"2014-09-12","99.9000015258789","99.93000030517578","99.16999816894533","99.4800033569336","30444400","13.3100004196167"
"2014-09-15","99.58999633789062","99.5999984741211","98.22000122070312","98.5199966430664","32972200","14.119999885559082"
"2014-09-16","98.1500015258789","99.56999969482422","98.0500030517578","99.37999725341795","38166900","12.729999542236328"
"2014-09-17","99.36000061035156","100.0","98.93000030517578","99.52999877929688","37196500","12.649999618530272"
"2014-09-18","99.83999633789062","100.29000091552734","99.7300033569336","100.27999877929688","30196700","12.029999732971191"
"2014-09-19","100.45999908447266","100.55999755859376","99.58000183105467","99.9800033569336","46918000","12.109999656677246"
"2014-09-22","99.73999786376952","99.75","98.62000274658205","99.0500030517578","48658000","13.6899995803833"
"2014-09-23","98.6500015258789","99.22000122070312","98.58000183105467","98.77999877929688","33989600","14.93000030517578"
"2014-09-24","98.87999725341795","99.88999938964844","98.54000091552734","99.83999633789062","35959000","13.270000457763672"
"2014-09-25","99.5199966430664","99.6500015258789","97.6999969482422","97.73999786376952","68642500","15.640000343322754"
"2014-09-26","98.05999755859376","98.95999908447266","97.88999938964844","98.77999877929688","56106200","14.850000381469728"
"2014-09-29","97.8000030517578","98.91999816894533","97.75","98.6500015258789","33342700","15.979999542236328"
"2014-09-30","98.91999816894533","99.3000030517578","98.31999969482422","98.79000091552734","41834300","16.309999465942383"
"2014-10-01","98.51000213623048","98.61000061035156","96.9000015258789","97.20999908447266","58164900","16.709999084472656"
"2014-10-02","97.16999816894533","97.51000213623048","95.97000122070312","97.20999908447266","54501300","16.15999984741211"
"2014-10-03","97.77999877929688","98.56999969482422","97.44000244140624","98.16999816894533","41627800","14.550000190734863"
"2014-10-06","98.4800033569336","98.72000122070312","97.66000366210938","97.95999908447266","36038700","15.460000038146973"
"2014-10-07","97.5","97.77999877929688","96.55999755859376","96.56999969482422","45154000","17.200000762939453"
"2014-10-08","96.62000274658205","98.76000213623048","96.05999755859376","98.4499969482422","64931600","15.109999656677246"
"2014-10-09","98.31999969482422","98.56999969482422","96.70999908447266","96.86000061035156","62497100","18.76000022888184"
"2014-10-10","96.29000091552734","96.83000183105467","94.41999816894533","94.44000244140624","77579400","21.239999771118164"
"2014-10-13","94.2699966430664","94.98999786376952","92.87999725341795","92.95999908447266","80835900","24.63999938964844"
"2014-10-14","93.54000091552734","94.16999816894533","92.70999908447266","92.97000122070312","71814500","22.790000915527344"
"2014-10-15","91.56999969482422","92.76000213623048","90.23999786376952","92.37000274658205","108847800","25.270000457763672"
"2014-10-16","90.41999816894533","92.58000183105467","90.38999938964844","91.79000091552734","93165800","25.200000762939453"
"2014-10-17","93.0","93.88999938964844","92.45999908447266","93.0","69546700","21.989999771118164"
"2014-10-20","92.98999786376952","94.47000122070312","92.8000030517578","94.38999938964844","41479300","18.56999969482422"
"2014-10-21","95.55999755859376","96.87000274658205","95.31999969482422","96.87000274658205","53609800","16.079999923706055"
"2014-10-22","97.16999816894533","97.3000030517578","96.30999755859376","96.37000274658205","39178000","17.8700008392334"
"2014-10-23","97.33999633789062","98.36000061035156","97.16999816894533","97.81999969482422","48123800","16.530000686645508"
"2014-10-24","98.02999877929688","98.69000244140624","97.63999938964844","98.62000274658205","43157600","16.110000610351562"
"2014-10-27","98.43000030517578","98.87000274658205","98.0199966430664","98.69000244140624","29545700","16.040000915527344"
"2014-10-28","99.1500015258789","100.1999969482422","99.08000183105467","100.18000030517578","34495100","14.390000343322754"
"2014-10-29","99.8499984741211","100.12000274658205","99.0999984741211","99.80999755859376","40552800","15.149999618530272"
"2014-10-30","99.36000061035156","100.26000213623048","99.13999938964844","100.0199966430664","35935800","14.520000457763672"
"2014-10-31","101.68000030517578","101.75","101.06999969482422","101.4000015258789","54254100","14.029999732971191"
"2014-11-03","101.58000183105467","101.97000122070312","101.43000030517578","101.6999969482422","33481000","14.729999542236328"
"2014-11-04","101.37999725341795","101.62000274658205","100.66999816894533","101.36000061035156","22773300","14.890000343322754"
"2014-11-05","102.02999877929688","102.02999877929688","101.0199966430664","101.37000274658205","25818600","14.170000076293944"
"2014-11-06","101.36000061035156","101.72000122070312","100.91999816894533","101.69000244140624","24671900","13.670000076293944"
"2014-11-07","101.87000274658205","101.91000366210938","101.06999969482422","101.5999984741211","20931700","13.119999885559082"
"2014-11-10","101.6500015258789","102.08999633789062","101.37999725341795","101.95999908447266","20360000","12.670000076293944"
"2014-11-11","101.9800033569336","102.27999877929688","101.6999969482422","102.27999877929688","15454000","12.920000076293944"
"2014-11-12","101.87000274658205","102.56999969482422","101.87000274658205","102.45999908447266","22050300","13.020000457763672"
"2014-11-13","102.6500015258789","103.27999877929688","102.41999816894533","102.9000015258789","28027800","13.789999961853027"
"2014-11-14","102.87000274658205","103.22000122070312","102.52999877929688","103.22000122070312","19251300","13.3100004196167"
"2014-11-17","102.9800033569336","103.20999908447266","102.41999816894533","102.91000366210938","23361600","13.989999771118164"
"2014-11-18","103.0","103.81999969482422","102.98999786376952","103.68000030517578","26336800","13.859999656677246"
"2014-11-19","103.56999969482422","103.56999969482422","102.7300033569336","103.20999908447266","23760200","13.960000038146973"
"2014-11-20","102.7699966430664","103.76000213623048","102.69000244140624","103.66999816894533","22874000","13.579999923706056"
"2014-11-21","104.58999633789062","104.69000244140624","103.54000091552734","103.87000274658205","34049100","12.899999618530272"
"2014-11-24","104.1500015258789","104.7300033569336","104.05999755859376","104.68000030517578","17928300","12.619999885559082"
"2014-11-25","104.83999633789062","105.1500015258789","104.56999969482422","104.83999633789062","17526000","12.25"
"2014-11-26","104.94000244140624","105.58000183105467","104.83000183105467","105.5199966430664","18973800","12.06999969482422"
"2014-11-28","105.8000030517578","106.25","105.7300033569336","106.01000213623048","17360400","13.329999923706056"
"2014-12-01","105.72000122070312","105.91999816894533","104.41999816894533","104.80999755859376","35969500","14.15999984741211"
"2014-12-02","104.91999816894533","105.41999816894533","104.6999969482422","105.2300033569336","26031300","12.850000381469728"
"2014-12-03","105.38999938964844","105.56999969482422","104.76000213623048","105.41999816894533","32974300","12.5"
"2014-12-04","105.31999969482422","105.77999877929688","104.93000030517578","105.37000274658205","31008800","12.380000114440918"
"2014-12-05","105.54000091552734","105.6999969482422","105.1500015258789","105.37999725341795","25622200","11.890000343322754"
"2014-12-08","105.11000061035156","105.56999969482422","104.08000183105467","104.62999725341795","32685800","14.210000038146973"
"2014-12-09","103.41000366210938","105.04000091552734","103.04000091552734","104.95999908447266","46035100","15.350000381469728"
"2014-12-10","104.7699966430664","105.02999877929688","103.12000274658205","103.30999755859376","39330100","18.530000686645508"
"2014-12-11","103.61000061035156","105.04000091552734","103.58999633789062","103.8000030517578","47576000","20.07999992370605"
"2014-12-12","102.80999755859376","103.98999786376952","102.66000366210938","102.66999816894533","46889400","21.07999992370605"
"2014-12-15","103.1999969482422","103.58000183105467","101.31999969482422","101.61000061035156","52968400","20.420000076293945"
"2014-12-16","100.97000122070312","102.47000122070312","99.95999908447266","99.9800033569336","65348600","23.56999969482422"
"2014-12-17","100.0500030517578","102.08999633789062","99.91999816894533","101.8000030517578","79715300","19.440000534057617"
"2014-12-18","103.26000213623048","104.26000213623048","102.9800033569336","104.25","49840900","16.809999465942383"
"2014-12-19","103.97000122070312","104.73999786376952","103.70999908447266","104.31999969482422","51419900","16.489999771118164"
"2014-12-22","104.1500015258789","104.61000061035156","104.0999984741211","104.58000183105467","33869200","15.25"
"2014-12-23","104.95999908447266","104.97000122070312","104.08999633789062","104.20999908447266","30156900","14.800000190734863"
"2014-12-24","104.33999633789062","104.6999969482422","104.2699966430664","104.3000030517578","14291300","14.369999885559082"
"2014-12-26","104.5999984741211","105.26000213623048","104.56999969482422","105.04000091552734","13924300","14.5"
"2014-12-29","104.94000244140624","105.25","104.87999725341795","105.0199966430664","17073800","15.0600004196167"
"2014-12-30","104.72000122070312","104.95999908447266","104.18000030517578","104.31999969482422","18604000","15.920000076293944"
"2014-12-31","104.5","104.91000366210938","103.0999984741211","103.25","24367100","19.200000762939453"
"2015-01-02","103.76000213623048","104.1999969482422","102.44000244140624","102.94000244140624","31314600","17.790000915527344"
"2015-01-05","102.48999786376952","102.61000061035156","101.13999938964844","101.43000030517578","36521300","19.920000076293945"
"2015-01-06","101.58000183105467","101.75","99.62000274658205","100.06999969482422","66205500","21.1200008392334"
"2015-01-07","100.7300033569336","101.5999984741211","100.48999786376952","101.36000061035156","37577400","19.309999465942383"
"2015-01-08","102.22000122070312","103.5","102.11000061035156","103.3000030517578","40212600","17.010000228881836"
"2015-01-09","103.62000274658205","103.6500015258789","102.0199966430664","102.62000274658205","41410100","17.549999237060547"
"2015-01-12","102.81999969482422","102.93000030517578","101.29000091552734","101.5500030517578","34129800","19.600000381469727"
"2015-01-13","102.54000091552734","103.62000274658205","100.6999969482422","101.5199966430664","56162300","20.559999465942383"
"2015-01-14","100.5","101.4800033569336","100.06999969482422","100.95999908447266","51354200","21.479999542236328"
"2015-01-15","101.43000030517578","101.58999633789062","99.52999877929688","99.6500015258789","51005400","22.38999938964844"
"2015-01-16","99.5199966430664","100.9499969482422","99.36000061035156","100.81999969482422","35362200","20.950000762939453"
"2015-01-20","101.43000030517578","101.87999725341795","100.29000091552734","101.62000274658205","30964100","19.88999938964844"
"2015-01-21","101.31999969482422","102.62000274658205","100.95999908447266","102.13999938964844","40128800","18.850000381469727"
"2015-01-22","102.54000091552734","104.13999938964844","101.63999938964844","104.02999877929688","40887200","16.399999618530273"
"2015-01-23","104.0199966430664","104.58000183105467","103.72000122070312","104.26000213623048","34783000","16.65999984741211"
"2015-01-26","104.13999938964844","104.33000183105467","103.61000061035156","104.13999938964844","19960900","15.520000457763672"
"2015-01-27","102.5","102.55999755859376","101.0999984741211","101.44000244140624","45253200","17.219999313354492"
"2015-01-28","103.06999969482422","103.18000030517578","100.9000015258789","100.91999816894533","43591700","20.440000534057617"
"2015-01-29","100.83999633789062","102.08000183105467","99.95999908447266","101.88999938964844","46539700","18.76000022888184"
"2015-01-30","101.8000030517578","102.58000183105467","100.95999908447266","101.0999984741211","42927600","20.96999931335449"
"2015-02-02","101.33000183105467","102.06999969482422","99.75","101.9800033569336","43624700","19.43000030517578"
"2015-02-03","102.3499984741211","103.02999877929688","101.68000030517578","102.95999908447266","30750400","17.329999923706055"
"2015-02-04","102.54000091552734","103.5500030517578","102.30999755859376","102.87000274658205","34073200","18.32999992370605"
"2015-02-05","103.12999725341795","103.83000183105467","102.87000274658205","103.76000213623048","23605500","16.850000381469727"
"2015-02-06","103.91999816894533","104.16999816894533","102.76000213623048","103.12999725341795","34169300","17.290000915527344"
"2015-02-09","102.7300033569336","103.29000091552734","102.5500030517578","102.8000030517578","22604700","18.549999237060547"
"2015-02-10","103.37000274658205","104.54000091552734","103.20999908447266","104.4000015258789","23686500","17.229999542236328"
"2015-02-11","104.5199966430664","105.0199966430664","104.31999969482422","104.77999877929688","20303600","16.959999084472656"
"2015-02-12","105.45999908447266","106.04000091552734","105.3000030517578","106.0","22520300","15.34000015258789"
"2015-02-13","106.3000030517578","106.93000030517578","106.0999984741211","106.91000366210938","29030200","14.6899995803833"
"2015-02-17","106.91000366210938","107.08000183105467","106.63999938964844","107.01000213623048","17675300","15.800000190734863"
"2015-02-18","106.87999725341795","107.22000122070312","106.73999786376952","107.16000366210938","15149600","15.449999809265137"
"2015-02-19","107.08999633789062","107.76000213623048","107.05999755859376","107.69000244140624","19828100","15.289999961853027"
"2015-02-20","107.62000274658205","108.47000122070312","107.27999877929688","108.41000366210938","28336700","14.300000190734863"
"2015-02-23","108.3499984741211","108.5500030517578","108.11000061035156","108.5199966430664","17868000","14.5600004196167"
"2015-02-24","108.37999725341795","108.7300033569336","108.0500030517578","108.5999984741211","19745000","13.6899995803833"
"2015-02-25","108.44000244140624","108.86000061035156","108.08999633789062","108.33000183105467","19472300","13.84000015258789"
"2015-02-26","108.44000244140624","108.94000244140624","108.13999938964844","108.87999725341795","22255500","13.90999984741211"
"2015-02-27","108.83999633789062","108.91000366210938","108.2300033569336","108.4000015258789","27757600","13.34000015258789"
"2015-03-02","108.61000061035156","109.41999816894533","108.58999633789062","109.37999725341795","22988600","13.039999961853027"
"2015-03-03","109.0500030517578","109.16000366210938","108.18000030517578","108.87000274658205","20788900","13.859999656677246"
"2015-03-04","108.51000213623048","108.66999816894533","107.86000061035156","108.4499969482422","21007400","14.229999542236328"
"2015-03-05","108.7300033569336","108.97000122070312","108.19000244140624","108.63999938964844","15381000","14.039999961853027"
"2015-03-06","108.5","108.70999908447266","107.13999938964844","107.41000366210938","30990400","15.199999809265137"
"2015-03-09","107.62999725341795","107.98999786376952","107.19000244140624","107.72000122070312","26237100","15.0600004196167"
"2015-03-10","106.9499969482422","106.9800033569336","105.72000122070312","105.72000122070312","34234500","16.690000534057617"
"2015-03-11","105.87999725341795","106.01000213623048","105.06999969482422","105.11000061035156","25459700","16.8700008392334"
"2015-03-12","105.02999877929688","105.91999816894533","104.95999908447266","105.8000030517578","21473200","15.420000076293944"
"2015-03-13","105.6999969482422","106.12000274658205","104.68000030517578","105.33999633789062","42021100","16.0"
"2015-03-16","105.7300033569336","106.73999786376952","105.62000274658205","106.6999969482422","25674100","15.609999656677246"
"2015-03-17","106.41000366210938","107.04000091552734","106.16000366210938","106.87000274658205","19603800","15.65999984741211"
"2015-03-18","106.58000183105467","108.41000366210938","106.02999877929688","107.91999816894533","40622200","13.970000267028809"
"2015-03-19","108.02999877929688","108.37999725341795","107.87000274658205","108.08000183105467","31314000","14.06999969482422"
"2015-03-20","108.72000122070312","109.06999969482422","108.51000213623048","108.52999877929688","31761400","13.020000457763672"
"2015-03-23","108.47000122070312","108.7699966430664","108.27999877929688","108.31999969482422","17268500","13.40999984741211"
"2015-03-24","108.30999755859376","108.80999755859376","107.91000366210938","107.93000030517578","22445300","13.619999885559082"
"2015-03-25","108.0999984741211","108.1999969482422","105.41999816894533","105.45999908447266","41581400","15.4399995803833"
"2015-03-26","104.58999633789062","105.6999969482422","104.23999786376952","105.0999984741211","47846300","15.800000190734863"
"2015-03-27","105.08000183105467","105.7699966430664","104.91999816894533","105.5199966430664","33878400","15.06999969482422"
"2015-03-30","106.16000366210938","106.81999969482422","106.16000366210938","106.7300033569336","30570200","14.510000228881836"
"2015-03-31","106.43000030517578","106.6500015258789","105.56999969482422","105.5999984741211","30488100","15.289999961853027"
"2015-04-01","105.5999984741211","105.62000274658205","104.37000274658205","105.0500030517578","32970500","15.109999656677246"
"2015-04-02","105.1500015258789","105.45999908447266","104.77999877929688","105.12000274658205","19164200","14.670000076293944"
"2015-04-06","104.5","106.2699966430664","104.33999633789062","105.9800033569336","24451100","14.739999771118164"
"2015-04-07","105.91999816894533","106.6999969482422","105.8000030517578","105.8000030517578","19379400","14.779999732971191"
"2015-04-08","105.83999633789062","106.79000091552734","105.83000183105467","106.63999938964844","25866900","13.979999542236328"
"2015-04-09","106.58999633789062","107.3499984741211","106.2300033569336","107.30999755859376","23114700","13.09000015258789"
"2015-04-10","107.2699966430664","107.76000213623048","107.02999877929688","107.75","17164300","12.579999923706056"
"2015-04-13","107.83000183105467","108.37999725341795","107.36000061035156","107.4800033569336","17783500","13.9399995803833"
"2015-04-14","107.37000274658205","107.68000030517578","106.55999755859376","107.16999816894533","23755700","13.670000076293944"
"2015-04-15","107.4499969482422","108.06999969482422","107.31999969482422","107.83999633789062","21128600","12.84000015258789"
"2015-04-16","107.5500030517578","107.87999725341795","107.4000015258789","107.69000244140624","16195300","12.600000381469728"
"2015-04-17","106.66000366210938","106.9499969482422","105.5500030517578","106.01000213623048","46514000","13.890000343322754"
"2015-04-20","106.54000091552734","107.79000091552734","106.5","107.5999984741211","28945900","13.300000190734863"
"2015-04-21","108.22000122070312","108.41000366210938","107.93000030517578","108.05999755859376","22759800","13.25"
"2015-04-22","108.33999633789062","108.83000183105467","107.63999938964844","108.6500015258789","21429200","12.710000038146973"
"2015-04-23","108.27999877929688","109.5500030517578","108.26000213623048","109.05999755859376","29473200","12.479999542236328"
"2015-04-24","110.20999908447266","110.69000244140624","110.02999877929688","110.54000091552734","32508100","12.289999961853027"
"2015-04-27","110.9499969482422","111.16000366210938","110.0199966430664","110.26000213623048","31121300","13.119999885559082"
"2015-04-28","110.33999633789062","110.5500030517578","109.11000061035156","110.04000091552734","36849200","12.40999984741211"
"2015-04-29","109.43000030517578","110.06999969482422","108.75","109.3499984741211","34043900","13.390000343322754"
"2015-04-30","108.7300033569336","109.16999816894533","107.05999755859376","107.62999725341795","44080500","14.550000190734863"
"2015-05-01","108.0500030517578","109.12000274658205","108.02999877929688","109.0500030517578","32874300","12.699999809265137"
"2015-05-04","109.4000015258789","109.91000366210938","109.16999816894533","109.2300033569336","23507300","12.850000381469728"
"2015-05-05","108.8000030517578","109.0","107.4000015258789","107.4499969482422","47843300","14.3100004196167"
"2015-05-06","107.63999938964844","107.9499969482422","106.0","106.70999908447266","42687200","15.149999618530272"
"2015-05-07","106.68000030517578","107.6500015258789","106.5999984741211","107.3499984741211","29335800","15.130000114440918"
"2015-05-08","108.45999908447266","108.91999816894533","108.3000030517578","108.69000244140624","33023300","12.859999656677246"
"2015-05-11","108.76000213623048","108.9800033569336","108.19000244140624","108.2699966430664","19679300","13.850000381469728"
"2015-05-12","107.62999725341795","108.33000183105467","106.8000030517578","107.77999877929688","33665000","13.859999656677246"
"2015-05-13","108.25","108.80999755859376","107.83999633789062","108.0","20738400","13.760000228881836"
"2015-05-14","108.87999725341795","109.66999816894533","108.4800033569336","109.58000183105467","23904200","12.739999771118164"
"2015-05-15","109.86000061035156","110.01000213623048","109.30999755859376","109.58000183105467","23937400","12.380000114440918"
"2015-05-18","109.4000015258789","110.27999877929688","109.31999969482422","110.05999755859376","17631100","12.729999542236328"
"2015-05-19","110.18000030517578","110.3499984741211","109.76000213623048","109.94000244140624","14212900","12.850000381469728"
"2015-05-20","110.0199966430664","110.66999816894533","109.43000030517578","110.01000213623048","21131900","12.880000114440918"
"2015-05-21","109.81999969482422","110.7300033569336","109.66000366210938","110.58000183105467","16771800","12.109999656677246"
"2015-05-22","110.4499969482422","110.87000274658205","110.37999725341795","110.47000122070312","13543800","12.130000114440918"
"2015-05-26","110.2300033569336","110.37999725341795","108.76000213623048","109.1999969482422","25488400","14.0600004196167"
"2015-05-27","109.52999877929688","111.08000183105467","109.29000091552734","110.95999908447266","30572700","13.270000457763672"
"2015-05-28","110.75","111.01000213623048","110.37000274658205","110.70999908447266","17302400","13.3100004196167"
"2015-05-29","110.63999938964844","110.79000091552734","109.79000091552734","110.0500030517578","30383000","13.84000015258789"
"2015-06-01","110.63999938964844","110.72000122070312","109.5199966430664","110.41999816894533","24570200","13.970000267028809"
"2015-06-02","110.01000213623048","110.61000061035156","109.47000122070312","110.06999969482422","19449600","14.239999771118164"
"2015-06-03","110.56999969482422","110.80999755859376","110.12999725341795","110.4000015258789","20507200","13.65999984741211"
"2015-06-04","109.77999877929688","110.4800033569336","109.20999908447266","109.55999755859376","31374600","14.710000038146973"
"2015-06-05","109.43000030517578","109.69000244140624","108.62999725341795","109.3000030517578","22641700","14.210000038146973"
"2015-06-08","109.25","109.33000183105467","107.97000122070312","108.19000244140624","24549200","15.289999961853027"
"2015-06-09","107.93000030517578","108.4000015258789","107.1999969482422","108.01000213623048","27554600","14.470000267028809"
"2015-06-10","108.37999725341795","109.80999755859376","108.26000213623048","109.48999786376952","30297900","13.220000267028809"
"2015-06-11","109.86000061035156","110.1500015258789","109.45999908447266","109.6500015258789","17593500","12.850000381469728"
"2015-06-12","109.06999969482422","109.3000030517578","108.5999984741211","108.75","27201800","13.779999732971191"
"2015-06-15","107.94000244140624","108.37999725341795","107.30999755859376","108.20999908447266","31238800","15.390000343322754"
"2015-06-16","108.0999984741211","108.9800033569336","108.0500030517578","108.8000030517578","16456900","14.8100004196167"
"2015-06-17","108.9800033569336","109.4499969482422","108.43000030517578","109.0999984741211","23296700","14.5"
"2015-06-18","109.5","110.87999725341795","109.44000244140624","110.69000244140624","43032400","13.1899995803833"
"2015-06-19","110.48999786376952","110.58000183105467","109.80999755859376","109.88999938964844","27877600","13.960000038146973"
"2015-06-22","110.6999969482422","111.02999877929688","110.4499969482422","110.6999969482422","19120900","12.739999771118164"
"2015-06-23","110.81999969482422","110.88999938964844","110.33000183105467","110.79000091552734","18127900","12.109999656677246"
"2015-06-24","110.66000366210938","111.12999725341795","110.19000244140624","110.22000122070312","15815900","13.260000228881836"
"2015-06-25","110.6500015258789","110.76000213623048","109.81999969482422","110.0","18326700","14.010000228881836"
"2015-06-26","109.9800033569336","110.2300033569336","108.86000061035156","109.2699966430664","32311700","14.020000457763672"
"2015-06-29","108.05999755859376","108.66000366210938","106.63999938964844","106.69000244140624","50874900","18.850000381469727"
"2015-06-30","107.48999786376952","107.72000122070312","106.73999786376952","107.06999969482422","34809900","18.229999542236328"
"2015-07-01","108.12999725341795","108.3499984741211","107.41999816894533","107.91999816894533","21293000","16.09000015258789"
"2015-07-02","108.2300033569336","108.31999969482422","107.62000274658205","107.9499969482422","20499400","16.790000915527344"
"2015-07-06","107.2699966430664","108.31999969482422","107.04000091552734","107.6999969482422","24311000","17.010000228881836"
"2015-07-07","107.81999969482422","108.06999969482422","105.83000183105467","107.97000122070312","44230800","16.09000015258789"
"2015-07-08","107.1999969482422","107.33000183105467","105.88999938964844","106.08999633789062","39691500","19.65999984741211"
"2015-07-09","107.5","107.5999984741211","106.0199966430664","106.02999877929688","28381000","19.96999931335449"
"2015-07-10","107.44000244140624","108.0500030517578","107.0500030517578","107.6500015258789","26415800","16.829999923706055"
"2015-07-13","108.58000183105467","109.62999725341795","108.56999969482422","109.54000091552734","25780700","13.899999618530272"
"2015-07-14","109.69000244140624","110.55999755859376","109.62999725341795","110.26000213623048","21977200","13.369999885559082"
"2015-07-15","110.47000122070312","110.80999755859376","110.06999969482422","110.37999725341795","28631500","13.229999542236328"
"2015-07-16","111.29000091552734","111.95999908447266","111.06999969482422","111.94000244140624","29838900","12.109999656677246"
"2015-07-17","112.83999633789062","113.58999633789062","112.6500015258789","113.58999633789062","35926800","11.949999809265137"
"2015-07-20","113.83000183105467","114.38999938964844","113.4800033569336","113.9800033569336","26539000","12.25"
"2015-07-21","114.0199966430664","114.1999969482422","113.58000183105467","113.91000366210938","35468900","12.220000267028809"
"2015-07-22","112.16999816894533","113.16999816894533","112.16999816894533","112.62000274658205","35575000","12.119999885559082"
"2015-07-23","112.7300033569336","113.0999984741211","111.91000366210938","112.1999969482422","25698300","12.640000343322754"
"2015-07-24","112.8000030517578","113.0","110.93000030517578","111.0999984741211","30844700","13.739999771118164"
"2015-07-27","110.47000122070312","110.9499969482422","109.94000244140624","110.18000030517578","35994800","15.600000381469728"
"2015-07-28","110.66999816894533","111.3499984741211","109.79000091552734","111.12999725341795","33553500","13.4399995803833"
"2015-07-29","111.37000274658205","111.79000091552734","110.94000244140624","111.5500030517578","26714100","12.5"
"2015-07-30","111.29000091552734","112.2699966430664","110.62000274658205","112.08000183105467","25438100","12.130000114440918"
"2015-07-31","112.43000030517578","112.48999786376952","111.72000122070312","111.9499969482422","22081700","12.119999885559082"
"2015-08-03","111.97000122070312","112.27999877929688","110.86000061035156","111.5999984741211","25001800","12.5600004196167"
"2015-08-04","111.5500030517578","111.75","110.93000030517578","111.38999938964844","22132300","13.0"
"2015-08-05","112.01000213623048","113.0","111.87999725341795","112.25","28989900","12.510000228881836"
"2015-08-06","112.3499984741211","112.5","109.9499969482422","110.4499969482422","42125400","13.770000457763672"
"2015-08-07","110.18000030517578","110.56999969482422","109.4000015258789","110.30999755859376","30006800","13.390000343322754"
"2015-08-10","111.01000213623048","111.80999755859376","111.0","111.56999969482422","21500800","12.229999542236328"
"2015-08-11","110.9800033569336","111.41000366210938","109.52999877929688","110.13999938964844","36123300","13.710000038146973"
"2015-08-12","109.37999725341795","110.73999786376952","108.22000122070312","110.5199966430664","41889000","13.609999656677246"
"2015-08-13","110.62999725341795","111.16000366210938","110.0999984741211","110.33999633789062","22510500","13.489999771118164"
"2015-08-14","110.08000183105467","110.66999816894533","109.86000061035156","110.51000213623048","17924900","12.829999923706056"
"2015-08-17","110.23999786376952","111.45999908447266","109.95999908447266","111.43000030517578","21224900","13.020000457763672"
"2015-08-18","111.27999877929688","111.37000274658205","110.70999908447266","110.86000061035156","13984400","13.789999961853027"
"2015-08-19","110.5199966430664","111.11000061035156","109.48999786376952","110.12999725341795","42511400","15.25"
"2015-08-20","109.11000061035156","109.45999908447266","107.06999969482422","107.08000183105467","57747300","19.13999938964844"
"2015-08-21","105.56999969482422","106.47000122070312","102.4000015258789","102.4000015258789","97763400","28.030000686645508"
"2015-08-24","94.2300033569336","102.52999877929688","84.73999786376953","98.45999908447266","150829900","40.7400016784668"
"2015-08-25","102.06999969482422","102.73999786376952","98.01000213623048","98.08999633789062","75088300","36.02000045776367"
"2015-08-26","100.95999908447266","103.2300033569336","98.93000030517578","103.02999877929688","104103800","30.31999969482422"
"2015-08-27","104.5199966430664","105.70999908447266","103.27999877929688","105.63999938964844","69377700","26.100000381469727"
"2015-08-28","105.08000183105467","106.0","104.8499984741211","105.62000274658205","49919600","26.049999237060547"
"2015-08-31","105.02999877929688","105.61000061035156","104.0500030517578","104.30999755859376","39549400","28.43000030517578"
"2015-09-01","101.70999908447266","103.29000091552734","100.62999725341795","101.0500030517578","73155500","31.399999618530277"
"2015-09-02","102.87999725341795","103.91999816894533","101.6999969482422","103.9000015258789","43963600","26.09000015258789"
"2015-09-03","104.30999755859376","105.0199966430664","103.0999984741211","103.38999938964844","45131800","25.61000061035156"
"2015-09-04","101.97000122070312","102.8499984741211","101.58999633789062","102.16000366210938","49379600","27.799999237060547"
"2015-09-08","104.12000274658205","105.16999816894533","103.69000244140624","105.04000091552734","37343500","24.899999618530277"
"2015-09-09","106.27999877929688","106.30999755859376","103.58999633789062","103.86000061035156","47146700","26.229999542236328"
"2015-09-10","103.73999786376952","105.68000030517578","103.62000274658205","104.98999786376952","47686700","24.3700008392334"
"2015-09-11","104.51000213623048","105.56999969482422","104.20999908447266","105.56999969482422","29106100","23.200000762939453"
"2015-09-14","105.95999908447266","105.9800033569336","104.8499984741211","105.25","19718800","24.25"
"2015-09-15","105.5","106.81999969482422","105.11000061035156","106.48999786376952","30020200","22.540000915527344"
"2015-09-16","106.51000213623048","107.19000244140624","106.13999938964844","107.08999633789062","31329100","21.350000381469727"
"2015-09-17","106.9800033569336","108.7300033569336","106.63999938964844","107.12999725341795","56139800","21.13999938964844"
"2015-09-18","105.2300033569336","106.5999984741211","105.16999816894533","105.3499984741211","48384000","22.280000686645508"
"2015-09-21","105.93000030517578","106.5500030517578","104.7300033569336","105.68000030517578","35772600","20.13999938964844"
"2015-09-22","104.05999755859376","104.41999816894533","103.12999725341795","104.0999984741211","47359700","22.440000534057617"
"2015-09-23","104.37999725341795","104.66000366210938","103.63999938964844","104.18000030517578","21775100","22.1299991607666"
"2015-09-24","103.16999816894533","104.19000244140624","102.2699966430664","103.8000030517578","38284300","23.46999931335449"
"2015-09-25","104.91000366210938","105.01000213623048","102.27999877929688","102.91999816894533","44700000","23.6200008392334"
"2015-09-28","102.4800033569336","102.5500030517578","99.69000244140624","99.98999786376952","44077500","27.6299991607666"
"2015-09-29","100.23999786376952","101.26000213623048","98.75","99.47000122070312","49315500","26.82999992370605"
"2015-09-30","100.88999938964844","101.87000274658205","100.5","101.76000213623048","41411400","24.5"
"2015-10-01","101.94000244140624","102.2300033569336","100.58999633789062","102.22000122070312","39339100","22.549999237060547"
"2015-10-02","100.8000030517578","104.01000213623048","100.4800033569336","104.01000213623048","59370900","20.940000534057617"
"2015-10-05","104.77999877929688","105.77999877929688","104.5500030517578","105.5","32853500","19.540000915527344"
"2015-10-06","105.25","105.5999984741211","104.18000030517578","105.0","33051500","19.399999618530277"
"2015-10-07","105.66000366210938","105.86000061035156","104.29000091552734","105.62999725341795","37389300","18.399999618530277"
"2015-10-08","105.2300033569336","106.2300033569336","104.20999908447266","106.0500030517578","50188900","17.420000076293945"
"2015-10-09","106.0999984741211","106.7300033569336","105.80999755859376","106.52999877929688","23916200","17.079999923706055"
"2015-10-12","106.7300033569336","106.98999786376952","106.3499984741211","106.79000091552734","16162000","16.170000076293945"
"2015-10-13","106.18000030517578","107.26000213623048","106.0","106.0999984741211","26999600","17.670000076293945"
"2015-10-14","106.0999984741211","106.62999725341795","105.48999786376952","105.93000030517578","30902600","18.030000686645508"
"2015-10-15","106.31999969482422","107.68000030517578","106.18000030517578","107.66999816894533","38393800","16.049999237060547"
"2015-10-16","107.9000015258789","108.18000030517578","107.37999725341795","108.12000274658205","27091100","15.050000190734863"
"2015-10-19","107.9800033569336","108.80999755859376","107.73999786376952","108.73999786376952","23776300","14.979999542236328"
"2015-10-20","108.5500030517578","108.77999877929688","107.80999755859376","108.18000030517578","23404700","15.75"
"2015-10-21","108.7300033569336","108.83999633789062","107.4800033569336","107.5199966430664","30195200","16.700000762939453"
"2015-10-22","108.4800033569336","109.8000030517578","108.16999816894533","109.70999908447266","42778700","14.449999809265137"
"2015-10-23","112.66000366210938","113.23999786376952","112.06999969482422","112.77999877929688","53170900","14.460000038146973"
"2015-10-26","112.6999969482422","113.06999969482422","112.2699966430664","112.8499984741211","25918000","15.289999961853027"
"2015-10-27","112.5500030517578","113.23999786376952","112.5199966430664","113.08000183105467","31390500","15.43000030517578"
"2015-10-28","113.25","114.0199966430664","112.33999633789062","114.0199966430664","42221900","14.329999923706056"
"2015-10-29","113.5","114.02999877929688","113.37999725341795","113.83999633789062","24913300","14.609999656677246"
"2015-10-30","113.88999938964844","114.08000183105467","113.3000030517578","113.33000183105467","27199200","15.06999969482422"
"2015-11-02","113.62999725341795","114.75","113.38999938964844","114.61000061035156","22176900","14.149999618530272"
"2015-11-03","114.37999725341795","115.41999816894533","114.20999908447266","115.01000213623048","20418400","14.539999961853027"
"2015-11-04","115.38999938964844","115.47000122070312","114.54000091552734","115.0199966430664","28633000","15.510000228881836"
"2015-11-05","115.12000274658205","115.4000015258789","114.11000061035156","114.70999908447266","25004100","15.050000190734863"
"2015-11-06","114.48999786376952","114.91999816894533","113.76000213623048","114.79000091552734","29924900","14.329999923706056"
"2015-11-09","114.36000061035156","114.51000213623048","112.87000274658205","113.56999969482422","33479800","16.520000457763672"
"2015-11-10","112.97000122070312","113.38999938964844","112.62999725341795","113.27999877929688","35452100","15.289999961853027"
"2015-11-11","113.58999633789062","114.13999938964844","112.9499969482422","113.13999938964844","22748800","16.059999465942383"
"2015-11-12","112.68000030517578","113.2300033569336","111.95999908447266","112.04000091552734","31196900","18.3700008392334"
"2015-11-13","111.56999969482422","111.69000244140624","109.77999877929688","109.83999633789062","52836000","20.07999992370605"
"2015-11-16","109.7300033569336","111.44000244140624","109.4800033569336","111.41999816894533","33980600","18.15999984741211"
"2015-11-17","111.61000061035156","112.29000091552734","111.20999908447266","111.48999786376952","30579500","18.84000015258789"
"2015-11-18","111.94000244140624","113.73999786376952","111.83000183105467","113.62999725341795","32966500","16.850000381469727"
"2015-11-19","113.69000244140624","114.2300033569336","113.48999786376952","113.70999908447266","26188100","16.989999771118164"
"2015-11-20","114.25","114.56999969482422","114.13999938964844","114.4800033569336","22727600","15.470000267028809"
"2015-11-23","114.5199966430664","114.94000244140624","113.66000366210938","114.1500015258789","20696200","15.619999885559082"
"2015-11-24","113.41000366210938","114.31999969482422","112.83999633789062","114.0500030517578","26374400","15.93000030517578"
"2015-11-25","114.22000122070312","114.36000061035156","113.91000366210938","114.1500015258789","14159900","15.1899995803833"
"2015-11-27","114.4000015258789","114.54000091552734","113.91999816894533","114.30999755859376","8828000","15.119999885559082"
"2015-11-30","114.6500015258789","114.6500015258789","113.6500015258789","114.0199966430664","25041600","16.1299991607666"
"2015-12-01","114.4800033569336","115.16000366210938","114.33999633789062","115.16000366210938","28639400","14.670000076293944"
"2015-12-02","115.25","115.75","114.27999877929688","114.4499969482422","22395500","15.90999984741211"
"2015-12-03","114.76000213623048","114.95999908447266","111.83999633789062","112.51000213623048","42754300","18.11000061035156"
"2015-12-04","112.8499984741211","115.33000183105467","112.62000274658205","115.13999938964844","40037300","14.8100004196167"
"2015-12-07","115.22000122070312","115.29000091552734","114.06999969482422","114.62000274658205","25892100","15.84000015258789"
"2015-12-08","113.41999816894533","115.0","113.37999725341795","114.62999725341795","30792600","17.600000381469727"
"2015-12-09","114.12999725341795","114.76000213623048","112.1999969482422","112.88999938964844","48509200","19.61000061035156"
"2015-12-10","113.1500015258789","114.16000366210938","112.80999755859376","113.4000015258789","30154600","19.34000015258789"
"2015-12-11","112.08999633789062","112.38999938964844","110.72000122070312","110.79000091552734","56022200","24.38999938964844"
"2015-12-14","110.94000244140624","111.68000030517578","109.37999725341795","111.62999725341795","53098500","22.729999542236328"
"2015-12-15","112.66000366210938","113.27999877929688","112.16999816894533","112.30999755859376","48428000","20.950000762939453"
"2015-12-16","113.06999969482422","114.16999816894533","111.88999938964844","113.9800033569336","44944100","17.860000610351562"
"2015-12-17","114.4800033569336","114.4800033569336","112.3000030517578","112.31999969482422","45668800","18.940000534057617"
"2015-12-18","111.62999725341795","111.87999725341795","109.83000183105467","109.83000183105467","53746100","20.700000762939453"
"2015-12-21","110.87000274658205","111.06999969482422","110.0500030517578","111.0500030517578","26432800","18.700000762939453"
"2015-12-22","111.63999938964844","111.94000244140624","111.0500030517578","111.77999877929688","26540300","16.600000381469727"
"2015-12-23","112.36000061035156","112.69000244140624","112.16000366210938","112.61000061035156","25656900","15.56999969482422"
"2015-12-24","112.61000061035156","112.9000015258789","112.54000091552734","112.58999633789062","11468600","15.739999771118164"
"2015-12-28","112.31999969482422","112.5500030517578","111.51000213623048","112.52999877929688","19183600","16.90999984741211"
"2015-12-29","113.1999969482422","114.5500030517578","113.12999725341795","114.3000030517578","27725700","16.079999923706055"
"2015-12-30","114.1999969482422","114.23999786376952","113.25","113.2699966430664","19520100","17.290000915527344"
"2015-12-31","112.87000274658205","113.08000183105467","111.83999633789062","111.86000061035156","29886800","18.209999084472656"
"2016-01-04","109.4499969482422","109.5999984741211","108.12000274658205","109.5","50807600","20.700000762939453"
"2016-01-05","110.04000091552734","110.18000030517578","108.8000030517578","109.30999755859376","38795200","19.34000015258789"
"2016-01-06","107.41000366210938","108.88999938964844","107.41000366210938","108.26000213623048","41891100","20.59000015258789"
"2016-01-07","105.9499969482422","107.29000091552734","104.80999755859376","104.87000274658205","61386300","24.989999771118164"
"2016-01-08","105.62999725341795","106.29000091552734","103.9000015258789","104.01000213623048","69344000","27.01000022888184"
"2016-01-11","104.75","105.05999755859376","102.7300033569336","104.33000183105467","50024100","24.299999237060547"
"2016-01-12","105.33000183105467","106.08000183105467","104.08000183105467","105.54000091552734","46734200","22.46999931335449"
"2016-01-13","105.97000122070312","106.2300033569336","101.73999786376952","101.9000015258789","69870700","25.21999931335449"
"2016-01-14","102.3000030517578","104.9800033569336","100.66999816894533","104.06999969482422","78445700","23.950000762939453"
"2016-01-15","100.62000274658205","101.94000244140624","99.51000213623048","100.83999633789062","91443900","27.020000457763672"
"2016-01-19","102.20999908447266","102.37000274658205","99.87999725341795","101.05999755859376","56563800","26.049999237060547"
"2016-01-20","99.47000122070312","101.83000183105467","97.25","100.75","86675000","27.59000015258789"
"2016-01-21","101.18000030517578","102.3499984741211","99.81999969482422","100.8499984741211","61660100","26.690000534057617"
"2016-01-22","102.87999725341795","103.80999755859376","102.52999877929688","103.7699966430664","42229800","22.34000015258789"
"2016-01-25","103.4000015258789","103.98999786376952","102.13999938964844","102.2300033569336","38881500","24.149999618530277"
"2016-01-26","102.66000366210938","103.58999633789062","101.76000213623048","103.1500015258789","36143900","22.5"
"2016-01-27","102.5500030517578","102.98999786376952","100.1500015258789","100.58000183105467","54524700","23.11000061035156"
"2016-01-28","102.25","102.29000091552734","100.26000213623048","102.0","47641500","22.420000076293945"
"2016-01-29","101.97000122070312","104.16999816894533","101.94000244140624","104.12999725341795","54245100","20.200000762939453"
"2016-02-01","103.62999725341795","104.8000030517578","103.2300033569336","104.41000366210938","32750300","19.979999542236328"
"2016-02-02","103.93000030517578","103.97000122070312","101.83999633789062","102.1500015258789","44928100","21.979999542236328"
"2016-02-03","102.83000183105467","102.83000183105467","99.87999725341795","101.66000366210938","61572900","21.649999618530277"
"2016-02-04","101.38999938964844","102.45999908447266","100.44000244140624","101.6500015258789","49321600","21.84000015258789"
"2016-02-05","101.29000091552734","101.33000183105467","97.72000122070312","98.12000274658205","70749900","23.3799991607666"
"2016-02-08","96.29000091552734","97.0500030517578","94.83999633789062","96.62000274658205","91673100","26.0"
"2016-02-09","95.33000183105467","97.77999877929688","95.18000030517578","96.31999969482422","73778400","26.540000915527344"
"2016-02-10","97.43000030517578","98.69000244140624","96.62000274658205","96.69000244140624","59421700","26.290000915527344"
"2016-02-11","95.45999908447266","97.31999969482422","95.19000244140624","96.5500030517578","76839200","28.13999938964844"
"2016-02-12","97.63999938964844","98.12000274658205","96.7300033569336","98.0199966430664","49186500","25.399999618530277"
"2016-02-16","99.47000122070312","100.2300033569336","98.8499984741211","100.2300033569336","40565900","24.11000061035156"
"2016-02-17","100.95999908447266","102.63999938964844","100.6999969482422","102.5","41766500","22.309999465942383"
"2016-02-18","102.81999969482422","102.83999633789062","101.1999969482422","101.33000183105467","38991500","21.63999938964844"
"2016-02-19","100.83999633789062","101.94000244140624","100.62000274658205","101.62999725341795","28257900","20.530000686645508"
"2016-02-22","102.58000183105467","103.37999725341795","102.4800033569336","103.27999877929688","23979100","19.3799991607666"
"2016-02-23","102.68000030517578","102.95999908447266","101.51000213623048","101.58000183105467","29869700","20.979999542236328"
"2016-02-24","100.38999938964844","102.68000030517578","99.7699966430664","102.5500030517578","40739100","20.71999931335449"
"2016-02-25","102.76000213623048","103.55999755859376","101.83999633789062","103.55999755859376","29389300","19.11000061035156"
"2016-02-26","104.3499984741211","104.37000274658205","103.18000030517578","103.43000030517578","30925000","19.809999465942383"
"2016-02-29","103.33000183105467","104.0999984741211","102.5","102.5","27553900","20.549999237060547"
"2016-03-01","103.4800033569336","105.79000091552734","103.16000366210938","105.79000091552734","37699800","17.700000762939453"
"2016-03-02","105.66000366210938","105.8499984741211","105.01000213623048","105.83000183105467","29209800","17.09000015258789"
"2016-03-03","105.72000122070312","105.75","104.87000274658205","105.62999725341795","25474600","16.700000762939453"
"2016-03-04","105.75","106.3499984741211","104.97000122070312","105.66999816894533","31655400","16.860000610351562"
"2016-03-07","105.12999725341795","105.73999786376952","104.2699966430664","105.0199966430664","25861200","17.350000381469727"
"2016-03-08","104.3000030517578","105.20999908447266","103.97000122070312","104.1500015258789","28898500","18.670000076293945"
"2016-03-09","104.54000091552734","104.83999633789062","103.95999908447266","104.81999969482422","31047400","18.34000015258789"
"2016-03-10","105.26000213623048","105.86000061035156","103.30999755859376","104.66000366210938","44236100","18.049999237060547"
"2016-03-11","105.79000091552734","106.48999786376952","105.45999908447266","106.48999786376952","31454000","16.5"
"2016-03-14","106.08999633789062","106.91999816894533","106.05999755859376","106.66999816894533","25374900","16.920000076293945"
"2016-03-15","106.29000091552734","106.75","105.9499969482422","106.62999725341795","26524600","16.84000015258789"
"2016-03-16","106.37000274658205","107.86000061035156","106.33999633789062","107.58000183105467","31693100","14.989999771118164"
"2016-03-17","107.2699966430664","107.7699966430664","106.87000274658205","107.5199966430664","29623700","14.4399995803833"
"2016-03-18","107.45999908447266","107.63999938964844","106.8000030517578","107.37000274658205","37682300","14.020000457763672"
"2016-03-21","107.18000030517578","107.88999938964844","107.12000274658205","107.79000091552734","17288600","13.789999961853027"
"2016-03-22","107.18000030517578","108.37000274658205","107.16000366210938","108.12000274658205","18840300","14.170000076293944"
"2016-03-23","107.91000366210938","107.98999786376952","106.98999786376952","107.2300033569336","20912900","14.9399995803833"
"2016-03-24","106.70999908447266","107.29000091552734","106.52999877929688","107.26000213623048","19017300","14.739999771118164"
"2016-03-28","107.55999755859376","107.58000183105467","106.91999816894533","107.11000061035156","13892300","15.239999771118164"
"2016-03-29","106.91000366210938","108.9000015258789","106.7300033569336","108.83000183105467","29963900","13.81999969482422"
"2016-03-30","109.4800033569336","110.04000091552734","109.12999725341795","109.36000061035156","23807200","13.5600004196167"
"2016-03-31","109.27999877929688","109.69000244140624","109.02999877929688","109.1999969482422","21447200","13.949999809265137"
"2016-04-01","108.54000091552734","110.4000015258789","108.38999938964844","110.36000061035156","26389000","13.100000381469728"
"2016-04-04","110.36000061035156","110.44000244140624","109.68000030517578","109.94000244140624","17163000","14.119999885559082"
"2016-04-05","109.08999633789062","109.5","108.73999786376952","108.87999725341795","20107900","15.420000076293944"
"2016-04-06","108.98999786376952","110.70999908447266","108.98999786376952","110.66999816894533","25056000","14.09000015258789"
"2016-04-07","110.02999877929688","110.2300033569336","108.61000061035156","109.08000183105467","28567200","16.15999984741211"
"2016-04-08","109.76000213623048","110.0199966430664","108.62000274658205","109.0","22898000","15.359999656677246"
"2016-04-11","109.47000122070312","110.0199966430664","108.58999633789062","108.5999984741211","25772100","16.260000228881836"
"2016-04-12","108.68000030517578","109.72000122070312","108.0199966430664","109.51000213623048","28564100","14.850000381469728"
"2016-04-13","110.3499984741211","111.08000183105467","110.20999908447266","110.91000366210938","25356700","13.84000015258789"
"2016-04-14","110.93000030517578","111.33000183105467","110.0","110.91999816894533","17199700","13.720000267028809"
"2016-04-15","110.83000183105467","111.05999755859376","110.36000061035156","110.63999938964844","21353300","13.619999885559082"
"2016-04-18","110.31999969482422","111.2699966430664","110.25","111.2300033569336","17126100","13.350000381469728"
"2016-04-19","111.44000244140624","111.44000244140624","109.87999725341795","110.5500030517578","42481400","13.239999771118164"
"2016-04-20","110.5500030517578","111.1500015258789","110.16999816894533","110.63999938964844","18078300","13.279999732971191"
"2016-04-21","110.58000183105467","111.0500030517578","110.1500015258789","110.6500015258789","20216000","13.949999809265137"
"2016-04-22","109.20999908447266","109.72000122070312","108.12000274658205","108.9800033569336","39074000","13.220000267028809"
"2016-04-25","108.6500015258789","108.98999786376952","108.4499969482422","108.9800033569336","14351900","14.079999923706056"
"2016-04-26","109.20999908447266","109.38999938964844","108.12000274658205","108.4499969482422","19118300","13.960000038146973"
"2016-04-27","107.33999633789062","107.83000183105467","106.69000244140624","107.58000183105467","33059800","13.770000457763672"
"2016-04-28","107.6999969482422","108.33000183105467","106.06999969482422","106.27999877929688","29818200","15.220000267028809"
"2016-04-29","106.27999877929688","106.5","104.87999725341795","105.72000122070312","67502800","15.699999809265137"
"2016-05-02","105.98999786376952","106.87000274658205","105.5500030517578","106.72000122070312","24813800","14.68000030517578"
"2016-05-03","105.95999908447266","106.44000244140624","105.4499969482422","105.7300033569336","38569400","15.600000381469728"
"2016-05-04","105.08999633789062","105.4800033569336","104.79000091552734","105.0500030517578","27474500","16.049999237060547"
"2016-05-05","105.43000030517578","105.66000366210938","104.80999755859376","105.0199966430664","20788100","15.90999984741211"
"2016-05-06","104.5","105.5999984741211","104.4000015258789","105.58000183105467","30758500","14.720000267028809"
"2016-05-09","105.58999633789062","106.37000274658205","105.54000091552734","105.87999725341795","19289600","14.56999969482422"
"2016-05-10","106.26000213623048","107.37999725341795","106.06999969482422","107.33000183105467","21178900","13.630000114440918"
"2016-05-11","107.16999816894533","107.48999786376952","106.33000183105467","106.36000061035156","20966300","14.6899995803833"
"2016-05-12","106.61000061035156","106.73999786376952","105.13999938964844","105.88999938964844","29196300","14.40999984741211"
"2016-05-13","105.8000030517578","106.4499969482422","105.29000091552734","105.5","21059300","15.039999961853027"
"2016-05-16","105.66000366210938","107.20999908447266","105.55999755859376","106.81999969482422","18311900","14.68000030517578"
"2016-05-17","106.7300033569336","107.04000091552734","105.1999969482422","105.4800033569336","29932700","15.56999969482422"
"2016-05-18","105.23999786376952","106.43000030517578","105.04000091552734","105.86000061035156","27524400","15.949999809265137"
"2016-05-19","105.4499969482422","105.70999908447266","104.54000091552734","105.30999755859376","27334600","16.329999923706055"
"2016-05-20","105.7300033569336","106.9000015258789","105.66999816894533","106.47000122070312","29549600","15.199999809265137"
"2016-05-23","106.58999633789062","106.97000122070312","106.2300033569336","106.33000183105467","15729800","15.81999969482422"
"2016-05-24","106.91999816894533","108.58999633789062","106.88999938964844","108.45999908447266","29931300","14.420000076293944"
"2016-05-25","108.87000274658205","109.56999969482422","108.68000030517578","109.23999786376952","37951700","13.899999618530272"
"2016-05-26","109.3499984741211","109.6999969482422","109.08999633789062","109.55999755859376","21885900","13.43000030517578"
"2016-05-27","109.62999725341795","110.13999938964844","109.61000061035156","110.12999725341795","19870000","13.119999885559082"
"2016-05-31","110.27999877929688","110.51000213623048","109.77999877929688","110.33999633789062","24366100","14.1899995803833"
"2016-06-01","110.0","110.5999984741211","109.91000366210938","110.3499984741211","19571500","14.199999809265137"
"2016-06-02","110.12999725341795","110.58999633789062","109.52999877929688","110.58000183105467","15696600","13.630000114440918"
"2016-06-03","110.37000274658205","110.41999816894533","109.33999633789062","110.05999755859376","20269900","13.470000267028809"
"2016-06-06","110.26000213623048","110.75","110.06999969482422","110.45999908447266","12502400","13.649999618530272"
"2016-06-07","110.5199966430664","110.62999725341795","110.12999725341795","110.18000030517578","12184300","14.050000190734863"
"2016-06-08","110.37000274658205","110.5999984741211","109.95999908447266","110.37000274658205","14568700","14.079999923706056"
"2016-06-09","109.91999816894533","110.30999755859376","109.70999908447266","110.19000244140624","17571600","14.640000343322754"
"2016-06-10","109.19000244140624","109.4000015258789","108.55999755859376","108.94000244140624","32965000","17.030000686645508"
"2016-06-13","108.31999969482422","108.93000030517578","107.88999938964844","108.02999877929688","25154700","20.96999931335449"
"2016-06-14","107.73999786376952","108.41999816894533","107.23999786376952","108.02999877929688","24588500","20.5"
"2016-06-15","108.29000091552734","108.44000244140624","107.54000091552734","107.72000122070312","24605700","20.13999938964844"
"2016-06-16","107.19000244140624","108.13999938964844","106.5","108.04000091552734","32079900","19.3700008392334"
"2016-06-17","107.52999877929688","107.68000030517578","106.23999786376952","106.48999786376952","29208800","19.40999984741211"
"2016-06-20","107.7300033569336","108.23999786376952","107.08000183105467","107.16000366210938","20562800","18.3700008392334"
"2016-06-21","107.3000030517578","107.72000122070312","107.0999984741211","107.5","22804100","18.479999542236328"
"2016-06-22","107.55999755859376","108.19000244140624","107.1500015258789","107.23999786376952","22724200","21.170000076293945"
"2016-06-23","108.06999969482422","108.79000091552734","107.62000274658205","108.7699966430664","18714200","17.25"
"2016-06-24","104.9000015258789","106.5","104.05999755859376","104.29000091552734","68012700","25.76000022888184"
"2016-06-27","103.5999984741211","103.5999984741211","101.75","102.22000122070312","48222600","23.850000381469727"
"2016-06-28","103.3499984741211","104.51000213623048","103.3000030517578","104.45999908447266","28260600","18.75"
"2016-06-29","105.27999877929688","106.52999877929688","105.2300033569336","106.30999755859376","31356700","16.639999389648438"
"2016-06-30","106.48999786376952","107.61000061035156","106.12999725341795","107.54000091552734","36300800","15.630000114440918"
"2016-07-01","107.48999786376952","108.4800033569336","107.4499969482422","108.08000183105467","19902800","14.770000457763672"
"2016-07-05","107.51000213623048","107.66000366210938","106.83999633789062","107.41999816894533","21167900","15.579999923706056"
"2016-07-06","106.91000366210938","108.3499984741211","106.56999969482422","108.3000030517578","24579300","14.960000038146973"
"2016-07-07","108.4000015258789","108.86000061035156","108.11000061035156","108.62000274658205","19161700","14.760000228881836"
"2016-07-08","109.1999969482422","110.36000061035156","109.0199966430664","110.3000030517578","29457900","13.199999809265137"
"2016-07-11","110.66999816894533","111.33999633789062","110.66000366210938","110.93000030517578","20218500","13.539999961853027"
"2016-07-12","111.61000061035156","111.79000091552734","111.33999633789062","111.48999786376952","21906100","13.550000190734863"
"2016-07-13","111.75","111.81999969482422","111.20999908447266","111.22000122070312","21107800","13.039999961853027"
"2016-07-14","111.95999908447266","112.19000244140624","111.6999969482422","111.9800033569336","20871000","12.81999969482422"
"2016-07-15","112.23999786376952","112.3000030517578","111.5500030517578","111.8000030517578","17999300","12.670000076293944"
"2016-07-18","111.87000274658205","112.73999786376952","111.8499984741211","112.54000091552734","20713900","12.4399995803833"
"2016-07-19","112.1500015258789","112.4800033569336","111.93000030517578","112.12999725341795","18936700","11.970000267028809"
"2016-07-20","112.73999786376952","113.6500015258789","112.5999984741211","113.44000244140624","24997900","11.770000457763672"
"2016-07-21","113.5199966430664","113.73999786376952","112.87000274658205","113.18000030517578","18885400","12.739999771118164"
"2016-07-22","113.26000213623048","113.77999877929688","112.91000366210938","113.6500015258789","20003400","12.020000457763672"
"2016-07-25","113.55999755859376","113.69000244140624","113.27999877929688","113.66000366210938","12968100","12.869999885559082"
"2016-07-26","113.62000274658205","114.1999969482422","113.22000122070312","113.79000091552734","21223800","13.050000190734863"
"2016-07-27","114.75","114.87999725341795","114.0999984741211","114.58000183105467","27646100","12.829999923706056"
"2016-07-28","114.76000213623048","115.11000061035156","114.4000015258789","114.9800033569336","16939700","12.720000267028809"
"2016-07-29","115.23999786376952","115.54000091552734","114.87000274658205","115.2300033569336","22385300","11.869999885559082"
"2016-08-01","115.30999755859376","116.12999725341795","115.16999816894533","115.83999633789062","13990100","12.4399995803833"
"2016-08-02","115.66999816894533","115.7699966430664","114.22000122070312","114.95999908447266","21278400","13.369999885559082"
"2016-08-03","114.87000274658205","115.3499984741211","114.8000030517578","115.33999633789062","15011300","12.859999656677246"
"2016-08-04","115.3000030517578","115.77999877929688","115.02999877929688","115.66999816894533","12835300","12.420000076293944"
"2016-08-05","116.26000213623048","117.04000091552734","116.12999725341795","116.77999877929688","23196600","11.390000343322754"
"2016-08-08","116.83999633789062","116.87000274658205","116.27999877929688","116.6500015258789","12358200","11.5"
"2016-08-09","116.73999786376952","117.29000091552734","116.66999816894533","116.91999816894533","13276500","11.65999984741211"
"2016-08-10","116.98999786376952","117.0199966430664","116.30999755859376","116.62000274658205","14688400","12.050000190734863"
"2016-08-11","117.0199966430664","117.37000274658205","116.77999877929688","117.12000274658205","12969800","11.68000030517578"
"2016-08-12","116.91999816894533","117.20999908447266","116.79000091552734","117.1999969482422","19379000","11.550000190734863"
"2016-08-15","117.3499984741211","117.97000122070312","117.30999755859376","117.6999969482422","11777800","11.8100004196167"
"2016-08-16","117.4800033569336","117.48999786376952","117.02999877929688","117.0500030517578","14161400","12.640000343322754"
"2016-08-17","117.08000183105467","117.3000030517578","116.43000030517578","117.26000213623048","15980300","12.1899995803833"
"2016-08-18","117.1500015258789","117.45999908447266","116.9499969482422","117.29000091552734","10036300","11.43000030517578"
"2016-08-19","117.08000183105467","117.5199966430664","116.76000213623048","117.26000213623048","18743000","11.34000015258789"
"2016-08-22","117.08999633789062","117.5500030517578","116.87000274658205","117.3499984741211","14500600","12.270000457763672"
"2016-08-23","117.80999755859376","118.01000213623048","117.51000213623048","117.55999755859376","11997900","12.380000114440918"
"2016-08-24","117.4800033569336","117.63999938964844","116.41000366210938","116.8000030517578","17728700","13.449999809265137"
"2016-08-25","116.5","116.97000122070312","116.36000061035156","116.61000061035156","24266300","13.630000114440918"
"2016-08-26","116.6500015258789","117.54000091552734","116.08000183105467","116.77999877929688","23896000","13.649999618530272"
"2016-08-29","116.80999755859376","117.25","116.79000091552734","116.94000244140624","11184900","12.9399995803833"
"2016-08-30","116.75","117.08999633789062","116.16000366210938","116.55999755859376","19843300","13.119999885559082"
"2016-08-31","116.37999725341795","116.55999755859376","115.9499969482422","116.44000244140624","16169800","13.420000076293944"
"2016-09-01","116.4800033569336","116.87999725341795","115.91000366210938","116.73999786376952","20944700","13.479999542236328"
"2016-09-02","117.31999969482422","117.55999755859376","116.68000030517578","117.12000274658205","18088200","11.979999542236328"
"2016-09-06","117.31999969482422","117.8499984741211","117.05999755859376","117.8499984741211","18525200","12.020000457763672"
"2016-09-07","117.95999908447266","118.12000274658205","117.47000122070312","117.91999816894533","17546900","11.9399995803833"
"2016-09-08","117.56999969482422","117.5999984741211","116.91999816894533","117.2300033569336","20125300","12.510000228881836"
"2016-09-09","116.25","116.51000213623048","114.26000213623048","114.27999877929688","50813300","17.5"
"2016-09-12","113.63999938964844","116.48999786376952","113.62999725341795","116.33000183105467","39646000","15.15999984741211"
"2016-09-13","115.75","116.08999633789062","114.7300033569336","115.29000091552734","45863900","17.850000381469727"
"2016-09-14","115.41000366210938","116.47000122070312","115.37999725341795","115.83999633789062","28221800","18.13999938964844"
"2016-09-15","115.87000274658205","117.81999969482422","115.86000061035156","117.63999938964844","38521400","16.299999237060547"
"2016-09-16","117.22000122070312","117.41000366210938","116.70999908447266","117.29000091552734","27596500","15.369999885559082"
"2016-09-19","117.58999633789062","117.9499969482422","116.5500030517578","116.77999877929688","16222900","15.529999732971191"
"2016-09-20","117.1999969482422","117.4800033569336","116.8000030517578","117.0","18078600","15.920000076293944"
"2016-09-21","117.5","118.31999969482422","116.80999755859376","118.1500015258789","31546800","13.300000190734863"
"2016-09-22","118.83999633789062","119.22000122070312","118.72000122070312","119.08999633789062","22614400","12.020000457763672"
"2016-09-23","119.0","119.0","118.16000366210938","118.33000183105467","22213400","12.289999961853027"
"2016-09-26","117.66000366210938","117.8000030517578","117.16999816894533","117.33999633789062","16403900","14.5"
"2016-09-27","117.26000213623048","118.55999755859376","117.1500015258789","118.5","20238400","13.100000381469728"
"2016-09-28","118.6500015258789","118.7699966430664","118.08999633789062","118.6999969482422","14794300","12.390000343322754"
"2016-09-29","118.5","118.72000122070312","117.33000183105467","117.83999633789062","27207500","14.020000457763672"
"2016-09-30","118.1500015258789","119.06999969482422","118.02999877929688","118.72000122070312","25543200","13.289999961853027"
"2016-10-03","118.56999969482422","118.6999969482422","118.08999633789062","118.5500030517578","19216400","13.56999969482422"
"2016-10-04","118.9000015258789","119.16000366210938","117.91999816894533","118.37000274658205","21239700","13.630000114440918"
"2016-10-05","118.72000122070312","119.16999816894533","118.66999816894533","118.79000091552734","14481300","12.989999771118164"
"2016-10-06","118.63999938964844","118.9800033569336","118.1500015258789","118.7300033569336","11987100","12.84000015258789"
"2016-10-07","118.83999633789062","119.01000213623048","117.88999938964844","118.47000122070312","19984200","13.479999542236328"
"2016-10-10","119.08000183105467","119.4800033569336","119.02999877929688","119.22000122070312","19687300","13.380000114440918"
"2016-10-11","119.12000274658205","119.13999938964844","117.0","117.5199966430664","27774400","15.359999656677246"
"2016-10-12","117.62999725341795","117.81999969482422","117.05999755859376","117.41999816894533","14267800","15.90999984741211"
"2016-10-13","116.62000274658205","117.31999969482422","115.94000244140624","117.0","22821000","16.690000534057617"
"2016-10-14","117.58000183105467","118.0500030517578","117.06999969482422","117.13999938964844","21313300","16.1200008392334"
"2016-10-17","117.04000091552734","117.3000030517578","116.66999816894533","116.81999969482422","14182700","16.209999084472656"
"2016-10-18","118.20999908447266","118.41000366210938","117.8000030517578","117.86000061035156","19276700","15.279999732971191"
"2016-10-19","117.7699966430664","118.0199966430664","117.63999938964844","117.8499984741211","13702900","14.40999984741211"
"2016-10-20","117.7300033569336","117.97000122070312","117.02999877929688","117.70999908447266","18132200","13.75"
"2016-10-21","117.8000030517578","118.22000122070312","117.41000366210938","118.1500015258789","15707800","13.34000015258789"
"2016-10-24","118.91000366210938","119.6500015258789","118.88999938964844","119.56999969482422","19143000","13.020000457763672"
"2016-10-25","119.63999938964844","119.66000366210938","119.01000213623048","119.19000244140624","20341800","13.460000038146973"
"2016-10-26","118.41999816894533","119.02999877929688","118.02999877929688","118.37999725341795","20463700","14.239999771118164"
"2016-10-27","118.88999938964844","118.98999786376952","117.66999816894533","117.83999633789062","19099800","15.359999656677246"
"2016-10-28","117.5","118.11000061035156","116.73999786376952","117.0999984741211","35369300","16.190000534057617"
"2016-10-31","117.52999877929688","117.52999877929688","116.93000030517578","116.98999786376952","18749400","17.059999465942383"
"2016-11-01","117.19000244140624","117.20999908447266","115.0999984741211","116.11000061035156","23498700","18.559999465942383"
"2016-11-02","116.02999877929688","116.3000030517578","114.88999938964844","115.18000030517578","26960100","19.31999969482422"
"2016-11-03","114.98999786376952","115.37000274658205","113.91999816894533","114.0500030517578","36205200","22.07999992370605"
"2016-11-04","113.7699966430664","114.54000091552734","113.4499969482422","113.6500015258789","26997500","22.51000022888184"
"2016-11-07","115.48999786376952","116.47000122070312","115.3000030517578","116.3499984741211","26591200","18.709999084472656"
"2016-11-08","116.2300033569336","117.63999938964844","115.95999908447266","117.11000061035156","20777900","18.739999771118164"
"2016-11-09","115.73999786376952","117.83999633789062","115.5999984741211","117.6500015258789","70234400","14.380000114440918"
"2016-11-10","118.22000122070312","118.37999725341795","114.1999969482422","115.75","72825400","14.739999771118164"
"2016-11-11","115.25","116.0500030517578","114.83999633789062","115.8000030517578","41115200","14.170000076293944"
"2016-11-14","115.83000183105467","115.94000244140624","114.02999877929688","114.62999725341795","35906000","14.479999542236328"
"2016-11-15","115.5","116.62000274658205","115.33000183105467","116.22000122070312","31796600","13.369999885559082"
"2016-11-16","115.66999816894533","116.98999786376952","115.66999816894533","116.91000366210938","16538100","13.720000267028809"
"2016-11-17","116.8499984741211","117.77999877929688","116.61000061035156","117.76000213623048","20598600","13.350000381469728"
"2016-11-18","117.9000015258789","118.0999984741211","117.20999908447266","117.31999969482422","16428700","12.850000381469728"
"2016-11-21","117.61000061035156","118.6500015258789","117.56999969482422","118.54000091552734","20268500","12.420000076293944"
"2016-11-22","119.01000213623048","119.19000244140624","118.61000061035156","118.9000015258789","18850600","12.40999984741211"
"2016-11-23","118.51000213623048","118.63999938964844","117.9000015258789","118.41999816894533","22926000","12.43000030517578"
"2016-11-25","118.55999755859376","118.8499984741211","118.41999816894533","118.8000030517578","7162800","12.34000015258789"
"2016-11-28","118.6500015258789","119.08000183105467","118.41000366210938","118.52999877929688","13479000","13.149999618530272"
"2016-11-29","118.63999938964844","119.51000213623048","118.3000030517578","118.94000244140624","18553000","12.899999618530272"
"2016-11-30","119.08999633789062","119.12999725341795","117.45999908447266","117.5","30405300","13.329999923706056"
"2016-12-01","117.45999908447266","117.47000122070312","115.29000091552734","115.47000122070312","39796600","14.06999969482422"
"2016-12-02","115.54000091552734","116.16000366210938","115.22000122070312","115.6999969482422","32876800","14.119999885559082"
"2016-12-05","116.3000030517578","117.05999755859376","115.7699966430664","116.5999984741211","21419700","12.140000343322754"
"2016-12-06","116.93000030517578","117.08000183105467","116.38999938964844","116.87999725341795","27293300","11.789999961853027"
"2016-12-07","116.63999938964844","118.51000213623048","116.29000091552734","118.36000061035156","26622400","12.220000267028809"
"2016-12-08","118.41000366210938","118.87000274658205","118.18000030517578","118.56999969482422","18578400","12.640000343322754"
"2016-12-09","119.01000213623048","119.54000091552734","119.0","119.5","21863100","11.75"
"2016-12-12","118.97000122070312","119.20999908447266","118.47000122070312","118.95999908447266","23259300","12.640000343322754"
"2016-12-13","119.31999969482422","121.11000061035156","119.31999969482422","120.45999908447266","54477900","12.720000267028809"
"2016-12-14","120.61000061035156","121.0","119.86000061035156","120.20999908447266","28746000","13.1899995803833"
"2016-12-15","120.37000274658205","121.11000061035156","120.08000183105467","120.4000015258789","22762300","12.789999961853027"
"2016-12-16","120.33999633789062","120.58000183105467","119.36000061035156","119.5999984741211","26283900","12.199999809265137"
"2016-12-19","119.72000122070312","120.83000183105467","119.5500030517578","120.08999633789062","21138700","11.710000038146973"
"2016-12-20","120.47000122070312","120.7699966430664","120.33000183105467","120.5500030517578","11461800","11.449999809265137"
"2016-12-21","120.5999984741211","120.68000030517578","120.19000244140624","120.45999908447266","7079300","11.270000457763672"
"2016-12-22","120.47000122070312","120.5","119.6500015258789","120.12000274658205","16645000","11.43000030517578"
"2016-12-23","119.91999816894533","120.25","119.80999755859376","120.1999969482422","9007500","11.4399995803833"
"2016-12-27","120.45999908447266","121.5199966430664","120.41000366210938","120.81999969482422","16110600","11.989999771118164"
"2016-12-28","121.08000183105467","121.19000244140624","119.8000030517578","119.87999725341795","17975200","12.949999809265137"
"2016-12-29","119.8499984741211","120.12999725341795","119.33000183105467","119.70999908447266","13267500","13.369999885559082"
"2016-12-30","119.94000244140624","119.9499969482422","118.13999938964844","118.4800033569336","41749000","14.039999961853027"
"2017-01-03","119.2699966430664","119.98999786376952","118.88999938964844","119.54000091552734","22307600","12.850000381469728"
"2017-01-04","119.66999816894533","120.41000366210938","119.66000366210938","120.19000244140624","19749100","11.850000381469728"
"2017-01-05","120.0999984741211","120.9499969482422","120.0999984741211","120.87000274658205","20644300","11.670000076293944"
"2017-01-06","121.0","122.25","120.69000244140624","121.93000030517578","24074300","11.31999969482422"
"2017-01-09","122.02999877929688","122.5500030517578","121.9499969482422","122.33000183105467","18909200","11.5600004196167"
"2017-01-10","122.37999725341795","122.97000122070312","122.0999984741211","122.5999984741211","16176600","11.489999771118164"
"2017-01-11","122.6500015258789","122.93000030517578","122.0199966430664","122.93000030517578","20686000","11.260000228881836"
"2017-01-12","122.48999786376952","122.81999969482422","121.5999984741211","122.73999786376952","19622500","11.539999961853027"
"2017-01-13","122.8000030517578","123.37000274658205","122.8000030517578","123.16000366210938","16930800","11.229999542236328"
"2017-01-17","122.83999633789062","123.02999877929688","122.43000030517578","122.79000091552734","14538500","11.869999885559082"
"2017-01-18","122.97000122070312","123.16000366210938","122.66000366210938","123.04000091552734","12499700","12.479999542236328"
"2017-01-19","123.22000122070312","123.6500015258789","122.72000122070312","122.9800033569336","12710700","12.779999732971191"
"2017-01-20","123.5199966430664","123.83000183105467","122.91999816894533","123.25","22091000","11.539999961853027"
"2017-01-23","123.16999816894533","123.52999877929688","122.56999969482422","123.3499984741211","17434200","11.770000457763672"
"2017-01-24","123.58999633789062","124.37000274658205","123.37999725341795","124.18000030517578","17640900","11.06999969482422"
"2017-01-25","124.95999908447266","125.45999908447266","124.8499984741211","125.43000030517578","15036200","10.8100004196167"
"2017-01-26","125.5999984741211","125.81999969482422","125.33999633789062","125.55999755859376","16052200","10.630000114440918"
"2017-01-27","125.83000183105467","125.91999816894533","125.38999938964844","125.8000030517578","15053000","10.579999923706056"
"2017-01-30","125.37999725341795","125.37999725341795","124.12999725341795","124.81999969482422","25006700","11.880000114440918"
"2017-01-31","124.37999725341795","124.5999984741211","123.8499984741211","124.56999969482422","19091100","11.989999771118164"
"2017-02-01","125.4499969482422","125.68000030517578","124.86000061035156","125.43000030517578","22861900","11.8100004196167"
"2017-02-02","125.20999908447266","125.6999969482422","124.86000061035156","125.31999969482422","15101400","11.93000030517578"
"2017-02-03","125.4499969482422","125.80999755859376","125.33000183105467","125.68000030517578","16957200","10.970000267028809"
"2017-02-06","125.47000122070312","125.8499984741211","125.3499984741211","125.83000183105467","11630100","11.369999885559082"
"2017-02-07","126.08999633789062","126.5500030517578","125.97000122070312","126.29000091552734","17541100","11.289999961853027"
"2017-02-08","126.12000274658205","126.68000030517578","125.87999725341795","126.5","12569100","11.449999809265137"
"2017-02-09","126.62999725341795","127.23999786376952","126.55999755859376","126.95999908447266","17542700","10.880000114440918"
"2017-02-10","127.23999786376952","127.55999755859376","127.0199966430664","127.37999725341795","13915700","10.850000381469728"
"2017-02-13","127.7699966430664","128.25999450683594","127.72000122070312","128.10000610351562","19120200","11.06999969482422"
"2017-02-14","128.14999389648438","128.5399932861328","127.73999786376952","128.52999877929688","16333500","10.739999771118164"
"2017-02-15","128.44000244140625","129.35000610351562","128.3699951171875","129.2899932861328","17891400","11.970000267028809"
"2017-02-16","129.3699951171875","129.6300048828125","128.9199981689453","129.25","15098300","11.760000228881836"
"2017-02-17","129.05999755859375","129.82000732421875","129.0399932861328","129.80999755859375","15563700","11.489999771118164"
"2017-02-21","130.05999755859375","130.52999877929688","129.99000549316406","130.4499969482422","18479600","11.56999969482422"
"2017-02-22","130.3300018310547","130.58999633789062","130.11000061035156","130.5","12110900","11.739999771118164"
"2017-02-23","130.6999969482422","130.6999969482422","129.49000549316406","130.00999450683594","17489000","11.710000038146973"
"2017-02-24","129.4199981689453","130.25999450683594","129.3800048828125","130.25999450683594","18624500","11.470000267028809"
"2017-02-27","130.02000427246094","130.42999267578125","129.8000030517578","130.4199981689453","12008700","12.09000015258789"
"2017-02-28","130.38999938964844","130.4499969482422","129.66000366210938","130.02000427246094","16598600","12.920000076293944"
"2017-03-01","130.85000610351562","131.67999267578125","130.60000610351562","131.44000244140625","25813800","12.539999961853027"
"2017-03-02","131.41000366210938","131.42999267578125","130.6199951171875","130.77999877929688","19951400","11.8100004196167"
"2017-03-03","130.69000244140625","131.05999755859375","130.33999633789062","131.02000427246094","13722700","10.960000038146973"
"2017-03-06","130.58999633789062","130.9499969482422","130.2100067138672","130.72999572753906","12026200","11.239999771118164"
"2017-03-07","130.47000122070312","131.0800018310547","130.27999877929688","130.50999450683594","15500900","11.449999809265137"
"2017-03-08","130.58999633789062","131.14999389648438","130.4600067138672","130.74000549316406","15776000","11.859999656677246"
"2017-03-09","130.7100067138672","131.02000427246094","130.13999938964844","130.83999633789062","20855300","12.300000190734863"
"2017-03-10","131.44000244140625","131.60000610351562","130.82000732421875","131.38999938964844","21922600","11.65999984741211"
"2017-03-13","131.33999633789062","131.63999938964844","131.27000427246094","131.61000061035156","10731600","11.350000381469728"
"2017-03-14","131.30999755859375","131.36000061035156","130.75999450683594","131.2899932861328","14019700","12.300000190734863"
"2017-03-15","131.55999755859375","132.41000366210938","131.13999938964844","132.10000610351562","22709100","11.630000114440918"
"2017-03-16","132.35000610351562","132.35000610351562","131.7100067138672","132.00999450683594","18457300","11.210000038146973"
"2017-03-17","131.89999389648438","132.0399932861328","131.6199951171875","131.69000244140625","21234500","11.279999732971191"
"2017-03-20","131.64999389648438","132.11000061035156","131.4600067138672","131.80999755859375","10105200","11.34000015258789"
"2017-03-21","132.30999755859375","132.42999267578125","129.72999572753906","129.80999755859375","35841900","12.470000267028809"
"2017-03-22","129.85000610351562","130.82000732421875","129.67999267578125","130.69000244140625","29177900","12.8100004196167"
"2017-03-23","130.52000427246094","130.8800048828125","130.13999938964844","130.36000061035156","20311700","13.119999885559082"
"2017-03-24","130.77999877929688","131.2899932861328","130.1300048828125","130.6300048828125","22967600","12.960000038146973"
"2017-03-27","129.6999969482422","131.07000732421875","129.39999389648438","130.83999633789062","18472400","12.5"
"2017-03-28","130.83999633789062","132.02999877929688","130.5500030517578","131.63999938964844","23721900","11.529999732971191"
"2017-03-29","131.72999572753906","132.3000030517578","131.58999633789062","132.25","13710000","11.420000076293944"
"2017-03-30","132.1999969482422","132.61000061035156","132.0800018310547","132.47000122070312","16092400","11.539999961853027"
"2017-03-31","132.27999877929688","132.74000549316406","132.1300048828125","132.3800048828125","19841400","12.369999885559082"
"2017-04-03","132.49000549316406","132.80999755859375","131.55999755859375","132.3000030517578","23700300","12.380000114440918"
"2017-04-04","131.9199981689453","132.52999877929688","131.8699951171875","132.50999450683594","13400000","11.789999961853027"
"2017-04-05","132.6999969482422","133.47999572753906","131.72000122070312","131.97000122070312","32011200","12.890000343322754"
"2017-04-06","132.10000610351562","132.38999938964844","131.6999969482422","132.0399932861328","18832200","12.390000343322754"
"2017-04-07","132.0","132.3699951171875","131.5","131.97000122070312","16743100","12.869999885559082"
"2017-04-10","132.10000610351562","132.57000732421875","131.66000366210938","132.02000427246094","15619300","14.050000190734863"
"2017-04-11","131.89999389648438","132.10000610351562","130.5","131.4499969482422","33778400","15.06999969482422"
"2017-04-12","131.42999267578125","131.5399932861328","130.77999877929688","130.9199981689453","15955200","15.770000457763672"
"2017-04-13","130.74000549316406","131.50999450683594","130.3800048828125","130.39999389648438","23683000","15.960000038146973"
"2017-04-17","130.77000427246094","131.5","130.72000122070312","131.47999572753906","13325500","14.65999984741211"
"2017-04-18","131.0399932861328","131.66000366210938","130.9499969482422","131.27999877929688","12841100","14.420000076293944"
"2017-04-19","131.85000610351562","132.2899932861328","131.30999755859375","131.49000549316406","17764800","14.93000030517578"
"2017-04-20","132.02000427246094","132.8800048828125","131.82000732421875","132.58999633789062","21977900","14.149999618530272"
"2017-04-21","132.7100067138672","132.75999450683594","132.22000122070312","132.55999755859375","22454900","14.630000114440918"
"2017-04-24","134.02999877929688","134.2899932861328","133.8000030517578","134.16000366210938","22469900","10.84000015258789"
"2017-04-25","134.60000610351562","135.3699951171875","134.47999572753906","135.1300048828125","19384400","10.760000228881836"
"2017-04-26","135.17999267578125","135.50999450683594","134.86000061035156","134.94000244140625","25398500","10.850000381469728"
"2017-04-27","135.27000427246094","135.75","135.19000244140625","135.75","16136500","10.359999656677246"
"2017-04-28","136.2899932861328","136.33999633789062","135.77000427246094","135.99000549316406","22771900","10.81999969482422"
"2017-05-01","136.44000244140625","137.3800048828125","136.3800048828125","137.1999969482422","24815500","10.109999656677246"
"2017-05-02","137.3699951171875","137.49000549316406","137.02000427246094","137.42999267578125","18345100","10.59000015258789"
"2017-05-03","137.1199951171875","137.1699981689453","136.6199951171875","136.99000549316406","23827600","10.68000030517578"
"2017-05-04","136.97000122070312","137.42999267578125","136.55999755859375","137.0399932861328","14630100","10.460000038146973"
"2017-05-05","137.38999938964844","137.5399932861328","136.8800048828125","137.5399932861328","19330700","10.56999969482422"
"2017-05-08","137.61000061035156","137.83999633789062","137.3300018310547","137.83999633789062","13279900","9.770000457763672"
"2017-05-09","138.0500030517578","138.6300048828125","137.92999267578125","138.32000732421875","28426100","9.960000038146973"
"2017-05-10","138.39999389648438","138.4499969482422","137.91000366210938","138.39999389648438","20499400","10.210000038146973"
"2017-05-11","138.02000427246094","138.3300018310547","137.3800048828125","138.2899932861328","27232100","10.600000381469728"
"2017-05-12","138.35000610351562","138.6300048828125","138.22999572753906","138.60000610351562","19738600","10.399999618530272"
"2017-05-15","138.66000366210938","139.1199951171875","138.52999877929688","139.0399932861328","20481300","10.420000076293944"
"2017-05-16","139.39999389648438","139.63999938964844","138.99000549316406","139.6199951171875","21786000","10.649999618530272"
"2017-05-17","138.50999450683594","138.77000427246094","136.0500030517578","136.07000732421875","55642200","15.59000015258789"
"2017-05-18","136.02000427246094","137.72000122070312","135.8699951171875","137.25999450683594","41319900","14.65999984741211"
"2017-05-19","137.75","138.4199981689453","137.66000366210938","137.83999633789062","36730100","12.039999961853027"
"2017-05-22","138.14999389648438","139.07000732421875","138.10000610351562","139.0","19509700","10.93000030517578"
"2017-05-23","139.41000366210938","139.4199981689453","138.77999877929688","139.13999938964844","19687500","10.720000267028809"
"2017-05-24","139.55999755859375","139.85000610351562","139.1699981689453","139.77999877929688","15891900","10.020000457763672"
"2017-05-25","140.30999755859375","141.3300018310547","140.00999450683594","140.97000122070312","23928600","9.989999771118164"
"2017-05-26","141.0","141.27999877929688","140.80999755859375","141.22000122070312","13851600","9.8100004196167"
"2017-05-30","141.14999389648438","141.50999450683594","141.05999755859375","141.33999633789062","20306400","10.380000114440918"
"2017-05-31","141.83999633789062","141.83999633789062","140.57000732421875","141.2899932861328","33229400","10.40999984741211"
"2017-06-01","141.5800018310547","141.89999389648438","140.97999572753906","141.83999633789062","20120700","9.890000343322754"
"2017-06-02","142.33999633789062","143.49000549316406","142.11000061035156","143.4600067138672","37222900","9.75"
"2017-06-05","143.4499969482422","143.67999267578125","143.22999572753906","143.42999267578125","15727500","10.06999969482422"
"2017-06-06","143.25999450683594","143.72999572753906","142.64999389648438","142.86000061035156","22393000","10.449999809265137"
"2017-06-07","143.25999450683594","143.5399932861328","142.60000610351562","143.4199981689453","18842400","10.390000343322754"
"2017-06-08","143.74000549316406","143.8000030517578","142.7899932861328","143.57000732421875","25417400","10.15999984741211"
"2017-06-09","143.74000549316406","143.89999389648438","138.11000061035156","139.97999572753906","109783700","10.699999809265137"
"2017-06-12","138.8000030517578","139.47999572753906","137.47000122070312","139.22999572753906","104454000","11.460000038146973"
"2017-06-13","140.00999450683594","140.55999755859375","139.27999877929688","140.36000061035156","51193000","10.420000076293944"
"2017-06-14","140.92999267578125","140.92999267578125","138.6199951171875","139.75","60093800","10.640000343322754"
"2017-06-15","138.33999633789062","139.27999877929688","137.49000549316406","139.1300048828125","55145200","10.899999618530272"
"2017-06-16","138.67999267578125","138.77999877929688","137.63999938964844","138.14999389648438","48087400","10.380000114440918"
"2017-06-19","139.49000549316406","140.58999633789062","139.27999877929688","140.4600067138672","39626500","10.369999885559082"
"2017-06-20","140.32000732421875","140.5","139.30999755859375","139.36000061035156","40935100","10.859999656677246"
"2017-06-21","139.67999267578125","140.80999755859375","139.58999633789062","140.74000549316406","35743400","10.75"
"2017-06-22","140.9600067138672","141.22000122070312","140.33999633789062","140.6999969482422","24099100","10.479999542236328"
"2017-06-23","140.5399932861328","141.4199981689453","140.14999389648438","141.24000549316406","21654300","10.020000457763672"
"2017-06-26","142.0500030517578","142.2899932861328","140.27000427246094","140.5800018310547","34411100","9.899999618530272"
"2017-06-27","140.0500030517578","140.22000122070312","138.02000427246094","138.02999877929688","65957800","11.0600004196167"
"2017-06-28","138.5399932861328","140.13999938964844","137.74000549316406","140.02000427246094","57427200","10.029999732971191"
"2017-06-29","139.44000244140625","139.44000244140625","136.25","137.58999633789062","88769400","11.4399995803833"
"2017-06-30","137.97999572753906","138.6699981689453","137.19000244140625","137.63999938964844","68898300","11.18000030517578"
"2017-07-03","138.27000427246094","138.42999267578125","136.10000610351562","136.19000244140625","32797000","11.220000267028809"
"2017-07-05","136.6199951171875","137.89999389648438","136.16000366210938","137.52999877929688","42116600","11.06999969482422"
"2017-07-06","136.47999572753906","137.05999755859375","135.8000030517578","136.2899932861328","48430500","12.539999961853027"
"2017-07-07","136.75","138.1300048828125","136.74000549316406","137.75999450683594","36970400","11.1899995803833"
"2017-07-10","137.85000610351562","138.99000549316406","137.5","138.66000366210938","24853500","11.109999656677246"
"2017-07-11","138.4600067138672","139.22000122070312","137.94000244140625","139.0500030517578","31517700","10.890000343322754"
"2017-07-12","140.24000549316406","140.86000061035156","139.9600067138672","140.6999969482422","36045800","10.300000190734863"
"2017-07-13","140.8699951171875","141.35000610351562","140.60000610351562","141.00999450683594","31073600","9.899999618530272"
"2017-07-14","141.63999938964844","142.3000030517578","141.19000244140625","142.1199951171875","34544800","9.510000228881836"
"2017-07-17","142.27000427246094","142.69000244140625","141.9199981689453","142.19000244140625","25343200","9.81999969482422"
"2017-07-18","142.08999633789062","143.1699981689453","141.63999938964844","143.13999938964844","25748500","9.890000343322754"
"2017-07-19","143.55999755859375","144.19000244140625","143.5","143.97999572753906","33752300","9.789999961853027"
"2017-07-20","144.35000610351562","144.44000244140625","143.52000427246094","144.1699981689453","36139400","9.579999923706056"
"2017-07-21","143.63999938964844","144.11000061035156","143.35000610351562","144.11000061035156","39697100","9.359999656677246"
"2017-07-24","144.08999633789062","144.8699951171875","143.9199981689453","144.77000427246094","26712700","9.43000030517578"
"2017-07-25","144.2899932861328","144.74000549316406","144.00999450683594","144.39999389648438","28120900","9.43000030517578"
"2017-07-26","144.75999450683594","144.9499969482422","144.52999877929688","144.8699951171875","18610600","9.600000381469728"
"2017-07-27","145.82000732421875","145.9600067138672","142.3000030517578","143.9600067138672","80665900","10.109999656677246"
"2017-07-28","143.10000610351562","144.0800018310547","142.8699951171875","143.83999633789062","38013200","10.289999961853027"
"2017-07-31","144.25","144.42999267578125","142.9199981689453","143.22999572753906","33848600","10.260000228881836"
"2017-08-01","143.72000122070312","143.75999450683594","143.1199951171875","143.55999755859375","20149400","10.09000015258789"
"2017-08-02","144.49000549316406","144.52000427246094","142.61000061035156","143.9499969482422","41769700","10.279999732971191"
"2017-08-03","144.08999633789062","144.1699981689453","143.1300048828125","143.38999938964844","27112800","10.4399995803833"
"2017-08-04","143.7100067138672","143.97000122070312","143.05999755859375","143.64999389648438","29472900","10.029999732971191"
"2017-08-07","143.91000366210938","144.55999755859375","143.7100067138672","144.55999755859375","17933900","9.93000030517578"
"2017-08-08","144.27999877929688","145.47000122070312","143.89999389648438","144.30999755859375","30810400","10.960000038146973"
"2017-08-09","143.1199951171875","144.19000244140625","142.7899932861328","144.1199951171875","36169500","11.109999656677246"
"2017-08-10","143.3000030517578","143.39999389648438","140.88999938964844","141.02999877929688","63331700","16.040000915527344"
"2017-08-11","141.22000122070312","142.41000366210938","140.89999389648438","142.10000610351562","45862500","15.510000228881836"
"2017-08-14","143.22999572753906","144.14999389648438","143.19000244140625","143.92999267578125","34161000","12.329999923706056"
"2017-08-15","144.2899932861328","144.3000030517578","143.63999938964844","144.02999877929688","25509200","12.039999961853027"
"2017-08-16","144.38999938964844","144.9600067138672","143.8000030517578","144.27999877929688","31913000","11.739999771118164"
"2017-08-17","143.72000122070312","143.94000244140625","141.3300018310547","141.3300018310547","70191000","15.550000190734863"
"2017-08-18","141.41000366210938","142.1999969482422","140.64999389648438","141.22999572753906","60751900","14.260000228881836"
"2017-08-21","141.22000122070312","141.52999877929688","140.17999267578125","141.0500030517578","37111500","13.1899995803833"
"2017-08-22","141.80999755859375","143.35000610351562","141.75999450683594","143.1999969482422","36294200","11.350000381469728"
"2017-08-23","142.47999572753906","143.00999450683594","142.3800048828125","142.69000244140625","25702300","12.25"
"2017-08-24","143.00999450683594","143.1699981689453","141.47000122070312","142.27000427246094","38160800","12.229999542236328"
"2017-08-25","142.82000732421875","143.17999267578125","141.77999877929688","141.97000122070312","26380400","11.279999732971191"
"2017-08-28","142.39999389648438","142.74000549316406","141.9499969482422","142.41000366210938","15362100","11.31999969482422"
"2017-08-29","141.19000244140625","143.2100067138672","141.05999755859375","142.97000122070312","24498300","11.699999809265137"
"2017-08-30","143.08999633789062","144.88999938964844","143.0","144.64999389648438","33642700","11.220000267028809"
"2017-08-31","145.05999755859375","146.2100067138672","144.97999572753906","146.1999969482422","38480700","10.59000015258789"
"2017-09-01","146.38999938964844","146.58999633789062","145.61000061035156","146.0","22293600","10.130000114440918"
"2017-09-05","145.57000732421875","145.8800048828125","143.60000610351562","144.69000244140625","44794300","12.229999542236328"
"2017-09-06","145.05999755859375","145.4600067138672","144.0800018310547","145.1300048828125","30722700","11.630000114440918"
"2017-09-07","145.39999389648438","145.83999633789062","144.94000244140625","145.47000122070312","22721100","11.550000190734863"
"2017-09-08","145.27999877929688","145.35000610351562","144.05999755859375","144.2100067138672","27890100","12.119999885559082"
"2017-09-11","145.33999633789062","146.1199951171875","145.3000030517578","145.8699951171875","27126300","10.729999542236328"
"2017-09-12","146.27999877929688","146.41000366210938","145.52999877929688","146.22000122070312","30256700","10.579999923706056"
"2017-09-13","145.97000122070312","146.44000244140625","145.72999572753906","146.4199981689453","28450900","10.5"
"2017-09-14","145.85000610351562","146.2899932861328","145.47000122070312","145.55999755859375","35296400","10.4399995803833"
"2017-09-15","145.52999877929688","146.58999633789062","145.2899932861328","146.05999755859375","46422400","10.170000076293944"
"2017-09-18","145.91000366210938","146.3699951171875","145.11000061035156","145.5500030517578","24858200","10.149999618530272"
"2017-09-19","145.80999755859375","146.00999450683594","145.30999755859375","145.8000030517578","20871200","10.18000030517578"
"2017-09-20","145.75","145.91000366210938","144.22999572753906","145.35000610351562","34236200","9.779999732971191"
"2017-09-21","145.25","145.25999450683594","143.9499969482422","144.4600067138672","28841800","9.670000076293944"
"2017-09-22","144.0","144.52999877929688","143.85000610351562","144.32000732421875","21702400","9.59000015258789"
"2017-09-25","143.75","143.8300018310547","142.10000610351562","142.8000030517578","54947700","10.210000038146973"
"2017-09-26","143.52999877929688","143.8000030517578","142.6699981689453","143.1699981689453","29628800","10.170000076293944"
"2017-09-27","143.92999267578125","145.0","143.57000732421875","144.4600067138672","33249400","9.869999885559082"
"2017-09-28","144.11000061035156","144.55999755859375","143.77999877929688","144.41000366210938","24149400","9.550000190734863"
"2017-09-29","144.6999969482422","145.55999755859375","144.32000732421875","145.4499969482422","43102400","9.510000228881836"
"2017-10-02","145.6699981689453","146.1699981689453","144.92999267578125","145.5800018310547","27351300","9.449999809265137"
"2017-10-03","145.77000427246094","146.05999755859375","145.4499969482422","145.88999938964844","19715200","9.510000228881836"
"2017-10-04","145.61000061035156","146.33999633789062","145.47000122070312","146.02999877929688","26381100","9.630000114440918"
"2017-10-05","146.55999755859375","147.5399932861328","146.41000366210938","147.4600067138672","31562400","9.1899995803833"
"2017-10-06","146.9600067138672","147.66000366210938","146.9600067138672","147.66000366210938","23561100","9.649999618530272"
"2017-10-09","147.85000610351562","148.00999450683594","147.3000030517578","147.49000549316406","13704800","10.329999923706056"
"2017-10-10","147.99000549316406","148.13999938964844","146.9499969482422","147.60000610351562","19223100","10.079999923706056"
"2017-10-11","147.52999877929688","148.07000732421875","147.33999633789062","148.0399932861328","12439100","9.850000381469728"
"2017-10-12","147.82000732421875","148.35000610351562","147.6199951171875","147.77000427246094","14513500","9.90999984741211"
"2017-10-13","148.3699951171875","148.50999450683594","147.77999877929688","148.33999633789062","18409900","9.609999656677246"
"2017-10-16","148.7100067138672","148.88999938964844","148.38999938964844","148.85000610351562","21809400","9.90999984741211"
"2017-10-17","148.8000030517578","149.05999755859375","148.57000732421875","149.0399932861328","13138200","10.3100004196167"
"2017-10-18","149.19000244140625","149.2100067138672","148.63999938964844","148.86000061035156","17218200","10.06999969482422"
"2017-10-19","147.99000549316406","148.3300018310547","147.27000427246094","148.30999755859375","27680300","10.050000190734863"
"2017-10-20","148.91000366210938","149.0399932861328","148.52999877929688","148.7100067138672","30173300","9.970000267028809"
"2017-10-23","149.02000427246094","149.02999877929688","147.52999877929688","147.74000549316406","29297100","11.06999969482422"
"2017-10-24","148.02999877929688","148.3000030517578","147.44000244140625","147.99000549316406","20289500","11.15999984741211"
"2017-10-25","147.6999969482422","148.17999267578125","146.3300018310547","147.42999267578125","36179100","11.229999542236328"
"2017-10-26","147.33999633789062","147.7100067138672","146.9199981689453","146.9600067138672","28230200","11.300000190734863"
"2017-10-27","149.42999267578125","151.52000427246094","149.1999969482422","151.24000549316406","60165100","9.800000190734863"
"2017-10-30","151.1300048828125","152.19000244140625","150.99000549316406","151.5800018310547","31733400","10.5"
"2017-10-31","152.07000732421875","152.3699951171875","151.6300048828125","152.14999389648438","26319300","10.18000030517578"
"2017-11-01","152.75999450683594","152.8300018310547","151.5","152.10000610351562","29481600","10.199999809265137"
"2017-11-02","151.92999267578125","151.99000549316406","150.77000427246094","151.80999755859375","31017400","9.93000030517578"
"2017-11-03","152.36000061035156","153.2899932861328","151.83999633789062","153.27000427246094","26199200","9.140000343322754"
"2017-11-06","153.14999389648438","153.85000610351562","153.10000610351562","153.7899932861328","28693900","9.399999618530272"
"2017-11-07","153.6699981689453","154.0800018310547","153.33999633789062","153.8800048828125","21333100","9.890000343322754"
"2017-11-08","153.8000030517578","154.5399932861328","153.6199951171875","154.5","17373500","9.779999732971191"
"2017-11-09","153.22999572753906","153.77000427246094","152.11000061035156","153.69000244140625","40594500","10.5"
"2017-11-10","153.3300018310547","153.8000030517578","153.05999755859375","153.67999267578125","20150800","11.289999961853027"
"2017-11-13","153.10000610351562","154.07000732421875","153.10000610351562","153.8699951171875","12522400","11.5"
"2017-11-14","153.3300018310547","153.5","152.57000732421875","153.30999755859375","25173800","11.59000015258789"
"2017-11-15","152.64999389648438","153.0","151.77999877929688","152.58999633789062","24808000","13.130000114440918"
"2017-11-16","153.36000061035156","154.88999938964844","153.3300018310547","154.5399932861328","34790600","11.760000228881836"
"2017-11-17","154.5800018310547","154.69000244140625","153.8000030517578","153.9499969482422","28725800","11.43000030517578"
"2017-11-20","154.05999755859375","154.1999969482422","153.61000061035156","153.8300018310547","21143900","10.649999618530272"
"2017-11-21","154.55999755859375","155.57000732421875","154.49000549316406","155.5","20147800","9.729999542236328"
"2017-11-22","155.63999938964844","155.83999633789062","155.33999633789062","155.69000244140625","17299000","9.880000114440918"
"2017-11-24","155.85000610351562","156.30999755859375","155.75999450683594","156.25999450683594","8280600","9.670000076293944"
"2017-11-27","156.2100067138672","156.55999755859375","155.8300018310547","156.19000244140625","22653400","9.869999885559082"
"2017-11-28","156.5399932861328","156.69000244140625","155.6999969482422","156.58999633789062","25227300","10.029999732971191"
"2017-11-29","156.41000366210938","156.4499969482422","153.1199951171875","153.86000061035156","71986300","10.699999809265137"
"2017-11-30","154.50999450683594","155.4499969482422","154.14999389648438","155.14999389648438","56595500","11.279999732971191"
"2017-12-01","154.1999969482422","155.24000549316406","152.25999450683594","154.49000549316406","59015800","11.43000030517578"
"2017-12-04","155.4600067138672","155.6300048828125","152.55999755859375","152.7100067138672","51319100","11.68000030517578"
"2017-12-05","152.67999267578125","154.5500030517578","152.10000610351562","152.80999755859375","40604200","11.329999923706056"
"2017-12-06","152.24000549316406","153.74000549316406","152.05999755859375","153.5","28647800","11.020000457763672"
"2017-12-07","153.49000549316406","154.4600067138672","153.3300018310547","154.02000427246094","32666200","10.15999984741211"
"2017-12-08","155.14999389648438","155.52999877929688","154.4600067138672","154.6999969482422","28081700","9.579999923706056"
"2017-12-11","154.77000427246094","155.9499969482422","154.75999450683594","155.89999389648438","20821500","9.34000015258789"
"2017-12-12","155.8300018310547","156.14999389648438","155.36000061035156","155.69000244140625","20310300","9.920000076293944"
"2017-12-13","156.32000732421875","156.49000549316406","155.75999450683594","155.99000549316406","24418500","10.18000030517578"
"2017-12-14","156.25999450683594","156.66000366210938","155.7100067138672","155.8800048828125","24594700","10.489999771118164"
"2017-12-15","156.49000549316406","157.82000732421875","156.22999572753906","157.64999389648438","49816200","9.420000076293944"
"2017-12-18","158.36000061035156","158.77000427246094","158.07000732421875","158.63999938964844","26844500","9.529999732971191"
"2017-12-19","158.33999633789062","158.5","157.25999450683594","157.6999969482422","31415000","10.029999732971191"
"2017-12-20","158.25","158.27999877929688","156.91000366210938","157.52999877929688","38972600","9.720000267028809"
"2017-12-21","157.75","158.25","157.3699951171875","157.5500030517578","18638700","9.619999885559082"
"2017-12-22","157.30999755859375","157.42999267578125","156.9499969482422","157.3699951171875","23330400","9.899999618530272"
"2017-12-26","156.49000549316406","156.72000122070312","155.9499969482422","156.52000427246094","21918700","10.25"
"2017-12-27","156.52999877929688","156.9600067138672","156.38999938964844","156.5399932861328","22388200","10.470000267028809"
"2017-12-28","157.0399932861328","157.07000732421875","156.5399932861328","156.72999572753906","25393800","10.18000030517578"
"2017-12-29","156.8699951171875","156.89999389648438","155.6999969482422","155.75999450683594","33186000","11.039999961853027"
